# Wavafront OBJ file of BodyParts3D
# BodyParts3D, Copyright(C) 2010-2011 The Database Center for Life Science licensed under CC Attribution-Share Alike 2.1 Japan.
vn -0.753183 -0.213732 -0.62212
v 64.9491 -26.7208 117.337
vn -0.600074 0.176759 -0.780172
v 65.3848 -26.4877 116.88
vn -0.530777 -0.434303 -0.727775
v 65.4359 -26.8647 116.938
vn -0.388585 -0.155414 -0.908212
v 66.0074 -26.6383 116.562
vn -0.389744 -0.721049 -0.572877
v 65.6229 -27.1445 117.07
vn -0.32304 -0.551019 -0.769431
v 65.8916 -26.9384 116.757
vn -0.225986 -0.385517 -0.894599
v 66.5269 -26.7768 116.422
vn -0.232647 -0.865575 -0.443458
v 66.0602 -27.4894 117.355
vn -0.156559 -0.74647 -0.64674
v 66.4459 -27.2581 116.868
vn -0.0511065 -0.576199 -0.81571
v 66.8532 -26.8742 116.435
vn -0.785376 0.268637 -0.55769
v 64.7917 -26.3841 117.569
vn -0.884054 -0.0487809 -0.464833
v 64.4465 -26.6497 118.082
vn -0.899912 0.287234 -0.328108
v 64.013 -26.3232 119.2
vn -0.65693 -0.597032 -0.46043
v 64.8774 -27.0542 117.727
vn -0.859968 -0.381908 -0.338528
v 64.0191 -26.9586 119.25
vn -0.424634 -0.831748 -0.357605
v 65.1454 -27.5246 118.212
vn -0.563583 -0.78857 -0.246033
v 64.5165 -27.5039 119.236
vn -0.928252 -0.252386 -0.273219
v 63.407 -26.6372 120.926
vn -0.79191 -0.567646 -0.225071
v 63.3274 -27.3912 122.368
vn -0.610523 0.592194 -0.525898
v 65.0941 -26.1396 117.382
vn -0.438351 0.790809 -0.427165
v 65.3155 -25.9024 117.497
vn -0.37093 0.345293 -0.862081
v 66.0537 -26.3382 116.568
vn -0.40225 0.663643 -0.630692
v 65.6931 -25.9914 117.028
vn -0.244908 0.846784 -0.472205
v 65.9996 -25.7584 117.194
vn -0.244727 0.134771 -0.96018
v 66.4025 -26.4269 116.433
vn -0.150847 0.595142 -0.789336
v 66.5541 -26.1647 116.504
vn -0.313624 0.901144 -0.299298
v 65.7618 -25.595 117.74
vn 0.0155738 -0.0508275 -0.998586
v 67.0354 -26.5997 116.3
vn -0.0522806 0.856948 -0.512744
v 66.9368 -25.6979 116.979
vn -0.751536 0.544974 -0.371749
v 64.4962 -26.0707 118.42
vn -0.526537 0.793158 -0.306039
v 64.8367 -25.8398 118.256
vn -0.305261 0.941902 -0.140132
v 64.8083 -25.4353 119.96
vn -0.679564 0.709163 -0.18783
v 63.9798 -25.8236 120.544
vn -0.0475074 -0.896246 -0.441006
v 67.3864 -27.7242 117.463
vn 0.111842 -0.679643 -0.724966
v 67.9961 -27.2443 116.759
vn 0.0567458 -0.886566 -0.459109
v 68.2792 -27.6007 117.286
vn -0.409222 -0.892747 -0.188521
v 65.4096 -28.1311 119.813
vn -0.20319 -0.933532 -0.295349
v 66.0688 -28.0488 118.8
vn -0.295787 -0.934981 -0.195755
v 66.0409 -28.5689 120.921
vn -0.521707 -0.821877 -0.22878
v 63.9398 -27.8183 121.714
vn -0.45356 -0.876994 -0.158636
v 65.2119 -28.1001 120.743
vn -0.33991 -0.915742 -0.21419
v 64.6681 -28.1662 122.173
vn -0.980157 -0.12665 -0.152486
v 62.8702 -27.0926 123.823
vn -0.914725 0.39727 -0.0738563
v 62.8342 -26.5556 124.813
vn -0.989077 0.142204 -0.0387968
v 62.5479 -27.3506 127.241
vn 0.275218 -0.100281 -0.956138
v 68.6113 -26.7836 116.629
vn 0.318758 0.46257 -0.827298
v 69.6626 -26.1949 117.06
vn -0.161583 0.947854 -0.274705
v 66.6748 -25.2398 118.259
vn 0.148353 0.562686 -0.81325
v 68.1126 -25.9609 116.718
vn 0.00692896 0.943556 -0.331141
v 67.9646 -25.2222 117.976
vn 0.158472 0.826302 -0.540473
v 68.8934 -25.5155 117.501
vn -0.114039 0.978468 -0.172032
v 67.2549 -24.9369 119.282
vn -0.436522 0.897321 -0.0652916
v 64.2501 -25.433 122.076
vn -0.288239 0.957364 -0.0193194
v 66.0536 -24.9163 122.414
vn -0.712373 0.697267 -0.079643
v 63.3771 -25.9351 123.342
vn -0.868422 0.495037 0.0279553
v 62.8681 -26.4332 126.573
vn -0.658181 0.751364 0.0474408
v 63.2929 -25.9159 126.439
vn -0.38714 0.921541 0.0297501
v 63.9208 -25.5266 126.086
vn -0.71788 -0.648685 -0.252698
v 62.8656 -29.421 130.287
vn 0.0695769 -0.921187 -0.382848
v 70.2412 -27.8823 118.126
vn -0.0109186 -0.967148 -0.25398
v 67.7079 -28.7245 120.526
vn -0.937188 -0.316267 -0.147154
v 62.4789 -28.4846 129.289
vn 0.348957 -0.427521 -0.83394
v 70.2992 -27.039 117.331
vn 0.475067 0.134447 -0.869618
v 70.7691 -26.5606 117.445
vn 0.341756 0.695227 -0.632347
v 71.0311 -25.7396 118.092
vn 0.35718 -0.655778 -0.665115
v 71.0579 -27.6591 118.129
vn 0.539818 -0.328827 -0.774899
v 71.3799 -27.1049 117.931
vn -0.380837 0.915545 0.129385
v 63.8789 -25.7184 127.824
vn 0.0656332 0.984943 0.159937
v 65.067 -25.2947 126.752
vn 0.32564 0.927008 0.18605
v 65.4639 -25.4007 126.646
vn -0.560986 0.8267 0.043156
v 65.6979 -25.521 126.794
vn 0.107031 0.9859 0.128627
v 65.3879 -25.4957 127.307
vn -0.0223785 0.990254 0.137466
v 65.6778 -25.5238 128.013
vn -0.138064 0.97114 0.194487
v 64.2788 -26.0771 130.537
vn -0.742561 0.660504 0.111074
v 62.9355 -26.9307 131.198
vn -0.507398 0.845589 0.165909
v 63.2989 -26.7091 131.749
vn 0.171983 0.910611 -0.375778
v 70.1748 -25.2003 118.592
vn 0.0568472 0.975242 -0.213706
v 69.6539 -24.8127 119.653
vn 0.0404548 0.997959 -0.0493984
v 70.324 -24.7432 120.397
vn -0.0362598 0.997501 -0.0606451
v 68.1933 -24.5453 121.563
vn -0.107241 0.994063 -0.0183957
v 67.6235 -24.5364 123.672
vn 0.0909139 0.959982 0.264895
v 68.3225 -24.9578 124.119
vn 0.583536 0.802087 0.127049
v 67.963 -24.9111 124.691
vn -0.0336059 0.994501 0.0991891
v 68.7113 -24.6658 123.63
vn -0.415796 0.908614 0.0391617
v 66.4655 -24.8267 125.102
vn -0.455389 -0.84808 -0.270891
v 63.5805 -29.9015 130.048
vn -0.923529 -0.330792 -0.194091
v 62.3156 -29.7388 132.77
vn -0.943749 -0.245752 -0.221234
v 61.9662 -30.1862 135.055
vn -0.747334 -0.596173 -0.293376
v 62.3219 -30.664 134.601
vn -0.0693125 -0.971975 -0.224635
v 68.6124 -28.9869 122.483
vn -0.167886 -0.929268 -0.329051
v 69.4525 -29.0423 122.288
vn -0.0670368 -0.972905 -0.221273
v 69.9294 -29.253 122.587
vn -0.0430463 -0.986374 -0.158789
v 69.6109 -29.2561 123.098
vn -0.211981 -0.944276 -0.251809
v 66.0352 -29.8932 126.699
vn -0.411533 -0.878157 -0.243885
v 65.537 -29.8328 127.535
vn -0.994882 0.0681733 -0.0745821
v 62.2132 -28.8262 133.354
vn -0.87599 0.479202 0.0548369
v 62.2432 -28.848 136.523
vn 0.554728 -0.43598 -0.708659
v 71.9817 -27.3516 118.602
vn 0.543682 0.0273858 -0.838844
v 72.6083 -26.299 118.796
vn 0.430797 -0.308206 -0.848188
v 73.2551 -26.8477 119.221
vn 0.287386 -0.563419 -0.774576
v 73.222 -27.4495 119.521
vn 0.350326 -0.735678 -0.579697
v 71.8233 -27.9834 119.086
vn -0.134508 -0.9529 -0.271825
v 71.6854 -28.305 119.716
vn -0.0189385 0.97386 0.22636
v 64.7036 -26.1725 130.987
vn -0.504712 0.852882 0.13363
v 65.8496 -25.6939 131.796
vn -0.273928 0.941701 0.195355
v 64.9911 -26.3288 131.68
vn -0.211578 0.946892 0.242135
v 63.9595 -27.097 134.62
vn 0.435808 0.504133 -0.745601
v 72.8985 -25.7989 119.212
vn 0.410046 0.104045 -0.906111
v 73.7106 -26.3676 119.359
vn 0.101575 0.991165 0.0852928
v 67.5344 -24.7361 127.263
vn -0.089034 0.99252 0.0835307
v 69.2512 -25.0878 126.081
vn -0.247689 0.965666 0.0783543
v 66.953 -24.756 128.187
vn 0.89501 0.443497 0.0476233
v 67.7083 -25.2108 128.32
vn 0.0399474 0.999192 -0.00447524
v 67.819 -25.4754 128.755
vn -0.0467213 0.990998 -0.125457
v 68.0999 -25.4366 128.919
vn 0.907128 0.419578 0.0327607
v 67.5769 -25.0562 129.98
vn -0.492848 -0.800707 -0.340541
v 63.2284 -31.9971 135.938
vn -0.755166 -0.55319 -0.351716
v 61.7191 -31.6553 137.813
vn -0.979179 -0.0608789 -0.193657
v 61.4446 -31.313 138.324
vn -0.424997 -0.893464 -0.145259
v 72.3993 -28.8386 121.23
vn 0.00185974 -0.919686 -0.39265
v 72.791 -28.9625 121.123
vn -0.332843 -0.931603 -0.146053
v 72.7816 -29.2069 122.184
vn -0.160637 -0.972623 -0.167927
v 72.3836 -29.1539 124.043
vn -0.603665 0.773891 0.191524
v 62.9232 -28.1421 136.877
vn 0.278838 -0.203723 -0.938481
v 74.1615 -26.8347 119.552
vn 0.0547692 -0.571461 -0.818799
v 74.4108 -27.5739 119.913
vn 0.028997 -0.855955 -0.516236
v 75.005 -28.4707 120.815
vn 0.228857 -0.281768 -0.93179
v 75.8148 -27.679 119.97
vn -0.213367 0.948105 0.235736
v 64.6515 -27.3291 135.749
vn -0.441308 0.873606 0.205086
v 64.9659 -27.4922 136.931
vn 0.370613 0.335046 -0.866251
v 74.3135 -26.2599 119.64
vn 0.435271 0.593207 -0.677233
v 76.0301 -26.5187 120.293
vn 0.345454 0.82041 -0.45562
v 74.3276 -25.3625 120.729
vn 0.200476 0.953166 -0.226461
v 74.1005 -24.8923 121.959
vn 0.101355 0.991883 -0.0767811
v 73.9257 -24.6208 123.584
vn -0.0967982 0.988398 0.117048
v 73.5286 -24.7278 124.755
vn 0.0519871 0.992456 0.111037
v 71.7329 -24.8462 125.793
vn -0.103756 0.979067 0.175106
v 73.4328 -24.89 125.41
vn -0.0259833 0.998132 0.0552952
v 69.3159 -25.3433 129.987
vn 0.135027 0.989017 0.0601114
v 70.0972 -25.2225 129.394
vn -0.386916 0.921075 -0.043778
v 68.4551 -25.195 130.863
vn 0.0591825 0.995775 0.0702077
v 69.202 -25.4036 131.323
vn -0.145519 0.972521 0.181732
v 67.0791 -25.6143 134.022
vn 0.0920675 0.980848 0.171643
v 67.7262 -25.7761 134.669
vn -0.211902 -0.91197 -0.351296
v 66.251 -32.8267 135.349
vn -0.329442 0.915171 0.232227
v 64.1758 -28.717 140.464
vn -0.465976 0.856467 0.222106
v 62.9886 -29.5138 141.913
vn 0.0620909 -0.796926 -0.600878
v 76.1667 -28.5928 120.658
vn -0.072345 -0.962287 -0.26224
v 76.734 -28.8724 121.366
vn 0.463104 -0.319626 -0.826664
v 77.9254 -28.1014 121.083
vn 0.174559 -0.917727 -0.356799
v 74.6901 -29.2943 122.628
vn -0.0175761 -0.94831 -0.316858
v 75.9369 -29.0469 121.954
vn 0.434041 0.121388 -0.892678
v 76.5404 -27.2896 120.215
vn 0.550718 0.313089 -0.773747
v 78.3934 -27.3263 121.372
vn 0.356575 0.889771 -0.284888
v 77.285 -25.5977 123.558
vn -0.167133 0.980116 0.106951
v 74.1947 -24.6718 125.498
vn -0.265249 0.947416 0.179013
v 73.8943 -24.9898 126.392
vn -0.0203057 0.992692 0.118951
v 73.101 -25.364 128.045
vn 0.335814 0.941907 0.00627314
v 70.48 -25.4263 131.037
vn 0.0885603 0.992085 0.089022
v 70.8639 -25.5307 131.547
vn 0.258184 0.963209 0.0746249
v 72.4355 -25.5172 130.809
vn -0.209467 0.974671 0.078358
v 69.6819 -25.4408 132.312
vn 0.150015 0.988254 0.0291438
v 70.3073 -25.3103 131.975
vn -0.212017 0.973829 0.0818899
v 70.0872 -25.3554 132.897
vn -0.287016 0.952121 0.105295
v 69.8234 -25.549 133.803
vn -0.182398 0.978054 0.100708
v 69.6388 -25.637 134.05
vn 0.591102 0.806247 0.0237539
v 70.7029 -25.6339 132.934
vn -0.13636 0.988489 0.065546
v 70.5645 -25.4016 133.884
vn 0.539167 0.84073 0.0497227
v 71.0159 -25.848 134.186
vn 0.576224 0.814386 0.0688549
v 70.7256 -25.6064 134.695
vn -0.331588 0.937582 0.10483
v 70.3444 -25.4467 134.806
vn -0.253148 0.959077 0.126835
v 70.062 -25.7229 135.695
vn -0.202196 0.954849 0.217671
v 67.8321 -26.4305 138.279
vn 0.13445 0.989956 0.0437085
v 75.6095 -24.6553 127.39
vn -0.325827 -0.852672 -0.408396
v 63.2798 -35.3047 142.855
vn -0.095539 -0.959984 -0.263256
v 75.4561 -30.2396 125.602
vn -0.0571618 -0.964237 -0.258805
v 74.5642 -31.1809 130.057
vn -0.47696 0.861784 0.172735
v 64.2501 -29.4788 144.062
vn 0.327461 -0.691337 -0.644066
v 78.2651 -28.9095 121.852
vn 0.0828724 -0.929704 -0.358862
v 78.5594 -29.4548 122.846
vn 0.453937 -0.618859 -0.641058
v 79.9008 -28.8619 122.813
vn 0.048563 -0.963265 -0.264125
v 77.7695 -29.628 124.137
vn -0.122848 -0.979676 -0.158565
v 78.6511 -29.5192 123.255
vn -0.300093 0.935214 0.187934
v 67.1286 -27.6772 142.848
vn -0.291422 0.938223 0.186574
v 67.9441 -27.4401 142.267
vn 0.507261 0.76845 -0.39009
v 78.8083 -26.9432 122.113
vn 0.582719 0.00276978 -0.812669
v 79.0594 -27.8773 121.764
vn 0.620062 0.514312 -0.592457
v 79.8503 -27.5536 122.461
vn 0.616186 -0.183879 -0.765835
v 79.9671 -28.2189 122.483
vn 0.59758 0.795591 -0.0996656
v 78.0372 -25.7884 124.02
vn 0.575089 0.812951 -0.09156
v 78.3815 -26.0734 123.895
vn 0.718622 0.677164 0.15821
v 78.1013 -25.9467 124.419
vn 0.533021 0.831663 0.155643
v 78.4666 -26.1601 124.302
vn 0.65213 0.750433 -0.107594
v 78.164 -26.1095 124.818
vn 0.473299 0.879588 -0.0480913
v 79.0704 -26.4789 124.335
vn 0.388375 0.921409 -0.0130454
v 79.1569 -26.5612 124.743
vn 0.576351 0.747947 -0.329233
v 79.026 -26.3034 125.696
vn -0.201264 0.976426 0.0780129
v 74.6153 -25.5981 131.414
vn -0.187435 0.980474 0.05949
v 74.0433 -25.6631 132.89
vn -0.0655642 0.996051 0.0598633
v 73.2524 -25.9796 135.167
vn 0.0295182 0.995825 0.0863777
v 69.9183 -25.8653 137.032
vn -0.515928 0.843902 0.147132
v 71.2919 -25.8894 135.403
vn -0.330653 0.930752 0.156108
v 68.9142 -26.0402 138.546
vn -0.107839 0.987156 0.117868
v 70.5501 -25.9255 137.763
vn -0.499712 0.850865 0.162224
v 68.5804 -27.151 141.576
vn -0.723737 0.669165 0.168592
v 68.8536 -26.8842 141.719
vn 0.709808 0.693153 -0.125346
v 77.8097 -25.4827 124.562
vn 0.350031 0.925412 -0.145223
v 77.63 -25.2733 124.972
vn 0.760833 0.590683 -0.268751
v 77.9081 -25.5247 124.973
vn 0.608869 0.74696 -0.267077
v 78.0538 -25.4057 125.401
vn 0.198084 0.978843 0.0512756
v 77.2707 -25.2064 127.37
vn 0.354529 0.929853 0.0984001
v 77.5736 -25.3056 128.607
vn 0.21535 0.976483 0.0102745
v 77.1191 -25.2319 129.38
vn -0.0823008 0.993731 0.0756612
v 75.9943 -25.0426 130.446
vn -0.719484 0.691193 0.0677904
v 58.9475 -35.1965 155.661
vn -0.206941 -0.958308 -0.197031
v 75.9558 -31.3866 129.482
vn 0.000724203 -0.960641 -0.277791
v 76.366 -31.4478 129.381
vn -0.102815 0.972136 0.210667
v 67.5597 -27.88 143.82
vn -0.432945 0.890571 0.139434
v 67.661 -28.5501 147.427
vn 0.636305 -0.372393 -0.675603
v 81.0036 -28.634 123.546
vn 0.728575 -0.0551434 -0.682743
v 81.5879 -28.2274 124.029
vn 0.342288 0.921764 -0.182184
v 80.9344 -27.2561 124.452
vn 0.397519 0.897937 -0.18891
v 80.1229 -26.7777 126.034
vn -0.0113508 0.992364 0.122819
v 71.1396 -26.5552 140.609
vn -0.453728 0.882498 0.123806
v 72.2701 -25.9507 139.139
vn -0.373447 0.919398 0.123469
v 71.7412 -26.5056 140.264
vn 0.606707 0.786737 0.113805
v 70.9841 -26.5936 142.618
vn 0.515821 0.847862 0.122711
v 71.3743 -26.8082 142.461
vn 0.157282 0.977054 0.143626
v 78.5815 -25.3303 128.16
vn 0.587235 0.799417 -0.126839
v 79.1836 -25.8181 127.504
vn 0.658687 0.745164 -0.104222
v 78.9403 -25.5661 128.041
vn 0.633034 0.750236 -0.190821
v 78.8279 -25.4088 128.312
vn 0.466244 0.880331 -0.0873681
v 79.6406 -26.0959 127.796
vn 0.567786 0.814894 -0.116473
v 79.3591 -25.9737 128.32
vn 0.393907 0.907516 -0.145779
v 79.8857 -26.1788 127.948
vn 0.50941 0.837197 0.199003
v 77.7963 -25.4646 128.751
vn 0.192088 0.919385 0.343269
v 77.9903 -25.4256 128.462
vn 0.462306 0.883981 -0.069647
v 77.6654 -25.3699 129.016
vn 0.405999 0.906842 0.113145
v 78.0136 -25.6415 128.893
vn 0.0638151 0.887388 0.456586
v 78.394 -25.4281 128.405
vn -0.0304417 0.936586 0.349114
v 78.4356 -25.6625 128.797
vn 0.666611 0.685355 -0.293119
v 79.6138 -25.8608 129.163
vn 0.0974663 0.993257 0.0627743
v 79.5261 -25.6625 129.419
vn 0.0184895 0.999688 0.0167906
v 76.6741 -25.1755 131.91
vn 0.124349 0.990231 -0.0630824
v 77.8132 -25.1304 131.886
vn 0.564226 0.807569 -0.171703
v 78.8569 -25.6802 131.498
vn 0.0669023 0.997584 0.0187045
v 76.5369 -25.1518 133.926
vn -0.223884 0.974113 -0.0313163
v 77.3091 -25.0618 133.33
vn -0.151418 0.988308 -0.0178829
v 74.6634 -25.5342 134.937
vn -0.44661 0.893897 0.0385702
v 74.3646 -25.6833 136.519
vn -0.0438141 0.998309 -0.0382043
v 75.1877 -25.5838 135.253
vn -0.358004 0.933666 -0.00999453
v 75.6551 -25.4319 135.183
vn -0.249248 0.967425 0.0443261
v 76.2803 -25.1577 135.523
vn -0.415843 -0.808969 -0.415505
v 58.5833 -41.5192 158.7
vn -0.214679 -0.883701 -0.415916
v 62.5697 -39.6298 152.192
vn -0.00505173 -0.933343 -0.358952
v 63.0411 -39.8467 152.496
vn -0.977413 0.152341 -0.14648
v 56.8601 -39.463 160.324
vn -0.874269 0.484029 -0.0370127
v 56.9091 -38.0177 164.448
vn -0.739474 0.673051 -0.0134448
v 59.0041 -35.3735 160.257
vn 0.0368045 -0.936822 -0.347864
v 71.2127 -34.8662 139.853
vn -0.018484 -0.969564 -0.244139
v 77.4614 -31.9766 131.471
vn -0.075054 -0.95974 -0.270678
v 75.912 -32.3355 134.35
vn -0.561853 0.825531 0.0531
v 63.7529 -31.0885 154.029
vn 0.290369 -0.85058 -0.438406
v 81.863 -30.074 125.909
vn 0.186506 -0.926574 -0.326615
v 79.6184 -31.1212 128.496
vn -0.655882 0.749984 0.0856903
v 68.0477 -28.2849 147.988
vn -0.0827879 0.984089 0.157208
v 67.2342 -28.9709 149.653
vn -0.70898 0.703932 0.0427516
v 67.755 -28.6772 149.578
vn -0.170065 0.980735 0.096103
v 68.4947 -28.3012 148.606
vn -0.419852 0.906492 0.0446952
v 68.0208 -28.4573 149.734
vn -0.405881 0.913777 0.0164776
v 67.9404 -28.5012 150.389
vn -0.0549336 0.995621 0.0756337
v 68.3009 -28.4698 150.602
vn 0.0963422 0.99475 -0.0345135
v 68.145 -28.4601 150.858
vn -0.0288544 0.997077 -0.0707467
v 68.3926 -28.5341 151.011
vn 0.371967 0.914376 -0.159863
v 68.2631 -28.435 151.277
vn -0.830205 0.55745 0.00304614
v 68.6527 -28.4402 150.81
vn -0.27501 0.931209 -0.239207
v 68.5815 -28.451 151.118
vn 0.721509 0.362569 -0.589889
v 82.8955 -28.14 125.54
vn 0.552866 0.727474 -0.40635
v 82.1832 -27.5834 125.225
vn 0.599048 -0.547503 -0.584279
v 82.5306 -29.6367 125.857
vn 0.777472 -0.0825382 -0.623478
v 83.6954 -28.4686 126.44
vn 0.722762 0.482292 -0.494984
v 83.7032 -28.1729 126.598
vn 0.619861 0.696965 -0.360573
v 83.5638 -27.6903 127.1
vn -0.452694 0.889292 0.06502
v 72.2137 -26.3747 141.955
vn -0.354977 0.931154 0.0833278
v 72.0027 -26.6317 143.928
vn -0.246547 0.960028 0.132516
v 70.5913 -26.5232 144.478
vn 0.616069 0.768829 0.171348
v 71.0466 -26.97 144.082
vn -0.632314 0.773489 0.0435149
v 71.141 -27.0254 144.492
vn -0.567198 0.822163 0.0483243
v 71.3521 -26.8477 144.255
vn -0.685975 0.727466 -0.0152265
v 71.7217 -26.4887 144.462
vn -0.465045 0.88456 0.0358808
v 71.3872 -26.8026 145.413
vn -0.00215148 0.997692 0.0678729
v 71.8796 -26.7232 145.261
vn -0.532785 0.840149 0.101434
v 72.2191 -26.6485 144.758
vn -0.508518 0.845571 0.16254
v 69.7706 -27.0286 146.125
vn -0.291948 0.926088 0.239015
v 69.9836 -27.2316 148.016
vn 0.745192 0.65014 0.148347
v 70.562 -27.2609 147.663
vn -0.64202 0.766428 0.019959
v 70.9767 -27.181 147.205
vn 0.234252 0.961548 0.143356
v 70.6366 -27.3835 148.066
vn 0.130484 0.989326 0.0648764
v 70.3432 -27.3015 148.586
vn -0.251105 0.954426 0.161297
v 69.3977 -27.6041 148.744
vn -0.760316 0.646329 0.0646397
v 68.8142 -28.1451 150.535
vn -0.288901 0.95059 0.113644
v 69.6598 -27.6289 148.902
vn -0.353629 0.934089 0.0492415
v 69.3295 -27.6723 149.408
vn 0.117954 0.99274 -0.0235264
v 82.6868 -27.058 128.282
vn -0.183854 0.959902 0.211629
v 79.5408 -25.7824 130.513
vn 0.104147 0.991696 0.0754468
v 79.5262 -26.0447 131.573
vn -0.254906 0.9507 0.176614
v 80.5212 -26.1628 132.875
vn 0.488551 0.852325 -0.186707
v 80.1883 -26.2151 133.38
vn -0.135543 0.99077 0.0017224
v 77.0142 -25.1979 134.914
vn 0.355473 0.927116 -0.118722
v 78.2943 -24.8872 136.004
vn 0.593005 0.779863 -0.200398
v 78.7527 -25.1605 136.297
vn -0.381618 0.916531 0.119741
v 76.0543 -25.4028 136.806
vn -0.207694 0.977768 -0.0288542
v 77.7427 -24.7671 136.367
vn 0.0175993 0.998841 -0.0448052
v 77.3812 -25.0382 138.62
vn -0.183494 0.981072 0.0618698
v 74.1701 -26.0671 139.58
vn 0.190179 0.970777 -0.14637
v 75.7369 -25.2724 138.707
vn 0.486354 0.854639 -0.181804
v 76.1009 -25.4902 138.59
vn -0.410243 0.90563 0.107396
v 76.608 -25.4304 138.538
vn -0.323615 0.937201 0.130108
v 76.4614 -25.557 139.159
vn -0.357374 0.925389 0.126248
v 76.7393 -25.5282 139.323
vn -0.654263 0.755728 0.0285696
v 74.5427 -25.614 140.119
vn 0.149646 0.988575 -0.0180346
v 74.0529 -26.1387 140.915
vn -0.935823 0.331648 0.119354
v 74.5392 -26.1842 142.608
vn 0.456554 0.886853 -0.0710691
v 74.199 -26.0682 143.096
vn 0.382951 0.918965 -0.0940836
v 73.8077 -25.7798 143.892
vn -0.521249 0.852836 0.0311574
v 73.1402 -25.89 144.902
vn -0.817295 -0.477965 -0.321835
v 56.9115 -42.3938 162.666
vn -0.97733 -0.0273865 -0.209945
v 55.234 -42.3957 169.014
vn -0.179138 -0.918526 -0.352449
v 63.703 -40.1933 153.608
vn 0.0815161 -0.940881 -0.328784
v 64.7907 -40.3227 153.565
vn -0.13883 -0.910791 -0.388825
v 63.9144 -40.9788 155.19
vn -0.955248 0.115713 -0.272235
v 56.0604 -39.453 168.594
vn -0.964292 0.0642829 -0.256922
v 55.5588 -40.405 170.114
vn -0.957002 0.0526943 -0.285257
v 55.329 -40.0788 170.653
vn -0.927307 0.351266 -0.129282
v 56.832 -38.172 166.162
vn -0.782224 0.619236 -0.0683566
v 58.7395 -35.1914 165.334
vn -0.583481 0.811035 -0.042093
v 61.7181 -32.5607 161.797
vn 0.154502 -0.948656 -0.27601
v 79.5651 -32.3656 133.803
vn 0.180311 -0.931521 -0.315843
v 76.2841 -33.9072 139.378
vn 0.41198 -0.809317 -0.418662
v 83.5681 -30.4783 128.004
vn 0.181877 -0.936352 -0.300277
v 81.3258 -30.8136 129.491
vn 0.0427913 -0.958346 -0.282385
v 82.3505 -31.2063 131.18
vn -0.77432 0.631885 0.0339038
v 67.2853 -29.5028 152.827
vn -0.79903 0.601283 0.00303278
v 67.4567 -29.2849 153.271
vn 0.058453 0.98908 0.135291
v 66.799 -29.6825 154.693
vn -0.792413 0.608856 -0.0371085
v 67.17 -29.648 154.562
vn -0.380616 0.921697 0.0748698
v 68.0156 -28.6227 153.942
vn -0.321018 0.94095 0.107519
v 68.1866 -28.7462 155.103
vn 0.0194243 0.989099 0.145963
v 66.7387 -29.9369 156.425
vn -0.600907 0.799054 -0.0205851
v 66.9962 -29.5967 157.604
vn -0.492378 0.870025 -0.0248899
v 65.9994 -30.1276 158.098
vn 0.765622 0.439565 -0.469687
v 84.1772 -28.3712 127.165
vn -0.0213934 0.999764 0.00387578
v 72.0918 -26.5264 146.815
vn -0.704773 0.703892 0.0884929
v 72.595 -26.6661 146.732
vn -0.40835 0.911317 0.0524581
v 71.3336 -26.8468 148.443
vn -0.0939627 0.993138 0.0696286
v 72.3269 -26.7285 148.102
vn -0.309906 0.949041 0.0572641
v 69.9356 -27.4444 149.753
vn -0.663839 0.747453 0.0251126
v 69.0044 -27.9108 150.981
vn 0.392404 0.893601 -0.217938
v 83.7354 -27.1571 128.914
vn 0.340648 0.911048 -0.232273
v 83.0446 -26.6446 130.914
vn 0.12346 0.980307 -0.154127
v 82.8908 -26.3015 132.547
vn -0.119049 0.985031 0.124668
v 81.0328 -25.8795 132.809
vn 0.301304 0.941162 -0.15307
v 81.9058 -26.0361 133.691
vn -0.165048 0.98302 0.0801944
v 81.9088 -25.9877 134.901
vn 0.368314 0.905537 -0.210589
v 80.3467 -25.2376 137.253
vn 0.609912 0.759683 -0.225587
v 77.044 -25.4583 141.249
vn -0.416426 0.903493 0.101438
v 77.3432 -25.3574 141.42
vn 0.641034 0.725355 -0.25087
v 76.9249 -25.2098 141.584
vn 0.566836 0.812916 -0.13366
v 76.7703 -24.8945 142.014
vn -0.0823145 0.99582 0.0395934
v 76.4516 -24.7747 142.596
vn -0.246708 0.968623 0.0300845
v 77.1647 -25.4242 141.668
vn -0.343173 0.939042 -0.0207946
v 77.8129 -25.0532 142.027
vn -0.94407 0.299916 0.137047
v 74.717 -25.6583 143.094
vn -0.923002 0.361151 0.132808
v 74.8712 -25.4382 143.567
vn -0.965285 0.214801 0.148611
v 74.9884 -25.5411 144.228
vn -0.515226 0.847897 0.124946
v 75.1533 -25.4097 144.317
vn -0.941866 0.319126 0.1051
v 74.9953 -25.9331 144.961
vn 0.571352 0.817769 -0.0693607
v 74.338 -25.6955 146.651
vn -0.307812 0.95085 0.0337149
v 74.0697 -25.5286 147.179
vn -0.481649 0.870703 0.0994463
v 75.2884 -25.5142 146.155
vn 0.0036873 0.999946 0.00975353
v 74.7516 -26.121 146.928
vn -0.880845 0.464276 0.0925165
v 74.9981 -26.1161 146.725
vn -0.881677 0.461265 0.0993949
v 75.0876 -25.8118 146.567
vn 0.173824 0.984371 -0.028276
v 78.3361 -24.6811 140.213
vn -0.279 0.960246 -0.00927389
v 78.2809 -25.019 141.954
vn -0.289457 -0.879961 -0.376675
v 58.0495 -45.4092 167.411
vn -0.171157 -0.904055 -0.391651
v 60.7519 -43.1418 160.81
vn 0.222277 -0.926412 -0.303898
v 61.553 -42.9539 160.224
vn -0.0149433 -0.941658 -0.336238
v 62.2924 -43.0248 161.369
vn -0.142759 -0.92452 -0.353387
v 63.1431 -42.8314 160.113
vn 0.292772 -0.915429 -0.276177
v 63.5981 -42.7405 160.027
vn 0.316763 -0.909595 -0.268883
v 61.5068 -43.5359 162.338
vn -0.973803 0.17312 -0.147432
v 54.3412 -42.8654 173.065
vn -0.934987 -0.0866605 -0.343931
v 54.2182 -42.4107 174.708
vn -0.924353 -0.18499 -0.333691
v 53.7315 -42.6577 175.836
vn -0.975244 -0.0859354 -0.20375
v 53.9329 -43.9237 175.347
vn -0.970683 -0.0230989 -0.239252
v 54.087 -43.029 175.374
vn 0.0696922 -0.939196 -0.336234
v 62.6479 -41.9188 158.466
vn -0.942697 0.317827 -0.101529
v 55.332 -40.9934 170.371
vn -0.943532 0.257589 -0.208314
v 54.7689 -39.292 173.761
vn -0.968801 0.0441543 -0.243876
v 53.5923 -40.3295 178.034
vn 0.0123718 -0.945916 -0.324175
v 67.5357 -40.3145 154.501
vn -0.80997 0.565926 -0.153875
v 57.1488 -36.3476 171.118
vn -0.52723 0.849688 -0.00764797
v 59.6621 -33.1869 170.681
vn -0.780349 0.598051 -0.182733
v 57.8667 -34.4491 172.808
vn -0.508073 0.861261 0.00950066
v 57.6717 -34.2478 174.458
vn -0.616212 0.780551 -0.104993
v 61.0466 -32.5361 166.517
vn -0.39157 0.920084 0.0108971
v 62.1479 -32.0053 167.366
vn -0.372099 0.925238 0.0740066
v 60.4689 -32.6929 169.683
vn -0.395846 0.916623 0.0557529
v 60.648 -32.8148 170.499
vn 0.0121734 -0.982818 -0.184174
v 84.073 -30.9609 129.74
vn -0.0645169 -0.988394 -0.137528
v 83.6092 -30.9186 130.51
vn 0.231006 -0.900314 -0.368877
v 83.9841 -31.3902 132.604
vn -0.268275 0.963093 0.0219197
v 68.3017 -28.8286 156.927
vn -0.50848 0.857107 -0.0825606
v 67.6985 -29.0612 159.544
vn 0.804805 -0.0376389 -0.592345
v 86.3127 -29.2997 130.066
vn 0.594113 -0.636958 -0.491237
v 85.7214 -30.4144 130.373
vn -0.370983 0.92757 0.0445503
v 70.4919 -27.9099 155.716
vn -0.315257 0.947646 0.0507959
v 68.8015 -28.8323 157.225
vn -0.213889 0.9768 -0.0106212
v 68.3665 -28.871 159.767
vn 0.638124 0.668002 -0.382847
v 85.23 -27.9892 129.593
vn 0.748472 0.445615 -0.491139
v 85.7191 -28.4609 129.722
vn 0.219012 0.975398 -0.0251414
v 85.1945 -27.3661 131.198
vn 0.144898 0.989169 0.0234196
v 84.9731 -27.4157 132.119
vn 0.584285 0.736564 -0.340712
v 84.8476 -27.2267 132.43
vn 0.400232 0.864811 -0.303176
v 84.1862 -26.3146 134.02
vn 0.124381 0.990987 -0.0497394
v 83.0461 -26.1997 134.732
vn -0.154852 0.978768 0.13429
v 83.9429 -26.0627 134.557
vn -0.151708 0.968627 0.196841
v 83.6601 -26.1929 134.936
vn 0.532799 0.84557 0.0337103
v 77.0901 -25.2227 144.28
vn 0.596995 0.80167 -0.0303811
v 77.3933 -25.4494 144.255
vn 0.0857349 0.993472 0.075259
v 76.7793 -25.3066 145.979
vn 0.237942 0.971278 -0.00187155
v 77.4499 -25.4701 145.34
vn -0.69669 0.706971 0.121721
v 75.4723 -25.5038 147.313
vn -0.833323 0.537844 0.127659
v 75.4324 -25.8207 148.712
vn 0.539952 0.775467 -0.327265
v 82.7805 -25.7246 138.996
vn 0.0973227 0.993378 -0.0610693
v 82.4289 -25.1606 139.887
vn -0.0685091 0.993342 0.0926168
v 78.2643 -25.0243 143.694
vn -0.275029 0.95131 0.139168
v 78.963 -24.8078 142.695
vn -0.376747 0.921133 0.0978585
v 78.1961 -25.0925 144.358
vn -0.089264 0.989697 0.111944
v 78.5944 -25.194 144.253
vn -0.166338 0.984933 0.0473107
v 79.1965 -24.9796 144.596
vn -0.241741 0.968541 0.0590797
v 78.057 -25.4119 146.398
vn -0.880462 -0.370428 -0.295921
v 53.0525 -43.7645 179.36
vn -0.979169 -0.0385608 -0.199354
v 52.3759 -43.7766 181.407
vn -0.969283 0.0390948 -0.24282
v 52.549 -42.8887 181.446
vn -0.970936 0.197725 -0.134863
v 52.313 -43.8268 182.073
vn -0.965821 0.0587823 -0.252457
v 53.2587 -41.622 179.328
vn -0.94547 0.263378 -0.191622
v 53.0886 -40.0944 180.237
vn -0.93063 0.33983 -0.135804
v 52.2658 -41.215 184.305
vn 0.0535219 -0.95834 -0.280569
v 69.3832 -40.2904 153.919
vn 0.25274 -0.906691 -0.33769
v 74.3693 -37.4817 147.521
vn 0.172922 -0.943829 -0.281577
v 71.6044 -38.947 150.528
vn -0.829213 0.529629 -0.1786
v 56.4964 -35.1004 176.937
vn -0.372879 0.918688 0.130281
v 56.861 -34.9418 177.143
vn -0.8775 0.450626 -0.164104
v 55.3568 -36.4932 178.458
vn -0.661429 0.749927 0.0109869
v 54.6918 -36.6187 181.57
vn -0.502235 0.861035 0.0798721
v 55.4382 -36.1076 180.578
vn -0.662816 0.748762 0.00552517
v 55.055 -36.4324 181.773
vn -0.587898 0.80892 0.00490586
v 55.7788 -35.9065 180.702
vn -0.91495 0.281673 -0.28901
v 55.4441 -35.9387 181.969
vn -0.928613 0.051055 -0.36752
v 55.1991 -35.607 182.499
vn -0.895348 0.40477 -0.185777
v 54.8878 -35.6045 183.363
vn -0.0824842 -0.956631 -0.279381
v 77.9474 -35.6237 144.621
vn 0.0534199 -0.948415 -0.312498
v 77.5788 -36.0099 146.179
vn 0.356632 -0.881262 -0.310147
v 75.7616 -36.9529 147.963
vn -0.449932 0.891666 0.0499295
v 58.3589 -33.9556 174.115
vn -0.75773 0.624385 -0.189704
v 58.2225 -33.9181 175.781
vn -0.828926 0.488876 -0.271813
v 57.6845 -33.9071 177.209
vn 0.145672 -0.952596 -0.267095
v 84.8518 -31.3238 133.029
vn 0.101951 -0.957703 -0.269093
v 84.1559 -32.2821 134.783
vn 0.332389 -0.876003 -0.34948
v 85.5026 -32.1443 135.575
vn 0.0778182 -0.96603 -0.246436
v 84.3498 -32.5881 136.67
vn -0.505159 0.856394 -0.106792
v 63.1812 -30.0848 173.21
vn 0.793803 -0.345449 -0.50054
v 87.8341 -29.6507 132.168
vn 0.261101 -0.920507 -0.290678
v 86.8158 -31.4226 133.971
vn -0.461262 0.887234 0.00726389
v 71.0903 -27.3819 157.434
vn -0.377097 0.923364 -0.0720935
v 68.5278 -28.6353 164.395
vn -0.279483 0.959935 -0.0203694
v 67.0947 -28.976 165.315
vn 0.537931 0.804165 -0.252882
v 86.8978 -27.9871 132.258
vn 0.727798 0.547106 -0.413503
v 87.2935 -28.5217 131.907
vn 0.830377 0.189319 -0.524054
v 87.9144 -29.3699 132.264
vn 0.350479 0.920116 -0.174788
v 85.9027 -26.8909 135.084
vn 0.608356 0.703994 -0.366462
v 86.4691 -27.0718 135.435
vn 0.752829 0.476543 -0.454043
v 86.9148 -27.5484 135.735
vn 0.756885 0.473489 -0.450482
v 87.0253 -27.2956 136.015
vn 0.513002 0.811805 -0.278929
v 86.1362 -26.8496 135.92
vn 0.0392074 0.998649 0.0341122
v 78.0415 -25.7662 149.563
vn -0.625482 0.774297 0.09611
v 75.7999 -25.8838 151.318
vn 0.133253 0.989957 -0.0472024
v 76.5401 -25.4244 150.393
vn -0.200614 0.979635 -0.00830261
v 75.3357 -26.2794 151.837
vn -0.76533 0.636445 0.0959547
v 75.6229 -26.2192 152.003
vn -0.411593 0.911297 0.0113661
v 73.269 -26.5152 155.521
vn 0.554779 0.831841 -0.0161704
v 75.0378 -26.0995 154.795
vn -0.422641 0.903267 -0.0740447
v 71.0383 -27.2818 160.545
vn 0.348995 0.910839 -0.220398
v 84.3103 -26.1557 136.882
vn 0.565351 0.762447 -0.314728
v 85.3586 -26.2063 135.76
vn 0.519648 0.797928 -0.305412
v 85.2449 -26.0534 136.032
vn 0.31946 0.934456 -0.15728
v 85.4414 -26.3505 137.92
vn 0.586957 0.715055 -0.379706
v 86.4249 -26.6211 136.776
vn 0.013646 0.994279 0.105942
v 85.8634 -26.3715 137.823
vn -0.0327039 0.999388 0.0124034
v 84.0097 -25.9847 139.839
vn 0.357024 0.910561 -0.208356
v 83.2088 -25.2574 140.359
vn -0.0348352 0.998452 0.0433518
v 82.8733 -25.2513 143.278
vn 0.618568 0.732307 -0.284779
v 82.6236 -25.3507 144.216
vn 0.167198 0.985892 0.0079001
v 79.9557 -24.9834 145.749
vn -0.385003 0.920528 0.0663396
v 79.2167 -25.1117 146.269
vn 0.244456 0.969605 -0.010361
v 79.0303 -25.2674 147.667
vn -0.145123 0.986764 0.0723632
v 79.8265 -24.9329 147.767
vn 0.16962 -0.934549 -0.312805
v 58.3421 -47.6848 173.348
vn -0.84563 -0.444469 -0.295561
v 52.0303 -48.1693 185.367
vn 0.506689 -0.846872 -0.161475
v 62.0337 -46.0838 170.117
vn -0.953669 -0.176274 -0.243809
v 52.2139 -45.5565 183.888
vn -0.973426 -0.0933593 -0.209106
v 51.9618 -44.9056 184.391
vn -0.965523 -0.046158 -0.256194
v 51.0903 -44.5675 186.646
vn 0.483277 -0.853646 -0.194244
v 63.3819 -44.1622 164.9
vn 0.199995 -0.949938 -0.240042
v 64.4694 -43.5409 164.103
vn 0.664009 -0.742349 -0.0894951
v 63.0873 -44.8746 167.575
vn 0.458012 -0.874367 -0.160337
v 63.4159 -44.6851 168.107
vn 0.270997 -0.927071 -0.259038
v 62.5103 -45.391 167.968
vn 0.754215 -0.656533 0.011129
v 62.7963 -45.2689 169.18
vn 0.568197 -0.817123 -0.0972796
v 63.0574 -44.9637 168.523
vn 0.676914 -0.735213 -0.0353429
v 62.4054 -45.8323 169.664
vn 0.178963 -0.966004 -0.186569
v 63.5063 -44.7539 168.516
vn 0.0553852 -0.972868 -0.224634
v 67.2887 -42.8041 162.931
vn 0.192306 -0.953477 -0.232165
v 65.3451 -43.4755 163.921
vn 0.217843 -0.958405 -0.184402
v 70.3303 -40.5139 155.831
vn 0.214936 -0.954329 -0.207507
v 71.4454 -40.5354 156.497
vn 0.206426 -0.952528 -0.223783
v 72.0728 -40.463 157.215
vn -0.783349 0.620344 -0.0392199
v 52.9372 -38.7523 188.975
vn 0.334531 -0.901134 -0.275767
v 75.0909 -38.2015 150.103
vn 0.102152 -0.959744 -0.261643
v 73.2296 -39.0463 152.204
vn 0.111562 -0.962236 -0.248306
v 73.8503 -39.8049 154.736
vn -0.948301 -0.0191492 -0.316794
v 54.8834 -35.9196 183.383
vn -0.942309 0.25895 -0.21213
v 54.6665 -36.8645 184.022
vn -0.94487 0.263074 -0.19497
v 54.6444 -35.943 184.292
vn -0.78716 0.6105 -0.0875767
v 54.9012 -35.603 184.071
vn -0.954965 0.0984914 -0.279894
v 54.3167 -36.568 185.192
vn -0.836627 0.524789 -0.157005
v 54.4875 -35.4719 186.264
vn -0.948923 -0.0497751 -0.311558
v 53.7875 -37.5465 187.046
vn -0.954614 0.0520605 -0.293262
v 53.2397 -37.1789 188.093
vn -0.886411 -0.289808 -0.360953
v 53.3191 -37.524 188.165
vn -0.0752771 -0.967026 -0.243299
v 78.403 -36.3321 147.043
vn 0.144893 -0.951945 -0.269828
v 76.1194 -37.8301 151.039
vn -0.653843 0.75308 -0.0732089
v 56.174 -34.3371 182.638
vn 0.36259 -0.877376 -0.314228
v 82.0774 -34.8496 143.177
vn 0.223392 -0.940333 -0.256651
v 82.8462 -34.3179 142.897
vn 0.248647 -0.916195 -0.314264
v 79.9844 -35.4382 144.422
vn -0.6319 0.768157 -0.103139
v 59.201 -32.4864 178.36
vn -0.717945 0.679881 -0.149387
v 59.3864 -31.9456 180.75
vn 0.145914 -0.946659 -0.287309
v 84.6859 -33.5392 139.738
vn -0.048097 -0.979123 -0.197498
v 83.4091 -33.7251 141.09
vn -0.645019 0.750583 -0.143439
v 60.7117 -30.5276 181.218
vn 0.771631 -0.453826 -0.445677
v 89.4001 -30.1432 135.304
vn -0.311854 0.950029 0.0138628
v 63.6341 -29.3138 176.625
vn 0.864745 0.283579 -0.414486
v 88.4019 -29.2842 133.248
vn 0.893091 -0.0140489 -0.449656
v 89.5246 -29.8495 135.357
vn 0.801554 0.426864 -0.418687
v 87.5979 -27.5496 136.842
vn 0.766799 0.516073 -0.381691
v 87.9619 -27.9697 137.089
vn -0.298144 0.953969 -0.0324518
v 74.1863 -25.9055 161.622
vn 0.470456 0.869511 -0.150406
v 87.2998 -26.608 138.346
vn 0.613248 0.731548 -0.297934
v 87.7407 -27.0785 137.959
vn 0.438855 0.86939 -0.227084
v 86.0833 -26.0504 140.03
vn 0.123116 0.991098 -0.0506688
v 85.9778 -25.6784 141.602
vn -0.00717592 0.998719 0.0500792
v 83.8075 -25.1535 144.207
vn -0.199844 0.970631 0.13393
v 81.2142 -25.1219 147.208
vn -0.0725349 0.995953 0.0530704
v 81.8922 -25.0255 147.955
vn -0.618592 0.784349 0.0462688
v 76.2973 -25.8 155.174
vn -0.397043 -0.843026 -0.362854
v 56.0504 -49.6358 179.471
vn -0.89398 -0.323663 -0.309907
v 50.4526 -47.7543 191.934
vn -0.944341 -0.134671 -0.30014
v 49.6459 -48.0531 194.085
vn 0.82179 -0.569771 -0.00471032
v 61.9198 -46.8763 175.072
vn -0.884341 -0.352 -0.306653
v 50.1823 -46.6513 191.154
vn -0.934507 -0.227326 -0.273895
v 49.6663 -46.6846 192.948
vn -0.971418 0.151723 -0.182559
v 48.7209 -45.1992 196.477
vn 0.15554 -0.960091 -0.23245
v 64.6759 -44.3928 167.437
vn 0.388552 -0.89816 -0.205758
v 65.3329 -44.155 167.112
vn 0.509497 -0.857435 -0.0722407
v 63.0486 -45.0668 169.665
vn 0.623247 -0.777594 -0.0831261
v 62.6475 -45.3842 170.721
vn -0.0275938 -0.981382 -0.190076
v 64.0686 -45.0999 170.975
vn 0.264976 -0.946626 -0.183539
v 65.0306 -45.1206 170.5
vn 0.782316 -0.622881 -0.000471371
v 62.2305 -45.8812 170.636
vn 0.278436 -0.942099 -0.186874
v 63.1864 -45.1876 171.156
vn 0.612189 -0.777936 -0.141562
v 62.4297 -46.1894 173.576
vn -0.965895 0.185552 -0.180605
v 49.9459 -43.3383 193.223
vn -0.95984 0.207583 -0.188723
v 49.8461 -42.7421 193.82
vn 0.317101 -0.928719 -0.192167
v 68.5641 -42.7231 163.335
vn 0.196521 -0.962929 -0.184789
v 67.887 -43.6673 166.849
vn 0.394228 -0.904126 -0.164745
v 65.9147 -43.7707 167.081
vn 0.103173 -0.97898 -0.175937
v 66.7127 -43.6687 167.549
vn -0.846231 0.527037 -0.0782596
v 50.0049 -41.9584 194.908
vn -0.839131 0.538337 -0.0777965
v 51.0698 -40.477 195.786
vn 0.235346 -0.946867 -0.219215
v 73.9131 -40.6186 158.323
vn 0.167995 -0.971687 -0.166139
v 71.8743 -41.4489 161.717
vn -0.922652 -0.191748 -0.334582
v 52.5357 -38.5206 190.919
vn -0.954398 0.188381 -0.231597
v 52.4949 -37.8727 190.848
vn -0.7585 0.651663 -0.00352997
v 51.1534 -38.1559 197.417
vn 0.326709 -0.921617 -0.209484
v 74.7683 -40.0341 156.691
vn -0.742239 0.668062 -0.05267
v 52.4151 -36.8595 193.877
vn -0.798021 0.581153 -0.159448
v 53.2443 -36.2527 194.327
vn -0.896759 0.417202 -0.147531
v 51.5167 -37.7876 195.858
vn -0.566592 0.820171 0.079331
v 52.3662 -36.9968 194.907
vn -0.670429 0.741739 0.0186813
v 51.6584 -37.5218 195.923
vn -0.705373 0.707178 -0.048463
v 52.3584 -37.069 195.629
vn -0.832861 0.524201 -0.17764
v 52.583 -36.5506 196.054
vn 0.148007 -0.949879 -0.27536
v 79.8249 -36.6178 147.561
vn 0.266566 -0.922717 -0.278452
v 77.9037 -37.5875 150.685
vn 0.0293914 -0.977507 -0.208847
v 79.1509 -37.1755 150.699
vn -0.256256 -0.959172 -0.119677
v 79.8061 -37.3197 150.75
vn -0.064188 -0.987583 -0.143385
v 80.0472 -37.4161 150.9
vn -0.192134 -0.974553 -0.115461
v 79.7472 -37.3566 151.417
vn 0.172345 -0.937159 -0.303364
v 77.4851 -37.9307 151.16
vn -0.643288 0.763707 -0.0541446
v 55.4174 -34.4811 189.233
vn -0.727093 0.674686 -0.127021
v 53.6272 -35.7204 194.167
vn 0.0160267 -0.974196 -0.225135
v 81.8065 -35.8685 146.588
vn -0.0295016 -0.976739 -0.212393
v 81.8194 -36.2499 148.723
vn -0.638396 0.769581 -0.0139963
v 58.3692 -32.104 185.185
vn -0.690498 0.717026 -0.0953215
v 57.0982 -33.5224 187.329
vn -0.687384 0.720405 -0.0923105
v 57.5692 -32.8507 188.611
vn 0.422567 -0.83224 -0.358906
v 85.5488 -33.354 140.239
vn -0.0373125 -0.971119 -0.23566
v 85.3395 -34.1141 141.919
vn 0.562101 -0.738375 -0.372618
v 86.2132 -33.9974 142.363
vn -0.170967 0.972791 0.156355
v 62.2279 -30.0677 179.639
vn -0.63103 0.741767 -0.227119
v 62.0793 -29.7226 181.975
vn -0.205711 0.95785 0.200514
v 60.3278 -30.9658 182.77
vn -0.365375 0.928083 0.0718502
v 60.6095 -30.9605 182.938
vn -0.713928 0.662861 -0.22566
v 60.8512 -30.7488 183.242
vn -0.805094 0.50295 -0.314429
v 60.3271 -30.7246 184.502
vn -0.726559 0.656835 -0.201695
v 60.3726 -30.452 184.777
vn -0.795293 0.565765 -0.217757
v 59.0639 -31.549 186.958
vn -0.680018 0.725453 -0.106272
v 58.7351 -31.3328 188.846
vn -0.428588 0.899437 -0.0855934
v 67.7746 -28.1571 173.009
vn -0.593068 0.783191 -0.186768
v 63.6076 -29.5421 178.911
vn -0.537384 0.833515 -0.128339
v 64.175 -29.0877 178.979
vn 0.680142 0.688879 -0.250704
v 90.0592 -28.7125 138.039
vn 0.421949 0.900724 -0.103223
v 90.1623 -28.5697 139.144
vn -0.339886 0.938211 -0.0650919
v 73.6288 -26.3939 163.424
vn -0.119447 0.98707 -0.106892
v 73.1395 -26.112 165.561
vn -0.292418 0.954624 -0.0564241
v 72.0563 -26.0663 169.111
vn -0.421577 0.903606 -0.0759574
v 71.7813 -26.1348 170.702
vn -0.402196 0.906842 -0.126003
v 69.8819 -26.9494 172.428
vn 0.321145 0.946655 -0.0266657
v 88.8206 -27.0329 142.782
vn -0.16699 0.969297 0.180492
v 86.9938 -26.1789 144.431
vn 0.661747 0.678691 -0.318541
v 85.8182 -25.8087 144.753
vn 0.35261 0.930767 -0.09664
v 85.9543 -25.5594 145.866
vn 0.170876 0.985175 -0.0152075
v 83.9201 -25.0834 148.818
vn 0.0941749 0.994346 0.0490667
v 82.042 -25.8451 151.399
vn 0.26641 0.963129 0.0375267
v 81.6968 -25.6248 152.081
vn 0.0970281 0.994504 0.0393262
v 82.2957 -25.797 152.8
vn 0.00105066 0.995955 0.0898462
v 83.6924 -25.2039 151.49
vn -0.0553497 0.995992 0.0702531
v 80.2303 -25.9221 154.268
vn 0.0307237 0.998762 -0.0391118
v 76.5507 -25.8304 160.832
vn -0.244702 0.968626 -0.0434164
v 77.2296 -25.4236 162.351
vn -0.113268 0.988676 -0.098442
v 75.4983 -25.5359 164.476
vn -0.556319 0.817304 -0.150075
v 74.1299 -25.9072 165.437
vn -0.705977 0.704477 -0.0728532
v 73.6845 -25.9659 167.275
vn -0.13197 0.964577 -0.228417
v 74.7161 -25.4966 165.757
vn -0.335253 0.828212 -0.449077
v 74.4516 -25.3168 166.286
vn -0.759377 0.64584 -0.0789823
v 74.0491 -25.4634 167.456
vn -0.337485 0.933283 -0.12283
v 72.6318 -25.9422 169.445
vn -0.71591 0.696048 -0.0546683
v 73.8549 -25.7832 168.063
vn -0.137453 -0.919272 -0.368844
v 56.6219 -52.0426 184.884
vn -0.632581 -0.702595 -0.325886
v 54.2544 -51.5704 186.588
vn 0.246444 -0.93315 -0.261719
v 60.0085 -49.1189 179.343
vn 0.554649 -0.823247 -0.120948
v 60.4165 -49.1289 179.869
vn 0.852377 -0.522067 0.0299927
v 60.5404 -48.9793 180.35
vn 0.435523 -0.867423 -0.240617
v 59.0474 -49.7403 180.565
vn -0.964592 -0.185952 -0.187039
v 50.3922 -49.7948 193.606
vn -0.821818 -0.444131 -0.356879
v 49.4554 -48.6969 194.776
vn -0.725748 -0.593914 -0.347211
v 49.9614 -49.6502 195.788
vn -0.579261 -0.714836 -0.391749
v 49.4673 -49.7108 196.548
vn -0.913203 -0.329383 -0.239933
v 48.9965 -49.8037 197.673
vn -0.932492 -0.261745 -0.248894
v 48.3968 -49.2102 199.722
vn 0.911144 -0.411749 0.0166917
v 60.6087 -48.6445 180.716
vn 0.656402 -0.74082 -0.142557
v 60.7825 -48.3537 180.449
vn -0.977496 0.136624 -0.160735
v 48.4196 -45.1021 199.439
vn 0.0254362 -0.972002 -0.233593
v 63.6894 -45.735 173.594
vn 0.325376 -0.935275 -0.139252
v 64.4772 -45.8049 174.069
vn 0.5642 -0.823657 -0.0571527
v 65.0635 -45.4311 173.342
vn 0.212074 -0.952443 -0.218807
v 63.3875 -46.2706 175.552
vn -0.965185 0.223464 -0.135952
v 48.2932 -44.4963 200.02
vn -0.852458 0.521739 -0.0332183
v 48.295 -43.8613 202.995
vn 0.0266558 -0.97846 -0.20471
v 69.8427 -42.843 166.555
vn 0.494689 -0.861092 -0.117485
v 65.9597 -44.5404 171.362
vn 0.0685153 -0.982153 -0.175161
v 66.2889 -44.7176 172.97
vn -0.962146 0.037158 -0.26999
v 50.1847 -40.8038 198.431
vn -0.761445 0.648188 -0.00731863
v 49.5588 -42.2421 198.928
vn -0.881542 0.459297 -0.109223
v 50.0526 -41.7427 198.77
vn 0.315384 -0.936046 -0.156049
v 70.7103 -43.0175 167.435
vn -0.948789 0.203381 -0.241735
v 50.413 -38.6802 201.563
vn 0.260196 -0.936203 -0.236265
v 78.1959 -39.3255 156.933
vn 0.431077 -0.866591 -0.251382
v 76.7461 -39.773 159.6
vn -0.729521 0.683572 -0.0229873
v 51.9805 -37.3935 196.805
vn -0.876193 0.458971 -0.147079
v 51.3253 -38.0072 198.53
vn -0.88224 0.427558 -0.197097
v 51.5174 -37.1656 198.962
vn -0.648422 0.760068 -0.0429485
v 51.3066 -36.9922 200.928
vn -0.683435 0.725017 -0.085248
v 51.971 -36.5729 201.289
vn -0.752624 0.65796 -0.02542
v 50.3113 -37.8771 203.206
vn 0.00590442 -0.990987 -0.133831
v 80.1495 -37.4447 151.313
vn 0.278694 -0.934914 -0.219695
v 80.556 -37.341 151.313
vn -0.614355 0.787385 -0.0509135
v 53.944 -35.5406 195.742
vn -0.62832 0.772353 -0.0931955
v 52.8403 -35.8132 200.353
vn -0.127274 -0.979703 -0.154867
v 85.3547 -35.3389 148.315
vn 0.371883 -0.888916 -0.267454
v 82.1415 -36.8727 151.409
vn 0.329317 -0.880171 -0.341832
v 86.2778 -34.4246 143.2
vn 0.0350642 -0.97176 -0.233352
v 85.2148 -34.8494 146.446
vn -0.412083 0.911144 0.0021594
v 60.7916 -29.9604 187.95
vn -0.49662 0.86789 0.0116378
v 59.5381 -30.7746 190.684
vn -0.64971 0.747818 -0.136546
v 58.8827 -31.1166 192.417
vn -0.596473 0.783412 -0.174601
v 60.1278 -30.3949 191.008
vn -0.578837 0.804654 -0.132208
v 59.6937 -30.3848 192.148
vn -0.614057 0.780827 -0.115079
v 63.96 -28.4975 183.007
vn -0.749377 0.647767 -0.137231
v 63.3343 -29.0519 184.074
vn -0.617176 0.78435 0.062362
v 63.3975 -28.8269 186.195
vn -0.622053 0.782924 0.00892912
v 63.3121 -29.0145 186.818
vn -0.384444 0.923148 0.00101628
v 61.761 -29.6955 187.732
vn -0.568719 0.822233 -0.0221697
v 62.6809 -29.2671 186.499
vn -0.304332 0.952503 0.0109841
v 61.2711 -29.7912 190.246
vn 0.845248 0.424456 -0.324643
v 91.6539 -29.7109 140.115
vn -0.265094 0.956458 -0.122116
v 70.1413 -26.689 173.614
vn -0.524486 0.846524 -0.0911689
v 70.6889 -26.5956 172.787
vn -0.601836 0.794234 -0.0835828
v 64.2571 -27.9013 185.94
vn 0.673255 0.685243 -0.277794
v 90.1134 -28.2462 141.191
vn 0.575725 0.794807 -0.191892
v 89.4296 -26.8447 144.881
vn 0.378753 0.922995 0.0680193
v 90.0996 -27.4829 144.276
vn 0.651384 0.752041 -0.100663
v 89.7528 -27.2013 144.749
vn 0.498817 0.866627 -0.0117685
v 90.1677 -27.6222 145.027
vn 0.132477 0.990878 0.024732
v 86.0401 -25.7433 149.779
vn -0.212403 0.97028 0.115941
v 83.3918 -25.8266 153.456
vn -0.296029 0.936852 0.186214
v 84.2468 -25.5767 153.947
vn -0.10978 0.991384 0.0714533
v 83.2791 -25.9808 155.27
vn 0.0505949 0.997669 -0.0457838
v 80.547 -25.9045 159.114
vn 0.10203 0.992409 -0.0686595
v 79.494 -25.4942 159.856
vn -0.068383 0.99006 -0.1229
v 75.3041 -25.3301 166.095
vn 0.0747522 0.988998 -0.127654
v 74.8126 -25.2186 167.544
vn 0.0297429 0.999231 -0.0255644
v 76.2811 -25.6722 166.702
vn 0.774603 0.621161 -0.118948
v 76.1893 -25.1188 168.357
vn 0.678443 0.727594 -0.101596
v 76.4075 -25.3596 168.854
vn -0.154242 0.976456 -0.150809
v 73.2684 -25.6106 169.801
vn -0.347444 0.927159 -0.140211
v 73.6538 -25.6128 170.031
vn -0.469201 0.878824 -0.0867061
v 74.288 -25.0565 169.669
vn -0.328351 0.932808 -0.148509
v 72.606 -25.3773 172.188
vn -0.416717 0.901357 -0.117907
v 74.1112 -24.985 171.776
vn -0.603374 0.790044 -0.108494
v 70.9637 -26.1438 173.714
vn -0.196719 0.973257 -0.118626
v 70.2622 -26.2145 177.85
vn 0.171903 0.985009 0.0143502
v 84.9478 -25.5158 152.261
vn -0.470623 -0.815747 -0.33626
v 55.0374 -53.3727 189.634
vn 0.144735 -0.924886 -0.351621
v 57.417 -51.847 184.312
vn 0.467123 -0.82132 -0.327459
v 58.5572 -51.663 184.96
vn -0.628052 -0.705987 -0.327312
v 52.3352 -52.6327 193.219
vn -0.98379 -0.131081 -0.122371
v 50.1752 -51.0309 197.065
vn -0.934696 -0.303225 -0.185465
v 48.5592 -50.6442 200.972
vn -0.721923 -0.608794 -0.328933
v 48.906 -51.1764 200.168
vn -0.931532 -0.316585 -0.178945
v 48.6236 -51.337 201.411
vn -0.662044 -0.661338 -0.352604
v 49.833 -51.8518 200.069
vn -0.835292 -0.489473 -0.250406
v 48.1999 -50.3401 201.786
vn -0.889825 -0.419476 -0.179586
v 48.3988 -51.1683 203.364
vn 0.630887 -0.768125 -0.109392
v 60.016 -49.4927 181.491
vn 0.737871 -0.638441 -0.21895
v 59.4479 -50.9906 185.442
vn -0.892035 -0.369718 -0.259964
v 47.7074 -48.9375 202.091
vn -0.911631 -0.34689 -0.220446
v 47.8635 -49.907 201.904
vn -0.948285 -0.213783 -0.234633
v 47.856 -49.3074 202.206
vn -0.963697 -0.171846 -0.204344
v 47.2155 -48.9463 203.579
vn -0.945816 -0.266657 -0.18527
v 47.7225 -50.002 203.227
vn 0.816737 -0.571736 -0.0778374
v 60.491 -49.0281 181.723
vn 0.448872 -0.888709 -0.0933321
v 65.1428 -45.4242 176.187
vn 0.0333637 -0.987466 -0.154263
v 65.7276 -45.4811 177.59
vn -0.920328 0.388612 -0.0444674
v 47.4394 -45.2348 206.562
vn 0.228225 -0.950013 -0.213047
v 68.4236 -44.1999 172.806
vn 0.285732 -0.94848 -0.136903
v 69.1354 -44.3648 173.941
vn 0.526856 -0.849848 -0.0134476
v 69.8083 -43.9667 173.089
vn -0.0220308 -0.985683 -0.167163
v 66.9466 -45.0659 174.087
vn 0.398585 -0.907334 -0.133701
v 67.5326 -45.0066 174.432
vn -0.959841 0.226806 -0.165121
v 48.8436 -42.8414 203.727
vn -0.937349 0.317238 -0.144001
v 48.309 -41.4251 206.754
vn -0.963169 0.100946 -0.249229
v 47.7144 -41.6176 210.314
vn 0.406319 -0.90831 -0.0993855
v 71.583 -42.3103 167.204
vn -0.00541529 -0.99102 -0.133607
v 72.4995 -42.2193 167.394
vn 0.0987122 -0.988506 -0.114508
v 73.0054 -42.3315 167.703
vn -0.920872 0.347034 -0.177659
v 49.7037 -38.7534 204.294
vn 0.0382051 -0.980253 -0.194022
v 78.1012 -39.9093 159.718
vn 0.277368 -0.944185 -0.177714
v 75.9492 -40.6982 160.942
vn 0.222942 -0.950349 -0.217101
v 77.1402 -40.3141 161.624
vn -0.747382 0.662389 -0.0515888
v 50.9566 -37.4377 203.196
vn -0.598914 0.800305 -0.0285192
v 51.5591 -36.4039 203.831
vn -0.766447 0.64171 -0.0277008
v 50.0454 -38.3152 205.162
vn -0.466435 0.88311 0.0505458
v 51.08 -36.8392 206.726
vn 0.107343 -0.971561 -0.211062
v 81.0608 -38.1908 155.059
vn 0.383583 -0.894695 -0.22888
v 82.142 -37.885 154.982
vn 0.321447 -0.917527 -0.234128
v 80.1894 -38.5359 155.964
vn 0.097502 -0.975754 -0.195955
v 80.7664 -38.4065 156.299
vn -0.396937 0.916966 0.0401805
v 52.3603 -35.9264 202.818
vn -0.356657 0.930244 0.0862689
v 52.6222 -35.8654 203.026
vn -0.448366 0.893799 0.00953537
v 52.9881 -35.7013 202.532
vn -0.823489 0.538458 -0.178686
v 53.3379 -35.2967 203.061
vn -0.636423 0.768481 -0.0663513
v 52.2242 -36.1383 205.257
vn 0.579392 -0.733954 -0.354424
v 84.9624 -36.0813 150.893
vn 0.572843 -0.754955 -0.319209
v 85.4924 -35.6728 150.87
vn 0.61878 -0.716705 -0.32163
v 85.0346 -36.5024 151.721
vn -0.168453 -0.976826 -0.13204
v 86.3008 -35.8356 150.664
vn -0.0778746 -0.986622 -0.143225
v 84.164 -37.1615 153.335
vn -0.733067 0.668182 -0.127065
v 53.7581 -34.2173 203.583
vn 0.0920776 -0.972109 -0.215699
v 88.2815 -34.2385 145.43
vn -0.061855 -0.980686 -0.185552
v 87.0073 -35.3306 146.849
vn -0.155438 -0.975296 -0.156959
v 86.6389 -35.3731 148.382
vn -0.245369 -0.959707 -0.136955
v 85.8292 -35.6071 150.366
vn -0.227434 0.971415 0.0680219
v 59.3595 -30.7781 195.126
vn -0.57456 0.818307 -0.0159516
v 57.4173 -31.6065 197.178
vn -0.318279 0.944423 0.0822387
v 58.3625 -31.0187 195.997
vn -0.510669 0.858018 -0.0549755
v 59.4748 -30.7341 196.154
vn -0.447924 0.891571 0.0668228
v 57.4304 -31.7746 198.247
vn 0.217801 -0.936644 -0.274336
v 90.2317 -33.1704 142.317
vn 0.284901 -0.91236 -0.293993
v 90.4649 -33.7187 144.595
vn -0.784803 0.60713 -0.12441
v 62.9707 -28.8343 189.09
vn -0.504233 0.862749 -0.037597
v 62.0964 -29.689 190.73
vn 0.913223 -0.00204614 -0.407455
v 92.1506 -30.5506 140.742
vn 0.676632 0.721905 -0.144991
v 92.1855 -29.4842 142.489
vn 0.86547 -0.291502 -0.407416
v 93.0465 -31.361 142.991
vn 0.68528 0.704934 -0.182919
v 92.0221 -29.2975 143.454
vn -0.402719 0.911847 -0.079698
v 66.6631 -26.5124 187.624
vn 0.764074 0.537141 -0.35731
v 91.5096 -28.44 143.436
vn 0.831128 0.417182 -0.367676
v 91.7495 -28.8428 143.608
vn 0.857555 0.364108 -0.363352
v 92.3754 -29.1455 144.755
vn 0.159115 0.9766 0.144686
v 90.9986 -27.709 144.828
vn 0.473956 0.878333 -0.0624182
v 91.4978 -27.8436 145.136
vn -0.158129 0.986838 -0.0338587
v 76.7204 -25.5212 169.052
vn -0.0183045 0.993935 -0.108439
v 75.5572 -24.7825 170.755
vn -0.210887 0.973554 -0.08786
v 70.7001 -26.0184 178.447
vn -0.208975 0.972959 -0.0983896
v 69.7492 -26.0132 179.979
vn -0.866395 0.499265 0.00973373
v 70.9107 -25.5135 179.935
vn -0.736465 0.67637 -0.0119337
v 70.7605 -25.8159 180.248
vn 0.11162 0.993086 -0.0363443
v 70.3551 -25.9984 181.389
vn 0.10029 0.99328 0.0577731
v 87.6519 -25.8594 154.247
vn -0.0644177 0.992451 0.104366
v 84.9823 -25.6611 155.091
vn -0.0489525 0.998702 -0.0140398
v 81.6712 -25.6318 162.563
vn -0.0398048 0.99889 -0.0251972
v 82.3961 -25.7042 161.601
vn 0.14899 0.988303 -0.032546
v 82.1774 -25.7449 162.523
vn 0.550671 0.830357 -0.0852556
v 81.0877 -25.5084 165.006
vn 0.0547521 0.997523 -0.0441614
v 78.9683 -24.9457 167.551
vn -0.443677 0.893648 -0.0674078
v 77.5476 -24.8686 168.098
vn -0.28448 0.950378 -0.125911
v 76.7661 -25.061 171.026
vn 0.01188 -0.921978 -0.387059
v 56.7904 -53.7751 188.959
vn -0.544467 -0.761711 -0.351215
v 51.8678 -54.5314 197.626
vn -0.623822 -0.728469 -0.283159
v 53.2836 -55.164 196.766
vn -0.434256 -0.823641 -0.364743
v 52.5422 -54.9861 198.061
vn -0.632875 -0.718127 -0.289417
v 53.1209 -55.3898 198.085
vn -0.975931 -0.206001 -0.07157
v 49.9043 -54.0036 202.276
vn -0.822721 -0.519578 -0.230585
v 50.4891 -55.0634 201.742
vn -0.73129 -0.628619 -0.264674
v 49.9796 -53.7962 203.096
vn 0.735282 -0.612732 -0.28969
v 59.279 -52.0619 187.169
vn 0.336578 -0.863357 -0.37594
v 58.0992 -53.3173 188.306
vn -0.720313 -0.63068 -0.288775
v 48.1464 -51.3228 204.274
vn -0.960017 -0.255354 -0.114727
v 48.4873 -52.2126 204.192
vn -0.927352 -0.341332 -0.153331
v 47.5863 -50.9054 206.01
vn -0.995461 -0.0923753 -0.0228876
v 48.4659 -52.7765 206.669
vn 0.92872 -0.317101 -0.192161
v 59.621 -51.2101 187.074
vn 0.846461 -0.469595 -0.250969
v 59.7446 -51.9851 188.14
vn 0.686706 -0.712618 -0.143566
v 62.2512 -49.1466 186.98
vn 0.571508 -0.812083 -0.117897
v 62.9124 -48.2883 185.912
vn -0.959897 0.267429 -0.0841433
v 46.9355 -46.1707 210.976
vn -0.981455 0.169516 -0.0894987
v 46.5355 -47.0699 211.695
vn 0.361883 -0.929975 -0.0647106
v 66.9624 -45.7 179.041
vn 0.201493 -0.972011 -0.12081
v 65.3684 -46.3107 183.034
vn -0.985965 0.0746462 -0.149335
v 47.0591 -43.7446 211.477
vn -0.984738 -0.0527837 -0.165844
v 46.7148 -44.2654 214.458
vn 0.590431 -0.806063 0.0406574
v 68.0466 -44.9582 178.584
vn 0.683396 -0.728967 0.0397019
v 67.5833 -45.2886 180.062
vn 0.682492 -0.72771 0.0681302
v 68.22 -44.4963 179.704
vn -0.969529 0.217377 -0.11296
v 47.237 -42.8221 211.166
vn -0.958471 -0.0217754 -0.284359
v 47.1993 -41.6148 211.756
vn -0.974183 0.0298271 -0.223779
v 47.3352 -42.2969 211.886
vn -0.9215 0.354189 -0.159335
v 46.6737 -41.7175 214.25
vn -0.946763 -0.166627 -0.275455
v 46.2519 -43.295 215.512
vn 0.0721525 -0.987445 -0.140524
v 73.7192 -42.376 171.281
vn 0.245921 -0.966066 -0.0789881
v 73.2602 -42.4803 171.365
vn 0.231237 -0.97015 -0.0730699
v 71.5676 -43.0004 173.193
vn 0.376963 -0.92605 0.0182006
v 69.9907 -43.5529 177.192
vn -0.811791 0.578327 -0.0808229
v 46.8645 -40.7379 216.392
vn -0.938478 0.271476 -0.213448
v 47.9536 -39.3634 215.192
vn -0.768884 0.6285 -0.11749
v 49.6597 -37.7734 210.146
vn 0.117288 -0.971865 -0.204262
v 80.257 -39.5332 160.625
vn 0.316613 -0.921723 -0.224017
v 81.4573 -38.9047 160.246
vn 0.0843724 -0.986923 -0.137351
v 82.3013 -38.9467 160.052
vn 0.0860886 -0.988238 -0.126388
v 82.0878 -38.9694 160.976
vn 0.246854 -0.942557 -0.225054
v 79.6474 -39.6099 160.968
vn 0.401231 -0.889965 -0.216739
v 81.2459 -39.5823 161.918
vn 0.213537 -0.966967 -0.139197
v 79.8218 -40.3125 163.921
vn 0.247207 -0.937848 -0.243578
v 85.1552 -37.08 153.57
vn 0.404813 -0.862227 -0.304452
v 88.3312 -35.6229 148.709
vn 0.62417 -0.69838 -0.350253
v 88.8758 -35.5059 149.375
vn 0.0728048 -0.978498 -0.19298
v 88.5027 -36.005 150.588
vn 0.45219 -0.833949 -0.316311
v 89.8712 -35.1814 150.645
vn -0.0427685 -0.980422 -0.192205
v 87.3059 -36.0825 151.28
vn -0.100816 -0.989556 -0.103027
v 86.4754 -36.0443 153.232
vn -0.665218 0.733571 -0.139138
v 56.6529 -31.6869 204.299
vn 0.894797 0.3515 -0.275293
v 93.917 -30.9342 145.401
vn 0.764084 0.628695 -0.144631
v 93.8336 -30.5153 146.371
vn 0.813346 0.527179 -0.246069
v 93.8987 -30.4656 147.106
vn -0.617984 0.78211 -0.0799936
v 63.5078 -27.7363 193.18
vn 0.812021 0.503463 -0.295207
v 92.6051 -28.696 145.832
vn 0.333364 0.941801 0.0433489
v 92.2042 -28.2395 147.335
vn 0.64738 0.733953 -0.205455
v 91.6781 -27.8698 148.394
vn 0.219428 0.97345 -0.0651712
v 70.3585 -25.8735 183.831
vn -0.548756 0.835975 0.00354327
v 70.6114 -25.9296 183.986
vn 0.0268428 0.998499 -0.0477341
v 70.448 -25.7823 184.928
vn -0.835831 0.548977 -0.00339712
v 70.8433 -25.6958 184.936
vn -0.897798 0.439684 -0.0252436
v 70.9697 -25.4475 185.214
vn -0.271279 0.960126 -0.0675652
v 69.586 -25.6663 185.193
vn 0.196041 0.9792 -0.0523069
v 69.9069 -25.6264 185.294
vn -0.0711756 0.996824 0.0357086
v 70.7759 -25.8034 186.17
vn -0.422404 0.90303 -0.0781729
v 70.7706 -25.6515 186.86
vn -0.0368617 0.998518 -0.040039
v 70.4171 -25.7738 187.358
vn -0.917504 0.395464 -0.0423605
v 70.8884 -25.3202 187.256
vn 0.248089 0.968717 -0.00627377
v 90.8112 -26.8772 150.955
vn 0.325422 0.943053 -0.0689257
v 90.8405 -26.8273 152.718
vn -0.00142188 0.988111 0.153738
v 88.2639 -26.1999 156.036
vn -0.102867 0.991443 0.0803744
v 87.2375 -25.7486 158.541
vn 0.376948 0.9078 -0.183873
v 88.0824 -25.9507 157.659
vn -0.0972959 0.988146 0.118746
v 86.8558 -25.9665 159.029
vn -0.303281 0.93565 0.180496
v 87.3345 -25.7951 158.952
vn -0.0947963 0.989752 0.106796
v 87.6217 -25.7349 159.119
vn 0.0435491 0.998987 -0.0112926
v 82.1101 -25.484 164.564
vn 0.234071 0.970465 -0.0583886
v 81.7439 -25.6574 165.646
vn -0.0278867 0.999513 -0.0140242
v 82.8547 -25.6416 165.369
vn 0.210237 0.92085 -0.328384
v 82.5917 -25.3522 166.241
vn 0.1035 0.975941 -0.191905
v 82.4687 -25.2307 166.508
vn -0.175723 0.984414 0.00711867
v 83.2979 -25.4864 165.621
vn 0.356475 0.911302 -0.206045
v 82.7322 -25.251 166.667
vn -0.202056 0.979339 -0.00833307
v 83.291 -25.5412 166.195
vn 0.147854 0.976578 -0.156317
v 83.0942 -25.5201 166.552
vn 0.500497 0.86011 -0.0985579
v 80.8439 -24.9319 166.918
vn -0.0206719 0.999712 0.0121751
v 80.6555 -24.8696 167.851
vn 0.828512 0.542734 -0.137866
v 81.2338 -25.4379 167.187
vn -0.403013 0.915186 0.00390824
v 82.586 -25.217 168.109
vn 0.101141 0.994728 -0.0169136
v 79.7703 -25.0811 168.738
vn 0.687193 0.721617 -0.0838729
v 81.5652 -25.1141 169.81
vn 0.213543 0.976779 -0.0173547
v 81.2995 -24.9382 170.339
vn 0.0459774 0.99631 -0.0724749
v 78.557 -24.3812 171.508
vn 0.254826 0.964613 -0.0677097
v 79.3365 -24.7096 171.252
vn -0.168322 0.984669 -0.0457652
v 78.3249 -24.2578 175.515
vn 0.107846 0.988881 -0.102393
v 75.9114 -24.4312 175.139
vn -0.24527 0.967347 -0.0638982
v 74.6227 -24.1683 178.551
vn 0.050076 0.993031 -0.106682
v 75.6562 -23.9659 178.803
vn 0.218419 0.971876 -0.0880404
v 76.5963 -24.3611 177.642
vn -0.741737 0.66888 -0.0492575
v 71.2983 -24.8612 184.686
vn -0.275058 0.959458 -0.0615149
v 72.1399 -24.4279 184.176
vn -0.708923 -0.673597 -0.209034
v 51.0276 -56.079 202.836
vn -0.509932 -0.816413 -0.270996
v 52.146 -56.6432 202.494
vn -0.989124 0.103731 0.10428
v 50.0613 -55.6635 205.729
vn -0.715398 -0.638571 -0.283607
v 49.0237 -54.1339 206.05
vn -0.441187 -0.83778 -0.321679
v 49.489 -54.655 206.726
vn -0.473134 -0.814379 -0.336053
v 49.2045 -54.9356 207.615
vn -0.924225 -0.357142 -0.135122
v 48.5986 -54.5893 208.629
vn -0.564247 -0.756599 -0.330428
v 48.0456 -53.6435 209.631
vn -0.99689 -0.0781159 -0.0104099
v 48.5516 -54.3027 209.03
vn -0.874843 -0.437075 -0.208843
v 47.6057 -53.5744 210.763
vn -0.899869 -0.40201 -0.169185
v 46.9301 -52.4168 212.726
vn 0.434487 -0.87331 -0.220342
v 61.0531 -50.6071 189.87
vn 0.966985 -0.236863 -0.093995
v 60.0754 -52.1149 191.496
vn 0.732596 -0.657692 -0.175342
v 60.4097 -51.2914 191.698
vn 0.731697 -0.668028 -0.135492
v 61.6116 -50.6934 191.609
vn -0.977461 -0.152637 -0.145846
v 46.1476 -50.6749 214.233
vn 0.800799 -0.595717 -0.0619922
v 62.4428 -49.0443 188.486
vn 0.73954 -0.668981 -0.0744628
v 62.8219 -48.5106 188.324
vn -0.977349 -0.128976 -0.16779
v 45.6259 -47.831 218.615
vn -0.978807 0.108227 -0.17385
v 45.8271 -46.7459 219.707
vn 0.55272 -0.832009 -0.0475469
v 65.9611 -46.3503 185.839
vn 0.440347 -0.885771 -0.146645
v 64.3387 -47.1451 185.99
vn -0.99002 0.0776995 -0.117575
v 46.761 -45.5849 214.931
vn -0.979562 -0.0623769 -0.191224
v 46.4197 -45.4007 217.163
vn -0.931234 -0.263825 -0.251397
v 45.6944 -45.174 220.08
vn -0.969193 0.137467 -0.204372
v 44.3894 -44.0975 222.508
vn 0.464408 -0.885034 -0.0322499
v 68.7888 -44.123 181.765
vn 0.692823 -0.719501 0.0481166
v 67.7738 -44.9442 182.269
vn 0.569062 -0.822255 -0.00806389
v 67.8287 -44.7564 183.338
vn 0.239571 -0.960164 -0.143843
v 68.5436 -44.4662 183.743
vn -0.853507 0.511391 -0.100029
v 45.1763 -42.5164 223.212
vn -0.00099845 -0.989858 -0.14206
v 74.415 -42.8077 173.476
vn 0.00276918 -0.996509 -0.0834343
v 72.8202 -43.0453 177.092
vn 0.0428528 -0.996428 -0.0727687
v 72.2922 -43.0577 178.527
vn 0.232406 -0.962046 -0.14302
v 69.4392 -43.9075 181.437
vn -0.939457 0.268308 -0.213148
v 47.1637 -39.7243 217.897
vn -0.902943 0.399657 -0.158017
v 46.1259 -41.3357 221.243
vn 0.334083 -0.93921 -0.0792059
v 77.2648 -41.5929 170.188
vn 0.353218 -0.934825 -0.0365924
v 78.0243 -41.2199 170.963
vn 0.223127 -0.967662 -0.117662
v 75.6632 -42.3427 171.737
vn -0.822327 0.548231 -0.152382
v 47.0359 -37.6915 222.922
vn 0.264889 -0.948186 -0.175433
v 80.9698 -40.1198 163.892
vn -0.796998 0.579692 -0.169562
v 49.0489 -36.5646 218.442
vn -0.83546 0.520536 -0.176208
v 49.1121 -35.612 221.21
vn -0.0183318 -0.993747 -0.11014
v 85.6044 -37.8593 157.743
vn -0.33994 -0.940362 -0.012645
v 85.5548 -37.8648 158.413
vn 0.411272 -0.893112 -0.182224
v 86.534 -37.8236 158.644
vn -0.194104 -0.978883 -0.0641216
v 85.1749 -37.7007 158.525
vn 0.0113718 -0.990137 -0.139643
v 84.6288 -38.5264 160.709
vn 0.294024 -0.935786 -0.194562
v 83.7821 -38.4934 160.901
vn -0.185658 -0.979144 -0.0825139
v 90.6182 -35.1769 150.04
vn 0.482303 -0.821875 -0.30316
v 89.4768 -35.8982 151.459
vn 0.0132832 -0.986436 -0.163606
v 90.9592 -35.3594 152.356
vn 0.23519 -0.949242 -0.208866
v 90.14 -36.3607 153.689
vn 0.0719569 -0.988546 -0.132658
v 88.8641 -36.9197 155.419
vn -0.0450089 -0.994455 -0.0950416
v 87.5961 -36.7497 158.15
vn 0.469938 -0.80439 -0.363477
v 93.5454 -33.9119 147.844
vn 0.048644 -0.982364 -0.180541
v 93.5216 -34.2056 148.901
vn 0.435008 -0.831875 -0.344605
v 92.0949 -34.8592 149.147
vn -0.65025 0.743988 -0.153806
v 57.6532 -29.9636 206.061
vn 0.521957 0.852814 0.016377
v 94.425 -29.3586 150.838
vn 0.690753 0.711909 -0.126676
v 94.7719 -29.6346 150.715
vn 0.260641 0.965345 -0.0132652
v 70.3388 -25.7132 188.707
vn -0.917698 0.396833 -0.0188139
v 70.7592 -25.6997 188.256
vn -0.022344 0.999746 0.00301729
v 70.4384 -25.7666 189.819
vn 0.00505958 0.999985 -0.00218089
v 70.6138 -25.7441 190.622
vn 0.406567 0.912901 -0.0362513
v 69.9908 -25.4623 191.193
vn 0.474394 0.880021 -0.0226567
v 70.3105 -25.6957 191.138
vn 0.519033 0.854661 0.0125957
v 70.0659 -25.4482 191.674
vn 0.0663691 0.997626 -0.0183467
v 69.7633 -25.3976 192.19
vn 0.234888 0.969972 -0.0630937
v 70.4062 -25.7467 191.548
vn 0.478128 0.878247 0.00867199
v 70.2767 -25.6475 191.814
vn 0.142781 0.959604 0.242432
v 70.3539 -25.7611 192.218
vn 0.0757916 0.997072 -0.0101173
v 70.5883 -25.7084 191.871
vn 0.526089 0.849252 0.0447516
v 70.0935 -25.5673 192.749
vn -0.482194 0.869702 -0.105397
v 64.6897 -26.8379 198.33
vn 0.599106 0.784177 -0.161674
v 93.2865 -27.4911 153.524
vn 0.305931 0.947859 -0.0892735
v 88.9114 -26.4195 157.837
vn -0.176459 0.967035 0.183592
v 88.3307 -26.1218 161.319
vn 0.161518 0.985567 -0.0506973
v 86.3822 -25.844 162.237
vn 0.098671 0.995001 0.0154167
v 87.377 -26.0483 162.494
vn 0.196563 0.976469 -0.0887171
v 86.6073 -25.5051 164.446
vn -0.0940866 0.988407 -0.119165
v 83.8028 -25.4386 166.619
vn -0.304489 0.948103 -0.0915787
v 83.4549 -25.3802 167.212
vn -0.0184247 0.979216 -0.20198
v 83.8786 -25.2047 167.347
vn 0.0265988 0.999569 -0.0124035
v 84.9785 -25.4328 165.919
vn 0.114469 0.984031 -0.136306
v 84.6183 -25.4146 167.103
vn 0.327204 0.928742 -0.174289
v 83.169 -25.2714 168.328
vn 0.402862 0.876274 -0.264285
v 83.0434 -25.0916 168.634
vn -0.219379 0.975417 -0.020828
v 84.0724 -25.112 168.155
vn 0.408128 0.893699 -0.18637
v 83.4158 -25.1853 169.169
vn -0.0538473 0.998545 -0.00277866
v 83.2493 -24.9899 170.105
vn -0.233747 0.971537 -0.0384431
v 83.7842 -25.2253 169.741
vn 0.0431185 0.996967 -0.0647847
v 84.6217 -25.0766 168.48
vn 0.0613059 0.992429 -0.106422
v 84.9 -25.0835 169.346
vn 0.48015 0.873375 -0.0816786
v 81.9555 -25.4556 170.768
vn -0.35168 0.935692 0.0282976
v 82.1811 -25.4411 171.601
vn -0.138266 0.990008 0.0276739
v 82.8289 -25.2346 171.272
vn -0.0396278 0.997891 -0.0514192
v 83.9014 -25.0401 170.847
vn 0.369049 0.928752 -0.0349572
v 81.5409 -25.0832 172.243
vn 0.263234 0.961334 -0.0809039
v 80.1065 -24.7262 174.162
vn 0.400737 0.914708 -0.0521411
v 76.1504 -23.9315 179.795
vn 0.503545 0.863498 -0.0285186
v 76.5079 -24.1718 179.675
vn 0.11194 0.991815 -0.0614223
v 76.7437 -24.2861 179.824
vn 0.414286 0.909184 -0.0418635
v 76.387 -24.1037 181.096
vn 0.166309 0.984945 -0.0471656
v 75.7542 -23.7096 182.342
vn -0.241659 -0.901229 -0.359704
v 56.6414 -57.0606 196.805
vn -0.470987 -0.8416 -0.264351
v 53.8993 -57.7963 202.572
vn -0.783192 -0.595683 -0.178246
v 50.6435 -57.503 209.708
vn -0.990383 -0.138323 -0.00290956
v 50.4517 -57.1904 210.271
vn -0.970958 -0.234244 -0.0486851
v 50.4627 -57.5474 210.653
vn -0.00384728 -0.924744 -0.380571
v 49.4049 -57.1191 212.566
vn 0.75454 -0.604917 -0.254449
v 59.1253 -56.4 196.138
vn 0.626324 -0.710336 -0.321157
v 58.8861 -57.0822 197.34
vn 0.0528345 -0.921489 -0.384793
v 57.9808 -57.2506 196.917
vn -0.061972 -0.919917 -0.387184
v 49.6549 -56.3805 210.787
vn -0.355195 -0.873792 -0.332151
v 49.9729 -56.4946 210.985
vn -0.996654 -0.0781774 0.0238465
v 48.682 -56.3591 213.355
vn -0.854817 -0.479383 -0.198694
v 47.7419 -55.7381 214.849
vn -0.302968 -0.891686 -0.336314
v 47.9698 -55.8792 214.995
vn -0.996678 -0.0787614 0.0207176
v 48.6839 -56.1419 214.289
vn -0.483033 -0.82767 -0.285731
v 48.3734 -55.9629 214.892
vn -0.904702 -0.403722 -0.1361
v 47.3775 -55.6947 216.728
vn -0.984733 0.160247 -0.0679866
v 45.5835 -49.1552 219.386
vn -0.991393 0.0458118 -0.122641
v 45.4987 -49.3068 221.096
vn -0.981044 0.16313 -0.104604
v 45.2171 -50.2285 221.694
vn -0.961805 -0.191349 -0.195749
v 45.1703 -49.371 222.654
vn -0.991247 0.093624 -0.0930759
v 44.7793 -51.2398 223.606
vn -0.982188 -0.059865 -0.178107
v 44.5234 -49.1136 225.049
vn 0.852601 -0.515846 -0.083513
v 61.8964 -50.2351 192.445
vn 0.120137 -0.956474 -0.265941
v 63.5048 -49.1127 193.323
vn 0.413785 -0.8881 -0.200154
v 62.853 -49.5457 194.715
vn 0.212067 -0.951166 -0.224301
v 63.6514 -49.3667 194.128
vn 0.129144 -0.964012 -0.232386
v 63.3 -49.4817 194.627
vn 0.515942 -0.837153 -0.181601
v 64.071 -48.6532 192.227
vn -0.903392 -0.334864 -0.26786
v 43.6911 -45.514 226.043
vn -0.934889 0.337926 -0.108572
v 43.6467 -44.2679 226.276
vn -0.891661 0.45143 -0.0339286
v 43.1699 -44.6884 229.171
vn -0.944568 0.310504 -0.106672
v 43.4863 -44.2214 229.326
vn -0.974111 0.0131991 -0.225685
v 43.2588 -44.249 230.242
vn 0.219705 -0.965457 -0.140076
v 69.2475 -44.4449 183.811
vn 0.393615 -0.913745 -0.100686
v 67.7607 -45.0177 186.466
vn -0.831037 0.553629 -0.0536005
v 44.0087 -43.6553 225.398
vn -0.938235 0.288852 -0.190474
v 44.3617 -42.9412 226.606
vn -0.784457 0.620023 -0.0141082
v 43.9554 -43.7818 226.775
vn -0.854799 0.51429 -0.0694514
v 43.9195 -42.7936 229.481
vn 0.213277 -0.976165 -0.04018
v 73.8961 -43.215 177.045
vn 0.106349 -0.990837 -0.0832542
v 72.7647 -43.4117 180.584
vn 0.364845 -0.922127 -0.128728
v 69.8151 -44.1346 183.077
vn 0.151868 -0.980444 -0.125165
v 70.5001 -43.8019 182.762
vn -0.0045213 -0.988775 -0.149345
v 70.0479 -44.3586 186.731
vn 0.223306 -0.968517 -0.110038
v 69.7044 -44.4467 187.233
vn -0.939666 0.324329 -0.108803
v 44.6935 -41.4153 229.143
vn 0.191498 -0.980342 -0.0475127
v 76.7818 -41.9773 177.276
vn -0.9248 0.346303 -0.157544
v 45.7997 -38.9514 226.475
vn -0.851392 0.514391 -0.10263
v 45.8137 -38.2614 228.883
vn 0.26474 -0.958742 -0.103572
v 80.983 -40.7628 168.845
vn -0.848002 0.515695 -0.122279
v 48.0193 -35.2056 226.477
vn -0.0524836 -0.99707 -0.055651
v 86.0609 -38.0256 160.476
vn 0.571927 -0.795761 -0.199157
v 87.3485 -37.3896 159.798
vn 0.351687 -0.918676 -0.179863
v 85.178 -38.7041 162.098
vn 0.324257 -0.934286 -0.148214
v 85.9593 -38.1847 162.33
vn 0.114685 -0.990756 -0.0724534
v 86.2566 -38.1627 163.052
vn -0.0312903 -0.998953 -0.033371
v 86.7654 -38.2141 163.359
vn 0.00983793 -0.999685 -0.0231
v 86.4689 -38.1806 163.88
vn 0.18687 -0.976813 -0.104479
v 86.946 -38.1906 163.115
vn 0.309434 -0.934506 -0.175925
v 84.3452 -39.2203 164.789
vn 0.176989 -0.976928 -0.119529
v 85.4602 -38.9234 165.082
vn -0.754695 0.637512 -0.154962
v 50.1367 -33.7088 221.333
vn 0.111432 -0.971327 -0.210014
v 93.0481 -35.749 152.929
vn 0.345255 -0.892599 -0.289941
v 91.9535 -36.2812 156.164
vn -0.563646 -0.809993 0.161908
v 89.5634 -36.8003 157.926
vn 0.191223 -0.973799 -0.123086
v 91.3044 -36.4922 156.492
vn 0.187931 -0.98014 -0.0633022
v 90.313 -36.9999 158.387
vn 0.0992723 -0.984575 -0.144073
v 88.4704 -36.6888 157.966
vn -0.735757 0.649164 -0.192999
v 54.832 -30.152 218.975
vn -0.846319 0.467131 -0.255994
v 54.3703 -30.1684 220.451
vn 0.826777 -0.340138 -0.448047
v 95.4143 -33.399 149.885
vn 0.90541 0.273682 -0.324548
v 95.9606 -32.1657 150.906
vn -0.475456 0.872525 -0.112439
v 59.9098 -27.5078 212.363
vn 0.690668 0.673203 -0.264151
v 94.5189 -29.3344 152.642
vn 0.614167 0.782419 -0.103052
v 94.7775 -29.6653 152.47
vn 0.270789 0.958828 0.0855716
v 93.4509 -27.4886 154.671
vn 0.110749 0.982775 0.147949
v 93.3578 -27.6418 155.327
vn 0.293181 0.951491 0.0933314
v 94.0326 -27.932 156.45
vn 0.30098 0.950925 -0.0717811
v 91.9336 -26.7114 157.56
vn 0.00139889 0.997148 0.07546
v 90.3483 -26.2641 163.931
vn 0.0273328 0.998847 0.0394563
v 90.0049 -26.3522 164.432
vn 0.415384 0.899515 -0.135386
v 88.4487 -26.2 166.993
vn 0.231756 0.965929 -0.1152
v 88.0509 -25.8163 168.478
vn -0.289858 0.953939 0.0773521
v 83.6747 -25.1076 171.767
vn 0.0444894 0.998974 0.00845336
v 83.4388 -25.2064 172.683
vn -0.36744 0.909483 0.194497
v 84.5638 -25.2591 174.407
vn -0.806307 0.587639 -0.0674502
v 70.7494 -25.3288 193.822
vn -0.760949 0.647145 -0.0464719
v 70.9238 -24.8309 194.59
vn 0.148026 0.988096 -0.0418954
v 69.6232 -25.32 198.399
vn -0.474155 0.874761 -0.099851
v 70.3356 -25.2511 197.293
vn 0.251227 0.959068 -0.130663
v 85.5833 -24.982 171.146
vn -0.209071 0.974259 -0.0843113
v 84.5034 -24.8257 171.191
vn 0.092723 0.992287 -0.0822725
v 85.062 -24.759 171.519
vn -0.221175 0.974518 0.0373649
v 84.5772 -24.7882 172.282
vn 0.248989 0.960502 -0.12426
v 81.5023 -24.6609 178.488
vn 0.0849871 0.99378 -0.0719664
v 79.9928 -23.8569 181.379
vn -0.0153907 0.995361 -0.0949737
v 77.4365 -23.946 182.661
vn -0.0470933 0.997012 -0.061226
v 78.6385 -24.0937 181.639
vn -0.0449161 0.996175 -0.074958
v 76.9308 -23.9238 183.889
vn 0.133491 0.987622 -0.0823597
v 78.3106 -23.8522 185.275
vn 0.197812 0.979762 -0.0306119
v 76.4311 -23.8793 185.906
vn -0.135671 -0.940222 -0.31237
v 57.827 -58.9996 201.5
vn -0.853637 -0.507483 -0.117328
v 50.6001 -57.9861 211.467
vn -0.989761 -0.138797 0.0332946
v 50.5556 -57.671 211.585
vn -0.0119891 -0.929536 -0.368538
v 49.729 -57.1259 212.635
vn -0.675196 -0.711803 -0.193511
v 49.4708 -58.4777 216.427
vn -0.93735 -0.346392 -0.0372542
v 48.9718 -57.1752 217.387
vn -0.88965 -0.452953 -0.0579436
v 48.9669 -58.1223 217.443
vn -0.605459 -0.763387 -0.225078
v 47.8218 -57.2327 219.204
vn 0.896697 -0.404477 -0.179814
v 59.2598 -56.9833 198.36
vn 0.981713 -0.178014 -0.0674504
v 59.6575 -56.3217 199.948
vn 0.887669 -0.412544 -0.204575
v 59.3436 -58.194 200.714
vn -0.920502 -0.36423 -0.141466
v 46.5385 -54.9848 221.377
vn 0.99201 -0.126052 0.00520969
v 59.9432 -54.8046 199.659
vn 0.924161 -0.361973 -0.12207
v 59.9309 -54.5902 200.661
vn -0.987831 -0.118996 -0.100154
v 44.6128 -52.312 225.334
vn -0.896376 -0.420102 -0.141507
v 45.0093 -53.3678 225.296
vn 0.594034 -0.778404 -0.203004
v 61.5015 -52.685 199.035
vn -0.896849 -0.398985 -0.190977
v 44.0542 -49.8697 228.323
vn -0.984574 -0.128775 -0.118449
v 44.6019 -50.6631 227.657
vn -0.993058 0.0977685 -0.0654004
v 44.5694 -51.006 228.027
vn 0.550827 -0.813982 -0.184453
v 63.9707 -49.4103 195.371
vn -0.947369 -0.236412 -0.215875
v 43.6417 -47.7966 230.027
vn -0.986598 -0.0128282 -0.162665
v 43.7025 -48.4516 230.111
vn 0.786425 -0.610323 -0.0950889
v 65.7993 -47.6647 195.985
vn -0.892849 0.447588 0.0498641
v 42.8585 -45.4447 230.79
vn -0.991809 0.00330153 -0.127687
v 42.6393 -46.0358 231.052
vn -0.935786 -0.224973 -0.271463
v 43.0748 -44.9619 231.584
vn -0.95751 0.23252 -0.170612
v 42.9227 -44.3104 231.796
vn -0.953803 -0.137788 -0.266972
v 42.6369 -44.9504 232.722
vn -0.94856 0.299692 -0.102068
v 42.4932 -44.9289 233.684
vn -0.987442 0.157955 -0.00273718
v 42.646 -46.3817 234.382
vn -0.986022 -0.0281341 -0.164223
v 42.1215 -45.6901 235.267
vn -0.833038 -0.488045 -0.260499
v 42.3535 -45.9917 235.077
vn 0.570197 -0.813542 -0.114126
v 66.1994 -46.9296 193.812
vn -0.72687 0.682162 0.0794694
v 43.4425 -43.5835 232.403
vn -0.0365323 -0.98933 -0.141034
v 69.9823 -44.6309 188.461
vn 0.106033 -0.986771 -0.122638
v 70.4096 -44.634 188.366
vn 0.424957 -0.898153 -0.112842
v 69.1788 -45.0894 191.864
vn -0.965528 0.219589 -0.139774
v 43.7465 -41.9019 233.512
vn 0.330409 -0.943833 -0.00303973
v 77.6762 -42.1109 179.918
vn 0.282944 -0.958887 -0.0218748
v 74.9698 -42.5126 184.632
vn -0.794151 0.607687 -0.00633385
v 45.1723 -38.8212 233.09
vn -0.851527 0.522519 -0.043314
v 44.4499 -39.694 234.472
vn -0.912185 0.396251 -0.104425
v 45.5076 -38.3447 233.605
vn 0.400177 -0.915609 -0.0389725
v 81.3243 -40.994 172.914
vn -0.821126 0.563057 -0.0933775
v 46.4586 -37.2626 229.545
vn 0.153447 -0.985082 -0.0778902
v 87.0496 -38.2147 163.528
vn 0.334037 -0.936273 -0.108687
v 87.7539 -38.2419 165.349
vn -0.0103158 -0.999612 -0.0258863
v 87.3055 -38.3104 165.437
vn 0.274199 -0.953608 -0.124282
v 85.174 -39.6184 168.11
vn -0.0233822 -0.997713 -0.0634235
v 84.6733 -39.7014 168.868
vn -0.0977415 -0.98376 -0.150541
v 91.8444 -36.7012 157.879
vn 0.0941592 -0.971245 -0.218673
v 92.6797 -37.002 159.098
vn 0.446491 -0.853606 -0.268334
v 93.1986 -36.6775 158.684
vn 0.175241 -0.974983 -0.136747
v 89.8668 -36.7349 159.852
vn -0.134092 -0.989063 0.0614302
v 90.4837 -37.0089 159.889
vn -0.169689 -0.984674 0.0402771
v 90.3436 -36.9456 160.151
vn -0.128229 -0.991666 0.0124972
v 90.0713 -36.7921 160.677
vn 0.133246 -0.988544 -0.0708951
v 91.1028 -36.9494 161.303
vn -0.0442462 -0.998795 -0.0212121
v 91.5067 -36.8246 160.726
vn 0.0575439 -0.994379 -0.0888777
v 89.2269 -37.1864 161.602
vn -0.238309 -0.971108 -0.0125414
v 88.9491 -37.1149 161.702
vn 0.305496 -0.942785 -0.133528
v 89.716 -36.9205 161.175
vn -0.788945 0.581 -0.200012
v 51.7717 -31.34 227.035
vn 0.608377 -0.694902 -0.383392
v 94.6672 -35.1599 153.851
vn -0.0199312 -0.989647 -0.142132
v 95.2439 -34.8611 153.473
vn -0.744673 0.636369 -0.201241
v 54.283 -29.6454 221.761
vn -0.572853 0.813705 -0.0986048
v 54.8691 -29.1849 221.678
vn 0.790852 0.56637 -0.231901
v 96.8431 -31.3984 153.826
vn 0.60418 0.771821 -0.198138
v 95.8106 -29.1646 155.849
vn -0.334599 0.937736 -0.0932465
v 63.3938 -26.068 209.786
vn 0.524774 0.832541 -0.177445
v 95.4504 -29.0099 155.973
vn 0.568045 0.808572 -0.153412
v 95.1448 -28.5671 157.858
vn 0.49627 0.854946 -0.150942
v 94.1928 -27.9768 157.948
vn 0.461373 0.867391 -0.186462
v 93.7603 -27.2894 159.04
vn 0.1335 0.989327 0.058398
v 93.0455 -27.1211 162.801
vn 0.234494 0.970192 -0.0611505
v 88.9569 -26.3502 167.307
vn 0.341359 0.923785 -0.173482
v 89.9312 -26.3754 169.289
vn -0.105863 0.994209 -0.0184901
v 73.0718 -24.065 194.765
vn -0.549834 0.788172 0.276529
v 85.3671 -25.113 175.575
vn -0.304964 0.933649 0.187874
v 85.9681 -24.8244 175.963
vn -0.41335 0.878184 0.240694
v 85.9966 -25.2916 177.363
vn 0.272317 0.957723 -0.0927935
v 85.1751 -25.3793 177.512
vn -0.0451846 0.993343 -0.105961
v 83.0629 -25.0145 178.743
vn -0.00388583 0.994302 -0.106525
v 83.7778 -24.7928 179.503
vn -0.119192 0.990246 -0.0721584
v 81.1279 -23.5493 184.482
vn -0.046426 0.997584 -0.0516879
v 80.1436 -23.657 186.003
vn -0.0202522 0.995986 -0.0871909
v 79.6539 -23.5397 187.452
vn -0.103141 0.991928 -0.0737566
v 78.6894 -23.5803 188.98
vn -0.0772622 0.99557 -0.0535756
v 76.5108 -23.708 189.44
vn -0.248528 0.966048 -0.0706094
v 77.3767 -23.1423 190.265
vn -0.200788 0.977722 -0.0611833
v 73.4988 -24.0287 194.693
vn 0.389364 -0.854499 -0.343842
v 58.978 -58.9143 201.48
vn -0.668842 -0.721184 -0.180401
v 51.0758 -59.5457 215.012
vn -0.0682744 -0.941807 -0.329149
v 49.7469 -58.8308 216.967
vn -0.929598 -0.366753 -0.0365961
v 50.8628 -59.4735 215.99
vn -0.893257 -0.444566 -0.0667384
v 50.8472 -59.2542 216.954
vn -0.317127 -0.902611 -0.291075
v 50.4952 -59.035 217.428
vn -0.340765 -0.897725 -0.279231
v 48.37 -58.1655 221.347
vn -0.927169 -0.374568 -0.00755874
v 49.3604 -58.841 220.237
vn -0.826291 -0.552556 -0.109199
v 47.7423 -58.1369 224.12
vn 0.999226 -0.00811654 -0.0384785
v 59.9448 -57.2148 204.733
vn -0.886302 -0.450619 -0.106825
v 46.8591 -56.4022 222.419
vn 0.688442 -0.701427 -0.18452
v 60.7527 -54.1798 202.546
vn 0.962698 -0.25217 -0.0980908
v 59.9432 -56.2643 204.663
vn -0.987484 -0.0815816 -0.134983
v 44.4109 -52.6765 229.438
vn -0.942636 -0.320096 -0.0947387
v 44.4116 -53.3828 230.19
vn -0.99 -0.0799315 -0.116233
v 44.161 -52.3794 230.318
vn -0.992889 0.101695 -0.0618819
v 44.1444 -52.2753 232.4
vn -0.987533 -0.14881 -0.0513219
v 43.9799 -53.2754 233.424
vn -0.970388 -0.204078 -0.129223
v 43.4977 -50.107 231.508
vn -0.995685 0.0427138 -0.0823885
v 44.3639 -51.625 231.564
vn -0.978065 -0.160539 -0.132722
v 43.3466 -49.6063 233.176
vn -0.893494 -0.395088 -0.213481
v 43.217 -50.0029 234.344
vn -0.965495 -0.240047 -0.10098
v 43.9856 -51.8034 234.37
vn -0.73296 -0.634478 -0.245371
v 42.9344 -50.7676 236.468
vn 0.443079 -0.869637 -0.217743
v 63.8458 -50.6852 199.588
vn -0.978304 -0.163408 -0.127356
v 42.9967 -49.4142 235.358
vn -0.731478 -0.64094 -0.232671
v 42.0721 -47.0464 238.485
vn -0.984814 -0.166759 -0.0482985
v 42.3786 -48.643 238.783
vn 0.773811 -0.616612 -0.144937
v 64.8466 -49.5504 198.703
vn 0.9117 -0.409219 -0.0366524
v 65.4078 -48.5216 199.313
vn 0.63536 -0.760106 -0.136223
v 65.5586 -48.2627 199.419
vn -0.760447 0.64268 0.0931789
v 42.156 -45.2512 237.005
vn -0.965828 0.258552 -0.0181062
v 41.8325 -45.9214 238.331
vn -0.512391 0.800614 0.310601
v 42.313 -45.4768 237.815
vn -0.801214 0.586023 0.120969
v 42.8844 -44.8792 237.413
vn -0.858439 -0.474161 -0.195585
v 41.7382 -46.9029 238.975
vn -0.997121 0.0707715 -0.027233
v 41.69 -46.5552 238.789
vn -0.588117 0.767646 0.254633
v 42.5569 -45.5042 238.312
vn -0.986303 0.0586993 -0.154147
v 42.6464 -45.0123 239.38
vn -0.628718 0.738352 0.24403
v 41.9803 -46.4929 240.139
vn 0.498225 -0.853207 -0.154303
v 68.1754 -46.0635 195.886
vn 0.445988 -0.866004 -0.226123
v 67.3646 -47.2486 198.287
vn 0.270326 -0.9533 -0.134692
v 70.516 -44.9108 191.599
vn -0.924249 0.381417 -0.0168764
v 43.8045 -40.7036 236.959
vn -0.833098 0.552777 0.0196356
v 44.1686 -40.2726 237.834
vn -0.949658 0.309412 -0.0491365
v 43.7077 -41.3132 240.095
vn -0.969244 0.230298 -0.0867668
v 43.7346 -40.726 240.418
vn -0.991383 0.0757579 -0.106865
v 43.6753 -41.3744 240.78
vn 0.254461 -0.967017 0.0113231
v 78.0734 -41.7266 181.876
vn -0.00513486 -0.998254 -0.0588522
v 75.5179 -42.5471 185.661
vn 0.129173 -0.991606 -0.00574551
v 75.9177 -42.6273 186.605
vn 0.140646 -0.98998 -0.012593
v 75.041 -42.6673 188.185
vn -0.929578 0.361109 -0.0740623
v 44.6501 -38.7905 237.325
vn -0.965842 0.225541 -0.127594
v 44.5871 -39.4376 237.684
vn -0.830391 0.551699 0.0779606
v 45.2231 -38.0462 237.613
vn -0.955988 0.268414 -0.118492
v 44.3125 -39.516 239.227
vn 0.3544 -0.931003 -0.0873755
v 83.3049 -40.2976 173.694
vn 0.0857801 -0.995751 -0.0334835
v 82.1353 -40.8718 175.837
vn 0.177065 -0.982478 -0.0581776
v 80.2415 -41.6989 177.218
vn 0.602325 -0.797692 -0.0298654
v 80.9231 -41.4215 177.604
vn 0.0410119 -0.99894 -0.0209089
v 78.9862 -41.6486 179.265
vn -0.0661493 -0.996545 -0.0502209
v 79.8081 -42.0284 181.882
vn -0.0712649 -0.995348 -0.0648302
v 78.8217 -41.7675 183.025
vn -0.860278 0.509297 -0.0232052
v 45.7122 -37.1261 236.438
vn -0.823946 0.566313 -0.0200721
v 46.4577 -35.8104 236.787
vn -0.861849 0.505269 0.0438024
v 45.7399 -37.0197 238.371
vn -0.914742 0.403523 -0.0204065
v 46.4729 -35.9615 238.207
vn 0.117905 -0.991947 -0.0462629
v 87.7571 -38.3301 168.857
vn 0.148239 -0.987409 -0.0552087
v 84.9424 -39.8825 172.54
vn -0.817569 0.575098 -0.0290479
v 46.8082 -35.3393 237.312
vn 0.311249 -0.923823 -0.222877
v 93.7994 -36.4675 159.027
vn -0.232686 -0.971721 -0.0401846
v 92.5455 -37.115 160.076
vn 0.251855 -0.948269 -0.193275
v 93.8693 -37.4073 161.935
vn -0.00517728 -0.997926 -0.0641649
v 89.7322 -37.3901 166.817
vn 0.420199 -0.894687 -0.151554
v 89.4207 -37.5582 167.693
vn -0.717883 0.683079 -0.134339
v 50.7625 -31.4149 230.637
vn -0.747659 0.658107 -0.0888898
v 49.1568 -32.9935 232.244
vn -0.692155 0.720585 -0.0409772
v 49.9941 -31.6853 235.448
vn 0.272061 -0.923623 -0.270005
v 97.0578 -35.3193 155.637
vn -0.0858209 -0.991428 -0.09852
v 96.9844 -35.4053 156.299
vn 0.609412 -0.718638 -0.334927
v 96.591 -35.4998 157.471
vn 0.466533 -0.841 -0.273981
v 96.1439 -36.3159 158.313
vn -0.0826892 -0.994478 -0.0646216
v 94.2491 -36.3946 158.939
vn 0.249725 -0.958863 -0.134977
v 93.9264 -36.4629 159.452
vn -0.00683867 -0.997465 -0.070828
v 95.241 -36.6861 159.552
vn 0.891164 0.191294 -0.411381
v 98.5392 -33.3462 155.677
vn 0.70772 -0.561567 -0.428689
v 98.4592 -34.6293 156.157
vn 0.704429 0.684795 -0.186643
v 97.0772 -30.0269 158.065
vn 0.726853 0.642932 -0.2415
v 97.9005 -30.8912 158.618
vn -0.394584 0.91631 -0.0684048
v 61.3812 -26.1763 217.692
vn 0.519619 0.835162 -0.180276
v 95.9289 -27.8643 161.773
vn -0.0509189 0.995369 -0.0815281
v 70.5589 -24.4482 202.742
vn -0.202068 0.975033 -0.092081
v 68.9725 -24.8328 206.259
vn 0.0228806 0.998735 -0.0447704
v 68.4788 -24.8795 206.432
vn -0.238688 0.965699 -0.102241
v 67.7311 -24.7726 209.478
vn 0.561973 0.772613 -0.295392
v 94.7935 -27.2634 166.302
vn 0.0604088 0.997862 0.0249388
v 91.2825 -26.312 168.34
vn 0.10239 0.994742 -0.00223466
v 90.8094 -26.5141 170.172
vn 0.0603187 0.998144 0.0083599
v 89.2639 -25.5063 174.427
vn -0.0307606 0.999036 0.0313303
v 86.414 -25.4806 179.025
vn -0.13076 0.981058 0.142922
v 86.8827 -25.3983 178.912
vn 0.317089 0.931946 -0.175871
v 85.3376 -24.9863 180.447
vn 0.115314 0.979397 -0.165786
v 83.4334 -24.2318 182.757
vn -0.290476 0.956863 0.00606458
v 81.1508 -23.5608 186.596
vn -0.420883 0.906388 -0.0363227
v 75.7535 -23.1664 195.128
vn 0.446111 0.88062 -0.159665
v 76.2179 -23.2342 195.53
vn 0.427514 0.896226 -0.118369
v 76.1068 -23.0724 195.802
vn -0.402622 0.906495 0.127131
v 75.9138 -23.005 196.151
vn 0.483718 0.874935 -0.0224623
v 76.0336 -23.072 196.458
vn 0.542727 0.837414 -0.0646962
v 76.552 -23.3904 196.09
vn -0.365165 0.930932 -0.00453484
v 75.5916 -23.2046 196.554
vn -0.176514 0.981851 -0.0693615
v 75.1752 -23.2142 198.406
vn -0.358737 0.930381 -0.075494
v 75.8451 -22.9325 198.085
vn -0.179004 0.980015 -0.0867667
v 74.4286 -23.0542 199.699
vn -0.370076 0.926636 -0.066247
v 71.1558 -24.1683 202.728
vn -0.638952 0.750306 -0.169652
v 68.9651 -24.1469 208.769
vn -0.162294 0.979127 -0.122356
v 69.6553 -23.8425 208.108
vn 0.313177 0.948743 -0.0424997
v 70.1963 -23.9984 207.742
vn -0.489157 0.871973 0.0197172
v 81.6075 -23.3915 189.741
vn 0.126813 0.988106 -0.0869747
v 78.4348 -22.9767 195.083
vn -0.48178 -0.852311 -0.203604
v 53.1221 -61.0456 215.64
vn 0.455788 -0.834565 -0.309448
v 59.5371 -60.8653 207.77
vn -0.624408 -0.756663 -0.193847
v 49.1176 -58.9604 223.25
vn 0.999749 0.0220273 -0.00404271
v 59.8448 -57.0807 206.763
vn -0.831781 -0.535487 -0.14627
v 46.6114 -57.4607 229.927
vn 0.788193 -0.576113 -0.216438
v 60.2316 -56.5498 206.605
vn 0.900614 -0.409231 -0.146369
v 60.5589 -55.7901 207.445
vn 0.997661 0.0432419 -0.0529428
v 60.629 -56.6306 209.297
vn -0.972323 -0.233177 -0.0147063
v 44.1036 -53.5382 235.616
vn -0.992272 -0.123558 0.0114094
v 43.9464 -53.0431 237.356
vn 0.791485 -0.594421 -0.142179
v 62.0253 -52.5784 205.638
vn 0.286277 -0.929833 -0.231207
v 62.3628 -53.0606 208.323
vn -0.752984 -0.61336 -0.238338
v 43.2577 -51.3678 237.054
vn -0.954502 -0.285043 -0.0876126
v 43.9239 -52.0139 236.798
vn -0.94362 -0.321086 -0.0805313
v 43.0477 -51.7477 239.548
vn -0.982061 -0.183764 -0.0422735
v 42.8589 -50.2639 240.936
vn 0.820146 -0.561073 -0.112063
v 64.7559 -50.5152 202.217
vn -0.98095 -0.188326 -0.0476454
v 42.791 -49.6317 238.05
vn -0.999064 0.0414767 0.0122807
v 42.4508 -48.1788 240.192
vn -0.780311 -0.597074 -0.186057
v 41.937 -48.2518 242.34
vn -0.98964 -0.143541 -0.00284957
v 42.4931 -49.4012 242.755
vn -0.998469 0.0214982 0.0509673
v 41.6665 -47.9052 242.799
vn -0.913244 0.375634 0.15775
v 41.7782 -47.6344 242.901
vn -0.776155 -0.601222 -0.190039
v 42.4761 -49.1149 243.074
vn 0.0829507 -0.955624 -0.282671
v 66.1276 -48.8527 202.915
vn 0.0296622 -0.949442 -0.312537
v 66.4512 -49.0448 203.471
vn -0.87088 0.465616 0.157382
v 41.7636 -47.1669 241.459
vn -0.985586 -0.055321 -0.159876
v 42.2386 -45.7541 241.64
vn -0.964854 0.262467 -0.012992
v 42.2752 -45.1656 241.619
vn -0.995402 -0.0161674 -0.0944113
v 41.9838 -46.2342 243.972
vn -0.967601 0.251787 0.0187796
v 42.0187 -45.9296 243.966
vn -0.95581 0.288019 0.0589286
v 42.0615 -47.5286 244.112
vn 0.713364 -0.681892 -0.161665
v 68.0583 -47.2561 200.801
vn 0.561201 -0.813853 -0.150658
v 68.507 -46.7035 200.328
vn 0.0255892 -0.983212 -0.180664
v 69.4011 -46.5755 200.152
vn -0.986774 0.155118 -0.0470757
v 43.0434 -43.4844 244.754
vn -0.987733 0.0160387 -0.155324
v 43.2981 -42.1272 243.059
vn -0.983641 0.170258 -0.0588388
v 43.0414 -42.5337 244.685
vn 0.263638 -0.964621 -0.000587782
v 76.6682 -42.2849 187.377
vn -0.851644 0.521155 0.0556763
v 44.2654 -39.6497 241.007
vn 0.226087 -0.971854 -0.0662196
v 83.2038 -40.665 178.99
vn -0.214475 -0.976321 -0.0282518
v 82.0849 -40.9789 180.014
vn 0.347679 -0.936229 -0.0509317
v 82.3865 -41.0825 181.251
vn 0.48722 -0.87235 -0.040286
v 80.6691 -41.84 182.381
vn 0.752356 -0.656626 -0.0529447
v 81.0545 -41.3815 182.928
vn 0.108735 -0.993408 -0.0363028
v 81.5297 -40.9208 182.128
vn 0.672954 -0.73759 -0.055616
v 81.2355 -41.0774 182.511
vn 0.453445 -0.888367 -0.0720549
v 81.3753 -41.1187 183.45
vn -0.926403 0.374218 -0.0416907
v 46.0958 -36.1175 240.793
vn -0.98556 0.148272 -0.0817676
v 45.8322 -37.082 241.755
vn -0.922703 0.384672 0.025421
v 45.5773 -38.0133 242.37
vn 0.487245 -0.867227 -0.102517
v 87.7498 -39.0428 173.802
vn 0.317527 -0.947668 -0.033184
v 86.9073 -39.3714 174.374
vn -0.758204 0.65153 0.0251929
v 46.6563 -35.4051 241.425
vn -0.295217 -0.953935 0.0534377
v 93.9319 -37.2941 165.464
vn -0.126695 -0.991578 0.0268415
v 92.3988 -37.0597 166.283
vn 0.30106 -0.947861 -0.104508
v 90.0228 -37.6033 169.455
vn 0.109515 -0.991817 -0.0656198
v 90.62 -37.5461 169.456
vn 0.379229 -0.916304 -0.128736
v 91.7582 -37.341 170.12
vn 0.486416 -0.862785 -0.137848
v 89.4882 -37.9419 169.86
vn 0.433869 -0.895018 -0.103444
v 87.9998 -38.5081 171.813
vn -0.0964835 -0.994965 -0.0271175
v 95.2756 -36.6184 161.317
vn 0.488397 -0.845622 -0.215389
v 96.9565 -36.1379 159.834
vn 0.544722 -0.787967 -0.28703
v 94.5037 -36.8885 161.926
vn -0.481558 0.876413 -0.00118811
v 51.1677 -30.6101 236.904
vn -0.554737 0.831898 0.0145839
v 50.887 -30.7427 239.061
vn 0.51771 -0.7877 -0.333924
v 98.9084 -35.2698 158.035
vn -0.418512 0.907741 -0.0292179
v 59.523 -26.5422 226.408
vn 0.726505 0.621351 -0.29345
v 98.6482 -30.4446 161.831
vn -0.25147 0.967864 -0.00155455
v 64.6416 -25.1207 217.809
vn 0.207813 0.977911 0.0224342
v 96.1535 -27.5464 165.733
vn 0.470673 0.859622 -0.198788
v 96.0484 -27.2507 168.448
vn 0.153506 0.988061 0.0130605
v 94.5843 -26.6191 169.98
vn -0.0224454 0.992245 0.122257
v 90.4398 -25.5491 175.48
vn 0.119324 0.99273 -0.0157904
v 90.6771 -25.5112 175.269
vn 0.167887 0.984846 -0.0434921
v 90.7597 -25.6804 176.672
vn 0.0646057 0.996028 -0.0612731
v 88.3284 -25.4342 181.912
vn 0.079947 0.995532 -0.0502472
v 86.2952 -24.203 184.11
vn 0.344337 0.937572 -0.0488877
v 70.4022 -24.0511 208.568
vn -0.568093 0.813593 -0.123841
v 68.3862 -24.2305 211.229
vn -0.46488 0.879938 -0.0979537
v 69.0718 -23.554 211.589
vn 0.13734 0.990035 -0.0311214
v 69.4798 -23.4595 212.175
vn 0.124865 0.991617 -0.033229
v 70.517 -23.9235 211.427
vn 0.0759002 0.996935 0.0189506
v 86.1827 -24.2588 185.447
vn 0.155267 0.982857 -0.0994255
v 85.2349 -24.0651 185.917
vn -0.127618 0.990613 -0.048991
v 81.5279 -23.4675 191.013
vn -0.0136316 0.994633 -0.102565
v 82.4897 -22.9468 191.549
vn -0.0846505 0.99322 -0.0796752
v 80.2191 -22.7341 194.729
vn -0.0128508 0.996879 -0.0778945
v 77.9413 -22.4323 200.348
vn 0.0831662 0.994048 -0.0703712
v 76.1623 -22.657 200.703
vn -0.487761 0.872083 -0.0394978
v 77.284 -22.918 200.531
vn -0.01175 -0.953683 -0.300584
v 59.5061 -61.9435 210.761
vn -0.610241 -0.776812 -0.155464
v 51.5366 -61.1371 223.449
vn -0.913835 -0.403899 0.0420924
v 51.9869 -61.8136 224.116
vn -0.512668 -0.84965 -0.123559
v 52.2478 -62.3818 223.963
vn -0.82815 -0.560505 0.00135184
v 52.1103 -62.3095 224.225
vn -0.264238 -0.922486 -0.281421
v 51.4849 -61.7378 225.561
vn -0.564834 -0.801462 -0.196526
v 49.1907 -60.9035 229.732
vn 0.988418 0.151755 0.00105429
v 60.1152 -60.2569 212.402
vn -0.806752 -0.570396 -0.15427
v 48.0669 -59.8682 232.137
vn -0.907054 -0.412901 -0.0822517
v 46.7162 -58.8263 233.722
vn 0.868594 -0.466597 -0.166827
v 60.7015 -57.8249 211.526
vn 0.908783 -0.383315 -0.164874
v 60.3147 -58.8112 213.05
vn -0.902254 -0.425472 -0.0700796
v 45.7605 -56.8003 235.089
vn 0.998808 -0.00238037 -0.048751
v 60.7255 -57.0547 210.085
vn 0.992465 -0.106329 -0.0608827
v 60.6747 -56.7926 210.736
vn 0.757762 -0.62507 -0.187309
v 60.9986 -56.2755 210.891
vn 0.924135 -0.367251 -0.105364
v 61.6572 -55.5255 210.88
vn -0.943027 -0.331541 -0.0279523
v 44.2556 -54.3177 239.686
vn -0.992156 -0.120352 0.0338051
v 44.2048 -54.0668 239.913
vn 0.965276 -0.251575 -0.0703674
v 61.8279 -54.1983 209.714
vn -0.981207 -0.188721 -0.0402074
v 42.8311 -52.0556 243.148
vn -0.996022 -0.0767915 -0.0451929
v 42.8307 -51.1789 243.789
vn -0.996108 0.0628103 -0.0618349
v 42.7679 -51.8255 244.143
vn 0.651307 -0.745851 -0.139666
v 63.9697 -52.9678 209.95
vn 0.924102 -0.381189 -0.027028
v 64.4159 -52.1805 210.183
vn 0.709519 -0.687031 -0.156749
v 64.6776 -51.3609 210.629
vn -0.987626 -0.131823 -0.0849615
v 41.722 -48.0511 247.096
vn -0.998137 -0.0607516 -0.00564765
v 42.079 -49.0563 246.682
vn -0.99976 0.0194879 0.0100118
v 41.6527 -48.5978 249.544
vn -0.174751 -0.934739 -0.309395
v 66.0608 -50.3064 207.528
vn 0.229443 -0.928728 -0.291239
v 66.5211 -50.3189 207.454
vn 0.215964 -0.941446 -0.258919
v 65.1677 -50.7403 209.308
vn -0.897047 0.427655 0.111432
v 42.4215 -46.1577 249.126
vn 0.487644 -0.858932 -0.156334
v 68.7391 -46.8798 202.229
vn 0.6062 -0.780178 -0.154416
v 68.3838 -47.2816 203.162
vn 0.0172091 -0.980379 -0.19637
v 69.3222 -47.1056 202.942
vn 0.363243 -0.916805 -0.165904
v 69.6944 -47.3452 204.581
vn -0.992622 -0.0587772 -0.106054
v 42.9291 -43.589 246.094
vn -0.979836 0.198437 0.0233325
v 42.928 -44.2219 246.139
vn -0.947197 0.316768 0.0497509
v 42.7044 -45.128 246.421
vn -0.825933 0.529561 0.19339
v 42.7228 -45.7425 249.275
vn -0.836252 0.538284 0.104557
v 43.6909 -41.9371 249.227
vn 0.233949 -0.968454 -0.0858198
v 74.6146 -43.1014 194.96
vn 0.453715 -0.885518 -0.0999994
v 73.587 -43.7619 196.845
vn -0.985139 0.166942 -0.0404028
v 45.0847 -39.198 249.16
vn 0.549692 -0.833648 -0.0535791
v 81.1053 -41.4821 189.614
vn 0.248911 -0.96632 -0.0653293
v 81.4755 -41.303 189.121
vn 0.0246782 -0.998228 -0.0541506
v 79.4751 -42.2794 189.399
vn -0.891614 0.45146 0.0347592
v 45.4221 -38.0525 249.278
vn 0.356094 -0.93192 -0.0687176
v 85.8439 -39.9114 179.378
vn 0.17384 -0.982886 -0.0609511
v 84.4324 -40.5401 182.431
vn -0.778703 0.626976 0.0228565
v 47.4591 -34.827 245.711
vn -0.210067 -0.977659 0.00734247
v 95.0011 -37.6993 166.48
vn 0.513513 -0.854811 -0.0748454
v 88.4137 -38.7937 176.442
vn 0.163246 -0.971356 -0.172681
v 98.9717 -35.8636 159.966
vn 0.500245 -0.820698 -0.276061
v 99.55 -35.7297 160.301
vn -0.0074694 -0.995627 -0.093121
v 99.0009 -36.0268 162.794
vn 0.499205 -0.826465 -0.260288
v 95.3674 -37.4448 164.85
vn 0.332226 -0.934267 -0.1295
v 95.802 -37.7244 166.959
vn 0.495919 -0.839395 -0.222442
v 97.1477 -36.8982 166.651
vn 0.260263 -0.960347 -0.0999879
v 92.6058 -36.8319 170.238
vn -0.181677 -0.982731 0.035122
v 93.0292 -36.8484 170.142
vn 0.276315 -0.955194 -0.106088
v 92.6914 -37.0503 171.705
vn -0.339935 0.939541 0.0413115
v 51.4601 -30.6268 239.394
vn 0.765279 -0.521339 -0.377562
v 100.327 -34.9487 160.008
vn -0.502617 0.864508 -0.00112729
v 53.6873 -29.3697 237.131
vn -0.523128 0.852192 -0.0103217
v 54.8583 -28.5099 239.516
vn 0.711193 0.655222 -0.254735
v 100.04 -30.6059 164.422
vn 0.608027 0.752314 -0.253626
v 96.8999 -27.9586 169.046
vn 0.048135 0.975737 0.213588
v 98.3449 -28.2263 169.538
vn 0.276691 0.958868 -0.0633556
v 94.5694 -26.8185 175.234
vn 0.183566 0.981992 0.0446722
v 92.2094 -25.7818 177.251
vn 0.294057 0.955134 -0.0353538
v 92.4965 -25.9347 178.483
vn 0.142138 0.985045 -0.0973798
v 90.0586 -25.5881 182.604
vn 0.0462253 0.998117 -0.0403109
v 88.1526 -25.2157 185.29
vn -0.160384 0.982728 -0.0923136
v 70.3645 -23.789 214.125
vn -0.184839 0.981538 -0.0491723
v 70.5945 -23.5966 215.648
vn 0.199305 0.979392 0.0326911
v 69.2209 -23.5229 215.524
vn -0.0816874 0.996095 -0.0335063
v 69.6613 -23.6943 216.499
vn -0.0347047 0.997685 -0.0584822
v 70.2568 -23.4751 216.838
vn -0.473861 0.879267 -0.0484236
v 67.1933 -24.5671 217.89
vn -0.707321 0.703812 -0.065929
v 67.5681 -23.8973 219.465
vn -0.273708 0.961811 -0.00165211
v 67.882 -23.6431 219.983
vn -0.04088 0.998995 -0.0183935
v 89.1674 -25.0536 185.533
vn 0.285164 0.94733 -0.145762
v 87.3734 -24.3009 188.259
vn 0.339482 0.911453 -0.232391
v 87.2641 -23.9701 189.219
vn -0.0286347 0.991578 -0.126304
v 86.3845 -23.6115 190.419
vn -0.0438688 0.996981 -0.0640631
v 85.7735 -23.6411 191.806
vn -0.0686478 0.99539 -0.0669733
v 83.5701 -22.498 196.009
vn 0.0227875 0.998228 -0.054962
v 77.0355 -22.8623 203.338
vn -0.697225 0.716852 -0.00134718
v 77.4805 -22.6268 203.236
vn -0.289945 0.956859 0.0187671
v 77.4507 -22.7617 204.628
vn -0.835418 0.54896 0.0268208
v 77.7215 -22.2256 204.75
vn 0.101664 0.992441 -0.0687425
v 77.3534 -22.7477 205.269
vn -0.800755 0.598243 0.0299525
v 77.7491 -22.3447 205.825
vn -0.347712 0.936201 -0.0512244
v 75.8008 -22.4611 206.422
vn 0.155061 0.98656 -0.0515382
v 76.3802 -22.442 206.416
vn 0.0888457 0.994507 -0.0553431
v 74.9133 -22.7346 208.012
vn 0.156585 0.987228 -0.0293662
v 75.174 -22.7713 208.17
vn -0.165307 0.984106 -0.0648811
v 74.4644 -22.4786 209.476
vn -0.473165 -0.868409 -0.148256
v 53.6493 -63.1122 224.851
vn -0.873814 -0.479292 0.0820225
v 52.1564 -62.0324 224.905
vn -0.455839 -0.884658 -0.097935
v 52.4247 -62.5329 224.779
vn -0.667002 -0.732361 -0.13695
v 50.7157 -61.7347 229.175
vn -0.565987 -0.808941 -0.158975
v 50.6861 -62.067 231.407
vn -0.757211 -0.639065 -0.13501
v 48.6643 -61.6597 234.299
vn 0.975099 0.220991 0.0185683
v 60.6354 -61.8193 213.875
vn -0.772795 -0.615382 -0.155218
v 47.2064 -59.7684 234.766
vn -0.97531 -0.220839 0.000452227
v 46.6742 -59.0931 237.199
vn -0.932949 -0.35975 0.01366
v 46.8134 -60.0025 238.747
vn -0.970098 -0.233471 0.0663383
v 46.7228 -59.0565 238.975
vn -0.834501 -0.550395 -0.0259596
v 46.4438 -58.6839 240.181
vn 0.83001 -0.529617 -0.174898
v 60.5575 -58.625 213.597
vn 0.980673 -0.182462 -0.0706274
v 60.7444 -58.3859 213.792
vn -0.906421 -0.421602 -0.0255515
v 46.3984 -58.1874 237.571
vn -0.887695 -0.456548 -0.0596771
v 44.6327 -55.2969 242.006
vn -0.888223 -0.454826 -0.064758
v 44.3672 -55.067 243.581
vn 0.339249 -0.916547 -0.211782
v 63.3482 -53.8493 212.816
vn 0.498986 -0.8391 -0.216618
v 62.2344 -54.8844 215.198
vn 0.576411 -0.797456 -0.178366
v 63.2298 -54.5137 215.593
vn -0.86159 -0.496048 -0.107701
v 42.9078 -52.6409 246.385
vn -0.962083 -0.259557 -0.0838271
v 42.5227 -52.4944 248.276
vn -0.39568 -0.869307 -0.296214
v 65.8862 -51.8673 212.086
vn 0.883034 -0.464207 -0.0690191
v 64.2774 -52.4048 212.749
vn 0.437162 -0.870566 -0.22584
v 64.9009 -51.6485 212.183
vn -0.222793 -0.932558 -0.284077
v 65.3506 -51.5755 212.095
vn -0.811815 -0.563176 -0.154239
v 42.1665 -50.0941 247.859
vn -0.961904 -0.270627 -0.0387397
v 42.119 -50.0727 250.323
vn 0.107547 -0.971261 -0.212335
v 68.8026 -48.1035 207.953
vn 0.166032 -0.963955 -0.207903
v 68.6137 -48.4189 209.263
vn 0.026265 -0.974539 -0.222676
v 68.9995 -48.4054 209.244
vn 0.0183167 -0.974833 -0.222184
v 68.9623 -48.5259 209.829
vn 0.115596 -0.972175 -0.20375
v 69.3123 -48.4154 209.329
vn -0.991698 -0.089291 -0.0925302
v 42.6742 -45.8343 250.303
vn -0.99247 -0.0844726 -0.0887043
v 42.4358 -45.5413 251.189
vn -0.97127 0.230706 0.0583955
v 42.5086 -44.7232 252.189
vn -0.918424 0.374601 0.127168
v 43.0243 -43.7545 253.51
vn 0.330695 -0.937559 -0.10781
v 75.8111 -43.5482 200.604
vn 0.632551 -0.774162 -0.0235188
v 80.6987 -41.9974 191.158
vn 0.449191 -0.891336 -0.061213
v 81.1105 -41.7513 192.435
vn 0.316779 -0.94476 -0.0841405
v 84.228 -40.9577 185.488
vn 0.22095 -0.973729 -0.0550685
v 85.7846 -40.6546 186.744
vn 0.549249 -0.833584 -0.0588498
v 87.0326 -40.0068 186.041
vn 0.00924658 -0.999533 -0.0291384
v 85.3468 -40.6552 186.833
vn 0.0457131 -0.997268 -0.0580291
v 83.1854 -41.1994 191.183
vn 0.154934 -0.987619 -0.0245759
v 89.4878 -38.7799 180.068
vn 0.18442 -0.981373 -0.0538264
v 91.3069 -38.0433 179.349
vn 0.320453 -0.945539 -0.0571449
v 89.1589 -38.8188 180.574
vn -0.0738562 -0.997095 -0.0186166
v 94.3787 -37.1529 175.517
vn -0.377231 0.922316 0.0838426
v 50.8651 -31.0293 244.87
vn -0.628365 0.773342 0.0842579
v 49.7739 -31.9671 247.933
vn 0.701421 -0.622422 -0.347275
v 101.042 -35.4235 162.567
vn 0.289426 -0.937634 -0.192549
v 100.765 -36.1394 164.203
vn -0.445326 0.891761 0.0802938
v 52.8288 -30.0648 242.268
vn -0.581537 0.81122 0.0611266
v 52.4294 -30.5467 244.864
vn -0.877733 0.418043 -0.234145
v 52.659 -29.9958 244.961
vn -0.92368 0.319741 -0.211143
v 52.5311 -29.7425 245.916
vn 0.586476 0.787992 -0.187388
v 100.955 -31.9721 164.366
vn 0.73733 0.619008 -0.270506
v 100.68 -31.749 164.536
vn 0.36134 0.929444 -0.0746103
v 101.77 -32.1656 165.915
vn -0.228334 0.972728 0.0407965
v 57.4344 -27.2006 237.108
vn 0.0252835 0.993386 0.112006
v 57.9587 -27.2502 237.424
vn -0.400861 0.916103 0.00809204
v 64.083 -25.2083 231.129
vn 0.321917 0.946075 0.0362114
v 98.7551 -28.2875 169.436
vn 0.175882 0.977114 0.119639
v 98.2425 -28.4108 170.19
vn 0.249504 0.968365 -0.00415794
v 96.1155 -27.2213 175.484
vn 0.409485 0.902607 -0.132752
v 94.0606 -26.6524 179.117
vn -0.0566727 0.998216 -0.0188003
v 70.7353 -23.544 217.828
vn -0.22549 0.974245 -0.000848501
v 69.485 -23.6404 219.189
vn -0.278134 0.960469 -0.0118629
v 69.8269 -23.4175 220.549
vn 0.0448388 0.998256 0.0384099
v 68.4761 -23.6686 221.389
vn -0.178781 0.983874 -0.00539132
v 66.1957 -24.7801 225.009
vn -0.0593064 0.997597 0.0358118
v 65.4187 -24.723 226.291
vn -0.614243 0.787999 -0.0419899
v 66.7553 -24.5412 224.975
vn -0.139165 0.990017 0.0223649
v 67.4237 -23.9509 226.482
vn -0.218976 0.97573 0.000235602
v 64.9971 -24.8503 226.896
vn 0.0407284 0.99917 -0.000777416
v 65.6128 -24.8159 227.113
vn -0.112379 0.993342 -0.0253526
v 65.9957 -24.8066 227.691
vn 0.0423415 0.999047 -0.0106143
v 65.8164 -24.713 228.627
vn -0.0922313 0.995737 0.00111057
v 65.3395 -24.7155 229.393
vn 0.262177 0.95928 -0.1051
v 93.3703 -25.7623 180.741
vn 0.22966 0.958755 -0.167468
v 92.0165 -25.3941 185.506
vn 0.0606629 0.997573 -0.0341917
v 89.2378 -24.4245 191.128
vn -0.0307241 0.994927 -0.0957942
v 86.8318 -23.3313 192.065
vn -0.172798 0.984945 -0.00500442
v 86.8247 -23.3546 192.762
vn 0.300532 0.93948 -0.164489
v 85.371 -23.277 195.039
vn 0.0963373 0.989646 -0.106392
v 86.0003 -23.3462 195.769
vn 0.090749 0.991894 -0.0889482
v 81.4417 -22.2283 201.369
vn 0.0802087 0.993601 -0.079522
v 82.4622 -22.5859 201.303
vn 0.312964 0.943707 -0.1071
v 82.1702 -22.4995 201.823
vn 0.256284 0.960973 -0.104164
v 82.3958 -22.4851 202.656
vn -0.267743 0.962556 -0.0424292
v 80.8138 -22.3013 202.75
vn -0.774558 0.630936 0.0444997
v 77.7833 -22.5026 207.257
vn 0.0410974 0.997995 -0.0481249
v 76.9157 -22.3399 209.177
vn 0.14169 0.988404 -0.0545946
v 77.8181 -22.4898 210.076
vn -0.790505 0.60858 0.0687963
v 78.0807 -22.2191 209.749
vn 0.327385 0.944865 -0.00704798
v 74.761 -22.6487 212.464
vn 0.00644572 0.999901 -0.0125281
v 75.5773 -22.1591 213.265
vn 0.0431813 0.998835 -0.0215524
v 75.9036 -22.2656 213.817
vn -0.299229 0.953776 -0.027802
v 71.5138 -23.1218 218.961
vn -0.373304 0.92733 -0.0265044
v 82.9512 -22.2892 202.623
vn 0.200932 0.975783 -0.0864531
v 79.7409 -21.8272 207.305
vn -0.321134 0.946995 -0.00853603
v 78.3851 -21.8436 208.288
vn -0.724234 0.686516 0.06466
v 78.2218 -21.9285 209.576
vn 0.985158 -0.0699446 -0.15675
v 60.7867 -63.0065 215.809
vn -0.0356561 -0.951248 -0.306359
v 60.5896 -63.9025 216.797
vn -0.715019 -0.691211 -0.10476
v 51.6948 -63.167 230.338
vn -0.474653 -0.856471 -0.202885
v 52.5053 -64.1187 231.939
vn -0.7378 -0.669116 -0.0890768
v 48.2871 -61.4747 237.982
vn -0.875132 -0.483826 0.0075507
v 46.8416 -59.1631 240.453
vn -0.758467 -0.648859 -0.0609034
v 47.4716 -61.0097 239.562
vn -0.930692 -0.361843 0.0536811
v 47.4787 -60.5688 242.334
vn -0.819207 -0.566718 -0.0879279
v 46.7966 -59.0392 243.566
vn 0.999895 5.01294e-005 -0.0144651
v 60.8813 -59.6039 219.11
vn 0.927433 -0.350771 -0.129724
v 60.9221 -58.9863 219.099
vn -0.84993 -0.526285 -0.0253489
v 46.2556 -58.2208 241.345
vn 0.85915 -0.496473 -0.123999
v 62.0492 -56.6778 220.994
vn -0.883316 -0.467326 -0.0368733
v 43.6506 -54.5153 249.412
vn -0.8749 -0.48196 -0.0475851
v 42.9058 -53.979 252.429
vn -0.965855 -0.259038 -0.00491661
v 42.5095 -52.119 253.808
vn 0.66237 -0.721125 -0.203087
v 66.6506 -51.8249 212.538
vn -0.0136366 -0.95397 -0.299592
v 66.0416 -52.5628 213.978
vn -0.475276 -0.840086 -0.261473
v 65.4067 -53.3638 217.507
vn -0.963914 -0.266192 0.00334195
v 41.8426 -50.1015 254.314
vn -0.948082 0.279066 0.152524
v 41.9871 -49.8037 257.223
vn -0.999708 -0.0238073 -0.00415679
v 42.5048 -47.1019 253.792
vn -0.956717 0.273216 0.10023
v 42.4658 -48.1471 255.034
vn 0.424184 -0.883261 -0.199796
v 68.4886 -49.3187 213.103
vn 0.325339 -0.918498 -0.224759
v 73.4807 -45.6811 207.767
vn -0.890231 0.445793 0.0935829
v 44.4753 -42.2042 255.662
vn -0.860936 0.489002 0.140239
v 43.9142 -43.3787 256.462
vn -0.968702 0.243389 0.0487616
v 44.5085 -42.3982 257.446
vn 0.443323 -0.87991 -0.170947
v 75.0762 -44.5731 206.538
vn -0.95772 0.286965 0.0205817
v 44.6552 -41.475 254.174
vn -0.981003 0.193419 0.0148934
v 44.5895 -40.9169 258.087
vn -0.915233 0.395771 0.0755887
v 44.8949 -40.1129 258.56
vn 0.317581 -0.942997 -0.0994957
v 81.2886 -42.1857 197.821
vn 0.323361 -0.943017 -0.0784636
v 85.842 -40.7682 190.723
vn -0.772444 0.624259 0.11675
v 47.0157 -35.9858 255.327
vn -0.732626 0.656028 0.181346
v 47.4332 -35.8589 255.917
vn 0.329463 -0.942143 -0.0618113
v 90.9811 -38.4971 181.987
vn 0.457751 -0.887423 -0.0542646
v 88.161 -39.1215 187.349
vn -0.749693 0.65646 0.0837929
v 48.5071 -33.8759 251.771
vn -0.866625 0.496249 -0.0519448
v 49.0996 -33.2212 252.87
vn -0.82566 0.563648 0.0242062
v 48.3114 -34.2524 255.974
vn -0.708491 0.696854 0.111512
v 48.9393 -33.4406 254.89
vn -0.486639 -0.868395 0.0952506
v 96.4216 -37.4861 175.009
vn -0.194883 -0.980448 0.0272557
v 97.0197 -37.9872 174.352
vn 0.275549 -0.959116 -0.0645627
v 91.6733 -38.1894 183.427
vn -0.687875 0.724543 0.0431905
v 49.6693 -32.5338 250.676
vn -0.296562 0.940196 0.167579
v 50.3591 -32.0242 249.86
vn -0.788867 0.61203 -0.0557457
v 49.54 -32.5926 252.038
vn -0.836342 0.547205 -0.0331573
v 49.2452 -32.9568 252.938
vn -0.102179 0.957304 0.270422
v 49.5836 -33.033 253.495
vn -0.215365 0.95022 0.225165
v 50.399 -32.6646 252.905
vn -0.971866 0.15158 -0.180277
v 50.4771 -32.1322 253.613
vn 0.602334 0.782403 -0.158237
v 103.32 -32.6035 167.92
vn -0.0153035 0.992689 0.119727
v 55.2119 -28.314 247.761
vn -0.353915 0.933877 0.0511662
v 54.1081 -28.6644 249.927
vn 0.767436 0.57645 -0.280619
v 101.917 -31.808 167.666
vn 0.633109 0.749993 -0.191527
v 101.983 -30.8612 170.481
vn 0.594255 0.784323 -0.178039
v 102.773 -32.3055 168.972
vn 0.690004 0.67563 -0.259652
v 99.1874 -28.2097 173.537
vn 0.635909 0.744028 -0.205041
v 99.467 -28.7141 173.391
vn 0.397426 0.915747 -0.0588158
v 99.0529 -27.9641 174.489
vn 0.455993 0.871116 -0.182281
v 98.8208 -27.7735 178.536
vn 0.241547 0.967814 -0.0706453
v 96.5284 -27.2593 181.331
vn -0.0319023 0.999297 0.0197141
v 68.5382 -23.933 225.294
vn -0.234149 0.972199 -0.00189695
v 68.9408 -23.8567 225.878
vn -0.29005 0.956856 -0.0172485
v 66.1009 -24.7433 228.799
vn -0.590855 0.806597 -0.0170941
v 66.2073 -24.6768 229.207
vn 0.0457242 0.997265 -0.0580665
v 66.0262 -24.7894 229.457
vn -0.607552 0.793272 -0.0400078
v 66.1619 -24.6678 229.879
vn -0.529175 0.848414 -0.0129587
v 66.6454 -24.3268 229.298
vn -0.102913 0.994257 -0.0293717
v 65.7276 -24.6883 229.972
vn -0.290315 0.956604 0.0250028
v 65.8184 -24.8057 232.134
vn -0.137683 0.989836 0.0356075
v 64.3946 -25.1151 233.057
vn 0.150529 0.986656 -0.0620609
v 93.2142 -25.7485 185.545
vn 0.564601 0.767995 -0.302338
v 90.4232 -24.7615 190.809
vn -0.124815 0.988425 0.0862355
v 91.5907 -25.1591 190.484
vn 0.634179 0.690776 -0.347342
v 91.4649 -25.2526 191.82
vn 0.398757 0.884809 -0.24105
v 89.2171 -24.3316 191.809
vn 0.138202 0.987647 -0.0738446
v 89.7591 -24.3599 191.084
vn 0.27647 0.944186 -0.179101
v 88.3946 -23.3513 193.697
vn 0.0914472 0.995616 -0.019647
v 77.6967 -22.3692 213.843
vn -0.20864 0.977957 -0.00834468
v 75.2381 -22.2062 215.516
vn -0.111706 0.992676 0.0459921
v 75.7559 -22.2777 215.829
vn -0.156687 0.987559 -0.0133066
v 76.4361 -22.1245 214.824
vn -0.208174 0.977976 0.0150256
v 76.1339 -22.3349 218.158
vn -0.319394 0.947585 0.00840026
v 71.2652 -23.3239 221.626
vn -0.0565089 0.998396 0.00359948
v 70.3815 -23.4405 223.208
vn 0.0755894 0.995176 -0.0625346
v 88.5 -23.2065 194.799
vn 0.0405365 0.995266 -0.0883326
v 88.2895 -23.0557 196.412
vn 0.392743 0.902031 -0.179148
v 86.7528 -22.8833 198.983
vn 0.245397 0.941264 -0.231954
v 87.2705 -22.9553 199.297
vn 0.132482 0.977982 -0.161243
v 87.1119 -22.8874 199.591
vn 0.201064 0.973965 -0.104717
v 86.0462 -22.2114 199.913
vn 0.497815 0.84412 -0.199102
v 86.5376 -22.3729 200.217
vn 0.102708 0.993015 -0.0580798
v 85.8081 -22.1547 201.517
vn 0.340419 0.929098 -0.144541
v 86.9762 -22.7133 200.503
vn -0.418131 0.908281 -0.0138579
v 80.7365 -22.2397 207.248
vn -0.251154 0.96759 -0.026286
v 81.3913 -21.8463 207.61
vn 0.492821 0.861169 -0.124561
v 82.552 -22.0542 206.217
vn 0.358831 0.926427 -0.113901
v 82.2995 -21.8336 206.75
vn -0.115158 0.99211 -0.049556
v 82.7878 -22.1685 206.366
vn 0.482327 0.864881 -0.139074
v 82.5874 -21.9843 206.794
vn 0.470729 0.878876 -0.0774039
v 80.7464 -22.0925 209.692
vn 0.225368 0.97372 -0.0328472
v 80.3217 -21.5914 211.852
vn -0.429336 0.90221 0.0410791
v 78.7048 -22.2585 214.436
vn -0.103685 0.99459 -0.00632083
v 76.6518 -21.9807 216.342
vn -0.399631 0.914588 0.0618396
v 76.3653 -22.1197 216.722
vn 0.765035 -0.492713 -0.414675
v 61.5696 -65.337 220.926
vn 0.779213 -0.451546 -0.434665
v 61.8013 -65.1094 221.105
vn 0.925072 0.378691 0.0288943
v 61.1165 -64.0594 222.021
vn 0.811528 0.583765 0.0253112
v 61.6856 -64.8605 222.068
vn -0.600467 -0.785746 -0.148471
v 53.6578 -64.5725 232.309
vn -0.741247 -0.666399 -0.0804043
v 52.1848 -64.0208 235.59
vn -0.730951 -0.672378 -0.116697
v 52.798 -64.9245 235.864
vn -0.536809 -0.820915 -0.194767
v 51.9098 -64.0893 237.181
vn -0.784586 -0.617969 -0.050386
v 48.6406 -62.4162 242.81
vn 0.988455 -0.134212 -0.07031
v 60.9627 -61.1909 222.072
vn -0.86985 -0.492344 0.0309608
v 47.7471 -61.2514 242.543
vn 0.929877 -0.346912 -0.122395
v 61.4631 -59.5435 222.951
vn 0.999602 0.028208 0.000105858
v 60.8718 -60.9873 223.403
vn -0.972251 -0.232569 0.0253011
v 45.585 -58.0116 247.319
vn -0.844629 -0.526439 -0.0972867
v 45.9088 -59.082 247.939
vn -0.860588 -0.499894 -0.0974393
v 45.638 -58.7732 248.455
vn -0.765536 -0.636241 -0.0956681
v 45.4248 -57.2955 249.971
vn -0.978202 0.048277 0.201967
v 45.9109 -58.6272 249.307
vn -0.975605 -0.178657 0.127579
v 45.9361 -59.2696 249.368
vn -0.974725 -0.199355 0.10084
v 45.9402 -58.3575 249.655
vn 0.60631 -0.782232 -0.143184
v 62.5712 -56.5721 221.997
vn -0.714921 -0.693468 -0.0893906
v 43.6689 -54.8295 253.994
vn 0.815451 -0.572623 -0.0845175
v 63.2927 -55.8652 221.676
vn 0.778709 -0.615547 -0.121301
v 63.8573 -54.5573 222.618
vn -0.416603 -0.873599 -0.251528
v 65.7905 -53.5145 217.396
vn 0.447982 -0.866738 -0.219266
v 66.2507 -53.4058 217.313
vn 0.396901 -0.898881 -0.185696
v 66.2281 -53.908 219.435
vn 0.156065 -0.961906 -0.224457
v 64.2057 -54.0939 221.392
vn -0.382789 -0.892925 -0.236975
v 64.7848 -54.3331 222.105
vn -0.936679 0.302173 0.176987
v 42.5644 -49.8665 259.228
vn 0.909689 -0.409184 -0.0709598
v 67.6066 -51.4197 218.06
vn 0.500854 -0.848519 -0.170767
v 69.8279 -49.1825 214.591
vn 0.394811 -0.89723 -0.197743
v 73.8696 -46.2402 209.789
vn 0.321464 -0.92943 -0.181162
v 72.6148 -46.7276 211.525
vn 0.297587 -0.940857 -0.161955
v 76.0707 -43.9443 206.386
vn 0.197233 -0.962776 -0.184827
v 77.2136 -44.312 208.493
vn 0.240789 -0.965764 -0.0965414
v 78.6316 -43.1494 203.914
vn -0.764599 0.618112 0.182551
v 45.9665 -38.1933 258.71
vn -0.939739 0.339782 -0.0379422
v 47.624 -35.8438 258.129
vn 0.0997171 -0.994971 0.0094244
v 89.7966 -38.944 190.76
vn 0.64524 -0.750729 -0.141671
v 87.6413 -40.3327 193.425
vn -0.0162522 0.947648 0.318902
v 48.7937 -33.9844 256.592
vn -0.408638 0.880023 0.24202
v 48.9745 -34.7109 258.852
vn -0.92995 0.36646 -0.030008
v 49.4073 -34.2308 258.725
vn -0.399953 0.882615 0.247039
v 47.9172 -35.4424 260.724
vn 0.464869 -0.878253 -0.11211
v 98.1106 -37.8009 175.688
vn 0.203533 -0.978844 -0.0209314
v 90.6437 -38.5508 189.031
vn -0.877818 0.475689 -0.0561724
v 49.9678 -32.2043 255.763
vn -0.987491 0.00614968 -0.157553
v 49.6023 -33.2416 257.72
vn 0.15037 -0.98069 -0.125041
v 101.736 -37.0038 171.492
vn 0.567459 -0.811808 -0.137691
v 99.0376 -37.0011 175.833
vn -0.125423 -0.992092 -0.00480583
v 99.8872 -37.1353 176.349
vn -0.473692 0.877244 0.0778379
v 53.0433 -29.4712 253.55
vn 0.906828 -0.150645 -0.393662
v 104.118 -34.3754 167.99
vn 0.901587 0.299931 -0.31174
v 104.491 -33.968 169.066
vn 0.896916 -0.204024 -0.39232
v 104.39 -35.1753 168.872
vn -0.192164 0.979009 0.0679277
v 55.8952 -28.3627 247.821
vn -0.143312 0.981661 0.125708
v 53.9888 -29.1687 253.392
vn 0.663789 0.725358 -0.18232
v 103.897 -32.9003 170.384
vn 0.277931 0.960076 0.0317529
v 100.868 -29.2845 174.966
vn -0.14722 0.987959 0.0475777
v 67.8917 -24.1091 232.765
vn -0.373228 0.926548 0.0470106
v 65.7786 -24.9235 234.505
vn -0.213479 0.974055 0.0751237
v 65.2603 -25.1827 236.377
vn 0.347711 0.932409 -0.0985429
v 99.0798 -27.4827 180.069
vn 0.184804 0.982711 -0.011205
v 98.8574 -27.5853 182.743
vn 0.486425 0.839597 -0.2418
v 97.4711 -26.9023 185.366
vn 0.386698 0.893167 -0.229602
v 95.5399 -25.9133 189.043
vn 0.377696 0.899577 -0.219333
v 95.5746 -25.6324 189.743
vn 0.052792 0.998582 0.00681701
v 93.7252 -25.0676 192.449
vn 0.150752 0.985676 -0.0756118
v 89.7545 -23.3583 196.257
vn 0.421924 0.851143 -0.312308
v 91.136 -24.1073 195.385
vn 0.00172678 0.999501 -0.0315344
v 90.7232 -23.3528 196.484
vn 0.514261 0.797392 -0.315754
v 91.1746 -23.813 196.087
vn 0.250073 0.955334 -0.157481
v 89.444 -23.3346 196.77
vn 0.302181 0.923344 -0.236904
v 88.5211 -23.1205 200.754
vn -0.135954 0.987796 -0.0759967
v 87.5309 -22.66 200.83
vn 0.0297807 0.988592 -0.147645
v 87.7667 -22.5937 200.966
vn 0.348807 0.932338 -0.0952866
v 86.9445 -22.3316 202.556
vn -0.30036 0.953681 -0.0166003
v 83.5533 -21.9876 208.208
vn -0.166825 0.985984 -0.0021775
v 83.2197 -22.0422 208.713
vn -0.0838789 0.995027 -0.0537101
v 84.2705 -21.7255 208.617
vn -0.142613 0.989776 -0.00210317
v 82.5834 -21.6708 209.357
vn 0.431523 0.898074 -0.0851537
v 82.932 -21.7779 209.923
vn -0.461942 0.88691 -0.000232261
v 83.9791 -21.7666 209.846
vn 0.552814 0.831817 -0.049773
v 80.6532 -21.7566 212.412
vn -0.524514 0.850522 0.0386904
v 81.0027 -22.0237 212.29
vn -0.420537 0.907126 -0.0164353
v 81.3628 -21.8617 212.143
vn -0.106926 0.99323 -0.0454089
v 81.8937 -21.5801 213.488
vn -0.144558 0.989466 -0.00770042
v 81.6729 -21.5625 214.447
vn -0.275557 0.959977 0.0501158
v 79.6114 -21.79 216.443
vn -0.166547 0.986003 0.00776951
v 78.4056 -22.2671 218.107
vn -0.0683848 0.997442 0.0207855
v 75.5488 -22.2152 220.95
vn -0.180002 0.982852 0.0400189
v 76.8991 -22.0543 220.653
vn 0.131945 0.990808 0.029845
v 77.3067 -22.062 220.587
vn -0.30305 -0.921614 -0.242464
v 60.111 -67.1154 227.591
vn -0.399284 -0.898612 -0.181847
v 56.4405 -66.2164 231.637
vn -0.459237 -0.878214 -0.133569
v 57.2002 -66.5448 231.413
vn -0.3716 -0.892717 -0.254891
v 53.8208 -65.5721 235.628
vn -0.496934 -0.834784 -0.237049
v 53.6068 -65.9725 236.929
vn -0.477623 -0.859729 -0.180946
v 51.825 -65.228 241.411
vn 0.770066 -0.382584 -0.510516
v 62.3585 -65.722 222.405
vn 0.863141 0.504961 -0.00148561
v 61.2513 -64.6429 224.243
vn 0.317567 -0.87592 -0.363203
v 62.1341 -66.0077 222.768
vn 0.633779 -0.748065 -0.196781
v 62.4855 -65.8532 223.313
vn 0.882859 0.466717 -0.0522971
v 61.5906 -64.9103 225.864
vn -0.583357 -0.799254 -0.144524
v 51.0498 -64.1901 239.825
vn -0.75503 -0.651683 -0.0723758
v 49.7237 -64.0165 241.926
vn -0.324412 -0.919594 -0.221593
v 50.5849 -64.5379 242.022
vn -0.499795 -0.852365 -0.153878
v 50.3319 -64.6948 242.932
vn -0.846469 -0.53113 -0.0373026
v 48.311 -62.3436 245.757
vn 0.980097 -0.170662 -0.101411
v 60.9302 -61.5434 225.577
vn 0.983793 0.17563 -0.0361277
v 61.1737 -63.8472 225.889
vn -0.821894 -0.564216 -0.0784258
v 47.6085 -61.4417 247.373
vn -0.772773 -0.632235 -0.055684
v 48.2344 -62.3272 248.859
vn -0.827371 -0.556812 -0.0736047
v 46.4685 -60.1667 250.45
vn -0.977643 -0.156341 0.140613
v 46.3121 -60.329 252.468
vn -0.914668 0.260517 0.309053
v 46.3868 -60.0392 252.492
vn -0.805318 -0.590553 -0.0520585
v 46.6868 -60.9508 252.736
vn 0.972604 -0.224826 -0.0591226
v 61.6749 -59.6669 226.585
vn -0.970809 -0.23456 0.0501251
v 46.0896 -59.4339 250.521
vn -0.974196 0.107128 0.198661
v 46.0973 -59.1278 250.579
vn -0.763696 -0.634847 -0.117213
v 45.703 -58.0997 252.994
vn -0.95006 0.159593 0.268173
v 46.6276 -59.8453 252.971
vn -0.789779 -0.612799 -0.0269541
v 46.701 -59.5915 253.346
vn -0.688894 -0.709973 -0.146162
v 45.2151 -57.9374 253.741
vn -0.728439 -0.679315 -0.0889259
v 46.2667 -59.1434 254.455
vn -0.82932 -0.557173 -0.0422682
v 44.872 -57.737 256.321
vn 0.996811 -0.0675133 -0.0425449
v 62.0837 -58.5834 227.1
vn 0.749254 -0.655462 -0.0948015
v 62.7082 -57.3335 228.432
vn 0.97878 -0.160875 -0.126921
v 62.1078 -59.1272 229.253
vn -0.798356 -0.601615 -0.0262234
v 43.8126 -55.8731 259.054
vn -0.911463 -0.411285 0.00887225
v 43.4021 -54.806 259.782
vn -0.463696 -0.862962 -0.200706
v 65.1275 -55.0488 224.11
vn 0.890865 -0.450415 -0.0590376
v 63.126 -56.2058 225.45
vn 0.810871 -0.568505 -0.138891
v 63.5019 -56.2465 227.815
vn -0.972905 -0.214403 0.0865334
v 43.2639 -53.5437 262.408
vn 0.814979 -0.568172 -0.113974
v 67.088 -53.4259 220.706
vn 0.976454 -0.215088 0.0165877
v 67.3471 -52.9486 221.432
vn 0.993889 -0.0941347 0.0576508
v 67.3193 -52.6799 221.952
vn 0.881343 -0.468714 -0.0595042
v 67.3378 -52.4212 222.438
vn -0.986592 0.116263 0.114542
v 43.332 -48.1077 264.353
vn -0.919082 0.361766 0.15625
v 43.4933 -46.3797 262.377
vn -0.948585 0.29327 0.119078
v 44.3717 -45.2678 264.32
vn -0.98188 0.172195 0.0791241
v 44.5747 -43.9654 266.346
vn 0.386562 -0.907205 -0.165979
v 75.9284 -45.1154 211.284
vn -0.853326 0.476138 0.212432
v 45.2492 -41.2484 265.502
vn -0.971164 0.238372 -0.00434116
v 46.3587 -38.7968 265.986
vn 0.230315 -0.970068 -0.0769583
v 87.2462 -41.2135 197.116
vn -0.0915057 -0.994834 -0.0439436
v 84.618 -41.9098 201.535
vn 0.160988 -0.984826 -0.0648173
v 84.9377 -41.8813 201.037
vn -0.882556 0.468792 0.0364647
v 47.042 -36.778 262.748
vn -0.101733 0.945022 0.310779
v 47.5455 -37.0163 265.165
vn 0.796482 -0.599767 -0.0767842
v 88.0968 -39.9566 194.691
vn 0.341541 -0.938754 -0.0457129
v 88.777 -39.4342 195.087
vn 0.462029 -0.875713 -0.140198
v 87.9749 -40.7087 196.235
vn 0.417778 -0.904186 -0.0889342
v 89.112 -39.3738 195.282
vn 0.912284 -0.404543 -0.0638952
v 87.9815 -40.8791 197.866
vn -0.924308 -0.306402 -0.227534
v 48.7819 -35.5024 263.693
vn -0.866992 0.494205 0.0639305
v 48.79 -34.5905 263.969
vn -0.22519 -0.970436 0.0868499
v 98.4279 -37.9788 182.188
vn 0.374727 -0.919738 -0.11688
v 96.1301 -37.3714 183.264
vn 0.118626 -0.992904 -0.00837151
v 91.7567 -38.4308 189.092
vn 0.02196 -0.99301 -0.115971
v 105.095 -36.7294 172.782
vn 0.0734435 -0.990149 -0.119207
v 103.335 -36.6855 172.073
vn -0.0717787 -0.997418 0.00225291
v 102.592 -37.1513 176.562
vn 0.0592845 -0.997078 -0.0481762
v 101.41 -37.344 176.571
vn -0.155949 -0.987285 -0.0307891
v 100.067 -37.2646 179.964
vn -0.0414865 -0.996843 -0.067696
v 100.659 -37.246 179.616
vn -0.241979 -0.968173 0.0639311
v 97.5316 -37.2491 184.051
vn -0.54648 0.832015 0.0954525
v 51.5845 -31.1755 260.851
vn 0.926516 -0.118747 -0.357026
v 104.912 -35.1417 170.102
vn 0.766137 -0.542284 -0.344907
v 105.159 -35.9704 171.334
vn -0.439987 0.896409 0.053504
v 54.1838 -29.2617 254.806
vn -0.448198 0.893807 0.0150924
v 55.2963 -28.3839 255.305
vn 0.722544 0.645374 -0.247836
v 104.281 -31.6953 174.025
vn -0.209394 0.976621 0.0486325
v 59.9108 -26.9483 248.713
vn 0.217982 0.972225 0.0852152
v 103.368 -30.2057 179.322
vn 0.604808 0.76645 -0.216246
v 101.748 -29.0268 181.42
vn 0.632271 0.738157 -0.235281
v 101.329 -28.4548 181.829
vn -0.33718 0.941123 0.024447
v 65.4978 -25.4118 240.034
vn -0.602904 0.797519 -0.0216787
v 62.4308 -25.9385 245.243
vn 0.538484 0.79467 -0.280241
v 97.8978 -26.5813 186.647
vn 0.128055 0.990989 -0.0392862
v 94.8548 -25.2184 191.733
vn -0.259793 0.964015 0.0564087
v 69.2098 -23.8935 233.739
vn -0.142358 0.988579 0.0494543
v 68.7416 -24.242 234.885
vn -0.00699062 0.999972 0.0025656
v 68.4042 -24.1963 237.829
vn -0.305285 0.952129 0.0158275
v 66.9117 -24.2493 240.793
vn -0.0167567 0.997651 0.0664191
v 94.4744 -25.1836 194.741
vn 0.228831 0.957349 -0.176405
v 92.2922 -24.2171 196.432
vn 0.500174 0.818329 -0.283133
v 93.8479 -24.424 197.374
vn 0.295818 0.931587 -0.211274
v 90.9198 -22.9478 199.371
vn -0.160813 0.985906 0.0461376
v 90.6505 -22.8339 201.652
vn -0.0272099 0.999621 -0.00419773
v 91.1015 -22.7564 201.565
vn 0.345287 0.907757 -0.238229
v 89.6091 -22.5964 203.464
vn -0.0133666 0.999811 -0.0140966
v 90.6283 -22.9585 203.397
vn -0.0724343 0.997373 -0.00101076
v 89.0123 -22.3038 205.186
vn -0.140103 0.989988 0.0171539
v 88.7408 -22.4302 205.733
vn -0.460715 0.88653 0.0425039
v 83.8781 -21.9488 211.898
vn -0.533487 0.845602 0.0187018
v 84.4785 -21.4774 211.172
vn 0.0437507 0.998971 -0.0119503
v 82.1957 -21.5192 215.413
vn -0.695372 0.714904 0.0732817
v 81.7228 -21.8001 216.606
vn 0.201189 0.978736 -0.0399808
v 83.687 -21.7323 215.268
vn -0.223324 0.974717 0.00730551
v 78.8125 -22.2259 220.446
vn -0.231382 0.972545 0.0248648
v 79.4052 -22.0435 220.786
vn 0.255709 0.966674 0.0123968
v 81.1286 -21.909 219.354
vn -0.0264989 0.998394 0.0500633
v 77.5075 -22.3942 224.229
vn 0.0581524 0.997067 -0.049763
v 86.162 -21.5274 209.03
vn -0.603809 0.793793 0.0728495
v 84.4786 -21.541 212.323
vn -0.333892 0.941277 0.0501279
v 84.6664 -21.4284 212.68
vn -0.478216 -0.867838 -0.134786
v 58.5323 -67.3479 232.965
vn -0.291508 -0.929936 -0.224145
v 54.3623 -66.7404 238.834
vn -0.730744 -0.673579 -0.110923
v 53.0822 -65.86 240.807
vn -0.714153 -0.693726 -0.0934338
v 53.4612 -66.5894 240.964
vn -0.505387 -0.850809 -0.143901
v 51.1531 -65.6652 246.991
vn 0.849586 -0.138252 -0.509009
v 62.8946 -66.3731 224.137
vn 0.297909 -0.864655 -0.404502
v 63.0133 -66.8218 225.1
vn 0.92104 -0.297099 -0.25183
v 63.2937 -66.6786 225.957
vn 0.684425 0.725754 0.0695995
v 62.5058 -66.2539 227.206
vn 0.827882 0.560843 -0.00814694
v 62.4168 -66.4115 228.914
vn -0.727239 -0.682521 -0.0727247
v 48.2305 -63.0284 253.806
vn 0.98962 -0.0237553 -0.14173
v 61.2781 -63.4426 230.803
vn 0.934586 0.35376 -0.0374526
v 61.451 -64.4928 231.349
vn 0.996873 -0.0467114 -0.0637398
v 61.7738 -62.7816 232.118
vn 0.928302 0.348622 0.129297
v 61.5725 -62.4291 232.322
vn -0.811597 -0.582932 -0.0387366
v 47.129 -61.4423 252.335
vn -0.842226 -0.516961 0.152993
v 46.9502 -61.1842 253.96
vn -0.861821 -0.464246 0.204304
v 46.8041 -60.6822 254.484
vn -0.952042 0.0733664 0.29704
v 47.0862 -60.5086 255.042
vn -0.903387 -0.297997 0.308367
v 47.107 -60.8643 255.08
vn -0.905826 -0.38211 0.182953
v 47.6694 -61.6677 255.473
vn 0.981004 0.17649 0.0805091
v 61.5925 -61.1952 229.446
vn 0.908394 -0.379413 -0.175689
v 61.8504 -60.0179 229.483
vn 0.999902 -0.0116794 -0.00773453
v 61.4376 -61.6747 231.487
vn 0.886867 -0.429789 -0.169552
v 62.3217 -60.0556 231.547
vn -0.72699 -0.685439 -0.0407167
v 46.6802 -59.5688 254.732
vn -0.934685 -0.330694 0.130402
v 47.3137 -60.3753 256.217
vn -0.957236 -0.283246 0.0589174
v 44.9939 -57.9165 260.256
vn 0.967566 0.251708 -0.0214338
v 62.1597 -58.902 229.968
vn 0.664729 -0.728828 -0.164146
v 62.8147 -57.5174 229.908
vn 0.929247 -0.299916 -0.215754
v 62.3271 -59.3016 230.317
vn 0.918548 0.394796 0.0201588
v 62.1604 -58.9386 230.321
vn 0.996487 0.0828929 -0.011901
v 62.0508 -58.6555 230.935
vn 0.929276 0.364824 0.057866
v 62.1558 -59.0098 231.023
vn 0.729209 -0.664307 -0.164164
v 62.2851 -58.1101 231.072
vn 0.927073 -0.317349 -0.199562
v 62.3242 -59.6671 230.821
vn 0.890047 0.451931 0.0597848
v 62.4009 -59.378 230.846
vn 0.576073 -0.787281 -0.219838
v 62.7839 -58.005 231.674
vn 0.996873 -0.0730156 -0.0302034
v 62.4487 -59.7866 231.623
vn 0.952678 0.286631 0.101229
v 62.1975 -59.5234 232.834
vn 0.971673 0.222575 0.0794475
v 62.1358 -59.2134 233.051
vn -0.899799 -0.435261 0.0301722
v 44.9235 -57.3351 261.221
vn -0.314987 -0.926929 -0.203924
v 64.67 -55.6233 228.078
vn 0.0265891 -0.982656 -0.183521
v 64.9804 -55.8602 228.63
vn 0.974682 -0.22147 -0.030743
v 63.4394 -57.2902 232.013
vn -0.976499 -0.192612 0.0966925
v 43.3526 -54.5618 262.884
vn -0.966286 0.0948112 0.239379
v 43.8774 -54.9813 265.45
vn 0.537163 -0.834182 -0.124881
v 66.5859 -54.6718 224.952
vn 0.973888 -0.223905 0.0375377
v 66.7607 -54.3435 227.482
vn 0.90472 -0.425759 0.0145369
v 66.5615 -55.0509 228.814
vn 0.952791 -0.299311 0.0510036
v 66.5725 -54.7747 229.15
vn 0.736677 -0.667262 -0.109854
v 66.8792 -54.1511 228.938
vn -0.987458 -0.117201 0.105783
v 42.9841 -52.4495 264.783
vn -0.982334 0.142661 0.121108
v 43.0656 -50.6798 265.674
vn 0.202755 -0.94514 -0.256126
v 67.9353 -52.6222 224.558
vn 0.323447 -0.92359 -0.205824
v 68.2458 -52.6124 224.743
vn 0.322607 -0.91748 -0.232712
v 67.5668 -52.7954 225.051
vn 0.138357 -0.95592 -0.258988
v 67.7583 -52.8417 225.31
vn 0.366362 -0.90996 -0.194296
v 67.5443 -53.0845 226.108
vn -0.949865 0.275281 0.148247
v 43.9411 -48.4987 269.445
vn 0.745363 -0.663881 -0.0607905
v 70.3001 -49.819 222.266
vn 0.168379 -0.96158 -0.216824
v 72.4985 -48.4484 219.628
vn 0.676926 -0.724675 -0.128905
v 72.9691 -48.7311 222.378
vn -0.88801 0.407957 0.212156
v 45.6234 -42.6603 268.976
vn 0.421185 -0.897457 -0.13105
v 78.5007 -44.8375 214.546
vn -0.92504 0.362054 0.114969
v 46.1338 -40.7805 267.045
vn 0.196501 -0.979409 -0.0463168
v 86.605 -41.4042 203.382
vn 0.0313488 -0.998024 -0.0544627
v 84.6567 -42.0902 206.12
vn -0.739969 0.648529 0.178482
v 46.7707 -38.1767 267.936
vn -0.940037 0.320995 0.115291
v 46.5686 -38.8467 268.914
vn -0.628517 0.736712 0.249443
v 46.982 -38.1139 268.407
vn 0.102386 0.932222 0.347102
v 47.2912 -38.3546 268.959
vn -0.97379 -0.196463 -0.11461
v 48.0399 -37.0853 268.963
vn 0.940232 -0.333781 -0.0674921
v 88.239 -40.379 198.376
vn -0.0269458 -0.999629 0.00407479
v 89.276 -39.5059 199.588
vn 0.624019 -0.780799 -0.030866
v 88.9373 -39.5042 200.086
vn 0.00627824 -0.999576 -0.028417
v 87.3073 -41.4453 202.229
vn -0.745375 0.646647 0.162063
v 48.3468 -35.716 267.002
vn -0.989995 0.129819 -0.0552821
v 48.0926 -36.3363 267.647
vn -0.65354 0.72876 0.204437
v 48.6999 -35.5201 267.141
vn 0.533494 -0.835487 -0.131699
v 96.8906 -37.6949 187.2
vn 0.135296 -0.989022 -0.0594258
v 95.5554 -38.2422 187.843
vn -0.0788343 -0.996838 0.00991995
v 94.9509 -38.2381 192.381
vn -0.112142 -0.993033 0.0361924
v 93.2669 -38.4024 195.589
vn 0.603992 -0.788097 -0.118729
v 90.1836 -38.6939 196.221
vn -0.666542 0.734719 0.126135
v 50.5652 -32.2697 263.822
vn -0.06103 -0.997684 -0.0300454
v 103.161 -37.1389 179.218
vn -0.111582 -0.992999 -0.0387591
v 100.971 -37.5269 181.922
vn -0.221999 -0.973973 0.0457525
v 100.499 -37.3514 183.377
vn 0.276927 -0.960356 -0.032067
v 99.7111 -37.8699 184.345
vn 0.379908 -0.923361 -0.0554546
v 97.754 -37.1322 187.324
vn 0.911201 0.3108 -0.270401
v 106.549 -34.8993 175.258
vn -0.327724 0.944576 0.0193222
v 55.7146 -28.7841 260.341
vn -0.492599 0.869359 -0.0394993
v 56.6378 -28.3447 259.109
vn -0.646137 0.76234 0.0366856
v 53.6526 -29.7378 260.93
vn -0.649692 0.758569 0.0497268
v 53.9115 -29.4663 261.065
vn -0.206611 0.96549 0.158562
v 55.0709 -28.8775 260.728
vn -0.307924 0.933199 0.185262
v 55.2622 -29.0791 261.492
vn -0.34733 0.934327 0.0799677
v 55.8367 -28.7453 260.76
vn -0.566006 0.824178 0.0191699
v 55.5766 -28.9265 261.668
vn -0.458108 0.888872 0.00654452
v 61.3274 -26.7366 249.541
vn -0.316037 0.948617 0.0156768
v 60.173 -27.1233 253.535
vn -0.282678 0.958579 0.0349182
v 58.1138 -27.759 254.698
vn -0.361791 0.932178 0.0122818
v 57.3463 -27.9322 258.802
vn -0.429478 0.902711 0.0257054
v 56.7247 -28.2623 260.205
vn 0.451043 0.892475 -0.00699085
v 103.864 -30.3537 179.628
vn 0.590764 0.798031 -0.118931
v 104.856 -31.0184 180.617
vn 0.380237 0.924883 -0.00334832
v 103.404 -30.298 180.399
vn 0.420033 0.907132 0.0261514
v 104.039 -30.5093 180.443
vn 0.469197 0.880893 -0.0622989
v 104.089 -30.5524 181.526
vn 0.478331 0.85827 -0.185936
v 103.741 -29.7917 183.713
vn -0.508437 0.860932 0.0169375
v 65.9416 -25.0326 247.269
vn -0.383457 0.923097 0.0291897
v 62.8166 -25.5895 252.445
vn 0.768146 0.591661 -0.244722
v 102.361 -28.8988 183.876
vn 0.650552 0.744069 -0.152127
v 102.909 -28.8428 185.598
vn 0.677479 0.636509 -0.368618
v 99.7595 -27.4161 188.517
vn 0.395927 0.911015 -0.1153
v 100.353 -27.8473 188.551
vn 0.191825 0.981341 -0.0131578
v 98.1259 -26.282 190.61
vn 0.17475 0.984091 -0.032037
v 98.0604 -26.3412 191.275
vn 0.247498 0.968841 -0.00956102
v 99.1994 -26.5092 192.316
vn 0.410377 0.900592 -0.143264
v 99.007 -26.4603 193.248
vn -0.185191 0.982698 0.00295057
v 69.7143 -24.2458 241.063
vn -0.00950292 0.997166 0.0746354
v 96.373 -25.4391 195.103
vn 0.672113 0.636097 -0.379006
v 94.3282 -24.8043 197.57
vn 0.111705 0.993661 -0.0126666
v 95.329 -25.4236 197.979
vn 0.0195679 0.999783 0.00714209
v 93.0363 -23.4566 201.019
vn -0.601125 0.795114 0.0802637
v 81.8591 -22.0591 219.8
vn 0.00556574 0.999663 0.0253751
v 80.6853 -21.9451 222.942
vn -0.0125529 0.999649 0.0233281
v 81.8776 -22.2587 222.625
vn -0.119741 0.992417 0.0277681
v 78.4776 -22.3843 224.457
vn -0.169557 0.98473 0.0394707
v 79.8034 -22.0814 224.875
vn -0.0297102 0.998458 0.0468864
v 89.529 -22.4288 207.253
vn 0.35103 0.921362 -0.166946
v 92.1454 -22.9091 206.747
vn 0.177462 0.981007 -0.0783134
v 89.661 -22.243 210.117
vn 0.00296215 0.999586 -0.0286128
v 86.2478 -21.7113 212.943
vn -0.521679 0.848071 0.0928844
v 84.825 -21.5934 214.886
vn -0.222696 0.97125 0.0841373
v 85.1489 -21.5061 215.423
vn 0.104316 0.993223 -0.051252
v 86.3036 -21.4543 215.407
vn -0.27632 0.959331 0.0577117
v 84.5731 -21.8442 216.154
vn -0.0936048 0.994951 0.036211
v 84.6981 -21.8452 218.328
vn 0.176389 -0.925661 -0.334722
v 63.5666 -67.7657 227.598
vn -0.124067 -0.956912 -0.262538
v 62.9709 -68.3839 229.387
vn -0.027889 -0.968474 -0.247547
v 63.2265 -68.4311 229.542
vn 0.664272 -0.742399 -0.087098
v 63.882 -67.8964 229.985
vn -0.480619 -0.860949 -0.166649
v 59.8312 -68.2142 232.752
vn -0.261334 -0.94659 -0.188873
v 60.5015 -69.1085 235.315
vn -0.378132 -0.91102 -0.164498
v 55.6581 -67.2912 239.996
vn -0.156277 -0.961965 -0.224055
v 55.3318 -67.3211 240.503
vn -0.489839 -0.85655 -0.162418
v 56.9908 -68.2057 239.106
vn -0.153689 -0.964992 -0.212534
v 55.5463 -67.9332 242.775
vn -0.717067 -0.694042 -0.0641856
v 53.2066 -66.4517 244.422
vn -0.442488 -0.888282 -0.123122
v 54.5428 -67.7304 243.911
vn -0.714108 -0.698858 -0.0405852
v 53.8568 -67.3646 245.226
vn -0.53674 -0.833024 -0.134092
v 52.2471 -66.2542 247.267
vn -0.250452 -0.938334 -0.238334
v 52.9719 -66.7591 246.404
vn -0.48649 -0.860342 -0.152116
v 53.462 -66.9251 246.708
vn -0.426421 -0.885475 -0.184661
v 51.8315 -66.1065 247.427
vn -0.62889 -0.771829 -0.0936933
v 52.8826 -67.112 248.126
vn 0.528681 -0.816064 -0.23353
v 64.0454 -67.3302 227.079
vn 0.620261 0.780257 0.0804643
v 63.9017 -67.1668 227.404
vn 0.592535 0.803002 0.0639629
v 62.8338 -66.8777 229.196
vn 0.729867 0.683569 -0.00528078
v 62.8296 -66.7076 230.581
vn 0.796532 0.573847 0.190357
v 63.9266 -67.5079 229.543
vn 0.898282 0.410207 0.157541
v 63.8329 -67.5528 229.84
vn 0.699813 0.710997 0.0688769
v 63.7786 -67.4715 229.802
vn 0.965523 0.25703 -0.0412304
v 61.9446 -65.8382 233.84
vn -0.747292 -0.660806 -0.0699313
v 50.2372 -65.2643 251.665
vn -0.872518 -0.487088 -0.0381718
v 49.1989 -64.2873 255.174
vn -0.526806 -0.845076 -0.091222
v 48.4048 -63.5892 256.766
vn 0.99137 0.130352 0.0139054
v 61.6837 -63.2844 234.2
vn -0.87937 -0.471965 0.0629101
v 47.9929 -62.5941 255.033
vn 0.941565 -0.310082 -0.131543
v 61.7793 -62.1249 234.873
vn 0.979183 -0.194725 -0.0572892
v 62.1648 -61.7562 236.289
vn -0.979661 -0.151265 0.131843
v 45.7851 -58.9903 265.353
vn 0.969582 -0.243674 -0.0231186
v 63.2629 -58.4427 237.59
vn -0.87796 -0.475839 0.0525637
v 44.6917 -57.193 267.021
vn -0.966277 -0.150303 0.209088
v 44.4218 -56.3686 268.2
vn 0.653348 -0.742476 -0.147868
v 63.7099 -56.8633 233.194
vn 0.0360309 -0.978142 -0.204791
v 64.2291 -56.5173 232.428
vn 0.506873 -0.854079 -0.116741
v 64.7384 -57.0976 235.573
vn -0.896884 -0.439207 0.0519217
v 44.2331 -55.0344 267.992
vn 0.814485 -0.57956 -0.0269131
v 66.0735 -55.5891 232.373
vn 0.744994 -0.664086 -0.0630367
v 68.8539 -52.6342 229.305
vn 0.883703 -0.468037 0.00310151
v 68.7535 -52.5 231.335
vn -0.127346 -0.962428 -0.239824
v 71.7466 -49.6962 224.868
vn 0.675081 -0.729563 -0.109563
v 69.5642 -51.051 227.165
vn -0.190041 -0.949485 -0.249725
v 71.679 -50.5637 228.04
vn 0.443232 -0.878232 -0.179594
v 69.5194 -51.6792 230.333
vn 0.557666 -0.813444 -0.165281
v 69.9209 -51.4702 230.207
vn -0.962817 0.212266 0.167115
v 44.7939 -47.5473 273.016
vn -0.938699 0.282415 0.197702
v 45.0144 -45.3242 272.163
vn -0.768355 0.58757 0.253757
v 46.7271 -39.4262 271.029
vn -0.180924 0.928006 0.325687
v 47.5653 -39.516 272.005
vn -0.950968 0.28304 0.124696
v 46.2935 -41.718 273.156
vn -0.024626 -0.999004 -0.0371963
v 85.2767 -42.1908 206.846
vn 0.390509 -0.917008 -0.0812384
v 86.1474 -42.1918 208.415
vn -0.0308506 -0.997641 -0.0613304
v 83.6454 -42.3891 211.137
vn -0.605765 0.76693 0.211818
v 48.1118 -38.4076 269.39
vn -0.930134 0.359538 0.0747142
v 48.3355 -37.861 269.545
vn -0.225477 0.905928 0.358406
v 47.1189 -38.9894 270.651
vn -0.556561 0.790561 0.255448
v 48.0776 -38.9005 271.216
vn 0.930456 -0.351203 -0.10444
v 88.7598 -39.7682 203.148
vn 0.232344 -0.972416 -0.0205796
v 87.7783 -41.4559 204.435
vn 0.804594 -0.587647 -0.0854387
v 88.4613 -41.0369 204.112
vn -0.822255 0.546643 0.158362
v 48.163 -36.9584 270.427
vn -0.820438 0.552857 0.145705
v 48.7874 -36.1597 270.042
vn 0.262991 -0.963692 -0.0461961
v 94.8555 -38.2358 193.724
vn 0.0363379 -0.999337 0.00233782
v 96.2633 -38.4062 194.925
vn 0.32474 -0.944584 -0.0480045
v 94.3885 -38.58 194.87
vn -0.0510626 -0.998309 0.0277859
v 94.0609 -38.6144 195.377
vn 0.505094 -0.861451 -0.0527459
v 94.9303 -38.3258 195.927
vn 0.211625 -0.976959 -0.0276649
v 92.2518 -38.7461 198.507
vn 0.12106 -0.992635 0.00455503
v 93.3831 -38.2703 198.447
vn -0.150978 -0.987579 0.0435137
v 89.2363 -39.3641 202.703
vn -0.672825 0.725657 0.143972
v 50.8495 -33.6902 270.679
vn -0.00433269 -0.995631 -0.0932756
v 106.203 -37.4866 177.689
vn -0.023162 -0.999457 -0.0234335
v 103.365 -37.6991 184.06
vn 0.517157 -0.853296 -0.0665843
v 97.4495 -38.0811 192.459
vn 0.744083 -0.661573 -0.0930689
v 97.8327 -37.6581 193.357
vn -0.712066 0.69518 0.0984186
v 52.846 -30.9734 266.066
vn -0.511543 0.843881 0.161829
v 53.1752 -30.6611 266.311
vn -0.589353 0.800632 0.107948
v 53.0424 -31.1616 268.017
vn -0.673764 0.73019 0.113427
v 51.4921 -32.8682 270.016
vn 0.951185 -0.069411 -0.300716
v 106.864 -35.9988 175.876
vn 0.808213 -0.53305 -0.2503
v 107.45 -36.7806 178.731
vn -0.749735 0.657557 -0.0742636
v 54.5809 -29.8016 264.987
vn -0.526606 0.849965 0.015662
v 55.3058 -29.0026 264.312
vn -0.705908 0.708264 0.0075338
v 53.8634 -30.1885 267.736
vn -0.458606 0.883434 0.0960447
v 54.4839 -29.7142 267.722
vn 0.902678 0.330963 -0.275021
v 107.201 -34.4168 177.856
vn 0.783831 0.593956 -0.181175
v 107.157 -33.0578 180.036
vn -0.298875 0.9523 0.0616338
v 58.8443 -27.899 261.792
vn 0.672413 0.7126 -0.200154
v 106.54 -32.105 181.699
vn 0.626586 0.752054 -0.204465
v 104.266 -30.3502 183.367
vn 0.279376 0.960167 0.00533206
v 103.584 -29.6541 184.659
vn 0.330627 0.942789 -0.0428322
v 104.094 -29.7209 184.968
vn 0.599972 0.773872 -0.202868
v 104.45 -29.9656 184.848
vn 0.489131 0.871463 -0.0361001
v 105.007 -30.1164 186.24
vn 0.194503 0.97505 0.106987
v 104.712 -30.039 186.759
vn -0.150426 0.988617 0.00282161
v 64.1664 -25.5703 253.948
vn -0.0654117 0.994839 0.0775728
v 63.1726 -25.6608 253.712
vn -0.404484 0.913967 0.0325068
v 62.3607 -26.0982 255.359
vn 0.637292 0.759914 -0.12802
v 103.852 -29.652 186.918
vn 0.373058 0.927489 -0.0243293
v 102.203 -28.2195 188.281
vn 0.530385 0.819415 -0.217372
v 100.797 -27.2381 190.514
vn 0.724398 0.602524 -0.334981
v 102.125 -27.8043 192.209
vn -0.057711 0.998096 -0.02179
v 68.3374 -24.2456 244.441
vn -0.0602844 0.998156 -0.00714591
v 69.4985 -24.289 243.737
vn -0.182461 0.983175 -0.00866362
v 69.6877 -24.2353 245.245
vn -0.246727 0.968502 -0.0335978
v 67.3983 -24.3751 245.877
vn -0.200858 0.979525 0.0136875
v 67.5966 -24.2142 246.797
vn 0.113182 0.992645 0.0429679
v 68.0887 -24.2247 246.041
vn 0.0547172 0.9985 0.00194294
v 68.639 -24.3493 245.678
vn -0.111204 0.993798 0.000326545
v 68.9541 -24.2436 247.608
vn 0.024241 0.9973 0.0693224
v 67.7471 -24.5231 249.358
vn -0.0193013 0.996605 0.0800371
v 97.8862 -25.4851 197.058
vn 0.549202 0.778748 -0.303196
v 96.4359 -25.3745 200.385
vn 0.476317 0.8564 -0.19925
v 96.6418 -24.725 202.21
vn -0.178761 0.983664 0.0211905
v 72.9492 -23.4027 240.481
vn -0.0937293 0.984845 0.145932
v 92.7918 -22.9817 206.438
vn 0.091003 0.995732 0.0153968
v 93.6428 -22.8368 206.934
vn 0.465754 0.856304 -0.223196
v 95.3004 -23.7142 205.544
vn 0.339763 0.929684 -0.142302
v 92.6067 -22.587 208.398
vn 0.00878887 0.996823 0.0791669
v 91.3711 -22.4155 209.049
vn 0.0594247 0.996108 0.0651039
v 91.7459 -22.6461 210.689
vn 0.283034 0.956676 -0.0682926
v 91.6296 -22.6733 212.021
vn -0.671421 0.735382 0.0916929
v 82.798 -21.7152 223.834
vn -0.156217 -0.970059 -0.185964
v 62.6782 -69.576 236.296
vn 0.751028 -0.656593 -0.0695803
v 63.5132 -68.7267 236.033
vn -0.213561 -0.955353 -0.204186
v 56.3103 -68.0836 243.241
vn -0.0381881 -0.967548 -0.249785
v 56.136 -68.1366 243.491
vn -0.46887 -0.874181 -0.126367
v 56.9272 -68.5707 244.343
vn -0.254606 -0.949972 -0.180912
v 56.5473 -68.4065 244.455
vn -0.757673 -0.652527 -0.0118892
v 54.2302 -67.8128 247.93
vn -0.397226 -0.904602 -0.154618
v 52.9601 -67.6864 253.015
vn 0.926165 0.376961 0.0109247
v 64.1113 -68.0532 233.891
vn 0.720928 0.691564 0.0447438
v 63.9429 -67.7645 234.12
vn 0.751988 0.658849 0.0207974
v 62.8156 -67.0671 235.147
vn -0.829849 -0.556604 -0.0392728
v 49.435 -65.0163 256.067
vn -0.64544 -0.762043 -0.0519459
v 50.5814 -66.2372 256.489
vn -0.698516 -0.712848 -0.0626325
v 49.024 -64.0928 257.855
vn -0.877564 -0.47692 0.0492752
v 49.0506 -64.2649 260.682
vn 0.998789 -0.0115455 0.0478304
v 62.1064 -63.4217 240.41
vn -0.762888 -0.644501 -0.0511833
v 48.1685 -61.8324 261.73
vn 0.955498 0.264347 0.130939
v 62.0529 -61.8984 238.168
vn 0.879321 0.433374 0.197438
v 61.981 -62.354 239.558
vn 0.994688 0.082528 0.0615162
v 61.8276 -62.0047 239.657
vn 0.950897 0.271343 0.148891
v 62.1799 -62.742 239.705
vn 0.880196 -0.453944 -0.138531
v 62.3414 -61.293 240.429
vn 0.9424 0.300527 0.146851
v 61.8645 -62.7761 240.934
vn -0.947067 -0.297193 0.121412
v 46.3738 -59.8094 268.563
vn 0.97607 -0.216822 -0.0165999
v 63.2846 -59.0838 237.649
vn 0.775183 -0.613395 -0.151118
v 62.8961 -59.9508 238.53
vn -0.926681 -0.333846 0.172655
v 45.1232 -57.0825 270.07
vn -0.967366 -0.153227 0.201806
v 44.8588 -56.0014 269.484
vn -0.90134 -0.421307 0.100429
v 44.7438 -55.7114 272.544
vn 0.647575 -0.752755 -0.118353
v 66.6024 -55.8197 236.141
vn -0.986388 -0.14374 0.0798556
v 44.18 -51.4088 272.597
vn -0.966026 0.181419 0.184068
v 44.283 -52.1659 273.549
vn -0.941058 -0.33661 0.03321
v 44.3157 -51.6346 274.396
vn -0.983161 -0.0629094 0.171569
v 44.1685 -53.1698 274.466
vn 0.571348 -0.810096 -0.131553
v 68.3454 -53.4966 236.062
vn -0.989376 -0.0197108 0.144037
v 44.3576 -51.5199 276.209
vn -0.0320389 -0.964907 -0.260631
v 71.9201 -50.6601 228.191
vn 0.410428 -0.888745 -0.204159
v 72.2912 -50.478 227.699
vn -0.123085 -0.967984 -0.218764
v 70.6082 -50.8022 230.218
vn -0.0989234 -0.974536 -0.201232
v 70.8663 -51.0535 231.44
vn 0.761961 -0.635006 -0.127208
v 72.909 -50.5697 231.223
vn 0.815676 -0.567015 -0.114745
v 72.8393 -49.8639 227.631
vn 0.637337 -0.756684 -0.145711
v 73.2856 -49.1105 228.193
vn 0.271108 -0.94536 -0.181095
v 74.5014 -48.9863 229.608
vn -0.905783 0.349186 0.240054
v 45.4426 -45.6382 273.982
vn -0.967216 0.198641 0.158225
v 45.9016 -45.714 276.45
vn 0.469507 -0.872457 -0.135579
v 78.1377 -46.6038 223.555
vn 0.33519 -0.9391 -0.0757572
v 82.0933 -43.9849 216.276
vn 0.387485 -0.911313 -0.139155
v 81.1096 -44.8919 220.304
vn -0.0339905 -0.992089 -0.120844
v 80.0412 -45.073 220.73
vn 0.0349394 -0.987072 -0.156426
v 80.4697 -45.2847 221.7
vn -0.817581 0.530966 0.222791
v 47.12 -40.7511 274.978
vn -0.261723 0.903727 0.338789
v 47.4762 -40.8327 275.546
vn -0.399792 0.859476 0.318539
v 47.8951 -40.5011 275.064
vn 0.109135 -0.991955 -0.0641525
v 84.7058 -42.661 212.838
vn -0.0646185 -0.997478 -0.0293696
v 86.0815 -42.4012 214.339
vn 0.114653 -0.992286 -0.0471512
v 85.7605 -42.4133 214.848
vn -0.0297319 -0.997734 -0.0603497
v 84.1936 -42.6198 214.279
vn -0.999698 0.00941837 -0.0227028
v 48.15 -39.1449 273.376
vn -0.930514 0.354424 0.0923468
v 47.8645 -38.5184 274.211
vn -0.990411 -0.135674 -0.0260542
v 48.1639 -40.0016 275.546
vn 0.19331 -0.980942 0.0196028
v 87.7275 -41.2385 209.987
vn 0.745568 -0.65961 -0.0950947
v 87.441 -41.6137 212.607
vn -0.778181 0.61069 0.146603
v 49.552 -35.7136 275.714
vn 0.375038 -0.924917 -0.062255
v 93.0994 -38.5809 201.1
vn 0.357678 -0.93139 -0.0676723
v 91.3668 -39.4992 205.732
vn -0.189336 -0.981889 -0.00678506
v 105.473 -37.7476 182.87
vn 0.0340172 -0.996478 -0.0766409
v 106.465 -37.8747 184.171
vn 0.0613937 -0.99615 -0.0625807
v 104.249 -37.59 184.929
vn -0.02603 -0.998923 0.0384185
v 99.541 -36.9316 193.623
vn -0.136301 -0.98629 0.0930261
v 100.87 -37.0917 193.026
vn -0.0272942 -0.998605 0.045193
v 96.4857 -38.2892 198.198
vn 0.329436 -0.944148 0.0074445
v 97.2015 -38.2276 198.27
vn 0.532602 -0.845456 -0.039242
v 98.3145 -37.5982 197.489
vn 0.126115 -0.99157 0.0297154
v 95.7648 -38.1431 200.907
vn -0.691648 0.710538 0.129454
v 51.9065 -32.8459 271.661
vn -0.74534 0.660741 0.0888182
v 52.4812 -32.3206 274.065
vn 0.779267 -0.586014 -0.222103
v 107.892 -37.2303 181.825
vn 0.949101 -0.20263 -0.241138
v 108.316 -36.0785 181.637
vn 0.871741 0.385637 -0.302244
v 107.607 -33.1572 182.761
vn -0.24473 0.963168 0.111425
v 59.1063 -28.1333 264.764
vn -0.2247 0.970565 0.0866862
v 57.8622 -28.3719 265.439
vn 0.48527 0.872402 -0.0585438
v 107.286 -32.3413 184.26
vn 0.871965 0.319901 -0.370595
v 108.1 -33.0905 183.75
vn 0.671707 0.725382 -0.150434
v 105.644 -30.9903 185.634
vn 0.709306 0.68147 -0.180233
v 105.346 -30.4193 186.114
vn 0.459803 0.887687 -0.0243485
v 105.606 -30.5502 189.778
vn -0.136345 0.990496 -0.0180846
v 64.7237 -25.508 254.276
vn -0.126201 0.99055 -0.0537133
v 64.104 -25.456 255.302
vn -0.442437 0.896637 -0.0170665
v 63.4441 -25.4268 258.756
vn -0.563079 0.826029 0.0248621
v 63.0266 -25.7962 259.933
vn -0.52648 0.84997 0.0192392
v 60.3632 -27.3958 264.76
vn 0.605646 0.762353 -0.228058
v 102.577 -28.3387 192.362
vn 0.329087 0.943677 -0.0342876
v 103.662 -28.6901 193.384
vn 0.542257 0.831707 -0.119248
v 104.189 -28.8953 193.012
vn -0.143053 0.989584 0.0161081
v 68.0054 -24.6731 250.074
vn -0.214185 0.976004 -0.0392551
v 69.7769 -24.0813 250.536
vn -0.220185 0.973949 -0.0542414
v 69.1572 -24.0293 251.562
vn -0.552627 0.833416 0.00448322
v 65.9949 -25.0374 253.25
vn -0.404494 0.914541 -0.000292655
v 66.391 -24.6919 254.86
vn 0.560806 0.791562 -0.242748
v 100.682 -26.5262 197.05
vn 0.672356 0.683446 -0.284322
v 101.694 -27.1238 198.046
vn 0.268036 0.961734 -0.0567825
v 99.5429 -25.7046 198.761
vn 0.022564 0.994606 0.101245
v 98.7186 -25.8086 200.027
vn 0.369298 0.920179 -0.129957
v 98.6222 -25.9473 202.477
vn -0.0618693 0.997575 0.0318907
v 77.1856 -22.7567 237.01
vn -0.205216 0.978291 0.028869
v 74.9372 -23.1708 239.199
vn -0.148794 0.988739 0.0160018
v 74.3667 -23.3773 242.373
vn 0.42399 0.884937 -0.192661
v 95.8581 -23.4202 207.193
vn 0.561306 0.799741 -0.212954
v 96.6192 -24.036 207.395
vn 0.692574 0.639283 -0.334154
v 96.7777 -23.7922 208.172
vn -0.191312 0.954498 0.228765
v 94.4959 -23.2736 208.874
vn 0.542788 0.798997 -0.258815
v 94.0255 -23.1401 209.707
vn 0.179044 0.983765 -0.0122663
v 94.4172 -23.3776 209.534
vn 0.0550682 0.995043 0.0828091
v 95.3757 -23.1809 209.294
vn 0.222132 0.974263 -0.0383249
v 94.4382 -22.8169 211.606
vn 0.0268395 0.995905 0.0863284
v 93.5892 -22.8414 213.551
vn 0.302516 0.948591 -0.093059
v 91.841 -22.0966 215.604
vn 0.0672355 0.997726 -0.00465258
v 88.4634 -21.444 218.443
vn 0.398147 0.912936 -0.0895968
v 89.7688 -21.7989 220.296
vn -0.245553 0.963107 0.110129
v 87.6024 -21.7218 221.449
vn -0.303716 0.936637 0.174552
v 87.5 -21.9063 222.101
vn -0.249203 0.957258 0.146815
v 88.0117 -21.623 222.036
vn 0.394362 0.918637 -0.024188
v 84.9357 -21.7762 225.112
vn 0.0238986 0.998918 0.0398937
v 84.6581 -21.6406 225.637
vn -0.175715 0.982877 0.055475
v 82.6847 -22.2455 227.304
vn 0.056677 0.99839 -0.00241466
v 82.2214 -22.2048 229.824
vn -0.117703 0.992971 0.0124507
v 81.6629 -22.2923 230.672
vn 0.147957 0.988973 0.00637401
v 82.6302 -22.2705 229.722
vn -0.00114103 0.999588 0.0286927
v 82.9946 -22.3239 230.293
vn 0.12899 0.991643 0.00252524
v 82.7244 -22.2981 230.743
vn 0.0303699 0.998711 0.0406785
v 81.119 -22.3376 230.926
vn 0.73689 -0.66717 -0.108986
v 62.8694 -69.8914 238.183
vn -0.0426923 -0.969248 -0.242352
v 62.4784 -70.5664 240.798
vn -0.440436 -0.886728 -0.140464
v 54.5 -68.45 251.286
vn -0.76722 -0.641368 -0.00446457
v 53.5874 -67.9385 252.455
vn -0.529313 -0.841779 -0.105999
v 53.547 -67.9127 253.128
vn -0.629575 -0.77566 -0.0445765
v 54.2354 -68.6958 253.945
vn -0.70985 -0.704319 -0.0069759
v 51.5489 -66.98 256.286
vn -0.621846 -0.780331 -0.0662643
v 52.0538 -67.5926 255.714
vn 0.893143 0.449259 0.0215029
v 63.9193 -68.1409 238.332
vn 0.885946 -0.461929 -0.041495
v 63.9493 -68.5921 239.571
vn -0.871148 -0.490521 0.0221643
v 49.5071 -64.9203 261.352
vn 0.996931 -0.0625955 -0.0470172
v 61.9494 -64.4245 241.438
vn 0.981826 0.183392 0.0488266
v 61.9508 -63.6935 243.486
vn 0.99389 0.10819 -0.0218448
v 61.8264 -63.8309 245.171
vn 0.952039 0.305941 0.00468356
v 62.1833 -65.4694 244.802
vn -0.811354 -0.58414 -0.0220392
v 47.5349 -61.7982 266.249
vn -0.591428 -0.795243 -0.133422
v 48.5533 -62.8187 265.88
vn 0.93563 -0.312274 -0.164566
v 61.924 -63.5857 245.561
vn -0.948155 -0.302483 0.0974958
v 46.3658 -60.4195 268.406
vn -0.758037 -0.650138 -0.0519598
v 47.3773 -61.5848 267.889
vn 0.77593 -0.624573 -0.0885557
v 63.4046 -59.0397 242.966
vn 0.966892 -0.254286 -0.0214226
v 62.8144 -60.6271 244.804
vn 0.568436 -0.81743 -0.0932148
v 64.8834 -58.1945 242.736
vn 0.48931 -0.865808 -0.104651
v 65.5813 -57.5006 242.752
vn 0.359608 -0.921236 -0.148347
v 64.1422 -58.8276 244.895
vn -0.913185 -0.380164 0.14686
v 44.8671 -55.5054 273.652
vn 0.920954 -0.389653 0.00376595
v 67.5132 -55.026 241.073
vn 0.826683 -0.558716 -0.0665707
v 67.0723 -56.5085 241.47
vn -0.979882 0.0558511 0.191602
v 44.6134 -52.792 275.625
vn -0.957713 -0.275383 0.0833678
v 44.6586 -52.2976 276.795
vn -0.967946 -0.160841 0.192903
v 44.715 -53.8678 276.623
vn 0.43489 -0.882204 -0.180519
v 69.1384 -53.0961 236.01
vn -0.946228 0.220353 0.236848
v 45.3147 -51.2046 279.556
vn 0.0450505 -0.981674 -0.185167
v 71.3481 -51.8856 234.936
vn 0.600084 -0.776539 -0.192058
v 73.6105 -49.9807 232.648
vn 0.465826 -0.868554 -0.169175
v 74.4828 -49.5403 232.436
vn 0.602264 -0.789249 -0.11985
v 74.9231 -49.1026 232.574
vn -0.969985 0.14005 0.198787
v 46.078 -47.2691 278.832
vn -0.986104 0.109975 0.124521
v 46.2825 -45.2177 279.687
vn -0.792096 0.569322 0.22013
v 47.0362 -43.0521 280.912
vn -0.950348 0.267583 0.158867
v 46.5918 -44.2425 281.534
vn -0.875899 -0.473092 -0.094783
v 47.9699 -40.9223 280.046
vn 0.60372 -0.790066 -0.106385
v 83.8331 -43.3768 218.668
vn 0.052431 -0.997091 -0.0553296
v 85.378 -42.9459 219.907
vn 0.547264 -0.831893 -0.0919595
v 82.1111 -44.288 220.23
vn 0.298813 -0.950645 -0.0835792
v 83.3079 -44.0135 220.245
vn 0.128966 -0.990258 -0.0525026
v 82.9567 -44.1099 221.348
vn 0.281269 -0.954024 -0.103565
v 84.5134 -43.0969 220.103
vn -0.92787 -0.358583 -0.102352
v 47.725 -40.1718 278.446
vn -0.802971 0.560746 0.201993
v 47.9898 -39.5971 278.212
vn -0.872948 0.448721 0.191338
v 48.6989 -39.34 279.786
vn -0.838056 0.499264 0.219994
v 48.0914 -40.5581 281.141
vn 0.369308 -0.928507 -0.0385466
v 89.4825 -41.0314 213.817
vn 0.105325 -0.993516 -0.0427985
v 86.6098 -42.4374 214.656
vn -0.0303253 -0.999317 -0.0211077
v 86.2457 -42.4326 215.839
vn -0.315617 -0.947879 0.0437258
v 90.7056 -39.4744 209.185
vn -0.149151 -0.988605 0.0203501
v 91.0868 -39.6342 209.074
vn -0.0204024 -0.999635 0.017728
v 90.5961 -39.3568 211.211
vn -0.576052 0.793543 0.196095
v 50.6495 -34.8408 276.304
vn -0.551824 0.796891 0.245876
v 50.2376 -36.007 279.642
vn -0.667691 0.714637 0.208524
v 50.6701 -35.5279 278.816
vn -0.068104 -0.996573 -0.0469438
v 106.587 -38.0978 187.409
vn -0.40513 -0.903684 0.138652
v 100.668 -37.2876 195.02
vn 0.0855 -0.996072 0.0230388
v 95.4174 -38.0298 202.441
vn 0.675594 -0.726184 -0.127396
v 92.8161 -38.699 208.614
vn -0.0685667 -0.995881 0.059324
v 93.3604 -38.2691 208.581
vn 0.645159 -0.730662 -0.22339
v 108.185 -37.6868 184.482
vn -0.168383 -0.984663 0.0456721
v 105.052 -37.6868 191.302
vn -0.0103604 -0.999235 0.0377145
v 103.078 -36.9145 194.329
vn 0.219134 -0.975677 0.00595727
v 99.7725 -36.931 197.26
vn -0.173817 -0.982144 0.0719751
v 100.859 -36.9004 197.905
vn -0.106805 0.977484 0.181985
v 56.6793 -29.6786 272.527
vn -0.581504 0.80308 0.130058
v 54.3436 -30.7649 275.062
vn -0.209119 0.960967 0.181143
v 55.4441 -30.3119 275.335
vn 0.956775 -0.184144 -0.225107
v 108.755 -35.3961 182.907
vn 0.970509 0.0566774 -0.234307
v 108.811 -35.0997 182.919
vn 0.927978 0.241528 -0.283761
v 108.788 -33.763 185.258
vn 0.975561 -0.0516417 -0.213574
v 109.266 -35.4705 185.21
vn 0.923504 0.3273 -0.20004
v 109.257 -34.8761 185.569
vn -0.463558 0.884 0.0604785
v 58.901 -28.4234 266.708
vn -0.144462 0.976994 0.156885
v 57.1254 -28.9798 269.243
vn 0.072032 0.973808 0.215659
v 57.8136 -28.7991 268.24
vn -0.483903 0.870909 0.0857682
v 58.9716 -28.5268 268.911
vn 0.424894 0.904074 0.0459866
v 108.259 -32.7 184.866
vn 0.822625 0.564865 -0.0649266
v 108.849 -33.2766 185.959
vn 0.601701 0.79871 -0.0042801
v 108.058 -32.678 185.794
vn 0.595213 0.802615 -0.039119
v 107.566 -32.192 186.866
vn 0.707032 0.707082 0.0118585
v 107.902 -32.5083 186.738
vn 0.550862 0.832668 -0.0566998
v 106.13 -30.7643 189.406
vn 0.6906 0.711751 -0.128383
v 107.304 -32.0557 189.149
vn -0.619638 0.783109 0.0528197
v 63.0975 -26.0147 264.89
vn -0.520744 0.851508 0.0613137
v 60.1066 -27.5569 267.051
vn 0.681822 0.711761 -0.168862
v 106.598 -30.7941 193.186
vn -0.0277368 0.99908 0.0327
v 67.1244 -24.7257 257.399
vn -0.411073 0.911584 0.00572157
v 65.4971 -25.3997 259.627
vn -0.633618 0.772998 0.0316649
v 65.8988 -25.025 259.49
vn 0.0469012 0.998883 0.00580976
v 64.4622 -25.3529 262.506
vn 0.00554075 0.999974 -0.00452753
v 63.5876 -25.3024 262.681
vn 0.503299 0.854885 -0.125945
v 104.463 -28.2748 197.68
vn 0.601574 0.768111 -0.219348
v 102.364 -26.7297 200.166
vn 0.502485 0.852161 -0.146051
v 103.194 -27.6736 200.069
vn 0.378429 0.925091 -0.0315852
v 102.417 -26.5993 201.938
vn -0.0444972 0.998904 0.0145164
v 76.4544 -22.8562 242.88
vn -0.0462723 0.99882 0.014769
v 76.951 -22.9997 243.186
vn -0.201502 0.979473 -0.00552479
v 71.2634 -23.4456 252.075
vn -0.0415684 0.999009 -0.0158764
v 69.9576 -23.943 254.482
vn -0.208443 0.978025 -0.00430066
v 70.2644 -23.9269 254.664
vn -0.287562 0.957524 0.021355
v 69.5324 -23.9823 256.331
vn 0.404921 0.908702 -0.101483
v 98.1021 -24.6536 207.623
vn 0.801901 0.481899 -0.353169
v 97.7854 -24.3245 209.51
vn 0.744688 0.568277 -0.350001
v 98.1037 -23.9955 210.376
vn 0.538725 0.810716 -0.229163
v 95.2822 -23.072 212.477
vn 0.155334 0.987201 0.0361246
v 91.0541 -22.1724 220.389
vn -0.164667 0.973218 0.160412
v 88.2724 -21.8654 223.258
vn 0.131298 0.991317 -0.00718797
v 87.4577 -21.7735 225.215
vn 0.0705189 0.99668 0.0407039
v 88.6029 -22.0836 225.57
vn 0.148583 0.98889 -0.00434444
v 87.4306 -21.9646 228.712
vn 0.0662967 0.997799 0.00131502
v 83.3821 -22.3983 234.379
vn 0.204403 0.978443 0.0294787
v 81.4643 -22.5553 234.997
vn -0.00954159 0.99993 0.00701471
v 82.0668 -22.1551 234.277
vn -0.304521 0.9509 0.0552788
v 81.7261 -22.5812 235.154
vn 0.186448 0.982464 0.000837491
v 82.4766 -22.189 234.174
vn 0.217391 0.976082 0.00222499
v 82.9733 -22.3326 234.48
vn 0.272673 0.961151 -0.04287
v 90.8397 -21.7644 223.731
vn 0.81775 -0.567924 -0.0935266
v 62.8509 -70.2165 240.994
vn 0.850765 -0.521415 -0.0657684
v 63.2335 -69.562 241.875
vn 0.89866 -0.429336 -0.0898925
v 62.8488 -71.3348 244.923
vn -0.566092 -0.820369 -0.0808342
v 55.7531 -69.5215 252.81
vn -0.625904 -0.779189 -0.0332954
v 55.371 -69.2018 253.609
vn -0.650712 -0.759161 0.0157649
v 52.669 -67.8683 261.693
vn -0.45133 -0.892308 0.00933961
v 64.3419 -68.3764 242.45
vn -0.45133 -0.892308 0.00933961
v 64.4123 -68.4116 242.494
vn -0.45133 -0.892308 0.00933961
v 64.3894 -68.3995 242.538
vn 0.892192 0.450787 0.028005
v 62.6489 -66.7573 243.773
vn 0.744235 0.660315 0.100486
v 63.1066 -67.4053 243.393
vn 0.822772 0.567034 -0.0389723
v 62.992 -67.6229 245.09
vn 0.661253 0.740005 0.123037
v 63.3188 -67.984 244.611
vn 0.691492 0.720572 0.0511396
v 64.2405 -68.4493 243.444
vn 0.625484 0.76354 0.160549
v 63.9417 -68.2293 243.95
vn 0.864096 0.503048 0.0167538
v 62.8864 -66.9613 246.379
vn 0.995865 0.0882487 -0.0215678
v 62.0816 -64.9452 246.103
vn 0.855273 0.490172 0.168044
v 62.3295 -65.9477 245.974
vn 0.956457 0.265861 0.120449
v 62.1305 -65.5792 246.016
vn 0.922512 0.385428 0.0204287
v 62.078 -65.9666 246.875
vn 0.912192 0.404558 -0.0651003
v 62.5149 -66.2327 248.204
vn 0.991738 -0.0241349 -0.125986
v 62.3363 -65.0476 249.412
vn -0.949114 -0.294928 0.110455
v 49.9293 -64.4225 269.615
vn -0.682544 -0.729287 -0.0476872
v 47.6405 -62.0313 270.178
vn -0.757316 -0.652938 0.0120192
v 47.9262 -62.4017 272.474
vn 0.928851 -0.329533 -0.169245
v 62.1429 -63.7735 246.755
vn 0.905397 -0.402496 -0.135105
v 62.3702 -63.1776 246.422
vn 0.972781 -0.220893 -0.0700211
v 62.6789 -62.3826 246.974
vn 0.990276 -0.128497 -0.0533066
v 62.6358 -63.2917 249.813
vn 0.998993 0.0447449 0.00328894
v 62.5637 -62.6689 250.075
vn -0.72148 -0.691946 -0.0260344
v 47.3706 -61.8943 270.691
vn 0.891122 -0.451119 -0.0489173
v 62.981 -60.2381 246.649
vn 0.884795 -0.461455 -0.0647849
v 63.2771 -60.0756 250.317
vn 0.970423 -0.236055 -0.0505727
v 62.6549 -61.8246 250.768
vn -0.882633 -0.462991 0.08123
v 46.7557 -58.1281 277.416
vn 0.672519 -0.737236 -0.0648183
v 63.7959 -59.2639 247.064
vn 0.493829 -0.857018 -0.147148
v 66.5799 -57.1107 242.619
vn 0.858506 -0.512487 -0.0179852
v 67.3988 -55.3337 244.379
vn 0.954529 -0.297325 0.0217284
v 67.088 -56.6344 245.687
vn -0.970364 -0.152038 0.187825
v 45.6979 -53.4604 282.047
vn 0.521644 -0.841273 -0.141944
v 72.3186 -51.9239 236.917
vn -0.974643 0.0837816 0.20749
v 46.3138 -49.6015 282.485
vn -0.982762 -0.169896 0.0728957
v 46.5271 -46.4388 281.684
vn -0.951966 -0.297447 0.0727022
v 46.7136 -46.8952 282.528
vn -0.983724 -0.157298 0.0868558
v 46.5443 -46.5445 282.658
vn -0.963501 0.139396 0.22855
v 46.8881 -46.8177 284.323
vn -0.620585 0.735371 0.27222
v 47.6398 -43.8085 284.256
vn 0.683714 -0.721995 -0.106104
v 82.0374 -45.1531 225.774
vn -0.439198 -0.895743 -0.0689163
v 80.3791 -45.8722 228.337
vn -0.234626 -0.969286 -0.0737244
v 80.7844 -46.0314 227.89
vn 0.283981 -0.952633 -0.108836
v 81.4163 -46.0916 228.621
vn 0.681849 -0.72599 -0.0895543
v 81.956 -45.7307 228.555
vn 0.043581 -0.995084 -0.0889309
v 79.7809 -45.8287 229.027
vn -0.233945 -0.969369 -0.0747972
v 80.2082 -45.8318 228.932
vn -0.246653 0.909948 0.333401
v 47.9093 -43.0071 281.91
vn -0.992745 0.054863 0.10699
v 48.3851 -42.0221 282.307
vn -0.963336 0.215567 0.159734
v 48.3453 -42.9649 282.421
vn 0.347853 -0.934079 -0.0805892
v 82.7456 -44.3481 225.088
vn 0.13266 -0.987442 -0.0857868
v 83.629 -44.3926 226.043
vn -0.847612 0.483012 0.219663
v 48.6863 -41.0264 283.979
vn 0.785281 -0.61413 -0.0786016
v 88.2976 -41.0951 217.315
vn 0.927166 -0.353557 -0.123938
v 88.4451 -41.33 219.169
vn -0.899407 0.398413 0.179817
v 49.7148 -37.4137 282.581
vn -0.366806 0.873893 0.319005
v 50.6663 -37.1582 283.48
vn 0.862329 -0.485197 -0.144818
v 90.493 -39.8991 214.688
vn -0.338445 -0.936261 0.0941832
v 91.3961 -39.435 213.443
vn -0.123625 -0.991045 0.0504564
v 91.8953 -39.5696 213.75
vn 0.77764 -0.614835 -0.131353
v 91.2039 -39.4591 217.529
vn -0.23559 -0.968671 0.0785725
v 89.7342 -40.8645 218.854
vn -0.806607 0.578514 0.12127
v 51.3613 -34.8634 280.579
vn -0.906653 0.395327 0.147298
v 50.9585 -36.5933 283.263
vn 0.374505 -0.925821 -0.0510103
v 98.5775 -37.5273 203.588
vn 0.236536 -0.971609 0.00511801
v 96.9103 -37.7979 206.113
vn 0.651947 -0.751558 -0.100628
v 93.0705 -39.1203 211.969
vn 0.431689 -0.88616 -0.168416
v 109.203 -37.8863 187.482
vn 0.802949 -0.537227 -0.258187
v 109.553 -37.3355 187.237
vn 0.0349737 -0.998742 -0.0359357
v 107.626 -38.2159 189.086
vn -0.284262 -0.956068 0.0716231
v 104.661 -37.192 194.593
vn 0.0862441 -0.996085 0.0193921
v 102.085 -36.9862 200.041
vn 0.257154 -0.965663 -0.0369596
v 100.397 -36.6262 203.558
vn 0.468447 -0.876191 -0.11334
v 100.094 -36.9529 204.451
vn -0.241111 0.95478 0.173959
v 55.9376 -30.9508 278.33
vn -0.311287 0.928173 0.203947
v 54.4915 -31.7023 280.816
vn 0.901074 0.396963 -0.174605
v 109.549 -34.5499 187.663
vn 0.965159 0.132157 -0.225839
v 110.046 -35.7358 188.599
vn 0.735099 0.675747 -0.0547294
v 109.048 -33.7778 188.913
vn 0.711226 0.681947 -0.170606
v 109.221 -33.2402 190.727
vn -0.451978 0.890819 0.0464474
v 62.7733 -26.2857 266.466
vn -0.305981 0.95039 0.0559865
v 69.0729 -24.7762 261.363
vn -0.4742 0.87966 0.0365055
v 65.8711 -25.3427 262.645
vn -0.167905 0.98516 0.0356076
v 66.5711 -24.7602 263.02
vn -0.612483 0.789198 0.0450717
v 66.2935 -25.0502 265.675
vn 0.699345 0.662611 -0.268074
v 103.453 -27.4416 201.566
vn 0.136828 0.988033 0.0711981
v 102.479 -26.6992 206.531
vn 0.545512 0.813091 -0.203222
v 100.56 -26.045 207.025
vn 0.175011 0.98389 0.0365035
v 101.926 -26.9611 207.27
vn 0.0306335 0.999531 0.000290881
v 73.3043 -23.5943 251.903
vn -0.208767 0.977945 -0.00630995
v 74.4124 -23.3565 253.596
vn 0.136774 0.990517 0.0130265
v 72.6078 -23.3417 255.318
vn -0.0853681 0.996213 0.0165007
v 72.0104 -23.4268 257.418
vn 0.556162 0.81679 -0.153423
v 98.5665 -24.793 210.36
vn 0.0841012 0.99329 0.0793857
v 97.3408 -23.5646 213.039
vn 0.00856848 0.995693 0.0923188
v 97.0956 -23.6947 213.952
vn 0.415355 0.894693 -0.164334
v 96.7983 -23.6262 214.47
vn 0.253457 0.965282 -0.0631621
v 97.0429 -23.3847 215.998
vn 0.149791 0.988717 0.00110058
v 95.0251 -23.3058 217.589
vn 0.390134 0.92043 -0.0245746
v 86.2031 -22.1431 231.492
vn -0.509138 0.858693 0.0585196
v 82.0667 -22.5585 238.183
vn 0.0872154 0.996124 0.0114028
v 82.4852 -22.2593 237.683
vn -0.10457 0.994508 0.00428023
v 81.7718 -22.7381 239.742
vn 0.0906751 0.995632 -0.0222479
v 81.4301 -22.6572 240.932
vn -0.0601544 0.998145 -0.00938889
v 79.6324 -22.6687 244.41
vn -0.243039 0.969906 0.0146232
v 77.3703 -22.966 247.282
vn -0.0191785 0.994547 0.102511
v 92.9144 -22.5225 224.322
vn 0.0939358 0.99425 0.0514078
v 91.6601 -21.9302 226.681
vn -0.0732986 0.996284 0.0452299
v 87.0765 -21.8596 232.342
vn -0.224151 -0.957552 -0.181248
v 62.7002 -71.631 245.172
vn -0.392873 -0.911917 -0.118563
v 60.0563 -72.0308 252.756
vn 0.976384 -0.215994 0.00461798
v 62.7678 -71.6334 248.045
vn -0.532907 -0.844914 -0.0461451
v 55.1136 -69.5224 259.777
vn -0.651577 -0.758478 0.0126044
v 53.699 -69.0983 261.702
vn -0.358434 -0.925525 -0.122179
v 54.4979 -69.457 260.805
vn -0.433703 -0.900164 -0.0400671
v 54.6 -69.6986 262.283
vn 0.742896 -0.669137 -0.0190289
v 64.0459 -68.9145 245.461
vn 0.660356 0.748371 0.062217
v 64.0577 -68.5909 245.337
vn 0.726011 0.686089 -0.0467997
v 63.7611 -68.3533 245.951
vn 0.998563 -0.0452416 -0.0287181
v 64.0766 -68.6817 246.162
vn 0.773393 0.631297 -0.0576808
v 63.4788 -67.6994 247.485
vn 0.721499 -0.691855 -0.0278438
v 64.0264 -68.9186 248.599
vn 0.723921 0.682384 -0.101449
v 64.1565 -68.2991 248.316
vn 0.976367 0.118023 -0.181047
v 64.2453 -68.6643 248.556
vn 0.651392 0.758367 -0.0238207
v 63.926 -68.0556 248.827
vn 0.773561 0.6324 -0.0408997
v 62.9001 -67.2268 250.955
vn -0.68662 -0.726828 0.0165208
v 51.8139 -67.6762 268.524
vn -0.896834 -0.420903 0.136122
v 50.2875 -65.6394 270.966
vn 0.984753 -0.0891383 -0.149386
v 62.5727 -65.7039 252.049
vn 0.99686 -0.0321552 -0.0723629
v 62.7572 -64.8202 252.095
vn 0.97391 0.203887 -0.09965
v 62.5903 -66.3435 252.106
vn -0.697081 -0.713769 -0.0679114
v 49.1003 -64.2308 271.906
vn -0.507907 -0.852846 -0.121181
v 49.4564 -64.4755 271.786
vn -0.875907 -0.46816 0.116673
v 47.847 -62.1811 274.51
vn -0.888568 -0.445996 0.107404
v 47.8013 -61.471 276.181
vn 0.710527 -0.700721 -0.0643518
v 66.4592 -57.8938 247.503
vn 0.528963 -0.844825 -0.0804329
v 64.1818 -59.1726 251.165
vn 0.386614 -0.917748 -0.0909298
v 65.0762 -59.1371 252.717
vn -0.898521 -0.396721 0.18781
v 46.1089 -55.6861 281.053
vn 0.151571 -0.971543 -0.18202
v 67.7441 -55.5332 246.348
vn -0.958463 0.0516917 0.280492
v 45.9472 -53.0258 283.214
vn -0.916717 -0.330049 0.225162
v 46.4797 -55.1167 283.682
vn 0.307029 -0.932811 -0.188671
v 70.5305 -53.6188 242.972
vn -0.974737 -0.013555 0.222945
v 46.9389 -51.1034 286.115
vn -0.910216 0.300489 0.284978
v 47.1985 -49.6133 286.162
vn -0.889499 0.352622 0.290601
v 47.396 -49.0062 285.807
vn 0.57708 -0.804676 -0.139554
v 74.2408 -51.3619 241.871
vn -0.980925 0.0430771 0.189553
v 47.1286 -46.3116 284.822
vn -0.979029 -0.1089 0.172173
v 47.3853 -48.3045 285.129
vn -0.939799 -0.33006 0.0885315
v 47.3103 -48.0702 286.117
vn -0.837415 0.495542 0.230598
v 47.4175 -44.6128 285.931
vn -0.980327 0.0517867 0.190464
v 47.2246 -45.5492 286.295
vn -0.913756 0.333612 0.231847
v 47.4211 -45.0164 286.662
vn -0.796308 0.541236 0.270105
v 47.6716 -44.8261 287.148
vn 0.553549 -0.821412 -0.13735
v 79.5787 -47.0896 236.345
vn -0.757986 -0.636753 -0.141434
v 48.4636 -43.1012 286.446
vn -0.984647 -0.172468 -0.0269205
v 48.4434 -42.8137 286.763
vn -0.997604 0.00592541 -0.0689227
v 48.3854 -43.1942 287.569
vn -0.836563 0.500184 0.223558
v 48.66 -42.6343 287.45
vn -0.961274 0.213547 0.174211
v 49.2178 -41.8614 287.505
vn 0.0810078 -0.990081 -0.114788
v 84.7227 -43.7025 225.87
vn 0.300049 -0.945998 -0.12271
v 84.4762 -43.8371 226.782
vn 0.228076 -0.966586 -0.117014
v 85.2589 -43.7118 226.19
vn 0.208736 -0.968708 -0.134294
v 84.8512 -43.8547 227.357
vn 0.670015 -0.737711 -0.0828438
v 82.4877 -44.9727 228.828
vn 0.161737 -0.982549 -0.0918635
v 83.1686 -44.7166 229.566
vn 0.16676 -0.983353 -0.0721623
v 83.6587 -44.6694 228.805
vn 0.153945 -0.985589 -0.0701143
v 83.5396 -44.7476 230.139
vn 0.386055 -0.916723 -0.102866
v 84.0507 -44.5836 229.732
vn -0.918339 0.360881 0.162537
v 49.0844 -40.6452 285.238
vn -0.96261 0.211214 0.169619
v 49.0623 -41.3433 285.975
vn -0.890317 0.40883 0.200484
v 49.6559 -39.9698 286.198
vn -0.956629 0.243993 0.159147
v 49.7867 -40.0929 287.017
vn -0.949172 0.252866 0.187435
v 49.2376 -41.5758 287.726
vn 0.78332 -0.612892 -0.103795
v 88.4382 -42.1793 221.326
vn 0.229204 -0.971722 -0.0567702
v 86.8814 -42.6782 223.583
vn 0.392626 -0.917871 -0.0579497
v 88.3275 -42.5058 223.733
vn -0.355535 0.864949 0.354201
v 50.3497 -37.8921 285.094
vn -0.423201 0.841465 0.335912
v 50.0641 -38.1239 285.419
vn -0.676425 0.678586 0.286304
v 50.7847 -38.0888 286.067
vn 0.434177 -0.900638 -0.018495
v 90.2023 -40.942 219.838
vn 0.782516 -0.609901 -0.125259
v 91.0314 -40.4794 218.772
vn 0.917866 -0.382732 -0.105063
v 89.1568 -41.1452 224.478
vn 0.776097 -0.625694 -0.0786134
v 89.4246 -40.608 224.599
vn -0.838889 0.513524 0.180437
v 51.3961 -36.0189 285.582
vn 0.91947 -0.356578 -0.165609
v 91.7556 -39.6703 221.043
vn -0.300033 0.906286 0.297702
v 54.1982 -32.7972 284.22
vn 0.0421353 -0.998554 -0.0333791
v 109.035 -38.0697 190.615
vn 0.0706605 -0.997072 -0.0292177
v 108.824 -38.0835 191.54
vn -0.204789 -0.978524 0.0235055
v 108.185 -38.3603 195.378
vn -0.249831 -0.967465 0.0399396
v 105.374 -37.0764 198.858
vn -0.224239 -0.974277 0.0223799
v 103.97 -36.9897 201.165
vn 0.00342576 -0.999822 -0.0185505
v 102.679 -36.9002 203.888
vn -0.139558 -0.990171 0.00923308
v 103.663 -36.628 203.055
vn 0.199983 -0.977997 -0.0594051
v 103.597 -36.6911 204.07
vn 0.463754 -0.881397 -0.0898394
v 100.608 -36.9254 207.204
vn -0.626674 0.776647 0.0640225
v 56.3505 -30.5234 279.101
vn -0.163342 0.957584 0.237385
v 54.8441 -31.7959 281.383
vn -0.410182 0.892256 0.188759
v 55.3199 -31.6344 281.305
vn -0.500342 0.83418 0.23195
v 53.969 -32.4266 283.021
vn 0.930939 0.296665 -0.212936
v 110.613 -35.208 190.999
vn 0.771914 0.620346 -0.138992
v 109.459 -33.0695 194.006
vn 0.800774 0.581871 -0.142085
v 110.605 -34.4734 193.04
vn -0.377753 0.90866 0.177878
v 62.919 -26.5287 273.218
vn -0.524211 0.841424 0.131182
v 62.4792 -27.1653 274.752
vn -0.517281 0.848228 0.113707
v 60.6737 -28.2227 275.851
vn 0.508732 0.860195 -0.0354551
v 108.315 -31.7282 196.026
vn 0.481799 0.876251 -0.00737234
v 109.383 -32.1378 197.042
vn 0.46625 0.879296 -0.097213
v 107.533 -29.7956 201.368
vn -0.541067 0.840187 0.0364927
v 65.9884 -25.4334 268.32
vn -0.508654 0.859133 0.0562248
v 63.7409 -26.0573 271.574
vn 0.074665 0.960731 0.267249
v 64.5595 -25.6467 271.683
vn -0.0484438 0.928897 0.367157
v 64.6051 -25.8677 272.076
vn -0.326867 0.929613 0.17023
v 63.1419 -26.6606 274.06
vn 0.607153 0.774982 -0.175409
v 106.735 -29.2194 201.202
vn 0.572121 0.802544 -0.169117
v 105.062 -27.7304 205.345
vn -0.15935 0.962369 0.220122
v 102.743 -26.9326 207.754
vn 0.0243237 0.999528 0.0187806
v 72.9791 -23.6344 258.71
vn 0.481909 0.859284 -0.171446
v 101.256 -25.1858 212.341
vn 0.576605 0.795466 -0.186443
v 100.821 -25.3995 215.246
vn -0.207816 0.962404 0.174905
v 96.5639 -23.4932 220.269
vn -0.0688745 0.995647 0.0628019
v 86.7121 -22.2339 235.651
vn -0.189792 0.981728 0.0137748
v 82.8568 -22.3875 241.762
vn -0.195287 0.980505 0.0217614
v 78.3324 -22.7563 252.389
vn 0.019362 0.999059 0.0388117
v 75.2628 -23.1002 256.533
vn -0.0262358 0.999554 -0.0142623
v 75.1232 -23.1006 257.15
vn -0.223487 0.974245 0.0300044
v 75.8596 -23.0668 256.187
vn -0.0429976 0.997713 0.0521534
v 96.602 -23.311 219.229
vn 0.492985 0.852463 -0.173991
v 95.9583 -23.2621 220.591
vn -0.0898029 0.98532 0.145189
v 97.4162 -23.3438 220.766
vn -0.0978345 0.97802 0.184132
v 97.5454 -23.5149 221.555
vn 0.330489 0.941083 -0.0716968
v 92.8884 -22.6606 226.066
vn 0.0399233 0.999178 -0.00706888
v 86.5417 -22.323 238.355
vn 0.0627148 0.997884 0.0171704
v 87.3113 -22.4546 238.124
vn -0.257914 -0.958653 -0.120268
v 62.3542 -72.5224 251.747
vn -0.433279 -0.900463 -0.0378902
v 59.5004 -72.0743 258.376
vn 0.922757 -0.385313 0.00735246
v 62.9277 -70.2025 255.035
vn -0.511783 -0.857746 -0.0484769
v 56.7731 -70.9303 264.016
vn -0.612413 -0.790413 0.0140785
v 55.0744 -69.6908 267.463
vn 0.788315 -0.615257 0.00424922
v 63.4149 -69.5145 250.027
vn 0.958474 0.0477776 -0.281149
v 64.4942 -68.5137 249.43
vn 0.846024 0.531304 -0.0442667
v 64.1649 -68.3096 251.437
vn 0.676927 -0.735984 0.00982328
v 64.2664 -68.6991 251.875
vn 0.985311 -0.116979 -0.12441
v 64.344 -68.4467 252.253
vn -0.751 -0.65453 0.0871199
v 51.2934 -66.6351 272.337
vn -0.843634 -0.520779 0.130654
v 51.409 -66.3037 274.482
vn 0.897368 0.401037 -0.184118
v 62.8017 -66.6959 252.607
vn 0.96932 0.202018 -0.140024
v 62.8544 -65.9506 253.634
vn 0.982287 0.186593 -0.0171662
v 62.8369 -65.7369 254.658
vn 0.881198 0.472595 0.0119886
v 62.9854 -66.1069 254.773
vn 0.927603 0.371713 -0.0371789
v 62.9601 -66.2443 256.176
vn -0.941215 -0.286851 0.178411
v 50.6877 -65.2988 272.894
vn -0.442664 -0.890929 -0.101464
v 50.4793 -65.2504 273.851
vn -0.63069 -0.775977 -0.00941257
v 50.1099 -65.2635 275.032
vn 0.997395 0.0679858 -0.0241118
v 62.7883 -64.2092 255.219
vn 0.994721 0.102558 -0.00352726
v 62.7651 -63.9206 255.534
vn 0.998693 -0.00316725 -0.0510134
v 62.7409 -63.7291 256.792
vn -0.826879 -0.547144 0.130016
v 48.9505 -62.4556 281.486
vn -0.925373 -0.345715 0.155452
v 47.9945 -60.082 281.794
vn -0.883754 -0.45384 0.114052
v 47.799 -59.6352 281.996
vn 0.913449 -0.406441 0.0203952
v 66.1267 -58.6847 256.109
vn 0.731835 -0.679013 -0.0579602
v 64.45 -59.5823 257.624
vn 0.99234 -0.100952 0.0712017
v 66.3878 -57.8174 253.053
vn 0.839284 -0.543427 -0.0170332
v 66.6084 -57.0194 253.827
vn 0.991699 0.0778565 0.102331
v 66.2284 -57.5892 254.341
vn -0.938453 0.00903592 0.345289
v 47.3858 -53.9171 287.741
vn 0.506547 -0.848909 -0.150875
v 70.1358 -54.9446 248.781
vn -0.969119 -0.132546 0.207942
v 47.2526 -52.2022 286.731
vn -0.9364 0.139405 0.322057
v 47.2622 -52.8386 286.78
vn 0.56737 -0.812785 -0.132182
v 73.1585 -52.7852 245.877
vn -0.955352 0.112984 0.273016
v 47.8695 -51.0676 289.201
vn -0.938082 0.185969 0.292265
v 48.3859 -50.0017 289.579
vn -0.969923 -0.0926183 0.225102
v 47.9541 -48.8859 289.136
vn -0.961942 -0.0666959 0.264989
v 48.2567 -47.7941 289.873
vn -0.933933 0.221316 0.280692
v 48.0029 -45.81 289.644
vn -0.0990799 0.926199 0.363785
v 48.3497 -45.7454 289.718
vn -0.222092 0.905941 0.36048
v 49.0703 -45.4371 289.075
vn -0.963734 -0.0700935 0.257495
v 48.1179 -46.544 290.337
vn -0.953874 0.194992 0.228261
v 49.4376 -44.9595 289.609
vn -0.73226 -0.669485 -0.124839
v 49.3501 -44.9304 290.955
vn -0.766208 -0.635792 -0.093247
v 49.0567 -44.8485 291.474
vn 0.462919 -0.861123 -0.210172
v 80.6072 -46.5052 236.216
vn -0.155095 -0.985921 -0.0624988
v 81.0961 -46.4625 235.455
vn -0.0674261 -0.995883 -0.0605905
v 81.5407 -46.6691 238.184
vn -0.900634 0.351679 0.255304
v 49.6753 -43.0229 291.361
vn -0.967957 0.208659 0.139714
v 49.8813 -40.5891 288.508
vn -0.926382 0.321693 0.195781
v 49.8149 -41.6244 289.593
vn -0.859176 0.442305 0.257261
v 50.2763 -41.022 291.574
vn 0.438367 -0.894963 -0.0829219
v 86.5456 -43.2512 227.973
vn 0.602588 -0.789874 -0.11396
v 86.5465 -43.3607 229.031
vn 0.637422 -0.765504 -0.0877313
v 86.7962 -43.0406 228.262
vn 0.154115 -0.98602 -0.063351
v 87.4273 -42.9664 228.478
vn 0.437952 -0.893902 -0.0955873
v 85.9473 -43.8882 229.762
vn -0.984433 0.156016 0.0809309
v 50.9731 -38.3749 288.299
vn -0.603053 0.725677 0.331241
v 50.7008 -39.2635 288.551
vn -0.908107 0.377472 0.181266
v 50.9336 -39.0469 288.833
vn 0.818128 -0.568898 -0.0837879
v 89.1887 -42.0792 227.345
vn -0.214168 -0.971834 0.0983436
v 90.9209 -40.3288 226.757
vn -0.705472 0.645903 0.291752
v 52.0913 -36.4397 288.476
vn 0.203473 -0.97908 -0.000316813
v 96.4555 -38.1361 214.964
vn 0.786964 -0.606643 -0.112565
v 94.7955 -38.0689 218.169
vn -0.234377 -0.96919 0.0757478
v 92.7798 -39.134 220.894
vn -0.576756 0.757153 0.306711
v 53.685 -33.9838 286.736
vn -0.682847 0.702984 0.19883
v 54.3221 -33.3411 286.082
vn -0.00914474 -0.99968 -0.023571
v 110.083 -38.2219 193
vn 0.311298 -0.946932 -0.0800832
v 111.181 -38.204 195.402
vn 0.176592 -0.979409 -0.0978472
v 109.361 -38.403 196.432
vn -0.237997 -0.970238 0.0446651
v 108.972 -38.4832 197.605
vn 0.167494 -0.983278 -0.0714834
v 110.218 -38.1616 196.38
vn 0.12447 -0.989219 -0.0771527
v 109.656 -38.529 197.666
vn -0.426519 -0.904094 0.0263678
v 106.969 -37.8512 198.815
vn -0.24205 -0.970215 -0.00976112
v 107.822 -38.0264 197.936
vn -0.369742 -0.925649 0.0804071
v 108.6 -38.2922 197.72
vn -0.300425 -0.953766 -0.00861473
v 107.612 -38.2488 199.927
vn -0.128868 -0.99082 -0.0408502
v 101.757 -36.9434 210.69
vn 0.13833 -0.990338 -0.00975301
v 98.622 -37.2979 213.745
vn 0.154409 -0.987975 0.00790039
v 99.2408 -37.1899 213.407
vn 0.361536 -0.932205 -0.0168867
v 98.141 -37.5268 215.575
vn 0.769491 -0.628711 -0.112276
v 94.9761 -37.7806 217.906
vn -0.81446 0.580173 0.00735116
v 54.8219 -32.5966 285.277
vn -0.65551 0.745421 0.121055
v 54.9993 -32.38 285.717
vn -0.803212 0.561984 0.197549
v 54.7574 -33.145 287.727
vn -0.696048 0.713022 0.0843563
v 62.2952 -27.9985 280.301
vn 0.704395 0.693478 -0.151378
v 109.755 -32.4192 196.875
vn 0.763643 0.591272 -0.25932
v 109.233 -31.4567 200.052
vn 0.840964 0.474122 -0.260743
v 109.614 -32.0983 200.257
vn 0.597859 0.789686 -0.137694
v 108.694 -30.3743 201.402
vn 0.834884 0.477285 -0.274168
v 109.916 -31.6898 201.526
vn -0.184939 0.967779 0.170886
v 64.8464 -26.0846 272.75
vn -0.151543 0.977912 0.143957
v 65.4755 -25.8202 271.891
vn 0.606945 0.782995 -0.136153
v 108.301 -29.9812 203.589
vn 0.349582 0.936506 -0.0273689
v 106.664 -28.5315 207.058
vn 0.663017 0.722203 -0.197056
v 106.407 -28.3287 207.589
vn -0.442058 0.896406 0.0322504
v 70.6631 -23.838 264.692
vn 0.0708698 0.997167 0.0251954
v 72.7995 -23.6909 264.905
vn -0.1564 0.986469 0.0491716
v 68.4972 -25.0998 268.041
vn 0.370411 0.928091 -0.0379879
v 106.065 -27.5457 209.778
vn 0.410573 0.90865 -0.076058
v 101.229 -25.7015 214.461
vn -0.177692 0.960927 0.212238
v 101.634 -25.4076 213.981
vn -0.101986 0.994783 0.00231682
v 80.241 -22.6306 251.768
vn -0.0325758 0.999467 0.00210316
v 77.933 -22.9208 255.312
vn 0.207294 0.977195 0.0460252
v 75.5731 -23.2327 257.146
vn -0.314783 0.948164 0.0435509
v 76.2412 -22.8988 257.451
vn -0.396963 0.916417 0.050989
v 76.0373 -23.0522 257.691
vn -0.120976 0.991972 -0.0368393
v 75.6931 -23.1429 258.192
vn -0.261102 0.965274 -0.00851311
v 76.1089 -23.0217 258.781
vn -0.126264 0.991965 0.00788794
v 76.6939 -22.8655 259.118
vn -0.261169 0.965116 0.0184671
v 74.9405 -23.2157 260.548
vn 0.121846 0.990886 0.0574319
v 98.5079 -23.4598 220.725
vn 0.0535257 0.996148 0.0694615
v 98.3377 -23.761 223.795
vn 0.241966 0.969395 -0.0415359
v 93.5398 -22.3778 229.933
vn -0.109976 0.982543 0.150047
v 92.7952 -22.5245 231.599
vn 0.0245787 0.997391 0.067883
v 92.4538 -22.8643 232.82
vn -0.0883932 0.992033 0.0897665
v 88.0428 -22.4296 238.149
vn 0.584711 -0.80655 -0.0871215
v 62.3863 -73.2047 258.428
vn -0.387144 -0.920375 -0.0550435
v 56.2342 -70.4408 265.759
vn 0.746101 -0.665833 0.000518012
v 63.3502 -69.4769 255.934
vn 0.858863 0.50109 -0.106131
v 64.323 -68.1473 254.668
vn 0.968377 -0.247162 -0.0340022
v 64.4448 -68.4933 255.461
vn 0.928481 0.35401 -0.112251
v 64.5339 -68.0199 256.184
vn 0.806432 0.581725 -0.106127
v 63.8281 -67.3551 255.327
vn -0.625426 -0.780283 0.000425942
v 51.4343 -65.9682 277.247
vn -0.806491 -0.578564 0.121805
v 49.6986 -63.3247 280.945
vn -0.912882 -0.348052 0.213324
v 48.9438 -59.9824 287.252
vn 0.613641 -0.787865 -0.0520842
v 65.8613 -59.0517 257.377
vn 0.995489 -0.0313469 0.0895442
v 65.9028 -58.8956 258.79
vn 0.582907 -0.807403 -0.0912074
v 63.8772 -60.6512 263.308
vn -0.937063 -0.224203 0.267667
v 48.7213 -58.0434 287.37
vn -0.1303 -0.972938 -0.190823
v 68.1753 -57.6007 255.152
vn 0.209991 -0.967554 -0.140511
v 68.4487 -57.8237 256.365
vn -0.230277 -0.958461 -0.168298
v 67.0866 -57.3112 255.882
vn -0.280955 -0.943059 -0.178055
v 67.5475 -58.0018 258.306
vn 0.992916 0.0601149 0.102485
v 65.6774 -58.3635 260.367
vn 0.0899263 -0.98271 -0.161844
v 66.2241 -58.0197 261.018
vn 0.748532 -0.662841 -0.0184845
v 65.8346 -58.2158 261.531
vn -0.923006 0.0399671 0.382705
v 48.0846 -54.2912 289.371
vn -0.827895 -0.529008 0.186389
v 48.5411 -56.3995 289.202
vn 0.369918 -0.914465 -0.164053
v 70.9561 -55.5916 254.215
vn 0.190644 -0.961818 -0.196369
v 69.8643 -56.4404 256.075
vn -0.961712 -0.192239 0.195333
v 48.1414 -52.8151 290.131
vn -0.937295 -0.332414 0.104781
v 48.3661 -53.246 290.619
vn -0.973784 -0.191822 0.122266
v 48.2968 -52.9497 290.991
vn -0.952685 -0.145049 0.26712
v 48.6341 -53.9755 290.832
vn -0.966114 -0.203536 0.158736
v 48.4504 -53.3855 291.729
vn 0.621389 -0.773459 -0.125048
v 73.3252 -53.257 249.97
vn 0.434203 -0.880006 -0.192504
v 73.9116 -53.212 250.906
vn -0.930576 -0.342466 0.129405
v 48.6971 -49.9546 291.279
vn -0.962108 -0.0626261 0.265379
v 49.3422 -48.4682 293.305
vn 0.452084 -0.880731 -0.141184
v 77.0551 -50.3029 246.27
vn -0.939501 -0.337873 0.0563992
v 49.1792 -44.9327 293.01
vn 0.636291 -0.761319 -0.124605
v 82.1609 -46.7903 241.274
vn -0.812061 0.495208 0.30875
v 49.2958 -44.2958 292.596
vn 0.563174 -0.821345 -0.0907044
v 82.6489 -45.6969 238.424
vn -0.926543 0.315732 0.204527
v 51.2177 -40.8466 293.277
vn -0.996918 0.00590278 0.0782267
v 51.0979 -39.77 292.323
vn -0.892617 0.396771 0.214026
v 51.1851 -39.5211 292.707
vn -0.71857 0.618726 0.317547
v 51.8189 -39.1399 293.295
vn 0.809124 -0.579217 -0.0991258
v 90.2515 -40.5337 230.685
vn 0.19575 -0.98062 0.00811445
v 94.1185 -39.2125 223.447
vn 0.655042 -0.753095 -0.0613918
v 95.2039 -38.8607 225.468
vn 0.802822 -0.585235 -0.113919
v 92.6613 -39.4692 225.642
vn 0.31791 -0.947999 -0.0151998
v 93.1835 -38.9902 225.673
vn -0.117049 -0.990392 0.0736485
v 94.0156 -39.0725 225.475
vn 0.596479 -0.801699 -0.0386281
v 92.7262 -39.8243 228.896
vn 0.333658 -0.942679 0.00534279
v 90.7471 -40.092 229.549
vn -0.690142 0.656584 0.304306
v 54.3516 -35.9694 291.888
vn -0.932555 0.311288 0.182867
v 54.6789 -35.843 292.774
vn -0.0584799 -0.997748 0.0328339
v 111.313 -38.1783 197.579
vn -0.0180001 -0.997186 -0.0727703
v 111.28 -38.1301 198.255
vn 0.12939 -0.986104 -0.104199
v 111.45 -38.3036 199.069
vn 0.168368 -0.980286 -0.103398
v 110.673 -38.411 199.663
vn -0.146855 -0.988494 -0.0362383
v 109.534 -38.3401 202.129
vn -0.0507444 -0.994834 -0.087921
v 109.117 -38.5143 203.292
vn -0.0273006 -0.999562 -0.0114176
v 101.812 -37.0216 213.527
vn 0.209129 -0.975794 -0.0639682
v 100.255 -37.1294 217.156
vn 0.077987 -0.996948 -0.003497
v 98.8786 -37.2777 218.096
vn 0.133854 -0.988958 -0.0636001
v 99.5953 -37.3762 217.48
vn 0.266994 -0.963628 -0.0116153
v 98.5821 -37.3947 219.099
vn -0.532668 0.818652 0.214647
v 55.8487 -32.406 288.324
vn -0.257752 0.91425 0.312588
v 57.1379 -32.277 290.483
vn 0.953225 -0.190208 -0.234912
v 111.941 -37.315 195.441
vn 0.78846 -0.587796 -0.18118
v 111.961 -37.7114 196.181
vn 0.938512 0.301966 -0.167369
v 112.253 -36.0621 197.636
vn 0.217386 -0.973481 -0.0712556
v 111.753 -38.1721 198.19
vn 0.0173341 -0.994814 -0.100218
v 105.017 -37.132 209.496
vn -0.540834 0.830645 0.132389
v 62.588 -27.9004 281.867
vn 0.887872 0.331552 -0.318993
v 110.298 -32.4708 201.911
vn 0.43999 0.894977 0.0736544
v 111.238 -33.2566 201.727
vn 0.896233 0.33858 -0.286584
v 110.798 -33.1338 202.506
vn -0.517564 0.847138 0.12035
v 64.1169 -27.071 281.669
vn 0.65044 0.740749 -0.167984
v 106.8 -27.9591 209.546
vn 0.46371 0.882861 -0.0743594
v 108.12 -28.9139 208.653
vn 0.506102 0.850416 -0.14371
v 104.77 -27.6783 213.565
vn -0.583641 0.810281 0.052985
v 70.4871 -24.3058 269.87
vn -0.346107 0.934192 0.086572
v 66.7062 -25.5155 277.151
vn -0.00625222 0.989401 0.145072
v 105.262 -27.4136 211.74
vn -0.0349809 0.988407 0.14774
v 105.626 -27.68 213.376
vn 0.611954 0.763893 -0.20489
v 103.727 -26.1569 214.933
vn -0.189094 0.961057 0.201526
v 103.073 -25.8968 217.323
vn 0.107197 0.992173 0.0640358
v 103.887 -25.8772 217.807
vn -0.279093 0.960251 -0.0050381
v 78.8867 -22.6402 256.91
vn -0.0325891 0.999346 0.0156391
v 71.6275 -23.6205 269.8
vn 0.458602 0.876187 -0.148258
v 102.678 -24.7551 219.805
vn 0.874529 0.243985 -0.41913
v 103.232 -25.3783 220.336
vn 0.406372 0.902312 -0.143859
v 98.4838 -23.6905 225.976
vn -0.041571 0.993905 0.102099
v 96.5079 -23.0662 230.702
vn 0.204145 0.977563 -0.0519151
v 92.4242 -22.7541 238.043
vn 0.122406 0.991918 -0.0334017
v 87.4599 -22.2487 244.146
vn 0.205061 0.978364 -0.0274664
v 87.0283 -22.0466 247.723
vn 0.0150556 0.998623 -0.0502634
v 83.1639 -22.0184 252.766
vn -0.408201 -0.905287 -0.117591
v 61.366 -73.1087 261.312
vn -0.273524 -0.954599 -0.118002
v 62.4068 -73.5129 261.187
vn 0.92488 -0.377093 -0.0489744
v 62.6763 -73.3371 261.76
vn -0.197146 -0.966332 -0.165334
v 62.393 -73.6571 262.314
vn -0.033652 -0.982302 -0.184253
v 62.5456 -73.6797 262.406
vn -0.224715 -0.96417 -0.140997
v 62.4742 -73.7572 262.719
vn -0.528846 -0.846734 -0.0579928
v 57.4962 -71.4182 271.48
vn -0.598759 -0.800757 0.0165966
v 54.43 -69.7581 276.181
vn 0.693045 -0.720895 -0.000184647
v 63.775 -69.091 263.157
vn 0.80649 0.58203 -0.103994
v 64.6603 -67.7383 259.707
vn 0.705058 -0.709083 0.00970828
v 64.6186 -68.3843 259.995
vn 0.712156 -0.701984 0.0073009
v 64.8497 -68.1261 259.879
vn 0.905063 0.421441 -0.056996
v 63.5634 -66.0644 261.843
vn 0.729935 0.681432 -0.0533382
v 64.291 -67.0006 261.914
vn 0.881969 0.461767 -0.0943521
v 64.9501 -67.8335 260.968
vn 0.970321 0.241773 0.00478817
v 63.3788 -65.1238 265.434
vn 0.74522 -0.661924 -0.0806473
v 63.424 -61.3019 264.815
vn 0.981935 -0.166639 -0.0896386
v 63.3436 -62.1996 267.651
vn -0.82818 -0.526732 0.191498
v 50.3457 -61.5767 289.252
vn -0.852662 -0.503056 0.141077
v 50.0348 -61.0153 290.076
vn -0.959744 -0.0981842 0.263156
v 49.5047 -59.4522 289.647
vn -0.924326 0.135392 0.356778
v 49.7616 -59.2837 290.326
vn 0.74267 -0.669599 -0.00889515
v 68.6754 -57.7283 257.838
vn -0.0900972 -0.986427 -0.137276
v 66.4862 -58.2576 262.241
vn -0.181257 -0.972623 -0.145432
v 66.9524 -58.7171 263.601
vn 0.728465 -0.684996 0.0108994
v 68.0253 -58.085 263.145
vn -0.909063 -0.260688 0.325032
v 48.9203 -56.2946 291.17
vn -0.91948 -0.294432 0.260511
v 49.8344 -56.1713 293.455
vn 0.354284 -0.92188 -0.156906
v 70.2424 -56.4962 256.654
vn 0.174019 -0.97234 -0.155796
v 71.5419 -55.8581 256.683
vn 0.121032 -0.980703 -0.153534
v 72.1327 -55.8254 256.939
vn 0.448084 -0.889643 -0.0880695
v 69.2439 -56.9653 257.958
vn 0.240159 -0.962126 -0.128983
v 70.4178 -56.6532 259.219
vn 0.379503 -0.91207 -0.155263
v 71.0682 -56.438 258.891
vn 0.730602 -0.673715 -0.111031
v 72.5773 -54.6806 253.715
vn 0.875206 -0.482628 -0.032925
v 72.3825 -55.2186 256.437
vn -0.975105 -0.150041 0.163275
v 49.8384 -51.0448 295.536
vn -0.921199 0.236404 0.309041
v 49.7072 -51.92 295.256
vn -0.944915 -0.303194 0.123329
v 49.9825 -51.4131 295.649
vn -0.94621 0.0775731 0.314117
v 49.9363 -50.483 295.904
vn -0.977173 -0.0982631 0.188354
v 49.9286 -51.15 296.298
vn 0.697911 -0.703354 -0.134953
v 74.7886 -52.4944 251.026
vn -0.497286 0.757682 0.42264
v 50.1626 -48.0036 295.596
vn -0.853898 0.333043 0.399925
v 50.2225 -48.7778 296.834
vn 0.432791 -0.888221 -0.154131
v 78.1888 -49.9997 249.373
vn 0.725246 -0.675693 -0.132125
v 79.3598 -49.3106 249.322
vn 0.703954 -0.699733 -0.12175
v 77.7384 -50.6033 251.248
vn -0.879112 0.340616 0.333381
v 50.4168 -47.3798 294.917
vn -0.803922 -0.594705 0.00593556
v 50.0659 -46.4496 296.04
vn -0.705357 -0.70269 -0.0932643
v 50.4531 -46.7737 295.244
vn -0.715647 -0.695836 -0.0605075
v 50.1967 -46.5665 295.776
vn -0.872639 0.333409 0.356846
v 50.4403 -45.6645 296.499
vn -0.986353 0.0524542 0.156064
v 51.5343 -41.5936 296.564
vn -0.905774 0.317505 0.280651
v 51.5697 -42.5927 297.007
vn -0.984476 0.0668652 0.162283
v 51.6578 -42.3076 297.039
vn -0.947478 0.196293 0.252496
v 51.8615 -41.8567 298.178
vn 0.416081 -0.905435 -0.0840546
v 86.4186 -44.5163 240.585
vn 0.485605 -0.869122 -0.0938931
v 87.6237 -43.5122 239.131
vn -0.853117 0.451092 0.262119
v 52.2666 -39.4579 295.097
vn -0.808497 0.50032 0.309858
v 51.5623 -40.5847 295.844
vn -0.667096 0.659854 0.345797
v 52.1103 -40.4973 296.478
vn 0.79231 -0.603985 -0.0862927
v 90.3041 -41.2005 233.914
vn 0.63807 -0.769273 -0.0329661
v 93.5648 -38.9133 229.855
vn 0.726345 -0.683325 -0.0740902
v 90.9881 -40.0337 232.837
vn -0.926268 0.33001 0.181992
v 54.7738 -35.5968 293.163
vn -0.797212 0.547192 0.255017
v 55.51 -34.6308 293.881
vn 0.0420838 -0.997777 -0.0516696
v 110.715 -38.5295 202.496
vn -0.179642 -0.983197 -0.0324406
v 103.947 -37.6278 214.493
vn -0.0860018 -0.99609 -0.020215
v 99.8906 -37.5507 220.468
vn -0.402432 -0.914559 0.0403707
v 99.7075 -37.4706 221.403
vn 0.771708 -0.629585 -0.089942
v 95.8368 -38.1832 225.434
vn 0.654437 -0.752964 -0.0689731
v 96.4486 -37.5921 227.167
vn 0.765296 -0.639208 -0.0757257
v 96.2481 -37.9467 228.473
vn -0.44639 0.860267 0.246325
v 57.7342 -32.4581 291.201
vn -0.627312 0.717339 0.303157
v 56.0216 -34.1733 294.153
vn -0.371874 0.854284 0.363193
v 56.5872 -33.7069 294.107
vn -0.394284 0.849314 0.351008
v 56.6394 -33.9055 294.502
vn -0.228061 0.915558 0.331274
v 56.8414 -33.7585 294.262
vn -0.601336 0.782646 0.160813
v 57.8075 -32.8127 294.069
vn 0.980211 -0.110564 -0.164204
v 112.723 -37.3626 199.759
vn -0.352088 -0.934713 0.0484202
v 108.777 -37.8239 208.988
vn -0.395231 -0.918342 0.0209931
v 106.2 -37.361 211.618
vn -0.383624 -0.923109 -0.0264862
v 106.753 -37.6897 212.321
vn -0.148011 -0.987375 -0.056421
v 105.035 -37.6274 215.12
vn -0.371996 -0.927514 0.0365512
v 102.945 -37.1446 218.76
vn -0.426704 0.88966 0.162568
v 60.4254 -30.115 287.037
vn -0.424978 0.89021 0.164073
v 59.6257 -31.1741 291.275
vn 0.851897 0.491398 -0.181107
v 112.999 -36.3772 201.602
vn 0.860519 0.482028 -0.164794
v 113.022 -35.9728 202.636
vn 0.963317 -0.104113 -0.247347
v 113.227 -36.2516 202.779
vn 0.778105 0.620281 -0.0990161
v 111.998 -33.7981 202.569
vn 0.664597 0.747122 -0.0109082
v 112.375 -34.2329 205.274
vn -0.507335 0.846527 0.161257
v 61.3817 -29.6146 286.382
vn 0.550287 0.834753 0.0192744
v 111.339 -33.5028 203.205
vn 0.899362 0.32275 -0.294925
v 111.244 -32.6652 204.137
vn 0.929574 0.183102 -0.319948
v 111.3 -32.9974 204.153
vn -0.164205 0.981257 0.100851
v 65.411 -26.4999 281.699
vn -0.563828 0.806943 0.175898
v 64.0977 -27.5617 283.792
vn -0.544655 0.826926 0.139798
v 64.6008 -26.9317 283.347
vn -0.712294 0.678569 0.179393
v 64.5147 -27.1134 283.659
vn 0.398644 0.915661 -0.0514664
v 109.151 -29.3374 212.097
vn 0.840709 0.475711 -0.258664
v 108.898 -29.225 214.037
vn -0.292347 0.952502 0.0852822
v 69.0498 -25.5774 277.153
vn 0.016257 0.998345 0.0551695
v 68.6758 -25.7554 280.442
vn -0.0240598 0.996692 0.0776328
v 68.0692 -25.7353 281.478
vn 0.113361 0.989764 0.0866981
v 106.697 -27.9162 215.081
vn 0.549691 0.817102 -0.173735
v 105.794 -27.5865 217.318
vn 0.224845 0.974394 0.000322182
v 77.8181 -23.0198 264.348
vn 0.171799 0.985072 0.0108797
v 77.3833 -22.879 265.129
vn -0.10857 0.993919 0.01838
v 76.3735 -22.9603 269.081
vn -0.381466 0.920661 0.0828646
v 71.3661 -23.6924 273.148
vn 0.126016 0.990523 0.054619
v 71.632 -23.7042 273.308
vn -0.490955 0.863791 0.113261
v 71.3273 -24.2035 275.611
vn -0.411142 0.907345 0.0876835
v 71.4119 -24.3794 277.074
vn 0.860002 0.289826 -0.419996
v 104.467 -25.987 222.709
vn 0.176971 0.983606 0.034641
v 100.726 -24.2633 225.604
vn 0.197422 0.980278 -0.00890383
v 98.8525 -23.0769 229.301
vn 0.282357 0.958961 -0.0258405
v 100.045 -24.0926 227.985
vn 0.528117 0.821137 -0.216394
v 99.6215 -23.374 229.08
vn 0.618607 0.748336 -0.239414
v 100.028 -23.9863 228.667
vn 0.18224 0.982958 0.0241399
v 97.8239 -23.1723 231.494
vn 0.0847031 0.992747 0.0853208
v 99.0635 -23.5378 232.259
vn 0.428286 0.890181 -0.1554
v 96.444 -23.1695 233.121
vn 0.430707 0.884753 -0.178055
v 96.4497 -22.9871 233.811
vn 0.0699069 0.993745 0.0870804
v 97.7808 -23.1554 232.167
vn 0.0843417 0.994882 0.055652
v 97.7872 -23.5592 234.299
vn 0.204249 0.977847 -0.0457944
v 92.2208 -22.4165 240.347
vn -0.0437177 0.998696 -0.0263583
v 85.9858 -22.2883 253.417
vn -0.301056 0.953582 0.00680653
v 78.9982 -22.6229 263.273
vn -0.293483 -0.953137 -0.0734615
v 62.2044 -73.8079 264.312
vn 0.498911 -0.860906 -0.0996452
v 62.5659 -73.8326 263.829
vn -0.129295 -0.989114 -0.0702523
v 62.4403 -73.8239 264.104
vn 0.948298 -0.311407 0.0612835
v 62.6201 -73.5718 264.192
vn -0.378201 -0.921784 -0.0853091
v 62.4691 -74.0368 265.536
vn -0.863463 -0.498757 0.0753228
v 56.9536 -71.5931 276.409
vn -0.59641 -0.800194 0.0631194
v 56.7572 -71.1684 276.97
vn -0.674197 -0.729217 0.117051
v 54.9523 -69.9138 280.003
vn -0.758259 -0.636565 0.140815
v 54.3137 -68.6847 282.333
vn 0.75242 0.651416 -0.0975758
v 64.243 -67.0502 264.338
vn 0.649261 0.759273 -0.0443194
v 64.9605 -67.5218 264.1
vn 0.811253 0.569895 -0.130725
v 65.019 -67.4708 265.223
vn 0.624946 -0.780578 -0.0118667
v 65.2652 -67.9709 266.321
vn 0.741064 0.660981 -0.118015
v 64.2886 -66.569 265.73
vn -0.748953 -0.648183 0.13758
v 52.2223 -66.1975 284.756
vn 0.838618 0.544296 -0.0214624
v 63.8869 -66.1033 265.457
vn 0.823 0.56793 0.0112867
v 63.5167 -65.7433 266.261
vn 0.964755 0.233365 -0.121608
v 63.3316 -65.2551 266.84
vn 0.962 0.206095 -0.179113
v 63.6231 -65.4299 267.701
vn 0.87466 0.468127 -0.125802
v 63.776 -65.8014 267.819
vn -0.85424 -0.462035 0.238324
v 51.1696 -63.5997 288.541
vn -0.78602 -0.564667 0.251641
v 51.5368 -62.8585 290.754
vn -0.828071 -0.520881 0.207319
v 50.9817 -62.1518 290.273
vn -0.948522 -0.000196018 0.31671
v 50.4519 -60.4005 292.729
vn -0.636399 -0.770847 -0.0281363
v 50.9436 -61.8018 291.724
vn -0.742868 -0.659165 0.116823
v 51.2852 -62.0958 291.599
vn -0.875863 -0.410962 0.25293
v 50.6995 -61.4022 292.949
vn -0.780995 -0.585754 0.216653
v 51.5305 -62.7168 291.44
vn 0.80022 -0.59664 -0.0605645
v 64.5132 -60.8287 269.298
vn 0.968114 -0.242647 0.0622726
v 64.6228 -60.4532 271.436
vn 0.925341 -0.376902 0.0411082
v 64.5449 -59.9012 272.399
vn -0.903688 0.195469 0.380973
v 50.8639 -59.5839 293.132
vn -0.871003 -0.223205 0.437645
v 50.6241 -58.3684 294.218
vn -0.886169 0.231406 0.401441
v 50.9904 -60.3493 294.096
vn -0.836889 -0.41814 0.353237
v 51.0259 -59.0404 294.372
vn -0.80862 -0.210278 0.549469
v 51.0181 -58.532 294.678
vn 0.514953 -0.855745 -0.0502341
v 67.5228 -58.6448 263.914
vn 0.185059 -0.979003 -0.0854727
v 67.1398 -58.8324 264.421
vn 0.486502 -0.873565 -0.0141501
v 67.4283 -58.7491 265.193
vn 0.548639 -0.835397 -0.03327
v 68.1742 -58.1146 266.735
vn 0.788759 -0.614589 0.011851
v 65.2679 -59.054 268.22
vn -0.163541 -0.982589 -0.0881663
v 66.3473 -59.0907 268.516
vn -0.897758 -0.302343 0.320343
v 50.2254 -57.5417 293.437
vn -0.869125 -0.267863 0.415777
v 50.4401 -57.3405 293.92
vn -0.840196 -0.483169 0.246207
v 50.5894 -57.2391 294.332
vn -0.872369 -0.456714 0.174312
v 50.4838 -57.0584 294.606
vn -0.863985 -0.382682 0.327237
v 50.9497 -57.576 294.746
vn 0.455757 -0.878868 -0.140985
v 71.6361 -56.3012 259.92
vn 0.728356 -0.682343 -0.0624881
v 72.1828 -55.7913 259.509
vn 0.289703 -0.943509 -0.16082
v 70.9589 -57.2839 262.736
vn 0.593478 -0.796802 -0.113534
v 71.3237 -57.1865 263.297
vn 0.0792001 -0.988524 -0.128635
v 69.656 -57.3462 263.014
vn -0.949435 -0.0715778 0.305695
v 49.8752 -53.3583 296.532
vn 0.163638 -0.97243 -0.166139
v 72.6835 -55.5281 259.788
vn -0.97319 0.0310229 0.227899
v 50.1255 -51.8539 296.466
vn -0.937028 0.117412 0.328926
v 50.3645 -51.3993 297.469
vn 0.185508 -0.971763 -0.145822
v 76.3689 -52.2279 257.547
vn -0.959076 -0.0544105 0.277871
v 50.3029 -49.142 297.089
vn -0.899235 0.174454 0.401177
v 50.7819 -49.4316 298.527
vn -0.731827 0.520355 0.440068
v 50.8998 -49.1493 298.5
vn -0.939875 -0.103031 0.325607
v 50.9008 -50.7482 298.764
vn 0.667823 -0.727268 -0.158408
v 79.2763 -49.7065 250.35
vn 0.77025 -0.624534 -0.129123
v 77.6163 -51.6297 255.448
vn -0.947923 -0.207069 0.242003
v 51.1325 -47.4766 299.899
vn -0.850564 0.367052 0.376581
v 51.2387 -46.8755 299.861
vn 0.446051 -0.888177 -0.110359
v 80.6165 -48.3242 249.999
vn -0.949989 0.107621 0.293155
v 51.1437 -45.0915 298.074
vn -0.91916 0.190677 0.344655
v 51.4094 -45.8836 298.899
vn -0.785353 0.50599 0.356645
v 52.1889 -41.7169 298.934
vn 0.351455 -0.93208 -0.0877834
v 87.2799 -44.4833 243.895
vn 0.348751 -0.933756 -0.0804524
v 84.865 -45.3749 247.244
vn -0.800534 0.522221 0.29399
v 52.9787 -39.6786 298.246
vn -0.852986 0.410523 0.322312
v 53.0233 -41.5056 300.594
vn 0.641811 -0.765344 -0.0482415
v 89.5083 -42.3746 238.423
vn -0.667351 0.667363 0.330559
v 54.4831 -38.6304 298.807
vn 0.838599 -0.534976 -0.102726
v 91.625 -40.2114 238.828
vn -0.739996 0.607597 0.288499
v 56.7416 -35.4875 298.176
vn 0.702745 -0.709759 -0.0489058
v 96.2736 -38.2539 230.96
vn 0.66314 -0.746539 -0.0540942
v 96.6936 -37.9111 232.528
vn 0.353355 -0.935478 -0.00464065
v 94.3796 -38.4045 234.777
vn 0.126541 -0.991277 0.0368483
v 94.8433 -38.3402 234.662
vn 0.609765 -0.789752 -0.0669164
v 94.2775 -38.5825 236.792
vn -0.625857 0.743687 0.235016
v 57.0973 -34.0429 295.835
vn 0.401616 -0.910889 -0.0947952
v 113 -38.0578 202.656
vn 0.270824 -0.958698 -0.0869023
v 113.01 -38.2557 204.544
vn -0.5645 -0.809792 0.159925
v 109.413 -38.29 209.051
vn -0.106812 -0.989993 -0.0922241
v 108.769 -37.9038 210.738
vn -0.0471675 -0.986932 -0.154082
v 108.437 -38.1648 212.309
vn -0.112356 -0.989506 -0.0908461
v 105.95 -37.9838 216.412
vn 0.0194445 -0.995965 -0.0876143
v 105.285 -37.9239 218.111
vn -0.28331 -0.95901 0.00591259
v 103.842 -37.4338 220.715
vn 0.00801456 -0.999914 -0.0103497
v 103.12 -37.0242 222.705
vn -0.232947 -0.971444 0.0450827
v 99.7638 -37.2153 225.617
vn -0.330916 -0.942367 0.0493836
v 100.352 -37.5877 225.644
vn 0.00741091 -0.99995 0.00672087
v 100.765 -37.64 225.544
vn 0.216056 -0.975943 -0.0292399
v 101.491 -37.5426 225.62
vn -0.421844 0.877693 0.227381
v 59.4554 -31.9897 294.642
vn 0.935936 -0.242394 -0.255476
v 113.566 -36.4625 203.856
vn 0.872616 0.470588 -0.130719
v 113.924 -36.4574 205.658
vn 0.966202 0.15431 -0.206502
v 114.102 -36.8204 205.791
vn 0.837337 0.537019 -0.102361
v 112.872 -34.8687 205.616
vn 0.849111 0.48857 -0.200773
v 112.66 -34.2302 207.193
vn 0.747377 0.631188 -0.207437
v 112.154 -31.5761 212.299
vn 0.197976 0.979497 0.0372856
v 108.356 -28.4133 219.254
vn 0.573538 0.798147 -0.184433
v 107.433 -27.6086 221.795
vn 0.689465 0.696022 -0.200477
v 107.176 -26.8638 222.638
vn -0.148093 0.988665 0.0246992
v 78.2315 -23.1693 267.754
vn -0.346726 0.935803 0.0636661
v 74.71 -23.6437 273.738
vn -0.186263 0.981341 0.0477151
v 75.8063 -23.1556 272.256
vn 0.0163777 0.997718 0.065503
v 73.1693 -24.1868 275.308
vn -0.0810983 0.991366 0.103033
v 72.2746 -24.2034 277.925
vn -0.174016 0.978636 0.109498
v 71.8397 -24.2757 279.771
vn -0.342901 0.931278 0.123046
v 71.7795 -24.5952 281.158
vn 0.410218 0.907603 -0.0893169
v 106.59 -26.4869 222.611
vn 0.0164859 0.996894 0.0770084
v 100.786 -23.5541 233.636
vn 0.0918373 0.994814 0.0437091
v 99.7401 -23.6591 234.07
vn 0.228155 0.971349 -0.0665288
v 98.8651 -23.6085 236.694
vn 0.284876 0.958435 -0.0157745
v 87.7318 -22.1754 253.05
vn -0.328865 0.940054 0.0902564
v 86.6664 -22.183 254.165
vn 0.460512 0.887508 -0.0160957
v 87.4681 -22.0275 254.153
vn -0.329287 0.940102 0.0881991
v 87.283 -21.9193 254.513
vn 0.301036 0.952643 0.0429875
v 87.6079 -22.107 255.07
vn -0.0536824 0.9963 0.0671194
v 87.267 -22.1189 255.612
vn 0.0159199 0.999854 -0.00623939
v 87.9723 -22.1603 255.641
vn 0.124783 0.991393 -0.0396042
v 85.8086 -22.0743 256.795
vn -0.179628 0.983051 0.0366745
v 83.5643 -21.9852 261.049
vn -0.100611 0.994683 0.0219867
v 80.7573 -22.2195 266.022
vn 0.0463387 0.998868 -0.010711
v 93.3994 -22.4359 247.349
vn -0.48115 -0.876089 -0.0310476
v 62.0741 -74.0234 269.148
vn -0.483174 -0.872996 -0.066496
v 62.3107 -74.1887 271.048
vn -0.48404 -0.867742 -0.11282
v 61.6593 -74.0772 272.754
vn 0.983765 -0.176139 0.0343619
v 62.3654 -73.7463 269.652
vn 0.769517 -0.63855 -0.00987224
v 63.5316 -69.5608 271.444
vn -0.691525 -0.702236 0.169285
v 55.8861 -69.4241 284.723
vn 0.969899 -0.046839 -0.238959
v 65.501 -67.7787 267.24
vn 0.703245 0.710759 -0.0164006
v 65.2892 -67.42 267.788
vn 0.581716 0.811665 0.0529742
v 65.2382 -67.43 268.458
vn 0.625878 -0.779905 -0.00508929
v 65.3873 -67.9207 268.529
vn 0.661871 0.747438 -0.0571177
v 65.6027 -67.7233 269.046
vn 0.692966 0.717465 -0.0710022
v 64.8674 -67.2066 269.183
vn -0.653346 -0.745084 0.13412
v 54.2793 -67.8229 286.449
vn 0.729526 0.668374 -0.145151
v 64.9838 -66.8893 270.367
vn -0.767337 -0.600426 0.225127
v 52.1928 -64.6643 289.845
vn -0.815053 -0.45767 0.355283
v 52.8373 -64.4387 291.908
vn -0.645922 -0.761499 0.0538908
v 51.1964 -62.071 292.944
vn 0.980745 -0.195289 0.00131101
v 64.0135 -62.2924 275.767
vn -0.890809 -0.0857693 0.446209
v 51.7112 -59.7373 295.244
vn -0.835447 0.277023 0.474643
v 51.949 -60.1785 295.795
vn -0.863728 -0.489723 0.118932
v 52.0358 -58.9447 296.367
vn -0.801049 0.271244 0.533617
v 52.3794 -60.0499 296.365
vn -0.910277 -0.206031 0.359091
v 52.4566 -59.7627 296.406
vn -0.1401 -0.987244 -0.0756346
v 65.7028 -59.1723 271.287
vn 0.433396 -0.901118 0.0124454
v 67.5903 -58.5225 271.665
vn 0.0974967 -0.994759 -0.0307978
v 66.3346 -59.4456 273.083
vn 0.478849 -0.876529 0.0489967
v 66.5197 -59.3431 273.536
vn 0.63836 -0.766103 0.0747153
v 66.8173 -59.0976 273.695
vn 0.954281 -0.297494 0.0290834
v 64.566 -59.5303 274.835
vn 0.074234 -0.996342 -0.042325
v 65.263 -59.3111 274.884
vn 0.0065603 -0.999849 -0.0161197
v 65.7583 -59.4591 275.19
vn -0.912445 -0.251028 0.323157
v 51.3083 -57.3157 297.289
vn -0.859573 -0.499903 0.105978
v 51.7797 -58.4271 297.577
vn -0.937381 -0.221802 0.268554
v 51.7368 -58.1798 297.883
vn 0.0616435 -0.991445 -0.115053
v 70.5029 -57.9791 267.226
vn 0.464864 -0.882769 -0.0679768
v 71.0021 -57.8588 267.68
vn 0.786751 -0.615166 -0.0509281
v 71.2854 -57.6096 267.503
vn 0.833193 -0.55079 -0.0491945
v 71.6755 -56.7997 267.677
vn 0.312232 -0.945977 -0.0874044
v 71.951 -56.5455 267.473
vn 0.059143 -0.983698 -0.169825
v 73.2678 -55.9625 261.567
vn 0.479367 -0.863273 -0.158009
v 73.7491 -55.7822 261.491
vn 0.698188 -0.705107 -0.123928
v 74.2762 -55.3548 261.484
vn -0.263012 -0.954429 -0.141032
v 73.0338 -56.0939 263.056
vn -0.908235 0.151483 0.39008
v 51.3364 -52.2769 300.151
vn -0.933478 -0.115435 0.339549
v 51.4241 -53.5974 300.515
vn -0.694592 0.556357 0.45608
v 52.3776 -49.5529 301.236
vn 0.381914 -0.914649 -0.132508
v 79.1144 -50.6652 255.221
vn 0.531638 -0.838961 -0.116215
v 78.2932 -51.0962 257.481
vn 0.870694 -0.483074 -0.0923635
v 79.8022 -50.3067 257.705
vn 0.190144 -0.975443 -0.111161
v 78.8365 -51.1689 258.941
vn -0.8576 -0.50527 0.096043
v 52.1945 -48.868 301.332
vn -0.867576 0.325643 0.375857
v 52.3597 -47.4745 302.464
vn 0.460686 -0.882454 -0.0950934
v 80.1922 -49.4818 257.734
vn -0.973152 -0.0898933 0.211882
v 51.9845 -46.2719 301.019
vn -0.954533 0.161345 0.250667
v 52.2352 -45.2046 302.141
vn -0.96798 -0.0541782 0.245111
v 52.2802 -46.2434 302.943
vn -0.93231 0.11235 0.343768
v 52.6438 -46.1417 303.964
vn -0.878296 0.318644 0.356458
v 53.1935 -44.1322 304.239
vn 0.24858 -0.966672 -0.0612566
v 86.9709 -44.6361 245.472
vn -0.751477 0.541293 0.377206
v 54.2676 -41.2385 303.588
vn 0.672359 -0.730652 -0.118661
v 88.8075 -43.874 245.811
vn -0.918528 0.317392 0.235729
v 55.6062 -37.8487 300.421
vn -0.801004 0.519642 0.297262
v 54.821 -39.591 301.273
vn -0.762704 0.566378 0.312248
v 55.8794 -37.6715 300.969
vn -0.776192 0.559495 0.290673
v 55.6282 -38.5604 301.163
vn 0.779913 -0.619159 -0.0915328
v 92.075 -39.605 240.802
vn -0.795164 0.555084 0.244123
v 57.3867 -35.6064 301.019
vn 0.597946 -0.800483 -0.0410737
v 93.8397 -39.3149 238.683
vn 0.290913 -0.956408 -0.0255679
v 95.373 -38.2805 239.872
vn 0.307571 -0.951523 -0.00190133
v 92.4461 -39.3487 240.305
vn 0.523153 -0.85058 -0.053147
v 94.9522 -38.519 240.339
vn 0.909466 -0.322934 -0.261886
v 114.285 -37.606 206.79
vn 0.674329 -0.721631 -0.15662
v 114.036 -38.2454 207.604
vn 0.923935 -0.347654 -0.159626
v 114.464 -37.7658 207.824
vn 0.0916182 -0.994683 -0.0470234
v 112.429 -38.9358 210.195
vn -0.676189 -0.688906 0.261108
v 110.646 -38.3512 212.213
vn -0.630195 -0.740481 0.233542
v 111.066 -38.7148 212.516
vn -0.171653 -0.977877 -0.119552
v 109.831 -38.2438 213.495
vn 0.0956592 -0.972668 -0.211583
v 110.735 -38.4337 214.397
vn 0.0314486 -0.992588 -0.117391
v 109.819 -38.4944 215.956
vn 0.269992 -0.946771 -0.175298
v 106.954 -38.0705 217.717
vn 0.170909 -0.974418 -0.145944
v 107.227 -37.8788 217.389
vn -0.319005 -0.947753 -9.01884e-005
v 104.551 -37.6076 221.849
vn -0.438193 -0.896581 0.0642551
v 103.621 -37.145 223.612
vn -0.437512 -0.898533 0.0349476
v 104.052 -37.5216 223.295
vn 0.0803189 -0.996769 0.000431822
v 100.27 -37.1001 230.808
vn 0.095481 -0.995334 0.0138929
v 100.042 -37.172 231.727
vn -0.00754281 -0.998738 0.0496462
v 99.3191 -36.9129 233.633
vn 0.499605 -0.863247 -0.0721069
v 98.5452 -37.0265 233.624
vn 0.555731 -0.825618 -0.0975634
v 98.4605 -37.4299 235.003
vn 0.955602 0.252218 -0.152354
v 114.518 -37.1516 207.812
vn 0.891634 0.382706 -0.241917
v 113.828 -33.8944 211.714
vn 0.709392 0.685341 -0.16453
v 113.037 -32.4125 211.794
vn 0.596942 0.795424 -0.104694
v 113.22 -32.3697 213.899
vn -0.400551 0.908743 0.11724
v 70.4221 -25.9364 285.844
vn -0.122355 0.985066 0.121138
v 68.9503 -26.0501 285.175
vn -0.127517 0.983201 0.130598
v 69.9453 -26.1682 286.477
vn 0.354578 0.934771 -0.021845
v 108.108 -28.3879 220.854
vn 0.644798 0.730309 -0.225575
v 108.701 -27.921 223.273
vn -0.204455 0.974538 0.0920552
v 74.9815 -24.1119 277.782
vn -0.0757027 0.993888 0.0803509
v 72.7076 -24.4988 282.404
vn -0.357239 0.930103 0.0853807
v 71.9125 -24.6903 284.743
vn 0.843877 0.381947 -0.376814
v 106.668 -26.1206 226.854
vn 0.720054 0.631044 -0.288627
v 107.213 -26.9469 227.214
vn -0.125133 0.99167 0.0305464
v 80.6295 -22.609 271.942
vn -0.194273 0.979618 0.0510506
v 80.9901 -22.4628 271.447
vn -0.396941 0.916043 0.0574621
v 78.5653 -23.1496 272.151
vn -0.283993 0.958398 0.0286475
v 79.4262 -22.7089 272.632
vn -0.0122075 0.999047 0.0419054
v 80.1604 -22.5846 272.711
vn -0.120463 0.990791 0.061815
v 79.7528 -22.7275 273.878
vn -0.0720534 0.996534 0.0415833
v 78.192 -23.2892 273.688
vn 0.321218 0.945615 -0.0512912
v 101.81 -23.7383 234.26
vn 0.164292 0.985917 -0.0312234
v 96.6808 -23.2021 243.411
vn 0.0913758 0.994941 -0.0417552
v 92.306 -22.4746 252.648
vn 0.197758 0.978256 -0.0624985
v 92.1087 -22.2791 254.266
vn 0.0820977 0.99641 -0.0206428
v 86.218 -21.7481 262.264
vn -0.185136 0.979745 0.0763166
v 85.4061 -21.879 264.682
vn -0.490042 -0.866342 -0.0964931
v 61.8738 -74.5988 276.265
vn 0.736936 -0.675963 0.000215381
v 62.2576 -74.181 274.168
vn -0.716807 -0.673191 0.181664
v 57.011 -70.8811 284.449
vn -0.687431 -0.713169 0.137218
v 57.3701 -70.5828 286.741
vn -0.704174 -0.6815 0.199241
v 55.813 -68.9447 287.492
vn 0.631813 -0.775105 0.00492557
v 64.8773 -68.2166 272.848
vn -0.765472 -0.571053 0.296567
v 54.1184 -66.5472 290.413
vn -0.835563 -0.436273 0.333916
v 54.5111 -67.0072 290.704
vn -0.66462 -0.726617 0.174094
v 55.9895 -68.4701 289.264
vn -0.717157 -0.652583 0.244585
v 54.1598 -66.1722 291.157
vn -0.869684 -0.0996713 0.483441
v 54.181 -65.0647 294.137
vn -0.890395 -0.0875762 0.446685
v 54.3797 -64.85 294.536
vn -0.870909 -0.254615 0.420344
v 54.4042 -64.5564 294.666
vn -0.7777 -0.585651 0.228464
v 54.5268 -65.2357 294.807
vn 0.991342 0.117869 -0.057854
v 63.9354 -63.643 276.895
vn 0.987904 0.133385 -0.079083
v 64.0025 -63.4301 280.729
vn -0.583046 -0.807481 0.0896247
v 52.7736 -62.9571 294.647
vn -0.807454 -0.495942 0.319467
v 52.1834 -61.5926 296.646
vn -0.432883 -0.901372 -0.0119089
v 52.7279 -62.9492 295.319
vn -0.880841 -0.0150307 0.473173
v 52.2252 -61.3334 297.06
vn -0.758702 -0.61268 0.221347
v 52.6474 -62.6726 296.651
vn -0.875121 0.0546477 0.480809
v 52.658 -62.3598 296.635
vn -0.635827 -0.758524 0.142705
v 53.1199 -63.1216 296.965
vn -0.830236 -0.0214838 0.556998
v 53.3091 -61.8121 298.604
vn 0.981167 -0.177968 -0.0750901
v 64.0666 -61.529 280.28
vn 0.99834 -0.0368085 -0.0443001
v 64.3667 -60.6746 280.397
vn -0.756741 0.36709 0.540915
v 52.503 -61.1283 297.325
vn -0.822406 -0.557066 0.115433
v 52.2644 -58.9699 298.954
vn 0.00651984 -0.997201 -0.0744782
v 68.6957 -58.3229 272.31
vn 0.432415 -0.893587 0.120494
v 67.5059 -58.4668 274.41
vn 0.404009 -0.914408 0.0251699
v 66.2067 -59.3906 275.102
vn 0.690425 -0.720857 0.0606491
v 66.7141 -58.9616 275.374
vn 0.613848 -0.782584 0.103694
v 67.1112 -58.4708 275.575
vn 0.228923 -0.970485 0.0758553
v 67.5023 -58.2754 275.444
vn 0.962857 -0.269425 -0.0177761
v 64.3114 -60.1872 278.878
vn 0.0393883 -0.998678 -0.0330395
v 65.3369 -59.5353 278.793
vn 0.146068 -0.989223 -0.0100575
v 66.1874 -59.402 278.096
vn 0.954727 0.295985 0.0298402
v 64.2597 -60.356 280.66
vn 0.736339 -0.673248 -0.067393
v 64.4555 -59.793 280.736
vn 0.307255 -0.949769 -0.0594438
v 64.8312 -59.6847 281.302
vn -0.931169 -0.0811871 0.355434
v 52.0801 -58.0108 298.775
vn -0.940902 -0.220993 0.256645
v 52.0466 -58.6423 298.9
vn -0.00208413 -0.995411 -0.0956704
v 73.1026 -56.672 266.769
vn 0.81625 -0.57673 -0.0334541
v 71.483 -57.5459 269.366
vn 0.787038 -0.615579 -0.0404271
v 71.6697 -57.1617 271.199
vn -0.00058803 -0.999154 0.0411098
v 68.0026 -58.3284 274.696
vn 0.0307557 -0.99757 -0.0625147
v 69.4067 -58.6638 273.939
vn -0.282561 -0.958572 -0.0360435
v 69.0077 -58.6038 274.615
vn -0.915831 -0.266234 0.300622
v 51.9694 -55.3125 300.351
vn 0.532209 -0.843906 -0.0676509
v 73.8646 -56.3803 266.502
vn 0.748868 -0.661305 -0.0432709
v 74.1226 -56.1198 266.287
vn 0.722169 -0.684626 -0.0987942
v 75.5042 -54.1442 264.518
vn -0.0509875 -0.985985 -0.158851
v 76.6809 -53.4097 265.866
vn 0.664745 -0.734568 -0.136103
v 75.6143 -54.4321 266.991
vn 0.765029 -0.626604 -0.148656
v 75.8293 -54.1991 267.165
vn 0.60679 -0.79025 -0.0854977
v 79.5391 -51.246 261.465
vn 0.8851 -0.45704 -0.0878205
v 78.104 -52.1798 262.427
vn -0.959893 -0.076932 0.269606
v 52.7656 -47.4008 303.636
vn -0.912174 -0.353292 0.20766
v 52.5774 -48.9196 303.663
vn -0.940225 0.0262047 0.339544
v 52.9025 -48.8353 304.963
vn 0.552013 -0.827265 -0.104472
v 84.0973 -46.5156 254.392
vn 0.388333 -0.915818 -0.102344
v 88.3408 -44.5956 248.043
vn 0.648524 -0.753832 -0.105611
v 88.6831 -44.3645 247.872
vn 0.315039 -0.941152 -0.122409
v 84.9118 -46.3647 256.694
vn 0.357784 -0.923559 -0.137944
v 86.0206 -45.9546 255.148
vn -0.853969 0.411926 0.31789
v 55.2569 -41.4045 305.417
vn 0.777359 -0.627725 -0.0409097
v 90.0939 -42.1555 246.804
vn 0.831597 -0.550223 -0.0755065
v 89.3512 -43.7999 249.629
vn -0.655185 0.68303 0.322804
v 56.2543 -40.1792 305.923
vn 0.581875 -0.811953 -0.0463988
v 91.8944 -40.8669 247.449
vn 0.76351 -0.642307 -0.0670391
v 92.5565 -40.4331 247.447
vn -0.840412 0.468836 0.271847
v 57.1987 -38.1432 304.817
vn -0.807219 0.509258 0.298419
v 57.5387 -37.2947 304.76
vn 0.290299 -0.95672 0.0203185
v 96.6707 -38.1001 239.583
vn 0.165207 -0.98572 0.0326057
v 94.1614 -39.1235 244.81
vn 0.875864 -0.466178 -0.124658
v 92.7405 -39.7202 246.105
vn -0.500115 0.818259 0.283437
v 59.3531 -34.2019 302.439
vn -0.253887 0.916596 0.308858
v 59.7786 -34.4241 303.408
vn -0.620062 0.715199 0.32251
v 59.2124 -35.2861 304.883
vn 0.367025 -0.926521 -0.0827727
v 113.834 -38.7421 211.018
vn -0.213825 -0.975238 0.0564803
v 111.891 -39.0326 213.38
vn -0.108338 -0.986557 -0.122344
v 111.118 -39.0106 216.417
vn -0.344816 -0.938611 0.0105152
v 110.839 -38.8795 216.941
vn 0.283673 -0.930249 -0.232739
v 111.398 -39.0245 216.585
vn 0.104411 -0.989892 -0.0959846
v 111.485 -39.055 216.989
vn 0.247151 -0.954235 -0.16838
v 112.3 -38.6578 217.096
vn -0.00786908 -0.995691 -0.092398
v 109.513 -38.9194 217.903
vn 0.252104 -0.956434 -0.147234
v 109.876 -38.9156 218.469
vn -0.395948 -0.917942 0.024633
v 107.441 -38.5115 220.838
vn 0.214634 -0.969087 -0.121663
v 108.023 -38.3642 221.174
vn -0.0480644 -0.997829 -0.0450338
v 107.596 -38.4583 224.776
vn -0.288065 -0.957576 -0.00816134
v 106.53 -38.4703 225.89
vn -0.460724 -0.886206 0.0487038
v 104.442 -37.098 229.446
vn 0.708769 -0.696356 -0.112846
v 99.3015 -37.1394 238.282
vn 0.563567 -0.821029 -0.0911215
v 99.5654 -36.8126 238.046
vn 0.112216 -0.993673 0.00470165
v 99.8592 -36.6999 238.233
vn 0.839131 -0.528912 -0.126928
v 115.089 -37.8628 213.07
vn 0.985051 -0.102116 -0.138732
v 115.264 -37.2959 213.166
vn -0.188156 0.974146 0.125048
v 67.9523 -27.8217 292.885
vn 0.110627 0.990038 0.0871057
v 67.687 -27.8429 293.299
vn 0.91578 0.331867 -0.2263
v 113.507 -31.7558 216.267
vn 0.880019 0.434643 -0.191449
v 114.627 -33.2059 214.94
vn 0.754962 0.641573 -0.135708
v 113.889 -32.5108 216.899
vn 0.518382 0.854009 -0.0441371
v 114.255 -32.7242 216.782
vn 0.717714 0.680653 -0.146961
v 113.25 -30.86 217.098
vn 0.447053 0.894451 0.0100266
v 112.894 -30.4993 219.66
vn 0.403202 0.914996 -0.0144945
v 112.397 -30.4088 221.106
vn -0.0701452 0.991678 0.107954
v 73.0226 -24.8193 286.463
vn -0.116508 0.985032 0.127037
v 72.4604 -24.9481 287.887
vn -0.410036 0.900566 0.144398
v 71.7829 -25.4359 289.289
vn 0.312602 0.949672 0.0200712
v 108.264 -26.9303 226.79
vn 0.68969 0.689573 -0.220942
v 107.621 -26.0454 229.492
vn 0.273732 0.96175 0.0103624
v 107.027 -25.4132 230.842
vn 0.0318879 0.996024 0.083182
v 84.4342 -22.3009 267.189
vn 0.163376 0.983707 0.0750233
v 84.8693 -22.4903 268.162
vn -0.00672111 0.998939 0.0455669
v 84.1512 -22.3963 268.777
vn 0.0444101 0.99838 0.0355773
v 82.2434 -22.406 271.839
vn -0.0858245 0.994256 0.0639407
v 80.6676 -22.6924 273.021
vn -0.096162 0.991293 0.0899517
v 81.7194 -22.405 273.277
vn -0.062711 0.994839 0.0797713
v 81.6577 -22.6639 275.008
vn -0.039449 0.999023 0.0199344
v 80.6657 -22.5854 275.461
vn 0.0668133 0.996089 0.0578137
v 102.45 -23.8688 238.5
vn 0.262267 0.961898 -0.077255
v 102.206 -23.883 241.854
vn -0.14107 0.989979 0.006353
v 87.5217 -22.0589 262.363
vn -0.428129 0.900534 0.0757898
v 85.3569 -22.2782 268.688
vn 0.138539 0.989882 0.0306736
v 84.7216 -22.5024 270.174
vn 0.994234 -0.105354 0.0199867
v 62.0451 -73.3225 281.677
vn 0.699558 -0.714433 -0.0142878
v 61.7267 -74.8632 282.288
vn -0.632956 -0.766572 0.108327
v 58.8695 -72.1024 286.694
vn 0.97675 -0.212615 -0.027471
v 65.6828 -67.2501 276.408
vn 0.858495 -0.512493 -0.0183886
v 65.6199 -67.5729 276.67
vn -0.896317 -0.128594 0.424357
v 54.7896 -65.0497 295.3
vn 0.901871 0.409209 -0.138478
v 64.4213 -65.0617 280.047
vn 0.878336 0.457542 -0.138495
v 64.3976 -64.4401 281.037
vn -0.598033 -0.786595 0.153707
v 55.3746 -64.0758 298.727
vn -0.809343 -0.275319 0.518809
v 53.469 -62.1995 298.856
vn -0.833464 -0.272614 0.480645
v 54.0814 -62.7359 299.259
vn -0.461964 -0.88243 0.0889139
v 54.5859 -63.8459 298.941
vn -0.666236 -0.71142 0.223631
v 54.3278 -63.4693 299.573
vn -0.819223 -0.184893 0.542852
v 54.6863 -62.6809 300.045
vn -0.731523 -0.636227 0.245132
v 54.7152 -62.4028 300.313
vn -0.585024 -0.810685 0.0231693
v 54.4095 -62.126 300.811
vn 0.992077 -0.0827502 -0.0945245
v 64.2161 -61.7094 281.717
vn -0.850039 -0.0698593 0.522066
v 53.706 -61.6794 299.23
vn -0.844816 -0.510158 0.161321
v 53.8124 -61.5718 299.715
vn -0.535132 -0.844403 0.0248441
v 54.2656 -62.0341 301.068
vn -0.934145 -0.163884 0.31704
v 54.2377 -61.7367 301.311
vn -0.850057 -0.460583 0.255471
v 53.5772 -59.7891 302.595
vn -0.771936 -0.612088 0.171651
v 53.7892 -60.0835 302.393
vn 0.681726 -0.731517 0.0115326
v 66.3889 -59.038 280.084
vn 0.276801 -0.959881 -0.0448326
v 65.7011 -59.5338 280.76
vn 0.80009 -0.596236 -0.0660127
v 64.5844 -59.9849 282.226
vn 0.776087 -0.629187 -0.0425816
v 64.473 -60.1269 283.92
vn 0.994059 -0.0982492 -0.0468421
v 64.3614 -60.7202 283.896
vn 0.0190429 -0.998089 -0.0587929
v 65.4161 -59.7415 282.704
vn 0.381233 -0.92394 -0.0315624
v 65.7859 -59.7766 283.277
vn -0.917922 -0.242495 0.314031
v 53.9539 -59.3874 303.717
vn 0.53551 -0.844516 -0.00458773
v 70.7825 -58.3758 276.356
vn -0.00796204 -0.999835 0.0162982
v 69.4684 -58.8052 279.103
vn -0.273237 -0.961779 0.0179795
v 67.8793 -58.1726 278.46
vn -0.367792 -0.929818 0.0129686
v 68.6626 -58.6335 279.31
vn 0.632396 -0.77435 0.0213929
v 67.0897 -58.205 282.191
vn -0.0569291 -0.998276 0.0143176
v 67.6771 -58.0436 281.829
vn 0.188719 -0.98201 -0.00643247
v 67.4187 -58.0539 282.833
vn 0.617413 -0.785567 -0.0410495
v 74.1178 -56.1402 272.584
vn 0.25348 -0.955913 -0.148248
v 77.517 -53.4786 265.67
vn 0.703051 -0.702564 -0.110106
v 78.0761 -53.0943 265.275
vn 0.664211 -0.744047 -0.0722338
v 78.0979 -53.2842 267.051
vn 0.846741 -0.519024 -0.116807
v 75.8817 -54.2542 267.55
vn 0.35579 -0.926382 -0.123406
v 76.313 -53.7757 267.773
vn -0.114394 -0.987807 -0.105601
v 77.0896 -53.6886 266.83
vn -0.0777643 -0.983882 -0.161024
v 76.7883 -53.6335 267.346
vn 0.0239746 -0.984277 -0.174996
v 77.1172 -53.8077 267.904
vn 0.206138 -0.973303 -0.100937
v 77.4659 -53.7017 267.405
vn 0.451744 -0.885179 -0.111293
v 75.413 -54.9057 269.418
vn -0.940991 -0.242179 0.236401
v 54.0631 -50.6574 307.123
vn 0.943347 -0.326719 -0.0578805
v 78.2783 -52.9683 266.521
vn 0.912288 -0.406223 -0.0520907
v 78.3282 -52.4168 267.126
vn 0.597325 -0.79768 -0.0831209
v 78.727 -51.952 266.98
vn -0.921653 -0.13189 0.364912
v 53.5288 -49.2239 306.701
vn -0.952996 -0.00144104 0.302981
v 53.8915 -48.7688 307.584
vn -0.962348 -0.0651863 0.263887
v 54.3007 -49.6945 309.295
vn 0.762837 -0.64196 -0.0772465
v 83.6489 -48.3964 261.71
vn -0.868706 0.314982 0.382278
v 54.945 -44.7425 308.197
vn 0.501047 -0.859423 -0.101705
v 86.7366 -45.4574 254.877
vn -0.873858 0.386617 0.294788
v 55.8524 -41.52 307.879
vn -0.96144 0.126484 0.244201
v 55.9168 -42.5658 308.693
vn 0.576647 -0.816923 -0.0107017
v 92.0244 -40.9251 251.364
vn 0.535046 -0.844695 -0.0147467
v 91.2072 -41.3105 253.704
vn 0.791954 -0.610487 -0.0107593
v 90.5063 -41.8015 254.372
vn 0.458376 -0.888736 -0.00626812
v 95.1807 -38.7624 248.13
vn 0.766489 -0.639505 -0.0593984
v 93.0628 -39.7377 248.398
vn 0.72706 -0.679659 -0.0971992
v 93.2333 -39.4233 247.911
vn -0.492792 0.822229 0.284773
v 60.1348 -34.5054 303.976
vn -0.403944 0.854695 0.326077
v 59.5746 -35.1662 305.09
vn -0.687049 0.660848 0.302066
v 59.8102 -36.0357 307.392
vn -0.582124 0.76667 0.270831
v 60.2744 -35.5845 307.286
vn -0.438235 -0.885647 0.153557
v 112.86 -38.7511 216.736
vn -0.195967 -0.978098 0.070155
v 113.224 -38.969 216.619
vn 0.422325 -0.890486 -0.16934
v 112.065 -39.1297 218.39
vn 0.0124018 -0.998144 -0.059619
v 111.883 -39.2096 218.637
vn -0.128151 -0.991099 0.0360535
v 112.68 -38.6575 217.672
vn -0.169771 -0.984889 0.0342239
v 113.482 -38.7312 219.905
vn -0.457842 -0.88832 0.0356047
v 109.354 -38.7942 222.348
vn -0.0538591 -0.99673 -0.0602333
v 110.452 -39.2654 222.687
vn 0.213862 -0.968711 -0.125948
v 110.914 -39.1522 222.604
vn 0.281293 -0.947957 -0.149168
v 111.088 -39.3123 223.419
vn 0.297378 -0.949651 -0.0986403
v 111.401 -39.0838 223.239
vn -0.435549 -0.900046 0.0146232
v 105.5 -37.868 229.082
vn -0.605972 -0.794747 0.0342829
v 104.977 -37.4849 230.143
vn 0.579963 -0.812116 -0.0641091
v 99.67 -37.2527 242.009
vn 0.976668 0.157796 -0.145668
v 115.542 -36.9805 215.407
vn 0.963539 -0.230224 -0.136342
v 115.623 -37.6795 215.856
vn 0.834857 -0.526807 -0.15965
v 115.41 -38.3454 216.827
vn 0.0477984 -0.998854 0.00256112
v 103.874 -36.8572 236.437
vn 0.161668 -0.986528 -0.0250119
v 100.368 -36.6872 240.984
vn 0.888375 0.425006 -0.173669
v 114.581 -32.7856 220.13
vn 0.658151 0.749636 -0.0698763
v 114.14 -31.4332 221.869
vn 0.922777 0.317591 -0.218218
v 114.83 -32.3873 221.65
vn 0.475811 0.874976 -0.0895572
v 110.939 -28.9898 227.833
vn -0.158791 0.976395 0.146419
v 73.2153 -25.6046 292.233
vn 0.779488 0.592257 -0.204035
v 109.866 -27.7799 230.255
vn 0.436305 0.895202 -0.0908418
v 110.913 -28.0481 230.199
vn 0.12655 0.985764 0.1107
v 109.408 -27.7197 231.027
vn 0.296863 0.954681 0.021394
v 106.789 -25.9956 235.64
vn 0.43288 0.897022 -0.089251
v 106.461 -25.7055 237.523
vn -0.322821 0.945316 0.0465277
v 82.2449 -22.7519 276.064
vn -0.0622257 0.995572 0.0704617
v 82.0458 -22.8498 276.652
vn -0.356685 0.929607 0.0927686
v 79.2932 -23.4963 279.518
vn -0.395404 0.91477 0.0827778
v 79.9193 -23.0969 279.952
vn -0.0123607 0.997965 0.062554
v 78.6178 -23.7086 281.67
vn -0.227228 0.968071 0.105861
v 77.5082 -23.9654 286.275
vn 0.596038 0.779118 -0.1942
v 105.659 -25.0219 240.395
vn 0.156393 0.987693 -0.00203979
v 103.478 -24.3012 241.942
vn 0.0669583 0.997439 -0.0251282
v 92.9538 -22.2537 258.267
vn -0.0654634 0.99778 -0.0122671
v 93.6986 -22.0937 258.349
vn 0.0894556 0.994917 -0.0462339
v 91.7253 -21.9495 261.012
vn -0.0776155 0.996983 -0.000709733
v 89.1275 -21.6067 265.387
vn 0.039021 0.99921 -0.007573
v 91.0672 -21.7513 265.154
vn 0.0634165 0.997973 0.00535904
v 87.3488 -21.88 267.496
vn -0.221878 0.972399 0.0721894
v 86.1812 -22.0744 270.449
vn -0.166365 0.985062 0.0444538
v 85.4103 -22.6319 273.743
vn -0.496657 0.86568 0.062696
v 82.7634 -22.4061 276.348
vn -0.388149 0.915486 0.105951
v 82.6021 -22.7039 277.624
vn 0.14319 0.989584 0.0148507
v 81.7649 -22.7182 280.149
vn 0.945167 -0.323456 0.0451124
v 61.7892 -74.4354 284.054
vn 0.922066 -0.386906 0.00989175
v 62.566 -71.6206 285.013
vn -0.645675 -0.750394 0.141463
v 58.9975 -71.441 291.621
vn -0.697516 -0.697948 0.162296
v 60.076 -72.1979 291.619
vn -0.835413 -0.450684 0.314594
v 57.6547 -67.9047 296.514
vn -0.880001 -0.224057 0.418803
v 57.7167 -68.5536 296.535
vn 0.837644 0.538937 -0.0888828
v 66.0823 -66.7411 281.158
vn 0.871509 0.48447 -0.0759021
v 66.0166 -66.5244 284.952
vn -0.885177 -0.154848 0.438729
v 56.4717 -66.5421 298.51
vn -0.797427 -0.524584 0.298198
v 56.6035 -65.3925 299.555
vn 0.868036 0.488909 -0.0864961
v 64.9222 -65.2815 283.86
vn 0.953345 0.283222 -0.104496
v 64.5631 -64.0317 284.955
vn 0.877522 0.478046 -0.0377763
v 65.0466 -64.9841 286.712
vn -0.54079 -0.83545 0.0978227
v 55.184 -62.4537 302.345
vn -0.794002 -0.580447 0.180671
v 54.6193 -61.3055 302.134
vn -0.795789 -0.555659 0.240756
v 54.8149 -60.671 304.562
vn -0.0487086 -0.998524 -0.0240238
v 65.2621 -59.8245 286.467
vn 0.708439 -0.705696 -0.0103866
v 66.0846 -59.3404 286.923
vn -0.922056 -0.277393 0.269938
v 54.2358 -57.5885 306.677
vn -0.274069 -0.961583 0.0156391
v 67.8856 -58.0873 282.657
vn 0.461133 -0.886238 -0.0440243
v 72.2553 -57.2228 279.25
vn -0.939367 0.0153056 0.342571
v 54.9358 -53.9217 308.855
vn 0.656517 -0.74729 -0.102679
v 75.9196 -55.1058 272.645
vn -0.146007 -0.988546 -0.0382042
v 77.2792 -54.1582 273.975
vn 0.321488 -0.94464 -0.0655836
v 77.6772 -54.1254 273.353
vn 0.498868 -0.86147 -0.0948662
v 75.5797 -55.653 275.869
vn -0.950874 -0.0740039 0.300603
v 54.8951 -52.5755 308.108
vn -0.947916 0.0496125 0.314633
v 54.9964 -49.1835 311.491
vn 0.429672 -0.898432 -0.0905636
v 82.9528 -49.3491 264.062
vn 0.176679 -0.980074 -0.0907689
v 81.7685 -49.7602 265.135
vn 0.728334 -0.68083 -0.077464
v 80.6448 -50.2526 266.95
vn 0.248615 -0.964792 -0.0858258
v 81.1565 -50.1076 268.295
vn 0.116588 -0.989336 -0.0873007
v 81.6206 -50.1985 269.278
vn 0.62658 -0.773234 -0.0975015
v 84.1749 -47.6974 262.571
vn -0.918381 0.230625 0.321541
v 56.2567 -44.4749 310.994
vn -0.967858 0.0503586 0.246405
v 56.5844 -44.0465 311.997
vn 0.595089 -0.793607 -0.126713
v 86.4168 -46.4749 259.555
vn 0.284567 -0.955375 -0.079254
v 87.9448 -45.3011 259.046
vn 0.179669 -0.97491 -0.131413
v 85.9143 -46.8403 260.747
vn 0.720839 -0.687407 -0.0886754
v 86.8268 -46.1051 260.891
vn 0.627571 -0.772214 -0.0991968
v 86.5946 -46.8367 262.551
vn -0.72286 0.564868 0.397991
v 56.5586 -42.3195 310.564
vn -0.923211 0.223761 0.312431
v 56.69 -43.8113 312.461
vn 0.548452 -0.833342 -0.0688644
v 89.1724 -44.7328 256.129
vn 0.899083 -0.43735 -0.0193747
v 89.7936 -43.9762 256.161
vn -0.797239 0.504796 0.331046
v 57.549 -40.6021 309.368
vn 0.551235 -0.834348 0.00168935
v 91.9089 -40.9289 254.095
vn 0.995166 -0.086294 0.0468879
v 89.9617 -43.0657 259.037
vn 0.474341 -0.879825 -0.0301463
v 91.4172 -41.3552 258.031
vn 0.531662 -0.845468 -0.0501981
v 94.4434 -39.0782 253.291
vn 0.709643 -0.704443 -0.0129014
v 91.9027 -41.0106 257.946
vn -0.0547192 -0.998097 -0.0284421
v 112.019 -39.0589 223.256
vn 0.0150037 -0.998668 -0.049374
v 111.95 -39.0668 224.549
vn -0.189907 -0.981526 0.0232774
v 112.846 -39.3722 224.121
vn 0.0918004 -0.994577 -0.0488717
v 111.354 -39.3722 225.331
vn 0.350485 -0.930443 -0.106943
v 111.537 -39.3133 225.072
vn 0.457353 -0.888554 -0.0360575
v 99.1333 -37.7953 247.676
vn 0.520425 -0.853478 -0.0270697
v 99.5552 -37.5138 247.907
vn -0.682872 0.684553 0.255094
v 61.9663 -34.3087 308.865
vn 0.98061 -0.0764835 -0.180426
v 115.907 -37.6833 218.125
vn 0.373673 -0.922122 -0.100299
v 113.685 -38.8078 223.181
vn -0.0831858 -0.995949 0.0341313
v 102.875 -37.1113 241.459
vn -0.352954 0.927703 0.121616
v 68.4204 -28.7211 302.897
vn 0.641807 0.763876 -0.0676522
v 115.767 -33.602 223.346
vn -0.334475 0.93852 0.0854798
v 71.0209 -26.9628 295.572
vn -0.298927 0.946493 0.12163
v 70.7209 -27.1164 297.154
vn -0.354366 0.927176 0.121529
v 72.2202 -26.3874 296.945
vn 0.173194 0.983478 0.0526844
v 111.349 -28.1215 233.613
vn 0.783519 0.565377 -0.257774
v 110.257 -27.355 234.656
vn -0.0777845 0.993165 0.0870268
v 79.6107 -24.1459 287.541
vn -0.0534484 0.997027 0.0554951
v 77.1538 -24.7286 289.968
vn 0.0437823 0.998836 0.0202372
v 101.854 -23.8722 250.741
vn 0.287989 0.954075 -0.0824873
v 101.142 -23.7558 251.358
vn 0.269347 0.960358 -0.0718736
v 100.874 -23.4244 252.574
vn 0.216828 0.974177 -0.06296
v 93.6788 -22.1465 264.289
vn -0.109999 0.991349 0.0715994
v 87.5675 -22.0545 272.389
vn -0.284352 0.954717 0.0875168
v 82.9339 -22.8412 279.98
vn -0.127389 0.988883 0.076698
v 81.3758 -22.7868 281.923
vn -0.0187187 0.998803 0.0451914
v 97.1193 -22.5357 259.72
vn 0.0468455 0.9989 -0.00206048
v 97.0473 -22.6173 260.382
vn 0.185933 0.979867 -0.0727345
v 92.4712 -21.7221 265.288
vn -0.682964 -0.725622 0.0838562
v 61.2673 -73.8617 288.95
vn 0.92574 -0.374105 0.0552302
v 61.6948 -73.6586 288.974
vn 0.866886 -0.491004 0.0861615
v 61.5999 -73.7199 289.838
vn -0.800685 -0.560474 0.211597
v 60.3908 -72.6275 291.837
vn -0.836624 -0.465294 0.289072
v 60.3181 -72.3212 292.122
vn -0.371971 -0.927029 0.0474824
v 60.7103 -72.0792 294.437
vn -0.685785 -0.689084 0.234226
v 61.3048 -73.1314 293.468
vn 0.831729 -0.54611 0.0999546
v 61.7916 -72.8498 293.038
vn -0.731126 -0.596206 0.331652
v 61.276 -72.8105 294.128
vn 0.816816 -0.576635 0.0174073
v 63.6792 -69.6071 289.73
vn -0.724598 -0.64982 0.229548
v 58.0744 -69.0719 296.848
vn -0.837106 -0.456504 0.301426
v 58.2016 -68.4895 297.574
vn 0.773195 -0.634167 0.00163094
v 66.1635 -67.0662 285.428
vn -0.684976 -0.707467 0.174064
v 57.9865 -67.8029 299.503
vn -0.690351 -0.686523 0.228258
v 57.9762 -67.2268 301.205
vn -0.841147 -0.340158 0.420434
v 58.1569 -66.6973 301.649
vn 0.929472 0.35892 -0.0851975
v 66.3084 -66.4413 288.094
vn 0.834404 0.544515 -0.0852822
v 65.4412 -64.9657 291.494
vn -0.754232 -0.596713 0.273983
v 57.7021 -65.1591 303.268
vn -0.897309 -0.0375286 0.439805
v 56.4212 -63.5135 303.159
vn -0.850348 -0.423632 0.312161
v 56.3264 -63.162 303.069
vn -0.807673 -0.461709 0.366728
v 56.4505 -64.1573 303.223
vn -0.498818 -0.846468 0.186204
v 56.9228 -64.3557 303.797
vn -0.906496 -0.220122 0.360295
v 56.8624 -63.7551 304.241
vn -0.428205 -0.896465 0.113976
v 57.6336 -64.5761 304.308
vn -0.649873 -0.72382 0.231839
v 57.3837 -64.3465 304.843
vn -0.791318 -0.574511 0.209171
v 55.526 -60.6898 306.97
vn 0.714412 -0.699581 -0.0142061
v 66.3027 -59.511 290.914
vn 0.604379 -0.795152 -0.0496003
v 65.5699 -60.056 292.966
vn 0.926684 -0.328199 -0.183144
v 65.0193 -60.8183 295.142
vn 0.17399 -0.984354 0.0278392
v 69.6608 -58.3507 286.183
vn 0.0363496 -0.999229 -0.0148106
v 68.2537 -58.0643 287.423
vn -0.226829 -0.972802 0.0469608
v 68.6507 -58.1704 287.317
vn 0.641331 -0.766902 -0.0235878
v 66.7561 -58.6424 290.421
vn 0.728814 -0.684092 -0.0291411
v 66.0184 -59.6553 293.204
vn 0.285062 -0.957804 -0.0367606
v 72.991 -57.0723 280.377
vn 0.399295 -0.915703 -0.0452883
v 72.6269 -57.2801 282.625
vn 0.390645 -0.919542 -0.0428816
v 76.7419 -54.3522 278.217
vn -0.936767 -0.0303288 0.348638
v 55.3762 -51.8456 311.841
vn -0.937679 -0.179351 0.297642
v 55.8236 -51.7623 312.801
vn -0.890116 0.212261 0.403286
v 55.8569 -52.4439 313.22
vn 0.841924 -0.537845 -0.043433
v 78.1179 -53.7593 274.638
vn 0.752867 -0.65299 -0.0824272
v 78.4174 -53.2498 274.937
vn -0.926908 -0.275796 0.254514
v 55.3782 -50.9692 312.478
vn 0.606512 -0.791674 -0.073455
v 80.903 -50.4798 271.457
vn 0.472758 -0.881066 -0.0148849
v 81.9104 -50.3915 272.263
vn 0.289361 -0.955257 -0.0612728
v 81.3012 -50.5788 274.323
vn -0.913501 0.180566 0.36457
v 56.9419 -47.922 315.03
vn 0.665289 -0.746155 -0.0253601
v 83.3885 -49.239 270.612
vn 0.393369 -0.915902 -0.079897
v 87.6243 -45.8216 262.742
vn 0.140783 -0.98445 -0.105066
v 85.3964 -47.5498 266.788
vn 0.141523 -0.985982 -0.0883813
v 85.7925 -47.6153 267.028
vn 0.736337 -0.675762 -0.0339593
v 86.8253 -47.0383 266.888
vn 0.424358 -0.902956 0.0677531
v 87.3225 -46.2318 266.79
vn 0.135923 -0.98487 0.107503
v 87.481 -46.0449 267.571
vn -0.841259 0.406292 0.356666
v 58.0146 -42.0114 312.557
vn -0.632662 0.644586 0.429241
v 57.7749 -43.6969 314.346
vn -0.667018 0.597387 0.445215
v 57.8008 -44.4669 315.642
vn -0.865685 0.359203 0.348659
v 58.5896 -42.783 315.345
vn 0.974436 -0.220832 0.0413198
v 89.9059 -43.5808 261.14
vn 0.658616 -0.752086 -0.0243174
v 88.8004 -45.3753 263.41
vn 0.930885 -0.361984 0.0491988
v 89.3033 -44.715 264.712
vn 0.756263 -0.653854 0.0232604
v 90.5662 -41.9907 262.119
vn 0.387889 -0.921525 0.0182919
v 91.3132 -41.4812 262.877
vn 0.987832 -0.14465 0.0571275
v 89.5941 -43.4436 263.744
vn 0.743996 -0.667277 -0.0348024
v 90.0886 -42.6304 263.589
vn 0.884691 -0.466136 0.00625175
v 90.2304 -42.4781 264.753
vn 0.895176 -0.44012 0.0703828
v 90.4134 -41.9469 265.174
vn 0.674128 -0.735269 0.070217
v 90.6053 -41.6627 264.918
vn 0.364773 -0.931025 -0.0115907
v 93.4797 -39.9553 256.71
vn 0.348554 -0.936546 0.0373102
v 93.0176 -39.9571 259.234
vn 0.476055 -0.879403 0.00466887
v 91.7697 -41.3997 262.093
vn 0.397003 -0.913339 -0.0905538
v 113.513 -39.3109 224.864
vn -0.169133 -0.984865 -0.037884
v 111.352 -39.3668 231.278
vn 0.246814 -0.969061 -0.00176003
v 97.6413 -37.6839 251.328
vn 0.410855 -0.911699 0.00159498
v 96.5376 -38.0343 253.495
vn 0.59401 -0.801041 -0.0740593
v 95.4585 -38.7922 256.755
vn 0.378326 -0.925639 -0.00788721
v 96.2679 -38.0599 256.485
vn -0.489629 0.825864 0.279663
v 64.0285 -33.7032 311.837
vn 0.0444268 -0.998828 -0.0191934
v 115.219 -38.9113 222.352
vn 0.907105 -0.354325 -0.227188
v 116.983 -37.8364 222.627
vn 0.586556 -0.797261 -0.142575
v 116.694 -38.475 223.55
vn 0.0346917 -0.998309 -0.0466447
v 114.584 -38.7971 225.815
vn 0.157465 -0.987299 -0.0211203
v 113.923 -39.2615 227.204
vn 0.205034 -0.971407 -0.119707
v 113.643 -39.3156 228.216
vn 0.349493 -0.93075 -0.107508
v 114.438 -38.967 227.14
vn -0.633662 -0.77326 0.0232917
v 106.639 -38.0749 239.223
vn -0.50403 -0.863424 0.0212761
v 105.041 -36.9704 242.215
vn 0.359694 -0.930396 -0.0705974
v 100.324 -37.1201 247.987
vn 0.326179 -0.941089 -0.0892079
v 100.881 -36.7628 247.244
vn 0.333049 -0.934729 -0.123935
v 100.78 -36.9891 248.463
vn -0.0106724 -0.998103 -0.0606328
v 101.29 -36.7543 247.778
vn -0.562924 0.787447 0.251086
v 66.5501 -30.596 305.417
vn -0.50258 0.834326 0.226527
v 68.0102 -29.8869 307.636
vn 0.923213 0.303963 -0.235125
v 116.52 -33.7471 226.954
vn 0.70736 0.691934 -0.144462
v 116.584 -32.8503 227.217
vn -0.230846 0.972243 -0.0381197
v 69.3304 -28.5394 302.727
vn -0.21991 0.975478 0.00902091
v 69.0357 -28.462 303.245
vn -0.236415 0.970727 0.0424004
v 69.698 -28.4313 302.938
vn -0.322973 0.930026 0.175331
v 69.7763 -28.6051 304.397
vn 0.508941 0.857745 -0.0724662
v 114.029 -30.2789 232.216
vn 0.74053 0.635297 -0.219117
v 112.918 -28.9847 233.561
vn 0.47117 0.88029 -0.0555676
v 112.428 -28.4953 234.632
vn 0.590921 0.798744 -0.113223
v 112.911 -28.8481 234.246
vn 0.570634 0.814818 -0.102218
v 110.823 -27.0982 237.424
vn -0.496437 0.859763 0.119829
v 80.5132 -23.6134 286.991
vn -0.127426 0.989449 0.0689432
v 76.8173 -24.8429 292.225
vn -0.206345 0.976063 0.0687224
v 78.0845 -24.8085 292.628
vn 0.212997 0.976975 0.0123046
v 107.767 -25.9445 241.818
vn 0.436662 0.893262 -0.106817
v 108.053 -26.1227 244.224
vn 0.275907 0.960661 -0.0317129
v 106.271 -24.7667 246.09
vn 0.226624 0.972525 -0.0532555
v 100.947 -23.4399 255.418
vn 0.0469221 0.998856 -0.0091802
v 102.927 -23.9879 254.888
vn 0.304834 0.950104 -0.0661765
v 102.647 -23.8613 255.411
vn 0.0775161 0.99692 0.0119105
v 86.8181 -22.788 280.891
vn 0.127705 0.991446 0.0269486
v 84.7419 -22.7311 280.7
vn 0.000472608 0.996563 0.0828413
v 84.4538 -22.6313 281.221
vn -0.131537 0.991003 0.0247268
v 85.1771 -22.7074 280.607
vn 0.158812 0.984268 0.0774229
v 84.5744 -22.8103 282.705
vn 0.0318015 0.999247 -0.0222148
v 85.9692 -22.5994 281.771
vn -0.0279042 0.995052 0.0953599
v 84.3779 -22.988 284.7
vn -0.025767 0.996492 0.0796182
v 83.3173 -23.1422 285.129
vn 0.149478 0.988611 -0.0174651
v 104.738 -23.9674 251.067
vn 0.146866 0.988287 -0.0414694
v 98.7588 -22.5722 258.25
vn 0.318191 0.941693 -0.109405
v 94.8005 -22.0967 268.453
vn -0.701037 -0.664227 0.259518
v 61.1938 -72.2675 294.739
vn 0.0266588 -0.98642 0.162064
v 61.5693 -72.9852 294.315
vn -0.651243 -0.625708 0.429385
v 61.4883 -72.7213 294.598
vn 0.831054 -0.547348 0.0987943
v 61.7502 -72.664 294.4
vn -0.518861 -0.809041 0.276107
v 61.4124 -72.44 294.882
vn -0.397933 -0.838206 0.372908
v 61.6667 -72.4916 295.037
vn -0.362694 -0.931646 0.0221259
v 61.1599 -72.2193 295.415
vn -0.283247 -0.955877 0.0779103
v 61.0997 -72.2607 296.082
vn -0.243504 -0.962117 0.122621
v 61.6564 -72.3633 295.722
vn 0.619331 -0.765671 0.173713
v 61.9313 -72.2049 295.524
vn -0.521433 -0.832244 0.188354
v 60.9921 -71.7609 297.731
vn -0.147505 -0.973811 0.173013
v 61.9095 -71.8551 298.285
vn 0.846777 -0.527893 0.0655612
v 62.5624 -70.9938 297.212
vn 0.935013 -0.352925 -0.0345771
v 66.496 -66.5378 291.536
vn 0.991966 -0.0996826 -0.0778899
v 66.5264 -66.2321 291.533
vn 0.66929 0.738345 -0.0830506
v 65.8538 -65.283 292.463
vn 0.692673 0.716789 -0.0801143
v 66.5154 -65.6179 293.581
vn 0.965852 0.242439 -0.0914004
v 65.472 -64.0757 294.961
vn -0.701827 -0.696134 0.151117
v 57.8522 -63.5574 307.514
vn 0.990519 0.0513858 -0.127407
v 65.0386 -61.4585 295.2
vn 0.92919 -0.294438 -0.223412
v 65.1523 -60.9024 295.577
vn 0.864524 -0.472443 -0.171453
v 65.3121 -60.6431 295.654
vn 0.729195 -0.682184 -0.0538421
v 65.4699 -60.3426 295.337
vn 0.868595 -0.494168 -0.036603
v 65.5712 -60.1392 296.122
vn 0.94166 -0.310089 -0.130849
v 65.3913 -60.7454 296.418
vn 0.996025 -0.0333559 -0.0825923
v 65.6163 -60.7633 298.993
vn -0.0365747 -0.999249 0.012769
v 69.5257 -58.2066 290.641
vn 0.522091 -0.852453 -0.0272737
v 67.3394 -58.4097 292.851
vn 0.111426 -0.991716 0.0638959
v 67.6345 -58.3226 293.021
vn -0.0425648 -0.99579 0.0811767
v 67.9601 -58.3296 293.087
vn 0.0508418 -0.995742 0.076902
v 67.7684 -58.2438 293.445
vn 0.0075265 -0.999954 0.00588991
v 68.7447 -58.376 292.987
vn -0.0947702 -0.995339 -0.0178483
v 68.2365 -58.3213 294.429
vn 0.650997 -0.758104 -0.038479
v 66.2976 -59.6209 295.117
vn -0.908989 -0.233634 0.345187
v 56.8445 -58.7543 313.688
vn 0.292417 -0.955632 -0.0354972
v 73.987 -57.123 285.873
vn 0.292594 -0.954166 -0.0628946
v 71.874 -58.0326 288.178
vn 0.483878 -0.874917 -0.0195579
v 72.9845 -57.2928 287.387
vn 0.50803 -0.859658 -0.0537909
v 72.3433 -57.9572 289.153
vn -0.949195 -0.135893 0.283833
v 56.9617 -54.9222 315.807
vn 0.251152 -0.9675 -0.0294241
v 77.8444 -54.4279 278.849
vn -0.119478 -0.99282 -0.00578778
v 77.5439 -54.3728 281.146
vn 0.895304 -0.441821 -0.0567839
v 76.5347 -55.4483 283.336
vn 0.624147 -0.779772 -0.0489545
v 76.1809 -55.9986 283.587
vn 0.67384 -0.737842 -0.0390888
v 76.6525 -54.9273 284.041
vn -0.940411 -0.164895 0.297383
v 56.6499 -54.2134 315.92
vn -0.941423 -0.200515 0.271138
v 56.5561 -52.0205 316.255
vn 0.615928 -0.787469 -0.0229113
v 78.0662 -54.3318 280.329
vn -0.929614 0.0589858 0.363782
v 56.4625 -51.3693 316.302
vn -0.896423 0.208804 0.39093
v 56.9533 -50.6435 317.004
vn 0.605357 -0.795839 0.0135524
v 81.8387 -50.361 276.767
vn 0.737018 -0.675796 -0.0102436
v 80.8268 -51.2028 278.674
vn 0.568585 -0.822201 -0.0264086
v 84.3972 -48.4072 271.852
vn 0.572702 -0.819543 0.0189877
v 82.8187 -49.4097 276.932
vn -0.888989 0.251772 0.382505
v 57.9788 -45.6169 317.14
vn 0.325943 -0.945362 0.00723702
v 87.8123 -46.034 267.068
vn 0.852089 -0.521706 0.0420363
v 86.6781 -47.2054 268.926
vn 0.56627 -0.823968 -0.0203571
v 86.1776 -47.6481 269.36
vn 0.241804 -0.968051 -0.066394
v 85.4325 -47.8587 271.03
vn 0.988861 -0.136654 0.0589895
v 86.7264 -46.5277 271.355
vn 0.95059 -0.30984 0.0194252
v 86.6754 -46.8624 271.699
vn 0.389703 -0.920915 -0.00677358
v 85.7039 -47.9018 272.944
vn 0.998564 0.0463429 0.0268567
v 86.6759 -46.6916 273.086
vn -0.58627 0.665186 0.462402
v 58.2415 -44.299 315.802
vn 0.232544 -0.9709 0.0572486
v 88.1196 -45.9553 268.995
vn 0.954969 -0.27941 0.0998195
v 88.9616 -44.396 268.684
vn 0.771399 -0.630838 0.0835941
v 88.4823 -45.6727 270.24
vn 0.803752 -0.593617 0.0400267
v 89.7218 -43.111 266.245
vn 0.824504 -0.564194 0.0433484
v 90.0346 -42.9065 266.417
vn 0.733231 -0.669202 0.120583
v 89.6297 -42.7992 269.575
vn 0.904393 -0.406495 0.129752
v 89.7078 -42.3127 270.728
vn -0.737523 0.574885 0.354355
v 61.0228 -38.429 314.936
vn 0.644404 -0.764083 0.0303455
v 92.7249 -39.972 263.259
vn 0.818884 -0.57376 0.0151364
v 92.1107 -40.908 265.489
vn 0.490572 -0.870003 0.0493298
v 90.4345 -41.576 267.609
vn 0.768182 -0.635966 0.0737755
v 90.1012 -41.6749 269.517
vn -0.7171 0.598588 0.357015
v 62.075 -37.5036 315.146
vn -0.589599 -0.807674 0.005963
v 107.469 -38.9608 240.132
vn -0.473807 -0.880549 -0.0118396
v 107.939 -39.1938 240.429
vn 0.305415 -0.952149 -0.0115521
v 94.6035 -39.7851 263.316
vn 0.067563 -0.995658 -0.0640292
v 115.561 -39.0264 228.863
vn 0.0590503 -0.994894 -0.0818434
v 113.951 -39.5951 230.044
vn -0.271174 -0.962527 0.00240185
v 113.717 -39.519 230.949
vn 0.358223 -0.92652 -0.115055
v 114.602 -39.2092 229.705
vn -0.641598 -0.766805 -0.0190215
v 106.134 -37.9392 243.461
vn -0.52609 -0.849375 -0.0423323
v 106.975 -38.3678 243.643
vn 0.0702266 -0.996871 -0.0362943
v 104.133 -37.0996 246.057
vn -0.213315 -0.97651 -0.0304167
v 105.036 -36.8189 245.875
vn -0.730431 -0.682842 0.0140338
v 105.912 -37.5042 246.446
vn 0.10501 -0.994275 0.0197589
v 97.526 -37.7798 259.314
vn 0.966481 0.0867374 -0.241644
v 117.967 -35.631 225.853
vn 0.950878 -0.0550395 -0.304632
v 117.269 -33.5772 229.26
vn 0.843851 0.513613 -0.1553
v 117.437 -34.3067 229.756
vn -0.444538 0.880138 0.16656
v 70.1787 -29.0043 307.115
vn -0.398449 0.897445 0.189289
v 69.6553 -29.4148 308.232
vn 0.538615 0.837849 -0.088893
v 115.163 -30.7894 231.879
vn -0.2087 0.968897 0.132977
v 76.9967 -25.886 299.056
vn 0.0708068 0.988816 0.13126
v 112.529 -28.79 237.863
vn 0.269802 0.961432 0.0534397
v 113.239 -28.7463 237.933
vn 0.190024 0.980315 0.0535971
v 110.114 -27.2876 242.614
vn -0.510007 0.849285 0.136408
v 80.7738 -24.3312 292.097
vn -0.286885 0.950037 0.122992
v 80.8867 -24.7494 294.643
vn 0.0233838 0.997535 0.0661575
v 80.0716 -24.609 294.847
vn 0.184528 0.980773 0.0635125
v 111.029 -27.2525 241.757
vn 0.511989 0.850571 -0.119981
v 109.789 -27.1476 243.11
vn 0.252367 0.965295 -0.0672009
v 105.951 -24.3383 250.417
vn 0.376192 0.923544 -0.0744689
v 106.698 -24.7069 250.189
vn 0.469759 0.872537 -0.134184
v 107.178 -24.9086 250.489
vn 0.236771 0.969376 -0.065185
v 106.344 -24.3418 252.751
vn 0.0553694 0.99782 0.0359043
v 104.636 -23.7872 253.442
vn 0.0301222 0.997481 0.0642236
v 105.078 -24.1673 255.482
vn 0.254492 0.957537 -0.135489
v 104.288 -23.9418 255.695
vn 0.116788 0.991916 -0.0496391
v 97.4071 -22.0836 265.457
vn 0.0950047 0.995416 -0.0110473
v 95.4399 -22.2946 268.499
vn 0.13106 0.991152 -0.0210095
v 94.9668 -21.7945 271.33
vn -0.0873354 0.993464 0.0734945
v 94.3549 -21.9288 273.424
vn 0.132714 0.991153 -0.00180423
v 93.2175 -21.8049 274.137
vn 0.163984 0.98638 -0.0127661
v 93.9723 -21.9867 274.6
vn -0.111557 0.992537 0.0492437
v 90.6171 -21.9601 276.447
vn 0.0314726 0.998729 0.0393594
v 92.231 -21.7571 276.345
vn -0.658083 -0.703137 0.269305
v 61.5549 -71.7293 299.814
vn -0.697803 -0.6805 0.223588
v 61.2493 -71.15 300.64
vn 0.656457 -0.74421 0.123353
v 62.2281 -71.0252 301.513
vn -0.767175 -0.544514 0.339038
v 61.608 -70.1946 303.584
vn 0.854871 -0.518763 0.00898257
v 66.695 -66.2673 294.435
vn 0.826053 0.563356 -0.0163224
v 66.8109 -65.9526 294.101
vn 0.9474 -0.319297 0.0219855
v 66.7537 -66.0809 295.506
vn 0.776605 0.627813 -0.0522913
v 66.4726 -65.6497 296.007
vn 0.890965 -0.452866 -0.0330851
v 66.6736 -66.1978 296.866
vn 0.804126 0.571019 -0.165281
v 66.7379 -65.9042 296.883
vn 0.768049 0.611056 -0.191602
v 66.4719 -65.3261 297.383
vn 0.9622 -0.261705 -0.0753773
v 66.9301 -65.7294 297.685
vn 0.861713 -0.506432 0.0312808
v 66.8389 -66.0497 298.004
vn -0.691277 -0.693216 0.203932
v 59.6743 -65.2285 308.371
vn -0.817215 -0.521639 0.245056
v 59.2453 -64.7562 310.18
vn 0.823042 0.557069 -0.110799
v 66.2139 -64.9119 297.899
vn 0.862088 0.500242 -0.0810089
v 66.6244 -65.3967 298.878
vn 0.830745 0.531541 -0.165309
v 66.6219 -65.204 299.563
vn -0.747987 -0.623041 0.228769
v 58.0214 -63.4039 309.706
vn -0.589063 -0.802556 0.0943889
v 58.3324 -62.2388 312.254
vn -0.888379 -0.332687 0.31639
v 57.3287 -60.7084 312.969
vn 0.645996 -0.759029 -0.081018
v 65.7193 -60.3006 300.305
vn -0.928981 -0.254201 0.26903
v 57.0999 -57.079 314.995
vn 0.0516855 -0.996125 0.0711592
v 73.7071 -57.0449 288.15
vn 0.161015 -0.986952 0.000278579
v 71.5597 -58.284 291.508
vn 0.774629 -0.625388 -0.0940215
v 72.9278 -57.5083 292.268
vn 0.274323 -0.960747 -0.0413831
v 72.6153 -57.8669 293.589
vn 0.0356119 -0.998056 0.0511372
v 71.2464 -58.1158 294.459
vn 0.00372077 -0.998801 -0.0488045
v 69.2289 -58.4197 296.427
vn -0.947081 -0.0163111 0.320581
v 57.0724 -55.9482 316.297
vn -0.872613 -0.42666 0.237714
v 57.0761 -54.7194 316.56
vn -0.0909125 -0.990593 0.102278
v 74.2378 -56.7961 291.597
vn -0.923902 -0.346694 0.161889
v 57.1489 -53.2351 317.196
vn -0.927535 -0.167027 0.334337
v 57.0799 -52.0529 317.769
vn -0.925413 0.0666811 0.373048
v 57.8065 -53.3442 319.419
vn -0.934481 -0.179515 0.307442
v 58.0666 -54.6599 319.246
vn 0.763475 -0.644469 -0.0420079
v 80.1127 -52.7846 280.812
vn 0.149797 -0.988326 0.0277784
v 77.787 -54.3488 283.738
vn 0.467378 -0.883226 0.038349
v 78.2377 -54.1646 284.307
vn 0.363272 -0.931446 0.0210245
v 77.5404 -54.2074 287.78
vn -0.890451 0.184164 0.416151
v 57.9715 -52.1777 319.827
vn 0.674808 -0.737672 -0.0217909
v 80.8007 -51.168 281.455
vn 0.624922 -0.780563 -0.0138934
v 81.5029 -50.8205 282.174
vn -0.868609 0.284453 0.405716
v 58.0326 -49.8774 318.68
vn -0.92056 0.130136 0.368285
v 58.7211 -49.3605 320.841
vn 0.697444 -0.716057 0.0288757
v 82.4814 -49.5663 279.542
vn 0.384366 -0.922416 0.0375763
v 82.8529 -49.2694 281.491
vn -0.71628 0.527868 0.456398
v 58.8483 -45.7081 318.586
vn 0.932797 -0.360321 0.00768175
v 86.6582 -47.0037 273.116
vn 0.998168 -0.00892796 0.0598487
v 86.6321 -46.8943 275.174
vn 0.446444 -0.893253 0.0527888
v 85.7159 -47.734 276.788
vn 0.729696 -0.6801 0.0707736
v 86.1892 -47.5143 276.355
vn 0.611964 -0.790886 0.000328873
v 84.9256 -48.1537 277.02
vn 0.673728 -0.73817 0.0345715
v 84.6388 -48.5887 279.008
vn 0.625607 -0.772992 0.105355
v 85.5836 -47.5883 278.798
vn -0.876841 0.292672 0.381436
v 59.3679 -45.2937 319.177
vn 0.995858 0.0104914 0.090312
v 86.479 -46.1333 274.328
vn -0.0606808 -0.991606 0.114176
v 87.5265 -45.3733 273.848
vn 0.0626665 -0.992613 0.103886
v 87.2318 -45.2959 274.366
vn 0.276093 -0.952038 0.131897
v 87.9468 -45.4003 273.75
vn 0.886592 -0.442747 0.133898
v 88.3351 -44.8266 274.64
vn 0.955941 -0.268098 0.119582
v 86.4963 -45.6155 275.351
vn -0.0695626 -0.993969 0.0847696
v 87.4614 -45.268 275.201
vn 0.202324 -0.971066 0.126871
v 86.785 -44.9194 278.272
vn 0.811289 -0.582583 0.0490708
v 89.3517 -42.4034 272.622
vn 0.845948 -0.524083 0.0985335
v 88.9031 -42.9485 273.093
vn 0.654953 -0.755263 -0.0247704
v 95.8916 -39.0443 264.047
vn -0.0668674 -0.996917 0.0410449
v 94.3437 -39.6884 267.352
vn -0.0318157 -0.999014 0.0309492
v 93.7987 -39.5459 267.717
vn 0.0243338 -0.999296 0.0285564
v 94.5694 -39.674 268.186
vn -0.414354 0.857274 0.305601
v 65.7267 -34.8169 316.778
vn -0.61184 0.720398 0.326617
v 64.2911 -35.4853 316.671
vn -0.408118 0.849171 0.335184
v 65.2052 -35.3461 317.905
vn 0.318894 -0.94346 -0.0905024
v 117.522 -38.9349 229.325
vn 0.596193 -0.789939 -0.143356
v 118.269 -38.6686 230.058
vn -0.218121 -0.97592 -0.00202329
v 114.284 -39.687 234.098
vn -0.154051 -0.988004 -0.0108091
v 113.24 -39.8847 238.039
vn 0.00695041 -0.989702 -0.142973
v 109.351 -39.6125 244.449
vn -0.58058 -0.81342 -0.0357012
v 105.808 -37.4543 250.798
vn -0.154113 -0.986147 -0.0613543
v 103.876 -37.4589 251.528
vn -0.27039 -0.958174 -0.0937608
v 102.632 -37.4214 255.332
vn -0.487915 -0.871315 -0.0524301
v 100.185 -37.7553 256.698
vn 0.351663 -0.930412 -0.103278
v 101.247 -37.7611 255.581
vn -0.0613133 -0.994918 -0.0798676
v 100.649 -38.0107 256.993
vn 0.231979 -0.967358 -0.102003
v 102.004 -37.3963 256.356
vn -0.156515 -0.987036 -0.0355315
v 99.5595 -37.5612 258.41
vn 0.199662 -0.979865 0.000308689
v 99.2151 -37.6098 258.936
vn -0.431971 -0.901509 -0.0261224
v 100.149 -37.9777 260.191
vn -0.547643 -0.836325 -0.025451
v 99.8482 -37.7581 261.396
vn 0.733126 -0.679903 -0.0160912
v 97.0718 -37.7592 262.891
vn -0.586757 0.754239 0.294684
v 66.5665 -34.2926 316.891
vn 0.862514 -0.467767 -0.193037
v 118.986 -37.9814 230.49
vn 0.528703 0.848804 -0.00228301
v 118.426 -34.9987 231.329
vn 0.515274 0.856761 0.0213169
v 118.375 -35.0087 231.999
vn -0.436136 0.882757 0.174718
v 71.712 -28.4599 309.039
vn 0.900332 0.373412 -0.223532
v 118.265 -33.5434 232.177
vn 0.677448 0.723281 -0.1339
v 117.787 -32.3966 234.609
vn 0.412817 0.910808 -0.00320198
v 116.076 -31.0735 235.593
vn -0.134675 0.984639 0.111127
v 76.4886 -26.3873 303.338
vn -0.368512 0.914874 0.164938
v 75.1386 -27.067 304.332
vn 0.645379 0.752881 -0.129061
v 115.184 -30.0013 238.833
vn 0.0263029 0.996682 0.0770233
v 80.9524 -24.9519 296.797
vn 0.212886 0.977064 -0.00503835
v 109.845 -26.5202 247.646
vn 0.704214 0.669733 -0.23567
v 111.555 -27.1188 248.709
vn 0.209687 0.977134 0.0352099
v 108.201 -25.0928 251.113
vn -0.23345 0.966415 0.107438
v 85.8049 -23.1722 288.238
vn -0.147348 0.984755 0.0924478
v 86.5959 -22.9085 289.515
vn -0.300462 0.946181 0.120267
v 82.0547 -23.9072 293.879
vn -0.492946 0.858296 0.142593
v 81.8352 -24.5212 297.407
vn 0.479327 0.853184 -0.205725
v 107.676 -24.5586 252.86
vn 0.718602 0.606048 -0.341054
v 108.574 -25.1679 253.44
vn 0.0241109 0.999411 -0.0243996
v 104.786 -23.7519 257.378
vn 0.426156 0.88736 -0.17602
v 106.028 -23.9485 258.832
vn 0.151403 0.988318 -0.0174617
v 104.448 -24.0837 260.7
vn -0.172287 0.979524 0.104167
v 105.118 -23.9657 259.691
vn 0.186969 0.981722 -0.0355655
v 101.749 -22.8772 264.252
vn 0.243217 0.967842 -0.0642474
v 97.2619 -22.2855 274.482
vn 0.0758573 0.996423 0.037248
v 93.9152 -22.1419 279.475
vn 0.132093 0.991203 0.00826152
v 94.9456 -22.0649 278.334
vn 0.6557 -0.750014 0.0868106
v 62.9181 -69.5713 306.769
vn -0.695243 -0.672901 0.25267
v 62.3948 -69.6154 306.81
vn 0.772308 -0.635206 0.00738796
v 66.637 -66.1229 299.288
vn 0.891554 -0.451753 0.0324224
v 66.8328 -65.8401 299.035
vn 0.820792 -0.553587 -0.140861
v 66.8329 -65.883 299.45
vn 0.771434 -0.634976 -0.041165
v 66.8727 -65.9272 299.765
vn 0.652234 -0.757128 0.0367077
v 66.2853 -66.2715 301.889
vn -0.75593 -0.636079 0.154831
v 60.8127 -65.9872 310.853
vn -0.662801 -0.727294 0.178153
v 60.0408 -65.1615 311.384
vn 0.870453 0.377538 -0.315875
v 66.8712 -65.5911 299.557
vn 0.843231 -0.533265 -0.067746
v 67.0411 -65.6696 299.833
vn 0.915593 0.395439 -0.0729258
v 66.8673 -65.3648 300.421
vn 0.709058 -0.705056 0.0115311
v 66.939 -65.7436 300.84
vn 0.63137 -0.775304 -0.0165746
v 66.9066 -65.8048 301.525
vn 0.930861 0.364904 -0.0185223
v 66.8496 -64.9436 302.479
vn 0.751876 -0.657357 0.0506274
v 66.6466 -65.8935 303.126
vn 0.687375 -0.722564 0.0735979
v 67.1278 -65.615 302.1
vn 0.960752 0.277083 0.0134423
v 66.9595 -65.3725 303.275
vn -0.587226 -0.799623 0.125571
v 59.1543 -62.6185 314.87
vn -0.71223 -0.677535 0.183504
v 60.0935 -63.0891 315.464
vn 0.993353 0.0956148 -0.0640916
v 66.1193 -61.2096 304.923
vn 0.987917 -0.0443256 -0.148513
v 66.2426 -62.5204 305.091
vn 0.930454 0.355421 -0.0890523
v 66.2834 -63.1683 305.162
vn 0.988787 0.12345 -0.0840216
v 66.3575 -61.9274 305.467
vn -0.755993 -0.612317 0.231391
v 59.1504 -62.2112 316.238
vn 0.722722 -0.682832 -0.106838
v 67.531 -59.0229 304.068
vn 0.899649 -0.396982 -0.181762
v 66.2296 -60.9992 305.614
vn 0.870399 -0.462119 -0.169857
v 66.5888 -60.8904 306.579
vn 0.922467 -0.372232 -0.102456
v 73.3916 -57.2598 294.625
vn -0.0654777 -0.997677 0.0188004
v 72.1004 -58.0106 296.709
vn 0.361048 -0.929341 -0.07726
v 73.2824 -57.9985 296.003
vn 0.591399 -0.804608 0.0534164
v 73.5032 -57.835 296.833
vn 0.152677 -0.986845 0.0531722
v 72.9707 -58.1761 297.59
vn 0.256413 -0.96498 -0.0553784
v 69.5281 -58.6095 298.719
vn 0.263448 -0.963711 -0.0430886
v 70.2656 -58.291 298.311
vn 0.245854 -0.966329 -0.0759264
v 67.9143 -58.5851 303.704
vn 0.456345 -0.879526 -0.134846
v 68.0257 -58.7954 305.185
vn -0.0713899 -0.994738 -0.0734826
v 68.3718 -58.6984 304.684
vn -0.861358 0.26879 0.431061
v 58.3311 -56.3087 319.241
vn -0.915031 -0.27469 0.295405
v 58.3619 -57.318 319.797
vn -0.897464 0.132911 0.420587
v 58.663 -57.1737 320.583
vn 0.845551 -0.533582 -0.0182324
v 76.7015 -55.7006 291.237
vn 0.195169 -0.979511 0.0496663
v 74.7749 -56.9655 291.23
vn 0.803803 -0.589025 -0.08337
v 73.4521 -56.8557 293.583
vn 0.228219 -0.971484 0.0642958
v 73.671 -56.6277 293.794
vn 0.0487861 -0.994962 0.0875832
v 74.5081 -56.3536 295.575
vn -0.932028 -0.184936 0.311645
v 57.9456 -54.07 319.965
vn -0.889814 -0.303682 0.3406
v 59.0451 -54.9051 321.872
vn 0.766201 -0.642597 0.00208675
v 77.0885 -54.3496 292.419
vn 0.967834 -0.251563 0.00366357
v 76.8559 -55.0087 293.378
vn -0.918459 0.0905034 0.385022
v 58.9926 -50.7535 321.382
vn -0.914162 0.0391142 0.403457
v 58.5812 -52.8377 321.435
vn 0.845336 -0.533592 0.0262053
v 80.4664 -51.5196 285.813
vn 0.697622 -0.716356 0.0125535
v 79.1791 -53.1888 290.432
vn 0.691242 -0.722619 0.00247143
v 80.8215 -50.9902 288.803
vn 0.765777 -0.641915 0.03913
v 81.0988 -50.773 288.952
vn -0.747707 0.443232 0.494448
v 59.834 -47.2799 321.865
vn -0.821452 0.349242 0.450829
v 60.3286 -46.821 322.096
vn 0.933322 -0.3489 0.0847249
v 84.5034 -48.0271 283.085
vn 0.781293 -0.606077 0.14917
v 84.8111 -47.4314 282.526
vn 0.578766 -0.813205 0.0610557
v 83.9127 -48.8413 284.191
vn 0.155767 -0.977982 0.138878
v 87.351 -44.9903 277.914
vn -0.035712 -0.989863 0.13746
v 87.055 -44.9173 278.433
vn 0.591881 -0.787632 0.171208
v 87.5692 -44.7085 278.724
vn 0.931778 -0.33454 0.14097
v 85.7062 -45.3905 281.512
vn 0.818235 -0.561646 0.122659
v 85.8435 -44.8429 281.904
vn 0.973607 0.226256 0.0299729
v 86.0449 -46.1089 281.416
vn 0.977003 -0.200239 0.0732703
v 86.0498 -46.4382 281.547
vn 0.982566 0.138149 0.124411
v 86.0656 -46.1891 282.134
vn 0.892658 0.437523 0.108325
v 85.9348 -45.9121 282.036
vn 0.845558 -0.503066 0.178762
v 85.9034 -46.5204 282.761
vn -0.767473 0.481895 0.422804
v 62.6428 -41.9364 322.975
vn 0.508663 -0.860128 0.0379759
v 90.7239 -41.2977 275.809
vn 0.701939 -0.708831 0.0695654
v 91.4854 -40.756 277.973
vn -0.140943 -0.984935 -0.100195
v 109.01 -39.9047 246.017
vn 0.787188 -0.616267 0.0234376
v 95.9307 -38.933 268.943
vn 0.582544 -0.812144 0.0326229
v 95.5632 -39.3447 270.935
vn 0.883307 -0.465814 0.0527861
v 92 -40.0412 275.669
vn -0.523364 0.775537 0.353033
v 66.2276 -35.1584 318.151
vn -0.704708 0.581735 0.406166
v 65.3178 -36.4516 320.056
vn -0.268518 0.904237 0.332044
v 66.1796 -35.5342 319.199
vn -0.0366366 -0.998718 0.0349216
v 115.27 -39.885 237.149
vn -0.115098 -0.985208 -0.126954
v 115.251 -39.7876 237.83
vn 0.221378 -0.969726 -0.103073
v 115.674 -39.8042 237.734
vn -0.149159 -0.988677 -0.0164091
v 114.312 -39.6902 237.614
vn 0.0901177 -0.993335 -0.0718608
v 113.896 -39.8644 238.778
vn -0.144705 -0.978799 -0.144959
v 114.913 -39.8579 238.334
vn -0.0879632 -0.995851 -0.0233163
v 114.444 -39.8334 239.102
vn -0.140043 -0.979554 -0.144437
v 115.315 -39.946 238.23
vn -0.134305 -0.990822 -0.0152627
v 111.966 -39.408 242.144
vn 0.165054 -0.984295 -0.0626109
v 111.459 -39.5574 242.873
vn -0.0183327 -0.996417 -0.082569
v 110.717 -39.713 244.571
vn -0.762476 -0.646638 -0.0221166
v 106.843 -38.854 251.297
vn -0.748567 -0.662055 -0.0364926
v 106.176 -37.8833 252.929
vn -0.417049 -0.903881 -0.0952308
v 105.804 -37.7409 254.797
vn -0.262657 -0.958866 -0.107643
v 103.131 -37.7691 256.705
vn -0.0388336 -0.994793 -0.094226
v 103.633 -37.8947 257.013
vn 0.106117 -0.993412 -0.0432704
v 101.438 -38.2333 261.677
vn -0.20329 -0.978808 -0.0246563
v 99.4242 -37.6301 263.933
vn -0.307052 -0.951377 -0.0245123
v 100.276 -38.0229 264.119
vn -0.539749 0.782553 0.310292
v 67.6145 -34.1092 318.902
vn -0.592838 0.74539 0.304856
v 69.0864 -32.2961 315.799
vn -0.704176 0.640232 0.306983
v 69.9375 -31.4342 316.115
vn -0.528989 0.801229 0.279647
v 70.4433 -30.9602 316.169
vn 0.594031 0.804141 -0.0220282
v 119.412 -35.538 233.005
vn 0.398959 0.91409 0.0725999
v 119.624 -35.7691 234.898
vn 0.426637 0.904165 0.0215968
v 117.509 -31.7936 239.998
vn 0.695294 0.710155 -0.110667
v 116.961 -31.4422 239.895
vn 0.651075 0.752044 -0.102623
v 116.617 -30.8374 240.797
vn 0.141754 0.978862 0.147426
v 115.248 -29.9322 244.115
vn 0.838157 0.478868 -0.26111
v 114.962 -29.8077 244.985
vn 0.00563964 0.996093 0.0881346
v 81.1654 -25.2924 302.197
vn -0.302181 0.945584 0.120651
v 81.9446 -25.1785 301.603
vn -0.0177604 0.995814 0.089659
v 77.9173 -26.831 307.72
vn 0.566868 0.811645 -0.141045
v 113.893 -28.3916 245.995
vn 0.231679 0.972514 -0.0232667
v 112.793 -27.8134 248.097
vn 0.47978 0.867703 -0.13001
v 111.57 -26.905 249.402
vn 0.157506 0.987372 0.016992
v 111.502 -26.8087 250.754
vn 0.546493 0.823595 -0.15178
v 111.647 -26.8192 252.89
vn -0.252745 0.95859 0.131246
v 86.3 -24.2418 295.733
vn 0.0731334 0.994478 0.0752605
v 83.6437 -24.0822 297.128
vn 0.817846 0.37512 -0.436364
v 109.784 -25.3092 255.57
vn 0.802608 0.445736 -0.396408
v 110.319 -25.6955 256.267
vn 0.407447 0.899026 -0.160435
v 106.595 -24.3925 258.852
vn 0.0289245 0.997785 0.0598967
v 106.269 -23.9289 261.424
vn 0.26572 0.962988 -0.0452484
v 104.783 -24.0755 261.948
vn -0.0867791 0.988111 0.126913
v 105.447 -24.1884 262.002
vn -0.121934 0.974982 0.185853
v 106.66 -24.1059 263.069
vn 0.191243 0.981359 -0.0189717
v 103.09 -22.9153 268.903
vn 0.110704 0.99344 0.0286563
v 99.9824 -22.6868 274.033
vn -0.107815 0.988879 0.102441
v 96.4989 -22.0677 278.211
vn 0.969724 -0.23582 -0.0634344
v 66.9505 -65.4421 303.975
vn 0.953983 0.274522 -0.120638
v 66.9074 -65.124 303.926
vn 0.86024 -0.509817 0.00859341
v 67.0948 -65.3593 305.804
vn 0.997844 0.0262634 -0.0601514
v 67.1991 -65.0437 305.494
vn 0.916677 0.390433 -0.0852341
v 67.095 -64.7141 305.642
vn 0.713039 -0.700744 0.0231089
v 66.9119 -65.4393 307.101
vn 0.951032 -0.308875 -0.0115764
v 67.1305 -65.1647 306.861
vn 0.961458 0.26061 -0.0876395
v 67.1204 -64.8444 306.832
vn -0.750039 -0.616709 0.238981
v 60.7231 -65.1003 313.885
vn -0.770668 -0.57377 0.277234
v 61.7272 -64.888 316.55
vn 0.970651 0.18405 -0.154796
v 66.5761 -63.7035 306.466
vn 0.93579 0.351392 0.0286475
v 66.4611 -62.5371 307.672
vn 0.986971 -0.058485 -0.149894
v 66.4353 -62.2613 308.118
vn 0.972874 0.224098 -0.0574139
v 66.6856 -63.3601 308.915
vn -0.885219 -0.244866 0.395509
v 59.8044 -61.3416 318.125
vn -0.881507 -0.26761 0.389013
v 60.0072 -62.3717 318.392
vn -0.890182 -0.0602045 0.451609
v 60.5591 -62.0215 319.513
vn 0.886431 -0.437095 -0.152278
v 67.1264 -60.4611 310.018
vn -0.862553 -0.380198 0.333845
v 59.5791 -59.8312 319.359
vn -0.776634 -0.562538 0.283533
v 59.9324 -59.5866 320.713
vn 0.0426458 -0.998263 0.040652
v 72.6465 -57.8726 299.474
vn 0.135529 -0.983002 0.123848
v 72.8972 -57.7731 300.316
vn 0.218726 -0.975716 -0.0117165
v 71.5323 -58.0457 300.572
vn 0.507912 -0.857842 -0.0783094
v 72.0033 -58.1628 303.311
vn 0.345295 -0.936453 -0.0618686
v 70.1157 -58.6709 305.459
vn 0.0808141 -0.991296 -0.103927
v 68.5609 -58.8578 307.258
vn -0.0386748 -0.996709 -0.071241
v 68.9605 -58.9549 307.153
vn -0.865675 0.137548 0.481339
v 59.7527 -57.7362 322.922
vn -0.895056 0.0577259 0.442202
v 59.9174 -57.1378 322.744
vn -0.878388 -0.323382 0.351935
v 59.8194 -58.0736 322.956
vn 0.439695 -0.897715 0.0278475
v 76.2244 -56.1561 294.117
vn 0.859586 -0.509101 0.0439216
v 76.6681 -55.7202 294.717
vn 0.948204 -0.317627 -0.00462621
v 73.661 -57.0896 298.294
vn 0.107562 -0.987947 0.111316
v 75.6256 -56.2686 297.984
vn 0.505616 -0.847913 0.159363
v 75.9297 -56.1724 298.159
vn 0.127142 -0.988948 0.0762714
v 74.6207 -56.0704 299.121
vn 0.786987 -0.616378 -0.0270154
v 74.0783 -56.2617 301.261
vn 0.310125 -0.942135 0.127296
v 75.5096 -55.8871 299.637
vn 0.606587 -0.793598 0.0474774
v 73.2606 -57.3883 302.329
vn 0.366379 -0.930377 -0.0128717
v 77.8993 -53.9863 292.675
vn 0.478407 -0.878132 -0.00329228
v 78.7429 -53.7697 294.413
vn 0.454968 -0.890499 -0.00396362
v 77.5648 -54.0544 297.331
vn 0.873059 -0.486545 0.032272
v 76.6993 -55.1092 297.841
vn 0.513735 -0.83749 0.186242
v 75.9651 -55.6975 299.545
vn 0.77294 -0.633349 0.037851
v 80.5416 -51.352 290.062
vn 0.784986 -0.619021 0.0246739
v 79.2605 -53.3019 294.338
vn -0.831613 0.307901 0.462186
v 60.8934 -49.8411 325.385
vn -0.922129 -0.00985015 0.386758
v 60.6267 -51.3497 325.537
vn 0.747747 -0.662061 0.0504914
v 81.6486 -49.2889 291.272
vn 0.866302 -0.496805 0.052009
v 81.399 -49.869 291.515
vn -0.761459 0.406962 0.504542
v 60.6086 -48.3307 323.745
vn 0.989804 -0.0800249 0.117827
v 84.266 -47.3925 286.747
vn 0.86861 -0.478992 0.126823
v 84.2414 -48.3336 286.8
vn 0.98007 -0.11647 0.16093
v 84.1131 -47.7999 288.084
vn 0.482217 -0.87117 0.0923619
v 82.6861 -48.6384 291.144
vn 0.797091 -0.603286 0.0262984
v 81.6691 -49.2345 293.73
vn 0.703453 -0.690682 0.167668
v 82.9214 -48.2352 292.654
vn 0.951495 0.120949 0.282895
v 85.0868 -46.2748 285.755
vn 0.898495 -0.393981 0.193613
v 84.3538 -46.8272 287.108
vn 0.92474 -0.325031 0.198016
v 84.5412 -45.9809 287.508
vn -0.824723 0.377105 0.421454
v 62.328 -44.204 324.528
vn 0.371885 -0.917844 0.138796
v 86.6279 -43.9847 284.409
vn 0.797011 -0.590059 0.128857
v 87.2396 -43.626 284.398
vn -0.702984 0.565987 0.430664
v 64.951 -40.6058 324.782
vn 0.504193 -0.858457 0.0940309
v 89.8574 -40.8284 284.006
vn 0.637347 -0.765961 0.0842162
v 87.7576 -42.1922 284.253
vn 0.917576 -0.380142 0.116392
v 87.4142 -42.5313 285.472
vn 0.594666 -0.802627 0.0465086
v 87.279 -42.1817 288.559
vn 0.0592476 -0.997876 0.0270868
v 93.0419 -39.4559 276.707
vn 0.0535428 -0.998241 0.0254436
v 94.0102 -39.615 276.246
vn 0.478813 -0.874986 0.0716787
v 94.9644 -39.2577 277.887
vn -0.489363 0.77561 0.398689
v 66.7547 -36.5884 322.417
vn -0.398369 0.844085 0.358919
v 67.5959 -36.4771 322.911
vn -0.278803 -0.960284 -0.0111375
v 115.106 -40.0039 240.909
vn -0.319178 -0.947476 -0.0203516
v 115.626 -40.222 243.509
vn -0.230266 -0.973106 -0.00643647
v 115.105 -39.941 245.103
vn 0.290117 -0.95519 -0.0586959
v 111.159 -39.9771 249.052
vn 0.0830484 -0.995905 -0.0357142
v 112.358 -39.5176 247.984
vn 0.336036 -0.939557 -0.0656741
v 111.634 -39.8677 250.727
vn -0.424484 -0.902674 -0.0706556
v 109.452 -40.435 253.316
vn 0.137036 -0.984406 -0.110297
v 110.501 -40.4811 252.195
vn -0.490096 -0.866168 -0.0977736
v 107.919 -40.0846 256.576
vn 0.0333773 -0.996497 -0.0766768
v 104.254 -38.0394 259.493
vn -0.105287 -0.989032 -0.10359
v 102.095 -38.2015 263.466
vn -0.101716 -0.988922 -0.108108
v 102.906 -38.7816 265.391
vn -0.335045 -0.939188 -0.0753081
v 101.411 -38.4174 266.223
vn 0.79625 -0.604157 0.0312937
v 96.4766 -37.9074 272.671
vn -0.00194113 -0.998617 -0.0525446
v 97.2512 -37.7741 272.096
vn 0.73698 -0.674597 0.0421706
v 95.6691 -38.815 274.634
vn 0.13694 -0.988114 -0.0698382
v 96.3942 -38.0385 275.103
vn 0.96649 0.182406 -0.180624
v 120.422 -36.716 235.444
vn 0.959265 -0.242162 -0.145495
v 120.465 -37.0844 235.844
vn 0.681553 0.731692 -0.0106367
v 120.485 -36.3922 237.905
vn 0.94252 0.168928 -0.288305
v 119.912 -35.6415 238.666
vn 0.773892 0.614679 -0.152516
v 120.1 -36.0814 238.703
vn -0.607675 0.743505 0.279163
v 73.1854 -30.1161 318.434
vn 0.541097 0.840696 -0.0210913
v 118.846 -32.4188 242.24
vn 0.721657 0.687867 -0.0777807
v 118.024 -32.1252 243.478
vn 0.746875 0.657217 -0.101211
v 117.833 -31.5452 244.372
vn 0.662147 0.743829 -0.0909931
v 116.734 -30.3343 245.029
vn 0.65621 0.750604 -0.0773454
v 117.351 -31.1879 244.759
vn 0.332517 0.938824 0.0896795
v 116.808 -30.3388 246.123
vn 0.661932 0.725556 -0.188188
v 115.363 -29.267 247.284
vn 0.832833 0.500989 -0.23537
v 116.015 -29.6339 248.399
vn 0.22581 0.97351 0.0358836
v 77.7107 -26.88 310.4
vn 0.240632 0.969923 0.0366699
v 78.0593 -26.987 310.965
vn 0.669534 0.729314 -0.140804
v 115.13 -28.956 248.432
vn 0.400093 0.915063 -0.0508556
v 114.488 -28.1367 250.53
vn 0.688475 0.688783 -0.227114
v 113.06 -27.2197 252.762
vn 0.728411 0.642881 -0.236899
v 112.122 -26.632 254.61
vn 0.458497 0.885664 -0.0733524
v 113.293 -27.0984 253.942
vn 0.172474 0.981037 0.0884223
v 113.455 -27.2188 255.097
vn 0.725841 0.608086 -0.321537
v 110.794 -25.2119 257.565
vn 0.290891 0.95612 -0.0348774
v 110.14 -24.7385 258.89
vn 0.841357 0.339028 -0.420926
v 111.394 -25.733 258.31
vn 0.0646453 0.994103 0.0870647
v 109.085 -24.5457 260.697
vn 0.158995 0.985134 0.0650523
v 107.183 -24.1599 263.385
vn 0.0225665 0.996429 0.0813594
v 96.6863 -22.4516 280.657
vn 0.0342922 0.996865 0.0713093
v 94.2913 -22.2794 284.608
vn -0.026044 0.993602 0.109896
v 88.4022 -23.6715 296.245
vn 0.0163638 0.995241 0.0960597
v 89.4575 -23.5352 295.814
vn 0.0976028 0.994528 0.0372638
v 101.739 -22.5382 273.669
vn 0.90137 0.389726 0.188801
v 67.4575 -64.5505 309.111
vn 0.703672 -0.710507 -0.00501885
v 67.5067 -64.8848 309.164
vn 0.72457 0.602014 0.335525
v 67.1868 -64.3241 309.283
vn 0.889759 0.41261 0.195145
v 67.0551 -64.5154 309.918
vn 0.65986 -0.748178 0.0693797
v 66.9086 -65.4127 309.896
vn 0.662271 -0.745976 0.0701208
v 67.1529 -65.1837 310.025
vn 0.926339 0.142647 0.348637
v 67.2991 -64.8832 309.74
vn 0.87856 0.415619 0.235356
v 67.1992 -64.8837 310.031
vn 0.973853 0.11189 -0.197713
v 67.0043 -64.2417 310.218
vn 0.87172 -0.477385 0.11049
v 67.0834 -65.1952 310.334
vn 0.785034 -0.615574 0.0692104
v 67.052 -65.2204 310.667
vn 0.99879 -0.0308201 0.0383219
v 67.1449 -64.9006 310.35
vn 0.965035 -0.0407745 -0.258929
v 67.1948 -64.654 310.862
vn 0.97242 -0.224885 -0.0618588
v 67.1794 -65.0066 311.277
vn 0.861867 -0.454159 -0.225665
v 67.4768 -64.8039 311.509
vn 0.62248 -0.782144 0.0277347
v 67.4592 -64.8424 311.932
vn 0.56032 -0.821912 0.102481
v 66.2926 -65.4466 311.98
vn -0.823019 -0.492295 0.283348
v 62.1798 -64.1756 320.984
vn 0.949429 0.302431 -0.0843782
v 67.1944 -63.4444 311.324
vn 0.957795 0.0271452 -0.286168
v 67.5411 -64.4614 311.604
vn 0.946853 -0.251606 -0.200409
v 66.9229 -62.652 313.554
vn 0.983558 0.167075 -0.0685572
v 66.8677 -62.9752 313.544
vn 0.891803 0.351273 -0.285122
v 67.061 -63.3712 314.038
vn 0.914089 -0.0704119 -0.399353
v 66.9735 -63.0212 313.941
vn 0.994686 -0.0410355 -0.0944221
v 66.9467 -61.7229 310.576
vn 0.174363 -0.984469 -0.0204556
v 70.8933 -58.3711 306.163
vn 0.446623 -0.886577 -0.12045
v 70.2362 -58.822 307.554
vn 0.117822 -0.991781 -0.049891
v 72.1518 -58.5095 307.623
vn 0.698424 -0.698897 -0.154101
v 72.8534 -58.1203 307.313
vn 0.529468 -0.843434 -0.0910097
v 70.7482 -58.5103 308.186
vn 0.432757 -0.895432 -0.104509
v 70.6735 -59.0185 310.278
vn 0.68372 -0.714748 -0.14718
v 70.9178 -58.7631 310.055
vn -0.289533 -0.953536 0.0833014
v 71.699 -58.2669 309.085
vn 0.18069 -0.975242 -0.127495
v 68.8389 -59.5167 312.37
vn -0.841831 -0.0356551 0.538563
v 61.1892 -58.7502 325.601
vn -0.743039 0.347663 0.571859
v 61.1445 -58.4007 325.387
vn -0.772266 0.256576 0.581183
v 61.4534 -58.1995 325.601
vn 0.403263 -0.913972 0.0450892
v 75.6579 -55.8824 301.125
vn 0.324161 -0.945176 0.0395226
v 74.5771 -55.9421 302.235
vn 0.670934 -0.740638 -0.036089
v 73.5845 -56.9109 305.912
vn 0.278904 -0.960055 0.0225183
v 78.079 -53.9174 297.177
vn 0.72372 -0.684426 0.0882637
v 76.4574 -55.2408 299.805
vn 0.670848 -0.741595 -0.000935465
v 77.0305 -54.6193 299.052
vn 0.572114 -0.819636 0.0296929
v 75.8146 -55.7163 300.157
vn 0.472322 -0.879712 0.0549375
v 76.1367 -55.3844 302.424
vn 0.645923 -0.761226 -0.0576034
v 76.8117 -54.9167 301.743
vn 0.31003 -0.942371 0.125769
v 75.3397 -55.8008 302.329
vn 0.277017 -0.960647 0.0204678
v 75.2568 -55.6767 303.67
vn 0.404353 -0.911725 -0.0725003
v 76.5669 -55.2145 303.018
vn 0.843683 -0.536777 -0.0083665
v 79.7954 -52.2383 297.729
vn 0.54103 -0.840953 0.00920964
v 78.3005 -53.7819 298.681
vn -0.830991 0.270773 0.485938
v 62.1343 -51.1636 328.565
vn 0.847441 -0.530439 0.0218692
v 80.7471 -50.5343 296.773
vn -0.905316 0.176947 0.386125
v 62.5221 -48.071 327.944
vn 0.694213 -0.712609 0.101271
v 82.4763 -48.5013 293.458
vn 0.898766 -0.408148 0.160109
v 82.9959 -47.7378 293.712
vn 0.828674 -0.558588 0.0357655
v 82.5744 -48.1217 295.588
vn 0.979285 -0.190486 0.0686761
v 82.8003 -47.5695 295.683
vn 0.946367 -0.297905 0.125066
v 82.9319 -46.947 295.367
vn 0.652485 -0.755928 0.05326
v 83.5796 -45.9856 296.383
vn -0.705844 0.534367 0.465011
v 65.0075 -43.5204 328.525
vn 0.852863 -0.519328 0.0540623
v 86.0339 -43.4086 294.86
vn 0.86291 -0.504374 0.0315103
v 84.2369 -44.9549 296.7
vn 0.765464 -0.642689 0.0318592
v 84.3745 -44.6876 296.763
vn -0.829881 0.40531 0.383433
v 65.9369 -41.4823 327.442
vn 0.422992 -0.905739 0.0267237
v 87.6482 -41.993 288.722
vn 0.630604 -0.774898 0.0432524
v 88.5629 -41.2256 287.812
vn 0.584102 -0.811647 0.00736479
v 87.9809 -41.8321 289.258
vn 0.334641 -0.942318 0.00718777
v 87.6888 -41.9857 289.795
vn 0.361468 -0.93205 0.0249779
v 88.799 -40.9609 290.383
vn 0.748754 -0.662573 0.0190865
v 88.412 -41.2553 291.573
vn 0.312059 -0.949253 0.039219
v 86.9516 -42.056 293.91
vn 0.855617 -0.509571 0.0908729
v 86.4422 -42.4959 293.988
vn 0.0814051 -0.995796 0.041995
v 93.4232 -39.3882 281.478
vn 0.154274 -0.98792 0.0146215
v 92.3734 -39.0661 285.728
vn 0.888153 -0.45601 0.0569113
v 91.6815 -39.4109 285.69
vn -0.758334 0.538313 0.367626
v 68.1293 -36.0691 323.549
vn -0.57654 0.699682 0.421955
v 68.0359 -37.5206 325.697
vn -0.536047 0.739927 0.406402
v 68.6372 -37.0667 325.673
vn -0.493749 0.745639 0.447475
v 68.5859 -37.4124 326.124
vn -0.818584 0.44692 0.360809
v 68.8365 -36.8579 326.127
vn -0.0870837 -0.99606 -0.0167462
v 114.067 -40.0676 247.293
vn 0.0750481 -0.996727 -0.0300529
v 114.742 -39.9847 248.038
vn -0.338303 -0.941036 -0.00169576
v 113.22 -39.7521 248.864
vn -0.333172 -0.942866 0.000712281
v 113.831 -40.055 250.65
vn -0.158949 -0.986804 -0.0308771
v 113.18 -39.7328 251.288
vn 0.498808 -0.860231 -0.105799
v 110.957 -40.5454 253.871
vn 0.560793 -0.823269 -0.0879768
v 111.512 -40.1862 254.897
vn 0.107881 -0.989157 -0.0996492
v 111.932 -39.9985 254.923
vn -0.504499 -0.856876 -0.106035
v 109.525 -40.8236 256.537
vn -0.456507 -0.879418 -0.135
v 109.03 -40.5111 256.919
vn -0.432975 -0.893288 -0.120699
v 108.316 -40.6168 258.601
vn -0.453454 -0.877595 -0.155587
v 109.541 -40.983 257.608
vn -0.693253 -0.715731 -0.0844379
v 107.447 -40.0505 259.091
vn -0.620096 -0.776677 -0.110694
v 106.547 -39.0283 260.581
vn -0.311224 -0.946436 -0.0860115
v 104.813 -38.4473 263.704
vn -0.0991708 -0.992059 -0.0773569
v 101.933 -39.2635 270.241
vn 0.398185 -0.917171 0.0157202
v 95.3758 -38.7374 280.495
vn 0.688411 -0.717418 -0.106779
v 120.188 -38.7247 240.346
vn 0.814779 -0.567919 -0.116631
v 120.593 -38.2005 240.2
vn 0.742661 0.665768 -0.0721671
v 120.542 -36.4128 238.99
vn 0.963892 0.0857566 -0.252107
v 120.323 -35.5683 239.829
vn 0.886841 0.415799 -0.201553
v 120.644 -36.2769 240.091
vn 0.950193 0.269823 -0.155975
v 120.783 -35.601 241.875
vn -0.534158 0.805816 0.255609
v 73.7336 -29.7022 318.731
vn 0.778524 0.620183 -0.0962992
v 119.612 -33.1024 242.395
vn 0.541342 0.840689 -0.0138133
v 118.803 -32.6636 245.731
vn -0.25806 0.944748 0.202131
v 74.4442 -29.6907 319.853
vn 0.941386 -0.0443515 -0.334404
v 116.838 -30.6373 250.711
vn 0.602838 0.791718 -0.0988437
v 115.674 -28.6857 251.276
vn 0.556007 0.818702 -0.143471
v 115.546 -28.093 253.606
vn 0.439796 0.897362 -0.0363473
v 114.593 -28.0934 255.138
vn 0.492521 0.867688 -0.0673791
v 114.163 -27.5801 256.126
vn 0.157596 0.982639 0.0978957
v 115.562 -28.0879 255.365
vn 0.313715 0.948801 -0.0368689
v 113.672 -27.4487 256.992
vn 0.364386 0.926317 -0.095709
v 114.286 -27.5672 257.717
vn 0.672882 0.710853 -0.204739
v 115.138 -28.2588 256.874
vn -0.125642 0.985889 0.110619
v 84.499 -25.0516 307.665
vn 0.464828 0.883202 -0.0623604
v 112.977 -26.4887 258.069
vn 0.574479 0.800851 -0.169148
v 113.49 -27.2164 257.567
vn 0.602319 0.787133 -0.132791
v 112.454 -25.7044 261.738
vn 0.291806 0.956359 0.0150644
v 109.207 -24.7689 263.935
vn 0.0691836 0.986333 0.149537
v 108.166 -24.5314 265.747
vn -0.202928 0.949782 0.238191
v 107.796 -24.709 266.239
vn 0.0436943 0.990831 0.127846
v 108.786 -25.0581 268.603
vn 0.348884 0.934565 -0.0697702
v 106.756 -24.1425 269.427
vn 0.335457 0.940523 -0.0537036
v 107.562 -24.3142 269.22
vn 0.256695 0.966149 -0.0257754
v 104.912 -23.1822 271.758
vn 0.203144 0.978422 0.0377304
v 104.248 -23.2194 276.963
vn 0.0843979 0.994722 0.058353
v 98.805 -22.3583 282.055
vn -0.253747 -0.945203 0.205434
v 63.6652 -66.6495 318.95
vn -0.164439 -0.966252 0.198286
v 63.9432 -66.6984 319.069
vn -0.875432 -0.351765 0.331482
v 62.9784 -64.9604 322.217
vn -0.874483 -0.292222 0.387151
v 62.9726 -64.6051 322.431
vn -0.866368 -0.321114 0.382481
v 63.415 -65.1445 323.19
vn 0.827638 0.557491 -0.0649507
v 67.2085 -63.6475 313.796
vn 0.996845 0.0208056 -0.0765945
v 67.7644 -64.4278 313.134
vn 0.917843 -0.00687461 -0.396884
v 67.5207 -62.9646 314.876
vn 0.819981 0.500684 -0.277392
v 67.8079 -63.9922 314.878
vn 0.887559 0.14523 -0.437203
v 67.6274 -63.332 315.086
vn 0.593817 -0.801308 0.0727096
v 67.8378 -64.1122 315.954
vn 0.972444 0.0105617 -0.232898
v 67.916 -63.7872 315.627
vn 0.913833 -0.262451 -0.309887
v 67.384 -62.239 314.326
vn 0.977045 -0.00690503 -0.212919
v 67.844 -62.2914 316.526
vn 0.95025 -0.215347 -0.225058
v 67.9424 -61.7258 316.894
vn -0.860572 -0.34439 0.375249
v 62.7205 -61.9631 324.955
vn 0.480591 -0.869252 -0.115905
v 73.1538 -58.4407 309.615
vn 0.139974 -0.990005 0.0172399
v 72.91 -58.5664 310.528
vn 0.679537 -0.720438 -0.138559
v 71.5651 -58.5706 312.526
vn 0.439609 -0.890546 -0.116922
v 71.4487 -58.8896 313.879
vn 0.50736 -0.840884 -0.188412
v 68.7906 -59.943 315.171
vn -0.807619 0.121634 0.577024
v 61.8996 -58.709 326.371
vn 0.730561 -0.668606 -0.138731
v 74.2925 -56.5791 309.809
vn -0.884785 -0.287223 0.366958
v 61.4857 -55.8885 327.476
vn -0.826822 -0.502307 0.253087
v 61.7025 -56.8462 327.169
vn -0.906518 -0.119663 0.404853
v 61.6964 -55.4366 328.586
vn -0.880902 -0.12124 0.457508
v 62.2338 -56.8618 328.681
vn 0.499004 -0.866429 -0.0172047
v 75.1617 -55.7229 306.766
vn 0.152057 -0.986947 0.0530575
v 76.5187 -55.4772 306.507
vn 0.338352 -0.940173 -0.0399213
v 76.9631 -55.4221 306.418
vn 0.594527 -0.800739 -0.0731845
v 77.3024 -55.2494 306.608
vn 0.540569 -0.830863 -0.132106
v 74.7891 -56.1725 310.075
vn -0.885517 -0.103119 0.453019
v 62.6646 -53.0582 330.183
vn 0.569959 -0.821568 -0.0131534
v 78.1234 -53.9155 302.452
vn 0.125741 -0.989917 0.0652247
v 78.6402 -53.8274 303.453
vn 0.550579 -0.834306 -0.0282147
v 79.3051 -53.6312 303.486
vn -0.881533 0.155695 0.445711
v 62.6323 -50.7466 329.193
vn -0.893277 0.10536 0.436985
v 62.3177 -52.2493 329.425
vn -0.744609 0.330258 0.580075
v 62.7038 -51.7608 329.68
vn -0.909739 0.106135 0.401385
v 63.122 -50.683 330.223
vn 0.898583 -0.438489 -0.0166002
v 80.2828 -51.0848 300.385
vn -0.9418 -0.040593 0.333714
v 63.6339 -50.3255 331.388
vn 0.995452 -0.0952569 -0.00148997
v 82.5012 -46.6435 302.786
vn 0.315763 -0.948818 -0.00617079
v 83.3925 -45.8275 302.208
vn 0.813403 -0.58139 0.0189961
v 82.6346 -46.0945 303.176
vn -0.844028 0.339901 0.414831
v 66.2286 -42.6919 329.193
vn -0.657569 0.590866 0.467418
v 66.8714 -41.2919 329.018
vn -0.824415 0.38145 0.418134
v 66.6284 -42.628 330.476
vn 0.735732 -0.67727 -0.00200629
v 87.9933 -41.8223 295.213
vn 0.960333 -0.277105 0.0312009
v 85.9864 -43.1587 298.663
vn 0.903179 -0.427418 0.0397644
v 86.2848 -42.0356 299.109
vn -0.232411 -0.972583 -0.00824908
v 92.8164 -39.2286 286.703
vn 0.713822 -0.700327 1.82346e-005
v 88.4937 -41.0155 295.103
vn -0.665656 0.617083 0.419656
v 68.7471 -38.7452 328.659
vn -0.0529947 -0.99806 -0.0326698
v 114.439 -40.1958 251.372
vn -0.0861352 -0.994763 -0.0550239
v 115.266 -40.1314 251.861
vn -0.172516 -0.984162 -0.0407932
v 114.906 -40.3263 254.109
vn -0.222636 -0.973408 -0.0539496
v 114.086 -40.0392 255
vn -0.326312 -0.937029 -0.124487
v 110.177 -41.403 258.717
vn -0.446274 -0.891589 -0.0768601
v 109.816 -41.3892 259.9
vn -0.455605 -0.88603 -0.0858811
v 109.11 -41.1391 262.961
vn -0.718298 -0.68493 -0.122141
v 106.907 -40.272 264.035
vn -0.409817 -0.90345 -0.125811
v 107.135 -40.6262 265.246
vn -0.719362 -0.681293 -0.135492
v 106.03 -40.1144 269.099
vn 0.0575341 -0.992518 -0.10769
v 103.274 -38.7586 270.157
vn 0.243264 -0.969398 -0.0330088
v 102.64 -39.1305 271.556
vn -0.289347 -0.950311 -0.114837
v 103.851 -39.0115 271.458
vn -0.174877 -0.984299 -0.023959
v 103.044 -38.9367 274.582
vn -0.131738 -0.988301 -0.0768516
v 96.1471 -38.7495 283.405
vn 0.0224865 -0.999645 -0.0142852
v 93.4702 -39.3773 286.754
vn -0.565238 0.749007 0.34568
v 70.9362 -34.7892 324.452
vn 0.368389 -0.926601 -0.075504
v 120.155 -39.0407 243.498
vn 0.976787 0.18405 -0.109603
v 121.225 -37.099 242.946
vn -0.614877 0.716856 0.328701
v 74.71 -30.3088 322.156
vn 0.456978 0.889034 0.0281017
v 119.657 -33.0959 247.671
vn -0.228953 0.950957 0.207992
v 77.0773 -29.115 319.631
vn -0.498074 0.829373 0.253104
v 78.0558 -28.7006 319.484
vn 0.696667 0.715203 -0.0560368
v 119.165 -32.7745 248.054
vn 0.613156 0.789862 -0.0125514
v 119.718 -33.1518 250.51
vn 0.751618 0.654525 -0.0816581
v 118.806 -31.8674 250.923
vn 0.0586159 0.975859 0.210386
v 118.655 -31.9106 252.936
vn 0.3196 0.942603 0.096726
v 118.332 -31.9849 253.413
vn 0.0305318 0.991989 0.122582
v 82.0247 -26.3318 313.281
vn -0.179571 0.973684 0.140331
v 81.6517 -26.5804 314.826
vn -0.0436233 0.993463 0.105494
v 79.6879 -27.6842 318.634
vn -0.499218 0.842979 0.200418
v 78.9298 -28.1021 319.612
vn 0.93561 0.224869 -0.272154
v 117.624 -30.4318 252.565
vn 0.504255 0.863537 0.00561756
v 116.692 -29.3139 254.028
vn 0.678447 0.729618 -0.08583
v 117.491 -30.2102 252.819
vn 0.75141 0.647794 -0.125483
v 117.435 -30.0736 254.176
vn 0.746768 0.654677 -0.117202
v 117.457 -29.8375 254.871
vn 0.631614 0.775112 -0.0162782
v 117.394 -29.7233 256.225
vn 0.598345 0.780057 -0.183016
v 115.735 -28.1365 258.621
vn 0.375774 0.92473 -0.0605758
v 115.61 -28.024 258.888
vn -0.460451 0.874556 0.15211
v 88.0471 -24.7494 304.509
vn -0.248173 0.962542 0.109191
v 87.542 -25.0103 304.577
vn 0.0502426 0.988164 0.144942
v 86.884 -25.3012 306.655
vn -0.225392 0.942864 0.245368
v 87.3188 -25.2009 306.607
vn 0.302379 0.939031 0.163668
v 86.4923 -25.1773 306.762
vn 0.313881 0.94772 0.0574994
v 86.0206 -25.1618 307.53
vn 0.498409 0.798439 0.337763
v 86.8139 -25.404 306.97
vn 0.535854 0.778031 0.327915
v 86.5656 -25.3043 307.165
vn 0.453183 0.856367 0.247509
v 86.4057 -25.3081 307.42
vn -0.208269 0.874116 0.4388
v 87.0065 -25.4731 307.09
vn -0.504495 0.854533 0.123524
v 86.7785 -25.8722 307.683
vn -0.50956 0.841335 0.18029
v 87.1075 -25.5298 307.351
vn -0.494544 0.850322 -0.179939
v 87.0605 -25.5652 307.829
vn -0.139598 0.877395 -0.45901
v 86.8903 -25.5406 308.075
vn 0.854292 0.502543 -0.132801
v 86.6182 -25.4705 308.172
vn 0.123051 0.987348 -0.100007
v 86.4728 -25.293 308.509
vn 0.0348775 0.980745 -0.192151
v 86.8751 -25.3811 308.405
vn 0.258212 0.963707 0.0677883
v 113.663 -27.0396 260.806
vn 0.315166 0.944985 0.0875963
v 114.005 -26.9559 260.304
vn 0.617706 0.779452 -0.104375
v 114.788 -27.4168 261.154
vn 0.420256 0.907387 -0.00571951
v 115.365 -27.9896 260.489
vn 0.737518 0.614673 -0.279722
v 113.185 -26.6688 261.194
vn -0.163429 0.975803 0.145255
v 90.8758 -24.3577 301.967
vn 0.404319 0.910475 -0.0869518
v 108.613 -24.6661 272.671
vn 0.235286 0.971509 0.0284687
v 101.469 -23.1595 283
vn 0.152664 0.987935 0.0260254
v 98.9964 -23.148 287.825
vn 0.05648 0.994125 0.0923335
v 99.6058 -23.2843 288.547
vn 0.11678 0.991946 0.0490471
v 98.2758 -23.0952 288.441
vn 0.224645 0.97419 0.0221065
v 99.0608 -23.1418 288.912
vn 0.082485 0.993252 0.0815215
v 97.2544 -23.02 293.075
vn -0.659126 -0.700616 0.273295
v 63.7344 -66.0529 322.746
vn 0.552207 -0.8247 0.122217
v 63.9921 -66.0927 322.903
vn -0.633133 -0.642268 0.432011
v 64.5731 -64.9216 325.614
vn 0.540134 -0.834611 0.108075
v 64.9596 -65.063 325.504
vn -0.846644 -0.356209 0.395359
v 64.4902 -63.6463 327.077
vn 0.782103 -0.569465 -0.25303
v 68.6266 -61.1306 318.308
vn 0.953835 -0.20869 -0.21598
v 68.6656 -62.8734 319.857
vn 0.887692 -0.286564 -0.360395
v 68.8677 -62.0429 320.368
vn 0.784523 -0.540916 -0.303206
v 69.3052 -61.2521 320.121
vn 0.506903 -0.858707 0.0753065
v 68.6258 -63.285 320.912
vn 0.918784 -0.21567 -0.330639
v 68.8924 -62.697 320.545
vn -0.813167 -0.400611 0.42222
v 63.8874 -60.8459 329.068
vn 0.506161 -0.835808 -0.212662
v 71.5704 -59.4904 317.494
vn -0.828029 -0.0663041 0.556752
v 62.8308 -59.7773 327.82
vn -0.858691 -0.21143 0.466849
v 63.461 -58.8409 329.129
vn -0.81691 -0.499937 0.287613
v 63.3175 -57.9916 330.443
vn 0.735254 -0.666889 -0.121078
v 73.7745 -58.1585 311.364
vn 0.806201 -0.565548 -0.173767
v 74.7141 -57.058 313.244
vn 0.174529 -0.984602 0.00990696
v 73.7358 -58.2305 314.145
vn 0.621667 -0.778404 -0.0872813
v 74.2311 -58.0029 314.074
vn 0.207535 -0.977826 -0.0280296
v 72.4839 -58.2132 315.575
vn 0.704842 -0.652412 -0.27849
v 72.7167 -58.4707 317.404
vn -0.048656 -0.998007 0.0401837
v 73.2017 -58.1008 316.267
vn -0.865724 -0.281219 0.414051
v 62.7911 -56.2711 330.501
vn -0.823699 -0.470393 0.316625
v 63.905 -57.3467 331.652
vn 0.448938 -0.890336 -0.0758751
v 76.2546 -55.3454 308.79
vn 0.398774 -0.916384 0.0349101
v 77.747 -55.0669 309.659
vn 0.354947 -0.92179 -0.155934
v 75.0501 -56.3324 311.345
vn 0.488393 -0.842238 -0.228271
v 75.9236 -56.1925 311.803
vn 0.871434 -0.437148 -0.222497
v 76.5368 -55.5573 311.772
vn -0.807186 0.192473 0.558036
v 63.1495 -52.9941 331.221
vn -0.878546 0.0961047 0.467889
v 63.1894 -54.5398 330.859
vn -0.809825 0.164714 0.563074
v 63.4779 -54.3452 331.195
vn -0.82655 0.235709 0.511132
v 63.52 -55.0502 331.815
vn -0.860703 -0.147577 0.487249
v 64.2982 -54.4284 332.704
vn 0.131707 -0.986771 0.0945363
v 78.7042 -53.4966 305.917
vn -0.0836567 -0.994384 0.0648309
v 79.2237 -53.3996 306.919
vn 0.278813 -0.960334 -0.00466929
v 79.4767 -53.3872 306.719
vn -0.0479484 -0.989031 0.139708
v 79.5156 -53.4376 307.096
vn 0.823835 -0.565626 -0.0369116
v 79.7556 -53.1628 306.794
vn 0.827663 -0.554689 -0.0854049
v 78.3811 -53.7702 307.466
vn 0.767382 -0.636556 -0.0769513
v 78.0647 -54.7551 308.776
vn 0.0024383 -0.983876 0.178837
v 79.2109 -53.2798 307.603
vn 0.749942 -0.660484 0.0367153
v 79.7113 -53.2276 307.547
vn -0.884988 -0.059351 0.461816
v 63.6474 -51.8681 331.07
vn -0.900842 -0.210909 0.379476
v 64.2917 -51.939 332.963
vn -0.901819 -0.0808971 0.424475
v 64.522 -51.4316 333.479
vn 0.932497 -0.360045 -0.0285787
v 80.3597 -51.8042 307.131
vn 0.817428 -0.576012 -0.00460394
v 79.9409 -52.8223 309.054
vn -0.912415 0.016412 0.408936
v 64.2201 -50.686 333.207
vn 0.830276 -0.557321 -0.0058989
v 81.8501 -49.0523 303.622
vn 0.819875 -0.572031 -0.0242006
v 80.95 -50.2187 308.354
vn 0.480602 -0.876579 -0.0251337
v 82.9231 -45.9003 303.515
vn 0.858544 -0.512418 -0.0181841
v 82.6112 -47.577 305.425
vn 0.888544 -0.457639 -0.0324884
v 84.091 -45.5215 302.602
vn 0.891863 -0.450068 -0.0449384
v 84.3463 -45.0162 303.068
vn 0.764625 -0.64405 -0.0233862
v 84.7812 -44.2588 303.622
vn -0.648049 0.540469 0.536587
v 67.528 -43.06 332.093
vn -0.843567 0.278832 0.458964
v 67.3133 -43.646 332.295
vn 0.348398 -0.937191 -0.0170655
v 87.7078 -42.0058 299.255
vn -0.0154507 -0.99988 -0.00136595
v 86.8931 -41.914 301.212
vn 0.869661 -0.493645 -0.00210096
v 85.7107 -43.3985 304.814
vn -0.803804 0.428143 0.413028
v 68.6126 -41.4887 332.044
vn -0.0938105 -0.982659 -0.159938
v 110.411 -42.0009 262.748
vn 0.148156 -0.988964 0.000747487
v 89.1246 -40.6921 300.704
vn 0.795068 -0.605398 -0.0368787
v 88.3338 -41.577 300.997
vn 0.843658 -0.534417 -0.0513694
v 88.6005 -41.0759 301.47
vn -0.753111 0.501217 0.426152
v 70.2549 -38.0112 330.204
vn -0.0443664 -0.996582 -0.0696786
v 117.044 -40.8264 251.57
vn -0.393532 -0.918294 -0.0432227
v 116.393 -40.7173 253.274
vn -0.129408 -0.978491 -0.160654
v 112.296 -40.8276 260.987
vn 0.28298 -0.947091 -0.151464
v 111.903 -40.9212 262.16
vn 0.654496 -0.741849 -0.14593
v 111.575 -41.3587 263.029
vn 0.616447 -0.77235 -0.153193
v 111.433 -41.696 263.656
vn -0.186946 -0.968684 -0.163411
v 107.274 -41.5949 270.997
vn -0.420458 -0.892522 -0.163157
v 106.947 -41.6249 271.504
vn -0.666759 -0.734619 -0.125571
v 104.845 -40.0887 273.989
vn -0.628097 -0.774381 -0.076347
v 103.506 -39.3099 278.374
vn 0.124761 -0.991897 -0.0239832
v 94.2506 -39.0821 292.796
vn 0.261088 -0.9652 -0.0149178
v 93.2949 -39.4691 294.704
vn 0.441633 -0.896684 -0.0303145
v 91.528 -39.5214 296.327
vn -0.0611207 -0.997086 -0.0456585
v 92.7929 -39.5565 295.46
vn -0.129587 -0.990371 -0.0487065
v 92.0331 -39.4412 296.749
vn -0.546489 0.745318 0.381904
v 71.6834 -36.258 329.529
vn -0.627185 0.688625 0.363916
v 74.0567 -33.2388 327.926
vn -0.66991 0.646454 0.365128
v 76.0971 -31.5359 326.92
vn 0.649553 0.760146 -0.0160827
v 120.917 -33.9806 249.885
vn 0.914496 0.393202 -0.0953409
v 121.772 -35.1151 250.826
vn -0.401173 0.876889 0.264813
v 78.276 -29.4458 321.769
vn 0.429551 0.899214 0.0830705
v 119.241 -32.1275 253.651
vn 0.82893 0.549496 -0.104541
v 120.023 -33.293 253.501
vn 0.134122 0.976613 0.168045
v 119.08 -32.1357 253.905
vn 0.858082 0.500221 -0.116081
v 120.151 -33.0712 254.611
vn 0.960889 0.0690577 -0.268185
v 119.103 -32.3129 257.431
vn 0.962983 0.0182146 -0.268947
v 119.127 -32.0092 257.464
vn -0.257118 0.953204 0.159038
v 80.8402 -27.5944 318.614
vn -0.647527 0.708229 0.281284
v 79.0025 -28.6838 321.447
vn -0.453753 0.858695 0.238225
v 79.981 -28.1577 322.692
vn 0.72031 0.692233 -0.0443543
v 118.634 -30.9872 258.105
vn 0.851192 0.508952 -0.128219
v 119.091 -31.3948 257.707
vn 0.11505 0.969466 0.21656
v 117.27 -29.0967 258.905
vn 0.711861 0.66747 -0.218488
v 116.902 -28.8299 260.416
vn 0.631785 0.77172 -0.0727794
v 117.805 -29.2523 258.886
vn 0.905748 0.30237 -0.296972
v 118.207 -30.0023 258.914
vn -0.253335 0.963846 0.0826003
v 87.6498 -25.2826 307.81
vn -0.2009 0.968566 -0.14669
v 87.3103 -25.3573 308.312
vn 0.0855052 0.993038 0.0810217
v 87.0979 -25.5533 310.649
vn -0.0125606 0.991326 0.130825
v 86.1129 -25.5364 312.51
vn -0.0774609 0.988993 0.126065
v 83.0443 -26.6359 314.435
vn 0.452893 0.890626 -0.0409066
v 116.488 -28.2113 261.525
vn 0.49578 0.868423 0.00658766
v 115.159 -27.6609 262.792
vn 0.596477 0.800494 -0.0585305
v 115.928 -28.171 263.637
vn 0.552864 0.83208 -0.0445345
v 115.298 -27.6128 264.971
vn 0.48674 0.873512 -0.00785499
v 113.6 -26.1117 265.6
vn 0.674686 0.73678 -0.0441963
v 114.194 -26.6263 264.941
vn 0.598477 0.800923 0.0186469
v 115.09 -27.605 265.896
vn 0.233793 0.963984 0.126792
v 113.69 -26.4422 268.827
vn 0.237012 0.971337 0.018157
v 110.144 -25.4471 271.54
vn 0.00500589 0.994368 0.105864
v 92.7927 -24.0407 302.037
vn 0.0395096 0.992062 0.119379
v 111.572 -25.5504 272.748
vn 0.516452 0.850387 -0.100597
v 109.781 -24.6242 276.163
vn 0.279567 0.959612 0.0314334
v 104.562 -23.38 281.71
vn 0.115138 0.990466 0.0756283
v 103.552 -23.6743 286.728
vn 0.852375 -0.469595 -0.23008
v 68.8726 -63.0491 320.967
vn 0.876054 -0.346137 -0.335735
v 69.3963 -62.0706 321.284
vn 0.89636 -0.340349 -0.28408
v 69.8668 -61.6216 322.568
vn 0.537593 -0.773454 -0.335801
v 72.2794 -59.373 318.258
vn 0.355437 -0.907126 -0.22536
v 72.5013 -59.6632 319.461
vn 0.241494 -0.953246 -0.181665
v 70.7685 -60.6951 321.652
vn 0.348699 -0.902086 -0.254262
v 72.2507 -60.0243 321.437
vn 0.628685 -0.740556 -0.237341
v 70.3028 -61.1826 323.159
vn -0.792493 -0.53617 0.29065
v 64.4014 -59.0868 331.038
vn -0.794957 -0.497314 0.347452
v 64.9602 -59.305 332.389
vn 0.399334 -0.916571 0.0207431
v 74.4674 -58.1489 318.424
vn 0.572278 -0.816625 -0.0749738
v 75.0909 -57.6301 317.708
vn 0.807197 -0.473614 -0.352311
v 72.9198 -59.0058 318.963
vn 0.862941 -0.415178 -0.288029
v 73.1908 -58.4654 319.043
vn 0.741902 -0.562815 -0.364446
v 72.9749 -59.3869 319.453
vn -0.020433 -0.998288 0.0548024
v 74.2757 -58.1635 318.661
vn 0.880215 -0.34092 -0.330143
v 73.504 -59.008 320.361
vn -0.822715 0.0784353 0.563016
v 64.7919 -58.3369 332.624
vn -0.808314 -0.380564 0.449221
v 64.857 -57.8095 333.418
vn -0.76091 0.0445217 0.647328
v 65.1568 -56.4325 334.446
vn 0.757497 -0.597242 -0.263628
v 76.6207 -55.9803 312.586
vn 0.563617 -0.819119 -0.106677
v 76.6137 -56.2678 313.619
vn 0.906796 -0.381969 -0.178383
v 76.8783 -55.8307 313.446
vn 0.579802 -0.801487 -0.146454
v 75.6411 -56.5863 315.162
vn 0.26558 -0.964022 -0.0113195
v 76.2765 -56.3347 314.123
vn 0.683266 -0.723942 -0.0951578
v 77.1894 -55.8753 316.033
vn -0.801936 0.143338 0.57996
v 64.6458 -55.8885 333.678
vn -0.829786 -0.136457 0.541141
v 65.2469 -55.4839 334.133
vn 0.285294 -0.956804 0.0559743
v 77.8749 -54.844 311.818
vn 0.552553 -0.833247 -0.0195878
v 78.125 -54.7513 311.611
vn 0.883244 -0.451352 -0.127128
v 78.8306 -54.0491 311.928
vn 0.23971 -0.970478 0.026655
v 77.7382 -54.6557 314.522
vn 0.901835 -0.401419 -0.159865
v 77.3673 -54.8436 314.665
vn -0.778751 0.235962 0.581265
v 64.9721 -53.4437 333.42
vn -0.850941 -0.457678 0.257741
v 65.5718 -52.2577 335.441
vn 0.95703 -0.281532 -0.0695287
v 80.6751 -50.9056 309.703
vn 0.50216 -0.864576 0.0185352
v 79.3697 -52.9086 311.519
vn -0.794404 0.337152 0.505223
v 65.6424 -49.4262 335.21
vn -0.768548 0.405942 0.494514
v 66.951 -47.3333 335.557
vn 0.901071 -0.424903 -0.0867609
v 82.9144 -46.5939 310.256
vn -0.636874 0.565786 0.523715
v 67.5149 -45.7974 334.292
vn -0.531686 0.652418 0.540057
v 67.2939 -46.6216 335.36
vn 0.739025 -0.67006 -0.0697293
v 83.0811 -46.204 309.048
vn -0.742904 0.444151 0.500823
v 68.6579 -43.2087 333.354
vn -0.939799 -0.00979724 0.341587
v 69.0845 -42.8615 334.056
vn -0.817102 0.371024 0.441231
v 69.5658 -42.7429 335.384
vn 0.731421 -0.678912 -0.0640414
v 86.3037 -42.3194 307.888
vn -0.657324 0.623857 0.422762
v 70.696 -40.7792 334.448
vn -0.365611 0.833412 0.414431
v 71.2113 -40.3782 334.444
vn -0.655448 0.607912 0.448141
v 70.1097 -41.5864 334.925
vn -0.650806 -0.748109 -0.129558
v 108.342 -42.5908 273.455
vn -0.0487373 -0.998411 0.0282864
v 89.5453 -40.7175 300.607
vn 0.497424 -0.867231 -0.0219176
v 90.291 -40.7175 300.002
vn 0.607269 -0.794061 -0.026299
v 88.8028 -40.8477 301.726
vn 0.219367 -0.975549 -0.0135301
v 86.9246 -42.0053 308.236
vn -0.53047 0.724577 0.439988
v 70.7513 -39.3101 332.237
vn -0.819474 0.361572 0.444666
v 71.0843 -38.8074 332.506
vn -0.83071 0.333088 0.446065
v 71.2937 -39.2529 333.179
vn -0.167379 -0.98041 -0.10383
v 116.923 -41.4854 260.293
vn 0.527824 -0.839495 -0.12904
v 111.673 -41.6022 265.106
vn -0.0750081 -0.980796 -0.180035
v 112.078 -41.503 265.105
vn -0.212649 -0.960461 -0.179707
v 112.242 -41.9119 266.982
vn 0.0398866 -0.985704 -0.163699
v 111.841 -41.8193 267.086
vn -0.413262 -0.899663 -0.140786
v 107.776 -41.9336 272.37
vn -0.194485 -0.966704 -0.166312
v 107.466 -41.9054 272.883
vn -0.479035 -0.870904 -0.109785
v 102.923 -39.1695 281.175
vn -0.117399 -0.989332 -0.0862541
v 101.917 -39.1888 283.376
vn -0.0774467 -0.99545 -0.0555134
v 98.596 -39.5692 290.872
vn 0.035177 -0.997704 -0.0578683
v 92.5927 -39.7961 299.207
vn 0.078843 -0.995562 -0.0513839
v 91.782 -39.6908 301.166
vn 0.916849 -0.376897 -0.131667
v 122.005 -38.7533 253.696
vn -0.435537 0.834589 0.337296
v 76.6023 -32.4791 329.738
vn 0.818224 0.574343 -0.025293
v 121.724 -34.7872 252.873
vn 0.920925 0.388108 -0.0356363
v 122.382 -35.8294 254.741
vn 0.988943 0.0944412 -0.114332
v 122.529 -36.4787 254.525
vn -0.175436 0.961508 0.211484
v 78.6996 -30.5853 328.052
vn 0.667251 0.744276 0.0288101
v 121.049 -34.0079 253.815
vn 0.76472 0.640437 -0.0710192
v 120.594 -33.8232 255.629
vn 0.756612 0.653858 -0.00299612
v 121.103 -34.2506 255.964
vn 0.775285 0.631135 -0.0245255
v 120.579 -33.3344 257.335
vn 0.450613 0.88694 0.101418
v 120.243 -33.2356 258.527
vn 0.842859 0.534274 -0.0643411
v 119.783 -31.94 260.608
vn 0.86932 0.447156 -0.210557
v 118.686 -29.9579 260.161
vn 0.385151 0.916281 0.10994
v 118.207 -29.6452 260.903
vn 0.949003 0.0887315 -0.302524
v 119.206 -31.4762 261.21
vn 0.714138 0.685836 -0.140128
v 118.003 -29.6146 261.829
vn 0.714891 0.688872 -0.119943
v 117.83 -29.1431 262.392
vn 0.60805 0.792124 0.0530461
v 119.336 -30.4093 262.68
vn -0.118669 0.98275 0.141848
v 85.3243 -26.9581 319.491
vn 0.385512 0.919361 0.078466
v 116.931 -28.5869 263.565
vn 0.584163 0.811636 -0.000359368
v 116.946 -28.7715 265.811
vn 0.517071 0.855826 -0.0141226
v 116.396 -28.1326 267.063
vn 0.278779 0.954773 0.103393
v 116.172 -28.1911 267.983
vn 0.764497 0.63362 -0.118614
v 115.453 -27.6429 268.268
vn 0.0567424 0.9902 0.12761
v 95.0312 -24.7241 305.17
vn 0.23726 0.9614 0.139349
v 93.7352 -24.5995 306.138
vn 0.135503 0.98178 0.133221
v 94.2081 -24.8235 306.436
vn -0.236943 0.959242 0.15399
v 89.1184 -25.5089 311.85
vn -0.223307 0.964676 0.139763
v 89.8075 -25.1861 311.538
vn -0.092961 0.978899 0.181978
v 111.466 -25.7994 273.962
vn 0.176077 0.98356 0.0400935
v 109.428 -24.3988 278.386
vn 0.178294 0.980323 0.084727
v 107.466 -23.9101 282.08
vn 0.128489 0.988256 0.0827071
v 106.878 -24.3855 286.313
vn 0.232019 0.971089 0.0561577
v 100.762 -23.8689 293.477
vn 0.335717 -0.932394 0.133925
v 66.1539 -63.8522 329.627
vn -0.623491 -0.654169 0.428161
v 66.0618 -63.626 329.906
vn 0.759875 -0.61325 -0.215672
v 69.8406 -62.654 324.39
vn 0.233651 -0.971251 0.0455888
v 68.7613 -62.808 329.006
vn 0.218646 -0.965694 0.140102
v 67.1299 -63.2937 331.35
vn -0.78622 -0.246252 0.566761
v 66.2057 -61.5829 332.635
vn -0.396723 -0.842479 0.364473
v 66.7594 -63.2999 331.348
vn -0.763905 -0.506926 0.399342
v 66.5334 -62.4503 332.202
vn -0.0442146 -0.969943 0.239283
v 67.3068 -63.1361 332.362
vn -0.581073 -0.686665 0.436859
v 67.1862 -62.9784 332.629
vn -0.715133 -0.473914 0.5138
v 67.0243 -62.2103 333.332
vn 0.448002 -0.865942 -0.222348
v 73.166 -59.8247 321.269
vn 0.837041 -0.482406 -0.258161
v 70.6709 -61.7769 324.821
vn 0.179114 -0.978052 -0.106452
v 71.1842 -61.0002 324.371
vn -0.121605 -0.992098 -0.0308764
v 71.7137 -61.0318 324.689
vn -0.745847 -0.0641073 0.663026
v 66.1144 -60.9652 332.544
vn -0.730433 -0.57462 0.36916
v 66.1635 -60.3335 332.83
vn -0.781016 -0.226849 0.581853
v 65.8603 -59.4069 333.852
vn -0.757353 -0.0490842 0.651159
v 65.9279 -59.1185 333.91
vn -0.706461 -0.58344 0.400638
v 66.7287 -60.337 334.295
vn 0.669141 -0.694481 -0.264473
v 73.3328 -59.6163 320.653
vn 0.186448 -0.982322 0.0167755
v 74.2172 -58.0359 320.016
vn 0.48229 -0.875946 -0.0107142
v 74.9139 -57.7773 319.639
vn 0.936879 -0.225556 -0.267176
v 73.8721 -58.9327 321.625
vn 0.887746 -0.371248 -0.272179
v 73.8626 -59.2891 321.645
vn -0.747048 -0.188754 0.63741
v 66.5892 -57.9473 335.898
vn 0.536256 -0.839062 -0.0916694
v 76.8515 -56.1748 316.854
vn 0.749038 -0.642773 -0.160578
v 76.6741 -56.6149 318.578
vn 0.610148 -0.786415 -0.0962921
v 76.5945 -57.0122 319.609
vn 0.418543 -0.908194 -0.00228313
v 75.9826 -57.3182 319.967
vn 0.790242 -0.609257 -0.0657536
v 77.0545 -56.6168 320.555
vn -0.82235 -0.0829846 0.562898
v 66.0596 -54.2731 335.306
vn -0.799715 -0.0158538 0.600171
v 66.1035 -54.9295 335.451
vn 0.258754 -0.965916 0.0072229
v 78.7399 -54.5384 314.761
vn 0.851469 -0.501798 -0.152316
v 77.6966 -55.1437 316.632
vn 0.391744 -0.918832 -0.047805
v 78.2233 -54.6266 316.209
vn 0.734197 -0.671714 -0.0987671
v 78.1033 -54.7292 317.544
vn 0.674446 -0.733609 -0.0833061
v 79.3678 -54.2947 315.817
vn -0.853951 -0.131885 0.503363
v 66.3155 -52.6403 337.024
vn -0.740588 -0.656508 0.14327
v 66.6155 -53.1725 336.829
vn -0.78598 -0.544193 0.293411
v 66.4978 -53.0331 337.098
vn -0.753211 -0.587301 0.296227
v 67.1202 -53.5557 337.507
vn 0.86357 -0.499209 -0.0709731
v 81.1995 -51.5671 314.612
vn 0.447254 -0.892837 0.0529658
v 80.65 -52.0888 316.072
vn 0.9041 -0.417309 -0.0919587
v 80.041 -52.4598 317.431
vn -0.796763 0.241794 0.553809
v 66.6796 -50.2538 337.222
vn 0.918165 -0.388386 -0.0782937
v 81.2209 -50.2372 313.847
vn 0.733043 -0.678442 -0.0486379
v 81.8204 -49.5734 314.838
vn -0.734944 0.326392 0.594411
v 67.169 -48.7722 336.696
vn -0.839263 0.20387 0.504058
v 67.4023 -48.2377 336.941
vn -0.864124 -0.0403972 0.501655
v 67.7474 -48.7194 337.578
vn -0.52715 0.632432 0.567576
v 68.3386 -47.6047 337.27
vn -0.664566 0.463274 0.586284
v 68.1299 -48.5849 338.228
vn -0.575769 0.510092 0.638981
v 68.6871 -47.7627 337.806
vn -0.376964 0.648375 0.661443
v 68.566 -48.7644 338.722
vn 0.925925 -0.359133 -0.116988
v 83.0742 -48.3672 314.798
vn 0.691981 -0.718633 -0.0687713
v 84.6242 -45.7234 312.166
vn 0.935853 -0.313847 -0.160247
v 83.6089 -46.732 315.699
vn 0.65789 -0.746893 -0.0966016
v 83.8684 -46.1599 315.505
vn 0.738376 -0.674311 -0.0102193
v 86.2659 -43.1685 313.176
vn 0.847958 -0.526524 -0.0611626
v 85.2028 -44.7165 313.004
vn -0.503293 0.754006 0.422102
v 71.5683 -41.2814 336.822
vn -0.714071 0.498671 0.491355
v 71.1814 -42.8421 337.822
vn -0.801531 0.421755 0.423876
v 71.4052 -42.276 337.789
vn 0.265139 -0.953161 -0.145553
v 110.638 -43.1446 272.413
vn 0.204426 -0.978737 -0.0168454
v 90.5595 -40.6571 304.356
vn -0.029248 -0.999364 0.0203799
v 87.7762 -42.185 307.357
vn 0.498421 -0.866838 -0.012962
v 88.4646 -41.9991 307.753
vn 0.776064 -0.629375 -0.0401409
v 88.767 -41.7545 307.566
vn 0.648439 -0.757859 -0.0719484
v 89.4187 -40.7272 307.932
vn 0.768528 -0.636306 -0.066931
v 89.2799 -41.0978 308.874
vn 0.741925 -0.665036 -0.0852915
v 86.7811 -42.5745 312.04
vn -0.733235 0.507833 0.452185
v 72.5278 -39.569 335.763
vn -0.282717 -0.95515 -0.0880866
v 116.002 -41.2138 262.524
vn -0.0546301 -0.984279 -0.16796
v 115.368 -41.2111 263.546
vn -0.145064 -0.968492 -0.202432
v 112.908 -42.442 269.167
vn -0.590725 -0.796015 -0.131925
v 108.076 -42.5479 275.392
vn -0.456302 -0.865991 -0.204568
v 101.471 -39.9847 290.166
vn -0.0829443 -0.99414 -0.0693218
v 99.3299 -39.6095 290.262
vn -0.538505 -0.835237 -0.111319
v 100.721 -39.8381 291.457
vn -0.206109 -0.9757 -0.0743501
v 98.3235 -39.8419 293.528
vn 0.105068 -0.992498 -0.0625122
v 98.9007 -39.9164 294.339
vn -0.25589 -0.960235 -0.111661
v 96.804 -39.3982 295.04
vn -0.235083 -0.971536 -0.0292347
v 97.6911 -39.6702 295.238
vn -0.0501097 -0.988152 -0.145066
v 97.1209 -39.8258 296.659
vn -0.355177 -0.93439 0.0276481
v 98.1851 -39.8226 295.544
vn -0.191404 -0.981343 0.0181856
v 98.5649 -39.9868 295.432
vn -0.0663116 -0.997799 1.67488e-005
v 97.8486 -39.7239 296.736
vn -0.21551 -0.971328 -0.100385
v 94.9999 -39.2189 297.451
vn 0.0265731 -0.991862 -0.124516
v 94.6775 -39.2354 297.96
vn -0.37417 -0.91191 -0.168574
v 95.7688 -39.516 297.231
vn -0.270492 -0.946702 -0.174899
v 95.1794 -39.3611 298.268
vn -0.106725 -0.985334 -0.133144
v 94.1213 -39.7699 300.466
vn 0.452533 -0.888421 -0.0769549
v 91.5671 -39.9237 303.154
vn 0.326775 -0.935254 -0.136082
v 119.126 -41.0086 259.401
vn 0.190628 -0.970591 -0.147017
v 118.415 -41.3209 259.771
vn 0.344893 -0.921125 -0.180491
v 118.674 -41.5699 260.993
vn -0.67634 0.611816 0.410176
v 75.425 -35.8226 333.827
vn -0.469741 0.802413 0.368072
v 76.6961 -33.1252 331.59
vn -0.855106 0.346679 0.385496
v 78.0081 -32.6376 332.137
vn -0.545326 0.763515 0.345926
v 78.5224 -31.8566 332.237
vn 0.806818 0.59078 -0.00486533
v 120.318 -32.7531 263.435
vn -0.630631 0.718515 0.293328
v 81.0675 -29.6523 328.346
vn 0.948123 -0.0462821 -0.314517
v 119.694 -31.4703 262.804
vn 0.928513 0.330922 -0.168385
v 120.324 -31.491 264.747
vn 0.583699 0.809376 0.0648514
v 119.477 -30.9203 265.251
vn -0.0182766 0.991083 0.131986
v 87.9595 -26.3089 316.816
vn -0.109758 0.978313 0.175659
v 84.514 -27.8651 325.022
vn -0.169451 0.968655 0.181645
v 83.7604 -27.892 325.625
vn 0.803699 0.575874 -0.149789
v 117.241 -28.9253 267.623
vn 0.837385 0.526398 -0.147279
v 118.037 -29.7581 269.207
vn 0.87728 0.429854 -0.213554
v 117.979 -29.4571 269.501
vn 0.751276 0.652386 -0.0998811
v 117.775 -28.9921 269.695
vn 0.363278 0.925058 0.110888
v 117.54 -28.9219 271.3
vn 0.336297 0.938915 0.0731013
v 115.034 -27.2536 272.136
vn 0.454076 0.889226 0.0556046
v 115.779 -27.4711 272.595
vn 0.77161 0.62773 -0.102826
v 116.72 -28.0972 272.501
vn 0.325424 0.937624 0.122312
v 117.07 -28.902 272.068
vn -0.0455944 0.986825 0.155234
v 92.9963 -24.8387 309.564
vn 0.301883 0.944308 0.130951
v 93.3999 -24.9224 309.461
vn 0.0625106 0.996984 0.0459966
v 94.7405 -25.1079 309.573
vn -0.249402 0.952727 0.173521
v 92.6693 -25.6724 312.578
vn -0.238714 0.969953 0.0469779
v 94.0053 -25.2852 311.247
vn 0.419425 0.907507 -0.0226738
v 112.334 -26.0686 279.538
vn 0.513423 0.855097 -0.0721592
v 111.092 -24.8248 280.808
vn 0.26056 0.964408 0.0450134
v 110.196 -24.8663 283.076
vn 0.144589 0.983019 0.112998
v 111.252 -24.9386 283.711
vn 0.0852285 0.988209 0.127195
v 110.887 -25.1145 284.197
vn 0.329112 0.943947 0.0254825
v 106.852 -24.5236 288.057
vn 0.310028 0.950452 0.0228927
v 104.394 -24.2972 293.923
vn -0.0807562 0.988281 0.129538
v 101.667 -24.1312 295.435
vn 0.130024 0.987892 0.0846348
v 103.023 -23.9324 295.179
vn 0.292583 0.951265 0.0974198
v 103.59 -24.1695 295.884
vn 0.198705 0.976862 0.0791005
v 104.153 -24.2493 295.526
vn 0.221645 0.973494 0.0564257
v 100.877 -23.9544 297.401
vn 0.37372 0.927397 0.0163627
v 101.502 -24.2015 297.441
vn 0.0919444 0.990283 0.104334
v 101.884 -24.3567 297.331
vn -0.189535 0.965614 0.177948
v 102.521 -24.3991 298.063
vn 0.252292 -0.960917 0.113962
v 68.3195 -62.6588 333.981
vn -0.375889 -0.734144 0.565456
v 68.161 -62.6383 334.235
vn -0.621009 -0.358478 0.697024
v 68.1044 -62.3341 334.493
vn -0.352682 -0.658616 0.664711
v 68.6539 -62.2433 334.85
vn -0.00580549 -0.961163 0.275921
v 69.0332 -62.4095 334.738
vn 0.037718 -0.991722 -0.122738
v 73.0905 -61.342 325.882
vn 0.463524 -0.828933 -0.313074
v 74.5681 -60.8653 326.728
vn -0.142545 -0.989667 0.0155126
v 72.2555 -61.0718 326.764
vn 0.377823 -0.91083 -0.166248
v 72.5981 -61.2128 329.078
vn -0.617154 -0.459299 0.638878
v 68.9252 -62.0141 335.14
vn -0.741196 -0.243975 0.625384
v 67.9266 -59.9397 336.161
vn 0.80416 -0.542704 -0.242483
v 74.9441 -58.0356 323.599
vn 0.585783 -0.75944 -0.283034
v 75.3977 -58.1623 324.578
vn 0.943611 -0.205079 -0.259887
v 75.1095 -58.7908 325.851
vn 0.868033 -0.394449 -0.301545
v 75.0913 -60.4403 326.659
vn -0.706912 -0.067325 0.70409
v 67.8428 -57.4989 337.11
vn -0.76276 -0.350305 0.543584
v 67.9511 -59.6461 336.291
vn -0.725984 -0.342482 0.596366
v 68.0309 -59.1322 337.053
vn 0.56917 -0.804841 -0.168158
v 75.5145 -57.9287 323.931
vn 0.602401 -0.797054 -0.0426411
v 76.625 -56.8632 324.166
vn 0.810763 -0.502738 -0.299862
v 76.2078 -57.8819 326.09
vn -0.771898 -0.0405533 0.634452
v 67.6063 -56.7509 336.628
vn -0.642409 0.333237 0.690118
v 68.0711 -55.747 337.754
vn 0.86883 -0.474439 -0.141568
v 78.4107 -55.1052 320.308
vn 0.630114 -0.775847 -0.0319171
v 77.5607 -55.9213 321.506
vn 0.642265 -0.76648 0.00198971
v 78.1523 -55.7077 320.793
vn 0.553523 -0.830085 0.0676069
v 77.9522 -55.7088 321.374
vn 0.790703 -0.608364 -0.0684263
v 78.5001 -55.2721 321.669
vn 0.647918 -0.753793 -0.109538
v 78.8081 -55.248 323.6
vn 0.841998 -0.508815 -0.179293
v 78.943 -54.9433 323.309
vn 0.469238 -0.879678 -0.0773451
v 79.2716 -54.4279 323.467
vn -0.78812 -0.303509 0.53549
v 67.4515 -53.422 338.31
vn -0.779444 -0.391044 0.489441
v 67.7966 -54.4115 337.778
vn 0.968553 -0.206967 -0.138091
v 80.1678 -53.5336 318.338
vn 0.461658 -0.886362 0.0351394
v 80.7346 -51.851 317.855
vn 0.82001 -0.564081 -0.0969341
v 80.3886 -52.1389 319.419
vn -0.699259 0.281118 0.657274
v 68.0951 -50.8885 339.33
vn 0.713235 -0.697658 -0.0675918
v 81.8875 -49.5368 317.336
vn 0.642546 -0.766214 -0.00705407
v 81.3357 -51.6401 318.198
vn 0.967915 -0.227019 -0.107715
v 81.7662 -50.9044 318.751
vn 0.598349 -0.799136 -0.0579644
v 80.9324 -51.7736 320.416
vn 0.902948 -0.425466 -0.0605294
v 82.0428 -50.9054 321.015
vn -0.870077 -0.0576187 0.489536
v 68.6663 -49.1535 339.16
vn -0.315573 0.665235 0.676666
v 68.9779 -48.9193 339.047
vn -0.845482 -0.172713 0.505303
v 68.8756 -49.558 339.437
vn -0.777596 0.248876 0.577412
v 69.5799 -48.1604 339.111
vn -0.433591 0.563229 0.7034
v 69.2149 -49.3604 339.599
vn -0.836651 -0.0729202 0.542861
v 69.199 -50.3062 339.673
vn -0.637017 0.322909 0.699957
v 69.2748 -49.6828 339.911
vn -0.366101 0.626609 0.687991
v 69.8184 -49.2909 339.856
vn -0.436291 0.552811 0.709965
v 69.6803 -49.8871 340.328
vn 0.680908 -0.726472 -0.0927493
v 83.2398 -48.6451 317.017
vn -0.752295 0.37718 0.540173
v 70.4416 -47.5375 339.751
vn -0.578206 0.588171 0.56545
v 71.2756 -46.1668 339.315
vn 0.315168 -0.948261 -0.0383428
v 84.5438 -45.9751 316.901
vn -0.921106 -0.152331 0.358273
v 71.3778 -45.9008 339.491
vn -0.889136 -0.403346 0.216217
v 71.3569 -45.613 339.808
vn -0.581819 0.610546 0.537327
v 71.6625 -44.1375 339.864
vn -0.874193 -0.362445 0.323141
v 71.619 -46.0237 339.994
vn -0.916971 -0.228438 0.327078
v 71.315 -45.3397 340.323
vn 0.728317 -0.676403 -0.109696
v 86.4054 -43.1204 315.355
vn -0.718537 0.505993 0.477153
v 72.0796 -42.2801 338.948
vn -0.829726 0.284624 0.48015
v 71.8885 -42.8628 339.048
vn -0.0977459 0.920827 0.377522
v 72.9844 -42.152 339.478
vn -0.369148 -0.917354 -0.148967
v 108.797 -44.3646 281.202
vn -0.680321 -0.72721 -0.0912566
v 108.55 -44.2767 281.65
vn -0.164594 -0.964248 -0.20769
v 107.551 -43.6968 281.81
vn -0.40165 -0.896773 -0.185677
v 108.057 -43.8091 282.12
vn -0.576937 -0.798884 -0.170082
v 105.44 -43.4804 284.736
vn 0.588616 -0.805289 -0.0710005
v 86.7084 -42.9125 315.52
vn 0.0480583 -0.989317 -0.137631
v 118.627 -42.2035 264.86
vn -0.0570623 -0.975599 -0.212016
v 115.881 -42.3619 269.183
vn 0.117377 -0.967049 -0.225918
v 114.977 -42.5257 269.356
vn -0.219897 -0.954435 -0.201742
v 111.949 -42.8909 272.827
vn 0.116683 -0.974597 -0.191171
v 111.345 -43.1629 274.235
vn -0.81731 -0.550718 -0.169451
v 103.785 -41.5541 288.509
vn -0.777808 -0.59239 -0.209972
v 104.23 -42.7889 288.863
vn -0.727595 -0.6443 -0.235547
v 102.899 -40.9871 290.261
vn -0.795463 -0.564039 -0.221582
v 101.024 -40.4749 292.384
vn -0.912413 -0.388326 -0.129251
v 100.88 -40.636 293.71
vn -0.659114 -0.707299 -0.255534
v 102.333 -41.7949 293.609
vn 0.0445627 -0.996386 -0.0723083
v 99.7107 -39.7063 294.345
vn 0.108842 -0.993831 -0.0212938
v 99.5653 -39.874 295.67
vn -0.271898 -0.960396 -0.0609129
v 99.8353 -39.8719 295.831
vn -0.749116 -0.634708 -0.189662
v 100.947 -41.5173 294.876
vn -0.803457 -0.582406 -0.123531
v 100.491 -40.3893 296.259
vn -0.43145 -0.857414 -0.280522
v 101.334 -41.6755 294.755
vn 0.107234 -0.993337 0.0422222
v 99.1103 -39.9648 295.755
vn 0.0637746 -0.990155 -0.124604
v 98.3061 -39.8372 297.716
vn -0.00589282 -0.997213 0.0743684
v 99.5301 -39.8303 296.346
vn -0.312096 -0.943026 -0.115318
v 99.4373 -39.8189 297.689
vn -0.195782 -0.968487 -0.153956
v 96.0921 -40.3473 300.983
vn -0.206413 -0.977453 -0.0444954
v 94.3887 -40.6272 305.936
vn 0.167028 -0.983595 -0.0681391
v 92.1708 -40.1639 306.801
vn -0.167107 -0.984926 -0.0446839
v 92.9778 -40.1412 306.11
vn 0.347321 -0.933842 -0.0854823
v 91.4989 -40.6871 308.767
vn 0.355118 -0.930553 -0.0892338
v 92.511 -40.1752 308.983
vn 0.557069 -0.816782 -0.15014
v 119.219 -41.912 264.841
vn 0.63556 -0.759242 -0.140051
v 119.707 -41.4446 264.749
vn -0.626227 0.650121 0.430328
v 75.8202 -36.7797 335.881
vn 0.524806 -0.841771 -0.126489
v 122.102 -40.1081 260.481
vn 0.995038 0.0598328 -0.07949
v 123.177 -37.8181 259.557
vn 0.870429 0.491938 0.018696
v 122.044 -35.9485 262.945
vn 0.842468 0.536419 0.0500293
v 122.712 -36.7991 263.19
vn -0.385221 0.879847 0.278341
v 80.5139 -30.879 330.904
vn -0.308578 0.906597 0.287855
v 79.0949 -31.5482 332.206
vn -0.734963 0.546993 0.400784
v 78.8564 -32.4367 333.858
vn -0.434324 0.817926 0.377306
v 79.4719 -32.1475 334.223
vn 0.956981 0.239355 -0.164001
v 121.05 -33.9932 265.106
vn 0.931261 0.342337 -0.124734
v 120.803 -33.4798 266.926
vn 0.926549 0.366686 -0.0839542
v 121.497 -34.2893 266.698
vn 0.766295 0.639829 0.0583955
v 121.202 -34.0508 267.205
vn -0.575198 0.755058 0.314697
v 82.0784 -29.5532 330.341
vn -0.582208 0.749718 0.314574
v 81.8873 -30.0388 330.962
vn 0.947198 -0.0895327 -0.307896
v 120.577 -32.3398 265.659
vn 0.813824 0.576398 -0.0738639
v 119.993 -31.3624 266.99
vn 0.904067 0.391043 -0.172477
v 119.945 -31.0649 267.29
vn 0.959414 0.233651 -0.157899
v 120.71 -32.1072 266.071
vn 0.678277 0.734796 0.0039528
v 119.793 -30.6501 267.869
vn 0.731692 0.680092 0.0458435
v 120.662 -32.06 267.439
vn -0.260181 0.941295 0.215104
v 85.4535 -27.7958 325.927
vn 0.861296 0.489257 -0.137105
v 117.258 -28.8523 273.576
vn 0.829657 0.543583 -0.127226
v 117.643 -29.3767 273.843
vn 0.354865 0.922068 0.154472
v 118.024 -29.5364 273.732
vn 0.56007 0.827781 -0.0331679
v 116.335 -28.0123 275.415
vn 0.792921 0.600693 -0.102198
v 117.463 -28.7454 275.09
vn 0.642111 0.760429 -0.0971661
v 116.719 -28.0154 277.393
vn 0.1053 0.990245 0.091246
v 96.0499 -25.5148 312.132
vn -0.163956 0.974013 0.15626
v 93.6326 -25.511 312.904
vn -0.438455 0.876784 0.197502
v 94.065 -25.3378 313.036
vn -0.166835 0.981021 0.0988089
v 94.5014 -25.1042 312.929
vn -0.27031 0.93624 0.22447
v 94.504 -25.3083 313.995
vn 0.307236 0.950898 0.0374045
v 95.5523 -25.3589 312.874
vn 0.121025 0.981455 0.148655
v 94.9418 -25.2756 313.904
vn 0.000548158 0.993277 0.115764
v 92.6339 -26.0549 315.384
vn -0.216444 0.956945 0.193412
v 93.9495 -25.795 314.75
vn -0.296245 0.939896 0.169807
v 89.9285 -26.4036 318.346
vn -0.261274 0.957237 0.124232
v 90.8098 -26.1558 318.853
vn 0.0533428 0.995074 0.0835656
v 91.5441 -26.0316 318.932
vn 0.544193 0.836412 -0.0653331
v 116.036 -27.3883 279.355
vn 0.549302 0.833839 -0.0545845
v 113.746 -26.7632 280.43
vn 0.438035 0.898638 -0.0239807
v 114.287 -26.5416 279.687
vn 0.48493 0.872217 -0.0638795
v 113.145 -26.271 281.086
vn 0.675592 0.730668 -0.0984863
v 114.056 -26.8516 282.849
vn 0.567511 0.822388 -0.0401195
v 112.535 -25.5342 284.868
vn 0.761533 0.636 -0.124784
v 112.959 -25.9238 285.149
vn 0.222375 0.970581 0.0923138
v 109.045 -25.0735 289.053
vn 0.388074 0.921486 -0.0161774
v 108.227 -24.8059 289.246
vn -0.037115 0.989965 0.136349
v 108.563 -25.0062 291.56
vn 0.311189 0.948645 0.056872
v 106.995 -24.515 291.99
vn 0.112771 0.989994 0.0848251
v 108.579 -25.1656 292.631
vn 0.282645 0.953125 0.108004
v 107.148 -24.7953 294.551
vn 0.335799 0.941413 0.0313229
v 105.389 -24.6769 298.043
vn 0.0486898 0.989629 0.135144
v 103.182 -24.1478 297.739
vn 0.110358 0.988483 0.103545
v 100.968 -24.3334 302.381
vn 0.525548 -0.802016 -0.283847
v 75.089 -61.1392 328.108
vn 0.727568 -0.603595 -0.326064
v 72.9211 -61.4743 330.689
vn 0.698595 -0.672491 -0.24438
v 72.8267 -62.1465 331.381
vn 0.162254 -0.97595 -0.145583
v 73.5998 -61.181 331.072
vn 0.614221 -0.733896 -0.29005
v 73.4159 -61.7611 332.054
vn -0.267364 -0.961575 0.0623733
v 74.352 -61.3718 331.534
vn 0.369372 -0.923502 -0.103483
v 73.0586 -62.1534 332.57
vn -0.208122 -0.915981 0.343022
v 69.18 -62.287 335.167
vn -0.122927 -0.96349 0.237857
v 69.7244 -62.2684 335.49
vn -0.565351 -0.757535 0.326373
v 69.146 -61.7001 336.154
vn -0.641785 -0.577049 0.505101
v 69.1832 -61.4108 336.855
vn -0.428259 -0.815624 0.389039
v 69.7538 -62.0055 336.188
vn 0.352185 -0.92183 -0.161846
v 76.0781 -58.4832 327.456
vn 0.838928 -0.460551 -0.289986
v 76.7118 -57.4964 327.006
vn 0.672044 -0.694992 -0.255621
v 76.5305 -58.4221 327.357
vn 0.745624 -0.622984 -0.236506
v 77.5795 -56.9365 328.239
vn 0.85677 -0.440076 -0.268845
v 77.0806 -58.0969 328.725
vn -0.588064 0.385582 0.71099
v 69.7203 -56.7645 339.86
vn -0.776263 -0.250322 0.57858
v 69.9093 -57.3787 339.795
vn -0.742544 -0.491925 0.454574
v 70.2721 -55.9995 340.007
vn 0.366581 -0.92995 -0.0284947
v 78.8303 -55.2807 326.065
vn -0.735765 -0.428996 0.524035
v 69.0592 -53.7834 340.267
vn -0.675048 -0.589442 0.443698
v 69.5775 -54.2586 340.347
vn -0.803765 0.129782 0.58062
v 69.893 -55.3024 340.425
vn -0.808338 -0.238657 0.538175
v 70.0473 -54.7279 340.509
vn 0.981682 -0.131913 -0.137478
v 80.6492 -53.1933 322.799
vn 0.40497 -0.912689 -0.0547526
v 79.9026 -54.1225 323.821
vn 0.989563 -0.0576379 -0.132069
v 80.7676 -53.6549 323.888
vn 0.810862 -0.565102 -0.152192
v 81.1259 -52.5965 324.79
vn 0.54137 -0.839184 -0.0518586
v 80.5521 -53.9596 325.246
vn 0.933771 -0.327157 -0.145049
v 81.0695 -53.2824 325.506
vn -0.483567 0.560853 0.672017
v 69.5615 -51.4715 340.793
vn -0.788477 -0.104528 0.606118
v 69.4497 -52.109 341.199
vn -0.682117 0.293782 0.669634
v 70.9657 -52.0469 342.36
vn 0.778307 -0.624803 -0.0621319
v 81.9704 -51.025 322.38
vn 0.849332 -0.49213 -0.190901
v 81.7364 -51.7564 324.043
vn -0.766515 0.102888 0.633931
v 69.8865 -50.6211 340.761
vn -0.807496 0.125883 0.576284
v 70.7161 -49.651 341.175
vn -0.816482 0.157228 0.55555
v 70.7645 -49.3603 341.264
vn -0.669454 0.312414 0.673965
v 70.8187 -50.669 341.61
vn 0.488305 -0.869613 -0.0730132
v 83.0494 -49.2045 322.192
vn 0.933301 -0.345659 -0.0973136
v 82.4468 -50.0022 323.29
vn -0.474301 0.6826 0.555964
v 71.5056 -46.9694 340.344
vn -0.839516 0.166982 0.51704
v 71.0575 -47.8549 341.068
vn 0.929979 -0.324491 -0.172759
v 84.781 -46.7488 321.647
vn -0.744073 0.363002 0.560879
v 72.1772 -45.437 341.85
vn -0.791426 -0.563259 0.237455
v 72.2982 -46.1978 341.811
vn -0.807605 -0.514482 0.288239
v 72.5544 -46.2496 342.556
vn -0.236889 0.871771 0.428833
v 74.1457 -42.4245 340.539
vn -0.214266 -0.957304 -0.194059
v 111.646 -44.7051 281.175
vn -0.322259 -0.920398 -0.221395
v 108.101 -44.2476 283.578
vn -0.578245 -0.806929 -0.120409
v 108.636 -44.4214 283.21
vn -0.628288 -0.747916 -0.214188
v 104.163 -43.8524 293.099
vn -0.74163 -0.645392 -0.182904
v 103.641 -43.4215 293.457
vn 0.533645 -0.844841 -0.0383025
v 89.8292 -41.5874 315.09
vn 0.115348 -0.991729 0.0562814
v 89.2297 -41.7534 315.364
vn 0.106492 -0.993076 0.0495892
v 88.8436 -41.5536 316.695
vn 0.657955 -0.744287 -0.114598
v 88.4694 -41.7901 317.888
vn -0.641264 0.613759 0.460522
v 74.8869 -39.6951 339.384
vn -0.853373 0.235817 0.464913
v 74.6401 -41.9956 341.063
vn -0.16959 -0.960986 -0.218508
v 116.677 -43.1207 271.624
vn 0.143034 -0.964015 -0.224088
v 115.082 -43.5577 273.342
vn -0.0279278 -0.976496 -0.213719
v 115.882 -42.9967 272.379
vn -0.363785 -0.910015 -0.19883
v 116.199 -43.2111 272.933
vn -0.7601 -0.626875 -0.171101
v 103.162 -42.6895 292.419
vn -0.829542 -0.532718 -0.167547
v 101.119 -41.76 296.733
vn -0.595458 -0.758359 -0.265181
v 101.813 -42.4679 296.497
vn -0.826137 -0.516928 -0.224236
v 99.9124 -40.4117 298.365
vn -0.747436 -0.619731 -0.239318
v 100.532 -41.5919 298.47
vn -0.807616 -0.520352 -0.277473
v 101.243 -42.5517 297.959
vn -0.885219 -0.421067 -0.19771
v 100.864 -42.2669 299.328
vn -0.844683 -0.483397 -0.229866
v 99.643 -41.5886 301.089
vn -0.662642 -0.7141 -0.225757
v 99.9748 -41.9159 300.96
vn -0.219468 -0.972423 -0.0789171
v 96.1191 -40.8297 308.381
vn 0.00221638 -0.999077 -0.0428964
v 93.0192 -40.0996 309.63
vn 0.281452 -0.954171 -0.101694
v 92.8908 -40.4222 312.027
vn 0.157201 -0.98666 -0.0423183
v 90.7714 -40.5616 313.573
vn 0.147396 -0.973502 -0.174836
v 120.406 -41.4411 264.815
vn 0.413906 -0.894412 -0.169438
v 120.808 -41.1517 264.334
vn 0.42926 -0.887179 -0.169261
v 121.874 -40.9646 266.355
vn -0.808524 0.401464 0.43025
v 77.0301 -36.715 337.89
vn -0.798744 0.431026 0.419792
v 77.2276 -36.1458 337.901
vn -0.636339 0.64235 0.427152
v 78.0754 -36.2414 339.452
vn 0.978325 0.207074 0.000899954
v 123.516 -38.6892 264.37
vn -0.687975 0.599019 0.409716
v 79.1657 -33.6535 335.629
vn -0.764916 0.464189 0.446578
v 79.4014 -33.0888 335.575
vn 0.907194 0.420657 -0.00680648
v 122.056 -35.6473 266.08
vn 0.798814 0.601128 0.0232807
v 121.636 -35.1069 266.49
vn 0.959985 0.258224 -0.108396
v 121.527 -34.9337 266.766
vn 0.962427 0.252283 -0.100435
v 122.008 -35.6409 269.199
vn 0.908663 0.414783 -0.0478127
v 121.732 -34.9815 269.687
vn 0.967583 -0.0143072 -0.252146
v 121.809 -34.7655 270.418
vn 0.978354 0.138988 -0.153316
v 121.824 -34.1374 270.381
vn -0.347407 0.89941 0.265274
v 83.134 -29.4655 331.663
vn -0.19849 0.961893 0.188053
v 83.7258 -29.1703 330.945
vn 0.867714 0.497014 -0.00712185
v 121.424 -33.1832 269.724
vn 0.840448 0.540421 -0.0399041
v 120.985 -32.0757 271.067
vn 0.959781 0.226044 -0.166507
v 121.125 -32.4169 271.24
vn 0.891362 0.450964 -0.0458862
v 121.283 -33.1174 271.176
vn 0.57035 0.814186 0.108636
v 120.445 -31.6556 272.179
vn 0.74696 0.664176 -0.030337
v 120.237 -31.8613 274.169
vn -0.103312 0.982288 0.156325
v 87.6898 -27.5221 327.24
vn 0.86789 0.492202 -0.067109
v 119.459 -30.6324 273.617
vn 0.870963 0.469978 -0.143331
v 118.211 -29.7032 276.305
vn -0.063702 0.989239 0.131714
v 96.5298 -25.4866 312.416
vn 0.217711 0.969362 0.113754
v 95.5956 -25.4244 313.954
vn -0.0876964 0.969928 0.227044
v 95.0975 -25.7114 315.778
vn -0.156865 0.980218 0.12069
v 91.5299 -26.1294 320.68
vn 0.192698 0.977499 0.0858138
v 93.8284 -26.5097 320.328
vn 0.700292 0.708354 -0.0884645
v 114.941 -27.5426 283.997
vn 0.0620031 0.978217 0.19811
v 115.54 -27.7147 284.717
vn 0.599727 0.797487 -0.0658986
v 113.364 -26.3806 285.423
vn 0.346384 0.938073 0.00611215
v 113.601 -26.4904 285.572
vn 0.606877 0.792188 -0.0643388
v 114.717 -26.899 285.917
vn 0.523803 0.850685 0.0443459
v 113.291 -25.9731 288.15
vn 0.285195 0.948672 0.136697
v 113.217 -26.0636 288.811
vn 0.544021 0.837851 -0.0452444
v 109.759 -25.5195 292.31
vn 0.0227489 0.984403 0.174451
v 110.315 -25.6262 291.949
vn 0.221541 0.973698 0.0532141
v 109.186 -25.0978 292.288
vn 0.228286 0.967946 0.104717
v 107.993 -25.2104 294.734
vn 0.412826 0.905039 0.102365
v 107.64 -25.1698 295.92
vn 0.246391 0.965514 0.0841058
v 106.479 -25.175 298.378
vn 0.144112 0.982164 0.120768
v 104.035 -24.7978 300.744
vn -0.0942481 0.980658 0.171546
v 103.985 -25.2295 303.544
vn 0.0224641 0.992188 0.122712
v 98.6712 -25.4357 310.19
vn -0.302336 -0.944637 0.127494
v 74.9677 -61.6502 331.571
vn 0.127609 -0.991093 -0.0380734
v 75.4934 -61.7275 331.89
vn 0.246806 -0.93959 -0.237185
v 74.3012 -61.4818 332.912
vn 0.273261 -0.949833 -0.152135
v 74.2442 -62.0003 334.315
vn 0.0311027 -0.98748 -0.154646
v 75.465 -61.6778 334.319
vn -0.258574 -0.93969 0.223878
v 72.0903 -61.9801 338.978
vn 0.964765 -0.0224132 -0.262156
v 76.4631 -59.4123 331.052
vn 0.950551 -0.132078 -0.281085
v 77.0099 -59.7749 333.003
vn -0.644731 -0.42019 0.638563
v 71.4145 -60.9922 339.447
vn 0.386279 -0.912616 -0.13387
v 76.8741 -58.5748 329.686
vn 0.581829 -0.785945 -0.209204
v 77.3583 -58.95 333.151
vn 0.668686 -0.699902 -0.25099
v 77.9017 -58.4389 332.738
vn -0.699622 0.106002 0.706606
v 71.2482 -56.7039 341.001
vn 0.622162 -0.77353 -0.120689
v 78.7686 -55.4268 328.488
vn 0.300517 -0.953694 -0.0125768
v 79.5847 -55.1379 327.904
vn 0.887958 -0.306445 -0.34296
v 79.3403 -55.7824 330.301
vn -0.781659 -0.320195 0.535242
v 70.745 -55.6952 341.798
vn -0.849194 0.000506001 0.52808
v 70.9847 -55.1607 342.025
vn -0.870181 -0.199919 0.450352
v 70.9449 -54.8273 341.977
vn -0.78318 -0.063432 0.618552
v 71.0012 -55.4875 342.1
vn -0.707058 -0.347698 0.615772
v 71.2192 -55.8781 342.217
vn -0.787158 -0.347068 0.50983
v 71.4106 -54.4665 343.218
vn -0.774429 -0.291671 0.561417
v 71.8214 -55.2253 343.308
vn 0.712887 -0.678926 -0.175643
v 80.487 -54.2417 327.327
vn 0.694001 -0.708485 -0.12811
v 82.2473 -51.8636 326.105
vn -0.80808 0.0962757 0.581152
v 72.3051 -49.7136 343.334
vn 0.789377 -0.600707 -0.126629
v 84.1914 -48.6919 323.885
vn 0.7514 -0.63802 -0.168313
v 83.3942 -49.4033 326.961
vn -0.761541 0.208319 0.613725
v 73.1852 -49.1662 344.653
vn -0.827709 -0.450539 0.334533
v 73.6545 -47.0453 344.08
vn -0.756794 0.346943 0.553979
v 74.0021 -46.2201 344.227
vn 0.553628 -0.82914 -0.0776081
v 85.9861 -45.7369 323.627
vn 0.762418 -0.628524 -0.15387
v 86.8201 -44.355 323.083
vn 0.860044 -0.473589 -0.189837
v 85.826 -46.294 326.436
vn -0.515687 0.680162 0.521006
v 74.6405 -43.8839 344.13
vn 0.0666112 -0.982354 -0.174769
v 111.051 -45.5849 285.782
vn -0.334962 -0.928794 -0.158562
v 109.867 -45.8307 287.544
vn -0.424045 -0.891767 -0.157916
v 108.211 -45.4748 288.631
vn -0.462676 -0.866882 -0.185597
v 106.07 -45.0367 292.921
vn -0.738677 -0.639788 -0.212196
v 103.374 -44.2743 296.508
vn -0.57698 -0.785736 -0.222965
v 103.864 -44.6047 296.124
vn -0.517756 -0.802146 -0.297472
v 102.293 -43.6334 298.617
vn -0.546244 -0.769845 -0.330084
v 101.056 -43.8982 301.048
vn -0.654071 -0.700974 -0.284299
v 100.637 -44.0768 302.211
vn -0.398211 -0.894043 -0.205219
v 100.838 -44.3119 302.347
vn 0.696312 -0.698027 -0.167055
v 87.2356 -43.7149 322.191
vn -0.135447 -0.975101 -0.175589
v 118.709 -43.2001 271.279
vn -0.290099 -0.934196 -0.207654
v 116.783 -44.2362 276.154
vn 0.0502605 -0.973833 -0.221637
v 117.533 -44.4359 276.615
vn -0.677732 -0.698885 -0.228558
v 99.787 -42.4398 303.336
vn -0.887983 -0.425302 -0.17494
v 100.143 -43.178 304.118
vn -0.943235 -0.256232 -0.211314
v 98.9746 -41.6568 304.894
vn -0.880316 -0.389329 -0.271047
v 98.8707 -42.5298 305.945
vn -0.0974586 -0.989541 -0.10635
v 97.0208 -40.8393 307.52
vn -0.658218 -0.725977 -0.199267
v 97.964 -41.2964 308.115
vn -0.933349 -0.30103 -0.195553
v 98.6142 -42.6984 306.854
vn -0.532201 -0.844113 -0.0650851
v 96.3553 -40.9925 310.283
vn -0.309293 -0.927679 -0.209166
v 97.368 -41.1639 309.15
vn -0.366323 -0.909255 -0.197644
v 96.9561 -41.2507 309.762
vn -0.275706 -0.95969 -0.0546001
v 95.5502 -40.7048 312.932
vn -0.611313 -0.784462 -0.104476
v 96.7073 -41.4638 311.227
vn -0.62779 -0.778299 -0.0114527
v 96.4368 -41.1413 312.442
vn -0.135885 -0.988988 -0.058643
v 93.8585 -40.4697 314.006
vn 0.422472 -0.904065 -0.0646918
v 90.9252 -40.9423 317.891
vn 0.19909 -0.978932 0.0453438
v 90.6024 -41.1178 320.51
vn 0.26175 -0.965096 -0.00880456
v 90.2771 -41.034 322.41
vn 0.0459579 -0.979907 -0.194087
v 120.498 -42.5665 270.55
vn 0.247579 -0.947081 -0.20431
v 120.916 -42.814 271.516
vn 0.635939 -0.756329 -0.153452
v 123.197 -40.4529 266.757
vn 0.955014 -0.284096 -0.0850786
v 123.596 -40.0357 267.664
vn -0.471934 0.778934 0.412965
v 79.6912 -34.9982 338.759
vn 0.897229 0.434131 0.0806839
v 123.307 -38.794 268.802
vn 0.940305 0.340305 0.00441211
v 122.834 -38.1596 269.929
vn 0.968144 0.248089 -0.0338965
v 122.928 -37.7728 272.001
vn 0.942323 0.333023 -0.0335011
v 122.81 -37.45 272.257
vn -0.591607 0.672995 0.443937
v 81.1654 -33.6429 338.952
vn -0.35363 0.869823 0.344024
v 82.4573 -33.0834 338.979
vn 0.960355 0.269651 -0.0707592
v 122.62 -36.4685 272.423
vn 0.981782 0.136733 -0.131937
v 122.292 -35.4823 272.94
vn -0.495038 0.799324 0.340616
v 84.0733 -30.3651 335.437
vn -0.289022 0.917914 0.271845
v 85.1555 -29.8074 335.342
vn 0.975346 0.148337 -0.16339
v 121.552 -33.3859 272.964
vn 0.928268 0.366353 -0.0640655
v 122.111 -33.7967 275.391
vn 0.708612 0.699621 0.0916481
v 120.576 -32.4381 276.862
vn 0.623821 0.770437 0.13143
v 121.379 -32.9964 277.031
vn 0.530183 0.841305 0.105412
v 119.855 -30.9002 277.721
vn 0.501433 0.857341 0.116321
v 119.381 -30.8937 278.488
vn -0.00791081 0.990077 0.140305
v 93.0454 -26.7852 326.179
vn 0.611059 0.791583 0.00191188
v 113.84 -26.5145 289.33
vn 0.3554 0.93297 0.0570817
v 113.622 -26.453 293.28
vn -0.0464534 0.993789 0.101117
v 108.862 -25.429 297.368
vn 0.301843 0.948103 0.099959
v 108.152 -25.6858 298.362
vn 0.147695 0.978151 0.146314
v 109.417 -25.5888 298.759
vn 0.0603752 0.988226 0.140586
v 108.62 -25.9764 300.412
vn 0.0579476 0.988714 0.138157
v 105.261 -25.3514 305.579
vn 0.169674 0.978954 0.113399
v 104.373 -25.6284 306.254
vn 0.133779 0.981207 0.139051
v 102.399 -25.5373 310.669
vn 0.00632001 0.99121 0.132147
v 100.065 -25.917 314.204
vn -0.334534 -0.911847 0.237954
v 76.2463 -61.557 333.726
vn 0.548115 -0.808233 -0.21524
v 76.875 -61.4084 333.989
vn 0.109579 -0.967753 -0.22682
v 76.301 -61.9598 335.188
vn 0.335321 -0.923037 -0.188582
v 78.1986 -58.9642 335.052
vn -0.724459 -0.259649 0.638546
v 72.8915 -58.3139 342.774
vn -0.684981 -0.595241 0.420105
v 72.7718 -56.8581 343.213
vn 0.77287 -0.528979 -0.350505
v 79.2999 -56.9568 332.658
vn 0.59809 -0.743779 -0.298463
v 79.4447 -57.4284 333.934
vn -0.770013 -0.266263 0.579813
v 73.577 -55.6625 345.577
vn 0.232485 -0.972405 -0.0194669
v 80.7447 -54.9084 330.328
vn 0.78896 -0.580122 -0.202486
v 81.215 -54.6024 330.936
vn 0.374526 -0.926943 0.0225361
v 80.8681 -54.4987 331.772
vn -0.714066 0.0601081 0.697493
v 72.7414 -54.0854 344.861
vn -0.759954 0.0724014 0.645932
v 74.0639 -53.9508 345.872
vn 0.581238 -0.810754 -0.0695738
v 82.3797 -51.8756 329.449
vn 0.883995 -0.43217 -0.178275
v 82.1801 -52.2059 330.173
vn 0.592454 -0.799848 -0.0961331
v 83.1392 -51.5481 330.198
vn 0.839386 -0.50181 -0.208848
v 82.5353 -53.1895 332.598
vn -0.795766 0.082121 0.600011
v 74.1747 -51.2281 346.581
vn 0.588746 -0.799236 -0.120828
v 84.308 -49.1155 328.534
vn -0.515557 0.571242 0.638658
v 74.3511 -49.6507 346.019
vn -0.713551 0.354986 0.604011
v 75.1424 -49.6237 346.544
vn -0.861907 -0.0714327 0.502009
v 75.4032 -48.4689 346.791
vn 0.861595 -0.467548 -0.197619
v 85.7242 -47.2389 326.745
vn -0.864393 0.147685 0.480639
v 74.6063 -45.8909 345.403
vn -0.8378 0.0213046 0.545562
v 74.7839 -47.5691 345.93
vn -0.791342 0.245522 0.559908
v 75.0788 -46.1218 346.291
vn -0.863479 0.0118511 0.504246
v 75.4615 -46.9351 346.988
vn 0.765727 -0.622525 -0.16163
v 86.7698 -45.3297 326.578
vn -0.158642 0.883164 0.441422
v 75.7727 -44.5145 345.509
vn -0.299643 0.80539 0.511431
v 76.1377 -45.2375 346.88
vn -0.2375 -0.955448 -0.175248
v 112.609 -45.8988 284.284
vn -0.208204 -0.962045 -0.17641
v 111.55 -46.1943 289.973
vn -0.686203 -0.683352 -0.249312
v 102.832 -44.9185 301.13
vn -0.515644 -0.81848 -0.253381
v 102.272 -44.8633 302.192
vn -0.522378 -0.833108 -0.181802
v 103.081 -45.4179 301.665
vn -0.471387 -0.871082 -0.137879
v 101.336 -44.6641 303.719
vn -0.56076 -0.815034 -0.145838
v 102.12 -45.4981 304.947
vn -0.60874 -0.73231 -0.305217
v 100.253 -44.6487 305.872
vn -0.649314 -0.738231 -0.182773
v 99.65 -43.3799 307.171
vn -0.428325 -0.728263 -0.534949
v 100.161 -45.0916 306.549
vn -0.559394 -0.743894 -0.365649
v 100.523 -44.9408 306.054
vn -0.999695 -0.005937 -0.0239625
v 99.9099 -45.1334 308.502
vn 0.27328 -0.944469 -0.182471
v 100.246 -45.3914 308.021
vn -0.896342 -0.405492 -0.179297
v 99.9456 -45.3337 308.538
vn -0.994023 0.100448 -0.0427654
v 99.9628 -44.8721 308.865
vn -0.682966 -0.656559 -0.320137
v 99.9838 -45.5797 308.928
vn -0.774064 -0.562125 -0.291273
v 99.834 -45.5492 309.187
vn -0.986734 -0.108394 -0.12086
v 99.745 -45.5001 309.48
vn -0.799096 0.327695 0.504044
v 76.379 -42.9011 344.871
vn -0.627686 0.58733 0.510934
v 77.193 -41.5747 344.921
vn -0.620455 0.616524 0.4847
v 77.9135 -41.2319 345.148
vn -0.644753 0.56797 0.51157
v 77.878 -41.8893 346.013
vn 0.251159 -0.950101 -0.185009
v 119.192 -43.8676 275.463
vn -0.238665 -0.948603 -0.207825
v 116.304 -45.0955 281.18
vn -0.50462 -0.842607 -0.188075
v 99.2821 -43.1754 307.287
vn -0.875629 -0.455695 -0.16005
v 98.1404 -42.2008 309.685
vn -0.561028 -0.807628 -0.181616
v 97.5598 -41.8774 311.065
vn -0.226626 -0.97175 -0.0658962
v 95.25 -41.0714 315.579
vn -0.653374 -0.757034 0.00100103
v 97.2511 -42.0855 314.745
vn -0.315122 -0.947807 -0.0485813
v 96.5331 -41.2894 316.359
vn -0.273678 -0.960954 -0.0408382
v 94.3518 -40.7238 317.818
vn -0.039246 -0.998736 -0.0314058
v 93.7991 -40.8698 320.998
vn 0.0164567 -0.999824 0.00905066
v 92.4429 -40.7865 322.633
vn -0.700196 0.552912 0.451679
v 78.9256 -38.7608 343.164
vn -0.608142 0.647663 0.459016
v 78.6628 -39.7658 344.789
vn 0.985897 0.161425 0.0441413
v 123.618 -40.2003 272.238
vn 0.997341 0.0226423 -0.0692665
v 123.104 -39.1257 275.471
vn -0.499808 0.752396 0.42906
v 83.0237 -34.1997 342.087
vn 0.925668 0.37549 -0.0463235
v 122.712 -35.5841 275.769
vn 0.990751 0.000161075 -0.135695
v 122.724 -36.5331 275.796
vn 0.985549 0.107827 -0.130637
v 122.919 -36.0215 276.371
vn 0.436079 0.881689 0.180164
v 120.538 -32.1157 281.861
vn 0.754926 0.649381 -0.0916066
v 119.027 -29.4974 283.425
vn 0.6813 0.731937 -0.00991934
v 120.097 -30.5775 283.44
vn 0.871082 0.470065 -0.14232
v 120.331 -30.888 282.902
vn -0.0983366 0.978122 0.183323
v 91.6389 -28.0003 328.928
vn -0.360127 0.904886 0.226913
v 93.1328 -27.5022 329.782
vn 0.697837 0.710238 -0.0926546
v 119.351 -29.0359 286.733
vn 0.361255 0.924246 0.123548
v 118.682 -28.6118 288.054
vn 0.119057 0.978694 0.16728
v 116.948 -28.6566 289.035
vn 0.471219 0.881673 0.0246195
v 112.449 -26.9732 299.617
vn 0.202818 0.969525 0.137425
v 110.696 -26.4108 300.98
vn 0.443891 0.894466 0.0537769
v 111.878 -26.3826 300.283
vn 0.100607 0.98209 0.159302
v 111.496 -26.3895 300.894
vn 0.323642 0.94434 0.0589736
v 108.095 -26.077 305.355
vn 0.0823714 0.987954 0.131003
v 99.7908 -26.4072 317.925
vn 0.0243277 0.990062 0.13851
v 98.1684 -26.5256 320.466
vn 0.0625086 -0.97683 -0.204683
v 76.7061 -62.3006 337.903
vn -0.613236 -0.552965 0.564067
v 74.4708 -61.8766 342.336
vn 0.125097 -0.98224 -0.139843
v 79.1675 -59.2204 338.097
vn 0.414573 -0.879925 -0.232079
v 79.5276 -59.1425 337.956
vn 0.94927 -0.157234 -0.272331
v 78.597 -59.9406 339.209
vn 0.740351 -0.611132 -0.279995
v 78.9087 -59.3836 339.013
vn -0.660219 -0.613638 0.433081
v 74.7609 -57.8549 345.17
vn -0.742121 -0.398096 0.539236
v 75.1217 -58.2734 345.15
vn 0.639543 -0.70181 -0.313764
v 80.7078 -57.4112 336.085
vn 0.91028 -0.241572 -0.336206
v 81.1256 -56.9642 336.652
vn 0.605804 -0.746181 -0.276072
v 80.2756 -58.0663 337.575
vn -0.711139 -0.527897 0.464334
v 74.06 -57.2715 345.06
vn 0.931674 -0.108333 -0.346766
v 82.0194 -54.1185 336.979
vn 0.774664 -0.598323 -0.204709
v 83.4093 -51.6836 333.782
vn 0.509103 -0.853402 -0.11189
v 82.5998 -53.709 336.945
vn -0.760324 0.18784 0.62179
v 75.7044 -51.2256 348.279
vn 0.856165 -0.46406 -0.227221
v 84.6155 -49.9404 331.721
vn 0.752637 -0.619735 -0.222411
v 84.8412 -49.3745 331.684
vn 0.65366 -0.735023 -0.180193
v 84.2265 -51.3435 334.245
vn -0.55224 0.534791 0.639554
v 75.2729 -50.0244 347.009
vn 0.612091 -0.771543 -0.173396
v 87.753 -45.8755 332.102
vn -0.811851 0.278828 0.512984
v 77.4105 -45.0302 347.329
vn -0.0285599 -0.975094 -0.219944
v 114.689 -46.1553 285.542
vn -0.212453 -0.959897 -0.182923
v 113.872 -46.2324 286.81
vn -0.201916 -0.953145 -0.225267
v 114.401 -46.6417 287.505
vn 0.0732428 -0.9728 -0.219763
v 114.926 -46.4782 286.756
vn -0.213849 -0.959962 -0.180946
v 112.889 -46.975 291.527
vn -0.103954 -0.980574 -0.166336
v 110.28 -46.7839 293.457
vn -0.351796 -0.931686 -0.0905603
v 107.315 -46.8229 299.391
vn -0.632917 -0.700721 -0.329252
v 100.032 -45.7918 309.322
vn -0.816203 -0.541615 -0.201161
v 99.8748 -45.7866 309.578
vn 0.326466 -0.907179 -0.265415
v 100.246 -45.6045 309.086
vn 0.447973 -0.878847 -0.16416
v 100.454 -45.6483 309.913
vn -0.377648 -0.916886 -0.129235
v 101.508 -45.5164 309.482
vn 0.187596 -0.970466 -0.151669
v 100.949 -45.6362 310.907
vn -0.998125 0.0283114 -0.0542761
v 99.7971 -45.0311 310.877
vn 0.409475 -0.902775 -0.131638
v 100.161 -45.9439 310.809
vn -0.937189 -0.32658 -0.122567
v 99.6329 -44.8376 312.514
vn -0.842076 -0.537644 -0.0429851
v 99.7653 -45.838 312.694
vn 0.662073 -0.723585 -0.195152
v 89.2612 -43.0886 328.203
vn 0.718361 -0.649743 -0.24858
v 88.3602 -44.1825 329.193
vn 0.494869 -0.84787 -0.190319
v 89.5881 -43.3598 329.897
vn 0.782841 -0.561211 -0.268705
v 89.4535 -43.6979 330.512
vn 0.843226 -0.388825 -0.371195
v 89.4579 -44.053 330.894
vn 0.124748 -0.96729 -0.220879
v 115.661 -45.6962 284.244
vn -0.852669 -0.522441 -0.00330596
v 97.8153 -42.5385 314.764
vn -0.277699 -0.960611 0.0104776
v 96.633 -41.3755 318.524
vn -0.629646 -0.773199 0.0755581
v 97.051 -41.5952 318.913
vn -0.199965 -0.979766 -0.00858315
v 95.8548 -41.3228 319.806
vn 0.535051 -0.826951 -0.172834
v 90.3484 -42.034 327.063
vn 0.463603 -0.880208 -0.10152
v 91.1433 -41.0537 327.476
vn 0.814412 -0.533975 -0.227164
v 90.93 -41.3305 327.722
vn 0.900501 -0.305101 -0.309856
v 91.0363 -41.7558 328.493
vn 0.674331 -0.678973 -0.290297
v 90.9491 -42.4326 329.209
vn 0.775358 -0.627193 -0.0738128
v 122.922 -42.7205 277.253
vn -0.856768 0.275615 0.435871
v 80.7321 -39.3779 347.03
vn 0.951446 0.300952 0.0646366
v 123.329 -40.4973 275.936
vn 0.992343 0.112236 0.0515539
v 123.495 -41.2263 276.437
vn 0.94678 -0.321568 -0.014199
v 123.451 -41.888 276.882
vn 0.932556 0.360759 0.0138692
v 123.061 -37.7698 277.679
vn 0.922431 0.384568 0.0350351
v 123.567 -38.5815 278.009
vn 0.989101 -0.0667401 -0.131244
v 123.662 -39.2441 278.068
vn 0.94469 0.327506 0.0173535
v 123.086 -35.9628 281.412
vn 0.954788 0.293135 -0.0495124
v 123.403 -36.9173 280.62
vn 0.746052 0.65651 0.111361
v 122.426 -35.4538 283.431
vn 0.936252 0.339412 -0.0907282
v 121.801 -34.3809 281.932
vn 0.737938 0.660989 0.136164
v 122.419 -34.8099 281.281
vn 0.661098 0.747495 0.0648059
v 121.024 -32.8102 284.154
vn 0.688056 0.721846 0.0742743
v 121.497 -32.957 283.397
vn 0.524717 0.835566 0.162795
v 121.277 -33.0021 284.318
vn 0.951123 0.23699 -0.19799
v 121.347 -32.8133 286.096
vn 0.0315127 0.982358 0.184336
v 90.5141 -28.897 334.97
vn -0.10758 0.966933 0.231228
v 89.9598 -29.5225 337.876
vn 0.965339 0.200772 -0.166766
v 121.361 -32.1995 286.41
vn 0.905167 0.408567 -0.117244
v 120.57 -31.1377 288.312
vn 0.118043 0.985259 0.123815
v 98.3046 -27.2902 325.151
vn 0.0784014 0.984048 0.159696
v 94.238 -27.6221 331.499
vn 0.769219 0.636934 -0.0511666
v 119.94 -29.4824 288.499
vn 0.222366 0.957255 0.184974
v 118.094 -29.0432 290.533
vn 0.142065 0.959583 0.242938
v 118.817 -29.1192 289.92
vn 0.36708 0.903805 0.219976
v 119.078 -29.9286 292.234
vn 0.41062 0.91001 0.057203
v 115.562 -27.3969 295.554
vn 0.392905 0.914611 0.0954571
v 114.836 -27.3076 297.214
vn 0.0925453 0.978047 0.186707
v 112.846 -27.0792 299.511
vn 0.221295 0.964797 0.142112
v 113.731 -26.9825 299.332
vn 0.672674 0.736611 -0.0701026
v 112.308 -26.7499 300.566
vn 0.257559 0.953361 0.157372
v 111.818 -27.2718 305.21
vn 0.180567 0.974874 0.130443
v 102.049 -26.9749 319.311
vn 0.0406831 0.990712 0.129747
v 100.143 -26.9756 322.375
vn 0.104341 -0.98986 -0.0963836
v 78.8668 -62.5458 342.007
vn 0.85102 -0.390915 -0.350643
v 79.101 -62.2898 341.779
vn 0.965047 0.0946178 -0.244401
v 79.3896 -61.6846 341.664
vn 0.216012 -0.753128 -0.621399
v 79.1301 -62.6031 342.168
vn -0.65826 -0.518514 0.545745
v 75.8294 -60.9056 344.275
vn -0.179516 -0.977688 0.109092
v 76.473 -62.163 343.702
vn -0.694952 -0.528356 0.487731
v 76.0286 -60.1558 345.575
vn -0.718564 -0.270358 0.64076
v 76.1848 -59.6394 346.216
vn -0.740035 -0.137165 0.658433
v 76.5062 -59.143 346.579
vn -0.730776 -0.336494 0.593918
v 76.4433 -56.5239 348.785
vn -0.731964 -0.00941894 0.681279
v 76.5584 -55.9941 348.906
vn 0.78952 -0.549465 -0.273399
v 81.9917 -55.7646 337.781
vn 0.844774 -0.395268 -0.360721
v 82.557 -54.4221 338.385
vn 0.662672 -0.727079 -0.179501
v 83.2669 -53.813 337
vn -0.0142583 -0.999822 -0.0123795
v 82.6916 -53.7734 337.355
vn 0.262829 -0.964748 0.0135172
v 83.9901 -53.641 338.906
vn 0.940576 -0.126347 -0.315204
v 84.4678 -52.8169 338.694
vn 0.262008 -0.965063 -0.00231031
v 83.7748 -53.6727 339.828
vn 0.706773 -0.678425 -0.200529
v 84.3623 -53.4487 339.027
vn -0.815958 -0.114161 0.566727
v 76.1466 -52.6636 348.77
vn -0.854668 -0.20903 0.475235
v 76.7645 -52.6491 349.911
vn 0.866662 -0.400443 -0.297561
v 84.7384 -52.3535 339.521
vn -0.857514 0.00167957 0.514458
v 77.3011 -50.6175 350.01
vn -0.803676 0.184127 0.565864
v 77.5237 -50.0718 350.177
vn -0.845127 -0.00599579 0.534532
v 77.8256 -48.9975 350.905
vn 0.685385 -0.706601 -0.175962
v 88.6153 -45.6972 334.003
vn 0.752107 -0.623684 -0.212961
v 88.4271 -46.1648 336.024
vn -0.351202 -0.928405 -0.121333
v 105.709 -46.7717 304.378
vn -0.239302 -0.970921 0.0069345
v 107.836 -47.1961 304.277
vn -0.0824811 -0.9962 -0.0279736
v 105.737 -46.9218 306.155
vn -0.850051 -0.521758 -0.0719835
v 99.4728 -45.5203 316.317
vn 0.371596 -0.924272 -0.0873925
v 100.383 -46.4662 317.278
vn -0.793712 -0.605038 -0.0628577
v 98.663 -45.0853 319.652
vn 0.775296 -0.600679 -0.195192
v 88.9601 -45.1877 334.172
vn 0.412124 -0.900619 -0.137986
v 90.007 -44.2907 334.031
vn -0.717416 0.484518 0.500556
v 79.8659 -42.1732 349.178
vn 0.223644 -0.958831 -0.175004
v 119.908 -45.1286 283.679
vn -0.723231 -0.680416 0.118196
v 97.7109 -42.1269 319.921
vn -0.994449 -0.043694 0.0957167
v 98.4178 -44.2527 319.446
vn 0.924451 -0.282996 -0.255547
v 91.8643 -41.3137 330.98
vn 0.9564 -0.109197 -0.270878
v 91.9614 -42.0279 331.533
vn 0.868144 -0.408948 -0.281225
v 92.0248 -42.4037 331.948
vn 0.250794 -0.964177 -0.0863983
v 91.1779 -43.223 333.952
vn -0.837534 0.287578 0.464581
v 81.5184 -40.1172 348.902
vn -0.54496 0.70067 0.460521
v 81.3193 -40.7441 349.455
vn -0.749917 -0.646702 0.139285
v 97.7478 -41.7341 321.314
vn -0.398161 -0.917257 0.0103558
v 97.5054 -41.4206 321.846
vn -0.2076 -0.976523 -0.0574956
v 97.1148 -41.7184 324.085
vn -0.303789 -0.952553 -0.0188492
v 97.9311 -41.8544 323.881
vn -0.239146 -0.970948 -0.00826516
v 94.8747 -40.9766 325.145
vn 0.00669791 -0.999495 -0.0310754
v 93.3617 -40.7237 327.724
vn -0.222327 -0.974966 0.00344322
v 95.0849 -41.0645 327.726
vn 0.146507 -0.987805 -0.0527009
v 92.0782 -40.9379 329.774
vn -0.078744 -0.996721 -0.0186139
v 93.4589 -41.0318 330.954
vn 0.575763 -0.800527 -0.166292
v 92.5765 -41.0913 332.881
vn -0.449784 0.776333 0.44159
v 82.4129 -38.446 348.428
vn -0.793397 0.383498 0.472705
v 81.9183 -39.6882 349.694
vn 0.984504 -0.174284 -0.0194032
v 123.371 -41.546 279.886
vn 0.940103 -0.319181 -0.11971
v 123.844 -40.9735 282.124
vn 0.997972 -0.0606004 -0.0194948
v 123.95 -40.7056 282.269
vn 0.991128 -0.029978 -0.129486
v 123.726 -38.4087 281.97
vn 0.962135 0.264677 0.0651302
v 123.869 -40.007 281.821
vn 0.937821 0.342681 0.0553334
v 123.608 -39.6695 282.341
vn 0.993348 -0.00365542 -0.115092
v 123.659 -39.7647 283.118
vn 0.92394 0.377894 0.0594242
v 123.403 -37.0627 282.03
vn 0.943068 0.32902 0.0486686
v 123.351 -37.1533 283.055
vn 0.937397 0.34585 0.040926
v 123.752 -37.8939 282.998
vn 0.881086 0.460102 0.10952
v 123.672 -37.9745 284.006
vn 0.951694 0.299414 -0.0680364
v 122.849 -36.3875 286.2
vn 0.967847 0.0504287 -0.246433
v 122.951 -36.1801 286.945
vn 0.966451 0.224856 -0.124148
v 122.63 -34.7257 285.949
vn 0.964021 0.219912 -0.14934
v 122.801 -35.5083 286.953
vn 0.979778 0.156833 -0.124252
v 121.595 -32.9897 287.307
vn 0.76097 0.646224 0.0576136
v 122.385 -34.4499 288.233
vn 0.0535864 0.972606 0.2262
v 92.135 -29.897 339.507
vn -0.20406 0.943654 0.260531
v 89.9714 -30.7748 342.48
vn 0.936392 0.265892 -0.229065
v 120.929 -30.8974 290.249
vn 0.95525 -0.0824878 -0.284064
v 121.113 -31.6287 290.718
vn 0.690458 0.720702 0.0621023
v 121.613 -32.3844 290.073
vn 0.897075 0.440753 -0.0315023
v 122.029 -32.8009 290.351
vn 0.675128 0.728942 0.113345
v 121.901 -32.6973 290.617
vn 0.091743 0.929292 0.35777
v 119.466 -30.0851 292.476
vn 0.854675 0.514442 -0.069857
v 121.224 -31.0117 291.491
vn 0.967161 0.123801 -0.221977
v 121.498 -31.5283 291.692
vn 0.0874252 0.990749 0.103792
v 99.0503 -27.978 329.494
vn 0.0409615 0.988096 0.148286
v 98.6729 -28.018 330.671
vn 0.327192 0.91254 0.245391
v 119.772 -29.7492 291.584
vn 0.416443 0.906316 0.071878
v 118.208 -29.6707 294.145
vn 0.62489 0.780706 0.00329815
v 118.973 -29.9812 293.924
vn 0.545966 0.836836 0.0403338
v 118.99 -30.1847 296.748
vn 0.560917 0.825221 0.0661902
v 117.72 -28.7308 299.035
vn 0.430066 0.889319 0.155419
v 117.412 -28.6981 299.549
vn 0.326909 0.93702 0.122983
v 116.107 -28.2272 300.138
vn 0.467799 0.880264 0.0793694
v 116.748 -28.4207 300.183
vn 0.215154 0.969193 0.119889
v 105.843 -27.3418 317.75
vn 0.945658 -0.189684 -0.264105
v 80.2256 -62.2491 344.745
vn 0.00373661 -0.998653 0.0517522
v 79.7902 -62.581 344.66
vn 0.654264 -0.686586 -0.317079
v 80.9861 -59.3363 341.639
vn 0.831779 -0.431157 -0.34964
v 80.4994 -60.5026 345.312
vn -0.709066 -0.305478 0.635537
v 77.9846 -59.7275 348.022
vn 0.463245 -0.854092 -0.236496
v 82.0316 -57.9428 340.762
vn 0.599087 -0.740342 -0.304938
v 82.0351 -58.4699 342.551
vn 0.895033 -0.227118 -0.383841
v 83.1639 -57.8597 342.552
vn 0.663915 -0.722631 -0.192409
v 83.3106 -55.2175 340.277
vn 0.91292 0.0222821 -0.40753
v 83.3773 -54.8688 340.371
vn 0.866755 -0.447217 -0.220755
v 82.5676 -56.2537 340.874
vn 0.873592 -0.42892 -0.229925
v 82.8895 -55.5691 340.751
vn 0.891627 -0.115652 -0.437751
v 82.7335 -56.6386 341.086
vn 0.900325 -0.0424627 -0.433142
v 83.6582 -55.3144 340.841
vn 0.648959 -0.491504 -0.580754
v 82.9712 -56.4184 341.318
vn 0.328356 -0.689805 -0.645253
v 83.4713 -55.5892 340.992
vn 0.44581 -0.636119 -0.629767
v 83.5105 -55.9484 341.316
vn 0.538985 -0.575551 -0.615009
v 83.7074 -55.6757 341.156
vn 0.736568 -0.537442 -0.410637
v 84.1296 -55.9006 342.129
vn 0.923994 -0.178898 -0.337981
v 84.8139 -53.0139 339.614
vn 0.38653 -0.919107 -0.0763927
v 84.82 -53.4419 340.698
vn 0.915812 -0.0418326 -0.399423
v 84.4829 -54.8424 343.048
vn -0.754072 0.247007 0.608575
v 78.3429 -53.0649 352.478
vn -0.662673 0.484599 0.570989
v 78.684 -52.513 352.247
vn -0.874826 0.105596 0.472789
v 78.7947 -52.2298 352.233
vn -0.809817 -0.279156 0.516012
v 78.61 -54.3627 352.11
vn -0.730294 0.388291 0.56205
v 78.8476 -52.9452 352.923
vn -0.858311 0.111915 0.500776
v 79.0642 -52.3783 352.901
vn 0.942644 -0.0354696 -0.331909
v 85.3766 -52.7313 341.359
vn -0.820401 -0.00732272 0.571742
v 79.3817 -50.5793 352.835
vn -0.795752 0.0931422 0.598418
v 79.1203 -51.7919 353.15
vn -0.818612 -0.400735 0.411444
v 79.5205 -50.3574 353.334
vn -0.697096 0.376756 0.61001
v 80.048 -47.6941 353.428
vn 0.714823 -0.661426 -0.227034
v 88.9879 -47.6436 339.614
vn 0.891173 -0.368282 -0.264912
v 89.151 -47.3726 339.568
vn -0.402029 0.773378 0.490162
v 79.9552 -46.916 352.245
vn -0.0247597 -0.982563 -0.184275
v 117.08 -47.9227 293.743
vn -0.249263 -0.94744 -0.200563
v 112.439 -48.3264 298.004
vn -0.14607 -0.972638 -0.18066
v 114.09 -48.5357 297.603
vn -0.371191 -0.922992 -0.101504
v 110.366 -48.3578 301.32
vn -0.126871 -0.989403 -0.0706025
v 103.167 -47.1419 314.786
vn 0.259592 -0.96417 0.0546668
v 103.602 -47.1181 314.694
vn -0.230533 -0.958219 -0.169326
v 102.605 -47.3192 317.963
vn -0.245776 -0.959553 -0.137303
v 102.27 -47.376 318.468
vn -0.602805 -0.797883 0.00274915
v 100.099 -46.4016 319.553
vn -0.967023 -0.202935 0.153899
v 98.6326 -44.8649 321.717
vn -0.752197 -0.649361 0.111934
v 99.3731 -45.5881 323.565
vn 0.774746 -0.592037 -0.221948
v 90.9287 -44.0305 335.611
vn 0.773433 -0.584949 -0.244204
v 89.4521 -45.7647 338.355
vn -0.768273 0.337669 0.543817
v 81.4309 -44.5991 352.99
vn 0.322191 -0.933119 -0.159632
v 120.982 -45.5689 286.45
vn 0.0600586 -0.980565 -0.186778
v 120.295 -45.5321 286.388
vn 0.438381 -0.886903 -0.145689
v 119.323 -46.563 289.732
vn 0.283647 -0.940272 -0.188236
v 119.744 -46.2112 289.258
vn -0.734251 -0.672816 0.0905197
v 98.8339 -42.7748 323.086
vn 0.557257 -0.807471 -0.193533
v 92.1621 -42.9414 333.719
vn 0.508662 -0.852553 -0.120067
v 92.4172 -43.051 335.028
vn 0.929 -0.29829 -0.219048
v 92.729 -42.5906 334.792
vn 0.726529 -0.655858 -0.204955
v 91.6527 -43.486 337.403
vn -0.65201 0.55747 0.513916
v 82.0002 -41.8251 351.893
vn -0.688799 -0.718436 0.0969857
v 98.3929 -42.1559 323.558
vn -0.0933461 -0.994969 -0.0363663
v 97.3812 -41.7783 325.997
vn -0.347788 -0.937417 0.0170938
v 96.3462 -41.6691 327.725
vn -0.177118 -0.981986 0.0658203
v 98.6713 -41.8094 327.468
vn -0.182905 -0.98293 -0.019865
v 97.1443 -41.9302 328.666
vn 0.0560502 -0.997457 -0.044018
v 97.8298 -41.9715 328.728
vn 0.953926 -0.181006 -0.239293
v 92.7826 -41.6494 334.655
vn 0.949777 -0.23512 -0.206501
v 93.1203 -41.9219 336.33
vn -0.597111 0.632289 0.493629
v 83.1793 -39.9497 351.673
vn -0.326412 0.834918 0.443134
v 84.2668 -39.5114 351.959
vn 0.99212 -0.12458 -0.0133538
v 123.872 -41.1506 283.758
vn 0.991531 0.128931 0.015586
v 123.836 -40.8914 283.965
vn 0.995308 0.0936293 -0.0244032
v 124.013 -39.1923 285.696
vn 0.974235 0.220947 0.0452596
v 123.734 -38.9701 287.613
vn 0.996837 0.0394738 -0.0689767
v 123.812 -38.8212 288.762
vn 0.96095 -0.148784 -0.233319
v 123.219 -36.6803 287.981
vn 0.97602 0.0124328 -0.217324
v 123.366 -36.4383 288.261
vn 0.840393 0.527981 0.122374
v 123.481 -37.7096 288.072
vn 0.976847 0.209629 -0.0427161
v 123.25 -37.3464 288.257
vn 0.892145 0.416552 0.174819
v 123.351 -37.7357 288.695
vn 0.995451 -0.0565352 -0.0766821
v 123.29 -37.4336 288.987
vn 0.909468 -0.345855 -0.230764
v 123.453 -37.2119 289.418
vn 0.935816 0.334986 0.109693
v 123.828 -38.5266 288.906
vn -0.395579 0.831999 0.388966
v 88.9209 -32.4477 346.174
vn 0.860276 0.509193 0.0254396
v 122.999 -35.1104 288.646
vn 0.962596 0.257901 -0.0830426
v 123.252 -35.9099 289.555
vn 0.808229 0.583728 0.0776418
v 123.004 -35.3056 289.713
vn 0.975924 -0.130888 -0.174474
v 122.107 -33.5375 291.15
vn 0.863577 0.499017 0.0722226
v 122.167 -34.2957 292.237
vn 0.989852 0.127924 -0.0618724
v 122.401 -33.7883 292.743
vn -0.0845453 0.952225 0.293462
v 93.875 -30.6058 341.645
vn 0.711663 0.698538 0.0747018
v 121.217 -31.0827 293.242
vn 0.9752 -0.0868118 -0.203589
v 121.77 -32.4045 293.316
vn 0.914117 0.405074 -0.0174561
v 121.791 -31.8783 293.641
vn 0.8154 0.570742 0.0968361
v 122.04 -33.4043 293.55
vn 0.981692 0.142073 -0.12687
v 121.871 -33.1472 294.131
vn 0.720034 0.693254 0.0308294
v 120.066 -31.2441 296.067
vn 0.20386 0.921533 0.33048
v 120.85 -31.2999 295.488
vn 0.645216 0.737587 0.199152
v 121.241 -31.4283 295.38
vn 0.974894 0.217854 -0.0460689
v 121.955 -32.3001 294.819
vn 0.881506 0.456652 -0.120068
v 120.101 -31.1489 296.78
vn 0.936496 0.341902 -0.0779668
v 120.592 -31.8949 297.826
vn 0.39672 0.876782 0.271784
v 120.923 -32.0176 297.333
vn 0.802021 0.597234 -0.00866414
v 120.387 -31.1416 298.7
vn -0.252805 0.929962 0.266944
v 94.3856 -29.9009 339.449
vn -0.227519 0.935731 0.269524
v 95.7027 -29.2517 339.487
vn 0.738235 0.672368 -0.0541306
v 118.931 -30.0592 298.103
vn 0.490741 0.86408 0.111974
v 119.946 -30.8101 298.413
vn 0.661677 0.747942 0.0526029
v 119.552 -30.8266 299.579
vn 0.608921 0.789229 0.0795815
v 117.333 -29.0151 301.275
vn 0.477554 0.859359 0.182878
v 118.018 -29.4341 301.713
vn 0.470343 0.871497 0.138816
v 115.611 -28.3939 304.403
vn 0.474558 0.876552 0.08032
v 116.698 -28.8524 302.984
vn 0.167249 0.968275 0.185664
v 117.14 -28.8062 302.894
vn 0.807385 0.587854 -0.0505584
v 117.699 -29.1126 303.599
vn 0.0678247 0.968868 0.238108
v 114.671 -28.514 305.251
vn 0.0691646 0.961978 0.264225
v 115.133 -28.4008 305.168
vn 0.140366 0.956012 0.257563
v 115.666 -29.0097 306.929
vn 0.434542 0.895544 0.0957869
v 115.101 -28.9343 307.287
vn 0.350862 0.924576 0.148512
v 113.474 -28.3155 309.072
vn 0.450217 0.888674 0.0869634
v 112.2 -28.1679 311.801
vn 0.341367 0.931942 0.122282
v 111.288 -28.0781 315.1
vn 0.0492893 0.988726 0.141388
v 100.008 -28.0083 329.717
vn 0.953845 -0.0869104 -0.287448
v 80.4609 -62.1053 345.725
vn 0.32308 -0.943217 -0.0772147
v 80.4813 -62.4537 345.997
vn 0.331745 -0.915077 -0.2293
v 81.1505 -60.1042 345.683
vn 0.489178 -0.824172 -0.285387
v 81.7931 -60.5294 347.967
vn 0.229588 -0.957559 -0.17427
v 82.5301 -60.2711 347.525
vn 0.880771 -0.352937 -0.315719
v 81.4233 -62.0357 348.392
vn 0.575144 -0.725398 -0.378163
v 83.7022 -59.0791 346.738
vn -0.710612 -0.482599 0.511985
v 78.9873 -58.9521 349.826
vn -0.705702 -0.523683 0.477222
v 78.7601 -58.0434 350.716
vn 0.918797 0.0907743 -0.384152
v 84.563 -55.4757 342.865
vn 0.90924 -0.166763 -0.381408
v 85.3905 -55.9233 344.84
vn 0.517043 -0.82972 -0.210311
v 85.7446 -53.2443 344.034
vn 0.688507 -0.625091 -0.367721
v 85.6957 -53.4505 344.37
vn -0.813274 -0.245312 0.527643
v 79.1676 -54.0387 353.469
vn -0.715827 0.152101 0.681511
v 79.4865 -53.5508 353.921
vn -0.731012 0.176941 0.659025
v 79.7247 -52.9865 353.864
vn 0.79128 -0.574131 -0.210357
v 85.9423 -53.0767 343.09
vn 0.755064 -0.582485 -0.300979
v 86.176 -52.8804 343.565
vn 0.441198 -0.831454 -0.337681
v 86.0113 -53.2134 344.217
vn -0.828898 -0.0137359 0.559231
v 79.8408 -50.2154 354.088
vn -0.699946 0.226643 0.67728
v 80.5477 -51.7191 354.46
vn -0.742644 0.128005 0.657339
v 81.0164 -51.5951 354.965
vn 0.777399 -0.552239 -0.301136
v 88.1737 -49.6777 343.373
vn -0.710255 0.292234 0.640419
v 80.5192 -49.2136 354.625
vn -0.278354 -0.948374 -0.152005
v 111.559 -49.0931 303.134
vn -0.596044 -0.801418 -0.0496044
v 111.26 -49.029 303.651
vn -0.80648 0.269294 0.526375
v 81.4129 -46.9047 354.064
vn -0.85349 0.29746 0.427869
v 81.4908 -47.2686 354.323
vn -0.68843 0.50086 0.524598
v 81.4202 -47.6146 354.831
vn -0.820548 0.334066 0.463791
v 81.7039 -47.0558 354.697
vn 0.39417 -0.910604 -0.124217
v 118.539 -47.4924 292.832
vn 0.0302191 -0.984752 -0.171317
v 115.551 -48.6872 298.135
vn 0.195461 -0.97314 -0.121627
v 117.064 -48.6642 298.685
vn -0.701618 -0.712422 0.0136833
v 111.083 -48.7153 308.274
vn 0.0121724 -0.996376 0.0841842
v 105.871 -46.6817 314.266
vn -0.216196 -0.974638 0.0577875
v 106.743 -46.6783 315.835
vn 0.130488 -0.986838 -0.095521
v 102.685 -47.4239 318.368
vn 0.370183 -0.928319 -0.0344643
v 102.878 -47.306 318.125
vn 0.535335 -0.842393 0.061572
v 103.922 -46.2895 320.424
vn -0.241401 -0.97023 0.019486
v 102.127 -47.4232 322.235
vn 0.357015 -0.931946 0.0633877
v 102.422 -47.3686 322.979
vn 0.56835 -0.805713 -0.166748
v 90.8479 -44.7281 339.553
vn 0.292088 -0.951342 -0.0981436
v 120.999 -46.1986 291.405
vn 0.163915 -0.960094 -0.22661
v 119.551 -46.7531 291.632
vn 0.295533 -0.928823 -0.223491
v 119.777 -47.1117 292.842
vn 0.429339 -0.887802 -0.165756
v 120.281 -46.6433 292.409
vn 0.0166971 -0.983472 -0.180289
v 119.345 -47.3396 294
vn 0.334193 -0.933942 -0.126758
v 120.86 -46.3438 292.732
vn 0.257239 -0.959102 -0.118115
v 121.403 -46.3308 293.054
vn 0.215112 -0.966018 -0.143302
v 118.924 -47.3142 294.098
vn -0.187911 -0.977011 0.100695
v 105.735 -46.1645 318.346
vn 0.20435 -0.974289 0.0948754
v 104.681 -45.9717 320.153
vn -0.952855 -0.202429 0.226029
v 99.8491 -43.5625 326.938
vn 0.415711 -0.902852 -0.109744
v 92.2746 -43.2582 338.107
vn 0.756409 -0.630923 -0.172575
v 93.5376 -42.6883 339.518
vn 0.650527 -0.737204 -0.182605
v 91.6448 -44.3713 339.911
vn 0.471674 -0.872557 -0.127154
v 91.9418 -44.4874 341.496
vn 0.802097 -0.592808 -0.0722417
v 123.035 -44.2354 288.627
vn 0.658428 -0.748262 -0.0810975
v 122.039 -45.8618 292
vn -0.700297 -0.663162 0.264197
v 99.3374 -42.1809 327.192
vn -0.522765 -0.827272 0.205759
v 99.5574 -41.9213 328.354
vn -0.80846 -0.533196 0.249188
v 100.318 -42.4578 329.196
vn 0.102363 -0.994572 -0.0186882
v 99.1299 -41.8114 330.293
vn -0.309429 -0.947856 0.0763061
v 99.7637 -41.8094 329.868
vn -0.00769133 -0.999966 -0.00305266
v 99.566 -41.7785 330.798
vn 0.851772 -0.469971 -0.231543
v 93.4058 -41.4212 336.754
vn -0.561645 0.679938 0.471423
v 84.8316 -39.1952 351.827
vn -0.446725 0.75202 0.484668
v 85.1406 -39.7055 352.843
vn -0.719153 0.502384 0.48003
v 85.7501 -39.6539 353.648
vn 0.997565 0.0567503 0.0405498
v 124.019 -41.7135 291.831
vn -0.483804 0.753075 0.445882
v 87.2712 -37.1194 351.477
vn -0.372735 0.821705 0.431126
v 87.1509 -37.7406 352.5
vn 0.837725 0.503831 0.210645
v 123.673 -38.6884 289.656
vn 0.990935 -0.100667 -0.0889632
v 123.887 -39.2676 289.826
vn 0.808704 0.549527 0.209804
v 123.956 -39.365 290.573
vn 0.722735 0.626086 0.292696
v 123.716 -39.5046 291.491
vn 0.97592 0.191649 0.104164
v 123.909 -41.3935 292.091
vn 0.980413 -0.177976 -0.0843446
v 123.406 -39.8848 294.132
vn 0.999806 0.0187057 -0.00614545
v 123.295 -38.5198 290.361
vn 0.925697 -0.343145 -0.159172
v 123.372 -37.9617 290.824
vn 0.942831 0.332745 0.0187433
v 123.667 -36.5208 291.246
vn 0.95167 -0.26413 -0.156712
v 123.754 -37.4469 290.836
vn 0.961958 0.255328 0.0971799
v 123.505 -36.9616 292.931
vn 0.921253 -0.341963 -0.185348
v 123.679 -38.2626 292.861
vn 0.996466 0.0465874 0.0699005
v 123.797 -38.016 293.18
vn 0.963044 0.22612 0.146339
v 123.646 -38.0349 293.792
vn 0.995775 -0.0630708 -0.066746
v 123.725 -38.6964 293.887
vn 0.835681 0.537639 0.112171
v 123.466 -36.1677 291.443
vn 0.846416 0.520494 0.112543
v 123.217 -36.2534 292.981
vn 0.982525 -0.113357 -0.147633
v 122.618 -35.0522 295.232
vn 0.86656 0.486328 0.112066
v 122.895 -36.2003 295.311
vn 0.880047 0.452271 0.144806
v 122.493 -34.6593 295.66
vn 0.99626 0.0841937 -0.0194365
v 122.231 -34.47 296.784
vn 0.899106 0.400989 0.175544
v 122.305 -35.2136 297.687
vn -0.326166 0.894901 0.304577
v 94.8846 -30.4616 341.887
vn -0.0361388 0.961752 0.271528
v 94.5835 -31.3704 344.222
vn -0.0178941 0.958958 0.282984
v 92.4237 -31.2709 345.377
vn -0.167965 0.916014 0.364288
v 92.0185 -32.5063 348.724
vn 0.988629 0.114018 -0.0980391
v 122.051 -33.6374 295.323
vn 0.994727 0.0127669 -0.101764
v 122.371 -33.8978 296.932
vn 0.914936 0.388775 0.108381
v 122.293 -33.6261 297.566
vn 0.948776 0.303453 -0.0879741
v 120.64 -31.7049 298.891
vn 0.925826 0.376238 0.0359313
v 120.697 -31.7554 299.629
vn 0.651879 0.74205 0.156255
v 120.463 -31.4728 300.168
vn 0.715453 0.695837 0.0627558
v 120.022 -31.3544 300.947
vn 0.96185 0.272834 -0.02016
v 120.855 -32.5105 300.127
vn 0.854343 0.514243 0.0751822
v 120.565 -32.092 302.023
vn 0.324023 0.937613 0.126063
v 96.9516 -29.3729 339.191
vn 0.134417 0.970815 0.198624
v 96.4812 -29.3529 339.959
vn 0.107986 0.980525 0.164044
v 97.4952 -29.5199 338.825
vn 0.655583 0.748297 0.101307
v 118.303 -29.969 303.322
vn 0.760432 0.647353 0.0517441
v 119.869 -30.9152 302.574
vn 0.672123 0.727221 0.139285
v 117.91 -29.525 304.804
vn 0.388098 0.891655 0.23309
v 117.597 -29.5102 305.317
vn 0.63584 0.750826 0.178794
v 119.685 -31.1441 304.579
vn 0.749031 0.649853 0.12901
v 119.034 -31.016 305.932
vn 0.430623 0.883873 0.182571
v 116.44 -29.7151 308.841
vn 0.551822 0.82399 0.128583
v 116.226 -29.7378 309.765
vn 0.649847 0.749656 0.125355
v 116.928 -30.263 309.521
vn 0.551338 0.826036 0.117008
v 115.847 -29.6872 311.285
vn 0.198653 0.966407 0.163076
v 109.177 -28.7139 322.285
vn 0.148084 0.974723 0.167293
v 105.674 -28.3264 325.768
vn 0.185866 0.971382 0.147888
v 104.35 -28.5088 327.791
vn 0.34193 0.933123 0.111201
v 103.978 -28.5309 328.971
vn 0.00361994 0.985138 0.171725
v 101.649 -28.7282 333.196
vn 0.614806 -0.771224 -0.165008
v 81.4503 -62.1569 348.767
vn -0.151747 -0.977636 0.145607
v 81.2597 -62.2651 349.011
vn -0.691507 -0.469387 0.549085
v 81.5003 -62.0369 350.538
vn 0.330797 -0.937852 -0.104911
v 81.9812 -62.1013 350.479
vn 0.720386 -0.545838 -0.427907
v 82.6663 -61.0405 350.425
vn 0.767571 -0.522103 -0.37181
v 82.5635 -61.7106 350.798
vn 0.317681 -0.861936 -0.395151
v 84.6226 -58.7396 346.912
vn 0.804535 -0.251158 -0.538185
v 85.0227 -58.541 346.89
vn 0.759591 -0.449097 -0.47046
v 85.7858 -58.865 347.852
vn 0.595168 -0.715349 -0.366129
v 83.5438 -59.7373 347.391
vn 0.264044 -0.889858 -0.372066
v 85.5084 -59.1302 348.168
vn 0.194327 -0.965367 -0.174079
v 83.33 -60.3493 349.757
vn 0.44772 -0.828533 -0.336272
v 83.2151 -60.5717 350.407
vn 0.285079 -0.930148 -0.231418
v 84.03 -60.3414 349.823
vn 0.88918 -0.0155035 -0.457295
v 85.2144 -57.971 346.911
vn 0.898778 -0.0358801 -0.436933
v 85.2101 -57.6739 347.089
vn 0.782557 -0.462166 -0.417142
v 85.8005 -57.2988 347.859
vn 0.871522 -0.245924 -0.42423
v 86.2687 -55.1328 346.853
vn -0.744545 -0.256955 0.616139
v 80.5592 -54.918 354.971
vn -0.704418 -0.017113 0.70958
v 81.7961 -54.4676 356.211
vn 0.745997 -0.554909 -0.368192
v 87.3584 -53.705 348.178
vn -0.684133 -0.727539 -0.0514637
v 111.791 -49.6955 307.164
vn -0.265402 -0.956549 -0.120734
v 112.096 -49.8437 307.182
vn 0.727414 -0.621007 -0.291923
v 89.9388 -48.3488 343.731
vn 0.298547 -0.949674 -0.094807
v 117.631 -48.4546 301.457
vn 0.155258 -0.982474 -0.103148
v 118.569 -48.3434 300.608
vn 0.0496913 -0.99384 -0.0990614
v 113.842 -49.7888 305.594
vn -0.889325 -0.457126 0.0116993
v 111.55 -49.3231 310.143
vn 0.777855 -0.547035 -0.309344
v 90.511 -46.5755 343.186
vn 0.49923 -0.864082 -0.0642781
v 121.456 -46.5759 295.203
vn 0.525193 -0.84785 -0.0729593
v 120.318 -47.3374 295.98
vn -0.962463 0.0501031 0.266748
v 100.289 -44.2018 328.832
vn -0.92846 -0.286682 0.236168
v 100.739 -45.4425 330.362
vn 0.657473 -0.720066 -0.221886
v 92.2029 -44.5653 343.407
vn 0.659986 -0.724411 -0.199117
v 92.9748 -44.2555 344.126
vn 0.624645 -0.749374 -0.219674
v 93.3662 -43.7698 344.392
vn -0.868236 0.160938 0.469324
v 84.855 -42.1497 356.023
vn -0.76159 0.421395 0.492349
v 84.9818 -42.8623 356.476
vn -0.776451 0.368345 0.511318
v 85.3203 -42.3798 356.924
vn -0.779364 0.294964 0.5528
v 85.1648 -43.3086 357.232
vn -0.960107 -0.113768 0.255443
v 100.769 -43.1894 329.831
vn -0.259858 -0.965033 0.0344157
v 100.15 -41.8398 332.2
vn -0.0889066 -0.996038 -0.00218031
v 98.9271 -42.1039 336.389
vn -0.261122 -0.964842 0.0299128
v 97.0414 -41.0737 337.64
vn 0.0361951 -0.998684 -0.0363421
v 95.7906 -40.8455 340.377
vn 0.998527 -0.0418879 -0.034494
v 123.82 -41.8897 294.105
vn 0.995991 -0.0634703 0.0630434
v 123.827 -42.8857 294.6
vn 0.936666 -0.350168 -0.00631522
v 123.653 -43.7648 294.479
vn 0.945283 0.245692 0.214653
v 123.464 -42.0604 296.773
vn -0.515764 0.721804 0.461505
v 87.8958 -39.2928 356.205
vn 0.912097 -0.334021 -0.237716
v 123.658 -39.3236 294.064
vn 0.833117 -0.515571 -0.200256
v 123.559 -39.7627 294.564
vn 0.864614 0.443508 0.2361
v 123.528 -40.9513 294.982
vn 0.963617 -0.245629 -0.105397
v 123.893 -39.4991 295.094
vn 0.97537 0.170002 0.140543
v 123.899 -41.3281 294.53
vn 0.87689 -0.463581 -0.127112
v 123.441 -40.4327 296.292
vn 0.998644 0.0165766 0.0493487
v 123.755 -39.9118 296.441
vn 0.996082 -0.0822911 0.0323731
v 123.297 -41.0871 296.954
vn -0.541958 0.696362 0.47049
v 88.9897 -36.719 352.507
vn 0.950954 0.302423 0.0650099
v 123.799 -37.6384 295.604
vn 0.962076 0.264103 0.0682521
v 123.004 -37.1568 299.294
vn 0.908823 0.395474 0.132818
v 123.262 -37.7992 299.144
vn 0.926083 0.356913 0.122409
v 122.846 -36.0047 297.717
vn 0.79614 0.548891 0.254715
v 122.625 -35.9264 298.28
vn 0.995076 0.0971922 0.0194041
v 122.494 -35.1834 299.897
vn 0.895902 0.440648 0.0564752
v 121.725 -34.7474 303.956
vn -0.321121 0.893766 0.31315
v 95.5924 -32.0299 346.97
vn 0.719908 0.657058 0.223623
v 121.804 -33.8147 300.787
vn 0.650555 0.722693 0.233436
v 121.587 -33.7915 301.181
vn 0.914924 0.401148 0.0446551
v 121.588 -34.1015 304.178
vn 0.759046 0.627739 0.172606
v 120.43 -32.6986 307.235
vn 0.783572 0.601543 0.155436
v 119.578 -32.3589 308.802
vn 0.149955 0.970037 0.191159
v 101.285 -29.7888 339.703
vn 0.0668556 0.968966 0.23798
v 99.3315 -29.902 340.997
vn 0.526425 0.821407 0.219471
v 118.431 -31.1638 309.082
vn 0.69686 0.698534 0.162593
v 119.193 -31.7145 309.198
vn 0.451724 0.882956 0.127807
v 113.731 -29.6367 315.618
vn 0.582734 0.808204 0.0850127
v 113.507 -29.5307 317.227
vn 0.250063 0.958813 0.134709
v 103.689 -28.9103 333.375
vn 0.357775 0.920643 0.156249
v 104.794 -29.3061 331.963
vn 0.0402302 0.979138 0.199172
v 101.924 -29.5605 337.619
vn 0.332657 -0.92024 -0.206152
v 83.4998 -61.8649 352.767
vn -0.714218 -0.493985 0.495854
v 83.454 -61.8957 353.416
vn 0.856187 -0.358135 -0.372403
v 85.993 -59.0059 348.625
vn 0.341995 -0.857938 -0.383381
v 85.3234 -59.7728 349.853
vn 0.461144 -0.798273 -0.387435
v 86.0439 -59.4245 349.49
vn 0.77116 -0.418201 -0.480021
v 86.5391 -59.3037 349.951
vn 0.227778 -0.938228 -0.26047
v 83.8595 -60.5941 351.14
vn 0.217491 -0.921905 -0.320606
v 85.1709 -60.1273 350.488
vn -0.71023 -0.39822 0.580512
v 82.0911 -59.0682 354.27
vn 0.930693 -0.0497949 -0.362396
v 85.9629 -58.66 348.404
vn 0.904195 0.108771 -0.413038
v 86.0047 -58.0597 348.558
vn 0.793176 -0.388955 -0.468599
v 87.0597 -57.2265 349.654
vn 0.862907 -0.187359 -0.469349
v 86.831 -58.1527 350.145
vn 0.823577 -0.360492 -0.437911
v 87.711 -53.9044 349.103
vn -0.758966 -0.265254 0.594652
v 82.8954 -52.163 358.149
vn -0.746445 -0.394076 0.536212
v 83.4248 -52.9362 358.039
vn -0.681518 -0.0338107 0.73102
v 83.6376 -53.9676 358.289
vn -0.712841 0.0455188 0.699847
v 83.8159 -53.396 358.332
vn 0.862112 -0.31364 -0.397985
v 90.5454 -50.3561 349.264
vn -0.710291 0.221524 0.668142
v 82.888 -51.2145 358.114
vn -0.640388 0.34131 0.688048
v 83.2991 -50.3745 357.937
vn -0.704641 0.206055 0.678986
v 83.3906 -50.089 357.955
vn -0.627749 0.253026 0.736144
v 83.6999 -51.5444 358.993
vn -0.176151 -0.9805 -0.0871266
v 112.33 -50.3837 312.434
vn 0.867329 -0.293725 -0.401829
v 90.4135 -49.6311 348.707
vn 0.658389 -0.678547 -0.325728
v 90.5627 -49.3626 348.724
vn 0.557551 -0.774356 -0.299182
v 91.4158 -49.0527 349.21
vn 0.329257 -0.942192 -0.0621567
v 116.405 -49.4343 304.646
vn 0.353971 -0.935222 -0.00806563
v 115.486 -49.7963 310.073
vn -0.952179 -0.305541 -0.000286032
v 111.777 -49.9136 311.812
vn -0.985116 -0.170451 0.0222207
v 111.853 -49.9423 314.917
vn 0.770402 -0.525509 -0.360999
v 92.17 -46.0175 345.591
vn 0.841008 -0.410805 -0.352059
v 93.0984 -45.8648 347.183
vn 0.879078 -0.293374 -0.375705
v 92.2272 -47.594 348.153
vn 0.563345 -0.785884 -0.255007
v 93.1352 -46.3039 348.287
vn 0.745583 -0.665744 0.0298254
v 120.638 -46.9694 301.042
vn 0.586475 -0.809851 -0.0136837
v 119.947 -47.9323 302.8
vn 0.285843 -0.957232 -0.0447227
v 118.517 -48.5149 303.389
vn -0.226633 -0.971187 0.0737072
v 106.02 -45.5612 324.77
vn 0.446771 -0.892396 0.0634442
v 104.423 -45.7547 326.632
vn 0.127648 -0.991052 0.039017
v 105.541 -45.2921 328.664
vn 0.298195 -0.949725 0.0954038
v 102.233 -46.5682 330.984
vn 0.429937 -0.901071 0.0567948
v 103.375 -45.8012 331.259
vn -0.806711 -0.558705 0.192527
v 101.292 -46.023 331.433
vn -0.943584 -0.10222 0.31496
v 101.212 -45.4279 331.985
vn -0.940205 -0.0630584 0.33472
v 101.503 -44.1864 332.826
vn -0.452112 -0.881401 0.136846
v 101.851 -46.4507 332.148
vn -0.856449 -0.437013 0.274801
v 101.742 -46.0135 333.1
vn -0.0796675 -0.986221 0.144985
v 102.09 -46.3915 332.986
vn 0.375461 -0.924688 0.063103
v 102.381 -46.3195 333.154
vn -0.645415 -0.707664 0.28749
v 102.089 -46.2315 333.673
vn -0.912137 -0.194602 0.360743
v 102.039 -45.8762 333.967
vn 0.627746 -0.745775 -0.223058
v 94.0951 -43.3616 344.447
vn 0.861696 -0.363245 -0.354307
v 92.7806 -45.3614 346.258
vn 0.693034 -0.720895 0.00384774
v 122.029 -45.8178 297.688
vn 0.73802 -0.674647 -0.0133039
v 122.608 -45.4182 298.255
vn 0.955744 -0.268352 0.12058
v 122.786 -44.7508 300.413
vn 0.78126 -0.621223 0.0609554
v 122.346 -45.6103 300.862
vn -0.757933 -0.621082 0.199484
v 101.294 -42.2332 334.289
vn 0.0281827 -0.999017 -0.0342272
v 100.159 -41.9056 335.71
vn 0.504017 -0.84047 -0.198942
v 95.9272 -41.2325 344.686
vn 0.764578 -0.597564 -0.241533
v 95.7786 -41.7856 345.687
vn -0.699934 0.505716 0.504325
v 87.2172 -40.4106 356.791
vn -0.453185 0.733301 0.506845
v 86.5576 -41.9173 358.046
vn -0.330988 0.810304 0.483586
v 87.1455 -41.9427 358.398
vn -0.645796 0.555963 0.523309
v 87.8252 -41.7215 358.621
vn 0.988656 -0.0158935 0.149353
v 123.21 -43.4652 298.929
vn 0.989981 -0.126651 0.0624351
v 123.135 -42.3063 300.094
vn -0.289207 0.856666 0.42718
v 89.5512 -39.0018 356.82
vn -0.487314 0.706348 0.513417
v 89.0415 -40.2025 358.703
vn 0.949168 -0.313089 -0.0324766
v 123.265 -41.7199 300.129
vn 0.997542 -0.0605382 0.0352969
v 123.653 -39.9597 300.238
vn 0.963727 -0.26638 -0.0164669
v 123.404 -41.5283 300.922
vn 0.959286 0.237245 0.153247
v 123.524 -39.3273 300.81
vn 0.905883 0.372162 0.202167
v 122.522 -38.0176 302.918
vn 0.999832 -0.00512793 0.0176133
v 122.384 -37.797 304.219
vn 0.949665 0.312972 0.0136143
v 121.751 -34.9387 305.735
vn 0.89492 0.433316 0.106558
v 122.131 -35.6228 305.188
vn -0.0759466 0.946208 0.314519
v 95.614 -32.9707 350.55
vn 0.823861 0.547491 0.146653
v 120.396 -33.3792 309.714
vn 0.513364 0.841281 0.16942
v 118.476 -31.9982 311.969
vn 0.651781 0.7463 0.134975
v 119.227 -32.3046 311.773
vn 0.948651 0.316294 0.00433795
v 119.665 -33.0752 312.405
vn 0.569695 0.811876 0.12769
v 119.109 -32.4316 313.077
vn -0.25604 0.917287 0.305004
v 96.8428 -31.2314 346.608
vn -0.105728 0.941437 0.320183
v 97.7599 -31.8266 348.947
vn 0.590022 0.796534 0.131941
v 117.839 -31.7778 313.672
vn 0.32358 0.929949 0.174618
v 110.554 -30.0041 327.048
vn 0.0549249 0.969358 0.239433
v 106.228 -30.3508 334.992
vn 0.0133434 0.974884 0.222315
v 102.932 -29.6339 338.925
vn 0.341991 0.924797 0.166711
v 103.34 -29.7041 338.823
vn 0.521567 -0.759852 -0.388062
v 84.2311 -61.9635 353.909
vn -0.543385 -0.734052 0.407308
v 84.2168 -61.8489 354.592
vn 0.345173 -0.910672 -0.227007
v 84.7022 -62.0305 354.895
vn -0.444447 -0.732003 0.516371
v 84.8827 -61.8809 355.285
vn 0.592409 -0.639307 -0.490243
v 87.6364 -59.842 352.033
vn 0.526389 -0.743725 -0.412054
v 85.1409 -61.2434 354.05
vn 0.8203 -0.2202 -0.527845
v 87.7474 -59.5588 352.018
vn -0.661949 -0.148982 0.734594
v 85.8416 -54.1626 359.978
vn -0.583057 0.36305 0.726801
v 84.6213 -51.2366 359.471
vn 0.38108 -0.924531 0.00452218
v 116.164 -49.3236 310.443
vn 0.416742 -0.908238 -0.0378015
v 114.758 -50.1378 314.609
vn 0.435563 -0.895725 -0.0892295
v 115.674 -49.4679 314.71
vn -0.952518 -0.304481 0.00136799
v 111.94 -50.5451 317.461
vn -0.850936 -0.525196 0.00885202
v 111.862 -49.4321 319.081
vn 0.673158 -0.700702 -0.236378
v 93.6782 -46.2549 349.307
vn 0.832715 -0.356466 -0.423695
v 93.3107 -46.8863 350.383
vn 0.63087 -0.721512 -0.28535
v 93.4913 -46.5805 350.268
vn 0.890272 -0.22718 -0.394722
v 93.2995 -47.536 350.62
vn 0.831804 -0.336258 -0.441624
v 93.5198 -47.324 350.982
vn 0.748056 -0.662696 0.0353074
v 120.078 -47.186 307.372
vn 0.176737 -0.981644 -0.0716859
v 117.644 -48.8217 309.539
vn 0.4318 -0.900451 -0.052305
v 118.777 -48.6646 310.183
vn -0.456706 -0.88883 0.0374306
v 109.077 -47.1366 322.507
vn 0.280149 -0.959938 -0.00592514
v 103.752 -45.5383 334.964
vn -0.7776 -0.47654 0.41018
v 102.257 -45.9909 334.456
vn -0.912649 -0.0376866 0.407004
v 102.345 -45.7318 334.738
vn 0.00101281 -0.977962 0.208779
v 102.623 -46.1224 334.683
vn 0.235836 -0.970064 0.0579461
v 103.253 -45.7878 335.734
vn -0.719097 -0.571346 0.395555
v 103.078 -45.7614 335.978
vn -0.896146 -0.196193 0.398032
v 103.01 -45.4507 336.207
vn 0.921849 -0.175612 -0.345477
v 93.8582 -45.3539 349.198
vn 0.666978 -0.691256 -0.278039
v 94.1035 -44.8284 349.107
vn 0.851073 -0.391004 -0.350415
v 94.0112 -45.1078 349.422
vn 0.855354 -0.393832 -0.33655
v 94.1984 -45.8654 350.138
vn -0.661162 0.460528 0.592266
v 87.8466 -43.1951 360.656
vn 0.692818 -0.717927 0.0677066
v 121.044 -46.5354 304.402
vn 0.930989 -0.350579 0.101754
v 122.112 -44.9459 304.224
vn 0.816523 -0.572221 0.0765068
v 121.338 -45.873 306.279
vn -0.931922 -0.173802 0.318301
v 102.921 -44.4384 335.788
vn -0.436121 0.716094 0.544984
v 88.0343 -42.9261 360.559
vn 0.966826 -0.248239 0.0602097
v 122.565 -43.4378 303.544
vn 0.924923 -0.380084 0.00728871
v 122.847 -42.9932 304.521
vn -0.558187 0.659572 0.503381
v 91.6721 -39.4463 359.092
vn -0.569478 0.656213 0.495055
v 92.3451 -37.6863 358.39
vn -0.327856 0.815174 0.477496
v 92.8848 -37.3711 358.339
vn -0.323577 0.840764 0.434067
v 93.5577 -34.9874 355.069
vn -0.522488 0.70208 0.483828
v 92.2922 -36.1502 355.839
vn 0.80098 0.566984 0.192249
v 121.581 -35.4238 310.917
vn 0.960474 0.272943 0.0547022
v 122.099 -36.1701 310.58
vn -0.263135 0.905299 0.333456
v 97.3176 -33.6403 353.363
vn 0.913497 0.405039 0.0383067
v 119.836 -33.3348 313.925
vn 0.996354 -0.0150012 -0.0839853
v 119.919 -34.1073 315.08
vn 0.76613 0.608258 0.207523
v 120.121 -34.6996 314.893
vn 0.986681 0.162663 0.00115082
v 119.937 -34.4526 315.33
vn 0.307646 0.929154 0.205004
v 106.445 -30.9539 337.264
vn 0.530946 0.829551 0.173037
v 106.211 -31.0483 338.181
vn -0.0216164 0.966839 0.254469
v 103.186 -31.2931 344.686
vn 0.158925 0.960376 0.228955
v 102.472 -31.1812 344.711
vn 0.0952333 0.954847 0.281423
v 99.1256 -31.9271 349.068
vn 0.593445 0.796608 0.11506
v 116.826 -31.6101 319.005
vn 0.433802 0.887568 0.155045
v 116.132 -31.4842 321.381
vn 0.467283 0.875509 0.123006
v 106.072 -30.7234 337.025
vn 0.461449 0.873834 0.153226
v 105.698 -30.5853 337.492
vn -0.21608 0.94205 0.256614
v 107.015 -30.6383 336.531
vn 0.0385848 0.968431 0.246279
v 107.662 -30.6449 337.268
vn -0.00310328 -0.996908 0.078522
v 85.8165 -61.7437 356.238
vn 0.173737 -0.981537 -0.0800007
v 86.2702 -61.7513 356.159
vn -0.496036 -0.601569 0.62615
v 86.2894 -61.509 356.801
vn -0.183974 -0.942214 0.279975
v 86.6247 -61.7442 356.719
vn 0.104834 -0.954738 -0.27836
v 87.836 -61.4045 354.967
vn 0.0323452 -0.991064 -0.129404
v 87.8243 -61.712 357.432
vn -0.347442 -0.843091 0.410464
v 87.3033 -61.6458 357.467
vn 0.797332 -0.19375 -0.571596
v 89.1468 -57.9417 353.67
vn -0.639029 -0.328682 0.695421
v 85.6556 -57.4605 358.968
vn 0.827393 -0.233003 -0.511009
v 89.8876 -56.0132 354.185
vn 0.814531 -0.167291 -0.555475
v 90.058 -57.6905 354.725
vn 0.759858 -0.468758 -0.450425
v 91.3012 -53.6889 355.034
vn -0.710274 0.0199457 0.703643
v 86.4021 -52.2701 361.356
vn -0.552927 -0.829506 -0.0786871
v 112.281 -51.1742 321.559
vn -0.633003 -0.76708 -0.104381
v 112.391 -51.389 323.039
vn 0.764254 -0.472563 -0.438862
v 92.4355 -50.0356 352.942
vn 0.117865 -0.986077 -0.117302
v 116.141 -49.3367 314.629
vn 0.476611 -0.872659 -0.106338
v 115.103 -50.0855 316.164
vn 0.25862 -0.952507 -0.160766
v 115.894 -49.6998 316.258
vn 0.0435866 -0.983119 -0.177699
v 116.49 -49.6569 316.259
vn 0.249722 -0.963524 -0.0962328
v 115.387 -50.1418 318.941
vn -0.981867 -0.18956 -0.00194814
v 112.038 -50.6278 321.025
vn 0.159764 -0.982538 -0.0953709
v 112.634 -51.1753 321.584
vn -0.850985 -0.520382 -0.070895
v 112.125 -51.1941 323.217
vn 0.760416 -0.505538 -0.407675
v 94.21 -46.6337 351.458
vn 0.788543 -0.614857 0.0122793
v 119.27 -48.2464 310.816
vn 0.0537429 -0.99415 -0.0936889
v 117.7 -49.3216 314.507
vn 0.684667 -0.728834 -0.00572284
v 118.718 -49.0459 314.044
vn 0.349594 -0.936197 -0.036328
v 118.219 -49.3891 314.821
vn 0.0718498 -0.996564 -0.041201
v 117.748 -49.3691 315.589
vn 0.090783 -0.995425 -0.0297797
v 118.146 -49.3758 315.827
vn -0.501352 -0.86471 0.0303947
v 107.504 -45.7823 330.569
vn -0.877628 -0.372598 0.301564
v 103.802 -45.4649 338.487
vn -0.0697841 -0.997362 0.0200009
v 104.296 -45.6179 338.793
vn -0.789311 -0.564596 0.241287
v 104.152 -45.568 339.053
vn 0.801404 -0.463835 -0.377635
v 94.9592 -45.2994 351.617
vn 0.673526 -0.660505 -0.331806
v 95.5402 -44.9503 352.071
vn -0.733085 0.344657 0.586343
v 89.1921 -44.1227 362.758
vn 0.786156 -0.617507 0.0253716
v 120.984 -45.8802 310.617
vn 0.812383 -0.583108 0.00432927
v 119.841 -47.4034 313.195
vn -0.193463 -0.981076 -0.00791381
v 106.82 -45.3702 333.689
vn -0.798998 -0.503252 0.32915
v 103.91 -45.3648 338.894
vn -0.864128 -0.379416 0.330647
v 103.629 -44.6867 339.216
vn -0.913256 -0.241806 0.327863
v 104.016 -44.9514 339.628
vn -0.884241 -0.404095 0.234147
v 104.153 -45.2205 339.846
vn 0.664427 -0.680784 -0.308333
v 96.8497 -42.6068 350.583
vn -0.552842 0.624487 0.551708
v 89.4997 -43.5668 362.584
vn 0.892179 -0.448585 0.0527994
v 121.944 -44.7367 311.807
vn -0.809318 -0.532628 0.247611
v 103.304 -42.6337 339.735
vn -0.423817 -0.902887 0.0719266
v 103.063 -42.3728 340.273
vn -0.607605 -0.772941 0.182697
v 104.182 -42.9405 342.03
vn -0.239728 -0.970585 -0.0222636
v 102.413 -42.0992 342.665
vn 0.0906982 -0.991365 -0.0947096
v 101.85 -42.228 344.088
vn -0.0501568 -0.996903 -0.0605622
v 101.048 -42.4204 344.674
vn -0.437914 -0.898893 0.0149083
v 100.264 -42.0611 347.33
vn 0.437494 -0.853489 -0.283118
v 97.6474 -41.7324 349.946
vn 0.0188793 -0.988318 -0.151232
v 98.1155 -41.5968 349.865
vn -0.313406 -0.947914 -0.0568902
v 99.7878 -41.7345 349.472
vn 0.988988 -0.113954 0.0944354
v 122.859 -42.4113 307.985
vn 0.961318 0.186213 0.202959
v 122.762 -41.8163 308.584
vn -0.691289 0.502511 0.519232
v 94.4054 -37.5134 359.969
vn 0.999398 -0.0309057 0.0157542
v 122.19 -38.871 312.127
vn 0.997259 0.0603953 0.0427453
v 122.243 -38.4493 313.98
vn -0.228959 0.898965 0.373416
v 97.0223 -35.4809 357.169
vn -0.530399 0.672947 0.515576
v 94.6616 -37.2873 360.092
vn 0.744736 0.632833 0.211873
v 120.726 -35.387 315.304
vn 0.952443 0.301042 0.0471827
v 121.199 -36.0403 314.933
vn 0.766984 0.592776 0.245665
v 121.32 -36.6893 314.786
vn 0.898766 0.400463 0.178461
v 121.958 -37.7709 315.51
vn 0.621823 0.76935 0.146415
v 117.322 -32.8191 324.636
vn -0.0914542 0.95629 0.277751
v 107.227 -32.0586 341.309
vn 0.435065 0.890073 0.135977
v 105.338 -31.4685 343.29
vn 0.522347 0.840503 0.143904
v 106.094 -31.7567 342.711
vn 0.364797 0.907482 0.208326
v 104.983 -31.3788 344.122
vn 0.100714 0.960303 0.260143
v 103.835 -32.3075 348.403
vn 0.437287 0.884213 0.164156
v 116.131 -32.3365 325.641
vn 0.418087 0.894676 0.157344
v 114.178 -31.8492 331.44
vn 0.386211 0.897324 0.213659
v 111.47 -32.0423 335.089
vn 0.534336 0.824524 0.18613
v 110.827 -31.676 335.729
vn -0.452424 -0.771738 0.446914
v 89.0165 -61.6942 358.841
vn -0.665255 -0.433742 0.607704
v 88.6625 -60.596 359.45
vn -0.684447 -0.347496 0.640921
v 88.663 -54.9606 362.701
vn -0.645507 -0.750599 -0.141147
v 112.188 -51.5891 325.032
vn -0.657014 -0.749971 -0.0766561
v 112.406 -51.8145 326.928
vn -0.562869 -0.821214 -0.0937347
v 112.271 -51.9463 328.257
vn 0.316409 -0.945045 -0.0823078
v 114.827 -50.975 324.112
vn -0.876635 -0.478747 -0.0480819
v 112.139 -51.5784 326.898
vn 0.787163 -0.481606 -0.385266
v 94.8013 -48.4127 354.825
vn -0.770732 0.229243 0.594491
v 89.7462 -47.9735 364.99
vn 0.748388 -0.652347 -0.119828
v 118.686 -48.9312 316.116
vn 0.795802 -0.605554 -0.00168682
v 119.053 -48.4346 316.299
vn 0.812977 -0.566758 -0.133619
v 118.589 -49.2907 316.784
vn 0.289617 -0.956232 -0.0417374
v 117.926 -49.6174 319.912
vn -0.771981 0.263351 0.578525
v 90.0356 -46.1132 364.41
vn -0.508629 -0.860708 -0.0218708
v 107.426 -45.6589 336.112
vn -0.639061 -0.736595 0.221426
v 104.52 -45.6929 340.331
vn -0.801763 -0.552976 0.226701
v 104.47 -45.4535 340.984
vn -0.183802 -0.975993 0.116856
v 104.956 -45.6328 341.286
vn 0.00526555 -0.99984 -0.0170799
v 105.394 -45.6001 341.195
vn -0.932762 0.000719435 0.360491
v 104.811 -44.0796 342.138
vn -0.859686 -0.26808 0.434826
v 104.762 -43.7463 342.093
vn -0.15957 -0.986079 0.0467461
v 105.04 -45.5595 342.381
vn 0.675508 -0.625583 -0.3903
v 96.9623 -44.2257 353.766
vn 0.351264 -0.861114 -0.367554
v 98.9884 -43.1434 354.695
vn -0.638512 0.549425 0.53892
v 91.2449 -43.3517 364.652
vn 0.976423 -0.15611 0.149087
v 121.805 -44.3084 314.142
vn -0.779364 -0.50889 0.365545
v 104.437 -43.3121 341.859
vn -0.858337 -0.333042 0.390309
v 104.968 -43.5326 342.479
vn -0.618228 -0.77014 0.157095
v 104.991 -43.1969 343.23
vn -0.879241 -0.432309 0.200112
v 105.34 -43.465 343.808
vn -0.283812 -0.956112 -0.0728012
v 103.393 -42.7413 347.844
vn -0.10259 -0.989564 -0.101182
v 101.814 -42.8766 349.712
vn -0.0105096 -0.996005 -0.0886787
v 102.916 -42.7437 348.61
vn -0.468363 -0.88154 -0.05936
v 100.785 -42.4343 352.216
vn 0.54457 -0.747131 -0.381101
v 98.1615 -42.5898 352.763
vn 0.278043 -0.897034 -0.343543
v 98.4258 -42.3315 352.552
vn -0.725659 0.392303 0.565259
v 94.0485 -39.9234 362.716
vn -0.559225 0.642916 0.523379
v 94.1301 -40.6126 363.375
vn 0.99443 -0.0518324 0.0917681
v 121.543 -43.0206 314.593
vn -0.498631 0.701512 0.509163
v 94.4568 -38.2365 360.738
vn -0.666472 0.501251 0.551872
v 93.6557 -39.3758 361.882
vn -0.40576 0.758129 0.51049
v 94.2106 -38.9078 361.853
vn 0.991464 0.0818792 0.101464
v 121.955 -39.8786 319.51
vn 0.987971 0.136247 0.073147
v 121.612 -38.9145 320.285
vn 0.908991 0.392646 0.139873
v 121.548 -38.3567 318.107
vn 0.993434 0.113661 -0.0130357
v 121.496 -38.0636 318.46
vn 0.951641 0.291843 0.0959561
v 121.558 -38.1891 319.501
vn 0.93127 0.345784 0.114754
v 120.238 -36.9476 320.374
vn 0.9996 -0.00312403 -0.0281038
v 120.208 -36.3087 320.357
vn 0.997007 0.0767691 0.00909456
v 120.206 -37.0821 321.765
vn -0.0521711 0.927937 0.369067
v 100.693 -33.8613 354.341
vn 0.155161 0.935281 0.31808
v 101.504 -34.2283 355.2
vn -0.141955 0.915826 0.375648
v 98.2889 -35.0158 357.54
vn 0.99819 0.0597104 -0.00712701
v 120.254 -35.7232 320.645
vn 0.947598 0.310318 0.0758961
v 119.975 -35.6343 323.621
vn 0.7656 0.630318 0.128669
v 119.531 -35.3827 326.138
vn 0.563314 0.809451 0.165728
v 116.884 -33.3265 328.611
vn 0.640441 0.75856 0.12009
v 115.868 -33.004 330.431
vn 0.368892 0.893955 0.254486
v 109.565 -32.7309 343.101
vn 0.367645 0.901737 0.227392
v 107.291 -33.4424 346.346
vn 0.190571 0.930268 0.313504
v 103.667 -33.0517 351.212
vn 0.210082 0.951898 0.22306
v 114.091 -32.4062 334.228
vn 0.268265 0.929215 0.254153
v 113.486 -32.6781 335.637
vn 0.47934 -0.833467 -0.27489
v 91.2712 -62.06 359.161
vn -0.0637177 -0.996846 0.047306
v 91.0985 -62.1075 359.412
vn 0.435925 -0.899283 -0.0354783
v 91.2837 -62.0397 359.867
vn 0.797936 -0.32096 -0.510179
v 91.5747 -60.7032 358.268
vn -0.107713 -0.991105 -0.0781533
v 112.394 -52.1164 329.742
vn -0.397986 -0.917286 -0.0139033
v 112.481 -52.2472 331.902
vn 0.458691 -0.887909 -0.0349231
v 115.853 -50.8764 327.865
vn -0.644004 -0.764709 -0.0218786
v 112.138 -52.0991 331.945
vn 0.286125 -0.956169 -0.0622325
v 113.238 -52.0046 330.936
vn 0.840404 -0.456987 -0.291349
v 96.3512 -49.9875 359.567
vn 0.775639 -0.501485 -0.383271
v 96.6841 -49.4372 359.375
vn -0.83657 -0.0726582 0.543021
v 91.3032 -49.3344 367.64
vn 0.834859 -0.547744 0.0546616
v 118.231 -49.3366 324.334
vn 0.815605 -0.57673 0.0465969
v 119.725 -47.5658 321.185
vn 0.744728 -0.66679 0.0277751
v 119.136 -47.8896 322.957
vn -0.606205 -0.795079 -0.019074
v 108.352 -46.5328 340.576
vn -0.304324 -0.951488 -0.0453561
v 107.044 -45.8139 340.794
vn -0.93674 -0.136938 0.322128
v 105.511 -45.146 344.381
vn -0.950811 -0.0323113 0.308082
v 105.768 -44.3314 344.888
vn 0.971228 -0.202617 0.125151
v 120.756 -45.4645 319.199
vn 0.915945 -0.399082 0.0421812
v 120.55 -45.4016 322.221
vn -0.601957 -0.798037 -0.028021
v 105.459 -43.323 345.968
vn -0.924847 -0.349447 0.150145
v 106.213 -44.3135 346.489
vn -0.547282 -0.836908 -0.00819957
v 105.537 -43.8583 348.503
vn -0.222891 -0.974842 0.00146574
v 103.547 -42.8084 349.34
vn -0.0367879 -0.992264 -0.118571
v 103.631 -42.9482 351.5
vn -0.37797 -0.925701 -0.0147106
v 104.515 -43.016 350.632
vn -0.118026 -0.966468 -0.228058
v 100.827 -42.7173 354.361
vn 0.0688844 -0.953025 -0.294956
v 100.788 -43.2732 356.477
vn -0.502415 0.675123 0.540174
v 96.0924 -39.012 363.518
vn -0.506492 0.653323 0.562703
v 96.1263 -40.4858 365.583
vn 0.964317 0.183889 0.190467
v 121.731 -39.9436 320.78
vn 0.979941 0.162289 0.115661
v 121.465 -39.8228 323.412
vn 0.792737 0.565687 0.227083
v 121.067 -39.5381 324.833
vn 0.954919 0.283823 0.0870269
v 120.48 -39.5896 327.007
vn -0.284567 0.844632 0.453451
v 97.2327 -37.2598 361.622
vn 0.959514 0.274418 0.0634576
v 120.334 -37.4667 328.167
vn 0.123538 0.92983 0.346634
v 102.795 -35.1701 356.738
vn 0.0108795 0.930007 0.367382
v 100.29 -35.3277 357.706
vn 0.621275 0.759813 0.191578
v 117.207 -34.5354 332.739
vn 0.858162 0.501521 0.109702
v 116.357 -34.1635 334.915
vn 0.761138 0.636379 0.12526
v 116.215 -33.9679 335.256
vn 0.720777 0.670161 0.177102
v 116.744 -34.7017 334.575
vn 0.875033 0.46439 0.136596
v 116.532 -34.72 335.5
vn 0.498507 0.833918 0.236794
v 110.783 -33.4971 342.482
vn 0.390056 0.884645 0.255461
v 111.499 -33.8086 342.932
vn 0.473619 0.834698 0.281005
v 111.929 -34.1803 343.214
vn 0.624909 0.741909 0.243021
v 110.137 -33.3701 344.188
vn -0.0349814 0.955678 0.292329
v 107.779 -33.6172 346.649
vn 0.0902578 0.947177 0.307749
v 108.424 -33.4197 346.32
vn 0.672305 0.694851 0.255318
v 110.234 -34.528 346.778
vn 0.226812 0.931056 0.285817
v 108.114 -34.5728 349.717
vn 0.393706 0.876358 0.277474
v 105.641 -34.0507 352.212
vn 0.325494 0.915612 0.236025
v 114.324 -32.9556 336.506
vn -0.198218 -0.929704 0.310418
v 92.2182 -61.4759 362.133
vn 0.587313 -0.787169 -0.188225
v 92.6468 -61.4746 362.038
vn -0.517859 -0.751722 0.408334
v 92.6055 -60.5866 364.399
vn 0.785045 -0.28428 -0.550354
v 94.3084 -57.8148 362.064
vn 0.84069 -0.204937 -0.50124
v 93.8831 -59.5436 361.758
vn -0.720848 -0.47689 0.502946
v 91.5923 -59.2891 364.401
vn 0.827356 -0.336455 -0.449755
v 95.8989 -53.7981 361.237
vn 0.995372 -0.089265 0.0355913
v 96.0956 -53.5972 361.775
vn -0.807312 -0.196596 0.556414
v 91.1954 -54.1827 366.204
vn 0.982642 -0.0213207 -0.184283
v 96.5574 -50.6803 360.789
vn 0.961278 -0.229962 -0.151864
v 96.5435 -51.7421 360.793
vn 0.974865 -0.17514 0.137713
v 95.8444 -53.0559 363.335
vn 0.469128 -0.883 0.0151863
v 115.295 -51.2512 332.108
vn 0.0580846 -0.997148 0.0481865
v 112.499 -52.2332 333.662
vn -0.995341 -0.0296373 0.0917465
v 112.376 -52.1208 334.52
vn -0.0408438 -0.984065 0.173057
v 112.691 -52.0015 335.509
vn 0.776402 -0.516787 -0.360738
v 97.5993 -48.9041 360.732
vn 0.776744 -0.629091 -0.0302197
v 97.2551 -49.5714 362.089
vn 0.947641 -0.313577 -0.0603753
v 96.9459 -50.1755 362.734
vn -0.774867 0.329917 0.5392
v 93.1122 -47.5282 369.336
vn 0.872306 -0.486485 0.0491481
v 119.667 -47.2758 324.629
vn 0.931636 -0.357488 0.0652441
v 119.749 -46.5008 326.021
vn 0.626874 -0.77607 0.0688862
v 118.381 -48.4196 330.243
vn -0.913207 -0.333507 0.234148
v 106.56 -45.4483 347.128
vn -0.502368 -0.86331 0.0482003
v 106.953 -45.9438 347.398
vn -0.813329 -0.581791 0.00397352
v 106.756 -45.0797 349.317
vn 0.633835 -0.674121 -0.379228
v 99.7362 -45.8191 361.283
vn -0.670601 -0.740437 -0.0452526
v 105.547 -43.711 350.947
vn -0.32892 -0.923716 -0.196369
v 104.663 -43.5272 354.256
vn -0.268221 -0.94486 -0.187877
v 102.781 -43.7765 355.952
vn 0.0241061 -0.984577 -0.173282
v 103.463 -43.6181 354.947
vn -0.235889 -0.935909 -0.261594
v 101.037 -43.3427 356.631
vn -0.308812 -0.937183 -0.162245
v 102.355 -44.195 358.177
vn -0.0174214 -0.961538 -0.274121
v 101.092 -44.078 358.816
vn 0.977987 -0.200978 0.0561141
v 121.235 -43.2964 324.226
vn 0.993308 -0.000900406 0.115488
v 121.106 -42.5184 326.192
vn -0.472467 0.68931 0.549205
v 97.0362 -40.1187 365.519
vn -0.41408 0.736464 0.534938
v 97.1026 -40.8892 366.705
vn 0.979556 0.163303 0.117481
v 120.719 -41.2698 330.42
vn 0.125964 0.928852 0.348377
v 100.447 -36.7228 361.399
vn 0.99965 0.0202184 -0.0170331
v 120.576 -39.2458 329.489
vn 0.759449 0.626648 0.174787
v 118.816 -36.3471 333.829
vn 0.899112 0.423404 0.111029
v 116.367 -34.7482 337.503
vn 0.69923 0.681341 0.216454
v 116.119 -34.7692 339.106
vn 0.392995 0.875981 0.279665
v 115.05 -34.6257 340.908
vn 0.878283 0.44807 0.166891
v 116.42 -35.7887 340.409
vn 0.209114 0.938336 0.275313
v 113.824 -34.424 341.213
vn 0.306843 0.8999 0.309883
v 112.976 -35.0347 344.6
vn 0.563608 0.788395 0.246536
v 112.089 -35.1889 346.532
vn 0.195127 0.900489 0.388646
v 112.781 -35.7455 346.285
vn 0.447959 0.845255 0.291336
v 109.472 -34.9355 349.853
vn 0.465259 0.839479 0.280731
v 110.091 -35.716 350.628
vn 0.672203 -0.663979 -0.327528
v 94.3926 -60.4874 363.357
vn 0.261798 -0.958306 -0.114502
v 94.0256 -61.0413 364.228
vn -0.182924 -0.963406 0.195925
v 93.723 -60.9907 364.744
vn 0.817539 -0.287914 -0.498734
v 96.0794 -57.6036 364.096
vn 0.911989 -0.187163 -0.365029
v 96.2629 -57.0421 364.223
vn 0.851856 -0.21929 -0.475661
v 96.2949 -58.0421 364.685
vn 0.972583 0.202148 0.114969
v 96.2683 -57.7422 364.9
vn 0.954634 0.21459 0.206458
v 95.5851 -57.0902 366.621
vn 0.985754 0.0611365 0.156687
v 95.1559 -54.829 367.252
vn 0.981914 -0.171052 0.0811545
v 95.1129 -53.9728 368.214
vn -0.884488 -0.141041 0.444733
v 93.4165 -53.367 370.229
vn 0.933549 -0.349266 0.0806164
v 95.9047 -52.0658 365.749
vn 0.924446 -0.381134 0.0117014
v 95.7116 -51.8002 369.813
vn -0.888185 -0.0494103 0.456822
v 93.93 -52.3586 371.173
vn -0.872994 -0.205812 0.44218
v 93.9824 -51.1786 371.77
vn 0.365174 -0.929055 0.059199
v 115.197 -51.1463 335.891
vn -0.996628 0.0568569 0.0591604
v 112.728 -51.2317 338.624
vn -0.101099 -0.989263 0.105531
v 113.1 -51.2582 339.198
vn -0.853256 0.171079 0.492632
v 93.8042 -49.5582 371.803
vn 0.712642 -0.698821 0.061563
v 117.197 -49.8695 332.442
vn 0.693552 -0.71843 0.0533248
v 116.018 -50.5528 336.337
vn -0.740469 -0.672002 -0.0108885
v 111.458 -49.6133 341.6
vn -0.491525 -0.863871 0.110136
v 112.474 -50.7512 342.278
vn -0.308826 -0.903206 0.298071
v 112.601 -50.6831 342.708
vn -0.710843 -0.703306 0.00793734
v 110.261 -48.4509 343.602
vn -0.435186 -0.879377 0.193157
v 111.882 -50.0862 343.615
vn -0.328609 -0.931619 0.155249
v 111.744 -49.8308 344.577
vn -0.566899 -0.821278 0.064256
v 111.49 -49.603 345.117
vn 0.686732 -0.705151 -0.176526
v 98.922 -47.9783 362.703
vn 0.648041 -0.751182 0.125574
v 98.1657 -48.2003 367.517
vn 0.629389 -0.773403 0.0756128
v 117.801 -48.5029 332.703
vn 0.784798 -0.617377 0.0541935
v 117.4 -48.6867 335.626
vn -0.703203 -0.709676 0.0431909
v 107.623 -46.3004 350.272
vn -0.676604 -0.734315 -0.0546617
v 107.097 -45.9794 353.084
vn 0.227499 -0.939126 -0.25746
v 101.445 -44.4253 360.101
vn -0.762701 0.391251 0.514985
v 94.4475 -45.8454 370.535
vn -0.371925 0.809541 0.454219
v 95.8935 -45.5872 371.922
vn -0.691161 -0.712272 -0.12233
v 105.52 -44.0666 353.756
vn -0.219455 -0.941741 -0.254879
v 104.8 -44.4033 356.5
vn -0.572091 -0.802921 -0.167421
v 105.516 -44.5062 355.884
vn -0.0851391 -0.995301 -0.0461128
v 105.138 -44.7592 358.127
vn -0.226372 -0.973551 -0.030898
v 102.634 -44.3747 359.406
vn -0.17275 -0.972275 -0.157602
v 103.998 -44.8088 358.151
vn -0.279185 -0.959697 0.0322107
v 103.382 -44.7434 359.179
vn -0.0166753 -0.994545 0.102964
v 103.917 -44.7572 359.498
vn -0.179866 -0.974246 0.135991
v 103.352 -44.5173 360.544
vn 0.0181333 -0.994117 -0.106786
v 103.033 -44.3603 361.742
vn -0.526398 0.691913 0.494127
v 96.4899 -43.3003 369.313
vn -0.551114 0.651833 0.520949
v 98.8859 -40.9797 368.581
vn 0.821858 0.52063 0.231287
v 118.319 -37.8162 340.342
vn 0.31307 0.853366 0.416837
v 113.246 -36.5871 348.022
vn 0.345697 0.83924 0.419726
v 113.84 -36.9372 348.052
vn 0.535254 0.78455 0.313026
v 112.897 -36.6931 348.522
vn 0.368214 0.878988 0.302983
v 106.972 -36.2784 356.508
vn 0.699007 0.680921 0.218484
v 116.714 -36.2432 340.267
vn 0.734931 0.612327 0.29143
v 115.849 -36.9606 345.402
vn 0.494851 0.802537 0.33325
v 115.092 -36.8363 346.691
vn 0.305421 0.854788 0.419591
v 113.565 -36.2064 347.135
vn 0.561334 -0.759672 -0.328334
v 95.6477 -60.86 365.881
vn 0.77483 -0.39325 -0.494967
v 96.5966 -59.8511 366.125
vn 0.963454 0.260014 0.0644091
v 96.6158 -59.5672 366.365
vn 0.00851189 -0.999806 0.0177754
v 95.9088 -61.0424 367.45
vn 0.396883 -0.914664 -0.0766406
v 96.3203 -60.9946 367.691
vn 0.955754 0.288095 0.0594661
v 96.7176 -60.3826 367.884
vn -0.590968 -0.674875 0.441928
v 95.2011 -60.333 368.685
vn -0.393859 -0.866464 0.306783
v 95.8599 -60.8252 368.53
vn 0.911155 0.352816 0.21288
v 95.8922 -58.4131 366.9
vn 0.981089 0.167348 0.0972561
v 95.1492 -56.5554 368.772
vn 0.924738 0.372381 0.0786846
v 95.7464 -58.5602 368.223
vn -0.890369 -0.172158 0.421432
v 94.1504 -56.1182 370.431
vn -0.772897 -0.417253 0.478048
v 94.3123 -56.7902 370.39
vn -0.941583 0.00105644 0.33678
v 94.3686 -56.2604 371.186
vn -0.778535 -0.306113 0.547885
v 94.707 -56.9526 370.836
vn -0.658114 -0.550899 0.513222
v 94.7038 -56.7317 370.969
vn 0.968324 0.249339 0.0133388
v 95.0673 -56.7444 370.836
vn -0.394045 0.681734 0.616415
v 94.9095 -57.035 371.057
vn -0.450165 -0.497491 -0.741521
v 95.0392 -57.0874 371.194
vn 0.905153 -0.297933 0.303206
v 94.927 -56.8888 371.113
vn 0.905153 -0.297933 0.303206
v 95.0493 -56.4736 371.156
vn -0.450165 -0.497491 -0.741521
v 95.1013 -57.2121 371.24
vn -0.450165 -0.497491 -0.741521
v 95.2052 -57.1287 371.121
vn -0.776825 -0.342079 0.5287
v 94.3228 -55.3072 371.216
vn -0.905514 -0.0408664 0.422344
v 94.4942 -55.6825 371.318
vn -0.941462 0.0280704 0.335948
v 94.5382 -55.7139 371.496
vn -0.821334 -0.0280663 0.569756
v 94.5236 -55.3894 371.439
vn -0.327462 -0.069757 -0.942286
v 94.5376 -55.3971 371.473
vn 0.999911 -0.00878931 0.0100494
v 94.8664 -55.162 371.302
vn 0.989747 0.141195 -0.0215416
v 94.9086 -55.4975 371.352
vn 0.987061 -0.15911 -0.0198734
v 94.915 -55.2158 371.685
vn -0.879169 0.107144 0.464307
v 94.7553 -55.1788 371.782
vn -0.512472 -0.629501 0.584039
v 94.7112 -55.0899 371.904
vn -0.68961 -0.437814 0.57685
v 94.6715 -54.6857 372.201
vn -0.0482371 -0.827789 0.558962
v 94.761 -56.1272 371.82
vn -0.969462 -0.135039 0.204712
v 94.6846 -55.8213 372.119
vn 0.288194 0.953091 0.0925256
v 95.0877 -55.6308 372.168
vn -0.955033 0.195828 0.222629
v 94.7392 -55.5314 372.198
vn -0.281182 -0.954577 -0.0985859
v 94.8261 -55.5734 372.358
vn 0.161892 -0.783425 0.60003
v 94.9388 -54.6929 372.361
vn -0.224127 -0.809566 0.542559
v 94.9575 -55.9123 372.222
vn -0.28118 -0.954578 -0.0985849
v 95.0857 -55.6313 372.178
vn -0.281179 -0.954578 -0.0985839
v 95.147 -55.6885 372.557
vn -0.28118 -0.954578 -0.0985849
v 94.9001 -55.6087 372.489
vn -0.447022 0.517912 -0.729341
v 95.0659 -55.3322 372.382
vn -0.473974 0.541206 -0.694582
v 95.0463 -55.2428 372.465
vn 0.261307 -0.276825 0.924709
v 94.9239 -54.4148 373.032
vn -0.742475 -0.257572 0.618375
v 95.0402 -54.1398 373.081
vn 0.261307 -0.276825 0.924709
v 95.0009 -54.4346 373.004
vn 0.956653 -0.289008 -0.0358994
v 95.0634 -54.1455 373.071
vn -0.5754 -0.262339 0.774657
v 95.0615 -54.1475 373.095
vn -0.279441 0.241872 -0.929199
v 95.0961 -54.1963 373.469
vn -0.279441 0.241872 -0.929199
v 95.1781 -54.2173 373.439
vn -0.281184 -0.954578 -0.0985773
v 95.2147 -54.2388 373.542
vn 0.966189 -0.250921 -0.0593075
v 95.3032 -52.8584 372.096
vn -0.860304 -0.145858 0.488469
v 94.8259 -53.1691 373.422
vn 0.957734 -0.276897 -0.0779308
v 95.2916 -53.5967 373.192
vn -0.279441 0.241872 -0.929199
v 95.2479 -53.9292 373.493
vn -0.744885 0.465885 -0.477595
v 95.2043 -53.9239 373.566
vn -0.400614 0.625094 0.669901
v 95.209 -53.6399 373.846
vn -0.837873 -0.198903 0.508338
v 95.1664 -53.5942 373.817
vn 0.726141 -0.671387 0.148183
v 95.3507 -53.3741 373.911
vn -0.862175 -0.235116 0.448748
v 95.1816 -53.328 373.946
vn 0.873514 -0.486035 0.0272529
v 96.7491 -49.6029 369.923
vn 0.891827 -0.451045 0.0346806
v 96.2593 -50.8393 371.12
vn 0.882261 -0.456655 0.114376
v 96.241 -50.0649 372.803
vn 0.725789 -0.687889 0.00628344
v 116.577 -49.5848 337.541
vn 0.763304 -0.644437 0.0454743
v 116.142 -50.048 340.224
vn -0.402773 -0.904102 0.142737
v 113.509 -50.8834 342.914
vn -0.159288 -0.987184 -0.00977368
v 114.316 -51.2152 342.019
vn -0.733154 -0.679795 0.0190477
v 113.308 -50.5485 344.024
vn -0.560326 -0.82822 -0.00925838
v 113.831 -51.08 343.47
vn 0.235427 -0.971882 -0.0045074
v 114.701 -51.197 342.597
vn -0.202156 -0.967097 0.154457
v 112.401 -49.9589 344.636
vn -0.231361 -0.972128 0.0379266
v 111.967 -49.8137 345.417
vn -0.443658 -0.877355 0.182801
v 112.904 -50.1451 344.312
vn -0.34267 -0.93791 0.053872
v 112.639 -49.8997 345.473
vn -0.746645 -0.664318 -0.0346965
v 113.05 -50.1555 347.042
vn -0.353693 -0.931874 -0.0807015
v 112.747 -49.959 347.641
vn -0.429513 -0.901597 -0.0513875
v 112.106 -49.9786 348.661
vn 0.806603 -0.591076 0.00459846
v 97.6731 -48.071 370.713
vn 0.79932 -0.584852 0.137971
v 97.4354 -48.4844 372.351
vn -0.790735 0.433703 0.432019
v 95.2586 -47.4165 373.076
vn -0.876694 0.150206 0.456996
v 95.6584 -46.8098 373.377
vn -0.833027 0.328561 0.4451
v 96.0561 -47.3283 374.22
vn -0.896557 0.291023 0.333903
v 95.9067 -48.0198 375.255
vn -0.595286 0.728152 0.33975
v 96.3211 -47.8518 375.49
vn 0.773079 -0.62024 0.132857
v 97.5856 -47.734 373.786
vn -0.917629 0.166952 0.360672
v 95.8151 -48.6971 375.599
vn 0.553634 -0.83276 -0.000664538
v 118.236 -48.0967 335.732
vn 0.739849 -0.671421 0.0426227
v 118.815 -47.6475 336.744
vn -0.580665 -0.813253 0.038049
v 108.937 -47.0016 352.505
vn -0.24818 -0.9681 0.0344957
v 107.614 -46.1529 356.904
vn 0.467763 -0.800255 -0.375221
v 102.72 -45.5224 365.139
vn 0.448332 -0.893239 -0.0335006
v 101.632 -46.5103 365.611
vn 0.341558 -0.808695 -0.478904
v 103.034 -45.7478 365.692
vn 0.651777 -0.757592 0.0352243
v 98.5636 -47.0875 370.823
vn -0.586294 0.661286 0.467932
v 96.876 -45.8868 373.139
vn 0.942245 -0.330862 0.0520056
v 119.634 -46.1508 338.174
vn 0.898278 -0.437037 0.0457791
v 118.833 -47.2396 338.83
vn -0.508762 -0.85628 -0.08914
v 105.778 -44.9572 358.172
vn -0.276235 -0.961019 -0.0117232
v 104.879 -44.6096 360.411
vn -0.657774 -0.745892 -0.10478
v 105.869 -45.3133 360.195
vn -0.234404 -0.952459 -0.19462
v 104.125 -44.6894 362.767
vn 0.0599206 -0.907913 -0.414854
v 103.499 -45.2461 365.233
vn -0.302331 0.844568 0.441929
v 98.6197 -43.225 371.277
vn -0.0517537 0.928548 0.367587
v 98.8119 -43.7 372.475
vn 0.996775 0.0622736 0.0506192
v 120.626 -41.5752 336.685
vn 0.997578 -0.05649 0.040577
v 120.527 -42.5624 337.397
vn 0.946768 0.279577 0.159583
v 120.374 -41.0699 338.598
vn 0.0269761 0.927638 0.372506
v 103.183 -38.3004 365.592
vn -0.0217057 0.914543 0.403907
v 102.382 -39.4522 367.997
vn 0.668389 0.685819 0.287938
v 117.378 -38.5012 345.024
vn 0.689459 0.654031 0.311272
v 113.037 -37.9334 351.144
vn 0.368088 0.862527 0.347216
v 114.553 -38.439 351.384
vn 0.625098 0.724635 0.290097
v 112.1 -37.1293 351.927
vn 0.309694 0.880038 0.360031
v 113.508 -38.5395 351.819
vn 0.444892 0.846134 0.293476
v 111.181 -37.3909 353.848
vn 0.828018 0.49002 0.27252
v 111.798 -38.6314 355.704
vn 0.478601 0.824561 0.301727
v 110.013 -37.2099 355.238
vn 0.3978 0.867906 0.29748
v 110.082 -38.5272 358.523
vn 0.634269 -0.746511 -0.201055
v 96.7545 -60.695 367.76
vn 0.0264344 -0.986654 0.160671
v 96.272 -60.9956 368.363
vn -0.24676 -0.874786 0.416964
v 96.4261 -60.6852 369.482
vn -0.293257 -0.75725 0.583585
v 96.2132 -60.1519 370.132
vn 0.9544 0.288582 0.0764291
v 96.7237 -60.5895 369.652
vn -0.605532 -0.606135 0.515685
v 95.949 -59.2301 371.088
vn -0.676074 -0.51951 0.522526
v 95.4349 -58.7554 371.001
vn -0.7409 -0.301049 0.600364
v 95.4115 -58.4559 371.212
vn 0.9346 0.348455 0.0714274
v 96.0102 -58.8634 371.202
vn -0.641154 -0.394449 0.658279
v 95.8677 -58.627 371.567
vn 0.510885 -0.0620792 -0.857404
v 95.4393 -53.7226 373.989
vn -0.400614 0.625094 0.669901
v 95.4225 -53.6394 373.973
vn -0.400614 0.625094 0.669901
v 95.3769 -53.7061 374.008
vn -0.281193 -0.954575 -0.0985788
v 95.3271 -53.4035 374.263
vn 0.554229 -0.821392 -0.134707
v 95.735 -53.2721 374.87
vn -0.892895 -0.1374 0.428788
v 95.6612 -53.0419 375.122
vn -0.124194 -0.251282 -0.959913
v 95.822 -52.7389 375.546
vn -0.124194 -0.251282 -0.959913
v 95.7307 -52.3896 375.466
vn 0.096866 0.154027 -0.983307
v 95.8658 -52.1214 375.527
vn -0.124194 -0.251282 -0.959913
v 96.0295 -52.4759 375.45
vn 0.701298 -0.655281 -0.280692
v 96.0859 -52.517 375.687
vn -0.830518 0.20609 0.517462
v 95.8567 -52.455 375.74
vn 0.0742476 0.202167 -0.976533
v 96.0793 -52.1853 375.537
vn -0.613776 0.306139 0.727707
v 95.9906 -52.1746 375.686
vn -0.0115416 0.601223 -0.798998
v 96.151 -52.2519 375.978
vn -0.0115416 0.601223 -0.798998
v 96.0567 -52.2263 375.998
vn -0.0115416 0.601223 -0.798998
v 96.1413 -52.1637 376.044
vn -0.670471 0.664945 0.329114
v 96.0842 -52.2438 376.09
vn -0.32431 -0.421714 -0.846747
v 96.2692 -52.1052 376.466
vn -0.882344 0.0519743 0.467726
v 95.7783 -50.1956 375.388
vn 0.540705 -0.359433 0.760556
v 96.1019 -51.853 375.298
vn -0.91091 -0.143966 0.386673
v 95.9285 -51.8126 375.401
vn 0.0987644 0.140417 -0.985154
v 95.9845 -51.8473 375.578
vn 0.0955456 0.144452 -0.984888
v 96.1514 -51.8975 375.587
vn -0.434306 0.275669 0.857546
v 96.1695 -51.9137 375.693
vn 0.938729 -0.326233 -0.111178
v 96.5691 -50.3354 375.817
vn -0.738985 0.25504 0.623582
v 96.0684 -50.3307 375.868
vn -0.905314 -0.259243 0.336451
v 95.952 -49.692 376.103
vn -0.904925 0.0156622 0.425282
v 95.8379 -51.2084 375.895
vn -0.782445 0.314222 0.537629
v 96.0185 -50.6371 375.934
vn -0.756432 -0.417837 0.503213
v 96.2523 -50.1164 376.312
vn -0.743693 0.557568 0.368834
v 96.1593 -50.712 376.259
vn 0.86117 0.403373 0.309318
v 96.4912 -50.4823 376.131
vn -0.699835 0.424551 0.574446
v 96.3226 -50.4352 376.156
vn -0.32431 -0.421714 -0.846747
v 96.2264 -52.007 376.433
vn 0.850849 0.349098 0.392667
v 96.4515 -50.5714 376.464
vn -0.602737 -0.53767 0.589593
v 96.3389 -50.8171 376.764
vn -0.582072 -0.458118 0.671803
v 96.5972 -50.2402 376.527
vn 0.88452 -0.452164 -0.11477
v 96.7703 -49.9542 376.307
vn -0.32431 -0.421714 -0.846747
v 96.3308 -52.035 376.407
vn -0.0627217 0.542813 -0.837508
v 96.3252 -51.915 376.486
vn -0.924093 -0.356567 0.137524
v 96.2498 -52.0252 376.543
vn -0.283927 -0.431766 -0.856133
v 96.4018 -51.7896 376.872
vn 0.827658 0.392561 0.401096
v 96.5865 -51.0279 376.577
vn -0.976075 0.0922528 0.196893
v 96.3372 -51.146 376.91
vn -0.565296 0.114812 -0.816859
v 96.4361 -51.2051 377.2
vn 0.944733 -0.281533 -0.167988
v 96.6839 -50.9409 376.979
vn -0.0267673 0.645868 -0.76298
v 96.5281 -50.6872 376.868
vn -0.950289 0.130214 0.282835
v 96.3976 -50.8567 376.98
vn -0.565296 0.114812 -0.816859
v 96.4855 -50.9062 377.208
vn -0.283927 -0.431766 -0.856133
v 96.4453 -51.8831 376.905
vn -0.283927 -0.431766 -0.856133
v 96.5013 -51.817 376.853
vn 0.629053 -0.734012 -0.255968
v 96.5213 -51.8325 376.946
vn 0.0298428 0.645613 -0.763081
v 96.4883 -51.7372 376.92
vn -0.913122 -0.355548 0.199483
v 96.4308 -51.8084 376.971
vn -0.565296 0.114812 -0.816859
v 96.679 -50.9487 377.068
vn 0.707327 -0.703846 -0.0654941
v 96.6769 -50.9748 377.327
vn -0.248588 0.775878 -0.579843
v 96.5985 -50.824 377.269
vn -0.921607 0.142767 0.360912
v 96.5269 -50.9303 377.323
vn -0.5439 -0.316593 -0.777137
v 96.5974 -50.9827 377.63
vn -0.296992 -0.95218 -0.0717578
v 96.7398 -50.3443 377.319
vn -0.5439 -0.316593 -0.777137
v 96.6278 -51.1004 377.657
vn -0.5439 -0.316593 -0.777137
v 96.7236 -51.012 377.554
vn -0.255145 0.683795 -0.683612
v 96.6861 -50.9026 377.677
vn -0.957345 -0.200519 0.208046
v 96.6215 -50.9996 377.725
vn -0.783931 -0.608504 0.123188
v 96.7674 -50.1666 378.372
vn -0.797969 -0.598965 -0.0669865
v 113.293 -50.8522 348.031
vn -0.530219 -0.845849 -0.0583654
v 113.666 -51.2519 348.982
vn -0.0525671 -0.997373 -0.0498436
v 114.216 -51.3765 348.619
vn -0.692548 -0.718314 -0.0663578
v 112.824 -50.7118 351.241
vn 0.904829 -0.409969 -0.114934
v 96.9708 -48.6089 374.882
vn -0.577374 0.728603 0.36848
v 96.6242 -47.6439 375.655
vn -0.896306 0.122919 0.42606
v 96.6482 -47.335 375.639
vn 0.785768 -0.607059 -0.118525
v 97.6766 -47.632 375.582
vn -0.685902 0.615479 0.388232
v 96.1269 -48.1616 376.001
vn -0.498768 0.759431 0.417726
v 96.5073 -47.969 376.094
vn 0.830602 -0.48221 -0.27852
v 97.7432 -48.1117 376.994
vn 0.614509 -0.784844 0.0799965
v 117.956 -47.9557 342.203
vn 0.633237 -0.772201 0.0521227
v 117.051 -48.2051 344.131
vn 0.143935 -0.859786 -0.48995
v 103.53 -45.5163 365.621
vn 0.338628 -0.860744 -0.380067
v 103.167 -46.0491 366.493
vn 0.483152 -0.869869 0.0994596
v 99.8511 -46.15 371.172
vn 0.292755 -0.953109 0.076669
v 101.151 -45.559 371.204
vn 0.685947 -0.722289 0.088178
v 98.8154 -47.0069 372.366
vn 0.638101 -0.763649 0.0983218
v 98.2928 -47.0014 373.804
vn 0.507467 -0.860549 0.0439597
v 100.052 -46.0561 372.685
vn 0.767287 -0.609507 -0.199429
v 98.1696 -47.2121 376.195
vn -0.0829595 0.938738 0.334497
v 98.0093 -46.8997 376.077
vn 0.574756 -0.81757 -0.0351307
v 98.3375 -46.9192 375.924
vn 0.902672 0.421646 -0.0860168
v 98.0879 -47.0089 376.482
vn -0.480626 0.75519 0.445744
v 98.3046 -46.8119 376.247
vn -0.877631 0.343994 0.333815
v 98.655 -45.6224 376.37
vn -0.745443 -0.640638 0.184114
v 98.4132 -46.819 376.662
vn 0.419796 -0.896786 -0.139809
v 98.7144 -46.7742 376.488
vn 0.434784 -0.899433 -0.0445374
v 99.5834 -46.0802 375.206
vn -0.179912 -0.828772 -0.529876
v 98.6407 -46.9616 376.808
vn -0.178493 -0.828089 -0.531421
v 98.4588 -47.07 377.038
vn -0.417269 0.853036 0.313396
v 97.329 -47.3525 376.91
vn 0.823085 -0.520669 -0.226794
v 98.288 -47.3274 376.974
vn 0.915895 0.39852 -0.0481542
v 98.177 -47.0822 376.89
vn -0.381023 0.871894 0.307608
v 98.0013 -47.1397 377.139
vn 0.836183 -0.442199 -0.324436
v 98.1798 -47.6293 377.164
vn 0.913607 -0.361373 -0.186365
v 98.2893 -47.346 377.151
vn 0.871497 -0.288859 -0.3963
v 98.3525 -47.3869 377.367
vn 0.86718 0.480214 -0.131885
v 98.2384 -47.2495 377.289
vn -0.105263 0.989966 0.0942737
v 98.0957 -47.1951 377.55
vn 0.443731 -0.893445 -0.0697
v 98.4581 -47.0717 377.057
vn -0.671867 -0.650997 -0.353268
v 98.4453 -47.0683 377.06
vn 0.878609 -0.473834 0.0593905
v 118.294 -47.6284 344.13
vn -0.0569265 -0.995627 0.0740694
v 107.643 -45.9916 361.108
vn -0.328548 -0.944085 -0.0275497
v 106.186 -45.8752 362.331
vn -0.114758 -0.922084 -0.369584
v 103.969 -45.4791 365.53
vn -0.31876 -0.92948 -0.18563
v 105.2 -45.6629 365.227
vn 0.0152027 -0.999796 0.0133312
v 105.552 -45.7566 365.794
vn 0.106453 -0.982292 -0.154177
v 104.49 -45.916 366.921
vn 0.114273 -0.982662 0.146007
v 102.127 -45.4781 369.681
vn -0.278376 0.861658 0.424326
v 98.4921 -44.6721 374.804
vn -0.108484 0.909357 0.401623
v 99.6539 -44.5502 374.788
vn 0.867171 0.421995 0.264453
v 118.826 -41.2996 345.238
vn 0.40766 0.847938 0.338842
v 112.315 -39.6204 356.084
vn 0.286147 0.877675 0.384457
v 113.221 -40.2028 356.666
vn 0.754718 0.604887 0.253994
v 111.784 -39.9031 357.887
vn 0.0954802 0.893391 0.439018
v 104.124 -40.0601 369.08
vn 0.179581 0.905304 0.384936
v 103.771 -40.4359 369.946
vn -0.0748109 0.893697 0.442389
v 104.235 -40.6914 370.241
vn -0.515773 0.701834 0.491331
v 104.732 -40.0817 369.793
vn -0.464891 0.740798 0.484866
v 104.615 -40.6619 370.465
vn 0.638863 0.687458 0.345334
v 116.212 -39.4881 349.299
vn 0.773603 0.550624 0.31361
v 116.98 -40.1628 349.456
vn 0.20868 0.898559 0.386064
v 113.553 -39.7773 355.784
vn 0.764232 0.591209 0.257722
v 111.377 -38.7977 357.473
vn 0.317483 -0.845213 -0.429906
v 96.9034 -51.0797 377.82
vn 0.264688 -0.261472 -0.92821
v 96.8521 -50.7147 378.112
vn 0.264688 -0.261472 -0.92821
v 96.8203 -50.785 378.123
vn 0.264688 -0.261472 -0.92821
v 97.0927 -50.8759 378.227
vn 0.574957 0.327876 -0.749615
v 97.0973 -50.797 378.265
vn -0.281166 -0.954579 -0.0986158
v 97.0486 -50.8706 378.3
vn 0.855917 -0.420708 -0.300684
v 97.21 -50.4147 378.304
vn -0.821065 -0.558966 0.1158
v 97.1188 -50.5611 378.96
vn 0.104236 -0.973676 -0.202708
v 97.3869 -50.5657 379.12
vn -0.0187951 -0.357751 -0.933628
v 97.539 -50.5105 379.501
vn -0.166763 -0.688272 0.706025
v 97.3198 -50.2546 379.408
vn 0.412368 -0.910953 -0.0108376
v 114.514 -51.4401 352.261
vn -0.763584 -0.63687 0.10647
v 112.315 -49.9943 353.661
vn -0.640872 -0.766375 0.0441851
v 113.451 -51.6656 354.434
vn -0.797639 -0.573479 0.186801
v 113.113 -50.4197 356.29
vn -0.852755 0.23352 0.467202
v 96.8386 -49.8974 378.606
vn 0.852573 -0.337267 -0.399211
v 97.6482 -49.4963 378.499
vn -0.616711 0.551809 0.561403
v 97.4122 -49.1893 378.686
vn 0.835521 -0.421841 -0.352072
v 97.6826 -49.1679 378.263
vn -0.640173 0.570797 0.514169
v 97.8974 -48.3041 378.416
vn -0.620502 0.579763 0.528065
v 97.4231 -49.5279 379.067
vn 0.878665 -0.255787 -0.403138
v 97.6959 -49.5239 378.63
vn 0.871942 -0.421397 -0.249283
v 97.8132 -49.5919 378.954
vn 0.0415374 0.803801 -0.593447
v 97.4775 -49.5079 379.098
vn 0.0732274 0.223332 -0.971988
v 97.7556 -49.2346 378.701
vn -0.503744 0.638345 0.582028
v 97.6318 -49.2196 378.909
vn -0.57246 -0.819654 0.0213733
v 97.7364 -49.2841 379.236
vn 0.438188 -0.867236 0.236415
v 97.9149 -48.9573 378.605
vn 0.307079 -0.358608 0.881534
v 97.9543 -48.6655 378.71
vn 0.678628 -0.204771 -0.70536
v 98.142 -48.3916 378.566
vn 0.281171 0.95458 0.0985922
v 98.0525 -48.3808 378.717
vn 0.766808 -0.545861 -0.3377
v 98.3476 -48.1199 378.392
vn 0.375617 -0.881071 0.287446
v 98.2506 -48.1082 378.555
vn 0.204738 0.593485 -0.778369
v 98.3074 -48.1496 378.794
vn 0.889011 -0.178815 -0.421527
v 97.8897 -49.3977 378.986
vn 0.903444 -0.325543 -0.278944
v 97.8083 -49.5955 379.002
vn -0.551019 0.460103 0.696192
v 97.6283 -49.5736 379.304
vn 0.204738 0.593485 -0.778369
v 98.4393 -48.189 378.799
vn 0.355033 -0.721155 0.594884
v 98.5072 -48.2213 378.919
vn -0.56011 -0.631168 0.536566
v 98.4569 -48.2397 379.24
vn 0.836982 -0.426431 -0.342954
v 97.7061 -50.2342 379.392
vn -0.163695 0.031045 -0.986022
v 97.8134 -49.9506 379.383
vn 0.90981 -0.143396 -0.389465
v 97.9652 -49.6828 379.401
vn -0.0134978 -0.15801 0.987345
v 97.854 -49.6589 379.486
vn -0.583005 0.309111 0.751369
v 97.9597 -49.3751 379.48
vn 0.313007 0.712801 -0.627647
v 98.0392 -49.7392 379.736
vn 0.195867 0.17457 -0.964967
v 98.1024 -49.4503 379.801
vn -0.56011 -0.631168 0.536566
v 98.7795 -48.3554 379.44
vn 0.611819 -0.689435 -0.387759
v 99.0472 -48.2124 379.59
vn 0.542385 -0.83575 -0.0856775
v 98.7955 -48.4058 379.883
vn 0.12122 -0.787381 -0.60443
v 99.0337 -48.4926 380.044
vn -0.651377 0.473032 0.593252
v 97.4367 -49.8576 379.449
vn 0.848686 -0.407277 -0.337428
v 97.8091 -50.2965 379.702
vn -0.745364 -0.4629 0.479746
v 97.5021 -50.2094 379.734
vn -0.60833 0.506542 0.611024
v 97.6367 -49.9291 379.68
vn 0.313007 0.712801 -0.627647
v 97.9049 -49.6976 379.716
vn 0.418699 0.296405 -0.858391
v 97.7321 -50.2952 379.909
vn 0.741038 -0.437573 0.509306
v 97.8151 -50.0087 379.941
vn 0.418699 0.296405 -0.858391
v 97.8514 -50.0315 380.058
vn 0.741038 -0.437573 0.509306
v 98.0564 -49.752 379.81
vn -0.615513 0.501478 0.608
v 97.9863 -49.7328 379.825
vn 0.418699 0.296405 -0.858391
v 98.0377 -50.0935 380.128
vn 0.117264 0.655051 -0.74643
v 99.1098 -48.5467 380.351
vn 0.527566 -0.848076 -0.049411
v 117.171 -48.2227 347.003
vn -0.638531 -0.751984 0.163704
v 111.424 -48.1807 357.921
vn 0.397413 -0.888268 -0.23031
v 100.383 -46.1584 377.438
vn 0.868774 0.45157 -0.203265
v 98.3727 -47.1693 377.713
vn -0.629329 0.450641 0.633141
v 98.1887 -47.255 377.959
vn 0.44372 -0.882181 -0.157699
v 98.758 -46.9392 377.226
vn -0.00766899 -0.803289 0.59554
v 98.6567 -46.744 377.501
vn -0.877561 0.24222 0.413783
v 98.8761 -46.3446 377.953
vn 0.76183 -0.5167 -0.390687
v 98.5648 -47.4952 377.81
vn 0.867447 0.494212 -0.0573643
v 98.4548 -47.2664 378.119
vn 0.628417 0.727291 -0.275935
v 98.6969 -47.3594 378.27
vn -0.958774 0.1127 0.260865
v 98.405 -47.8882 379.028
vn -0.106778 -0.42294 -0.899845
v 98.8628 -47.3626 378.719
vn -0.824207 -0.558627 0.0928335
v 98.9958 -47.07 378.55
vn -0.106778 -0.42294 -0.899845
v 99.0023 -47.6131 378.82
vn -0.106778 -0.42294 -0.899845
v 99.124 -47.4401 378.724
vn 0.199039 0.617473 -0.760993
v 99.1029 -47.2717 378.855
vn -0.87745 -0.360837 0.316037
v 98.9777 -47.4223 378.969
vn 0.470017 -0.845662 -0.252864
v 99.3238 -47.1749 378.63
vn -0.868455 0.0650017 0.491489
v 99.2639 -46.8638 378.831
vn -0.187672 0.875131 0.44601
v 99.8595 -46.0641 378.519
vn -0.56011 -0.631168 0.536566
v 98.8571 -48.103 379.818
vn 0.683905 -0.570863 -0.454302
v 99.1532 -47.8198 379.275
vn -0.573045 0.709623 0.409944
v 98.9187 -47.7338 379.479
vn 0.383457 0.922405 -0.0461501
v 99.155 -47.5017 379.232
vn 0.227333 -0.972723 0.0461521
v 99.5792 -47.1082 378.777
vn -0.885375 -0.0818199 0.457621
v 99.4125 -47.1352 379.03
vn 0.709617 -0.628933 -0.317627
v 99.1288 -48.1641 379.635
vn 0.866791 -0.388504 -0.312629
v 99.2715 -47.8987 379.701
vn -0.82949 0.125358 0.544271
v 99.6872 -46.7343 379.413
vn 0.675878 -0.643299 -0.359659
v 99.2801 -48.2548 380.081
vn 0.0780445 0.974826 -0.208863
v 99.1948 -48.0872 380.018
vn -0.569239 0.341119 0.748068
v 99.1044 -48.2045 380.096
vn -0.375534 -0.862179 -0.340032
v 99.6937 -47.4713 379.571
vn -0.923687 -0.242005 -0.297046
v 99.6048 -47.3754 379.77
vn 0.111749 0.660207 0.742724
v 100.88 -46.1397 378.432
vn 0.636295 -0.734285 -0.236547
v 100.76 -46.3291 378.516
vn 0.704501 -0.709373 -0.0216491
v 117.88 -47.953 348.456
vn -0.356097 -0.928619 0.104218
v 108.873 -46.0639 363.246
vn 0.108129 -0.983657 0.14397
v 106.314 -45.2624 369.011
vn 0.086451 -0.983511 0.158847
v 104.22 -45.6413 369.19
vn 0.130176 -0.987379 0.0902015
v 105.456 -44.8363 371.968
vn 0.114717 -0.990819 0.0715365
v 103.164 -45.293 371.685
vn 0.231957 -0.971378 -0.0511924
v 100.963 -45.6519 374.423
vn -0.317644 0.843947 0.432269
v 100.917 -44.8353 375.561
vn -0.481362 0.766739 0.424738
v 101.4 -45.2401 376.928
vn -0.526503 0.706501 0.472917
v 101.701 -44.7554 376.723
vn 0.143761 -0.965627 -0.216556
v 101.422 -45.9142 377.69
vn 0.16828 -0.953457 -0.250205
v 101.247 -46.0997 377.949
vn -0.0471318 0.866453 0.497029
v 101.229 -45.7927 378.072
vn 0.964665 -0.243547 0.100528
v 119.556 -45.0238 345.744
vn 0.964823 0.152908 0.213858
v 118.837 -44.2531 349.459
vn 0.974744 0.0626076 0.21437
v 114.319 -43.2731 358.942
vn 0.0267152 0.920292 0.39032
v 104.279 -41.7206 373.141
vn -0.232216 0.878784 0.41691
v 105.049 -41.6356 372.544
vn 0.11183 0.936551 0.332215
v 104.864 -41.7244 372.79
vn 0.723934 0.561115 0.401334
v 115.955 -41.9747 353.875
vn 0.683919 0.610807 0.398961
v 116.448 -42.2807 353.841
vn 0.507627 0.764632 0.397056
v 114.194 -40.9024 357.646
vn 0.907622 0.327463 0.26266
v 114.702 -41.292 356.927
vn 0.253063 0.923277 0.288995
v 112.669 -40.5459 358.544
vn 0.414397 0.861319 0.293948
v 113.003 -40.6574 358.669
vn 0.284963 0.833039 0.474176
v 114.02 -40.9876 357.898
vn 0.322299 0.841956 0.432705
v 113.879 -41.3019 358.537
vn 0.637145 0.655553 0.405335
v 114.264 -41.4482 358.427
vn 0.570479 0.729752 0.37685
v 113.981 -41.7081 359.327
vn 0.47241 0.827557 0.30328
v 112.347 -41.4892 361.487
vn 0.137913 -0.990443 0.00185567
v 113.883 -51.792 355.448
vn 0.360222 -0.931081 0.0576858
v 114.258 -51.6451 356.711
vn -0.543272 -0.806751 0.232397
v 114.092 -51.5067 357.652
vn 0.777905 -0.627274 0.0373021
v 114.498 -51.4187 358.237
vn 0.117264 0.655051 -0.74643
v 99.1889 -48.5693 380.344
vn 0.117264 0.655051 -0.74643
v 99.1796 -48.5145 380.39
vn 0.734235 -0.677004 0.0506332
v 116.945 -49.0045 352.173
vn 0.726758 -0.686891 0.00202406
v 115.698 -50.0786 353.957
vn -0.755379 -0.605272 0.251094
v 113.531 -49.476 360.32
vn -0.896135 -0.388978 -0.213632
v 99.7163 -47.7434 379.972
vn -0.784382 0.276251 0.555364
v 99.7329 -47.4488 380.115
vn -0.241627 -0.934696 -0.260689
v 101.119 -46.2432 378.582
vn 0.81251 0.203775 -0.546172
v 99.8339 -47.8156 380.335
vn 0.81251 0.203775 -0.546172
v 99.8975 -47.843 380.42
vn 0.81251 0.203775 -0.546172
v 99.8397 -47.7273 380.377
vn -0.191249 -0.345611 -0.918682
v 100.021 -47.5705 380.473
vn -0.401116 0.821843 0.404574
v 100.482 -46.6261 379.98
vn -0.380057 -0.613999 -0.691781
v 101.213 -46.2993 378.992
vn 0.511012 -0.0622078 -0.85732
v 100.856 -46.4342 379.489
vn -0.191249 -0.345611 -0.918682
v 100.096 -47.7709 380.533
vn -0.191249 -0.345611 -0.918682
v 100.198 -47.621 380.455
vn 0.721754 -0.634556 -0.276424
v 100.233 -47.6468 380.605
vn 0.086044 0.589339 -0.803291
v 100.185 -47.4711 380.564
vn -0.880381 -0.205623 0.427374
v 100.101 -47.6092 380.619
vn -0.291427 -0.542396 0.787957
v 100.294 -47.336 380.466
vn -0.545918 0.600179 0.584601
v 100.408 -47.0533 380.445
vn -0.81636 -0.532875 0.222711
v 100.535 -47.122 380.748
vn -0.213157 0.162316 -0.96344
v 101.291 -46.4093 379.397
vn 0.0236105 0.692597 -0.720939
v 100.16 -47.9709 380.909
vn 0.484204 -0.761497 -0.430893
v 100.637 -47.39 380.477
vn -0.641482 0.199727 0.740682
v 100.453 -47.4131 380.76
vn -0.441748 0.705422 0.554291
v 100.802 -46.8283 380.535
vn 0.42724 -0.802709 -0.416082
v 101.047 -47.2691 380.713
vn -0.641482 0.199727 0.740682
v 100.761 -47.2119 380.974
vn -0.287803 0.845666 0.449464
v 101.331 -46.4862 380.476
vn 0.331321 -0.891283 -0.309583
v 100.997 -47.4577 381.047
vn 0.0560659 0.944287 -0.324311
v 101.089 -47.1459 381.079
vn -0.579795 -0.553402 0.597984
v 100.975 -47.2957 381.176
vn 0.373488 -0.856287 -0.356762
v 101.512 -47.1611 380.983
vn 0.263368 -0.926769 -0.267837
v 101.357 -47.4166 381.258
vn 0.202203 0.920947 -0.333122
v 101.358 -47.147 381.24
vn -0.75266 -0.160641 0.638512
v 101.409 -47.1095 381.18
vn -0.199212 -0.704801 -0.68086
v 101.401 -47.1158 381.263
vn -0.328301 0.672765 0.663027
v 101.634 -46.7484 381.025
vn -0.0232944 -0.802457 -0.596255
v 101.586 -47.2869 381.386
vn 0.421344 -0.897382 -0.131056
v 101.807 -47.0754 381.152
vn -0.0232944 -0.802457 -0.596255
v 101.691 -47.2016 381.267
vn 0.447169 0.774818 -0.446874
v 101.643 -47.094 381.406
vn 0.470374 -0.824471 -0.314637
v 102.011 -46.9452 380.914
vn 0.470543 -0.878846 -0.0788679
v 102.005 -46.9795 381.263
vn 0.0236105 0.692597 -0.720939
v 100.129 -47.9623 380.916
vn 0.0236105 0.692597 -0.720939
v 100.155 -47.948 380.93
vn 0.172604 -0.979582 -0.10309
v 101.379 -47.4511 381.624
vn 0.852534 -0.514517 0.091964
v 117.944 -47.7068 351.975
vn 0.970879 -0.173527 0.165172
v 118.22 -46.8558 352.078
vn -0.0248872 -0.996069 0.0850182
v 107.389 -44.783 371.717
vn 0.498266 -0.828362 -0.256021
v 101.512 -45.9867 378.098
vn -0.111702 -0.687818 0.717237
v 101.489 -45.8821 378.195
vn -0.139448 0.87528 0.463076
v 102.559 -44.9644 377.599
vn 0.0664592 -0.964581 -0.255277
v 103.33 -45.7901 377.068
vn -0.632782 0.694415 0.342599
v 102.322 -45.4408 378.892
vn 0.273513 0.944203 0.183499
v 102.739 -45.4797 378.793
vn -0.242683 0.859198 0.450425
v 102.971 -45.6074 378.94
vn 0.417431 0.908703 -0.00309338
v 102.84 -45.5128 379.205
vn -0.217682 0.880942 0.420186
v 103.297 -45.7905 379.498
vn -0.349595 0.816952 0.458664
v 103.487 -45.6397 379.28
vn 0.340011 -0.929677 -0.141754
v 101.302 -46.1923 378.688
vn -0.334234 -0.814328 0.474508
v 101.061 -46.1269 378.742
vn -0.380057 -0.613999 -0.691781
v 101.115 -46.1615 378.924
vn -0.380057 -0.613999 -0.691781
v 101.327 -46.2169 378.857
vn 0.0788452 0.876426 -0.475037
v 101.263 -46.1282 379.01
vn -0.796341 -0.604523 -0.0198101
v 101.159 -46.2502 379.657
vn -0.913963 -0.363968 0.179444
v 101.708 -46.0731 378.921
vn 0.229507 -0.938544 -0.257803
v 101.507 -46.2967 379.115
vn 0.37178 0.911791 0.174405
v 101.35 -46.2104 379.417
vn 0.377992 -0.922446 -0.0788348
v 101.492 -46.3528 379.7
vn 0.667495 -0.543822 -0.508634
v 101.844 -46.5112 380.231
vn 0.422321 0.902187 0.087772
v 102.701 -45.4449 379.468
vn -0.479637 0.753328 0.449938
v 102.421 -45.6914 379.775
vn 0.631513 -0.753127 -0.184366
v 102.362 -46.6819 380.405
vn 0.923083 0.384154 0.0185464
v 101.85 -46.5536 380.79
vn 0.631513 -0.753127 -0.184366
v 102.409 -46.6489 380.43
vn 0.631513 -0.753127 -0.184366
v 102.37 -46.6908 380.469
vn 0.446343 0.875976 0.182875
v 103.141 -45.7809 379.754
vn 0.876449 0.366693 0.312046
v 117.25 -43.9495 354.089
vn 0.85573 0.403157 0.324331
v 118.251 -45.3567 352.688
vn 0.900156 0.297276 0.318348
v 117.312 -44.958 354.549
vn 0.923229 0.254949 0.287488
v 117.113 -44.6427 355.107
vn 0.804309 0.49446 0.32954
v 117.512 -45.6995 355.072
vn 0.908688 0.309568 0.280096
v 116.901 -45.6625 356.455
vn 0.551951 0.73433 0.395106
v 115.281 -43.8097 357.805
vn 0.857006 0.429317 0.285005
v 116.323 -45.4165 358.765
vn 0.840181 0.466326 0.276833
v 114.299 -43.9104 359.326
vn 0.451291 0.820144 0.35171
v 115.015 -44.9753 360.529
vn 0.555608 0.762454 0.331608
v 115.411 -45.0857 360.423
vn 0.909991 0.350265 0.221881
v 114.051 -43.8212 361.971
vn -0.105212 0.943195 0.315139
v 105.7 -42.597 375.101
vn -0.344261 0.849516 0.399758
v 106.197 -42.3629 375.03
vn -0.01128 0.937102 0.348873
v 105.227 -42.5953 375.269
vn -0.0482982 0.901418 0.430247
v 104.741 -43.1573 376.319
vn -0.422884 0.786086 0.450818
v 105.421 -43.0803 376.369
vn -0.195631 0.917772 0.345576
v 105.684 -42.8638 376.16
vn -0.326529 0.807055 0.491977
v 104.592 -43.9363 377.891
vn 0.704769 0.676014 0.21519
v 111.068 -41.568 365.279
vn 0.488724 0.822508 0.290911
v 111.755 -42.9463 367.537
vn 0.637097 0.73788 0.222802
v 110.197 -41.9112 369.683
vn 0.261702 0.912669 0.313921
v 109.365 -42.061 371.298
vn 0.573446 0.78822 0.223313
v 108.929 -42.2979 372.455
vn -0.732326 -0.612582 0.29739
v 114.318 -50.6256 360.172
vn -0.624101 -0.719454 0.304767
v 114.577 -50.4993 361.017
vn 0.41833 -0.880016 0.224883
v 115.122 -50.0757 361.661
vn 0.153733 -0.861882 -0.483245
v 101.897 -47.2845 381.48
vn -0.725782 -0.370278 0.579771
v 101.794 -47.272 381.655
vn 0.937279 0.236296 0.256265
v 116.591 -47.1635 359.702
vn 0.951801 -0.272231 0.1413
v 116.33 -48.1108 360.49
vn 0.969253 0.176353 0.171604
v 115.992 -47.9279 362.725
vn 0.0316991 -0.922333 -0.385094
v 105.671 -45.4897 377.042
vn 0.112386 -0.945229 -0.30645
v 105.685 -46.2071 378.502
vn 0.104336 0.887372 0.449093
v 103.04 -45.9616 380.407
vn -0.330188 -0.942516 -0.0513851
v 103.13 -46.7179 381.606
vn -0.401952 0.764437 0.504055
v 103.739 -46.3306 380.85
vn 0.303244 0.756976 0.578818
v 103.558 -46.406 381.098
vn -0.15433 -0.975072 -0.159424
v 103.927 -46.9836 381.359
vn -0.72366 0.0960189 0.683445
v 104.219 -46.7269 381.632
vn 0.842673 0.514038 0.16021
v 113.431 -45.1141 368.343
vn 0.267309 0.936849 0.225522
v 112.041 -43.4767 369.146
vn 0.891812 0.442764 0.0928984
v 112.74 -44.2588 369.946
vn 0.605502 0.771996 0.193365
v 112.497 -43.9721 370.503
vn -0.177041 -0.979425 0.0968712
v 108.894 -44.9513 371.576
vn -0.390076 -0.914734 0.105368
v 109.811 -45.2848 371.096
vn 0.609632 0.772197 0.179057
v 111.673 -43.7749 371.348
vn 0.0752817 -0.981036 -0.178608
v 107.158 -44.7524 375.076
vn -0.098795 -0.992932 -0.0657614
v 108.357 -44.7562 375.091
vn 0.620168 0.759643 0.195792
v 109.319 -43.23 374.854
vn -0.285251 -0.958421 0.00781448
v 109.354 -44.9397 374.998
vn -0.23748 0.856913 0.457497
v 106.28 -43.6355 378.32
vn 0.211998 0.888139 0.407757
v 107.072 -44.0651 379.173
vn 0.250268 0.913635 0.32037
v 111.987 -43.074 367.685
vn 0.815494 0.564003 0.129885
v 112.225 -43.1793 367.834
vn 0.395349 0.87702 0.273011
v 111.808 -43.1404 367.933
vn 0.325642 0.911119 0.252626
v 110.367 -42.6944 372.29
vn 0.419022 0.863237 0.281499
v 109.191 -42.7003 372.99
vn 0.0897357 0.925879 0.36701
v 107.165 -42.5845 375.72
vn -0.481204 -0.838333 0.256203
v 114.898 -49.3817 364.709
vn 0.477561 -0.863212 0.16371
v 115.347 -49.2727 365.237
vn 0.733504 0.656366 0.176507
v 115.333 -47.1173 364.722
vn 0.677069 0.68343 0.27295
v 114.463 -46.837 366.283
vn 0.362804 0.913311 0.185032
v 114.83 -47.0447 366.167
vn 0.544005 0.732379 0.409487
v 114.501 -47.0836 366.673
vn 0.991245 -0.0134435 0.131346
v 115.533 -48.1273 365.965
vn 0.177527 0.981101 0.0769735
v 114.688 -47.1989 367.493
vn -0.454342 -0.87103 0.186764
v 114.372 -48.1083 368.07
vn 0.312014 0.946631 0.0808545
v 115.179 -47.3604 367.798
vn -0.258 -0.937714 0.232656
v 115.01 -48.2672 368.812
vn 0.00395925 0.998562 0.053472
v 114.795 -47.2627 369.661
vn -0.153964 -0.961319 0.228386
v 113.486 -47.3081 369.957
vn 0.932478 0.327588 0.152223
v 113.884 -47.0955 369.806
vn 0.140974 0.97977 0.142048
v 114.105 -47.2354 369.598
vn -0.430432 -0.863566 0.262644
v 113.847 -47.4096 369.913
vn 0.977817 0.0940466 0.187159
v 113.821 -47.1099 370.127
vn -0.0522653 -0.996623 0.0633315
v 113.363 -46.8968 371.58
vn 0.99452 -0.103824 0.0122702
v 113.508 -46.8622 371.664
vn -0.666732 -0.700429 0.254692
v 114.317 -47.5824 370.245
vn -0.116869 0.978727 0.168628
v 114.535 -47.329 370.211
vn -0.379746 -0.919839 0.09843
v 112.975 -46.7595 371.689
vn 0.90106 -0.401872 0.163066
v 113.459 -46.9477 371.991
vn -0.389224 -0.915741 0.0996104
v 113.062 -46.6772 372.785
vn -0.263001 0.801192 0.537515
v 105.833 -45.4141 380.982
vn -0.81519 -0.112607 -0.568142
v 104.551 -47.1868 382.095
vn -0.81519 -0.112607 -0.568142
v 104.545 -47.0923 382.085
vn -0.81519 -0.112607 -0.568142
v 104.377 -47.1608 382.34
vn 0.0257445 0.835704 0.548577
v 106.184 -45.8898 381.925
vn -0.392725 0.668397 0.631675
v 105.776 -46.6698 382.725
vn -0.07538 0.824488 0.560836
v 106.587 -45.9734 381.822
vn -0.656973 -0.0527351 0.752067
v 105.832 -47.0311 383.02
vn 0.0138353 0.834565 0.550735
v 106.602 -46.2347 382.24
vn 0.15069 -0.960959 -0.232056
v 106.12 -47.2333 383.034
vn -0.148984 0.762749 0.629299
v 106.24 -46.8257 383.076
vn -0.234913 0.780301 0.579608
v 106.888 -46.2445 382.37
vn 0.835397 0.52908 0.148949
v 113.016 -45.3463 370.562
vn 0.666448 0.727139 0.164666
v 113.252 -45.6067 370.721
vn 0.98916 0.130992 0.0663577
v 113.46 -45.8224 370.861
vn 0.478594 0.857246 0.18994
v 111.945 -44.065 371.93
vn 0.67046 0.718282 0.18589
v 112.561 -44.3789 371.62
vn 0.823973 0.554953 0.114437
v 112.878 -44.9194 372.907
vn 0.941752 -0.315985 0.115136
v 113.597 -46.6139 372.049
vn 0.843176 -0.440587 0.308121
v 113.403 -46.617 372.633
vn 0.57937 0.792728 0.189508
v 110.972 -43.9725 374.143
vn -0.352333 -0.933149 0.0713818
v 110.746 -45.4928 374.818
vn 0.373257 0.899581 0.226789
v 111.73 -44.7315 376.049
vn -0.0341727 0.943031 0.330944
v 110.044 -43.751 375.764
vn -0.110429 0.953521 0.280361
v 109.837 -44.2658 376.987
vn -0.307178 0.913252 0.267603
v 110.097 -44.2229 377.138
vn 0.803065 0.592899 0.0596463
v 109.596 -44.0053 377.524
vn 0.457671 0.853724 0.248379
v 110.606 -43.8121 376.012
vn 0.713256 0.680366 0.168427
v 110.955 -44.4553 376.267
vn -0.0550976 0.955062 0.291241
v 110.404 -44.1722 377.318
vn 0.361673 0.880799 0.305591
v 109.617 -44.1464 378.597
vn -0.0909975 0.972606 0.213909
v 110.11 -44.4678 378.214
vn 0.312862 0.899856 0.303935
v 110.365 -44.515 378.369
vn 0.618031 0.752047 0.229046
v 110.032 -44.5673 378.874
vn 0.102687 0.919894 0.378483
v 107.983 -44.5067 379.83
vn -0.325877 0.770848 0.547356
v 106.858 -45.6146 381.593
vn 0.469693 0.799207 0.375042
v 107.663 -45.0148 380.644
vn -0.524795 0.542139 0.656258
v 108.407 -44.674 380.238
vn 0.422034 0.813298 0.400541
v 108.265 -45.3425 380.676
vn 0.0658504 0.828683 0.555831
v 107.601 -45.4382 381.687
vn -0.58275 0.592833 0.555834
v 108.593 -44.7543 380.488
vn 0.991647 -0.028881 0.125707
v 115.132 -47.7504 369.547
vn -0.342815 -0.919511 0.192294
v 114.707 -47.9356 370.007
vn -0.759107 0.650096 -0.0336449
v 114.465 -47.3767 370.872
vn -0.811903 -0.571255 0.120336
v 114.684 -47.8516 370.687
vn 0.931764 -0.352571 0.0866595
v 115 -47.8125 370.523
vn -0.916574 -0.392851 -0.0745681
v 114.407 -47.5014 372.246
vn -0.492721 -0.863648 0.106476
v 114.917 -47.8867 371.48
vn -0.873167 -0.472919 -0.118009
v 114.485 -47.6606 372.304
vn 0.673101 0.735432 0.0779343
v 114.995 -47.5996 371.52
vn 0.509333 0.858051 0.0657846
v 114.561 -47.4041 372.331
vn -0.400173 -0.906449 0.134951
v 114.716 -47.7912 372.451
vn 0.728407 -0.680695 0.0779579
v 114.785 -47.6735 372.834
vn 0.645979 0.756519 0.101933
v 114.652 -47.471 372.74
vn -0.903688 -0.42463 0.0551166
v 114.493 -47.5966 372.923
vn 0.229845 0.954286 -0.191074
v 114.601 -47.644 373.072
vn 0.229845 0.954286 -0.191074
v 114.754 -47.6862 373.045
vn 0.229845 0.954286 -0.191074
v 114.708 -47.6567 373.136
vn 0.238082 -0.942121 -0.236061
v 108.416 -46.4553 382.246
vn 0.50761 0.769106 0.38834
v 108.255 -46.3385 382.492
vn 0.129016 -0.139428 0.981791
v 107.52 -46.5775 382.943
vn -0.28793 -0.939113 0.18752
v 113.044 -46.5977 373.468
vn 0.779241 0.612475 0.132881
v 113.049 -46.0615 374.348
vn -0.218809 -0.960752 0.170521
v 112.398 -46.0752 374.794
vn 0.616185 -0.742436 0.262879
v 112.806 -46.141 374.693
vn 0.593037 0.785667 0.176165
v 112.567 -45.1734 376.23
vn 0.233525 0.930725 0.281455
v 111.439 -45.0182 376.946
vn -0.0446464 -0.998877 0.0158563
v 111.075 -45.5511 377.817
vn 0.310665 0.919042 0.242589
v 111.885 -44.9587 376.857
vn 0.629008 0.72675 0.276014
v 111.417 -45.4026 378.71
vn -0.184959 -0.973006 0.138022
v 112.412 -45.9145 377.24
vn 0.930172 0.35175 0.105127
v 112.641 -45.6235 377.356
vn 0.766178 -0.637513 0.0809201
v 112.542 -45.6608 378
vn 0.44698 0.799955 0.400351
v 109.829 -44.9319 380.179
vn 0.398156 -0.915233 0.0618032
v 110.643 -45.6144 379.664
vn -0.529178 0.697518 0.483156
v 108.571 -45.4607 381.302
vn 0.0480514 0.826339 0.561119
v 108.914 -45.3446 381.413
vn 0.101147 -0.969481 -0.223328
v 109.439 -46.0799 381.779
vn 0.329792 0.654624 0.680224
v 108.983 -45.9808 382.123
vn 0.874121 -0.109282 0.473255
v 109.939 -45.5167 380.987
vn -0.892612 0.419646 -0.164748
v 63.407 -26.6372 120.926
vn 0.332039 0.930809 0.152792
v 66.0536 -24.9163 122.414
vn 0.276845 0.950355 0.142066
v 65.6979 -25.521 126.794
vn -0.545876 0.836932 0.0395576
v 65.6778 -25.5238 128.013
vn 0.418307 0.861003 0.289297
v 67.6235 -24.5364 123.672
vn 0.118584 0.808286 0.576725
v 68.7113 -24.6658 123.63
vn 0.829907 0.553594 0.0691951
v 67.5344 -24.7361 127.263
vn 0.871722 0.484839 0.0709362
v 67.819 -25.4754 128.755
vn 0.123161 0.992207 -0.01891
v 67.5769 -25.0562 129.98
vn 0.0834203 0.993071 0.0827684
v 68.4551 -25.195 130.863
vn 0.773695 0.632173 -0.0418874
v 70.5645 -25.4016 133.884
vn 0.417816 0.897104 0.143649
v 70.5645 -25.4016 133.884
vn -0.486022 0.862726 0.139592
v 71.0159 -25.848 134.186
vn -0.0189444 0.993776 0.109777
v 71.0159 -25.848 134.186
vn 0.415331 0.900243 0.130626
v 70.3444 -25.4467 134.806
vn 0.47573 0.874707 0.0925657
v 70.5501 -25.9255 137.763
vn 0.550433 0.831501 0.0750233
v 71.1396 -26.5552 140.609
vn 0.252782 0.967503 0.00629335
v 72.2701 -25.9507 139.139
vn -0.293128 0.951966 0.0885235
v 71.3743 -26.8082 142.461
vn -0.549175 0.835627 0.0116113
v 71.3743 -26.8082 142.461
vn 0.149896 0.971956 -0.1812
v 71.3743 -26.8082 142.461
vn 0.00399383 0.945898 0.324438
v 78.8279 -25.4088 128.312
vn 0.674118 0.677402 -0.294434
v 79.5261 -25.6625 129.419
vn -0.132318 0.983699 0.12177
v 68.0477 -28.2849 147.988
vn -0.820042 0.565164 0.0901147
v 68.4947 -28.3012 148.606
vn -0.132022 0.990575 0.0364917
v 68.2631 -28.435 151.277
vn -0.161382 0.896183 -0.413295
v 68.2631 -28.435 151.277
vn -0.235216 0.969311 0.0714767
v 68.6527 -28.4402 150.81
vn 0.047969 0.996381 0.0701687
v 68.5815 -28.451 151.118
vn -0.792382 0.608083 -0.0486346
v 68.5815 -28.451 151.118
vn 0.247933 0.960473 -0.126575
v 72.0027 -26.6317 143.928
vn 0.660599 0.742426 0.111415
v 70.5913 -26.5232 144.478
vn 0.184836 0.957048 0.223372
v 70.5913 -26.5232 144.478
vn -0.426948 0.89623 0.120365
v 71.0466 -26.97 144.082
vn 0.1452 0.984374 0.0996198
v 71.0466 -26.97 144.082
vn 0.00415073 0.997189 0.0748144
v 71.141 -27.0254 144.492
vn 0.151895 0.985548 0.0749823
v 71.7217 -26.4887 144.462
vn 0.117848 0.990198 0.0749689
v 72.2191 -26.6485 144.758
vn 0.155176 0.977304 0.144214
v 69.9836 -27.2316 148.016
vn -0.69266 0.717974 0.0688173
v 69.9836 -27.2316 148.016
vn 0.102764 0.978205 0.18043
v 70.562 -27.2609 147.663
vn -0.01175 0.986835 0.161303
v 70.9767 -27.181 147.205
vn -0.403645 0.913248 0.0552166
v 70.6366 -27.3835 148.066
vn -0.0598943 0.99617 0.0637072
v 80.1883 -26.2151 133.38
vn 0.0622658 0.998039 -0.00646189
v 78.7527 -25.1605 136.297
vn -0.450158 0.88447 0.12276
v 77.3812 -25.0382 138.62
vn -0.812129 0.578647 0.0749288
v 74.1701 -26.0671 139.58
vn 0.394135 0.90786 -0.142997
v 76.4614 -25.557 139.159
vn 0.112546 0.993588 -0.0107899
v 74.5392 -26.1842 142.608
vn -0.736497 0.672709 0.0709582
v 74.5392 -26.1842 142.608
vn -0.33192 0.943305 -0.0020472
v 73.8077 -25.7798 143.892
vn 0.0273142 0.990394 0.135548
v 67.2853 -29.5028 152.827
vn -0.0526085 0.992375 0.111464
v 67.17 -29.648 154.562
vn -0.613021 0.784639 -0.0924535
v 66.7387 -29.9369 156.425
vn 0.0744584 0.986412 0.146448
v 65.9994 -30.1276 158.098
vn 0.0356904 0.999354 -0.0041621
v 72.595 -26.6661 146.732
vn -0.332131 0.941659 0.0544771
v 77.044 -25.4583 141.249
vn -0.124873 0.922505 -0.365228
v 77.3432 -25.3574 141.42
vn 0.701579 0.697846 -0.144213
v 77.1647 -25.4242 141.668
vn -0.480194 0.870758 0.1058
v 74.8712 -25.4382 143.567
vn -0.69526 0.704428 0.142812
v 74.9884 -25.5411 144.228
vn 0.452049 0.890487 -0.0518159
v 74.0697 -25.5286 147.179
vn 0.633566 0.772148 -0.0487963
v 74.7516 -26.121 146.928
vn -0.0169441 0.999851 0.00339412
v 74.9981 -26.1161 146.725
vn -0.447385 0.886676 0.116843
v 78.3361 -24.6811 140.213
vn 0.585428 0.748839 -0.310666
v 84.9731 -27.4157 132.119
vn 0.319379 0.905247 -0.280223
v 83.9429 -26.0627 134.557
vn -0.131214 0.99108 0.0233126
v 77.3933 -25.4494 144.255
vn 0.00831729 0.999768 0.0198695
v 75.4723 -25.5038 147.313
vn 0.128158 0.990723 0.0451987
v 78.963 -24.8078 142.695
vn 0.260989 0.963596 0.0580271
v 78.1961 -25.0925 144.358
vn -0.468701 0.877841 0.0985623
v 56.4964 -35.1004 176.937
vn -0.497034 0.865222 0.0659353
v 76.5401 -25.4244 150.393
vn 0.390133 0.920607 -0.0167112
v 75.3357 -26.2794 151.837
vn -0.102424 0.994689 -0.0101294
v 75.6229 -26.2192 152.003
vn -0.107851 0.99383 -0.025888
v 75.0378 -26.0995 154.795
vn -0.119095 0.97418 0.191805
v 85.2449 -26.0534 136.032
vn 0.0875014 0.995989 -0.0186818
v 82.6236 -25.3507 144.216
vn -0.322022 0.940614 0.107452
v 79.0303 -25.2674 147.667
vn -0.136478 0.965394 0.222236
v 60.7117 -30.5276 181.218
vn 0.366743 0.92209 -0.123486
v 87.9619 -27.9697 137.089
vn -0.945881 -0.0424928 -0.321718
v 51.0698 -40.477 195.786
vn -0.610579 0.789348 -0.0642089
v 57.5692 -32.8507 188.611
vn -0.560306 0.82827 -0.00508864
v 76.5507 -25.8304 160.832
vn 0.683239 0.703056 -0.197223
v 75.4983 -25.5359 164.476
vn -0.151701 0.981574 -0.116184
v 73.6845 -25.9659 167.275
vn -0.656424 0.742637 -0.132656
v 74.4516 -25.3168 166.286
vn 0.15619 0.98024 -0.121386
v 74.4516 -25.3168 166.286
vn -0.973629 0.0929557 -0.208339
v 48.3968 -49.2102 199.722
vn -0.0776904 -0.970217 -0.229439
v 76.7461 -39.773 159.6
vn -0.00898559 -0.985495 -0.169469
v 82.1415 -36.8727 151.409
vn 0.302532 -0.92075 -0.24636
v 82.1415 -36.8727 151.409
vn 0.531946 0.840207 -0.105289
v 80.547 -25.9045 159.114
vn 0.699468 0.696322 -0.160875
v 76.2811 -25.6722 166.702
vn 0.102527 0.988586 -0.110387
v 76.1893 -25.1188 168.357
vn -0.147373 -0.975877 -0.161076
v 85.4924 -35.6728 150.87
vn -0.608192 -0.775319 0.170245
v 86.3008 -35.8356 150.664
vn 0.514483 0.849044 -0.120134
v 76.7204 -25.5212 169.052
vn -0.566327 0.814551 -0.125623
v 76.7204 -25.5212 169.052
vn -0.792613 0.607329 -0.0540043
v 70.7001 -26.0184 178.447
vn -0.458217 0.883913 -0.0934605
v 70.9107 -25.5135 179.935
vn -0.479398 0.877083 -0.0300498
v 70.3551 -25.9984 181.389
vn -0.993488 0.0850849 0.0757771
v 49.9796 -53.7962 203.096
vn -0.717878 -0.637513 -0.279693
v 48.4659 -52.7765 206.669
vn 0.128285 0.985524 -0.11084
v 70.6114 -25.9296 183.986
vn -0.212317 0.975541 -0.0569298
v 70.8433 -25.6958 184.936
vn -0.906428 0.418466 -0.0572315
v 70.7759 -25.8034 186.17
vn -0.543127 0.819136 -0.184472
v 70.7759 -25.8034 186.17
vn -0.920573 0.387324 -0.0502554
v 70.7706 -25.6515 186.86
vn -0.285136 0.921007 0.265412
v 90.8112 -26.8772 150.955
vn -0.216238 0.97401 0.0674258
v 81.7439 -25.6574 165.646
vn -0.0635755 0.921753 -0.38253
v 81.7439 -25.6574 165.646
vn -0.502333 0.864504 0.0171622
v 81.7439 -25.6574 165.646
vn -0.0982519 0.935272 -0.340018
v 82.8547 -25.6416 165.369
vn -0.53501 0.844241 0.031955
v 82.4687 -25.2307 166.508
vn 0.266285 0.962651 -0.0489434
v 81.2338 -25.4379 167.187
vn 0.172865 0.959579 -0.222094
v 82.586 -25.217 168.109
vn 0.647342 0.759745 -0.0611282
v 75.9114 -24.4312 175.139
vn -0.320351 0.924168 -0.20806
v 75.9114 -24.4312 175.139
vn -0.629085 0.777081 -0.0199112
v 72.1399 -24.4279 184.176
vn -0.841055 -0.520083 -0.148793
v 50.0613 -55.6635 205.729
vn -0.663271 -0.7156 0.219063
v 88.8641 -36.9197 155.419
vn 0.561958 -0.79607 -0.224668
v 87.5961 -36.7497 158.15
vn -0.131057 0.991334 0.00901304
v 70.7592 -25.6997 188.256
vn 0.567917 0.823081 0.0027474
v 70.4384 -25.7666 189.819
vn -0.834568 0.549729 -0.0359842
v 70.6138 -25.7441 190.622
vn 0.650308 0.757612 0.0558953
v 70.3539 -25.7611 192.218
vn -0.408914 0.906023 -0.109143
v 70.3539 -25.7611 192.218
vn -0.849568 0.526486 -0.0323323
v 70.5883 -25.7084 191.871
vn -0.411317 0.900472 -0.14131
v 70.5883 -25.7084 191.871
vn -0.22593 0.97349 -0.0356691
v 83.0434 -25.0916 168.634
vn 0.36386 0.912892 -0.185026
v 83.7842 -25.2253 169.741
vn 0.293266 0.952842 -0.0780186
v 82.1811 -25.4411 171.601
vn -0.73706 -0.638819 -0.220574
v 49.4049 -57.1191 212.566
vn -0.78397 -0.584887 -0.208082
v 48.682 -56.3591 213.355
vn -0.332354 -0.882069 -0.33391
v 47.7419 -55.7381 214.849
vn -0.748792 -0.632567 -0.197911
v 48.6839 -56.1419 214.289
vn -0.677679 0.722534 -0.136731
v 70.3356 -25.2511 197.293
vn 0.950551 -0.302057 -0.0722173
v 61.5015 -52.685 199.035
vn -0.939631 -0.265555 -0.215812
v 42.646 -46.3817 234.382
vn 0.0091567 -0.989354 -0.145241
v 69.1788 -45.0894 191.864
vn -0.43438 -0.898568 0.0623664
v 89.8668 -36.7349 159.852
vn -0.642735 -0.747064 -0.169668
v 49.7469 -58.8308 216.967
vn -0.993798 -0.076161 -0.081027
v 42.9344 -50.7676 236.468
vn -0.494911 0.816663 0.296859
v 41.8325 -45.9214 238.331
vn 0.0264077 -0.989961 -0.138855
v 96.591 -35.4998 157.471
vn -0.681124 0.710896 -0.175207
v 68.9725 -24.8328 206.259
vn 0.280574 0.95051 -0.13345
v 75.7535 -23.1664 195.128
vn 0.229169 0.971479 -0.0609062
v 75.9138 -23.005 196.151
vn -0.206991 0.977989 0.0263146
v 76.0336 -23.072 196.458
vn -0.334587 0.941291 -0.0449829
v 76.552 -23.3904 196.09
vn 0.927409 -0.319553 -0.19442
v 59.5371 -60.8653 207.77
vn 0.757949 -0.615925 -0.214827
v 59.8448 -57.0807 206.763
vn -0.830087 -0.523278 -0.192707
v 42.4508 -48.1788 240.192
vn -0.989005 -0.142538 -0.0394058
v 42.4761 -49.1149 243.074
vn -0.206202 -0.978343 -0.0180261
v 82.3865 -41.0825 181.251
vn 0.531115 0.806409 -0.260041
v 86.2952 -24.203 184.11
vn -0.633699 0.772019 -0.0491227
v 77.9413 -22.4323 200.348
vn -0.883624 -0.464077 -0.0619761
v 42.7679 -51.8255 244.143
vn -0.120691 -0.974451 -0.189419
v 68.7391 -46.8798 202.229
vn -0.998784 0.0188386 -0.0455488
v 42.7228 -45.7425 249.275
vn -0.0744089 -0.997073 -0.0175767
v 97.1477 -36.8982 166.651
vn -0.874449 0.42282 -0.237827
v 54.8583 -28.5099 239.516
vn -0.753542 0.656135 -0.0407672
v 77.4507 -22.7617 204.628
vn -0.248447 0.96692 -0.0577971
v 77.7215 -22.2256 204.75
vn -0.641939 0.766721 -0.0073357
v 77.3534 -22.7477 205.269
vn -0.487364 0.871519 -0.0541416
v 75.174 -22.7713 208.17
vn 0.495984 0.868332 0.000195981
v 74.4644 -22.4786 209.476
vn -0.857622 -0.494877 0.139932
v 52.4247 -62.5329 224.779
vn -0.97173 -0.235025 -0.022466
v 42.1665 -50.0941 247.859
vn -0.989683 -0.143269 -0.000935035
v 42.1665 -50.0941 247.859
vn -0.182456 -0.983209 0.00310437
v 83.1854 -41.1994 191.183
vn 0.364059 -0.930506 -0.0402393
v 83.1854 -41.1994 191.183
vn -0.90978 0.367628 -0.192741
v 52.4294 -30.5467 244.864
vn -0.587953 0.808894 0.00087862
v 52.5311 -29.7425 245.916
vn -0.495997 0.868249 -0.0114074
v 82.4622 -22.5859 201.303
vn -0.628975 0.776678 0.0340853
v 77.8181 -22.4898 210.076
vn -0.257002 0.965878 -0.0320858
v 74.761 -22.6487 212.464
vn 0.792195 -0.522318 -0.315611
v 60.5896 -63.9025 216.797
vn -0.0360704 0.963595 0.264922
v 48.9393 -33.4406 254.89
vn -0.0849865 0.953078 0.290552
v 49.54 -32.5926 252.038
vn -0.202629 0.946134 0.252531
v 49.2452 -32.9568 252.938
vn -0.618218 0.784383 0.0505011
v 50.399 -32.6646 252.905
vn -0.897959 0.435604 -0.0625977
v 50.399 -32.6646 252.905
vn -0.582006 0.812138 -0.041236
v 66.0262 -24.7894 229.457
vn -0.0673375 0.993055 -0.096474
v 66.1619 -24.6678 229.879
vn 0.0371863 0.999281 -0.00738454
v 91.4649 -25.2526 191.82
vn 0.363073 0.928271 -0.080571
v 80.7365 -22.2397 207.248
vn 0.490406 0.861184 -0.133658
v 82.7878 -22.1685 206.366
vn -0.0122466 -0.939198 -0.343158
v 61.5696 -65.337 220.926
vn 0.855144 0.517458 -0.0310741
v 61.8013 -65.1094 221.105
vn -0.948975 0.14768 0.278634
v 45.638 -58.7732 248.455
vn 0.158304 -0.960411 -0.229239
v 65.7905 -53.5145 217.396
vn -0.630283 0.759135 0.162659
v 48.7937 -33.9844 256.592
vn -0.203002 -0.979174 0.00299256
v 99.0376 -37.0011 175.833
vn 0.543719 0.786458 -0.293006
v 90.7232 -23.3528 196.484
vn 0.437002 0.893643 -0.102131
v 83.2197 -22.0422 208.713
vn 0.413074 0.90691 -0.0829727
v 82.5834 -21.6708 209.357
vn 0.510988 0.858337 -0.0463537
v 81.0027 -22.0237 212.29
vn -0.904867 0.420359 0.0671872
v 81.3628 -21.8617 212.143
vn -0.812497 0.577126 0.0823098
v 81.6729 -21.5625 214.447
vn 0.513554 -0.7995 -0.311547
v 62.3585 -65.722 222.405
vn 0.795166 0.605003 -0.0410148
v 62.3585 -65.722 222.405
vn 0.849586 -0.138252 -0.509009
v 62.1341 -66.0077 222.768
vn 0.742334 0.669718 0.0204301
v 62.4855 -65.8532 223.313
vn 0.849586 -0.138252 -0.509009
v 62.4855 -65.8532 223.313
vn -0.979435 -0.0141474 0.201261
v 46.701 -59.5915 253.346
vn 0.257802 -0.950471 -0.173615
v 65.1275 -55.0488 224.11
vn 0.910621 -0.402056 -0.0955007
v 87.9749 -40.7087 196.235
vn 0.485443 -0.871297 -0.072022
v 87.9815 -40.8791 197.866
vn -0.930117 0.359724 0.0740357
v 48.7819 -35.5024 263.693
vn 0.653496 -0.694504 -0.30101
v 105.095 -36.7294 172.782
vn 0.237152 -0.968859 -0.0712092
v 97.5316 -37.2491 184.051
vn 0.170601 0.982177 -0.0788933
v 84.4785 -21.4774 211.172
vn 0.377222 -0.820895 -0.42876
v 62.8946 -66.3731 224.137
vn 0.92104 -0.297099 -0.25183
v 62.8946 -66.3731 224.137
vn 0.853612 0.510944 -0.101404
v 62.8946 -66.3731 224.137
vn 0.92104 -0.297099 -0.25183
v 63.0133 -66.8218 225.1
vn 0.853394 0.39099 -0.344739
v 63.0133 -66.8218 225.1
vn 0.729598 0.679767 -0.0748628
v 63.2937 -66.6786 225.957
vn -0.904994 0.235158 0.354523
v 46.8041 -60.6822 254.484
vn 0.927773 0.368357 -0.0595821
v 62.3271 -59.3016 230.317
vn 0.955113 -0.238418 -0.175831
v 62.4009 -59.378 230.846
vn 0.935504 -0.336141 -0.108822
v 62.1358 -59.2134 233.051
vn 0.105306 0.931723 0.347567
v 46.982 -38.1139 268.407
vn 0.0192763 -0.999678 0.0164975
v 88.9373 -39.5042 200.086
vn -0.0229903 -0.998613 0.0473649
v 90.1836 -38.6939 196.221
vn 0.456739 -0.88376 -0.101773
v 100.499 -37.3514 183.377
vn 0.398584 0.891257 -0.216314
v 93.0363 -23.4566 201.019
vn 0.28058 0.959357 -0.0301383
v 84.6981 -21.8452 218.328
vn 0.636919 -0.763336 -0.107947
v 63.2265 -68.4311 229.542
vn 0.98816 0.109205 0.107764
v 63.882 -67.8964 229.985
vn 0.813001 0.572109 -0.108258
v 64.0454 -67.3302 227.079
vn 0.996931 -0.0651686 0.0433869
v 64.0454 -67.3302 227.079
vn -0.935069 -0.352646 0.0358761
v 48.4048 -63.5892 256.766
vn 0.592664 -0.796574 -0.119244
v 83.6454 -42.3891 211.137
vn -0.99115 -0.0125574 -0.132151
v 48.1118 -38.4076 269.39
vn -0.935862 0.344872 0.0722941
v 48.1118 -38.4076 269.39
vn -0.836336 -0.495194 -0.235211
v 48.3355 -37.861 269.545
vn -0.96078 0.266606 0.0763105
v 48.0776 -38.9005 271.216
vn 0.576626 -0.815247 -0.0536211
v 88.7598 -39.7682 203.148
vn 0.611053 -0.789145 -0.0621615
v 89.2363 -39.3641 202.703
vn 0.61664 -0.753733 -0.22725
v 106.203 -37.4866 177.689
vn -0.120799 0.989143 0.083691
v 82.798 -21.7152 223.834
vn 0.684299 -0.723044 -0.0945601
v 62.6782 -69.576 236.296
vn 0.673583 -0.737131 -0.0540791
v 64.1113 -68.0532 233.891
vn 0.611487 -0.778488 -0.141562
v 70.6082 -50.8022 230.218
vn -0.331022 0.883098 0.332508
v 47.12 -40.7511 274.978
vn -0.922404 0.359035 0.142356
v 47.8951 -40.5011 275.064
vn 0.299307 -0.952888 -0.0491881
v 100.87 -37.0917 193.026
vn -0.721937 0.6898 0.0546274
v 81.6629 -22.2923 230.672
vn -0.0791381 -0.976342 -0.201228
v 62.8694 -69.8914 238.183
vn 0.715717 -0.684713 -0.137538
v 62.4784 -70.5664 240.798
vn -0.898928 0.404119 0.169164
v 47.725 -40.1718 278.446
vn 0.309997 -0.948723 -0.0618538
v 100.668 -37.2876 195.02
vn 0.613115 -0.783921 -0.097761
v 93.3604 -38.2691 208.581
vn 0.108034 -0.991158 -0.0770305
v 108.185 -37.6868 184.482
vn 0.858797 0.42142 -0.291329
v 108.259 -32.7 184.866
vn -0.652878 0.755856 0.0493197
v 63.5876 -25.3024 262.681
vn -0.187119 0.957946 0.217546
v 98.1021 -24.6536 207.623
vn -0.66427 0.744087 0.0712691
v 82.0668 -22.1551 234.277
vn 0.45133 0.892308 -0.00933961
v 64.3419 -68.3764 242.45
vn 0.45133 0.892308 -0.00933961
v 64.4123 -68.4116 242.494
vn 0.45133 0.892308 -0.00933961
v 64.3894 -68.3995 242.538
vn 0.938273 -0.341003 -0.0579677
v 64.2405 -68.4493 243.444
vn 0.995362 0.000599653 0.0961942
v 64.2405 -68.4493 243.444
vn -0.549794 -0.825725 -0.126112
v 49.9293 -64.4225 269.615
vn 0.330314 -0.931506 -0.152277
v 67.3988 -55.3337 244.379
vn 0.00207037 0.945542 0.325494
v 47.6398 -43.8085 284.256
vn 0.573367 -0.809906 -0.1237
v 79.7809 -45.8287 229.027
vn -0.749685 -0.645072 -0.147831
v 48.3851 -42.0221 282.307
vn -0.466001 0.821029 0.329779
v 48.3453 -42.9649 282.421
vn -0.837181 0.509335 0.199263
v 50.6663 -37.1582 283.48
vn -0.706794 0.707289 -0.0135753
v 55.9376 -30.9508 278.33
vn -0.225422 0.971905 0.067722
v 86.2031 -22.1431 231.492
vn 0.869229 -0.479464 -0.120642
v 62.7002 -71.631 245.172
vn 0.540532 -0.83686 -0.086546
v 62.7002 -71.631 245.172
vn 0.999655 0.0243087 -0.00992156
v 64.0459 -68.9145 245.461
vn 0.999142 -0.0234226 0.034164
v 64.0577 -68.5909 245.337
vn 0.73323 0.678818 -0.0397469
v 64.0766 -68.6817 246.162
vn 0.989294 0.0643824 -0.130969
v 64.1565 -68.2991 248.316
vn 0.752933 -0.656378 -0.0475409
v 64.2453 -68.6643 248.556
vn 0.3974 -0.900878 -0.174619
v 70.5305 -53.6188 242.972
vn -0.11372 0.925558 0.361123
v 47.6716 -44.8261 287.148
vn -0.998462 -0.0532797 -0.0152996
v 48.4636 -43.1012 286.446
vn -0.890647 0.412888 0.190453
v 48.4434 -42.8137 286.763
vn -0.88193 0.418713 0.216516
v 48.3854 -43.1942 287.569
vn -0.908653 -0.41705 -0.02048
v 48.3854 -43.1942 287.569
vn -0.908569 0.364991 0.203183
v 50.0641 -38.1239 285.419
vn -0.313459 -0.944958 0.0937997
v 90.2023 -40.942 219.838
vn -0.45361 0.889401 0.0566092
v 64.5595 -25.6467 271.683
vn -0.0422153 0.988773 0.143336
v 101.256 -25.1858 212.341
vn 0.883908 0.206619 -0.419543
v 100.821 -25.3995 215.246
vn 0.501294 -0.860554 -0.0902878
v 62.3542 -72.5224 251.747
vn 0.731922 0.681044 0.0216485
v 64.4942 -68.5137 249.43
vn 0.702219 -0.711007 -0.0368435
v 64.4942 -68.5137 249.43
vn 0.997802 0.0478575 -0.0458238
v 64.2664 -68.6991 251.875
vn 0.889418 0.454505 -0.0485938
v 64.344 -68.4467 252.253
vn -0.521192 -0.85053 -0.070405
v 50.6877 -65.2988 272.894
vn 0.278105 -0.956809 -0.0847016
v 64.45 -59.5823 257.624
vn 0.186656 -0.971881 -0.143554
v 66.6084 -57.0194 253.827
vn 0.800469 -0.599127 -0.0172047
v 66.2284 -57.5892 254.341
vn -0.35874 0.831091 0.424962
v 48.0029 -45.81 289.644
vn -0.820682 0.475811 0.316362
v 49.0703 -45.4371 289.075
vn -0.857231 -0.512989 -0.0446962
v 49.4376 -44.9595 289.609
vn -0.0345486 -0.995889 -0.083729
v 80.6072 -46.5052 236.216
vn 0.480023 -0.867749 -0.128802
v 81.5407 -46.6691 238.184
vn 0.137922 -0.988403 -0.0635336
v 86.7962 -43.0406 228.262
vn 0.157431 -0.987469 0.0110102
v 94.9761 -37.7806 217.906
vn -0.272444 0.930529 0.244726
v 101.229 -25.7015 214.461
vn -0.42273 0.905551 0.0357299
v 75.5731 -23.2327 257.146
vn -0.370029 -0.925971 -0.0752086
v 62.3863 -73.2047 258.428
vn 0.99277 0.0845485 -0.0851999
v 64.4448 -68.4933 255.461
vn 0.693995 -0.719971 -0.00359719
v 64.4448 -68.4933 255.461
vn 0.745738 -0.666043 -0.016161
v 65.6774 -58.3635 260.367
vn 0.192539 -0.969193 -0.153604
v 65.8346 -58.2158 261.531
vn -0.889046 0.314334 0.332854
v 49.1792 -44.9327 293.01
vn 0.482609 0.874946 0.0394719
v 110.798 -33.1338 202.506
vn 0.720695 -0.68092 -0.130177
v 62.4068 -73.5129 261.187
vn 0.833467 -0.539937 -0.117481
v 62.5456 -73.6797 262.406
vn 0.498911 -0.860906 -0.0996452
v 62.5456 -73.6797 262.406
vn 0.498911 -0.860906 -0.0996452
v 62.4742 -73.7572 262.719
vn 0.982186 0.157736 -0.102123
v 64.8497 -68.1261 259.879
vn 0.996893 -0.0743644 -0.0259823
v 63.424 -61.3019 264.815
vn 0.60377 -0.773813 -0.191506
v 72.1327 -55.8254 256.939
vn 0.857927 -0.513689 -0.00923188
v 72.1327 -55.8254 256.939
vn -0.916087 0.263395 0.302338
v 49.9825 -51.4131 295.649
vn -0.91855 0.218116 0.329684
v 50.0659 -46.4496 296.04
vn -0.969763 -0.132811 0.204748
v 50.4531 -46.7737 295.244
vn 0.215433 -0.976494 0.00694249
v 96.4486 -37.5921 227.167
vn 0.692253 -0.702959 -0.163201
v 96.4486 -37.5921 227.167
vn 0.986826 -0.0397352 -0.156827
v 112.999 -36.3772 201.602
vn 0.834785 0.517886 -0.18689
v 113.227 -36.2516 202.779
vn 0.512946 0.855325 -0.0728439
v 108.898 -29.225 214.037
vn 0.941988 -0.334326 -0.0297603
v 62.5659 -73.8326 263.829
vn -0.104479 -0.99415 -0.027369
v 62.5659 -73.8326 263.829
vn 0.703904 -0.62263 0.341833
v 62.5659 -73.8326 263.829
vn 0.786439 -0.604935 0.124768
v 62.4403 -73.8239 264.104
vn 0.921335 -0.387562 -0.0306204
v 62.4691 -74.0368 265.536
vn 0.620672 -0.780871 0.0707595
v 62.4691 -74.0368 265.536
vn -0.501944 -0.860634 -0.0857948
v 56.9536 -71.5931 276.409
vn -0.46233 -0.777286 0.426705
v 56.9536 -71.5931 276.409
vn 0.990619 0.0682449 -0.118394
v 65.2652 -67.9709 266.321
vn -0.875792 0.0546069 0.47959
v 50.6995 -61.4022 292.949
vn 0.30805 -0.949238 -0.0636615
v 65.2679 -59.054 268.22
vn -0.0401415 -0.999095 0.0140973
v 96.6936 -37.9111 232.528
vn 0.969258 -0.18378 -0.163599
v 113 -38.0578 202.656
vn 0.865847 -0.448812 -0.22108
v 113.01 -38.2557 204.544
vn 0.851274 0.497907 -0.165592
v 113.566 -36.4625 203.856
vn 0.405832 0.912705 0.0476418
v 87.283 -21.9193 254.513
vn 0.724485 -0.688107 -0.0403703
v 62.0741 -74.0234 269.148
vn 0.805309 -0.573508 -0.150219
v 62.3107 -74.1887 271.048
vn 0.772038 -0.635406 0.0147179
v 62.3107 -74.1887 271.048
vn 0.999222 0.0325051 0.0223205
v 62.3107 -74.1887 271.048
vn 0.724485 -0.688107 -0.0403703
v 62.3654 -73.7463 269.652
vn 0.800657 0.593851 -0.0793025
v 65.501 -67.7787 267.24
vn 0.688714 -0.72478 -0.0191264
v 65.501 -67.7787 267.24
vn 0.652154 -0.758056 0.00684896
v 65.6027 -67.7233 269.046
vn 0.981778 -0.190024 0.00153316
v 65.6027 -67.7233 269.046
vn 0.530903 -0.84742 -0.00469536
v 64.566 -59.5303 274.835
vn 0.202803 -0.978121 -0.0463587
v 64.566 -59.5303 274.835
vn -0.950916 -0.215937 0.221654
v 52.3776 -49.5529 301.236
vn 0.76145 0.575818 -0.297703
v 108.108 -28.3879 220.854
vn -0.0498351 0.987462 0.149782
v 107.213 -26.9469 227.214
vn -0.527657 -0.826946 0.194266
v 61.8738 -74.5988 276.265
vn 0.736936 -0.675963 0.000215381
v 61.8738 -74.5988 276.265
vn 0.998567 -0.0420814 0.0330678
v 62.2576 -74.181 274.168
vn -0.735393 -0.633482 0.240621
v 54.181 -65.0647 294.137
vn -0.893948 -0.0388898 0.446481
v 54.5268 -65.2357 294.807
vn -0.876678 0.00675795 0.481031
v 52.6474 -62.6726 296.651
vn -0.800901 -0.500487 0.328741
v 52.658 -62.3598 296.635
vn 0.95922 0.277428 0.054138
v 64.3114 -60.1872 278.878
vn 0.674002 -0.737373 0.044738
v 66.1874 -59.402 278.096
vn 0.945351 -0.324203 -0.0347039
v 64.2597 -60.356 280.66
vn 0.235831 -0.965182 -0.113173
v 107.441 -38.5115 220.838
vn -0.464006 0.882708 0.0743312
v 84.8693 -22.4903 268.162
vn -0.516443 0.851195 -0.0935636
v 84.1512 -22.3963 268.777
vn 0.953822 -0.295984 0.0511469
v 61.7267 -74.8632 282.288
vn -0.60366 -0.797176 0.0102377
v 61.7267 -74.8632 282.288
vn 0.0208913 -0.988459 0.150043
v 61.7267 -74.8632 282.288
vn 0.79596 0.60109 -0.0716773
v 65.6828 -67.2501 276.408
vn -0.85054 0.0015822 0.525909
v 54.3278 -63.4693 299.573
vn -0.910026 -0.310392 0.274791
v 54.2656 -62.0341 301.068
vn 0.452307 -0.872199 -0.186247
v 112.68 -38.6575 217.672
vn 0.841118 0.454079 -0.293825
v 110.939 -28.9898 227.833
vn 0.239324 0.970817 0.0154528
v 109.866 -27.7799 230.255
vn 0.735046 0.635674 -0.235851
v 109.408 -27.7197 231.027
vn 0.185345 0.982613 -0.0108686
v 82.7634 -22.4061 276.348
vn 0.961483 -0.270475 -0.0489294
v 66.0823 -66.7411 281.158
vn -0.736569 -0.6426 0.211024
v 56.4717 -66.5421 298.51
vn -0.916945 0.0584514 0.394709
v 54.6193 -61.3055 302.134
vn 0.511169 -0.858754 -0.0353318
v 65.2621 -59.8245 286.467
vn -0.0369486 -0.999198 0.0154051
v 99.1333 -37.7953 247.676
vn 0.00786606 -0.987909 0.154836
v 61.2673 -73.8617 288.95
vn 0.0141313 -0.987457 0.157252
v 61.5999 -73.7199 289.838
vn 0.0107504 -0.98692 0.160852
v 61.3048 -73.1314 293.468
vn 0.987546 0.149238 -0.0498135
v 66.1635 -67.0662 285.428
vn -0.846408 -0.141599 0.513365
v 57.9762 -67.2268 301.205
vn 0.913573 -0.405535 0.0304225
v 87.3225 -46.2318 266.79
vn -0.698724 -0.706732 0.110974
v 111.352 -39.3668 231.278
vn -0.4574 -0.886347 -0.0719362
v 100.324 -37.1201 247.987
vn 0.950687 0.0277688 -0.308907
v 116.584 -32.8503 227.217
vn 0.851549 -0.515861 0.0935508
v 61.5693 -72.9852 294.315
vn -0.675908 -0.63745 0.369872
v 61.5693 -72.9852 294.315
vn 0.589315 -0.499252 0.635181
v 61.5693 -72.9852 294.315
vn 0.589315 -0.499252 0.635181
v 61.4883 -72.7213 294.598
vn 0.411638 -0.865444 0.285588
v 61.4883 -72.7213 294.598
vn 0.589315 -0.499252 0.635181
v 61.7502 -72.664 294.4
vn 0.407474 -0.86655 0.288195
v 61.7502 -72.664 294.4
vn 0.498805 -0.837745 0.222206
v 61.6667 -72.4916 295.037
vn 0.565306 -0.813924 0.134001
v 61.6564 -72.3633 295.722
vn 0.688783 -0.716786 0.108609
v 61.9095 -71.8551 298.285
vn 0.774091 0.615629 -0.147595
v 66.5264 -66.2321 291.533
vn 0.976388 -0.213722 -0.0314674
v 76.6525 -54.9273 284.041
vn 0.0190848 -0.99316 -0.115191
v 107.939 -39.1938 240.429
vn -0.132225 -0.989919 0.0507631
v 61.5549 -71.7293 299.814
vn 0.344046 -0.913863 0.215608
v 61.5549 -71.7293 299.814
vn 0.961272 -0.272612 -0.0404763
v 66.8109 -65.9526 294.101
vn 0.840874 0.541199 0.00582285
v 66.7537 -66.0809 295.506
vn 0.975022 -0.209214 -0.0745737
v 66.7379 -65.9042 296.883
vn 0.787385 0.608754 -0.0971781
v 66.9301 -65.7294 297.685
vn -0.910645 -0.169606 0.376774
v 58.0214 -63.4039 309.706
vn 0.993694 -0.0796307 -0.0789392
v 65.7193 -60.3006 300.305
vn 0.580274 -0.803305 0.134101
v 86.4963 -45.6155 275.351
vn 0.10828 -0.994091 0.00766232
v 97.0718 -37.7592 262.891
vn -0.795445 -0.532596 0.289152
v 62.3948 -69.6154 306.81
vn -0.0239065 -0.966884 0.254095
v 62.3948 -69.6154 306.81
vn 0.911846 0.405144 -0.0662982
v 66.8328 -65.8401 299.035
vn 0.992025 -0.125342 -0.0132463
v 66.8328 -65.8401 299.035
vn 0.992025 -0.125342 -0.0132463
v 66.8329 -65.883 299.45
vn 0.857901 0.0735116 -0.508529
v 66.8329 -65.883 299.45
vn 0.992025 -0.125342 -0.0132463
v 66.8712 -65.5911 299.557
vn 0.887854 0.404171 -0.219914
v 67.0411 -65.6696 299.833
vn 0.985591 0.168366 -0.0162526
v 66.939 -65.7436 300.84
vn 0.961383 0.269279 -0.056846
v 67.1278 -65.615 302.1
vn 0.841109 -0.532366 0.0955068
v 66.9595 -65.3725 303.275
vn 0.877567 -0.457522 -0.143354
v 73.2824 -57.9985 296.003
vn 0.947072 -0.312678 -0.0727086
v 73.5032 -57.835 296.833
vn 0.813377 -0.577166 -0.0727834
v 73.671 -56.6277 293.794
vn 0.863896 0.475119 0.167171
v 85.7062 -45.3905 281.512
vn 0.449544 -0.891584 0.054668
v 92 -40.0412 275.669
vn 0.419764 0.907459 0.0177983
v 114.962 -29.8077 244.985
vn 0.894605 0.39309 0.212514
v 84.5412 -45.9809 287.508
vn 0.150042 -0.988315 -0.0268462
v 96.4766 -37.9074 272.671
vn 0.725713 -0.687795 0.0166838
v 96.3942 -38.0385 275.103
vn -0.386359 0.908827 0.157356
v 77.7107 -26.88 310.4
vn 0.831187 0.472909 -0.292378
v 114.488 -28.1367 250.53
vn 0.994745 0.0490542 0.0898618
v 67.5067 -64.8848 309.164
vn 0.9527 -0.162967 0.256524
v 67.1529 -65.1837 310.025
vn 0.958557 -0.15258 0.2406
v 67.1992 -64.8837 310.031
vn 0.71433 -0.546249 -0.437429
v 67.1948 -64.654 310.862
vn 0.600389 -0.796214 -0.0746779
v 67.1794 -65.0066 311.277
vn 0.24146 -0.970027 -0.0272914
v 71.699 -58.2669 309.085
vn 0.521465 -0.852337 0.0399551
v 91.6815 -39.4109 285.69
vn -0.902568 0.311912 0.296785
v 68.6372 -37.0667 325.673
vn -0.866759 0.390254 0.310534
v 68.5859 -37.4124 326.124
vn -0.777785 -0.602616 0.178619
v 63.6652 -66.6495 318.95
vn 0.611745 -0.785605 0.0926967
v 63.9432 -66.6984 319.069
vn 0.999606 0.00792141 -0.0269099
v 67.7644 -64.4278 313.134
vn 0.988887 -0.142211 -0.0433461
v 67.8079 -63.9922 314.878
vn 0.969082 -0.236645 -0.0698463
v 67.8378 -64.1122 315.954
vn 0.0275773 -0.996917 0.0734581
v 78.1234 -53.9155 302.452
vn 0.281068 -0.959657 -0.00775618
v 86.2848 -42.0356 299.109
vn 0.866731 0.432026 -0.24926
v 117.394 -29.7233 256.225
vn -0.075711 0.894364 0.440887
v 86.8139 -25.404 306.97
vn 0.854292 0.502543 -0.132801
v 86.4057 -25.3081 307.42
vn 0.635168 0.636694 0.437245
v 86.7785 -25.8722 307.683
vn 0.854292 0.502543 -0.132801
v 86.7785 -25.8722 307.683
vn -0.0300924 0.767774 -0.640013
v 86.7785 -25.8722 307.683
vn 0.489498 0.871231 -0.0367166
v 86.6182 -25.4705 308.172
vn 0.0219834 0.838259 -0.544829
v 86.6182 -25.4705 308.172
vn 0.586766 0.792796 -0.164862
v 86.4728 -25.293 308.509
vn -0.281734 -0.896309 0.342427
v 63.9921 -66.0927 322.903
vn -0.220796 -0.897797 0.381064
v 64.9596 -65.063 325.504
vn 0.786589 -0.600203 -0.145031
v 68.6258 -63.285 320.912
vn -0.816306 0.103569 0.568259
v 63.3175 -57.9916 330.443
vn 0.684146 -0.709625 -0.168453
v 72.4839 -58.2132 315.575
vn 0.698758 -0.709632 -0.0903292
v 79.5156 -53.4376 307.096
vn 0.126419 -0.964644 0.23126
v 79.7113 -53.2276 307.547
vn -0.755199 -0.640575 0.139057
v 64.522 -51.4316 333.479
vn 0.997318 0.0713388 -0.0163293
v 82.6112 -47.577 305.425
vn 0.402479 -0.915425 -0.00262052
v 84.091 -45.5215 302.602
vn 0.63082 0.775825 -0.0127294
v 119.103 -32.3129 257.431
vn -0.80457 -0.46307 0.371797
v 64.7919 -58.3369 332.624
vn -0.821593 -0.214635 0.528125
v 64.7919 -58.3369 332.624
vn -0.661897 0.315385 0.680018
v 65.2469 -55.4839 334.133
vn 0.489119 -0.865118 -0.111056
v 77.3673 -54.8436 314.665
vn 0.406617 -0.908144 0.0996832
v 79.3697 -52.9086 311.519
vn -0.843717 0.314524 0.43499
v 70.7513 -39.3101 332.237
vn 0.689385 0.72389 0.0270495
v 119.206 -31.4762 261.21
vn -0.445157 -0.8034 0.395455
v 66.1539 -63.8522 329.627
vn 0.27264 -0.9621 -0.00551684
v 69.8406 -62.654 324.39
vn 0.833574 0.53452 -0.13944
v 117.07 -28.902 272.068
vn 0.160157 -0.970845 0.178353
v 68.161 -62.6383 334.235
vn 0.300614 -0.938641 -0.169069
v 74.9441 -58.0356 323.599
vn 0.103767 -0.985478 -0.134406
v 75.3977 -58.1623 324.578
vn 0.612916 -0.749128 -0.251279
v 75.1095 -58.7908 325.851
vn 0.863731 -0.476926 -0.162819
v 79.2716 -54.4279 323.467
vn -0.737012 -0.550576 0.392021
v 67.7966 -54.4115 337.778
vn -0.760479 0.111598 0.639701
v 67.7966 -54.4115 337.778
vn -0.401492 0.574801 0.713027
v 68.6663 -49.1535 339.16
vn -0.571518 0.388528 0.722782
v 68.8756 -49.558 339.437
vn -0.785938 0.192097 0.587708
v 69.8184 -49.2909 339.856
vn -0.886716 0.0561189 0.458895
v 71.2756 -46.1668 339.315
vn 0.0691944 -0.984303 -0.162359
v 119.707 -41.4446 264.749
vn 0.413949 0.901881 0.12352
v 117.643 -29.3767 273.843
vn -0.0440053 0.97933 0.197425
v 113.746 -26.7632 280.43
vn -0.0569828 0.973993 0.219294
v 114.287 -26.5416 279.687
vn -0.582685 -0.479793 0.655955
v 69.18 -62.287 335.167
vn -0.759301 -0.294507 0.580282
v 69.7203 -56.7645 339.86
vn -0.732199 -0.595979 0.329687
v 69.893 -55.3024 340.425
vn 0.773479 -0.631254 -0.0569966
v 80.7676 -53.6549 323.888
vn -0.530762 0.480773 0.69796
v 69.4497 -52.109 341.199
vn -0.477681 0.688069 0.546243
v 71.0575 -47.8549 341.068
vn -0.838455 0.0793735 0.539159
v 72.5544 -46.2496 342.556
vn -0.8065 0.336334 0.486248
v 74.1457 -42.4245 340.539
vn 0.0782482 0.979266 0.186859
v 114.941 -27.5426 283.997
vn -0.416035 -0.864848 0.280985
v 79.5847 -55.1379 327.904
vn -0.381719 0.754703 0.533586
v 73.1852 -49.1662 344.653
vn -0.975973 -0.141715 -0.165512
v 100.637 -44.0768 302.211
vn -0.487439 -0.852692 -0.187934
v 98.6142 -42.6984 306.854
vn 0.115858 -0.992243 -0.0450649
v 76.2463 -61.557 333.726
vn 0.673381 -0.722353 -0.157367
v 80.7447 -54.9084 330.328
vn -0.416035 -0.864848 0.280985
v 80.7447 -54.9084 330.328
vn 0.295107 -0.925497 0.237416
v 80.7447 -54.9084 330.328
vn 0.153447 -0.970832 0.184225
v 81.215 -54.6024 330.936
vn -0.416035 -0.864848 0.280985
v 80.8681 -54.4987 331.772
vn 0.0462211 -0.980142 0.192837
v 80.8681 -54.4987 331.772
vn -0.718172 0.355538 0.598181
v 76.1377 -45.2375 346.88
vn -0.992562 -0.028489 -0.118359
v 100.253 -44.6487 305.872
vn -0.987297 -0.0927901 -0.128974
v 100.161 -45.0916 306.549
vn 0.12413 -0.970872 -0.204935
v 100.161 -45.0916 306.549
vn -0.437124 -0.88591 -0.155199
v 100.161 -45.0916 306.549
vn 0.207821 -0.962464 -0.174569
v 100.523 -44.9408 306.054
vn -0.577912 -0.777099 -0.249269
v 100.246 -45.3914 308.021
vn 0.120192 -0.930697 -0.345481
v 99.9838 -45.5797 308.928
vn 0.152297 -0.982022 -0.111527
v 76.7061 -62.3006 337.903
vn 0.204937 -0.967856 -0.145795
v 78.9087 -59.3836 339.013
vn 0.57124 -0.784424 -0.241587
v 82.0194 -54.1185 336.979
vn -0.157161 -0.986725 0.040927
v 82.5998 -53.709 336.945
vn -0.218035 0.869739 0.442735
v 77.4105 -45.0302 347.329
vn 0.415412 -0.86875 -0.269641
v 100.032 -45.7918 309.322
vn -0.171474 -0.981463 -0.085603
v 100.032 -45.7918 309.322
vn -0.279687 -0.958366 -0.0575385
v 99.8748 -45.7866 309.578
vn -0.351657 -0.934421 -0.0565234
v 100.161 -45.9439 310.809
vn 0.296147 -0.94732 -0.12199
v 88.3602 -44.1825 329.193
vn 0.405726 -0.903291 -0.139471
v 89.4579 -44.053 330.894
vn 0.852908 -0.454004 -0.257736
v 90.3484 -42.034 327.063
vn 0.216012 -0.753128 -0.621399
v 78.8668 -62.5458 342.007
vn 0.589024 -0.7668 -0.255087
v 79.101 -62.2898 341.779
vn 0.216012 -0.753128 -0.621399
v 79.101 -62.2898 341.779
vn 0.824377 -0.441763 -0.353903
v 79.3896 -61.6846 341.664
vn -0.000707007 -0.999669 -0.0257285
v 79.1301 -62.6031 342.168
vn 0.811487 -0.482281 -0.32999
v 79.1301 -62.6031 342.168
vn -0.628489 -0.575067 0.523736
v 76.473 -62.163 343.702
vn -0.0790297 -0.993965 0.0760747
v 83.2669 -53.813 337
vn 0.624145 -0.71757 -0.309089
v 82.6916 -53.7734 337.355
vn 0.722501 -0.631291 -0.281892
v 83.7748 -53.6727 339.828
vn -0.375279 -0.920854 -0.105801
v 100.383 -46.4662 317.278
vn 0.422505 -0.862954 -0.277129
v 83.1639 -57.8597 342.552
vn 0.892648 -0.0502562 -0.447943
v 83.3106 -55.2175 340.277
vn 0.388324 -0.779011 -0.492286
v 83.3106 -55.2175 340.277
vn 0.788888 -0.0928172 -0.607487
v 82.5676 -56.2537 340.874
vn 0.557648 -0.822151 -0.114439
v 82.8895 -55.5691 340.751
vn 0.378009 -0.612537 -0.694195
v 82.8895 -55.5691 340.751
vn 0.447863 -0.644892 -0.619301
v 83.6582 -55.3144 340.841
vn -0.722035 0.383241 0.576014
v 79.9552 -46.916 352.245
vn 0.960943 -0.201188 -0.190033
v 122.167 -34.2957 292.237
vn 0.59556 0.773316 0.217466
v 120.592 -31.8949 297.826
vn -0.0487092 0.965516 0.255746
v 116.698 -28.8524 302.984
vn 0.352601 0.918615 0.178378
v 117.699 -29.1126 303.599
vn -0.15023 -0.978915 0.138403
v 80.4813 -62.4537 345.997
vn 0.894114 -0.362526 -0.262936
v 80.4813 -62.4537 345.997
vn 0.437061 -0.897643 -0.0566948
v 80.4813 -62.4537 345.997
vn -0.804743 -0.383481 0.453135
v 81.0164 -51.5951 354.965
vn -0.446965 0.766978 0.460399
v 81.4908 -47.2686 354.323
vn 0.920132 0.374523 0.114414
v 123.887 -39.2676 289.826
vn 0.983619 -0.162358 -0.0783209
v 123.956 -39.365 290.573
vn 0.733816 0.618845 0.280258
v 123.295 -38.5198 290.361
vn 0.417701 -0.905461 -0.0752808
v 81.2597 -62.2651 349.011
vn -0.148615 -0.976417 0.156598
v 81.5003 -62.0369 350.538
vn 0.383626 -0.818725 -0.427224
v 85.0227 -58.541 346.89
vn -0.0393863 -0.997899 0.0514371
v 83.454 -61.8957 353.416
vn -0.224752 -0.970755 0.0843875
v 84.2311 -61.9635 353.909
vn -0.402479 -0.837107 0.370491
v 84.7022 -62.0305 354.895
vn -0.106106 -0.978696 0.17577
v 103.078 -45.7614 335.978
vn -0.561952 -0.503333 0.656404
v 85.8165 -61.7437 356.238
vn 0.114926 -0.986566 -0.116102
v 112.391 -51.389 323.039
vn 0.665181 -0.739338 -0.104469
v 118.146 -49.3758 315.827
vn -0.360749 -0.924949 0.119705
v 103.802 -45.4649 338.487
vn -0.314781 -0.949133 0.00776407
v 104.152 -45.568 339.053
vn 0.984089 0.177553 -0.00665856
v 121.32 -36.6893 314.786
vn -0.965162 -0.260592 -0.0235342
v 112.188 -51.5891 325.032
vn -0.662922 -0.748577 -0.0128931
v 112.188 -51.5891 325.032
vn -0.0845868 -0.990537 -0.108081
v 112.188 -51.5891 325.032
vn 0.100063 -0.989191 -0.107186
v 112.406 -51.8145 326.928
vn 0.397745 -0.917423 -0.0115413
v 118.589 -49.2907 316.784
vn -0.023504 -0.999599 -0.0157665
v 104.52 -45.6929 340.331
vn -0.836018 -0.468223 0.28608
v 105.04 -45.5595 342.381
vn -0.166136 -0.947781 0.272233
v 91.2837 -62.0397 359.867
vn 0.267975 -0.962899 -0.0318523
v 112.481 -52.2472 331.902
vn -0.988995 0.130107 0.0704379
v 112.138 -52.0991 331.945
vn 0.487344 -0.873173 -0.00807469
v 118.231 -49.3366 324.334
vn 0.057194 -0.982819 0.175489
v 92.6468 -61.4746 362.038
vn -0.308159 -0.941778 0.13451
v 112.376 -52.1208 334.52
vn 0.967177 0.156161 0.200457
v 96.2629 -57.0421 364.223
vn 0.995983 0.0895253 -0.00152975
v 96.2949 -58.0421 364.685
vn -0.340787 -0.921188 0.187819
v 112.728 -51.2317 338.624
vn -0.780227 -0.625453 0.00728918
v 112.728 -51.2317 338.624
vn 0.992878 0.066188 -0.099061
v 96.5966 -59.8511 366.125
vn -0.592112 -0.644293 0.484035
v 94.3686 -56.2604 371.186
vn -0.394045 0.681734 0.616415
v 94.707 -56.9526 370.836
vn 0.283175 -0.490475 0.824164
v 94.707 -56.9526 370.836
vn 0.283175 -0.490475 0.824164
v 94.7038 -56.7317 370.969
vn -0.22428 -0.81274 -0.537729
v 94.7038 -56.7317 370.969
vn 0.296104 -0.787898 0.539944
v 94.7038 -56.7317 370.969
vn -0.510921 0.061965 0.857392
v 94.7038 -56.7317 370.969
vn -0.394045 0.681734 0.616415
v 95.0673 -56.7444 370.836
vn 0.283175 -0.490475 0.824164
v 95.0673 -56.7444 370.836
vn 0.905153 -0.297933 0.303206
v 95.0673 -56.7444 370.836
vn -0.22428 -0.81274 -0.537729
v 95.0673 -56.7444 370.836
vn 0.318162 0.4575 0.830341
v 95.0673 -56.7444 370.836
vn -0.702544 -0.173022 0.690286
v 94.9095 -57.035 371.057
vn 0.318162 0.4575 0.830341
v 94.9095 -57.035 371.057
vn 0.450165 0.497491 0.741521
v 95.0392 -57.0874 371.194
vn -0.22428 -0.81274 -0.537729
v 94.927 -56.8888 371.113
vn -0.510921 0.061965 0.857392
v 94.927 -56.8888 371.113
vn 0.156045 -0.846195 0.509513
v 95.0493 -56.4736 371.156
vn -0.510921 0.061965 0.857392
v 95.0493 -56.4736 371.156
vn 0.988249 0.149141 -0.0334898
v 95.0493 -56.4736 371.156
vn 0.450165 0.497491 0.741521
v 95.1013 -57.2121 371.24
vn 0.450165 0.497491 0.741521
v 95.2052 -57.1287 371.121
vn -0.411513 0.874997 0.255023
v 94.4942 -55.6825 371.318
vn 0.0989626 -0.390223 0.915386
v 94.4942 -55.6825 371.318
vn -0.327462 -0.069757 -0.942286
v 94.5382 -55.7139 371.496
vn -0.411513 0.874997 0.255023
v 94.5382 -55.7139 371.496
vn 0.0989626 -0.390223 0.915386
v 94.5236 -55.3894 371.439
vn -0.281202 -0.954574 -0.0985619
v 94.5236 -55.3894 371.439
vn 0.264544 0.172943 0.94874
v 94.5236 -55.3894 371.439
vn 0.609158 -0.480474 -0.630929
v 94.5236 -55.3894 371.439
vn 0.492007 -0.851326 -0.182134
v 94.5236 -55.3894 371.439
vn 0.288194 0.953091 0.0925256
v 94.5376 -55.3971 371.473
vn -0.856027 0.156774 0.492584
v 94.5376 -55.3971 371.473
vn -0.281202 -0.954574 -0.0985619
v 94.5376 -55.3971 371.473
vn 0.264544 0.172943 0.94874
v 94.8664 -55.162 371.302
vn 0.492007 -0.851326 -0.182134
v 94.8664 -55.162 371.302
vn -0.327462 -0.069757 -0.942286
v 94.9086 -55.4975 371.352
vn 0.288194 0.953091 0.0925256
v 94.9086 -55.4975 371.352
vn -0.411513 0.874997 0.255023
v 94.9086 -55.4975 371.352
vn 0.0989626 -0.390223 0.915386
v 94.9086 -55.4975 371.352
vn 0.264544 0.172943 0.94874
v 94.9086 -55.4975 371.352
vn 0.856256 -0.445921 -0.260731
v 94.9086 -55.4975 371.352
vn 0.609158 -0.480474 -0.630929
v 94.915 -55.2158 371.685
vn 0.388356 0.719884 0.57528
v 94.915 -55.2158 371.685
vn 0.492007 -0.851326 -0.182134
v 94.915 -55.2158 371.685
vn 0.183061 -0.769582 0.611745
v 94.915 -55.2158 371.685
vn -0.361291 -0.81122 0.459773
v 94.7553 -55.1788 371.782
vn 0.498647 0.651928 0.571263
v 94.7553 -55.1788 371.782
vn 0.204088 -0.755141 0.622985
v 94.7553 -55.1788 371.782
vn 0.183061 -0.769582 0.611745
v 94.7112 -55.0899 371.904
vn -0.582897 -0.64338 0.49628
v 94.761 -56.1272 371.82
vn -0.910631 -0.214768 0.353025
v 94.761 -56.1272 371.82
vn -0.445448 -0.680513 0.581788
v 94.6846 -55.8213 372.119
vn -0.396293 -0.172358 0.901801
v 94.6846 -55.8213 372.119
vn -0.281202 -0.954574 -0.0985619
v 95.0877 -55.6308 372.168
vn 0.856256 -0.445921 -0.260731
v 95.0877 -55.6308 372.168
vn 0.609158 -0.480474 -0.630929
v 95.0877 -55.6308 372.168
vn 0.123763 0.13056 0.983685
v 95.0877 -55.6308 372.168
vn 0.27154 0.775747 0.569634
v 95.0877 -55.6308 372.168
vn 0.388356 0.719884 0.57528
v 94.7392 -55.5314 372.198
vn 0.123763 0.13056 0.983685
v 94.7392 -55.5314 372.198
vn -0.396293 -0.172358 0.901801
v 94.7392 -55.5314 372.198
vn -0.447022 0.517912 -0.729341
v 94.8261 -55.5734 372.358
vn -0.775305 0.344604 0.529293
v 94.8261 -55.5734 372.358
vn -0.25114 -0.712189 0.655527
v 94.9388 -54.6929 372.361
vn 0.98111 -0.188766 0.0423087
v 94.9388 -54.6929 372.361
vn 0.990028 0.140412 0.0113721
v 94.9575 -55.9123 372.222
vn 0.856256 -0.445921 -0.260731
v 94.9575 -55.9123 372.222
vn 0.123763 0.13056 0.983685
v 94.9575 -55.9123 372.222
vn -0.396293 -0.172358 0.901801
v 94.9575 -55.9123 372.222
vn -0.418963 0.493334 -0.762294
v 95.0857 -55.6313 372.178
vn 0.97843 0.156815 -0.134476
v 95.0857 -55.6313 372.178
vn 0.979537 0.188437 -0.0707052
v 95.147 -55.6885 372.557
vn -0.217645 0.150344 0.964379
v 95.147 -55.6885 372.557
vn -0.775305 0.344604 0.529293
v 94.9001 -55.6087 372.489
vn -0.217645 0.150344 0.964379
v 94.9001 -55.6087 372.489
vn 0.979537 0.188437 -0.0707052
v 95.0659 -55.3322 372.382
vn -0.775305 0.344604 0.529293
v 95.0463 -55.2428 372.465
vn 0.97568 0.219103 -0.00657603
v 95.0463 -55.2428 372.465
vn -0.217645 0.150344 0.964379
v 95.0463 -55.2428 372.465
vn -0.30254 0.287098 -0.90887
v 94.9239 -54.4148 373.032
vn -0.150213 -0.773806 0.615354
v 95.0402 -54.1398 373.081
vn 0.261307 -0.276825 0.924709
v 95.0402 -54.1398 373.081
vn -0.340712 0.304104 -0.889627
v 95.0402 -54.1398 373.081
vn -0.263728 0.269485 -0.926188
v 95.0009 -54.4346 373.004
vn -0.558214 -0.139531 0.81788
v 95.0009 -54.4346 373.004
vn 0.973276 -0.222928 0.0551105
v 95.0009 -54.4346 373.004
vn 0.0839902 -0.796008 0.599431
v 95.0634 -54.1455 373.071
vn -0.30254 0.287098 -0.90887
v 95.0634 -54.1455 373.071
vn 0.950236 -0.308045 0.0464785
v 95.0615 -54.1475 373.095
vn 0.225236 -0.259941 0.938989
v 95.0615 -54.1475 373.095
vn -0.744885 0.465885 -0.477595
v 95.0961 -54.1963 373.469
vn -0.281184 -0.954578 -0.0985773
v 95.0961 -54.1963 373.469
vn -0.546824 -0.0794531 0.833469
v 95.0961 -54.1963 373.469
vn -0.281184 -0.954578 -0.0985773
v 95.1781 -54.2173 373.439
vn 0.920976 -0.156138 -0.356964
v 95.1781 -54.2173 373.439
vn -0.546824 -0.0794531 0.833469
v 95.2147 -54.2388 373.542
vn 0.920976 -0.156138 -0.356964
v 95.2147 -54.2388 373.542
vn 0.858674 -0.00953935 0.512433
v 95.2147 -54.2388 373.542
vn 0.705489 -0.676675 -0.210705
v 95.3032 -52.8584 372.096
vn 0.225236 -0.259941 0.938989
v 94.8259 -53.1691 373.422
vn -0.70616 -0.69435 -0.138621
v 94.8259 -53.1691 373.422
vn 0.225236 -0.259941 0.938989
v 95.2916 -53.5967 373.192
vn -0.70616 -0.69435 -0.138621
v 95.2916 -53.5967 373.192
vn 0.726141 -0.671387 0.148183
v 95.2916 -53.5967 373.192
vn -0.744885 0.465885 -0.477595
v 95.2479 -53.9292 373.493
vn 0.920976 -0.156138 -0.356964
v 95.2479 -53.9292 373.493
vn 0.858674 -0.00953935 0.512433
v 95.2479 -53.9292 373.493
vn -0.546824 -0.0794531 0.833469
v 95.2043 -53.9239 373.566
vn 0.858674 -0.00953935 0.512433
v 95.2043 -53.9239 373.566
vn 0.510885 -0.0620792 -0.857404
v 95.209 -53.6399 373.846
vn -0.28119 -0.954578 -0.0985593
v 95.209 -53.6399 373.846
vn -0.70616 -0.69435 -0.138621
v 95.1664 -53.5942 373.817
vn 0.726141 -0.671387 0.148183
v 95.1664 -53.5942 373.817
vn 0.0671479 -0.43873 0.896107
v 95.1664 -53.5942 373.817
vn 0.0671479 -0.43873 0.896107
v 95.3507 -53.3741 373.911
vn 0.994187 -0.093901 -0.0526692
v 95.3507 -53.3741 373.911
vn -0.281193 -0.954575 -0.0985788
v 95.3507 -53.3741 373.911
vn 0.554229 -0.821392 -0.134707
v 95.3507 -53.3741 373.911
vn 0.0671479 -0.43873 0.896107
v 95.1816 -53.328 373.946
vn -0.281193 -0.954575 -0.0985788
v 95.1816 -53.328 373.946
vn -0.510961 0.791474 0.335392
v 95.9067 -48.0198 375.255
vn -0.800532 -0.564996 0.199819
v 96.876 -45.8868 373.139
vn -0.551096 0.675623 0.489721
v 103.183 -38.3004 365.592
vn 0.99634 0.0807099 -0.028154
v 96.7545 -60.695 367.76
vn 0.315004 -0.842828 0.436365
v 96.7237 -60.5895 369.652
vn 0.250107 -0.632262 0.733275
v 95.949 -59.2301 371.088
vn 0.44174 -0.520409 0.73078
v 95.8677 -58.627 371.567
vn 0.318162 0.4575 0.830341
v 95.8677 -58.627 371.567
vn 0.941079 0.28449 0.182856
v 95.8677 -58.627 371.567
vn -0.28119 -0.954578 -0.0985593
v 95.4393 -53.7226 373.989
vn 0.339415 0.243571 0.908554
v 95.4393 -53.7226 373.989
vn 0.510885 -0.0620792 -0.857404
v 95.4225 -53.6394 373.973
vn 0.339415 0.243571 0.908554
v 95.4225 -53.6394 373.973
vn -0.28119 -0.954578 -0.0985593
v 95.3769 -53.7061 374.008
vn 0.339415 0.243571 0.908554
v 95.3769 -53.7061 374.008
vn -0.912821 -0.0982774 0.396358
v 95.3271 -53.4035 374.263
vn 0.37548 -0.925369 -0.0520281
v 95.3271 -53.4035 374.263
vn -0.509802 -0.703955 0.49452
v 95.3271 -53.4035 374.263
vn -0.509802 -0.703955 0.49452
v 95.735 -53.2721 374.87
vn 0.752451 -0.360834 0.551014
v 95.735 -53.2721 374.87
vn 0.964253 -0.195216 -0.179182
v 95.735 -53.2721 374.87
vn -0.509802 -0.703955 0.49452
v 95.6612 -53.0419 375.122
vn 0.609834 -0.332967 0.719191
v 95.6612 -53.0419 375.122
vn -0.911291 -0.150742 0.383177
v 95.822 -52.7389 375.546
vn 0.701298 -0.655281 -0.280692
v 95.822 -52.7389 375.546
vn 0.0367375 -0.567225 0.822743
v 95.822 -52.7389 375.546
vn -0.89747 0.0843139 0.432942
v 95.7307 -52.3896 375.466
vn 0.0650982 0.228818 -0.97129
v 95.7307 -52.3896 375.466
vn -0.743847 0.317279 0.588239
v 95.8658 -52.1214 375.527
vn 0.0304338 0.283507 -0.958487
v 96.0295 -52.4759 375.45
vn 0.701298 -0.655281 -0.280692
v 96.0295 -52.4759 375.45
vn 0.965023 -0.0914258 -0.245709
v 96.0295 -52.4759 375.45
vn 0.0367375 -0.567225 0.822743
v 96.0859 -52.517 375.687
vn 0.965023 -0.0914258 -0.245709
v 96.0859 -52.517 375.687
vn 0.242481 0.0690552 0.967695
v 96.0859 -52.517 375.687
vn 0.842334 0.23527 0.484894
v 96.0859 -52.517 375.687
vn 0.0367375 -0.567225 0.822743
v 95.8567 -52.455 375.74
vn 0.242481 0.0690552 0.967695
v 95.8567 -52.455 375.74
vn 0.965023 -0.0914258 -0.245709
v 96.0793 -52.1853 375.537
vn 0.842334 0.23527 0.484894
v 96.0793 -52.1853 375.537
vn 0.958737 -0.205941 -0.195991
v 96.0793 -52.1853 375.537
vn 0.72336 -0.507934 0.467711
v 96.0793 -52.1853 375.537
vn 0.242481 0.0690552 0.967695
v 95.9906 -52.1746 375.686
vn 0.842334 0.23527 0.484894
v 95.9906 -52.1746 375.686
vn 0.72336 -0.507934 0.467711
v 95.9906 -52.1746 375.686
vn -0.281166 -0.954583 -0.0985769
v 96.151 -52.2519 375.978
vn 0.812368 -0.291297 0.505177
v 96.151 -52.2519 375.978
vn -0.670471 0.664945 0.329114
v 96.0567 -52.2263 375.998
vn -0.281166 -0.954583 -0.0985769
v 96.0567 -52.2263 375.998
vn -0.670471 0.664945 0.329114
v 96.1413 -52.1637 376.044
vn 0.812368 -0.291297 0.505177
v 96.1413 -52.1637 376.044
vn -0.281166 -0.954583 -0.0985769
v 96.0842 -52.2438 376.09
vn 0.812368 -0.291297 0.505177
v 96.0842 -52.2438 376.09
vn -0.924093 -0.356567 0.137524
v 96.2692 -52.1052 376.466
vn 0.812341 -0.29146 0.505126
v 96.2692 -52.1052 376.466
vn 0.96098 -0.21702 -0.171521
v 96.1019 -51.853 375.298
vn 0.416683 -0.346804 0.840299
v 95.9285 -51.8126 375.401
vn -0.281167 -0.954581 -0.0985871
v 95.9285 -51.8126 375.401
vn 0.628408 -0.0540015 -0.776007
v 95.9285 -51.8126 375.401
vn -0.596707 0.242058 0.765081
v 95.9845 -51.8473 375.578
vn -0.281167 -0.954581 -0.0985871
v 95.9845 -51.8473 375.578
vn -0.918388 -0.323799 0.227417
v 95.9845 -51.8473 375.578
vn -0.581757 -0.465078 0.667279
v 95.9845 -51.8473 375.578
vn 0.958737 -0.205941 -0.195991
v 96.1514 -51.8975 375.587
vn -0.281167 -0.954581 -0.0985871
v 96.1514 -51.8975 375.587
vn 0.628408 -0.0540015 -0.776007
v 96.1514 -51.8975 375.587
vn 0.892142 0.443749 -0.0846733
v 96.1514 -51.8975 375.587
vn 0.947855 -0.251513 -0.195735
v 96.1514 -51.8975 375.587
vn -0.602737 -0.53767 0.589593
v 96.1514 -51.8975 375.587
vn -0.992596 0.0534161 0.109083
v 96.1514 -51.8975 375.587
vn 0.403284 -0.81879 0.408589
v 96.1514 -51.8975 375.587
vn 0.958737 -0.205941 -0.195991
v 96.1695 -51.9137 375.693
vn 0.72336 -0.507934 0.467711
v 96.1695 -51.9137 375.693
vn -0.581757 -0.465078 0.667279
v 96.1695 -51.9137 375.693
vn 0.892142 0.443749 -0.0846733
v 96.1695 -51.9137 375.693
vn 0.628408 -0.0540015 -0.776007
v 96.5691 -50.3354 375.817
vn 0.394638 -0.403594 0.825453
v 96.5691 -50.3354 375.817
vn 0.776334 0.474707 0.41468
v 96.5691 -50.3354 375.817
vn 0.949384 -0.221071 -0.223153
v 96.5691 -50.3354 375.817
vn -0.804471 -0.352834 0.477843
v 96.0684 -50.3307 375.868
vn -0.581757 -0.465078 0.667279
v 95.8379 -51.2084 375.895
vn 0.892142 0.443749 -0.0846733
v 95.8379 -51.2084 375.895
vn -0.602737 -0.53767 0.589593
v 95.8379 -51.2084 375.895
vn -0.296992 -0.95218 -0.0717578
v 96.2523 -50.1164 376.312
vn 0.204138 0.233475 0.950693
v 96.1593 -50.712 376.259
vn 0.879438 -0.475017 0.0307804
v 96.4912 -50.4823 376.131
vn -0.518271 0.83957 0.162839
v 96.4912 -50.4823 376.131
vn 0.204138 0.233475 0.950693
v 96.4912 -50.4823 376.131
vn -0.15077 -0.824587 0.545276
v 96.4912 -50.4823 376.131
vn -0.671137 -0.44065 0.596157
v 96.3226 -50.4352 376.156
vn 0.204138 0.233475 0.950693
v 96.3226 -50.4352 376.156
vn -0.15077 -0.824587 0.545276
v 96.3226 -50.4352 376.156
vn -0.924093 -0.356567 0.137524
v 96.2264 -52.007 376.433
vn -0.0627217 0.542813 -0.837508
v 96.2264 -52.007 376.433
vn -0.728005 0.634264 0.260224
v 96.2264 -52.007 376.433
vn -0.56233 0.783626 0.264035
v 96.4515 -50.5714 376.464
vn -0.763275 0.522619 0.379843
v 96.3389 -50.8171 376.764
vn -0.976075 0.0922528 0.196893
v 96.3389 -50.8171 376.764
vn -0.0267673 0.645868 -0.76298
v 96.3389 -50.8171 376.764
vn 0.737778 0.359978 0.571051
v 96.3389 -50.8171 376.764
vn -0.646646 0.699349 0.304565
v 96.3389 -50.8171 376.764
vn -0.15077 -0.824587 0.545276
v 96.5972 -50.2402 376.527
vn 0.824698 -0.560001 -0.0791995
v 96.5972 -50.2402 376.527
vn -0.296992 -0.95218 -0.0717578
v 96.5972 -50.2402 376.527
vn -0.0627217 0.542813 -0.837508
v 96.3308 -52.035 376.407
vn 0.812334 -0.291459 0.505138
v 96.3308 -52.035 376.407
vn -0.728005 0.634264 0.260224
v 96.3252 -51.915 376.486
vn 0.812341 -0.29146 0.505126
v 96.3252 -51.915 376.486
vn -0.728005 0.634264 0.260224
v 96.2498 -52.0252 376.543
vn 0.812349 -0.291461 0.505114
v 96.2498 -52.0252 376.543
vn -0.913122 -0.355548 0.199483
v 96.4018 -51.7896 376.872
vn 0.0298428 0.645613 -0.763081
v 96.4018 -51.7896 376.872
vn -0.613486 0.723632 0.316216
v 96.4018 -51.7896 376.872
vn 0.947855 -0.251513 -0.195735
v 96.5865 -51.0279 376.577
vn -0.0267673 0.645868 -0.76298
v 96.5865 -51.0279 376.577
vn 0.866341 0.401587 -0.296954
v 96.5865 -51.0279 376.577
vn 0.403284 -0.81879 0.408589
v 96.3372 -51.146 376.91
vn -0.0618207 -0.221778 0.973136
v 96.3372 -51.146 376.91
vn -0.921607 0.142767 0.360912
v 96.4361 -51.2051 377.2
vn 0.707327 -0.703846 -0.0654941
v 96.4361 -51.2051 377.2
vn -0.132362 -0.368652 0.920096
v 96.4361 -51.2051 377.2
vn 0.403284 -0.81879 0.408589
v 96.6839 -50.9409 376.979
vn -0.0618207 -0.221778 0.973136
v 96.6839 -50.9409 376.979
vn 0.866341 0.401587 -0.296954
v 96.6839 -50.9409 376.979
vn 0.140854 0.46836 0.872238
v 96.6839 -50.9409 376.979
vn -0.646646 0.699349 0.304565
v 96.5281 -50.6872 376.868
vn 0.866341 0.401587 -0.296954
v 96.5281 -50.6872 376.868
vn 0.140854 0.46836 0.872238
v 96.5281 -50.6872 376.868
vn -0.646646 0.699349 0.304565
v 96.3976 -50.8567 376.98
vn -0.0618207 -0.221778 0.973136
v 96.3976 -50.8567 376.98
vn 0.140854 0.46836 0.872238
v 96.3976 -50.8567 376.98
vn -0.921607 0.142767 0.360912
v 96.4855 -50.9062 377.208
vn -0.248588 0.775878 -0.579843
v 96.4855 -50.9062 377.208
vn -0.669515 0.641415 0.374614
v 96.4855 -50.9062 377.208
vn -0.913122 -0.355548 0.199483
v 96.4453 -51.8831 376.905
vn 0.629053 -0.734012 -0.255968
v 96.4453 -51.8831 376.905
vn 0.0296477 -0.66143 0.749421
v 96.4453 -51.8831 376.905
vn 0.0298428 0.645613 -0.763081
v 96.5013 -51.817 376.853
vn 0.629053 -0.734012 -0.255968
v 96.5013 -51.817 376.853
vn 0.946204 0.284332 -0.154448
v 96.5013 -51.817 376.853
vn 0.0296477 -0.66143 0.749421
v 96.5213 -51.8325 376.946
vn 0.946204 0.284332 -0.154448
v 96.5213 -51.8325 376.946
vn 0.334674 0.358546 0.871457
v 96.5213 -51.8325 376.946
vn -0.613486 0.723632 0.316216
v 96.4883 -51.7372 376.92
vn 0.946204 0.284332 -0.154448
v 96.4883 -51.7372 376.92
vn 0.334674 0.358546 0.871457
v 96.4883 -51.7372 376.92
vn -0.613486 0.723632 0.316216
v 96.4308 -51.8084 376.971
vn 0.0296477 -0.66143 0.749421
v 96.4308 -51.8084 376.971
vn 0.334674 0.358546 0.871457
v 96.4308 -51.8084 376.971
vn -0.248588 0.775878 -0.579843
v 96.679 -50.9487 377.068
vn 0.707327 -0.703846 -0.0654941
v 96.679 -50.9487 377.068
vn 0.877161 0.47703 0.0550602
v 96.679 -50.9487 377.068
vn -0.132362 -0.368652 0.920096
v 96.6769 -50.9748 377.327
vn 0.877161 0.47703 0.0550602
v 96.6769 -50.9748 377.327
vn 0.095685 0.398243 0.912276
v 96.6769 -50.9748 377.327
vn -0.669515 0.641415 0.374614
v 96.5985 -50.824 377.269
vn 0.877161 0.47703 0.0550602
v 96.5985 -50.824 377.269
vn 0.095685 0.398243 0.912276
v 96.5985 -50.824 377.269
vn -0.669515 0.641415 0.374614
v 96.5269 -50.9303 377.323
vn -0.132362 -0.368652 0.920096
v 96.5269 -50.9303 377.323
vn 0.095685 0.398243 0.912276
v 96.5269 -50.9303 377.323
vn -0.957345 -0.200519 0.208046
v 96.5974 -50.9827 377.63
vn -0.255145 0.683795 -0.683612
v 96.5974 -50.9827 377.63
vn -0.721951 0.625708 0.295427
v 96.5974 -50.9827 377.63
vn -0.809036 -0.557582 0.185911
v 96.7398 -50.3443 377.319
vn 0.84848 -0.435834 -0.300216
v 96.7398 -50.3443 377.319
vn 0.235013 -0.955105 -0.180397
v 96.7398 -50.3443 377.319
vn -0.957345 -0.200519 0.208046
v 96.6278 -51.1004 377.657
vn 0.317483 -0.845213 -0.429906
v 96.6278 -51.1004 377.657
vn -0.401006 -0.53062 0.74675
v 96.6278 -51.1004 377.657
vn -0.255145 0.683795 -0.683612
v 96.7236 -51.012 377.554
vn 0.317483 -0.845213 -0.429906
v 96.7236 -51.012 377.554
vn 0.716557 0.615619 -0.327963
v 96.7236 -51.012 377.554
vn -0.721951 0.625708 0.295427
v 96.6861 -50.9026 377.677
vn 0.716557 0.615619 -0.327963
v 96.6861 -50.9026 377.677
vn -0.139396 0.510676 0.848398
v 96.6861 -50.9026 377.677
vn -0.721951 0.625708 0.295427
v 96.6215 -50.9996 377.725
vn -0.401006 -0.53062 0.74675
v 96.6215 -50.9996 377.725
vn -0.139396 0.510676 0.848398
v 96.6215 -50.9996 377.725
vn -0.918704 -0.0903268 0.384479
v 96.7674 -50.1666 378.372
vn -0.907624 0.091942 0.409591
v 96.6242 -47.6439 375.655
vn 0.0603167 -0.983173 0.172434
v 103.167 -46.0491 366.493
vn 0.391106 0.494337 0.776316
v 98.1696 -47.2121 376.195
vn 0.892711 0.446365 -0.061845
v 98.1696 -47.2121 376.195
vn 0.391106 0.494337 0.776316
v 98.0093 -46.8997 376.077
vn 0.896651 0.439226 -0.0556584
v 98.0093 -46.8997 376.077
vn 0.0945513 -0.9417 0.322896
v 98.0093 -46.8997 376.077
vn 0.391106 0.494337 0.776316
v 98.3375 -46.9192 375.924
vn 0.0945513 -0.9417 0.322896
v 98.3375 -46.9192 375.924
vn -0.683642 -0.710512 0.166752
v 98.3375 -46.9192 375.924
vn 0.0772379 0.975863 0.204271
v 98.0879 -47.0089 376.482
vn 0.0945513 -0.9417 0.322896
v 98.3046 -46.8119 376.247
vn -0.745443 -0.640638 0.184114
v 98.3046 -46.8119 376.247
vn -0.300753 0.843697 0.444661
v 98.655 -45.6224 376.37
vn 0.208237 -0.971801 0.110638
v 98.4132 -46.819 376.662
vn -0.179912 -0.828772 -0.529876
v 98.4132 -46.819 376.662
vn -0.902206 0.26534 0.340028
v 98.4132 -46.819 376.662
vn -0.671867 -0.650997 -0.353268
v 98.4132 -46.819 376.662
vn -0.181329 -0.82945 -0.528329
v 98.7144 -46.7742 376.488
vn 0.45923 -0.876731 -0.143005
v 98.6407 -46.9616 376.808
vn 0.449348 -0.891024 -0.0645113
v 98.4588 -47.07 377.038
vn -0.671867 -0.650997 -0.353268
v 98.4588 -47.07 377.038
vn -0.281358 -0.954523 -0.0986082
v 98.4588 -47.07 377.038
vn -0.808536 0.325677 0.490106
v 97.329 -47.3525 376.91
vn 0.907453 0.418965 -0.0315623
v 98.288 -47.3274 376.974
vn 0.0745143 0.958963 0.273564
v 98.177 -47.0822 376.89
vn 0.18831 0.960553 0.204641
v 98.0013 -47.1397 377.139
vn 0.857881 0.512146 -0.0417904
v 98.2893 -47.346 377.151
vn 0.805724 0.560678 -0.190918
v 98.3525 -47.3869 377.367
vn 0.21755 0.973808 0.0661052
v 98.2384 -47.2495 377.289
vn -0.281358 -0.954523 -0.0986082
v 98.4581 -47.0717 377.057
vn -0.00766899 -0.803289 0.59554
v 98.4581 -47.0717 377.057
vn -0.936562 0.252123 0.243488
v 98.4453 -47.0683 377.06
vn -0.281358 -0.954523 -0.0986082
v 98.4453 -47.0683 377.06
vn -0.0437149 -0.794755 0.605354
v 98.4453 -47.0683 377.06
vn 0.453947 -0.89086 0.0173203
v 118.294 -47.6284 344.13
vn -0.526913 0.708068 0.470109
v 104.124 -40.0601 369.08
vn -0.0650058 0.909439 0.410724
v 104.732 -40.0817 369.793
vn -0.401006 -0.53062 0.74675
v 96.9034 -51.0797 377.82
vn 0.716557 0.615619 -0.327963
v 96.9034 -51.0797 377.82
vn -0.139396 0.510676 0.848398
v 96.9034 -51.0797 377.82
vn 0.574957 0.327876 -0.749615
v 96.8521 -50.7147 378.112
vn -0.419544 0.3197 0.849573
v 96.8521 -50.7147 378.112
vn -0.281166 -0.954579 -0.0986158
v 96.8203 -50.785 378.123
vn -0.387926 0.458714 0.799434
v 96.8203 -50.785 378.123
vn -0.281166 -0.954579 -0.0986158
v 97.0927 -50.8759 378.227
vn 0.574957 0.327876 -0.749615
v 97.0927 -50.8759 378.227
vn 0.81231 -0.29141 0.505205
v 97.0927 -50.8759 378.227
vn -0.387926 0.458714 0.799434
v 97.0973 -50.797 378.265
vn 0.81231 -0.29141 0.505205
v 97.0973 -50.797 378.265
vn -0.347448 0.587252 0.731037
v 97.0486 -50.8706 378.3
vn 0.81231 -0.29141 0.505205
v 97.0486 -50.8706 378.3
vn 0.170006 -0.966561 -0.191983
v 97.21 -50.4147 378.304
vn -0.881461 -0.1297 0.454097
v 97.1188 -50.5611 378.96
vn 0.170006 -0.966561 -0.191983
v 97.1188 -50.5611 378.96
vn -0.389525 -0.668933 0.633086
v 97.1188 -50.5611 378.96
vn -0.166763 -0.688272 0.706025
v 97.3869 -50.5657 379.12
vn 0.794981 -0.541934 -0.272602
v 97.3869 -50.5657 379.12
vn 0.728966 -0.582768 -0.359152
v 97.539 -50.5105 379.501
vn -0.745364 -0.4629 0.479746
v 97.539 -50.5105 379.501
vn -0.0929842 -0.616677 0.781705
v 97.539 -50.5105 379.501
vn -0.8594 0.0914103 0.503066
v 97.3198 -50.2546 379.408
vn -0.0187951 -0.357751 -0.933628
v 97.3198 -50.2546 379.408
vn -0.745364 -0.4629 0.479746
v 97.3198 -50.2546 379.408
vn 0.798363 0.293414 0.525857
v 97.6482 -49.4963 378.499
vn 0.744984 0.653732 -0.132795
v 97.6482 -49.4963 378.499
vn 0.798363 0.293414 0.525857
v 97.4122 -49.1893 378.686
vn 0.744984 0.653732 -0.132795
v 97.4122 -49.1893 378.686
vn 0.0732274 0.223332 -0.971988
v 97.4122 -49.1893 378.686
vn 0.438188 -0.867236 0.236415
v 97.4122 -49.1893 378.686
vn 0.130409 0.991442 0.00608577
v 97.4122 -49.1893 378.686
vn 0.307079 -0.358608 0.881534
v 97.4122 -49.1893 378.686
vn 0.798363 0.293414 0.525857
v 97.6826 -49.1679 378.263
vn 0.438188 -0.867236 0.236415
v 97.6826 -49.1679 378.263
vn 0.135389 -0.205398 0.969269
v 97.6826 -49.1679 378.263
vn 0.634104 -0.0747534 -0.769626
v 97.6826 -49.1679 378.263
vn 0.789041 0.110792 -0.604267
v 97.6826 -49.1679 378.263
vn 0.355033 -0.721155 0.594884
v 97.6826 -49.1679 378.263
vn -0.772391 0.31037 0.55415
v 97.8974 -48.3041 378.416
vn 0.135389 -0.205398 0.969269
v 97.8974 -48.3041 378.416
vn 0.52773 0.0192622 -0.849193
v 97.8974 -48.3041 378.416
vn 0.281171 0.95458 0.0985922
v 97.8974 -48.3041 378.416
vn 0.375602 -0.88108 0.287438
v 97.8974 -48.3041 378.416
vn 0.186643 0.978236 0.0906592
v 97.4231 -49.5279 379.067
vn 0.0415374 0.803801 -0.593447
v 97.4231 -49.5279 379.067
vn 0.0349271 0.436015 0.899261
v 97.4231 -49.5279 379.067
vn 0.232165 -0.244207 0.941521
v 97.4231 -49.5279 379.067
vn 0.744984 0.653732 -0.132795
v 97.6959 -49.5239 378.63
vn 0.0732274 0.223332 -0.971988
v 97.6959 -49.5239 378.63
vn 0.186643 0.978236 0.0906592
v 97.8132 -49.5919 378.954
vn 0.232165 -0.244207 0.941521
v 97.8132 -49.5919 378.954
vn -0.583399 0.558357 0.589816
v 97.4775 -49.5079 379.098
vn -0.269963 0.0294337 -0.962421
v 97.4775 -49.5079 379.098
vn -0.352686 0.751928 -0.556971
v 97.4775 -49.5079 379.098
vn 0.231763 0.970392 0.0680028
v 97.7556 -49.2346 378.701
vn 0.885945 -0.0702768 -0.458436
v 97.7556 -49.2346 378.701
vn 0.873182 0.465355 -0.144911
v 97.7556 -49.2346 378.701
vn 0.206642 0.977004 0.0525531
v 97.6318 -49.2196 378.909
vn 0.0349271 0.436015 0.899261
v 97.6318 -49.2196 378.909
vn -0.57246 -0.819654 0.0213733
v 97.6318 -49.2196 378.909
vn -0.352686 0.751928 -0.556971
v 97.7364 -49.2841 379.236
vn -0.639899 0.395076 0.659124
v 97.7364 -49.2841 379.236
vn 0.281177 0.954578 0.0985906
v 97.7364 -49.2841 379.236
vn 0.307079 -0.358608 0.881534
v 97.9149 -48.9573 378.605
vn 0.789041 0.110792 -0.604267
v 97.9149 -48.9573 378.605
vn -0.683093 0.392907 0.615636
v 97.9543 -48.6655 378.71
vn 0.789041 0.110792 -0.604267
v 97.9543 -48.6655 378.71
vn 0.355033 -0.721155 0.594884
v 97.9543 -48.6655 378.71
vn -0.440783 0.131976 0.887859
v 97.9543 -48.6655 378.71
vn 0.281171 0.95458 0.0985922
v 98.142 -48.3916 378.566
vn 0.204738 0.593485 -0.778369
v 98.142 -48.3916 378.566
vn -0.553457 0.739458 -0.383258
v 98.142 -48.3916 378.566
vn -0.824472 0.273083 0.495652
v 98.0525 -48.3808 378.717
vn -0.450167 0.173977 0.875832
v 98.0525 -48.3808 378.717
vn -0.553457 0.739458 -0.383258
v 98.0525 -48.3808 378.717
vn 0.135389 -0.205398 0.969269
v 98.3476 -48.1199 378.392
vn 0.375617 -0.881071 0.287446
v 98.3476 -48.1199 378.392
vn -0.281182 -0.954577 -0.0985878
v 98.3476 -48.1199 378.392
vn -0.915582 0.397296 -0.0621689
v 98.3476 -48.1199 378.392
vn -0.533631 0.457983 0.710978
v 98.2506 -48.1082 378.555
vn -0.958774 0.1127 0.260865
v 98.2506 -48.1082 378.555
vn -0.553457 0.739458 -0.383258
v 98.3074 -48.1496 378.794
vn -0.458652 0.215632 0.862056
v 98.3074 -48.1496 378.794
vn -0.281176 -0.954579 -0.0985896
v 98.3074 -48.1496 378.794
vn -0.915582 0.397296 -0.0621689
v 98.3074 -48.1496 378.794
vn -0.583163 -0.408896 0.701944
v 98.3074 -48.1496 378.794
vn 0.0349271 0.436015 0.899261
v 97.8897 -49.3977 378.986
vn 0.232165 -0.244207 0.941521
v 97.8897 -49.3977 378.986
vn -0.57246 -0.819654 0.0213733
v 97.8897 -49.3977 378.986
vn -0.269963 0.0294337 -0.962421
v 97.8897 -49.3977 378.986
vn -0.352686 0.751928 -0.556971
v 97.8897 -49.3977 378.986
vn 0.873182 0.465355 -0.144911
v 97.8897 -49.3977 378.986
vn 0.915531 -0.386354 -0.111953
v 97.8897 -49.3977 378.986
vn 0.186643 0.978236 0.0906592
v 97.8083 -49.5955 379.002
vn 0.0415374 0.803801 -0.593447
v 97.8083 -49.5955 379.002
vn -0.269963 0.0294337 -0.962421
v 97.8083 -49.5955 379.002
vn 0.915531 -0.386354 -0.111953
v 97.8083 -49.5955 379.002
vn 0.720136 -0.447372 -0.530342
v 98.4393 -48.189 378.799
vn -0.281182 -0.954577 -0.0985878
v 98.4393 -48.189 378.799
vn 0.730933 -0.310919 -0.607508
v 98.5072 -48.2213 378.919
vn -0.450167 0.173977 0.875832
v 98.5072 -48.2213 378.919
vn -0.583163 -0.408896 0.701944
v 98.5072 -48.2213 378.919
vn 0.675274 -0.613264 -0.40977
v 98.5072 -48.2213 378.919
vn -0.281189 -0.954575 -0.098586
v 98.5072 -48.2213 378.919
vn -0.956878 -0.239975 -0.163697
v 98.5072 -48.2213 378.919
vn -0.281174 -0.95458 -0.0985788
v 98.5072 -48.2213 378.919
vn -0.956878 -0.239975 -0.163697
v 98.4569 -48.2397 379.24
vn -0.281174 -0.95458 -0.0985788
v 98.4569 -48.2397 379.24
vn -0.827531 0.1955 0.526282
v 98.4569 -48.2397 379.24
vn 0.0652247 -0.669538 0.739909
v 97.7061 -50.2342 379.392
vn -0.0187951 -0.357751 -0.933628
v 97.7061 -50.2342 379.392
vn 0.807399 -0.466108 -0.361733
v 97.7061 -50.2342 379.392
vn -0.163695 0.031045 -0.986022
v 97.7061 -50.2342 379.392
vn -0.0134978 -0.15801 0.987345
v 97.7061 -50.2342 379.392
vn 0.547849 -0.270321 0.791699
v 97.7061 -50.2342 379.392
vn 0.870613 -0.339349 -0.356195
v 97.8134 -49.9506 379.383
vn 0.313007 0.712801 -0.627647
v 97.8134 -49.9506 379.383
vn 0.25199 0.964377 0.0804856
v 97.8134 -49.9506 379.383
vn -0.570171 0.722001 -0.391943
v 97.8134 -49.9506 379.383
vn 0.55911 -0.232614 0.795793
v 97.9652 -49.6828 379.401
vn -0.465589 0.42345 0.777121
v 97.854 -49.6589 379.486
vn 0.55911 -0.232614 0.795793
v 97.854 -49.6589 379.486
vn 0.873182 0.465355 -0.144911
v 97.9597 -49.3751 379.48
vn 0.28117 0.95458 0.0985905
v 97.9597 -49.3751 379.48
vn 0.915531 -0.386354 -0.111953
v 97.9597 -49.3751 379.48
vn 0.569495 -0.194542 0.798642
v 97.9597 -49.3751 379.48
vn 0.933027 0.104902 -0.344174
v 97.9597 -49.3751 379.48
vn 0.91358 -0.283746 -0.291307
v 98.0392 -49.7392 379.736
vn 0.195867 0.17457 -0.964967
v 98.0392 -49.7392 379.736
vn 0.956864 -0.153648 -0.246585
v 98.1024 -49.4503 379.801
vn -0.696169 0.338969 0.63281
v 98.1024 -49.4503 379.801
vn 0.199795 -5.3731e-005 0.979838
v 98.1024 -49.4503 379.801
vn -0.281174 -0.95458 -0.0985788
v 98.7795 -48.3554 379.44
vn 0.624543 -0.593096 -0.508116
v 98.7795 -48.3554 379.44
vn 0.152932 -0.83594 0.527083
v 98.7795 -48.3554 379.44
vn 0.152932 -0.83594 0.527083
v 99.0472 -48.2124 379.59
vn -0.764543 0.0181865 -0.644316
v 99.0472 -48.2124 379.59
vn -0.764543 0.0181865 -0.644316
v 98.7955 -48.4058 379.883
vn 0.12122 -0.787381 -0.60443
v 98.7955 -48.4058 379.883
vn -0.621671 0.136947 0.771214
v 98.7955 -48.4058 379.883
vn -0.562589 -0.0124621 0.826643
v 99.0337 -48.4926 380.044
vn 0.675878 -0.643299 -0.359659
v 99.0337 -48.4926 380.044
vn 0.0287015 -0.185927 0.982144
v 99.0337 -48.4926 380.044
vn -0.163695 0.031045 -0.986022
v 97.4367 -49.8576 379.449
vn -0.0134978 -0.15801 0.987345
v 97.4367 -49.8576 379.449
vn 0.25199 0.964377 0.0804856
v 97.4367 -49.8576 379.449
vn -0.0961573 -0.625203 0.774516
v 97.8091 -50.2965 379.702
vn 0.741038 -0.437573 0.509306
v 97.8091 -50.2965 379.702
vn -0.729341 0.363293 0.579724
v 97.5021 -50.2094 379.734
vn -0.0961573 -0.625203 0.774516
v 97.5021 -50.2094 379.734
vn 0.25199 0.964377 0.0804856
v 97.6367 -49.9291 379.68
vn -0.570171 0.722001 -0.391943
v 97.6367 -49.9291 379.68
vn 0.195867 0.17457 -0.964967
v 97.9049 -49.6976 379.716
vn -0.570171 0.722001 -0.391943
v 97.9049 -49.6976 379.716
vn -0.636086 0.452959 0.624679
v 97.9049 -49.6976 379.716
vn -0.418699 -0.296405 0.858391
v 97.7321 -50.2952 379.909
vn -0.0993175 -0.633646 0.767222
v 97.8151 -50.0087 379.941
vn -0.624104 0.51874 0.584298
v 97.8151 -50.0087 379.941
vn 0.255757 0.23619 0.937445
v 97.8151 -50.0087 379.941
vn -0.418699 -0.296405 0.858391
v 97.8514 -50.0315 380.058
vn 0.931754 -0.255284 -0.258194
v 98.0564 -49.752 379.81
vn 0.229526 0.118975 0.966004
v 98.0564 -49.752 379.81
vn 0.229526 0.118975 0.966004
v 97.9863 -49.7328 379.825
vn -0.418699 -0.296405 0.858391
v 98.0377 -50.0935 380.128
vn -0.117264 -0.655051 0.74643
v 99.1098 -48.5467 380.351
vn -0.0979489 0.991651 0.083867
v 98.3727 -47.1693 377.713
vn -0.266684 0.916956 0.296767
v 98.1887 -47.255 377.959
vn -0.958774 0.1127 0.260865
v 98.1887 -47.255 377.959
vn 0.0283882 -0.810643 0.584852
v 98.758 -46.9392 377.226
vn -0.824207 -0.558627 0.0928335
v 98.758 -46.9392 377.226
vn -0.295142 -0.95456 -0.0413111
v 98.758 -46.9392 377.226
vn -0.936709 0.209488 0.28052
v 98.6567 -46.744 377.501
vn -0.824207 -0.558627 0.0928335
v 98.6567 -46.744 377.501
vn -0.47218 0.762143 0.442928
v 98.8761 -46.3446 377.953
vn 0.850255 0.47702 -0.222525
v 98.5648 -47.4952 377.81
vn 0.831032 0.385545 -0.400924
v 98.5648 -47.4952 377.81
vn -0.118933 0.956393 0.266773
v 98.4548 -47.2664 378.119
vn 0.464666 0.858857 -0.215523
v 98.4548 -47.2664 378.119
vn 0.375632 -0.881062 0.287454
v 98.405 -47.8882 379.028
vn -0.915582 0.397296 -0.0621689
v 98.405 -47.8882 379.028
vn -0.583163 -0.408896 0.701944
v 98.405 -47.8882 379.028
vn -0.956878 -0.239975 -0.163697
v 98.405 -47.8882 379.028
vn -0.640729 0.597505 0.482135
v 98.405 -47.8882 379.028
vn -0.87745 -0.360837 0.316037
v 98.8628 -47.3626 378.719
vn 0.199039 0.617473 -0.760993
v 98.8628 -47.3626 378.719
vn -0.518854 0.746993 0.415681
v 98.8628 -47.3626 378.719
vn -0.871005 0.218301 0.440107
v 98.9958 -47.07 378.55
vn -0.295142 -0.95456 -0.0413111
v 98.9958 -47.07 378.55
vn -0.360404 -0.55504 0.749692
v 98.9958 -47.07 378.55
vn -0.87745 -0.360837 0.316037
v 99.0023 -47.6131 378.82
vn 0.812312 -0.291466 0.505171
v 99.0023 -47.6131 378.82
vn 0.199039 0.617473 -0.760993
v 99.124 -47.4401 378.724
vn 0.812321 -0.291432 0.505174
v 99.124 -47.4401 378.724
vn -0.518854 0.746993 0.415681
v 99.1029 -47.2717 378.855
vn 0.812331 -0.291399 0.505178
v 99.1029 -47.2717 378.855
vn -0.518854 0.746993 0.415681
v 98.9777 -47.4223 378.969
vn 0.812321 -0.291432 0.505174
v 98.9777 -47.4223 378.969
vn -0.295142 -0.95456 -0.0413111
v 99.3238 -47.1749 378.63
vn -0.360404 -0.55504 0.749692
v 99.3238 -47.1749 378.63
vn -0.914623 -0.328618 0.23553
v 99.3238 -47.1749 378.63
vn 0.227333 -0.972723 0.0461521
v 99.3238 -47.1749 378.63
vn 0.511012 -0.0622078 -0.85732
v 99.3238 -47.1749 378.63
vn -0.360404 -0.55504 0.749692
v 99.2639 -46.8638 378.831
vn -0.745771 0.397702 0.534471
v 98.8571 -48.103 379.818
vn 0.152932 -0.83594 0.527083
v 98.8571 -48.103 379.818
vn -0.764543 0.0181865 -0.644316
v 98.8571 -48.103 379.818
vn -0.54364 0.506446 0.669304
v 98.8571 -48.103 379.818
vn 0.0780445 0.974826 -0.208863
v 98.8571 -48.103 379.818
vn 0.436645 -0.430845 0.789756
v 98.8571 -48.103 379.818
vn -0.132901 0.683111 0.71812
v 98.8571 -48.103 379.818
vn 0.922138 -0.0558658 -0.382807
v 99.1532 -47.8198 379.275
vn 0.672752 0.0932965 0.733962
v 99.1532 -47.8198 379.275
vn 0.390516 0.918536 0.0615567
v 99.1532 -47.8198 379.275
vn 0.672752 0.0932965 0.733962
v 98.9187 -47.7338 379.479
vn 0.390516 0.918536 0.0615567
v 98.9187 -47.7338 379.479
vn -0.132901 0.683111 0.71812
v 98.9187 -47.7338 379.479
vn -0.386146 0.844175 0.371833
v 99.155 -47.5017 379.232
vn 0.912219 0.158722 -0.37771
v 99.155 -47.5017 379.232
vn 0.672752 0.0932965 0.733962
v 99.155 -47.5017 379.232
vn -0.375534 -0.862179 -0.340032
v 99.5792 -47.1082 378.777
vn 0.511012 -0.0622078 -0.85732
v 99.5792 -47.1082 378.777
vn 0.593086 -0.696506 -0.403892
v 99.5792 -47.1082 378.777
vn 0.227333 -0.972723 0.0461521
v 99.4125 -47.1352 379.03
vn -0.375534 -0.862179 -0.340032
v 99.4125 -47.1352 379.03
vn 0.12122 -0.787381 -0.60443
v 99.1288 -48.1641 379.635
vn 0.675878 -0.643299 -0.359659
v 99.1288 -48.1641 379.635
vn 0.0780445 0.974826 -0.208863
v 99.1288 -48.1641 379.635
vn 0.436645 -0.430845 0.789756
v 99.1288 -48.1641 379.635
vn 0.899532 0.371852 -0.229279
v 99.1288 -48.1641 379.635
vn 0.436645 -0.430845 0.789756
v 99.2715 -47.8987 379.701
vn 0.390516 0.918536 0.0615567
v 99.2715 -47.8987 379.701
vn -0.132901 0.683111 0.71812
v 99.2715 -47.8987 379.701
vn -0.590986 0.626544 0.508111
v 99.6872 -46.7343 379.413
vn -0.924158 -0.0879365 -0.371752
v 99.6872 -46.7343 379.413
vn 0.0287015 -0.185927 0.982144
v 99.2801 -48.2548 380.081
vn 0.899532 0.371852 -0.229279
v 99.2801 -48.2548 380.081
vn 0.196661 0.431041 0.880641
v 99.2801 -48.2548 380.081
vn -0.389158 0.697584 0.601609
v 99.1948 -48.0872 380.018
vn 0.899532 0.371852 -0.229279
v 99.1948 -48.0872 380.018
vn 0.196661 0.431041 0.880641
v 99.1948 -48.0872 380.018
vn 0.0287015 -0.185927 0.982144
v 99.1044 -48.2045 380.096
vn 0.196661 0.431041 0.880641
v 99.1044 -48.2045 380.096
vn -0.855902 0.101353 0.507109
v 99.6937 -47.4713 379.571
vn -0.923687 -0.242005 -0.297046
v 99.6937 -47.4713 379.571
vn 0.593086 -0.696506 -0.403892
v 99.6937 -47.4713 379.571
vn 0.503691 -0.732113 -0.458591
v 99.6937 -47.4713 379.571
vn -0.213157 0.162316 -0.96344
v 99.6937 -47.4713 379.571
vn -0.923437 0.11353 0.366571
v 99.6048 -47.3754 379.77
vn 0.767224 -0.592581 -0.245385
v 100.88 -46.1397 378.432
vn -0.0823384 -0.986143 -0.144021
v 100.88 -46.1397 378.432
vn 0.0937537 0.95848 0.269306
v 100.88 -46.1397 378.432
vn -0.550059 -0.756197 0.354404
v 100.88 -46.1397 378.432
vn -0.521534 0.808384 0.272977
v 100.88 -46.1397 378.432
vn -0.111702 -0.687818 0.717237
v 101.247 -46.0997 377.949
vn -0.496369 -0.348069 0.795277
v 101.247 -46.0997 377.949
vn 0.340011 -0.929677 -0.141754
v 101.247 -46.0997 377.949
vn 0.994366 0.0849086 -0.0634541
v 101.247 -46.0997 377.949
vn -0.496369 -0.348069 0.795277
v 101.229 -45.7927 378.072
vn -0.521534 0.808384 0.272977
v 101.229 -45.7927 378.072
vn 0.994366 0.0849086 -0.0634541
v 101.229 -45.7927 378.072
vn 0.328296 0.809997 0.485929
v 101.229 -45.7927 378.072
vn -0.601275 -0.78316 0.158522
v 113.883 -51.792 355.448
vn -0.124013 -0.96499 0.231118
v 114.498 -51.4187 358.237
vn 0.355947 -0.890191 0.284362
v 114.498 -51.4187 358.237
vn -0.117264 -0.655051 0.74643
v 99.1889 -48.5693 380.344
vn -0.117264 -0.655051 0.74643
v 99.1796 -48.5145 380.39
vn -0.939468 -0.105685 0.325931
v 99.7163 -47.7434 379.972
vn 0.534828 -0.684595 -0.495266
v 99.7163 -47.7434 379.972
vn -0.291427 -0.542396 0.787957
v 99.7163 -47.7434 379.972
vn -0.436586 -0.373573 0.818435
v 99.7329 -47.4488 380.115
vn -0.334234 -0.814328 0.474508
v 101.119 -46.2432 378.582
vn 0.340011 -0.929677 -0.141754
v 101.119 -46.2432 378.582
vn -0.81251 -0.203775 0.546172
v 99.8339 -47.8156 380.335
vn -0.81251 -0.203775 0.546172
v 99.8975 -47.843 380.42
vn -0.81251 -0.203775 0.546172
v 99.8397 -47.7273 380.377
vn -0.880381 -0.205623 0.427374
v 100.021 -47.5705 380.473
vn 0.086044 0.589339 -0.803291
v 100.021 -47.5705 380.473
vn -0.633897 0.588029 0.50239
v 100.021 -47.5705 380.473
vn -0.796341 -0.604523 -0.0198101
v 101.213 -46.2993 378.992
vn 0.150416 -0.927493 -0.342245
v 101.213 -46.2993 378.992
vn 0.0444589 0.947773 0.315832
v 100.856 -46.4342 379.489
vn 0.593086 -0.696506 -0.403892
v 100.856 -46.4342 379.489
vn 0.666045 -0.731795 -0.14443
v 100.856 -46.4342 379.489
vn -0.213157 0.162316 -0.96344
v 100.856 -46.4342 379.489
vn -0.167603 0.800395 -0.575567
v 100.856 -46.4342 379.489
vn -0.500476 0.864668 -0.0432765
v 100.856 -46.4342 379.489
vn -0.880381 -0.205623 0.427374
v 100.096 -47.7709 380.533
vn 0.721754 -0.634556 -0.276424
v 100.096 -47.7709 380.533
vn -0.040996 -0.470422 0.881489
v 100.096 -47.7709 380.533
vn 0.086044 0.589339 -0.803291
v 100.198 -47.621 380.455
vn 0.721754 -0.634556 -0.276424
v 100.198 -47.621 380.455
vn 0.957711 0.220938 -0.184326
v 100.198 -47.621 380.455
vn -0.040996 -0.470422 0.881489
v 100.233 -47.6468 380.605
vn 0.957711 0.220938 -0.184326
v 100.233 -47.6468 380.605
vn 0.17662 0.272802 0.945719
v 100.233 -47.6468 380.605
vn -0.633897 0.588029 0.50239
v 100.185 -47.4711 380.564
vn 0.957711 0.220938 -0.184326
v 100.185 -47.4711 380.564
vn 0.17662 0.272802 0.945719
v 100.185 -47.4711 380.564
vn -0.633897 0.588029 0.50239
v 100.101 -47.6092 380.619
vn -0.040996 -0.470422 0.881489
v 100.101 -47.6092 380.619
vn 0.17662 0.272802 0.945719
v 100.101 -47.6092 380.619
vn -0.548796 0.279418 0.787876
v 100.294 -47.336 380.466
vn -0.0203206 0.0810307 0.996504
v 100.294 -47.336 380.466
vn -0.0203206 0.0810307 0.996504
v 100.408 -47.0533 380.445
vn -0.81636 -0.532875 0.222711
v 100.408 -47.0533 380.445
vn -0.646036 0.215712 0.732192
v 100.535 -47.122 380.748
vn -0.82666 0.212917 -0.520865
v 100.535 -47.122 380.748
vn -0.424702 0.751043 0.505531
v 100.535 -47.122 380.748
vn 0.255385 -0.949297 -0.183339
v 101.291 -46.4093 379.397
vn -0.783055 -0.621707 -0.0174638
v 101.291 -46.4093 379.397
vn -0.167603 0.800395 -0.575567
v 101.291 -46.4093 379.397
vn 0.475527 -0.75538 -0.45086
v 101.291 -46.4093 379.397
vn 0.833566 -0.00176648 -0.552417
v 101.291 -46.4093 379.397
vn -0.0236105 -0.692597 0.720939
v 100.16 -47.9709 380.909
vn -0.13155 -0.683828 0.717687
v 100.637 -47.39 380.477
vn -0.0203206 0.0810307 0.996504
v 100.637 -47.39 380.477
vn -0.81636 -0.532875 0.222711
v 100.637 -47.39 380.477
vn -0.82666 0.212917 -0.520865
v 100.637 -47.39 380.477
vn -0.028799 -0.994565 -0.100054
v 100.637 -47.39 380.477
vn -0.82666 0.212917 -0.520865
v 100.453 -47.4131 380.76
vn -0.028799 -0.994565 -0.100054
v 100.453 -47.4131 380.76
vn -0.410476 -0.600565 0.686171
v 100.453 -47.4131 380.76
vn -0.75266 -0.160641 0.638512
v 100.802 -46.8283 380.535
vn 0.615183 0.563957 0.550911
v 100.802 -46.8283 380.535
vn -0.75266 -0.160641 0.638512
v 101.047 -47.2691 380.713
vn 0.615183 0.563957 0.550911
v 101.047 -47.2691 380.713
vn 0.0560659 0.944287 -0.324311
v 101.047 -47.2691 380.713
vn 0.0587211 -0.957572 0.282148
v 101.047 -47.2691 380.713
vn 0.864298 -0.0389042 -0.501473
v 101.047 -47.2691 380.713
vn -0.317851 0.727816 0.607663
v 100.761 -47.2119 380.974
vn 0.615183 0.563957 0.550911
v 100.761 -47.2119 380.974
vn -0.0913033 0.946874 -0.308373
v 100.761 -47.2119 380.974
vn -0.345569 0.679768 0.646914
v 100.761 -47.2119 380.974
vn -0.028799 -0.994565 -0.100054
v 100.997 -47.4577 381.047
vn -0.579795 -0.553402 0.597984
v 100.997 -47.4577 381.047
vn -0.358215 0.682818 0.636743
v 101.089 -47.1459 381.079
vn -0.636705 0.183673 0.748913
v 100.975 -47.2957 381.176
vn -0.364375 0.694336 0.620588
v 100.975 -47.2957 381.176
vn 0.0802941 -0.952944 0.292319
v 101.512 -47.1611 380.983
vn 0.956864 -0.0246355 -0.289489
v 101.357 -47.4166 381.258
vn -0.373609 0.701294 0.607127
v 101.358 -47.147 381.24
vn 0.956864 -0.0246355 -0.289489
v 101.358 -47.147 381.24
vn 0.0903814 -0.922436 0.375424
v 101.409 -47.1095 381.18
vn -0.344343 0.542277 0.766396
v 101.409 -47.1095 381.18
vn -0.725782 -0.370278 0.579771
v 101.401 -47.1158 381.263
vn 0.245765 0.805215 -0.539655
v 101.401 -47.1158 381.263
vn -0.453992 0.572244 0.682956
v 101.401 -47.1158 381.263
vn 0.455902 0.432927 0.777642
v 101.634 -46.7484 381.025
vn 0.482548 0.870851 0.0936239
v 101.634 -46.7484 381.025
vn -0.725782 -0.370278 0.579771
v 101.586 -47.2869 381.386
vn -0.0123047 -0.997825 0.0647653
v 101.586 -47.2869 381.386
vn 0.105967 -0.900901 0.420889
v 101.807 -47.0754 381.152
vn 0.447169 0.774818 -0.446874
v 101.691 -47.2016 381.267
vn -0.453992 0.572244 0.682956
v 101.643 -47.094 381.406
vn 0.52963 0.808301 0.257181
v 101.643 -47.094 381.406
vn 0.923083 0.384154 0.0185464
v 102.011 -46.9452 380.914
vn 0.455902 0.432927 0.777642
v 102.011 -46.9452 380.914
vn 0.482548 0.870851 0.0936239
v 102.011 -46.9452 380.914
vn 0.10839 -0.83939 0.532613
v 102.005 -46.9795 381.263
vn 0.482548 0.870851 0.0936239
v 102.005 -46.9795 381.263
vn -0.225904 0.49847 0.836955
v 102.005 -46.9795 381.263
vn -0.0236105 -0.692597 0.720939
v 100.129 -47.9623 380.916
vn -0.0236105 -0.692597 0.720939
v 100.155 -47.948 380.93
vn 0.998038 -0.00904361 -0.0619564
v 101.379 -47.4511 381.624
vn -0.376222 0.716469 0.587477
v 101.379 -47.4511 381.624
vn -0.726693 -0.484838 0.486672
v 101.379 -47.4511 381.624
vn -0.30507 -0.950144 -0.0644917
v 101.512 -45.9867 378.098
vn -0.111702 -0.687818 0.717237
v 101.512 -45.9867 378.098
vn -0.913963 -0.363968 0.179444
v 101.512 -45.9867 378.098
vn -0.496369 -0.348069 0.795277
v 101.489 -45.8821 378.195
vn -0.658471 0.653446 0.373395
v 101.489 -45.8821 378.195
vn 0.0953065 0.890678 0.444533
v 101.489 -45.8821 378.195
vn -0.913963 -0.363968 0.179444
v 101.489 -45.8821 378.195
vn 0.100331 0.982327 0.158012
v 102.322 -45.4408 378.892
vn 0.436545 0.891762 0.119118
v 102.971 -45.6074 378.94
vn 0.35277 0.918221 0.180066
v 103.297 -45.7905 379.498
vn -0.0968901 -0.820029 0.564061
v 101.302 -46.1923 378.688
vn 0.994366 0.0849086 -0.0634541
v 101.302 -46.1923 378.688
vn 0.328296 0.809997 0.485929
v 101.302 -46.1923 378.688
vn -0.521534 0.808384 0.272977
v 101.061 -46.1269 378.742
vn 0.328296 0.809997 0.485929
v 101.061 -46.1269 378.742
vn -0.809247 -0.587051 -0.022147
v 101.115 -46.1615 378.924
vn 0.0788452 0.876426 -0.475037
v 101.115 -46.1615 378.924
vn -0.289292 0.948055 0.132294
v 101.115 -46.1615 378.924
vn 0.174166 -0.89984 -0.399943
v 101.327 -46.2169 378.857
vn 0.0788452 0.876426 -0.475037
v 101.327 -46.2169 378.857
vn 0.612393 0.767168 -0.190862
v 101.327 -46.2169 378.857
vn -0.129017 0.978023 0.163782
v 101.263 -46.1282 379.01
vn 0.587681 0.805992 -0.0707667
v 101.263 -46.1282 379.01
vn -0.167603 0.800395 -0.575567
v 101.159 -46.2502 379.657
vn -0.0418115 0.981998 0.184204
v 101.159 -46.2502 379.657
vn -0.350666 -0.93601 -0.0303136
v 101.708 -46.0731 378.921
vn -0.723182 0.571665 0.387566
v 101.708 -46.0731 378.921
vn 0.596198 0.802666 -0.0166079
v 101.507 -46.2967 379.115
vn 0.383883 0.905561 0.180533
v 101.492 -46.3528 379.7
vn 0.833566 -0.00176648 -0.552417
v 101.492 -46.3528 379.7
vn 0.923083 0.384154 0.0185464
v 101.844 -46.5112 380.231
vn 0.833566 -0.00176648 -0.552417
v 101.844 -46.5112 380.231
vn 0.292923 0.952472 0.0836276
v 101.844 -46.5112 380.231
vn -0.303719 0.859046 0.41206
v 102.701 -45.4449 379.468
vn -0.631513 0.753127 0.184366
v 102.362 -46.6819 380.405
vn 0.455902 0.432927 0.777642
v 101.85 -46.5536 380.79
vn 0.019553 0.953635 0.300329
v 101.85 -46.5536 380.79
vn -0.631513 0.753127 0.184366
v 102.409 -46.6489 380.43
vn -0.631513 0.753127 0.184366
v 102.37 -46.6908 380.469
vn 0.9779 -0.0943924 0.186554
v 118.251 -45.3567 352.688
vn 0.41833 -0.880016 0.224883
v 114.577 -50.4993 361.017
vn -0.118837 -0.947416 0.297121
v 114.577 -50.4993 361.017
vn 0.863625 -0.501725 0.0492444
v 115.122 -50.0757 361.661
vn 0.626173 0.705605 -0.331706
v 101.897 -47.2845 381.48
vn 0.52963 0.808301 0.257181
v 101.897 -47.2845 381.48
vn -0.0123047 -0.997825 0.0647653
v 101.897 -47.2845 381.48
vn -0.453992 0.572244 0.682956
v 101.794 -47.272 381.655
vn 0.52963 0.808301 0.257181
v 101.794 -47.272 381.655
vn -0.0123047 -0.997825 0.0647653
v 101.794 -47.272 381.655
vn -0.789767 0.351259 0.502877
v 103.13 -46.7179 381.606
vn 0.0841911 0.783542 0.615608
v 103.13 -46.7179 381.606
vn 0.371365 0.843406 0.38827
v 103.739 -46.3306 380.85
vn -0.767708 0.241769 0.593441
v 103.739 -46.3306 380.85
vn 0.478038 0.596944 0.644311
v 103.927 -46.9836 381.359
vn -0.72366 0.0960189 0.683445
v 103.927 -46.9836 381.359
vn -0.497249 -0.670029 0.551185
v 103.927 -46.9836 381.359
vn -0.483606 0.576479 0.658633
v 104.219 -46.7269 381.632
vn -0.19761 0.663932 0.721211
v 107.072 -44.0651 379.173
vn 0.211155 0.937105 0.277935
v 112.225 -43.1793 367.834
vn 0.859154 0.502728 0.0954911
v 110.367 -42.6944 372.29
vn 0.915068 -0.378379 0.139568
v 115.347 -49.2727 365.237
vn -0.0973393 -0.954951 0.280347
v 115.347 -49.2727 365.237
vn 0.492925 0.859138 0.137503
v 114.501 -47.0836 366.673
vn 0.927618 0.355237 0.115462
v 115.179 -47.3604 367.798
vn 0.882988 -0.440201 0.162959
v 115.01 -48.2672 368.812
vn 0.747591 0.658758 0.0845367
v 114.795 -47.2627 369.661
vn -0.0655026 -0.583535 0.809442
v 113.486 -47.3081 369.957
vn 0.725534 0.141746 0.673431
v 113.884 -47.0955 369.806
vn 0.725534 0.141746 0.673431
v 114.105 -47.2354 369.598
vn 0.725534 0.141746 0.673431
v 113.847 -47.4096 369.913
vn 0.980154 -0.0529208 0.191045
v 113.847 -47.4096 369.913
vn -0.0655026 -0.583535 0.809442
v 113.847 -47.4096 369.913
vn -0.241741 0.919483 0.310021
v 113.847 -47.4096 369.913
vn -0.398387 0.450349 0.799045
v 113.847 -47.4096 369.913
vn -0.0655026 -0.583535 0.809442
v 113.821 -47.1099 370.127
vn 0.408806 -0.884256 0.225761
v 113.821 -47.1099 370.127
vn 0.28397 -0.95382 0.0979222
v 113.508 -46.8622 371.664
vn -0.398387 0.450349 0.799045
v 114.317 -47.5824 370.245
vn -0.759107 0.650096 -0.0336449
v 114.317 -47.5824 370.245
vn -0.398387 0.450349 0.799045
v 114.535 -47.329 370.211
vn -0.759107 0.650096 -0.0336449
v 114.535 -47.329 370.211
vn 0.331516 -0.923726 -0.191906
v 113.459 -46.9477 371.991
vn -0.380117 -0.924378 0.0322002
v 113.459 -46.9477 371.991
vn 0.346826 -0.821219 0.453113
v 113.459 -46.9477 371.991
vn 0.29077 -0.911404 0.291195
v 113.062 -46.6772 372.785
vn 0.275154 0.895654 0.349419
v 105.833 -45.4141 380.982
vn 0.81519 0.112607 0.568142
v 104.551 -47.1868 382.095
vn 0.81519 0.112607 0.568142
v 104.545 -47.0923 382.085
vn 0.81519 0.112607 0.568142
v 104.377 -47.1608 382.34
vn -0.446553 0.522754 0.726168
v 105.832 -47.0311 383.02
vn -0.497249 -0.670029 0.551185
v 105.832 -47.0311 383.02
vn -0.0997128 -0.073143 0.992324
v 105.832 -47.0311 383.02
vn -0.497249 -0.670029 0.551185
v 106.12 -47.2333 383.034
vn 0.0147569 -0.107049 0.994144
v 106.12 -47.2333 383.034
vn 0.411933 -0.825807 0.385168
v 106.12 -47.2333 383.034
vn 0.0147569 -0.107049 0.994144
v 106.24 -46.8257 383.076
vn 0.762385 0.627334 0.158809
v 113.46 -45.8224 370.861
vn 0.923352 0.360001 0.133489
v 113.597 -46.6139 372.049
vn 0.29077 -0.911404 0.291195
v 113.403 -46.617 372.633
vn 0.786751 0.614859 0.0545023
v 109.837 -44.2658 376.987
vn 0.0632884 0.985759 0.155799
v 110.032 -44.5673 378.874
vn -0.328733 0.615114 0.716638
v 107.983 -44.5067 379.83
vn 0.0235285 0.946582 0.321605
v 108.407 -44.674 380.238
vn -0.512074 0.62187 0.592502
v 108.265 -45.3425 380.676
vn 0.153452 0.91347 0.376861
v 108.593 -44.7543 380.488
vn -0.307048 0.950472 0.0482201
v 114.465 -47.3767 370.872
vn -0.876919 -0.459143 0.14213
v 114.465 -47.3767 370.872
vn 0.137357 -0.990103 0.0287897
v 114.684 -47.8516 370.687
vn -0.492721 -0.863648 0.106476
v 114.684 -47.8516 370.687
vn 0.0768969 -0.991392 0.105963
v 115 -47.8125 370.523
vn -0.492721 -0.863648 0.106476
v 114.407 -47.5014 372.246
vn -0.550481 0.818367 0.165064
v 114.407 -47.5014 372.246
vn -0.873167 -0.472919 -0.118009
v 114.407 -47.5014 372.246
vn 0.0868415 -0.993795 -0.0694956
v 114.917 -47.8867 371.48
vn 0.949808 -0.278662 0.142172
v 114.917 -47.8867 371.48
vn -0.813627 -0.50549 -0.287213
v 114.917 -47.8867 371.48
vn -0.485277 -0.874245 -0.0142126
v 114.917 -47.8867 371.48
vn -0.510858 -0.858746 0.0397316
v 114.485 -47.6606 372.304
vn 0.898744 -0.422758 0.116339
v 114.995 -47.5996 371.52
vn -0.473812 0.872775 0.117326
v 114.561 -47.4041 372.331
vn 0.854317 -0.496567 0.153503
v 114.716 -47.7912 372.451
vn 0.788841 0.593594 0.159299
v 114.785 -47.6735 372.834
vn -0.150642 -0.936929 0.315389
v 114.785 -47.6735 372.834
vn 0.372879 0.581577 0.723
v 114.785 -47.6735 372.834
vn -0.546053 0.808044 0.221112
v 114.652 -47.471 372.74
vn 0.372879 0.581577 0.723
v 114.652 -47.471 372.74
vn -0.351745 -0.912252 0.209933
v 114.493 -47.5966 372.923
vn -0.472837 0.862266 0.181444
v 114.493 -47.5966 372.923
vn 0.372879 0.581577 0.723
v 114.493 -47.5966 372.923
vn -0.229845 -0.954286 0.191074
v 114.601 -47.644 373.072
vn -0.229845 -0.954286 0.191074
v 114.754 -47.6862 373.045
vn -0.229845 -0.954286 0.191074
v 114.708 -47.6567 373.136
vn 0.499564 -0.668383 0.551091
v 108.416 -46.4553 382.246
vn -0.336791 0.77896 0.528954
v 108.255 -46.3385 382.492
vn 0.54187 -0.48068 0.689437
v 108.255 -46.3385 382.492
vn 0.174378 0.723554 0.667879
v 108.255 -46.3385 382.492
vn -0.0429401 0.766069 0.641323
v 107.52 -46.5775 382.943
vn 0.495946 -0.698742 0.515555
v 107.52 -46.5775 382.943
vn 0.223812 -0.967419 0.118361
v 113.044 -46.5977 373.468
vn 0.734298 -0.581543 0.350164
v 113.044 -46.5977 373.468
vn 0.974997 0.218785 0.0389204
v 113.049 -46.0615 374.348
vn 0.735848 -0.61862 0.275386
v 113.049 -46.0615 374.348
vn -0.105988 -0.973325 0.203482
v 112.806 -46.141 374.693
vn 0.157231 0.950646 0.267488
v 111.417 -45.4026 378.71
vn 0.0438828 -0.97895 0.199327
v 111.417 -45.4026 378.71
vn 0.666329 -0.628622 0.401049
v 111.417 -45.4026 378.71
vn 0.673378 -0.72501 0.144647
v 112.412 -45.9145 377.24
vn 0.749728 -0.647222 0.137886
v 112.641 -45.6235 377.356
vn 0.561454 0.799447 0.213667
v 112.641 -45.6235 377.356
vn -0.0158978 -0.947518 0.319306
v 112.542 -45.6608 378
vn 0.501556 0.835441 0.224677
v 112.542 -45.6608 378
vn 0.874121 -0.109282 0.473255
v 110.643 -45.6144 379.664
vn 0.666329 -0.628622 0.401049
v 110.643 -45.6144 379.664
vn 0.530878 -0.447097 0.719911
v 109.439 -46.0799 381.779
vn 0.483385 -0.871439 0.0832594
v 109.439 -46.0799 381.779
vn 0.874121 -0.109282 0.473255
v 109.439 -46.0799 381.779
vn 0.601324 0.421729 0.678642
v 109.439 -46.0799 381.779
vn 0.53912 -0.273429 0.796609
v 108.983 -45.9808 382.123
vn 0.666329 -0.628622 0.401049
v 109.939 -45.5167 380.987
vn 0.487444 0.664754 0.566128
v 109.939 -45.5167 380.987
f 2//2 3//3 1//1
f 3//3 14//14 1//1
f 1//1 14//14 12//12
f 4//4 3//3 2//2
f 11//11 2//2 1//1
f 12//12 11//11 1//1
f 22//22 4//4 2//2
f 20//20 2//2 11//11
f 3//3 5//5 14//14
f 3//3 6//6 5//5
f 6//6 4//4 7//7
f 6//6 3//3 4//4
f 25//25 7//7 4//4
f 22//22 25//25 4//4
f 6//6 7//7 9//9
f 6//6 9//9 5//5
f 5//5 9//9 8//8
f 25//25 28//28 7//7
f 8//8 38//38 16//16
f 5//5 8//8 16//16
f 9//9 7//7 10//10
f 10//10 7//7 28//28
f 8//8 34//34 38//38
f 11//11 12//12 30//30
f 14//14 15//15 12//12
f 12//12 15//15 13//13
f 12//12 13//13 30//30
f 30//30 20//20 11//11
f 14//14 5//5 16//16
f 13//13 15//15 18//18
f 14//14 16//16 17//17
f 15//15 14//14 17//17
f 6975//6975 33//33 13//13
f 15//15 17//17 19//19
f 15//15 19//19 18//18
f 19//19 17//17 40//40
f 19//19 43//43 18//18
f 22//22 2//2 23//23
f 26//26 22//22 23//23
f 2//2 20//20 23//23
f 20//20 21//21 23//23
f 20//20 31//31 21//21
f 24//24 23//23 21//21
f 21//21 31//31 27//27
f 26//26 25//25 22//22
f 24//24 26//26 23//23
f 29//29 26//26 24//24
f 24//24 21//21 27//27
f 26//26 28//28 25//25
f 29//29 24//24 48//48
f 27//27 48//48 24//24
f 32//32 48//48 27//27
f 28//28 26//26 49//49
f 49//49 26//26 29//29
f 20//20 30//30 31//31
f 30//30 33//33 31//31
f 13//13 33//33 30//30
f 32//32 27//27 31//31
f 33//33 32//32 31//31
f 6975//6975 55//55 33//33
f 33//33 55//55 53//53
f 32//32 33//33 53//53
f 9//9 10//10 35//35
f 35//35 34//34 9//9
f 34//34 8//8 9//9
f 35//35 10//10 28//28
f 34//34 61//61 38//38
f 35//35 36//36 34//34
f 34//34 36//36 61//61
f 60//60 61//61 36//36
f 16//16 38//38 37//37
f 17//17 16//16 37//37
f 39//39 37//37 38//38
f 37//37 41//41 17//17
f 41//41 37//37 39//39
f 61//61 39//39 38//38
f 41//41 42//42 17//17
f 40//40 17//17 42//42
f 42//42 86//86 40//40
f 42//42 95//95 86//86
f 95//95 42//42 41//41
f 39//39 94//94 41//41
f 41//41 94//94 95//95
f 43//43 44//44 6975//6975
f 40//40 86//86 19//19
f 43//43 45//45 44//44
f 62//62 43//43 19//19
f 62//62 45//45 43//43
f 44//44 45//45 56//56
f 97//97 56//56 45//45
f 45//45 96//96 97//97
f 46//46 28//28 49//49
f 46//46 49//49 47//47
f 28//28 46//46 35//35
f 64//64 46//46 47//47
f 47//47 51//51 65//65
f 35//35 46//46 63//63
f 46//46 64//64 63//63
f 50//50 29//29 48//48
f 52//52 50//50 48//48
f 49//49 29//29 51//51
f 47//47 49//49 51//51
f 51//51 29//29 50//50
f 77//77 65//65 51//51
f 77//77 51//51 50//50
f 52//52 78//78 50//50
f 80//80 78//78 52//52
f 52//52 48//48 32//32
f 52//52 32//32 80//80
f 53//53 54//54 32//32
f 44//44 55//55 6975//6975
f 55//55 58//58 53//53
f 44//44 57//57 55//55
f 57//57 58//58 55//55
f 58//58 54//54 53//53
f 44//44 56//56 57//57
f 56//56 75//75 57//57
f 57//57 68//68 58//58
f 35//35 66//66 60//60
f 36//36 35//35 60//60
f 61//61 60//60 90//90
f 61//61 94//94 39//39
f 45//45 62//62 96//96
f 59//59 62//62 19//19
f 86//86 59//59 19//19
f 87//87 62//62 59//59
f 62//62 87//87 96//96
f 47//47 65//65 64//64
f 66//66 35//35 63//63
f 63//63 67//67 66//66
f 67//67 63//63 64//64
f 64//64 65//65 108//108
f 99//99 67//67 64//64
f 64//64 108//108 99//99
f 65//65 133//133 108//108
f 66//66 102//102 60//60
f 98//98 66//66 67//67
f 66//66 98//98 102//102
f 133//133 65//65 77//77
f 71//71 85//85 54//54
f 85//85 71//71 112//112
f 68//68 57//57 76//76
f 54//54 58//58 69//69
f 58//58 68//68 69//69
f 69//69 70//70 6976//6976
f 69//69 74//74 72//72
f 74//74 69//69 68//68
f 6976//6976 70//70 6977//6977
f 70//70 69//69 6977//6977
f 6977//6977 69//69 72//72
f 6977//6977 72//72 73//73
f 73//73 72//72 74//74
f 71//71 6978//6978 112//112
f 75//75 56//56 97//97
f 75//75 76//76 57//57
f 76//76 74//74 68//68
f 73//73 74//74 104//104
f 77//77 50//50 78//78
f 134//134 133//133 77//77
f 77//77 78//78 134//134
f 78//78 80//80 79//79
f 134//134 78//78 79//79
f 79//79 80//80 84//84
f 54//54 81//81 32//32
f 32//32 81//81 80//80
f 84//84 80//80 81//81
f 83//83 82//82 6979//6979
f 6980//6980 6979//6979 82//82
f 84//84 82//82 111//111
f 81//81 54//54 85//85
f 85//85 112//112 81//81
f 81//81 112//112 110//110
f 83//83 6979//6979 6981//6981
f 105//105 112//112 6978//6978
f 145//145 95//95 94//94
f 86//86 117//117 59//59
f 87//87 59//59 89//89
f 89//89 88//88 87//87
f 88//88 96//96 87//87
f 88//88 119//119 96//96
f 88//88 89//89 118//118
f 88//88 118//118 119//119
f 96//96 119//119 97//97
f 103//103 123//123 60//60
f 121//121 120//120 103//103
f 120//120 123//123 103//103
f 60//60 91//91 90//90
f 123//123 92//92 60//60
f 60//60 92//92 91//91
f 92//92 90//90 91//91
f 92//92 93//93 90//90
f 123//123 93//93 92//92
f 61//61 90//90 94//94
f 97//97 124//124 75//75
f 67//67 99//99 98//98
f 100//100 98//98 99//99
f 98//98 100//100 102//102
f 101//101 102//102 100//100
f 100//100 99//99 109//109
f 109//109 99//99 108//108
f 101//101 100//100 125//125
f 125//125 100//100 109//109
f 126//126 101//101 125//125
f 102//102 103//103 60//60
f 103//103 102//102 121//121
f 121//121 102//102 101//101
f 104//104 74//74 107//107
f 107//107 106//106 104//104
f 6978//6978 106//106 105//105
f 73//73 104//104 106//106
f 76//76 75//75 124//124
f 74//74 76//76 107//107
f 107//107 129//129 106//106
f 106//106 129//129 130//130
f 130//130 105//105 106//106
f 109//109 108//108 131//131
f 108//108 133//133 131//131
f 109//109 131//131 125//125
f 131//131 133//133 132//132
f 134//134 79//79 135//135
f 137//137 84//84 111//111
f 79//79 84//84 137//137
f 111//111 82//82 114//114
f 82//82 83//83 114//114
f 6982//6982 83//83 6981//6981
f 113//113 6982//6982 6981//6981
f 113//113 6981//6981 116//116
f 110//110 112//112 6983//6983
f 111//111 114//114 115//115
f 6982//6982 113//113 116//116
f 115//115 141//141 111//111
f 114//114 6983//6983 115//115
f 115//115 6983//6983 6984//6984
f 105//105 143//143 112//112
f 6984//6984 6983//6983 143//143
f 6983//6983 112//112 143//143
f 175//175 118//118 89//89
f 95//95 145//145 86//86
f 145//145 117//117 86//86
f 89//89 59//59 117//117
f 145//145 175//175 117//117
f 89//89 117//117 175//175
f 121//121 122//122 120//120
f 122//122 123//123 120//120
f 121//121 176//176 122//122
f 176//176 123//123 122//122
f 177//177 90//90 93//93
f 93//93 123//123 177//177
f 177//177 94//94 90//90
f 76//76 124//124 107//107
f 124//124 147//147 107//107
f 107//107 146//146 129//129
f 97//97 147//147 124//124
f 101//101 126//126 127//127
f 126//126 148//148 127//127
f 126//126 125//125 128//128
f 128//128 125//125 131//131
f 126//126 128//128 148//148
f 153//153 128//128 131//131
f 150//150 128//128 153//153
f 101//101 127//127 121//121
f 127//127 151//151 121//121
f 121//121 151//151 176//176
f 151//151 127//127 176//176
f 127//127 152//152 176//176
f 129//129 146//146 130//130
f 153//153 131//131 132//132
f 133//133 155//155 186//186
f 155//155 133//133 134//134
f 134//134 135//135 155//155
f 208//208 155//155 135//135
f 79//79 136//136 135//135
f 135//135 136//136 156//156
f 138//138 156//156 136//136
f 136//136 79//79 137//137
f 136//136 137//137 138//138
f 137//137 158//158 138//138
f 156//156 138//138 157//157
f 137//137 111//111 140//140
f 137//137 140//140 160//160
f 160//160 225//225 137//137
f 163//163 111//111 139//139
f 111//111 163//163 140//140
f 139//139 111//111 142//142
f 111//111 6984//6984 142//142
f 163//163 139//139 142//142
f 163//163 159//159 140//140
f 159//159 160//160 140//140
f 6984//6984 203//203 201//201
f 6984//6984 201//201 142//142
f 166//166 142//142 201//201
f 142//142 166//166 162//162
f 163//163 142//142 162//162
f 143//143 105//105 130//130
f 6984//6984 143//143 144//144
f 143//143 173//173 144//144
f 143//143 130//130 173//173
f 130//130 184//184 173//173
f 6984//6984 144//144 173//173
f 175//175 254//254 118//118
f 260//260 145//145 94//94
f 147//147 146//146 107//107
f 146//146 178//178 130//130
f 147//147 178//178 146//146
f 148//148 152//152 127//127
f 148//148 128//128 150//150
f 148//148 180//180 149//149
f 149//149 152//152 148//148
f 132//132 133//133 186//186
f 150//150 153//153 154//154
f 154//154 153//153 132//132
f 155//155 190//190 186//186
f 157//157 138//138 198//198
f 157//157 198//198 156//156
f 138//138 158//158 199//199
f 137//137 161//161 158//158
f 160//160 159//159 163//163
f 161//161 137//137 6992//6992
f 164//164 163//163 162//162
f 162//162 166//166 164//164
f 163//163 164//164 168//168
f 166//166 165//165 164//164
f 160//160 163//163 167//167
f 167//167 163//163 6985//6985
f 164//164 165//165 168//168
f 165//165 166//166 172//172
f 168//168 165//165 171//171
f 165//165 172//172 171//171
f 169//169 160//160 167//167
f 167//167 6985//6985 170//170
f 6986//6986 6989//6989 170//170
f 167//167 170//170 169//169
f 173//173 203//203 6984//6984
f 172//172 166//166 201//201
f 172//172 204//204 171//171
f 173//173 205//205 203//203
f 208//208 135//135 156//156
f 208//208 156//156 174//174
f 97//97 119//119 257//257
f 97//97 215//215 147//147
f 215//215 178//178 147//147
f 178//178 215//215 263//263
f 176//176 177//177 123//123
f 217//217 216//216 176//176
f 176//176 216//216 177//177
f 130//130 178//178 184//184
f 180//180 148//148 179//179
f 150//150 179//179 148//148
f 181//181 179//179 150//150
f 189//189 181//181 150//150
f 180//180 183//183 149//149
f 180//180 179//179 181//181
f 180//180 181//181 264//264
f 152//152 149//149 182//182
f 149//149 183//183 182//182
f 180//180 411//411 183//183
f 217//217 176//176 152//152
f 184//184 267//267 218//218
f 184//184 218//218 173//173
f 173//173 185//185 205//205
f 185//185 173//173 218//218
f 154//154 132//132 186//186
f 189//189 150//150 187//187
f 187//187 150//150 154//154
f 154//154 188//188 187//187
f 188//188 154//154 186//186
f 195//195 188//188 186//186
f 187//187 188//188 189//189
f 195//195 222//222 188//188
f 221//221 189//189 188//188
f 155//155 207//207 190//190
f 195//195 186//186 191//191
f 186//186 190//190 191//191
f 190//190 207//207 192//192
f 193//193 191//191 190//190
f 193//193 195//195 191//191
f 193//193 192//192 194//194
f 192//192 193//193 190//190
f 207//207 194//194 192//192
f 195//195 193//193 194//194
f 194//194 210//210 197//197
f 222//222 195//195 196//196
f 195//195 194//194 196//196
f 222//222 196//196 223//223
f 196//196 194//194 223//223
f 223//223 194//194 197//197
f 210//210 230//230 197//197
f 138//138 199//199 198//198
f 158//158 161//161 200//200
f 158//158 200//200 199//199
f 251//251 198//198 249//249
f 198//198 199//199 249//249
f 160//160 6987//6987 225//225
f 161//161 6992//6992 200//200
f 6987//6987 202//202 225//225
f 199//199 200//200 250//250
f 6989//6989 6990//6990 170//170
f 172//172 201//201 204//204
f 202//202 6987//6987 226//226
f 202//202 226//226 225//225
f 226//226 6988//6988 224//224
f 169//169 170//170 6991//6991
f 170//170 6990//6990 6991//6991
f 206//206 294//294 203//203
f 204//204 201//201 203//203
f 205//205 206//206 203//203
f 206//206 205//205 294//294
f 207//207 155//155 208//208
f 209//209 207//207 208//208
f 208//208 210//210 209//209
f 194//194 207//207 209//209
f 209//209 210//210 194//194
f 208//208 211//211 229//229
f 211//211 237//237 229//229
f 210//210 208//208 229//229
f 211//211 208//208 174//174
f 174//174 156//156 214//214
f 213//213 211//211 174//174
f 174//174 214//214 244//244
f 237//237 211//211 212//212
f 212//212 211//211 213//213
f 213//213 174//174 244//244
f 212//212 236//236 237//237
f 236//236 212//212 238//238
f 238//238 212//212 213//213
f 214//214 156//156 198//198
f 118//118 254//254 327//327
f 119//119 118//118 327//327
f 215//215 97//97 257//257
f 451//451 145//145 260//260
f 175//175 145//145 330//330
f 263//263 215//215 259//259
f 94//94 177//177 260//260
f 217//217 261//261 216//216
f 261//261 177//177 216//216
f 263//263 267//267 184//184
f 178//178 263//263 184//184
f 411//411 182//182 183//183
f 182//182 265//265 152//152
f 265//265 338//338 152//152
f 217//217 152//152 338//338
f 219//219 218//218 267//267
f 219//219 185//185 218//218
f 266//266 185//185 219//219
f 220//220 181//181 189//189
f 220//220 189//189 221//221
f 223//223 197//197 230//230
f 222//222 279//279 188//188
f 230//230 233//233 223//223
f 199//199 250//250 249//249
f 200//200 6992//6992 322//322
f 225//225 226//226 284//284
f 322//322 6992//6992 325//325
f 7025//7025 225//225 284//284
f 204//204 203//203 286//286
f 227//227 6991//6991 6990//6990
f 227//227 6990//6990 7006//7006
f 6991//6991 227//227 228//228
f 287//287 228//228 227//227
f 227//227 296//296 287//287
f 227//227 7006//7006 296//296
f 203//203 294//294 286//286
f 229//229 237//237 240//240
f 210//210 231//231 230//230
f 231//231 210//210 232//232
f 210//210 229//229 232//232
f 6996//6996 229//229 240//240
f 234//234 230//230 231//231
f 234//234 231//231 232//232
f 233//233 230//230 234//234
f 233//233 235//235 223//223
f 235//235 233//233 234//234
f 232//232 242//242 234//234
f 242//242 363//363 234//234
f 235//235 234//234 363//363
f 223//223 235//235 363//363
f 237//237 236//236 239//239
f 238//238 239//239 236//236
f 237//237 241//241 240//240
f 241//241 237//237 239//239
f 238//238 246//246 239//239
f 240//240 241//241 6996//6996
f 241//241 239//239 306//306
f 239//239 246//246 306//306
f 243//243 6996//6996 305//305
f 232//232 6997//6997 242//242
f 6997//6997 363//363 242//242
f 363//363 243//243 362//362
f 6996//6996 241//241 305//305
f 241//241 306//306 305//305
f 362//362 243//243 305//305
f 244//244 214//214 309//309
f 245//245 213//213 244//244
f 238//238 213//213 245//245
f 244//244 309//309 248//248
f 245//245 244//244 248//248
f 246//246 238//238 365//365
f 247//247 309//309 214//214
f 198//198 253//253 214//214
f 214//214 253//253 247//247
f 247//247 253//253 309//309
f 198//198 252//252 253//253
f 313//313 248//248 309//309
f 198//198 251//251 252//252
f 250//250 321//321 249//249
f 249//249 321//321 316//316
f 249//249 316//316 251//251
f 252//252 251//251 253//253
f 251//251 316//316 317//317
f 387//387 175//175 255//255
f 175//175 256//256 255//255
f 387//387 255//255 256//256
f 254//254 175//175 387//387
f 399//399 257//257 328//328
f 330//330 256//256 175//175
f 258//258 215//215 257//257
f 399//399 258//258 257//257
f 258//258 259//259 215//215
f 259//259 336//336 263//263
f 259//259 258//258 336//336
f 258//258 335//335 336//336
f 336//336 337//337 263//263
f 261//261 217//217 338//338
f 177//177 261//261 262//262
f 261//261 464//464 262//262
f 177//177 262//262 339//339
f 267//267 263//263 351//351
f 280//280 181//181 220//220
f 181//181 280//280 264//264
f 180//180 264//264 411//411
f 265//265 182//182 341//341
f 205//205 185//185 269//269
f 185//185 6998//6998 269//269
f 270//270 269//269 6998//6998
f 219//219 268//268 266//266
f 268//268 270//270 266//266
f 205//205 6999//6999 301//301
f 268//268 271//271 270//270
f 270//270 271//271 269//269
f 269//269 271//271 272//272
f 301//301 6999//6999 276//276
f 269//269 272//272 7002//7002
f 276//276 358//358 301//301
f 343//343 344//344 268//268
f 219//219 343//343 268//268
f 344//344 271//271 268//268
f 271//271 273//273 272//272
f 219//219 267//267 7026//7026
f 344//344 347//347 271//271
f 7002//7002 272//272 274//274
f 272//272 273//273 274//274
f 274//274 273//273 275//275
f 273//273 271//271 7000//7000
f 271//271 347//347 7000//7000
f 277//277 7002//7002 274//274
f 274//274 7001//7001 277//277
f 7000//7000 347//347 7003//7003
f 276//276 7004//7004 358//358
f 221//221 280//280 220//220
f 278//278 221//221 188//188
f 278//278 188//188 279//279
f 282//282 278//278 279//279
f 278//278 281//281 221//221
f 281//281 278//278 282//282
f 281//281 280//280 221//221
f 279//279 283//283 282//282
f 6993//6993 226//226 224//224
f 226//226 6993//6993 284//284
f 284//284 6993//6993 285//285
f 284//284 285//285 293//293
f 284//284 293//293 326//326
f 7008//7008 288//288 289//289
f 7009//7009 7015//7015 7010//7010
f 6994//6994 7008//7008 289//289
f 288//288 290//290 289//289
f 7005//7005 6995//6995 7011//7011
f 290//290 6994//6994 289//289
f 7011//7011 7012//7012 7005//7005
f 290//290 288//288 291//291
f 292//292 7011//7011 291//291
f 292//292 7012//7012 7011//7011
f 293//293 354//354 326//326
f 353//353 292//292 291//291
f 7012//7012 292//292 7030//7030
f 294//294 300//300 286//286
f 205//205 300//300 294//294
f 286//286 300//300 295//295
f 7015//7015 7007//7007 7013//7013
f 291//291 288//288 297//297
f 7010//7010 7015//7015 7016//7016
f 7016//7016 7015//7015 298//298
f 7015//7015 7013//7013 298//298
f 298//298 7013//7013 299//299
f 291//291 297//297 355//355
f 302//302 300//300 303//303
f 300//300 205//205 303//303
f 300//300 302//302 295//295
f 301//301 303//303 205//205
f 357//357 7014//7014 302//302
f 357//357 302//302 303//303
f 301//301 358//358 303//303
f 7013//7013 357//357 299//299
f 279//279 222//222 359//359
f 222//222 304//304 359//359
f 283//283 279//279 359//359
f 223//223 363//363 360//360
f 222//222 223//223 304//304
f 306//306 246//246 308//308
f 365//365 238//238 245//245
f 365//365 308//308 246//246
f 305//305 306//306 307//307
f 306//306 7018//7018 307//307
f 307//307 362//362 305//305
f 307//307 7018//7018 502//502
f 502//502 308//308 365//365
f 313//313 245//245 248//248
f 245//245 313//313 310//310
f 311//311 245//245 310//310
f 310//310 313//313 384//384
f 505//505 311//311 310//310
f 7052//7052 310//310 384//384
f 7019//7019 7052//7052 245//245
f 251//251 312//312 253//253
f 312//312 251//251 319//319
f 251//251 317//317 7022//7022
f 312//312 319//319 253//253
f 314//314 309//309 253//253
f 309//309 7020//7020 313//313
f 253//253 319//319 318//318
f 7020//7020 7039//7039 313//313
f 318//318 7020//7020 253//253
f 250//250 200//200 315//315
f 321//321 250//250 7021//7021
f 200//200 322//322 315//315
f 7020//7020 318//318 319//319
f 366//366 7022//7022 317//317
f 320//320 319//319 7031//7031
f 319//319 320//320 7020//7020
f 317//317 368//368 366//366
f 368//368 317//317 316//316
f 320//320 7039//7039 7020//7020
f 320//320 7031//7031 7039//7039
f 7021//7021 323//323 321//321
f 315//315 322//322 7023//7023
f 323//323 373//373 321//321
f 321//321 373//373 374//374
f 284//284 326//326 7025//7025
f 7023//7023 322//322 324//324
f 324//324 322//322 325//325
f 257//257 119//119 327//327
f 254//254 386//386 327//327
f 328//328 393//393 399//399
f 330//330 329//329 256//256
f 331//331 329//329 330//330
f 331//331 390//390 329//329
f 390//390 331//331 330//330
f 387//387 256//256 388//388
f 256//256 398//398 388//388
f 398//398 256//256 329//329
f 332//332 334//334 400//400
f 332//332 333//333 334//334
f 332//332 335//335 333//333
f 145//145 402//402 330//330
f 335//335 258//258 399//399
f 400//400 336//336 335//335
f 332//332 400//400 335//335
f 177//177 339//339 260//260
f 337//337 336//336 403//403
f 339//339 262//262 465//465
f 262//262 464//464 465//465
f 263//263 337//337 351//351
f 337//337 415//415 351//351
f 264//264 280//280 340//340
f 264//264 340//340 411//411
f 411//411 412//412 182//182
f 182//182 412//412 341//341
f 338//338 552//552 547//547
f 7004//7004 419//419 358//358
f 344//344 343//343 346//346
f 7027//7027 7026//7026 345//345
f 7026//7026 267//267 345//345
f 267//267 7029//7029 345//345
f 7027//7027 345//345 349//349
f 345//345 7029//7029 349//349
f 344//344 346//346 350//350
f 350//350 347//347 344//344
f 347//347 419//419 7003//7003
f 7028//7028 350//350 346//346
f 419//419 347//347 348//348
f 347//347 350//350 348//348
f 419//419 348//348 414//414
f 348//348 350//350 414//414
f 350//350 7028//7028 351//351
f 351//351 415//415 350//350
f 414//414 350//350 415//415
f 352//352 281//281 282//282
f 352//352 282//282 283//283
f 421//421 352//352 283//283
f 417//417 280//280 281//281
f 280//280 417//417 340//340
f 416//416 281//281 352//352
f 417//417 281//281 416//416
f 353//353 7030//7030 292//292
f 297//297 7017//7017 418//418
f 353//353 291//291 355//355
f 7030//7030 353//353 356//356
f 356//356 353//353 355//355
f 297//297 477//477 355//355
f 355//355 477//477 356//356
f 493//493 7030//7030 356//356
f 298//298 299//299 418//418
f 299//299 357//357 418//418
f 297//297 418//418 477//477
f 356//356 477//477 493//493
f 419//419 418//418 358//358
f 303//303 358//358 418//418
f 357//357 303//303 418//418
f 283//283 359//359 421//421
f 359//359 304//304 423//423
f 223//223 424//424 304//304
f 304//304 424//424 423//423
f 360//360 425//425 223//223
f 359//359 423//423 480//480
f 360//360 363//363 361//361
f 361//361 363//363 427//427
f 361//361 427//427 428//428
f 362//362 307//307 364//364
f 363//363 362//362 364//364
f 7039//7039 7031//7031 367//367
f 367//367 7031//7031 371//371
f 366//366 368//368 7033//7033
f 7032//7032 372//372 385//385
f 369//369 368//368 316//316
f 321//321 7034//7034 370//370
f 316//316 321//321 370//370
f 369//369 316//316 370//370
f 7033//7033 368//368 369//369
f 369//369 370//370 430//430
f 430//430 370//370 432//432
f 372//372 438//438 385//385
f 7033//7033 369//369 430//430
f 367//367 371//371 443//443
f 367//367 443//443 372//372
f 431//431 7033//7033 430//430
f 374//374 373//373 375//375
f 381//381 7023//7023 324//324
f 324//324 325//325 378//378
f 7035//7035 376//376 7034//7034
f 373//373 323//323 377//377
f 324//324 378//378 7037//7037
f 375//375 373//373 377//377
f 7034//7034 376//376 370//370
f 7035//7035 380//380 376//376
f 370//370 376//376 380//380
f 375//375 377//377 383//383
f 7035//7035 383//383 380//380
f 380//380 432//432 370//370
f 7024//7024 382//382 377//377
f 7023//7023 381//381 7038//7038
f 383//383 377//377 382//382
f 326//326 354//354 493//493
f 326//326 379//379 7025//7025
f 378//378 325//325 7036//7036
f 493//493 379//379 326//326
f 383//383 434//434 380//380
f 245//245 504//504 365//365
f 367//367 385//385 7039//7039
f 327//327 396//396 328//328
f 330//330 391//391 390//390
f 388//388 398//398 392//392
f 398//398 390//390 389//389
f 387//387 386//386 254//254
f 387//387 388//388 510//510
f 389//389 392//392 398//398
f 388//388 392//392 510//510
f 387//387 510//510 386//386
f 257//257 327//327 328//328
f 393//393 397//397 399//399
f 328//328 396//396 393//393
f 396//396 397//397 393//393
f 397//397 395//395 394//394
f 395//395 400//400 394//394
f 390//390 398//398 329//329
f 399//399 333//333 335//335
f 399//399 397//397 333//333
f 333//333 394//394 334//334
f 333//333 397//397 394//394
f 394//394 400//400 334//334
f 400//400 448//448 401//401
f 401//401 449//449 400//400
f 453//453 528//528 451//451
f 451//451 402//402 145//145
f 400//400 449//449 403//403
f 452//452 453//453 260//260
f 451//451 260//260 453//453
f 400//400 403//403 336//336
f 260//260 339//339 452//452
f 337//337 407//407 408//408
f 403//403 407//407 337//337
f 403//403 405//405 407//407
f 405//405 404//404 407//407
f 404//404 409//409 407//407
f 406//406 404//404 405//405
f 404//404 406//406 410//410
f 409//409 404//404 410//410
f 406//406 467//467 410//410
f 415//415 337//337 408//408
f 408//408 407//407 409//409
f 415//415 408//408 410//410
f 409//409 410//410 408//408
f 411//411 470//470 412//412
f 470//470 341//341 412//412
f 341//341 338//338 265//265
f 342//342 473//473 341//341
f 342//342 413//413 471//471
f 342//342 341//341 413//413
f 471//471 413//413 470//470
f 470//470 413//413 341//341
f 342//342 471//471 473//473
f 470//470 472//472 471//471
f 341//341 551//551 338//338
f 338//338 551//551 552//552
f 414//414 415//415 420//420
f 414//414 420//420 419//419
f 422//422 352//352 421//421
f 422//422 416//416 352//352
f 340//340 417//417 476//476
f 476//476 411//411 340//340
f 419//419 420//420 478//478
f 478//478 418//418 419//419
f 421//421 359//359 480//480
f 423//423 424//424 636//636
f 7040//7040 223//223 425//425
f 480//480 423//423 636//636
f 421//421 481//481 422//422
f 480//480 481//481 421//421
f 360//360 361//361 426//426
f 426//426 361//361 7041//7041
f 360//360 426//426 487//487
f 498//498 497//497 426//426
f 425//425 485//485 7040//7040
f 484//484 485//485 425//425
f 360//360 484//484 425//425
f 484//484 360//360 483//483
f 483//483 360//360 487//487
f 426//426 497//497 487//487
f 428//428 427//427 429//429
f 427//427 363//363 564//564
f 427//427 501//501 429//429
f 371//371 7042//7042 443//443
f 443//443 440//440 372//372
f 433//433 431//431 430//430
f 433//433 430//430 432//432
f 7042//7042 433//433 443//443
f 433//433 432//432 443//443
f 383//383 382//382 435//435
f 434//434 383//383 435//435
f 380//380 7043//7043 432//432
f 432//432 7043//7043 488//488
f 382//382 492//492 435//435
f 7049//7049 7038//7038 381//381
f 492//492 434//434 435//435
f 488//488 7043//7043 490//490
f 443//443 432//432 488//488
f 7037//7037 378//378 494//494
f 7049//7049 381//381 491//491
f 7037//7037 494//494 7048//7048
f 492//492 489//489 434//434
f 489//489 7047//7047 434//434
f 7036//7036 494//494 378//378
f 379//379 493//493 7050//7050
f 7050//7050 493//493 654//654
f 498//498 426//426 7041//7041
f 564//564 363//363 364//364
f 428//428 429//429 7051//7051
f 496//496 427//427 564//564
f 429//429 501//501 7051//7051
f 365//365 436//436 502//502
f 365//365 504//504 437//437
f 7052//7052 504//504 245//245
f 365//365 437//437 503//503
f 437//437 504//504 503//503
f 439//439 7039//7039 385//385
f 7052//7052 384//384 7044//7044
f 439//439 385//385 438//438
f 372//372 440//440 438//438
f 439//439 438//438 441//441
f 438//438 7045//7045 441//441
f 441//441 7045//7045 508//508
f 442//442 439//439 441//441
f 442//442 441//441 507//507
f 7053//7053 507//507 441//441
f 507//507 509//509 442//442
f 7044//7044 442//442 7052//7052
f 7052//7052 442//442 506//506
f 440//440 443//443 7053//7053
f 327//327 386//386 569//569
f 327//327 513//513 396//396
f 513//513 327//327 511//511
f 513//513 445//445 444//444
f 389//389 510//510 392//392
f 510//510 389//389 520//520
f 390//390 520//520 389//389
f 390//390 391//391 520//520
f 396//396 513//513 397//397
f 445//445 447//447 400//400
f 395//395 445//445 400//400
f 444//444 445//445 395//395
f 395//395 397//397 444//444
f 448//448 447//447 446//446
f 515//515 449//449 446//446
f 447//447 445//445 514//514
f 447//447 514//514 446//446
f 402//402 525//525 330//330
f 451//451 525//525 402//402
f 391//391 330//330 516//516
f 330//330 517//517 516//516
f 401//401 448//448 449//449
f 448//448 400//400 447//447
f 446//446 449//449 448//448
f 515//515 450//450 449//449
f 449//449 450//450 456//456
f 451//451 528//528 527//527
f 453//453 529//529 528//528
f 449//449 456//456 403//403
f 453//453 452//452 531//531
f 531//531 532//532 453//453
f 453//453 532//532 529//529
f 454//454 406//406 405//405
f 454//454 405//405 456//456
f 403//403 456//456 405//405
f 7046//7046 460//460 455//455
f 591//591 457//457 456//456
f 457//457 454//454 456//456
f 458//458 7046//7046 457//457
f 7046//7046 458//458 460//460
f 458//458 457//457 460//460
f 457//457 459//459 460//460
f 459//459 461//461 460//460
f 460//460 461//461 468//468
f 468//468 461//461 469//469
f 461//461 462//462 469//469
f 534//534 463//463 462//462
f 534//534 462//462 461//461
f 548//548 464//464 261//261
f 452//452 339//339 466//466
f 452//452 466//466 531//531
f 339//339 465//465 466//466
f 466//466 544//544 531//531
f 544//544 466//466 465//465
f 467//467 468//468 410//410
f 406//406 7046//7046 455//455
f 406//406 455//455 467//467
f 460//460 467//467 455//455
f 460//460 468//468 467//467
f 468//468 469//469 415//415
f 550//550 415//415 549//549
f 469//469 549//549 415//415
f 462//462 463//463 469//469
f 469//469 545//545 549//549
f 468//468 415//415 410//410
f 470//470 476//476 813//813
f 411//411 476//476 470//470
f 813//813 472//472 470//470
f 472//472 813//813 471//471
f 341//341 473//473 551//551
f 478//478 474//474 555//555
f 415//415 550//550 474//474
f 417//417 1003//1003 476//476
f 482//482 416//416 422//422
f 475//475 417//417 416//416
f 482//482 475//475 416//416
f 418//418 495//495 477//477
f 418//418 478//478 495//495
f 420//420 415//415 478//478
f 474//474 479//479 415//415
f 415//415 479//479 478//478
f 479//479 474//474 478//478
f 481//481 480//480 635//635
f 481//481 482//482 422//422
f 635//635 480//480 636//636
f 482//482 481//481 556//556
f 556//556 481//481 635//635
f 7040//7040 485//485 559//559
f 562//562 484//484 483//483
f 562//562 483//483 487//487
f 484//484 486//486 485//485
f 486//486 484//484 562//562
f 558//558 486//486 562//562
f 562//562 487//487 500//500
f 568//568 489//489 492//492
f 491//491 7050//7050 7049//7049
f 7049//7049 7050//7050 652//652
f 7058//7058 568//568 492//492
f 652//652 7050//7050 654//654
f 493//493 637//637 655//655
f 654//654 493//493 560//560
f 477//477 637//637 493//493
f 637//637 477//477 495//495
f 499//499 496//496 564//564
f 498//498 487//487 497//497
f 496//496 499//499 427//427
f 487//487 498//498 500//500
f 501//501 427//427 499//499
f 500//500 498//498 562//562
f 7051//7051 501//501 561//561
f 498//498 561//561 562//562
f 307//307 502//502 364//364
f 499//499 564//564 563//563
f 364//364 502//502 564//564
f 503//503 436//436 365//365
f 504//504 7052//7052 728//728
f 565//565 504//504 728//728
f 442//442 509//509 506//506
f 566//566 7052//7052 506//506
f 7052//7052 566//566 567//567
f 509//509 507//507 7053//7053
f 506//506 509//509 648//648
f 7053//7053 443//443 488//488
f 489//489 568//568 7047//7047
f 520//520 512//512 510//510
f 512//512 523//523 582//582
f 513//513 444//444 397//397
f 445//445 513//513 514//514
f 330//330 526//526 517//517
f 517//517 526//526 524//524
f 526//526 576//576 524//524
f 526//526 589//589 577//577
f 526//526 577//577 576//576
f 391//391 516//516 520//520
f 517//517 524//524 519//519
f 517//517 519//519 516//516
f 516//516 518//518 520//520
f 516//516 519//519 518//518
f 518//518 519//519 522//522
f 522//522 519//519 524//524
f 512//512 520//520 523//523
f 520//520 518//518 523//523
f 523//523 518//518 521//521
f 522//522 521//521 518//518
f 521//521 522//522 578//578
f 522//522 524//524 578//578
f 582//582 523//523 521//521
f 446//446 514//514 515//515
f 450//450 515//515 586//586
f 451//451 527//527 587//587
f 330//330 525//525 526//526
f 526//526 525//525 589//589
f 589//589 525//525 590//590
f 586//586 456//456 450//450
f 456//456 586//586 591//591
f 528//528 689//689 527//527
f 457//457 591//591 530//530
f 542//542 540//540 595//595
f 532//532 531//531 533//533
f 533//533 529//529 532//532
f 459//459 457//457 530//530
f 459//459 535//535 461//461
f 461//461 535//535 534//534
f 535//535 536//536 534//534
f 534//534 536//536 463//463
f 463//463 536//536 537//537
f 463//463 537//537 545//545
f 530//530 535//535 459//459
f 536//536 539//539 537//537
f 537//537 539//539 545//545
f 535//535 538//538 536//536
f 536//536 538//538 539//539
f 530//530 540//540 535//535
f 535//535 540//540 538//538
f 538//538 540//540 541//541
f 538//538 541//541 539//539
f 540//540 542//542 541//541
f 542//542 595//595 541//541
f 599//599 539//539 541//541
f 541//541 595//595 596//596
f 599//599 545//545 539//539
f 548//548 606//606 464//464
f 607//607 465//465 543//543
f 464//464 543//543 465//465
f 543//543 608//608 607//607
f 543//543 464//464 606//606
f 465//465 607//607 612//612
f 465//465 612//612 544//544
f 618//618 549//549 545//545
f 463//463 545//545 469//469
f 613//613 545//545 599//599
f 618//618 545//545 613//613
f 547//547 546//546 338//338
f 338//338 546//546 261//261
f 548//548 261//261 704//704
f 7065//7065 261//261 616//616
f 261//261 615//615 616//616
f 606//606 548//548 704//704
f 549//549 618//618 550//550
f 618//618 617//617 550//550
f 617//617 553//553 550//550
f 551//551 621//621 552//552
f 473//473 620//620 551//551
f 474//474 553//553 555//555
f 555//555 7054//7054 623//623
f 474//474 550//550 553//553
f 417//417 475//475 1003//1003
f 554//554 1003//1003 475//475
f 478//478 555//555 632//632
f 556//556 475//475 482//482
f 556//556 557//557 475//475
f 557//557 554//554 475//475
f 486//486 558//558 485//485
f 636//636 424//424 7055//7055
f 485//485 558//558 559//559
f 636//636 7055//7055 723//723
f 562//562 559//559 558//558
f 559//559 562//562 723//723
f 655//655 560//560 493//493
f 654//654 560//560 655//655
f 561//561 501//501 642//642
f 562//562 561//561 723//723
f 501//501 499//499 642//642
f 563//563 724//724 499//499
f 563//563 564//564 724//724
f 499//499 724//724 642//642
f 915//915 502//502 436//436
f 436//436 503//503 644//644
f 643//643 502//502 915//915
f 644//644 915//915 436//436
f 502//502 643//643 564//564
f 724//724 564//564 914//914
f 503//503 504//504 565//565
f 566//566 506//506 647//647
f 648//648 647//647 506//506
f 567//567 646//646 7052//7052
f 746//746 646//646 567//567
f 651//651 7053//7053 488//488
f 7053//7053 651//651 509//509
f 488//488 490//490 733//733
f 653//653 7047//7047 568//568
f 569//569 386//386 662//662
f 662//662 386//386 510//510
f 664//664 667//667 510//510
f 513//513 570//570 514//514
f 668//668 513//513 511//511
f 511//511 848//848 668//668
f 570//570 571//571 574//574
f 584//584 512//512 582//582
f 512//512 664//664 510//510
f 572//572 512//512 584//584
f 515//515 570//570 573//573
f 573//573 574//574 515//515
f 575//575 515//515 574//574
f 570//570 515//515 514//514
f 570//570 574//574 573//573
f 575//575 585//585 515//515
f 576//576 577//577 581//581
f 576//576 581//581 524//524
f 577//577 589//589 581//581
f 582//582 521//521 579//579
f 521//521 578//578 579//579
f 578//578 583//583 579//579
f 578//578 524//524 583//583
f 524//524 580//580 583//583
f 524//524 581//581 580//580
f 584//584 582//582 579//579
f 580//580 581//581 677//677
f 580//580 677//677 583//583
f 579//579 583//583 584//584
f 515//515 585//585 586//586
f 585//585 676//676 586//586
f 575//575 676//676 585//585
f 586//586 681//681 591//591
f 676//676 681//681 586//586
f 681//681 682//682 591//591
f 682//682 687//687 591//591
f 525//525 451//451 587//587
f 525//525 587//587 588//588
f 588//588 587//587 773//773
f 773//773 587//587 527//527
f 590//590 685//685 589//589
f 591//591 592//592 530//530
f 540//540 530//530 592//592
f 591//591 688//688 592//592
f 688//688 686//686 7056//7056
f 591//591 687//687 688//688
f 528//528 529//529 689//689
f 533//533 594//594 529//529
f 594//594 533//533 593//593
f 529//529 594//594 689//689
f 689//689 683//683 527//527
f 686//686 595//595 540//540
f 596//596 595//595 686//686
f 540//540 7056//7056 686//686
f 686//686 601//601 596//596
f 601//601 597//597 603//603
f 694//694 693//693 597//597
f 597//597 693//693 603//603
f 531//531 544//544 692//692
f 692//692 598//598 531//531
f 691//691 781//781 544//544
f 533//533 531//531 598//598
f 533//533 598//598 593//593
f 596//596 599//599 541//541
f 596//596 601//601 599//599
f 613//613 599//599 604//604
f 599//599 602//602 604//604
f 600//600 614//614 613//613
f 604//604 600//600 613//613
f 602//602 603//603 604//604
f 602//602 599//599 603//603
f 601//601 603//603 599//599
f 604//604 603//603 693//693
f 604//604 614//614 600//600
f 604//604 605//605 614//614
f 605//605 696//696 614//614
f 606//606 610//610 543//543
f 610//610 609//609 543//543
f 543//543 609//609 608//608
f 610//610 611//611 609//609
f 609//609 611//611 608//608
f 606//606 700//700 610//610
f 700//700 699//699 610//610
f 699//699 611//611 610//610
f 612//612 691//691 544//544
f 612//612 607//607 691//691
f 607//607 885//885 691//691
f 619//619 618//618 613//613
f 613//613 701//701 619//619
f 614//614 701//701 613//613
f 261//261 546//546 615//615
f 547//547 797//797 546//546
f 615//615 546//546 888//888
f 615//615 888//888 616//616
f 625//625 7054//7054 617//617
f 619//619 617//617 618//618
f 617//617 619//619 625//625
f 551//551 705//705 621//621
f 551//551 620//620 705//705
f 473//473 803//803 620//620
f 547//547 552//552 706//706
f 622//622 705//705 620//620
f 620//620 803//803 622//622
f 547//547 706//706 703//703
f 555//555 623//623 632//632
f 632//632 623//623 633//633
f 7054//7054 625//625 623//623
f 623//623 625//625 626//626
f 633//633 623//623 626//626
f 627//627 633//633 626//626
f 624//624 633//633 628//628
f 628//628 633//633 627//627
f 628//628 629//629 624//624
f 624//624 629//629 707//707
f 626//626 625//625 619//619
f 7057//7057 627//627 626//626
f 629//629 628//628 630//630
f 630//630 628//628 619//619
f 627//627 619//619 628//628
f 630//630 631//631 629//629
f 631//631 707//707 629//629
f 619//619 631//631 630//630
f 812//812 813//813 476//476
f 633//633 634//634 632//632
f 634//634 712//712 632//632
f 634//634 633//633 624//624
f 634//634 624//624 707//707
f 634//634 707//707 716//716
f 712//712 634//634 713//713
f 719//719 557//557 556//556
f 719//719 556//556 635//635
f 637//637 495//495 638//638
f 478//478 721//721 495//495
f 639//639 495//495 721//721
f 721//721 640//640 639//639
f 478//478 641//641 720//720
f 632//632 641//641 478//478
f 641//641 632//632 829//829
f 632//632 712//712 829//829
f 564//564 643//643 7084//7084
f 503//503 645//645 644//644
f 645//645 503//503 565//565
f 644//644 645//645 915//915
f 728//728 645//645 565//565
f 566//566 730//730 567//567
f 746//746 567//567 650//650
f 646//646 728//728 7052//7052
f 566//566 729//729 730//730
f 566//566 647//647 729//729
f 729//729 647//647 649//649
f 647//647 648//648 649//649
f 567//567 730//730 650//650
f 730//730 834//834 650//650
f 651//651 488//488 732//732
f 648//648 509//509 651//651
f 651//651 732//732 836//836
f 649//649 648//648 651//651
f 732//732 488//488 733//733
f 733//733 490//490 653//653
f 568//568 7058//7058 653//653
f 655//655 657//657 654//654
f 638//638 495//495 639//639
f 637//637 656//656 655//655
f 637//637 638//638 7060//7060
f 638//638 639//639 7060//7060
f 656//656 659//659 655//655
f 656//656 661//661 659//659
f 657//657 655//655 658//658
f 655//655 659//659 7061//7061
f 734//734 654//654 657//657
f 7061//7061 659//659 741//741
f 735//735 657//657 7062//7062
f 7062//7062 741//741 735//735
f 639//639 660//660 7060//7060
f 659//659 661//661 741//741
f 660//660 639//639 640//640
f 744//744 660//660 640//640
f 662//662 510//510 748//748
f 749//749 748//748 510//510
f 663//663 327//327 569//569
f 511//511 327//327 663//663
f 569//569 747//747 663//663
f 668//668 848//848 847//847
f 668//668 847//847 751//751
f 670//670 755//755 671//671
f 849//849 670//670 751//751
f 755//755 670//670 849//849
f 669//669 753//753 672//672
f 755//755 753//753 671//671
f 664//664 665//665 667//667
f 512//512 665//665 664//664
f 667//667 749//749 510//510
f 665//665 758//758 667//667
f 669//669 571//571 570//570
f 513//513 668//668 570//570
f 670//670 669//669 570//570
f 668//668 751//751 570//570
f 570//570 751//751 670//670
f 571//571 673//673 574//574
f 571//571 669//669 673//673
f 669//669 670//670 671//671
f 753//753 669//669 671//671
f 669//669 672//672 673//673
f 574//574 763//763 575//575
f 673//673 760//760 574//574
f 574//574 760//760 763//763
f 572//572 665//665 512//512
f 584//584 675//675 572//572
f 584//584 859//859 675//675
f 680//680 859//859 584//584
f 665//665 572//572 666//666
f 674//674 666//666 572//572
f 674//674 572//572 675//675
f 589//589 684//684 581//581
f 583//583 677//677 680//680
f 679//679 678//678 581//581
f 581//581 678//678 677//677
f 684//684 679//679 581//581
f 679//679 684//684 766//766
f 678//678 679//679 766//766
f 684//684 685//685 766//766
f 583//583 680//680 584//584
f 678//678 680//680 677//677
f 682//682 688//688 687//687
f 774//774 688//688 682//682
f 681//681 768//768 682//682
f 774//774 682//682 860//860
f 769//769 527//527 683//683
f 683//683 770//770 769//769
f 683//683 689//689 770//770
f 773//773 527//527 769//769
f 589//589 685//685 684//684
f 590//590 525//525 685//685
f 525//525 772//772 685//685
f 525//525 588//588 772//772
f 588//588 773//773 772//772
f 688//688 774//774 686//686
f 686//686 774//774 775//775
f 689//689 594//594 777//777
f 686//686 775//775 601//601
f 597//597 601//601 775//775
f 597//597 775//775 694//694
f 695//695 694//694 690//690
f 775//775 776//776 694//694
f 694//694 776//776 690//690
f 690//690 780//780 695//695
f 690//690 776//776 780//780
f 780//780 698//698 695//695
f 692//692 593//593 598//598
f 7064//7064 544//544 781//781
f 593//593 782//782 594//594
f 593//593 692//692 782//782
f 693//693 605//605 604//604
f 605//605 695//695 696//696
f 696//696 701//701 614//614
f 693//693 694//694 605//605
f 694//694 695//695 605//605
f 697//697 701//701 696//696
f 697//697 696//696 784//784
f 695//695 698//698 696//696
f 784//784 696//696 698//698
f 700//700 788//788 699//699
f 699//699 788//788 611//611
f 606//606 704//704 700//700
f 700//700 704//704 788//788
f 704//704 789//789 788//788
f 611//611 791//791 608//608
f 885//885 607//607 881//881
f 611//611 788//788 791//791
f 608//608 791//791 607//607
f 607//607 791//791 790//790
f 701//701 702//702 619//619
f 795//795 802//802 619//619
f 697//697 702//702 701//701
f 703//703 806//806 547//547
f 546//546 799//799 888//888
f 797//797 799//799 546//546
f 802//802 708//708 631//631
f 802//802 631//631 619//619
f 709//709 708//708 802//802
f 709//709 802//802 808//808
f 705//705 804//804 621//621
f 705//705 889//889 804//804
f 473//473 471//471 803//803
f 705//705 622//622 889//889
f 706//706 552//552 805//805
f 621//621 804//804 552//552
f 805//805 893//893 706//706
f 706//706 893//893 703//703
f 708//708 716//716 707//707
f 716//716 708//708 709//709
f 709//709 710//710 716//716
f 716//716 710//710 718//718
f 707//707 631//631 708//708
f 709//709 711//711 710//710
f 808//808 711//711 709//709
f 711//711 718//718 710//710
f 711//711 808//808 809//809
f 718//718 711//711 809//809
f 476//476 1003//1003 812//812
f 713//713 717//717 712//712
f 717//717 634//634 716//716
f 634//634 717//717 713//713
f 717//717 714//714 712//712
f 714//714 717//717 715//715
f 717//717 716//716 715//715
f 722//722 712//712 714//714
f 714//714 715//715 722//722
f 715//715 814//814 722//722
f 557//557 816//816 554//554
f 719//719 816//816 557//557
f 719//719 635//635 817//817
f 635//635 636//636 817//817
f 719//719 896//896 816//816
f 817//817 636//636 723//723
f 554//554 818//818 1003//1003
f 816//816 818//818 554//554
f 817//817 896//896 719//719
f 721//721 478//478 720//720
f 828//828 721//721 720//720
f 829//829 720//720 641//641
f 7074//7074 744//744 721//721
f 829//829 745//745 720//720
f 712//712 722//722 829//829
f 829//829 722//722 908//908
f 561//561 821//821 723//723
f 825//825 821//821 561//561
f 825//825 561//561 642//642
f 724//724 726//726 642//642
f 725//725 642//642 726//726
f 824//824 725//725 727//727
f 642//642 725//725 824//824
f 726//726 727//727 725//725
f 727//727 726//726 724//724
f 824//824 727//727 901//901
f 643//643 915//915 914//914
f 645//645 728//728 915//915
f 646//646 746//746 728//728
f 729//729 731//731 730//730
f 729//729 649//649 731//731
f 731//731 649//649 651//651
f 1026//1026 731//731 651//651
f 732//732 835//835 836//836
f 733//733 653//653 839//839
f 733//733 839//839 932//932
f 654//654 736//736 652//652
f 7059//7059 737//737 7068//7068
f 741//741 827//827 735//735
f 7069//7069 654//654 734//734
f 734//734 657//657 827//827
f 657//657 735//735 827//827
f 827//827 7069//7069 734//734
f 7069//7069 827//827 941//941
f 738//738 7068//7068 737//737
f 738//738 737//737 7092//7092
f 652//652 736//736 826//826
f 7060//7060 740//740 661//661
f 7060//7060 660//660 739//739
f 741//741 661//661 740//740
f 7060//7060 739//739 740//740
f 827//827 741//741 942//942
f 744//744 742//742 660//660
f 660//660 742//742 739//739
f 740//740 739//739 742//742
f 740//740 743//743 741//741
f 740//740 742//742 743//743
f 743//743 942//942 741//741
f 640//640 721//721 744//744
f 720//720 745//745 828//828
f 828//828 745//745 829//829
f 650//650 834//834 746//746
f 730//730 731//731 834//834
f 747//747 844//844 663//663
f 844//844 750//750 663//663
f 848//848 511//511 843//843
f 842//842 748//748 749//749
f 842//842 662//662 748//748
f 662//662 842//842 569//569
f 759//759 850//850 749//749
f 569//569 1053//1053 747//747
f 569//569 842//842 1053//1053
f 750//750 511//511 663//663
f 847//847 7077//7077 751//751
f 672//672 752//752 673//673
f 752//752 756//756 673//673
f 753//753 754//754 672//672
f 754//754 752//752 672//672
f 950//950 754//754 753//753
f 753//753 755//755 950//950
f 757//757 752//752 754//754
f 757//757 756//756 752//752
f 756//756 757//757 761//761
f 757//757 852//852 761//761
f 853//853 754//754 950//950
f 754//754 853//853 757//757
f 852//852 956//956 761//761
f 764//764 761//761 854//854
f 764//764 854//854 957//957
f 764//764 957//957 763//763
f 758//758 665//665 666//666
f 765//765 758//758 666//666
f 667//667 758//758 759//759
f 667//667 759//759 749//749
f 758//758 765//765 960//960
f 850//850 759//759 856//856
f 673//673 762//762 760//760
f 575//575 763//763 676//676
f 756//756 761//761 673//673
f 760//760 762//762 763//763
f 7063//7063 761//761 762//762
f 761//761 764//764 762//762
f 762//762 764//764 763//763
f 763//763 861//861 676//676
f 674//674 765//765 666//666
f 765//765 674//674 675//675
f 765//765 675//675 960//960
f 681//681 861//861 768//768
f 861//861 681//681 676//676
f 772//772 767//767 685//685
f 685//685 767//767 766//766
f 678//678 766//766 859//859
f 678//678 859//859 680//680
f 968//968 859//859 766//766
f 768//768 860//860 682//682
f 860//860 864//864 774//774
f 769//769 770//770 773//773
f 771//771 770//770 689//689
f 770//770 771//771 866//866
f 770//770 866//866 773//773
f 864//864 775//775 774//774
f 775//775 871//871 776//776
f 776//776 870//870 780//780
f 775//775 869//869 871//871
f 871//871 870//870 776//776
f 779//779 594//594 782//782
f 779//779 778//778 594//594
f 594//594 778//778 777//777
f 782//782 875//875 779//779
f 771//771 689//689 777//777
f 777//777 876//876 771//771
f 778//778 876//876 777//777
f 698//698 780//780 786//786
f 784//784 786//786 878//878
f 691//691 887//887 781//781
f 782//782 692//692 783//783
f 7064//7064 781//781 783//783
f 783//783 984//984 782//782
f 784//784 785//785 697//697
f 697//697 785//785 702//702
f 784//784 880//880 785//785
f 880//880 787//787 785//785
f 796//796 785//785 787//787
f 786//786 784//784 698//698
f 787//787 880//880 796//796
f 788//788 789//789 883//883
f 788//788 883//883 791//791
f 790//790 791//791 882//882
f 691//691 885//885 887//887
f 790//790 881//881 607//607
f 702//702 792//792 794//794
f 702//702 785//785 792//792
f 619//619 702//702 794//794
f 792//792 793//793 794//794
f 792//792 785//785 793//793
f 796//796 619//619 794//794
f 796//796 795//795 619//619
f 793//793 796//796 794//794
f 796//796 802//802 795//795
f 793//793 785//785 796//796
f 798//798 797//797 547//547
f 616//616 801//801 7065//7065
f 888//888 801//801 616//616
f 802//802 811//811 808//808
f 552//552 804//804 805//805
f 622//622 890//890 889//889
f 893//893 805//805 891//891
f 804//804 891//891 805//805
f 806//806 703//703 800//800
f 893//893 800//800 703//703
f 547//547 806//806 7070//7070
f 7070//7070 806//806 800//800
f 815//815 718//718 807//807
f 718//718 809//809 807//807
f 807//807 810//810 815//815
f 809//809 808//808 811//811
f 809//809 810//810 807//807
f 809//809 811//811 810//810
f 895//895 810//810 811//811
f 1124//1124 1003//1003 818//818
f 1003//1003 813//813 812//812
f 715//715 815//815 814//814
f 715//715 716//716 815//815
f 716//716 718//718 815//815
f 815//815 899//899 814//814
f 815//815 810//810 899//899
f 1022//1022 899//899 810//810
f 816//816 896//896 818//818
f 723//723 819//819 817//817
f 822//822 898//898 819//819
f 817//817 819//819 898//898
f 817//817 898//898 897//897
f 722//722 820//820 908//908
f 814//814 899//899 722//722
f 820//820 722//722 899//899
f 822//822 723//723 821//821
f 723//723 822//822 819//819
f 822//822 821//821 900//900
f 900//900 821//821 825//825
f 898//898 822//822 823//823
f 900//900 823//823 822//822
f 823//823 900//900 898//898
f 825//825 642//642 824//824
f 902//902 901//901 727//727
f 902//902 727//727 724//724
f 824//824 901//901 825//825
f 1026//1026 834//834 731//731
f 1026//1026 651//651 836//836
f 838//838 923//923 7067//7067
f 7085//7085 835//835 732//732
f 7068//7068 738//738 7072//7072
f 7058//7058 840//840 653//653
f 7072//7072 738//738 7092//7092
f 7093//7093 841//841 7073//7073
f 7074//7074 830//830 744//744
f 744//744 7075//7075 946//946
f 742//742 744//744 946//946
f 828//828 829//829 832//832
f 7074//7074 831//831 830//830
f 831//831 7094//7094 830//830
f 7076//7076 831//831 7074//7074
f 7094//7094 831//831 945//945
f 724//724 914//914 1023//1023
f 915//915 728//728 833//833
f 728//728 746//746 833//833
f 834//834 1026//1026 919//919
f 834//834 917//917 746//746
f 919//919 1026//1026 1027//1027
f 836//836 835//835 837//837
f 837//837 835//835 922//922
f 836//836 837//837 924//924
f 924//924 837//837 922//922
f 732//732 733//733 931//931
f 931//931 733//733 932//932
f 838//838 7067//7067 931//931
f 835//835 7085//7085 922//922
f 922//922 7085//7085 924//924
f 933//933 838//838 931//931
f 839//839 653//653 938//938
f 932//932 839//839 935//935
f 840//840 7058//7058 7073//7073
f 7073//7073 841//841 840//840
f 653//653 840//840 938//938
f 935//935 839//839 938//938
f 827//827 942//942 941//941
f 841//841 940//940 840//840
f 840//840 940//940 938//938
f 941//941 944//944 841//841
f 742//742 946//946 743//743
f 842//842 851//851 1053//1053
f 844//844 747//747 1053//1053
f 844//844 846//846 750//750
f 750//750 843//843 511//511
f 750//750 845//845 843//843
f 846//846 845//845 750//750
f 845//845 948//948 843//843
f 847//847 949//949 7077//7077
f 847//847 947//947 7095//7095
f 847//847 848//848 947//947
f 848//848 843//843 947//947
f 853//853 950//950 953//953
f 842//842 749//749 851//851
f 851//851 749//749 850//850
f 857//857 851//851 850//850
f 950//950 755//755 849//849
f 757//757 853//853 855//855
f 7078//7078 852//852 757//757
f 761//761 956//956 854//854
f 853//853 953//953 855//855
f 956//956 852//852 7078//7078
f 960//960 675//675 958//958
f 759//759 758//758 960//960
f 759//759 960//960 856//856
f 856//856 857//857 850//850
f 856//856 959//959 857//857
f 957//957 962//962 763//763
f 763//763 962//962 861//861
f 859//859 858//858 675//675
f 859//859 963//963 858//858
f 861//861 860//860 768//768
f 772//772 862//862 863//863
f 772//772 863//863 767//767
f 863//863 766//766 767//767
f 863//863 862//862 967//967
f 968//968 766//766 863//863
f 864//864 865//865 869//869
f 860//860 969//969 864//864
f 865//865 971//971 873//873
f 866//866 771//771 877//877
f 866//866 877//877 868//868
f 772//772 773//773 862//862
f 773//773 866//866 862//862
f 867//867 862//862 866//866
f 868//868 867//867 866//866
f 967//967 862//862 867//867
f 967//967 867//867 974//974
f 974//974 867//867 868//868
f 775//775 864//864 869//869
f 869//869 865//865 871//871
f 870//870 872//872 780//780
f 780//780 872//872 786//786
f 865//865 873//873 871//871
f 873//873 870//870 871//871
f 870//870 873//873 872//872
f 972//972 878//878 872//872
f 878//878 786//786 872//872
f 873//873 972//972 872//872
f 984//984 986//986 782//782
f 782//782 874//874 875//875
f 978//978 874//874 986//986
f 986//986 874//874 782//782
f 778//778 779//779 876//876
f 875//875 876//876 779//779
f 875//875 979//979 876//876
f 979//979 875//875 874//874
f 771//771 876//876 877//877
f 979//979 877//877 876//876
f 878//878 983//983 784//784
f 784//784 983//983 879//879
f 879//879 982//982 880//880
f 783//783 781//781 984//984
f 887//887 984//984 781//781
f 784//784 879//879 880//880
f 791//791 883//883 884//884
f 790//790 886//886 881//881
f 790//790 882//882 886//886
f 881//881 988//988 885//885
f 791//791 884//884 882//882
f 885//885 988//988 887//887
f 880//880 989//989 796//796
f 797//797 798//798 799//799
f 994//994 7065//7065 801//801
f 704//704 996//996 789//789
f 802//802 895//895 811//811
f 802//802 796//796 989//989
f 890//890 622//622 892//892
f 622//622 803//803 892//892
f 471//471 997//997 803//803
f 889//889 890//890 998//998
f 998//998 891//891 889//889
f 889//889 891//891 804//804
f 892//892 998//998 890//890
f 803//803 999//999 892//892
f 800//800 894//894 7070//7070
f 891//891 1000//1000 893//893
f 800//800 1121//1121 894//894
f 895//895 1006//1006 810//810
f 813//813 1005//1005 471//471
f 820//820 899//899 1022//1022
f 810//810 1006//1006 1022//1022
f 896//896 817//817 897//897
f 1125//1125 896//896 897//897
f 897//897 898//898 1125//1125
f 1223//1223 898//898 900//900
f 902//902 724//724 1023//1023
f 831//831 7076//7076 904//904
f 832//832 829//829 903//903
f 903//903 829//829 909//909
f 829//829 908//908 909//909
f 832//832 903//903 7079//7079
f 7079//7079 903//903 909//909
f 7079//7079 909//909 905//905
f 906//906 831//831 904//904
f 7080//7080 7079//7079 905//905
f 831//831 906//906 907//907
f 907//907 945//945 831//831
f 905//905 910//910 7080//7080
f 906//906 7081//7081 907//907
f 909//909 908//908 1016//1016
f 910//910 905//905 912//912
f 905//905 909//909 912//912
f 911//911 7082//7082 912//912
f 907//907 7081//7081 913//913
f 7081//7081 7083//7083 913//913
f 907//907 913//913 945//945
f 912//912 909//909 1009//1009
f 1016//1016 908//908 1022//1022
f 820//820 1022//1022 908//908
f 833//833 746//746 916//916
f 916//916 746//746 1024//1024
f 833//833 1132//1132 915//915
f 916//916 1024//1024 1230//1230
f 916//916 1230//1230 833//833
f 834//834 919//919 917//917
f 918//918 1024//1024 746//746
f 918//918 746//746 917//917
f 921//921 917//917 920//920
f 917//917 919//919 920//920
f 917//917 921//921 918//918
f 918//918 1342//1342 1024//1024
f 1134//1134 919//919 1027//1027
f 920//920 919//919 921//921
f 1028//1028 1026//1026 836//836
f 923//923 838//838 7090//7090
f 925//925 7088//7088 7086//7086
f 925//925 7086//7086 926//926
f 836//836 924//924 927//927
f 927//927 924//924 929//929
f 929//929 924//924 930//930
f 930//930 924//924 925//925
f 836//836 927//927 1028//1028
f 1028//1028 927//927 1032//1032
f 925//925 926//926 928//928
f 930//930 925//925 928//928
f 930//930 928//928 1034//1034
f 928//928 926//926 1034//1034
f 1032//1032 927//927 1029//1029
f 927//927 929//929 1029//1029
f 929//929 930//930 1029//1029
f 1029//1029 930//930 1030//1030
f 7090//7090 1042//1042 923//923
f 7087//7087 934//934 7089//7089
f 926//926 7091//7091 1034//1034
f 7087//7087 1043//1043 934//934
f 934//934 1043//1043 1038//1038
f 938//938 939//939 935//935
f 937//937 932//932 935//935
f 1042//1042 933//933 936//936
f 936//936 933//933 931//931
f 936//936 931//931 937//937
f 937//937 931//931 932//932
f 1042//1042 936//936 1046//1046
f 1046//1046 936//936 937//937
f 937//937 935//935 939//939
f 1046//1046 937//937 939//939
f 938//938 1149//1149 939//939
f 841//841 944//944 940//940
f 938//938 940//940 1151//1151
f 940//940 1050//1050 1151//1151
f 942//942 943//943 941//941
f 941//941 943//943 944//944
f 1050//1050 940//940 944//944
f 946//946 942//942 743//743
f 943//943 942//942 1052//1052
f 944//944 943//943 1048//1048
f 1048//1048 943//943 1052//1052
f 1054//1054 1053//1053 1155//1155
f 948//948 947//947 843//843
f 1059//1059 851//851 857//857
f 1053//1053 851//851 1061//1061
f 1054//1054 844//844 1053//1053
f 1054//1054 846//846 844//844
f 1054//1054 948//948 846//846
f 846//846 948//948 845//845
f 7077//7077 949//949 1056//1056
f 849//849 951//951 950//950
f 952//952 950//950 951//951
f 953//953 950//950 952//952
f 849//849 1063//1063 951//951
f 1063//1063 952//952 951//951
f 953//953 955//955 855//855
f 956//956 7078//7078 954//954
f 953//953 1064//1064 955//955
f 955//955 1067//1067 855//855
f 955//955 1064//1064 1067//1067
f 952//952 7109//7109 953//953
f 1065//1065 956//956 954//954
f 956//956 1069//1069 1166//1166
f 857//857 959//959 1059//1059
f 854//854 956//956 1166//1166
f 957//957 854//854 1166//1166
f 1166//1166 962//962 957//957
f 675//675 961//961 958//958
f 675//675 858//858 961//961
f 856//856 960//960 959//959
f 961//961 1171//1171 958//958
f 959//959 960//960 1168//1168
f 860//860 1070//1070 965//965
f 963//963 859//859 964//964
f 968//968 964//964 859//859
f 963//963 961//961 858//858
f 964//964 961//961 963//963
f 1078//1078 964//964 968//968
f 961//961 964//964 1076//1076
f 964//964 1078//1078 1076//1076
f 861//861 1070//1070 860//860
f 860//860 966//966 969//969
f 965//965 1075//1075 860//860
f 1075//1075 966//966 860//860
f 863//863 967//967 968//968
f 968//968 967//967 1081//1081
f 864//864 969//969 865//865
f 969//969 970//970 865//865
f 969//969 966//966 970//970
f 865//865 970//970 971//971
f 966//966 971//971 970//970
f 971//971 1082//1082 873//873
f 873//873 1082//1082 972//972
f 877//877 973//973 868//868
f 974//974 868//868 973//973
f 973//973 975//975 974//974
f 973//973 976//976 975//975
f 967//967 974//974 975//975
f 975//975 976//976 1088//1088
f 981//981 1087//1087 976//976
f 975//975 1088//1088 967//967
f 977//977 983//983 878//878
f 1101//1101 983//983 977//977
f 1089//1089 878//878 972//972
f 1089//1089 977//977 878//878
f 986//986 1093//1093 978//978
f 984//984 1093//1093 986//986
f 874//874 978//978 979//979
f 978//978 1093//1093 979//979
f 979//979 980//980 877//877
f 980//980 1096//1096 877//877
f 877//877 1096//1096 981//981
f 981//981 973//973 877//877
f 973//973 981//981 976//976
f 981//981 1095//1095 1087//1087
f 982//982 879//879 983//983
f 1101//1101 982//982 983//983
f 887//887 985//985 984//984
f 887//887 1100//1100 985//985
f 880//880 987//987 989//989
f 880//880 982//982 987//987
f 982//982 1101//1101 987//987
f 886//886 882//882 884//884
f 789//789 1113//1113 883//883
f 789//789 996//996 1113//1113
f 883//883 1113//1113 884//884
f 996//996 1204//1204 1113//1113
f 881//881 886//886 988//988
f 887//887 988//988 1103//1103
f 989//989 1115//1115 802//802
f 990//990 1115//1115 989//989
f 987//987 990//990 989//989
f 888//888 991//991 801//801
f 991//991 992//992 801//801
f 801//801 992//992 994//994
f 991//991 1105//1105 992//992
f 992//992 1105//1105 994//994
f 991//991 888//888 993//993
f 799//799 993//993 888//888
f 993//993 1105//1105 991//991
f 799//799 1106//1106 993//993
f 798//798 1106//1106 799//799
f 1105//1105 993//993 1112//1112
f 995//995 996//996 7066//7066
f 7066//7066 1107//1107 995//995
f 995//995 1114//1114 996//996
f 1107//1107 1114//1114 995//995
f 1115//1115 895//895 802//802
f 895//895 1115//1115 1122//1122
f 471//471 1005//1005 1116//1116
f 997//997 999//999 803//803
f 471//471 1116//1116 997//997
f 892//892 999//999 1317//1317
f 893//893 1000//1000 1001//1001
f 998//998 1000//1000 891//891
f 998//998 892//892 1117//1117
f 1000//1000 998//998 1117//1117
f 1000//1000 1117//1117 1119//1119
f 800//800 1209//1209 1121//1121
f 800//800 893//893 1001//1001
f 7096//7096 1118//1118 7071//7071
f 894//894 1002//1002 7070//7070
f 798//798 7097//7097 1106//1106
f 894//894 1121//1121 1002//1002
f 1122//1122 1006//1006 895//895
f 1003//1003 1004//1004 813//813
f 1333//1333 1003//1003 1124//1124
f 1219//1219 1005//1005 813//813
f 1006//1006 1122//1122 1022//1022
f 1223//1223 1125//1125 898//898
f 818//818 896//896 1125//1125
f 901//901 902//902 1128//1128
f 825//825 1008//1008 900//900
f 1007//1007 825//825 901//901
f 1007//1007 901//901 1128//1128
f 1128//1128 902//902 1127//1127
f 1007//1007 1008//1008 825//825
f 1223//1223 1008//1008 1007//1007
f 1007//1007 1128//1128 1223//1223
f 900//900 1008//1008 1223//1223
f 902//902 1023//1023 1127//1127
f 7083//7083 1010//1010 913//913
f 912//912 7098//7098 911//911
f 1016//1016 1013//1013 909//909
f 1009//1009 7098//7098 912//912
f 1009//1009 909//909 1013//1013
f 7098//7098 1009//1009 1011//1011
f 1013//1013 7099//7099 1009//1009
f 7099//7099 1013//1013 1014//1014
f 7098//7098 1011//1011 1012//1012
f 1011//1011 1014//1014 1012//1012
f 7100//7100 1140//1140 1010//1010
f 1013//1013 1016//1016 1015//1015
f 1014//1014 1013//1013 1015//1015
f 1012//1012 1014//1014 1017//1017
f 1015//1015 1018//1018 1014//1014
f 1018//1018 1017//1017 1014//1014
f 1012//1012 1017//1017 1020//1020
f 1017//1017 1018//1018 1020//1020
f 1019//1019 1020//1020 1018//1018
f 7103//7103 1140//1140 7100//7100
f 7101//7101 1018//1018 1015//1015
f 1021//1021 7101//7101 1015//1015
f 1021//1021 1015//1015 1016//1016
f 1142//1142 1021//1021 1016//1016
f 1229//1229 915//915 1132//1132
f 914//914 915//915 1130//1130
f 915//915 1229//1229 1228//1228
f 1130//1130 915//915 1131//1131
f 1023//1023 914//914 1129//1129
f 914//914 1130//1130 1129//1129
f 1132//1132 833//833 1437//1437
f 1230//1230 1024//1024 1342//1342
f 1437//1437 833//833 1230//1230
f 919//919 1134//1134 1025//1025
f 919//919 1025//1025 921//921
f 1025//1025 1134//1134 1133//1133
f 1025//1025 1133//1133 921//921
f 1027//1027 1026//1026 1231//1231
f 1028//1028 1032//1032 1136//1136
f 930//930 1039//1039 1030//1030
f 1029//1029 1030//1030 1031//1031
f 1032//1032 1029//1029 1033//1033
f 1030//1030 1039//1039 1036//1036
f 1031//1031 1030//1030 1036//1036
f 1033//1033 1029//1029 1031//1031
f 1031//1031 1036//1036 1040//1040
f 1136//1136 1033//1033 1031//1031
f 1031//1031 1040//1040 1136//1136
f 1032//1032 1033//1033 1136//1136
f 1034//1034 7091//7091 1035//1035
f 7105//7105 934//934 1038//1038
f 1043//1043 1044//1044 1038//1038
f 930//930 1034//1034 7106//7106
f 1034//1034 1037//1037 7106//7106
f 1037//1037 1034//1034 1035//1035
f 1035//1035 1038//1038 1037//1037
f 1036//1036 1039//1039 1040//1040
f 7106//7106 1037//1037 1045//1045
f 1037//1037 1038//1038 1045//1045
f 1038//1038 1044//1044 1045//1045
f 1145//1145 1039//1039 1045//1045
f 1136//1136 1040//1040 1041//1041
f 1040//1040 1039//1039 1041//1041
f 1041//1041 1039//1039 1145//1145
f 923//923 1042//1042 7107//7107
f 7107//7107 1042//1042 1046//1046
f 1045//1045 1044//1044 1137//1137
f 1044//1044 1138//1138 1137//1137
f 1046//1046 939//939 1047//1047
f 1149//1149 1047//1047 939//939
f 7107//7107 1046//1046 1148//1148
f 1046//1046 1047//1047 1148//1148
f 944//944 1048//1048 1049//1049
f 944//944 1049//1049 1050//1050
f 1050//1050 1049//1049 1051//1051
f 1049//1049 1048//1048 1051//1051
f 1051//1051 1048//1048 1052//1052
f 1052//1052 942//942 1351//1351
f 1051//1051 1152//1152 1050//1050
f 1152//1152 1051//1051 1052//1052
f 1050//1050 1152//1152 1150//1150
f 946//946 1246//1246 942//942
f 913//913 1010//1010 1140//1140
f 1140//1140 1141//1141 913//913
f 1141//1141 945//945 913//913
f 1052//1052 7122//7122 1154//1154
f 1863//1863 948//948 1054//1054
f 947//947 1055//1055 7095//7095
f 947//947 948//948 1055//1055
f 1062//1062 1058//1058 952//952
f 1055//1055 1056//1056 7095//7095
f 1055//1055 1057//1057 1056//1056
f 948//948 1156//1156 1055//1055
f 1057//1057 1055//1055 1156//1156
f 7108//7108 1161//1161 7109//7109
f 1063//1063 1158//1158 1062//1062
f 1062//1062 1158//1158 1058//1058
f 851//851 1059//1059 1060//1060
f 1155//1155 1053//1053 1061//1061
f 1060//1060 1059//1059 1163//1163
f 1056//1056 1251//1251 7077//7077
f 7108//7108 7109//7109 952//952
f 952//952 1063//1063 1062//1062
f 1063//1063 849//849 1251//1251
f 1065//1065 1069//1069 956//956
f 7078//7078 1068//1068 954//954
f 1068//1068 1066//1066 954//954
f 954//954 1066//1066 7110//7110
f 7078//7078 7111//7111 1068//1068
f 1064//1064 1160//1160 1067//1067
f 1257//1257 1166//1166 1069//1069
f 1162//1162 7110//7110 1066//1066
f 1069//1069 1255//1255 1257//1257
f 1166//1166 1170//1170 962//962
f 1170//1170 1169//1169 962//962
f 1171//1171 960//960 958//958
f 960//960 1171//1171 1168//1168
f 962//962 1072//1072 861//861
f 1074//1074 1072//1072 962//962
f 1072//1072 1070//1070 861//861
f 1071//1071 1070//1070 1072//1072
f 965//965 1070//1070 1071//1071
f 1071//1071 1073//1073 965//965
f 1072//1072 1073//1073 1071//1071
f 965//965 1073//1073 1075//1075
f 1074//1074 1173//1173 1072//1072
f 1072//1072 1173//1173 1073//1073
f 968//968 1077//1077 1078//1078
f 1078//1078 1077//1077 1080//1080
f 968//968 1081//1081 1077//1077
f 1079//1079 1080//1080 1077//1077
f 1077//1077 1081//1081 1079//1079
f 1081//1081 1175//1175 1079//1079
f 1175//1175 1080//1080 1079//1079
f 966//966 1176//1176 971//971
f 971//971 1176//1176 1082//1082
f 972//972 1083//1083 1089//1089
f 1089//1089 1083//1083 1091//1091
f 1083//1083 1084//1084 1091//1091
f 1082//1082 1180//1180 972//972
f 1180//1180 1083//1083 972//972
f 1180//1180 1084//1084 1083//1083
f 1082//1082 1176//1176 1180//1180
f 1085//1085 1084//1084 1179//1179
f 1179//1179 1084//1084 1180//1180
f 1086//1086 1090//1090 1085//1085
f 1086//1086 1182//1182 1090//1090
f 976//976 1087//1087 1088//1088
f 1087//1087 1098//1098 1088//1088
f 1087//1087 1095//1095 1098//1098
f 1081//1081 967//967 1188//1188
f 1188//1188 967//967 1088//1088
f 1098//1098 1188//1188 1088//1088
f 1089//1089 1091//1091 977//977
f 977//977 1091//1091 1085//1085
f 1085//1085 1090//1090 977//977
f 977//977 1099//1099 1101//1101
f 1084//1084 1085//1085 1091//1091
f 1090//1090 1092//1092 977//977
f 1092//1092 1099//1099 977//977
f 1182//1182 1092//1092 1090//1090
f 1093//1093 1094//1094 979//979
f 979//979 1094//1094 980//980
f 980//980 1094//1094 1096//1096
f 1094//1094 1093//1093 1195//1195
f 981//981 1096//1096 1095//1095
f 1096//1096 1098//1098 1095//1095
f 1096//1096 1094//1094 1191//1191
f 1096//1096 1191//1191 1097//1097
f 1096//1096 1097//1097 1098//1098
f 1191//1191 1098//1098 1097//1097
f 1100//1100 984//984 985//985
f 984//984 1100//1100 1093//1093
f 1101//1101 1102//1102 987//987
f 1102//1102 1200//1200 987//987
f 1101//1101 1197//1197 1102//1102
f 1305//1305 887//887 1103//1103
f 886//886 1303//1303 988//988
f 988//988 1303//1303 1103//1103
f 990//990 1104//1104 1115//1115
f 987//987 1200//1200 990//990
f 1200//1200 1104//1104 990//990
f 1112//1112 993//993 1106//1106
f 7066//7066 1108//1108 1107//1107
f 1114//1114 1107//1107 1418//1418
f 996//996 1114//1114 1204//1204
f 1108//1108 1418//1418 1107//1107
f 7065//7065 994//994 1108//1108
f 994//994 1105//1105 1108//1108
f 1108//1108 1427//1427 1418//1418
f 1105//1105 1109//1109 1108//1108
f 1108//1108 1109//1109 1427//1427
f 1105//1105 1112//1112 1109//1109
f 1109//1109 1111//1111 1427//1427
f 1110//1110 1109//1109 1112//1112
f 1111//1111 1109//1109 1110//1110
f 1110//1110 1201//1201 1111//1111
f 1112//1112 1201//1201 1110//1110
f 1112//1112 1106//1106 1201//1201
f 1115//1115 1323//1323 1122//1122
f 1323//1323 1115//1115 1104//1104
f 1116//1116 1005//1005 1328//1328
f 1317//1317 1117//1117 892//892
f 7071//7071 1118//1118 7116//7116
f 1000//1000 1119//1119 1001//1001
f 1118//1118 7096//7096 1210//1210
f 1118//1118 1210//1210 7116//7116
f 1001//1001 1120//1120 1210//1210
f 1119//1119 1120//1120 1001//1001
f 1121//1121 1215//1215 1002//1002
f 1209//1209 1217//1217 1121//1121
f 1121//1121 1217//1217 1215//1215
f 1106//1106 7097//7097 1321//1321
f 1219//1219 1328//1328 1005//1005
f 1004//1004 1220//1220 813//813
f 1022//1022 1122//1122 1221//1221
f 1221//1221 1222//1222 1022//1022
f 1122//1122 1123//1123 1221//1221
f 1218//1218 1123//1123 1122//1122
f 818//818 1125//1125 1124//1124
f 1223//1223 1332//1332 1125//1125
f 1022//1022 1222//1222 1126//1126
f 1222//1222 1336//1336 1126//1126
f 7104//7104 7102//7102 1140//1140
f 7101//7101 1021//1021 1142//1142
f 1142//1142 1143//1143 7102//7102
f 1130//1130 1131//1131 1129//1129
f 1227//1227 1023//1023 1129//1129
f 1227//1227 1129//1129 1131//1131
f 1131//1131 915//915 1228//1228
f 1227//1227 1131//1131 1228//1228
f 1437//1437 1229//1229 1132//1132
f 918//918 921//921 1438//1438
f 1438//1438 921//921 1133//1133
f 1231//1231 1026//1026 1135//1135
f 1026//1026 1028//1028 1135//1135
f 1027//1027 1231//1231 1344//1344
f 1135//1135 1028//1028 1136//1136
f 1343//1343 1027//1027 1344//1344
f 1231//1231 1135//1135 1232//1232
f 1041//1041 1145//1145 1146//1146
f 1045//1045 1137//1137 1145//1145
f 1137//1137 1147//1147 1145//1145
f 1137//1137 1138//1138 1139//1139
f 7107//7107 1148//1148 1238//1238
f 1043//1043 1238//1238 1044//1044
f 1238//1238 1239//1239 1044//1044
f 1138//1138 1044//1044 1348//1348
f 1237//1237 1138//1138 1348//1348
f 1348//1348 1044//1044 1239//1239
f 1139//1139 1138//1138 1346//1346
f 1138//1138 1237//1237 1346//1346
f 1047//1047 1149//1149 1148//1148
f 1151//1151 1050//1050 1150//1150
f 1246//1246 1358//1358 942//942
f 945//945 1141//1141 7094//7094
f 7102//7102 1143//1143 1140//1140
f 1140//1140 1143//1143 1141//1141
f 1141//1141 1361//1361 7094//7094
f 1141//1141 1143//1143 1361//1361
f 1144//1144 1041//1041 1146//1146
f 1144//1144 1146//1146 1638//1638
f 1145//1145 1147//1147 1146//1146
f 1137//1137 1235//1235 1147//1147
f 1137//1137 1139//1139 1235//1235
f 1146//1146 1147//1147 1235//1235
f 1349//1349 1238//1238 1148//1148
f 938//938 1151//1151 1241//1241
f 1149//1149 938//938 1241//1241
f 1154//1154 1152//1152 1052//1052
f 1150//1150 1153//1153 1151//1151
f 1152//1152 1154//1154 1244//1244
f 1152//1152 1244//1244 1245//1245
f 1150//1150 1152//1152 1245//1245
f 1244//1244 1154//1154 7122//7122
f 851//851 1247//1247 1061//1061
f 851//851 1060//1060 1247//1247
f 1247//1247 1155//1155 1061//1061
f 1156//1156 1157//1157 1057//1057
f 1057//1057 1157//1157 1056//1056
f 1156//1156 1250//1250 1157//1157
f 1157//1157 1251//1251 1056//1056
f 1157//1157 1250//1250 1251//1251
f 1248//1248 1156//1156 948//948
f 1251//1251 1252//1252 1063//1063
f 1063//1063 1252//1252 1158//1158
f 1249//1249 1058//1058 1158//1158
f 1159//1159 7108//7108 7117//7117
f 1161//1161 7108//7108 1159//1159
f 1250//1250 1156//1156 1248//1248
f 1161//1161 1160//1160 1064//1064
f 1158//1158 1252//1252 1249//1249
f 1066//1066 1068//1068 1162//1162
f 1161//1161 1159//1159 7117//7117
f 1254//1254 1160//1160 1161//1161
f 1369//1369 1068//1068 1160//1160
f 1069//1069 1065//1065 1162//1162
f 1162//1162 1255//1255 1069//1069
f 1163//1163 1059//1059 959//959
f 1163//1163 1165//1165 1060//1060
f 1163//1163 959//959 1164//1164
f 1163//1163 1164//1164 1165//1165
f 7111//7111 1160//1160 1068//1068
f 1166//1166 1470//1470 1170//1170
f 1167//1167 959//959 1168//1168
f 1168//1168 1171//1171 1258//1258
f 959//959 1167//1167 1164//1164
f 1164//1164 1167//1167 1168//1168
f 1164//1164 1168//1168 1259//1259
f 1169//1169 1074//1074 962//962
f 1074//1074 1174//1174 1173//1173
f 1074//1074 1169//1169 1174//1174
f 1076//1076 7113//7113 961//961
f 1073//1073 1172//1172 1075//1075
f 1172//1172 1265//1265 1075//1075
f 1172//1172 1073//1073 1173//1173
f 1173//1173 1269//1269 1172//1172
f 1075//1075 1265//1265 1177//1177
f 1173//1173 1174//1174 1266//1266
f 1266//1266 1269//1269 1173//1173
f 1265//1265 1172//1172 1269//1269
f 1080//1080 1175//1175 1271//1271
f 1078//1078 1378//1378 1377//1377
f 1078//1078 1080//1080 1378//1378
f 1271//1271 1378//1378 1080//1080
f 1377//1377 1076//1076 1078//1078
f 1075//1075 1177//1177 966//966
f 1177//1177 1176//1176 966//966
f 1177//1177 1267//1267 1176//1176
f 1176//1176 1272//1272 1180//1180
f 1175//1175 1081//1081 1178//1178
f 1081//1081 1188//1188 1178//1178
f 1178//1178 1188//1188 1277//1277
f 1085//1085 1179//1179 1185//1185
f 1185//1185 1179//1179 1180//1180
f 1086//1086 1181//1181 1182//1182
f 1085//1085 1181//1181 1086//1086
f 1181//1181 1183//1183 1182//1182
f 1183//1183 1184//1184 1182//1182
f 1184//1184 1278//1278 1182//1182
f 1182//1182 1278//1278 1092//1092
f 1085//1085 7114//7114 1181//1181
f 1181//1181 1187//1187 1183//1183
f 1278//1278 1189//1189 1092//1092
f 1181//1181 7114//7114 1187//1187
f 1187//1187 1186//1186 1183//1183
f 1183//1183 1186//1186 1184//1184
f 1184//1184 1186//1186 1278//1278
f 1098//1098 1192//1192 1188//1188
f 1099//1099 1092//1092 1189//1189
f 1193//1193 1099//1099 1285//1285
f 1285//1285 1290//1290 1193//1193
f 1098//1098 1191//1191 1190//1190
f 1190//1190 7115//7115 1098//1098
f 1190//1190 1191//1191 7115//7115
f 1191//1191 1289//1289 7115//7115
f 1099//1099 1193//1193 1101//1101
f 1193//1193 1197//1197 1101//1101
f 1193//1193 1290//1290 1197//1197
f 1290//1290 1291//1291 1197//1197
f 1100//1100 1194//1194 1297//1297
f 1194//1194 1100//1100 1307//1307
f 1195//1195 1093//1093 1100//1100
f 1100//1100 1296//1296 1195//1195
f 1200//1200 1102//1102 1197//1197
f 1196//1196 1200//1200 1197//1197
f 1104//1104 1200//1200 1196//1196
f 1198//1198 1104//1104 1196//1196
f 1291//1291 1198//1198 1196//1196
f 1299//1299 1310//1310 1104//1104
f 1291//1291 1196//1196 1197//1197
f 1205//1205 1315//1315 884//884
f 884//884 1303//1303 886//886
f 884//884 1315//1315 1303//1303
f 1103//1103 1199//1199 1305//1305
f 1303//1303 1199//1199 1103//1103
f 887//887 1305//1305 1100//1100
f 1305//1305 1199//1199 1306//1306
f 1306//1306 1199//1199 1413//1413
f 1305//1305 1307//1307 1100//1100
f 1104//1104 1311//1311 1323//1323
f 1202//1202 1203//1203 1201//1201
f 1201//1201 1203//1203 1111//1111
f 1202//1202 1201//1201 1106//1106
f 1106//1106 1426//1426 1202//1202
f 1114//1114 1418//1418 1204//1204
f 1203//1203 1314//1314 1111//1111
f 1111//1111 1314//1314 1427//1427
f 1698//1698 1203//1203 1202//1202
f 1314//1314 1203//1203 1698//1698
f 1426//1426 1698//1698 1202//1202
f 1113//1113 1204//1204 884//884
f 884//884 1204//1204 1205//1205
f 1204//1204 1418//1418 1419//1419
f 1204//1204 1315//1315 1205//1205
f 997//997 1329//1329 999//999
f 1329//1329 1317//1317 999//999
f 1206//1206 1214//1214 1119//1119
f 1206//1206 1119//1119 1117//1117
f 1206//1206 1318//1318 1214//1214
f 1206//1206 1207//1207 1318//1318
f 1206//1206 1117//1117 1207//1207
f 1117//1117 1208//1208 1207//1207
f 1117//1117 1317//1317 1208//1208
f 1207//1207 1319//1319 1318//1318
f 1120//1120 1119//1119 1210//1210
f 1210//1210 1211//1211 7116//7116
f 1211//1211 1212//1212 7116//7116
f 1209//1209 1212//1212 1217//1217
f 1210//1210 1119//1119 1214//1214
f 1211//1211 1210//1210 1214//1214
f 1214//1214 1213//1213 1211//1211
f 1211//1211 1422//1422 1212//1212
f 1213//1213 1422//1422 1211//1211
f 1214//1214 1422//1422 1213//1213
f 1421//1421 1422//1422 1214//1214
f 1214//1214 1318//1318 1421//1421
f 1002//1002 1215//1215 1216//1216
f 1002//1002 1216//1216 1320//1320
f 1215//1215 1217//1217 1425//1425
f 1215//1215 1320//1320 1216//1216
f 1002//1002 1320//1320 1321//1321
f 1425//1425 1217//1217 1518//1518
f 1217//1217 1212//1212 1518//1518
f 1422//1422 1519//1519 1212//1212
f 1519//1519 1518//1518 1212//1212
f 1106//1106 1321//1321 1426//1426
f 1323//1323 1218//1218 1122//1122
f 1322//1322 1218//1218 1323//1323
f 1004//1004 1003//1003 1325//1325
f 1003//1003 1333//1333 1325//1325
f 1326//1326 1220//1220 1004//1004
f 1219//1219 813//813 1327//1327
f 1219//1219 1327//1327 1328//1328
f 1004//1004 1325//1325 1326//1326
f 1326//1326 7120//7120 1220//1220
f 1220//1220 7120//7120 813//813
f 1218//1218 1221//1221 1123//1123
f 1218//1218 1222//1222 1221//1221
f 1222//1222 1218//1218 1322//1322
f 1333//1333 1124//1124 1332//1332
f 1332//1332 1124//1124 1125//1125
f 1224//1224 1335//1335 1127//1127
f 1335//1335 1128//1128 1127//1127
f 1335//1335 1223//1223 1128//1128
f 1127//1127 1023//1023 1226//1226
f 1224//1224 1127//1127 1226//1226
f 1224//1224 1334//1334 1335//1335
f 1022//1022 1126//1126 1225//1225
f 1126//1126 1336//1336 1225//1225
f 1226//1226 1023//1023 1227//1227
f 1227//1227 1224//1224 1226//1226
f 1334//1334 1224//1224 1227//1227
f 1229//1229 1227//1227 1228//1228
f 1438//1438 1342//1342 918//918
f 1134//1134 1027//1027 1343//1343
f 1136//1136 1232//1232 1135//1135
f 1344//1344 1231//1231 1232//1232
f 1232//1232 1136//1136 1528//1528
f 1246//1246 946//946 1233//1233
f 1246//1246 1233//1233 1361//1361
f 1233//1233 946//946 1361//1361
f 1142//1142 1339//1339 1143//1143
f 1339//1339 1142//1142 1340//1340
f 1340//1340 1142//1142 1016//1016
f 7112//7112 7121//7121 1363//1363
f 1338//1338 1143//1143 1363//1363
f 1136//1136 1041//1041 1144//1144
f 1638//1638 1146//1146 1235//1235
f 1139//1139 1346//1346 1236//1236
f 1139//1139 1236//1236 1234//1234
f 1139//1139 1234//1234 1235//1235
f 1234//1234 1236//1236 1235//1235
f 1235//1235 1236//1236 1347//1347
f 1237//1237 1348//1348 1346//1346
f 1349//1349 1239//1239 1238//1238
f 1348//1348 1239//1239 1349//1349
f 1349//1349 1148//1148 1240//1240
f 1148//1148 1149//1149 1240//1240
f 1241//1241 1151//1151 1242//1242
f 1242//1242 1151//1151 1243//1243
f 1151//1151 1153//1153 1243//1243
f 1149//1149 1350//1350 1240//1240
f 1150//1150 1245//1245 1153//1153
f 1358//1358 1357//1357 942//942
f 1357//1357 1351//1351 942//942
f 1246//1246 1361//1361 1360//1360
f 1863//1863 1367//1367 948//948
f 1247//1247 1458//1458 1155//1155
f 1060//1060 1165//1165 1247//1247
f 1155//1155 1458//1458 1054//1054
f 1165//1165 1368//1368 1247//1247
f 1248//1248 948//948 1367//1367
f 1248//1248 1462//1462 1250//1250
f 1462//1462 1251//1251 1250//1250
f 1161//1161 7117//7117 1664//1664
f 1161//1161 1664//1664 1254//1254
f 1254//1254 1369//1369 1160//1160
f 1459//1459 1252//1252 1251//1251
f 1252//1252 1463//1463 1249//1249
f 1252//1252 1459//1459 1463//1463
f 1068//1068 1253//1253 1162//1162
f 1068//1068 1369//1369 1253//1253
f 1369//1369 1254//1254 1664//1664
f 1165//1165 1164//1164 1256//1256
f 1164//1164 1259//1259 1256//1256
f 1257//1257 1470//1470 1166//1166
f 1257//1257 1371//1371 1470//1470
f 1470//1470 1261//1261 1170//1170
f 1168//1168 1258//1258 1373//1373
f 1258//1258 1473//1473 1373//1373
f 1168//1168 1372//1372 1259//1259
f 1174//1174 1169//1169 1260//1260
f 1170//1170 1261//1261 1169//1169
f 1169//1169 1261//1261 1260//1260
f 1260//1260 1262//1262 1174//1174
f 1261//1261 1262//1262 1260//1260
f 1262//1262 1263//1263 1174//1174
f 1269//1269 1263//1263 1264//1264
f 1261//1261 1263//1263 1262//1262
f 1261//1261 1264//1264 1263//1263
f 1264//1264 1375//1375 1269//1269
f 7113//7113 1076//1076 1377//1377
f 1177//1177 1265//1265 1267//1267
f 1265//1265 1269//1269 1267//1267
f 1174//1174 1263//1263 1266//1266
f 1263//1263 1269//1269 1266//1266
f 1267//1267 1268//1268 1272//1272
f 1267//1267 1272//1272 1176//1176
f 1267//1267 1269//1269 1268//1268
f 1380//1380 1268//1268 1269//1269
f 1268//1268 1379//1379 1270//1270
f 1268//1268 1380//1380 1379//1379
f 7118//7118 1272//1272 1268//1268
f 1175//1175 1275//1275 1271//1271
f 1275//1275 1383//1383 1271//1271
f 1276//1276 1383//1383 1275//1275
f 1272//1272 1185//1185 1180//1180
f 1185//1185 1272//1272 1274//1274
f 1185//1185 1274//1274 1385//1385
f 1187//1187 7114//7114 7128//7128
f 1277//1277 1188//1188 1288//1288
f 1178//1178 1275//1275 1175//1175
f 1276//1276 1275//1275 1178//1178
f 1178//1178 1277//1277 1276//1276
f 1483//1483 1276//1276 1277//1277
f 1189//1189 1278//1278 1281//1281
f 1281//1281 1099//1099 1189//1189
f 1282//1282 1186//1186 1187//1187
f 1187//1187 1273//1273 1282//1282
f 1099//1099 1281//1281 1285//1285
f 1282//1282 1283//1283 1186//1186
f 1283//1283 1279//1279 1186//1186
f 1278//1278 1186//1186 1279//1279
f 1278//1278 7119//7119 1280//1280
f 1278//1278 1280//1280 1281//1281
f 1284//1284 1280//1280 7119//7119
f 1281//1281 1284//1284 1398//1398
f 1281//1281 1280//1280 1284//1284
f 1283//1283 1393//1393 1279//1279
f 1284//1284 7119//7119 1286//1286
f 1284//1284 1286//1286 1398//1398
f 1281//1281 1398//1398 1285//1285
f 1393//1393 1286//1286 7119//7119
f 1388//1388 1393//1393 1283//1283
f 1282//1282 1388//1388 1283//1283
f 1188//1188 1192//1192 1287//1287
f 1188//1188 1287//1287 1288//1288
f 1287//1287 1400//1400 1288//1288
f 1287//1287 1192//1192 1400//1400
f 1395//1395 1290//1290 1285//1285
f 1289//1289 1191//1191 1501//1501
f 1191//1191 1094//1094 1501//1501
f 1501//1501 1094//1094 1195//1195
f 1501//1501 1494//1494 1289//1289
f 7115//7115 1289//1289 1401//1401
f 1291//1291 1290//1290 1292//1292
f 1292//1292 1294//1294 1293//1293
f 1404//1404 1406//1406 1293//1293
f 1194//1194 1405//1405 1297//1297
f 1405//1405 1194//1194 1295//1295
f 1194//1194 1307//1307 1295//1295
f 1405//1405 1295//1295 1309//1309
f 1100//1100 1297//1297 1296//1296
f 1296//1296 1298//1298 1195//1195
f 1195//1195 1298//1298 1500//1500
f 1297//1297 1298//1298 1296//1296
f 1298//1298 1405//1405 1500//1500
f 1297//1297 1405//1405 1298//1298
f 1198//1198 1299//1299 1104//1104
f 1291//1291 1300//1300 1198//1198
f 1300//1300 1299//1299 1198//1198
f 1406//1406 1301//1301 1299//1299
f 1310//1310 1299//1299 1301//1301
f 1291//1291 1292//1292 1300//1300
f 1292//1292 1302//1302 1300//1300
f 1300//1300 1302//1302 1299//1299
f 1299//1299 1302//1302 1406//1406
f 1292//1292 1293//1293 1302//1302
f 1302//1302 1293//1293 1406//1406
f 1303//1303 1304//1304 1199//1199
f 1303//1303 1409//1409 1304//1304
f 1303//1303 1407//1407 1409//1409
f 1304//1304 1412//1412 1199//1199
f 1304//1304 1408//1408 1412//1412
f 1304//1304 7130//7130 1408//1408
f 1305//1305 1308//1308 1307//1307
f 1308//1308 1309//1309 1307//1307
f 1307//1307 1309//1309 1295//1295
f 1104//1104 1310//1310 1311//1311
f 1310//1310 1312//1312 1311//1311
f 1310//1310 1301//1301 1312//1312
f 1312//1312 1313//1313 1311//1311
f 1316//1316 1311//1311 1313//1313
f 1312//1312 1417//1417 1313//1313
f 1315//1315 1507//1507 1303//1303
f 1419//1419 1315//1315 1204//1204
f 1303//1303 1507//1507 1407//1407
f 1323//1323 1311//1311 1316//1316
f 1207//1207 1208//1208 1319//1319
f 1317//1317 1330//1330 1208//1208
f 1430//1430 1208//1208 1330//1330
f 1424//1424 1320//1320 1215//1215
f 1424//1424 1215//1215 1425//1425
f 1320//1320 1423//1423 1321//1321
f 1423//1423 1320//1320 1424//1424
f 1323//1323 1324//1324 1322//1322
f 1325//1325 1512//1512 1326//1326
f 997//997 1116//1116 1331//1331
f 997//997 1331//1331 1329//1329
f 1328//1328 1331//1331 1116//1116
f 1317//1317 1329//1329 1330//1330
f 1330//1330 1517//1517 1430//1430
f 1331//1331 1428//1428 1329//1329
f 1329//1329 1428//1428 1330//1330
f 1324//1324 1222//1222 1322//1322
f 1431//1431 1222//1222 1324//1324
f 1336//1336 1436//1436 1225//1225
f 1336//1336 1222//1222 1434//1434
f 1229//1229 1337//1337 1227//1227
f 1229//1229 1437//1437 1337//1337
f 1525//1525 1227//1227 1337//1337
f 1230//1230 1342//1342 1526//1526
f 1338//1338 1361//1361 1143//1143
f 1022//1022 1341//1341 1016//1016
f 1016//1016 1341//1341 1340//1340
f 1339//1339 1340//1340 1341//1341
f 1446//1446 1362//1362 7121//7121
f 1225//1225 1341//1341 1022//1022
f 1341//1341 1225//1225 1446//1446
f 1341//1341 1446//1446 1339//1339
f 1538//1538 1446//1446 1225//1225
f 1436//1436 1538//1538 1225//1225
f 1439//1439 1438//1438 1133//1133
f 1344//1344 1232//1232 1528//1528
f 1344//1344 1528//1528 1439//1439
f 1136//1136 1144//1144 1345//1345
f 1136//1136 1345//1345 1441//1441
f 1144//1144 1638//1638 1442//1442
f 1345//1345 1144//1144 1442//1442
f 1441//1441 1345//1345 1440//1440
f 1440//1440 1345//1345 1442//1442
f 1442//1442 1530//1530 1440//1440
f 1638//1638 1235//1235 1347//1347
f 1346//1346 1347//1347 1236//1236
f 1443//1443 1347//1347 1346//1346
f 1348//1348 1443//1443 1346//1346
f 1348//1348 1349//1349 1444//1444
f 1451//1451 1349//1349 1240//1240
f 1149//1149 1241//1241 1452//1452
f 1452//1452 1350//1350 1149//1149
f 1452//1452 1240//1240 1350//1350
f 1240//1240 1452//1452 1365//1365
f 1242//1242 1243//1243 1454//1454
f 1241//1241 1242//1242 1452//1452
f 1153//1153 1245//1245 1366//1366
f 1366//1366 1245//1245 1455//1455
f 1153//1153 1366//1366 1243//1243
f 1351//1351 1357//1357 1354//1354
f 1244//1244 7122//7122 1352//1352
f 1352//1352 7122//7122 1353//1353
f 7122//7122 7123//7123 1353//1353
f 1244//1244 1352//1352 1356//1356
f 1352//1352 1353//1353 1356//1356
f 1355//1355 1353//1353 7123//7123
f 1357//1357 7124//7124 1354//1354
f 1355//1355 1356//1356 1353//1353
f 1360//1360 1358//1358 1246//1246
f 1359//1359 1357//1357 1358//1358
f 7124//7124 1357//1357 1359//1359
f 1358//1358 1360//1360 1555//1555
f 1361//1361 1555//1555 1360//1360
f 1447//1447 1362//1362 1446//1446
f 1363//1363 7121//7121 1362//1362
f 1338//1338 1363//1363 1364//1364
f 1338//1338 1364//1364 1445//1445
f 1445//1445 1364//1364 1363//1363
f 1363//1363 1362//1362 1447//1447
f 1462//1462 1248//1248 1367//1367
f 1368//1368 1458//1458 1247//1247
f 1165//1165 1256//1256 7126//7126
f 1863//1863 1054//1054 1458//1458
f 1561//1561 1369//1369 1664//1664
f 1253//1253 1464//1464 1162//1162
f 1464//1464 1255//1255 1162//1162
f 1369//1369 1464//1464 1253//1253
f 1369//1369 1561//1561 1464//1464
f 1466//1466 1257//1257 1255//1255
f 1466//1466 1255//1255 1464//1464
f 1470//1470 1371//1371 1467//1467
f 1256//1256 1259//1259 1370//1370
f 1372//1372 7127//7127 1259//1259
f 1370//1370 1465//1465 1256//1256
f 1465//1465 1370//1370 1469//1469
f 7127//7127 1372//1372 1469//1469
f 1372//1372 1168//1168 1468//1468
f 1257//1257 1466//1466 1371//1371
f 1673//1673 1783//1783 1261//1261
f 1470//1470 1673//1673 1261//1261
f 1473//1473 1258//1258 1171//1171
f 1373//1373 1374//1374 1168//1168
f 1375//1375 1380//1380 1269//1269
f 1375//1375 1376//1376 1380//1380
f 1264//1264 1261//1261 1783//1783
f 1375//1375 1264//1264 1783//1783
f 1475//1475 1476//1476 1376//1376
f 1380//1380 1376//1376 1476//1476
f 1476//1476 1574//1574 1380//1380
f 1375//1375 1475//1475 1376//1376
f 7118//7118 1384//1384 1272//1272
f 1379//1379 1380//1380 1574//1574
f 1384//1384 1382//1382 1274//1274
f 1384//1384 1381//1381 1382//1382
f 1379//1379 1574//1574 1381//1381
f 1270//1270 1379//1379 1381//1381
f 1384//1384 7118//7118 1381//1381
f 1478//1478 1382//1382 1381//1381
f 1271//1271 1383//1383 1481//1481
f 1378//1378 1271//1271 1575//1575
f 1481//1481 1383//1383 1482//1482
f 1274//1274 1272//1272 1384//1384
f 7128//7128 1273//1273 1187//1187
f 1389//1389 1393//1393 1388//1388
f 1273//1273 1386//1386 1282//1282
f 1388//1388 1282//1282 1386//1386
f 1273//1273 1390//1390 1386//1386
f 1274//1274 1382//1382 1387//1387
f 1387//1387 1385//1385 1274//1274
f 1387//1387 7129//7129 1385//1385
f 1390//1390 1273//1273 7128//7128
f 1388//1388 1386//1386 1584//1584
f 1388//1388 1398//1398 1389//1389
f 1390//1390 1584//1584 1386//1386
f 1288//1288 1391//1391 1277//1277
f 1391//1391 1288//1288 1392//1392
f 1288//1288 1399//1399 1488//1488
f 1392//1392 1288//1288 1488//1488
f 1276//1276 1483//1483 1581//1581
f 1392//1392 1488//1488 1391//1391
f 1398//1398 1286//1286 1393//1393
f 1394//1394 1395//1395 1285//1285
f 1394//1394 1396//1396 1395//1395
f 1398//1398 1393//1393 1389//1389
f 1394//1394 1285//1285 1398//1398
f 1394//1394 1398//1398 1396//1396
f 1395//1395 1396//1396 1397//1397
f 1289//1289 1494//1494 1401//1401
f 1288//1288 1400//1400 1399//1399
f 1399//1399 1400//1400 1492//1492
f 1492//1492 1400//1400 1491//1491
f 1400//1400 1192//1192 1491//1491
f 1395//1395 1402//1402 1290//1290
f 1490//1490 1497//1497 1395//1395
f 1495//1495 1404//1404 1402//1402
f 1497//1497 1496//1496 1395//1395
f 1395//1395 1496//1496 1402//1402
f 1402//1402 1496//1496 1495//1495
f 1294//1294 1404//1404 1293//1293
f 1402//1402 1294//1294 1292//1292
f 1290//1290 1402//1402 1292//1292
f 1402//1402 1403//1403 1294//1294
f 1294//1294 1403//1403 1404//1404
f 1402//1402 1404//1404 1403//1403
f 1405//1405 1309//1309 1500//1500
f 1195//1195 1500//1500 1501//1501
f 1417//1417 1312//1312 1301//1301
f 1413//1413 1199//1199 1412//1412
f 1408//1408 7130//7130 1412//1412
f 1305//1305 1306//1306 1410//1410
f 1305//1305 1410//1410 1308//1308
f 1308//1308 1505//1505 1309//1309
f 1410//1410 1505//1505 1308//1308
f 1410//1410 1306//1306 1413//1413
f 1410//1410 1413//1413 1411//1411
f 1411//1411 1413//1413 1414//1414
f 1413//1413 1412//1412 1414//1414
f 1412//1412 1602//1602 1414//1414
f 1412//1412 7130//7130 7146//7146
f 1313//1313 1415//1415 1316//1316
f 1417//1417 1416//1416 1313//1313
f 1416//1416 1415//1415 1313//1313
f 1417//1417 1691//1691 1416//1416
f 1415//1415 1506//1506 1420//1420
f 1417//1417 1301//1301 1691//1691
f 1416//1416 1691//1691 1502//1502
f 1502//1502 1415//1415 1416//1416
f 1420//1420 1506//1506 1509//1509
f 1508//1508 1407//1407 1507//1507
f 1507//1507 1599//1599 1508//1508
f 1324//1324 1323//1323 1509//1509
f 1316//1316 1420//1420 1323//1323
f 1323//1323 1420//1420 1509//1509
f 1316//1316 1415//1415 1420//1420
f 1319//1319 1510//1510 1318//1318
f 1208//1208 1430//1430 1319//1319
f 1515//1515 1319//1319 1430//1430
f 1510//1510 1421//1421 1318//1318
f 1319//1319 1516//1516 1510//1510
f 1421//1421 1519//1519 1422//1422
f 1321//1321 1423//1423 1426//1426
f 1518//1518 1520//1520 1425//1425
f 1426//1426 1423//1423 1698//1698
f 1509//1509 1432//1432 1324//1324
f 1325//1325 1333//1333 1433//1433
f 1325//1325 1433//1433 1512//1512
f 1512//1512 1433//1433 1513//1513
f 1327//1327 1429//1429 1328//1328
f 1818//1818 1429//1429 1327//1327
f 1514//1514 7120//7120 1326//1326
f 1326//1326 1512//1512 1514//1514
f 1328//1328 1429//1429 1331//1331
f 1331//1331 1934//1934 1428//1428
f 1429//1429 1818//1818 1331//1331
f 7120//7120 1514//1514 1818//1818
f 1517//1517 1515//1515 1430//1430
f 1934//1934 7136//7136 1428//1428
f 1428//1428 7136//7136 1330//1330
f 1432//1432 1431//1431 1324//1324
f 1431//1431 1432//1432 1521//1521
f 1332//1332 1522//1522 1333//1333
f 1822//1822 1522//1522 1332//1332
f 1333//1333 1522//1522 1433//1433
f 1222//1222 1431//1431 1434//1434
f 1431//1431 1523//1523 1434//1434
f 1223//1223 1335//1335 1615//1615
f 1332//1332 1223//1223 1615//1615
f 1227//1227 1435//1435 1334//1334
f 1616//1616 1334//1334 1435//1435
f 1334//1334 1616//1616 1335//1335
f 1335//1335 1616//1616 1615//1615
f 1434//1434 1436//1436 1336//1336
f 1436//1436 1434//1434 1618//1618
f 1525//1525 1435//1435 1227//1227
f 1525//1525 1337//1337 1621//1621
f 1437//1437 1230//1230 1527//1527
f 1527//1527 1230//1230 1622//1622
f 1622//1622 1230//1230 1526//1526
f 1342//1342 1438//1438 1526//1526
f 1621//1621 1337//1337 1437//1437
f 1621//1621 1437//1437 1527//1527
f 1439//1439 1133//1133 1134//1134
f 1439//1439 1134//1134 1343//1343
f 1439//1439 1343//1343 1344//1344
f 1528//1528 1136//1136 1441//1441
f 1529//1529 1441//1441 1440//1440
f 1529//1529 1440//1440 1530//1530
f 1528//1528 1441//1441 1529//1529
f 1443//1443 1348//1348 1532//1532
f 1443//1443 1638//1638 1347//1347
f 1444//1444 1349//1349 1451//1451
f 1444//1444 1451//1451 1450//1450
f 1358//1358 1555//1555 1556//1556
f 1359//1359 1358//1358 7141//7141
f 1555//1555 1361//1361 1557//1557
f 1338//1338 1657//1657 1361//1361
f 1448//1448 1445//1445 1363//1363
f 1338//1338 1445//1445 1449//1449
f 1445//1445 1448//1448 1449//1449
f 1363//1363 1447//1447 1448//1448
f 1338//1338 1449//1449 1657//1657
f 1448//1448 1447//1447 1540//1540
f 1449//1449 1448//1448 1535//1535
f 1448//1448 1540//1540 1535//1535
f 1446//1446 1538//1538 1539//1539
f 1539//1539 1447//1447 1446//1446
f 1447//1447 1539//1539 1540//1540
f 1450//1450 1451//1451 1542//1542
f 1240//1240 1453//1453 1451//1451
f 1240//1240 1365//1365 1453//1453
f 1365//1365 1452//1452 1453//1453
f 1243//1243 1649//1649 1454//1454
f 1244//1244 1457//1457 1245//1245
f 7125//7125 1457//1457 1244//1244
f 1455//1455 1659//1659 1366//1366
f 7124//7124 1359//1359 1456//1456
f 1356//1356 1355//1355 1547//1547
f 1355//1355 1456//1456 1547//1547
f 1547//1547 1457//1457 7125//7125
f 1245//1245 1457//1457 1548//1548
f 1547//1547 1548//1548 1457//1457
f 1548//1548 7132//7132 1245//1245
f 7141//7141 1553//1553 1359//1359
f 1456//1456 1359//1359 1553//1553
f 1547//1547 1456//1456 1554//1554
f 1456//1456 1553//1553 1554//1554
f 1557//1557 1361//1361 1657//1657
f 1458//1458 1368//1368 1663//1663
f 1458//1458 1663//1663 1863//1863
f 1249//1249 1463//1463 1664//1664
f 1460//1460 1251//1251 1462//1462
f 1459//1459 1251//1251 1460//1460
f 1462//1462 1367//1367 1461//1461
f 1367//1367 1558//1558 1461//1461
f 1558//1558 1560//1560 1461//1461
f 1461//1461 1560//1560 1462//1462
f 1559//1559 1460//1460 1462//1462
f 1559//1559 1459//1459 1460//1460
f 1464//1464 1561//1561 1562//1562
f 1256//1256 1465//1465 1564//1564
f 1465//1465 1469//1469 1880//1880
f 1371//1371 1565//1565 1467//1467
f 1466//1466 1565//1565 1371//1371
f 1467//1467 1565//1565 1567//1567
f 1168//1168 1471//1471 1468//1468
f 1471//1471 1571//1571 1468//1468
f 1468//1468 1469//1469 1372//1372
f 1571//1571 1471//1471 1472//1472
f 1469//1469 1468//1468 1570//1570
f 1468//1468 1571//1571 1570//1570
f 1569//1569 1470//1470 1572//1572
f 1470//1470 1569//1569 1673//1673
f 1467//1467 1572//1572 1470//1470
f 1473//1473 1171//1171 1474//1474
f 1471//1471 1168//1168 1374//1374
f 1374//1374 1472//1472 1471//1471
f 1373//1373 1472//1472 1374//1374
f 1373//1373 1473//1473 1472//1472
f 1472//1472 1473//1473 1672//1672
f 1476//1476 1475//1475 1574//1574
f 7113//7113 1377//1377 1477//1477
f 7113//7113 1477//1477 1474//1474
f 1474//1474 1477//1477 1674//1674
f 1477//1477 1377//1377 1674//1674
f 1382//1382 1479//1479 1387//1387
f 1479//1479 1382//1382 1478//1478
f 1478//1478 1381//1381 1574//1574
f 1479//1479 7129//7129 1387//1387
f 1478//1478 1480//1480 1479//1479
f 7129//7129 1479//1479 1579//1579
f 1574//1574 7133//7133 1478//1478
f 1271//1271 1481//1481 1575//1575
f 1482//1482 1383//1383 1276//1276
f 1581//1581 1482//1482 1276//1276
f 1483//1483 1489//1489 1582//1582
f 7144//7144 1485//1485 1388//1388
f 1388//1388 1485//1485 1398//1398
f 1485//1485 1396//1396 1398//1398
f 1396//1396 1485//1485 1484//1484
f 1396//1396 1484//1484 1397//1397
f 1484//1484 1486//1486 1397//1397
f 7144//7144 1585//1585 1485//1485
f 1585//1585 1484//1484 1485//1485
f 1585//1585 1486//1486 1484//1484
f 1488//1488 1487//1487 1391//1391
f 1487//1487 1489//1489 1391//1391
f 1277//1277 1489//1489 1483//1483
f 1489//1489 1277//1277 1391//1391
f 1395//1395 1397//1397 1490//1490
f 1490//1490 1397//1397 1486//1486
f 1494//1494 1493//1493 1401//1401
f 1401//1401 7134//7134 7115//7115
f 1401//1401 1493//1493 7134//7134
f 1493//1493 1586//1586 7134//7134
f 1491//1491 1586//1586 1492//1492
f 1495//1495 1592//1592 1404//1404
f 1497//1497 1490//1490 1496//1496
f 1495//1495 1496//1496 1591//1591
f 1591//1591 1592//1592 1495//1495
f 1490//1490 1498//1498 1496//1496
f 1591//1591 1496//1496 7135//7135
f 1404//1404 1592//1592 1593//1593
f 1499//1499 1406//1406 1404//1404
f 1301//1301 1406//1406 1499//1499
f 1301//1301 1499//1499 1691//1691
f 1596//1596 1410//1410 1411//1411
f 1596//1596 1411//1411 1503//1503
f 1411//1411 1414//1414 1503//1503
f 1414//1414 1504//1504 1503//1503
f 1414//1414 1602//1602 1504//1504
f 1407//1407 7147//7147 1409//1409
f 1505//1505 1500//1500 1309//1309
f 1505//1505 1410//1410 1805//1805
f 1505//1505 1805//1805 1500//1500
f 1502//1502 1506//1506 1415//1415
f 1696//1696 1509//1509 1506//1506
f 1507//1507 1315//1315 1419//1419
f 1319//1319 1515//1515 1516//1516
f 1604//1604 1423//1423 1424//1424
f 1425//1425 1604//1604 1424//1424
f 1423//1423 1604//1604 1698//1698
f 1419//1419 1418//1418 1511//1511
f 1418//1418 1427//1427 1511//1511
f 1314//1314 1605//1605 1427//1427
f 1511//1511 1427//1427 1605//1605
f 1511//1511 1605//1605 1419//1419
f 1603//1603 1314//1314 1698//1698
f 1314//1314 1603//1603 1605//1605
f 1934//1934 1331//1331 1818//1818
f 1514//1514 1610//1610 1818//1818
f 1515//1515 1517//1517 1516//1516
f 1705//1705 1421//1421 1510//1510
f 1516//1516 1705//1705 1510//1510
f 1519//1519 1606//1606 1518//1518
f 1421//1421 1606//1606 1519//1519
f 1518//1518 1606//1606 1520//1520
f 1431//1431 1521//1521 1611//1611
f 1521//1521 1432//1432 1607//1607
f 1521//1521 1607//1607 1611//1611
f 1611//1611 1607//1607 1708//1708
f 1432//1432 1608//1608 1607//1607
f 1433//1433 1522//1522 1513//1513
f 1513//1513 1610//1610 1512//1512
f 1514//1514 1512//1512 1610//1610
f 1431//1431 1611//1611 1523//1523
f 1611//1611 1524//1524 1523//1523
f 1524//1524 1434//1434 1523//1523
f 1434//1434 1524//1524 1618//1618
f 1525//1525 1616//1616 1435//1435
f 1622//1622 1526//1526 1828//1828
f 1438//1438 1720//1720 1526//1526
f 1527//1527 1622//1622 1621//1621
f 1438//1438 1439//1439 1722//1722
f 1623//1623 1439//1439 1528//1528
f 1638//1638 1530//1530 1442//1442
f 1530//1530 1528//1528 1529//1529
f 1624//1624 1528//1528 1530//1530
f 1624//1624 1530//1530 1638//1638
f 1638//1638 1443//1443 1531//1531
f 1443//1443 1532//1532 1541//1541
f 1657//1657 1449//1449 1533//1533
f 1533//1533 1534//1534 1657//1657
f 1533//1533 1537//1537 1534//1534
f 1657//1657 1534//1534 1747//1747
f 1449//1449 1535//1535 1536//1536
f 1449//1449 1536//1536 1533//1533
f 1533//1533 1536//1536 1537//1537
f 1535//1535 1540//1540 1628//1628
f 1535//1535 1628//1628 1536//1536
f 1536//1536 1626//1626 1627//1627
f 1537//1537 1536//1536 1627//1627
f 1534//1534 1537//1537 1625//1625
f 1626//1626 1536//1536 1628//1628
f 1538//1538 1631//1631 1539//1539
f 1540//1540 1632//1632 1628//1628
f 1539//1539 1731//1731 1540//1540
f 1632//1632 1540//1540 1731//1731
f 1444//1444 1450//1450 1740//1740
f 1740//1740 1450//1450 1640//1640
f 1450//1450 1542//1542 1640//1640
f 1543//1543 1451//1451 1544//1544
f 1542//1542 1451//1451 1543//1543
f 1640//1640 1542//1542 1739//1739
f 1542//1542 1543//1543 1739//1739
f 1451//1451 1545//1545 1544//1544
f 1451//1451 1453//1453 1545//1545
f 1545//1545 1453//1453 1643//1643
f 1544//1544 1545//1545 1641//1641
f 1453//1453 1546//1546 1754//1754
f 1755//1755 1643//1643 1453//1453
f 1452//1452 1658//1658 1453//1453
f 1453//1453 1658//1658 1546//1546
f 1649//1649 1243//1243 1366//1366
f 1242//1242 1454//1454 1452//1452
f 1454//1454 1649//1649 1645//1645
f 1548//1548 1547//1547 1549//1549
f 7138//7138 1552//1552 1548//1548
f 1551//1551 1549//1549 1547//1547
f 7140//7140 1552//1552 7138//7138
f 1551//1551 1547//1547 1554//1554
f 1548//1548 1550//1550 7132//7132
f 1552//1552 1550//1550 1548//1548
f 1455//1455 7139//7139 1660//1660
f 1550//1550 1552//1552 1660//1660
f 1552//1552 7140//7140 1650//1650
f 1552//1552 1661//1661 1660//1660
f 1552//1552 1650//1650 1661//1661
f 1555//1555 7142//7142 1654//1654
f 1555//1555 1654//1654 1556//1556
f 7152//7152 1557//1557 1657//1657
f 7126//7126 1256//1256 1662//1662
f 7153//7153 7126//7126 1662//1662
f 1864//1864 2126//2126 1367//1367
f 2126//2126 1558//1558 1367//1367
f 1559//1559 1462//1462 7143//7143
f 1866//1866 1463//1463 1459//1459
f 1559//1559 1773//1773 1459//1459
f 1558//1558 1773//1773 1560//1560
f 1559//1559 7143//7143 1773//1773
f 1561//1561 1664//1664 1562//1562
f 1562//1562 1876//1876 1464//1464
f 1564//1564 1465//1465 1880//1880
f 1256//1256 1564//1564 1662//1662
f 1662//1662 1564//1564 1880//1880
f 1563//1563 1466//1466 1464//1464
f 1565//1565 1466//1466 1563//1563
f 1566//1566 1467//1467 1567//1567
f 1467//1467 1566//1566 1572//1572
f 1567//1567 1568//1568 1566//1566
f 1565//1565 1668//1668 1567//1567
f 1563//1563 1666//1666 1565//1565
f 1568//1568 1572//1572 1566//1566
f 1667//1667 1569//1569 1572//1572
f 1469//1469 1570//1570 1778//1778
f 1880//1880 1469//1469 1778//1778
f 1778//1778 1570//1570 1571//1571
f 1783//1783 1782//1782 1375//1375
f 1573//1573 1375//1375 1782//1782
f 1475//1475 1375//1375 1573//1573
f 1573//1573 1574//1574 1475//1475
f 1782//1782 1574//1574 1573//1573
f 1378//1378 1576//1576 1377//1377
f 1481//1481 1577//1577 1575//1575
f 1378//1378 1575//1575 1576//1576
f 1576//1576 1575//1575 1577//1577
f 1674//1674 1377//1377 1576//1576
f 1791//1791 1577//1577 1482//1482
f 1574//1574 1578//1578 7133//7133
f 1675//1675 1578//1578 1574//1574
f 1479//1479 1480//1480 1579//1579
f 1578//1578 1579//1579 7133//7133
f 1585//1585 7144//7144 1677//1677
f 1677//1677 1904//1904 1585//1585
f 1487//1487 1583//1583 1489//1489
f 1489//1489 1583//1583 1582//1582
f 1679//1679 1487//1487 1488//1488
f 1679//1679 1580//1580 1487//1487
f 1580//1580 1583//1583 1487//1487
f 1488//1488 1399//1399 1678//1678
f 1488//1488 1678//1678 1679//1679
f 1481//1481 1482//1482 1577//1577
f 1483//1483 1582//1582 1581//1581
f 1486//1486 1585//1585 1681//1681
f 1681//1681 1585//1585 1904//1904
f 1490//1490 1486//1486 1682//1682
f 1799//1799 1678//1678 1399//1399
f 1490//1490 1684//1684 1498//1498
f 7135//7135 1684//1684 1591//1591
f 1591//1591 1683//1683 1592//1592
f 1592//1592 1683//1683 1593//1593
f 1684//1684 1683//1683 1591//1591
f 1399//1399 1492//1492 1799//1799
f 1494//1494 1590//1590 1493//1493
f 1493//1493 1590//1590 1586//1586
f 1494//1494 1800//1800 1590//1590
f 1685//1685 1492//1492 1587//1587
f 1492//1492 1586//1586 1587//1587
f 1586//1586 1590//1590 1588//1588
f 1586//1586 1588//1588 1587//1587
f 1799//1799 1492//1492 1685//1685
f 1587//1587 1588//1588 1590//1590
f 1590//1590 1589//1589 1587//1587
f 1587//1587 1589//1589 1685//1685
f 1404//1404 1593//1593 1499//1499
f 1593//1593 1594//1594 1499//1499
f 1501//1501 1802//1802 1494//1494
f 1499//1499 1594//1594 1688//1688
f 1500//1500 1805//1805 1595//1595
f 1500//1500 1690//1690 1501//1501
f 1595//1595 1690//1690 1500//1500
f 1502//1502 1691//1691 1692//1692
f 1687//1687 1691//1691 1499//1499
f 1504//1504 1694//1694 1503//1503
f 1410//1410 1596//1596 1805//1805
f 1597//1597 1596//1596 1503//1503
f 1596//1596 1597//1597 1805//1805
f 1597//1597 1503//1503 1694//1694
f 1597//1597 1694//1694 1805//1805
f 1502//1502 1692//1692 1506//1506
f 1507//1507 1600//1600 1599//1599
f 1507//1507 1699//1699 1600//1600
f 1407//1407 1508//1508 1695//1695
f 1407//1407 1695//1695 1598//1598
f 1599//1599 1601//1601 1508//1508
f 1695//1695 1508//1508 1601//1601
f 1419//1419 1605//1605 1815//1815
f 1605//1605 1603//1603 1815//1815
f 1507//1507 1419//1419 1699//1699
f 1700//1700 1608//1608 1509//1509
f 1707//1707 1608//1608 1700//1700
f 1819//1819 1516//1516 1517//1517
f 1421//1421 1937//1937 1606//1606
f 1937//1937 1520//1520 1606//1606
f 1611//1611 1708//1708 1712//1712
f 1611//1611 7157//7157 1612//1612
f 1432//1432 1509//1509 1608//1608
f 1607//1607 1608//1608 1708//1708
f 1608//1608 1707//1707 1708//1708
f 1822//1822 1609//1609 1522//1522
f 1513//1513 1522//1522 1609//1609
f 1610//1610 1932//1932 1818//1818
f 1611//1611 1612//1612 1524//1524
f 7148//7148 1613//1613 7137//7137
f 1613//1613 1614//1614 7137//7137
f 7149//7149 1716//1716 1524//1524
f 7148//7148 1614//1614 1613//1613
f 1821//1821 7149//7149 1816//1816
f 1615//1615 1714//1714 1332//1332
f 1823//1823 1332//1332 1714//1714
f 1616//1616 1719//1719 1615//1615
f 1717//1717 1719//1719 1616//1616
f 1615//1615 1719//1719 1617//1617
f 1615//1615 1617//1617 1714//1714
f 1618//1618 1619//1619 1436//1436
f 1524//1524 1716//1716 1618//1618
f 1525//1525 1717//1717 1616//1616
f 1436//1436 1620//1620 1633//1633
f 1620//1620 1436//1436 2078//2078
f 1621//1621 1622//1622 1828//1828
f 1720//1720 1438//1438 1722//1722
f 1721//1721 1828//1828 1526//1526
f 1722//1722 1439//1439 1623//1623
f 1723//1723 1722//1722 1623//1623
f 1623//1623 1528//1528 1723//1723
f 1724//1724 1624//1624 1834//1834
f 1834//1834 1624//1624 1638//1638
f 1625//1625 1537//1537 1748//1748
f 1537//1537 1627//1627 1748//1748
f 1747//1747 1534//1534 1625//1625
f 1626//1626 1628//1628 1725//1725
f 1726//1726 1626//1626 1725//1725
f 1627//1627 1626//1626 1726//1726
f 1631//1631 1731//1731 1539//1539
f 1538//1538 1436//1436 1629//1629
f 1629//1629 1631//1631 1538//1538
f 1632//1632 1725//1725 1628//1628
f 1630//1630 1436//1436 1633//1633
f 1436//1436 1630//1630 1629//1629
f 1629//1629 1630//1630 1634//1634
f 1629//1629 1727//1727 1631//1631
f 1727//1727 1731//1731 1631//1631
f 1726//1726 1725//1725 1632//1632
f 1634//1634 1630//1630 1633//1633
f 1629//1629 1634//1634 1635//1635
f 1635//1635 1634//1634 1727//1727
f 1634//1634 1633//1633 1636//1636
f 1633//1633 1637//1637 1636//1636
f 1635//1635 1727//1727 1629//1629
f 1727//1727 1634//1634 1636//1636
f 1637//1637 1633//1633 1620//1620
f 1636//1636 1637//1637 1729//1729
f 2095//2095 1638//1638 1735//1735
f 1531//1531 1443//1443 1639//1639
f 1639//1639 1443//1443 1541//1541
f 1638//1638 1531//1531 1735//1735
f 1531//1531 1639//1639 1735//1735
f 1541//1541 1532//1532 1737//1737
f 1837//1837 1639//1639 1541//1541
f 1837//1837 1541//1541 1737//1737
f 1736//1736 1348//1348 7131//7131
f 7131//7131 1740//1740 1736//1736
f 1532//1532 1348//1348 1738//1738
f 7161//7161 1737//1737 1532//1532
f 1543//1543 1544//1544 1641//1641
f 1543//1543 1641//1641 1741//1741
f 1543//1543 1741//1741 1838//1838
f 1641//1641 1545//1545 1642//1642
f 1642//1642 1545//1545 1644//1644
f 1641//1641 1642//1642 1749//1749
f 1642//1642 1644//1644 1749//1749
f 1741//1741 1641//1641 1749//1749
f 1749//1749 1644//1644 1750//1750
f 1754//1754 1755//1755 1453//1453
f 1545//1545 1643//1643 1644//1644
f 1643//1643 1755//1755 1644//1644
f 1452//1452 1454//1454 1645//1645
f 1647//1647 1452//1452 1645//1645
f 1647//1647 1646//1646 1452//1452
f 1658//1658 1452//1452 7150//7150
f 1646//1646 1647//1647 1648//1648
f 1649//1649 1366//1366 1758//1758
f 1759//1759 1649//1649 1758//1758
f 1554//1554 1652//1652 1551//1551
f 1554//1554 1651//1651 1652//1652
f 1651//1651 1554//1554 1656//1656
f 1650//1650 7140//7140 7151//7151
f 1653//1653 1661//1661 1650//1650
f 1653//1653 7151//7151 1766//1766
f 1653//1653 1650//1650 7151//7151
f 1661//1661 1653//1653 1766//1766
f 7141//7141 7152//7152 1743//1743
f 7141//7141 1743//1743 1553//1553
f 1554//1554 1553//1553 1655//1655
f 1554//1554 1655//1655 1656//1656
f 1742//1742 1652//1652 1651//1651
f 7152//7152 1657//1657 1743//1743
f 1655//1655 1553//1553 1743//1743
f 1655//1655 1743//1743 1656//1656
f 1656//1656 1743//1743 1745//1745
f 2236//2236 1657//1657 1747//1747
f 1761//1761 1647//1647 1645//1645
f 1648//1648 1647//1647 1761//1761
f 1546//1546 1658//1658 1849//1849
f 1759//1759 1645//1645 1649//1649
f 7162//7162 1366//1366 1659//1659
f 1455//1455 1660//1660 1659//1659
f 1662//1662 1769//1769 7153//7153
f 7164//7164 1863//1863 1663//1663
f 2126//2126 1773//1773 1558//1558
f 1463//1463 1665//1665 1664//1664
f 1773//1773 1866//1866 1459//1459
f 1774//1774 1562//1562 1664//1664
f 1665//1665 1463//1463 1866//1866
f 1876//1876 1562//1562 1874//1874
f 1774//1774 1776//1776 1562//1562
f 1464//1464 1877//1877 1563//1563
f 1464//1464 1876//1876 1877//1877
f 1563//1563 1777//1777 1666//1666
f 1666//1666 1777//1777 1668//1668
f 1668//1668 1779//1779 1567//1567
f 1669//1669 1568//1568 1567//1567
f 1568//1568 1667//1667 1572//1572
f 1779//1779 1669//1669 1567//1567
f 1669//1669 1667//1667 1568//1568
f 1666//1666 1668//1668 1565//1565
f 1777//1777 1779//1779 1668//1668
f 1569//1569 1667//1667 1673//1673
f 1669//1669 1673//1673 1667//1667
f 1673//1673 1669//1669 1670//1670
f 1571//1571 1472//1472 1671//1671
f 1472//1472 1672//1672 1671//1671
f 1780//1780 1672//1672 1473//1473
f 1778//1778 1571//1571 1671//1671
f 1670//1670 1783//1783 1673//1673
f 1783//1783 1784//1784 1782//1782
f 1782//1782 1788//1788 1574//1574
f 1788//1788 1785//1785 1574//1574
f 1474//1474 1780//1780 1473//1473
f 1674//1674 1887//1887 1474//1474
f 1780//1780 1474//1474 1887//1887
f 1674//1674 1577//1577 1789//1789
f 1676//1676 1579//1579 1578//1578
f 1675//1675 1676//1676 1578//1578
f 1791//1791 1482//1482 1902//1902
f 1576//1576 1577//1577 1674//1674
f 1577//1577 1791//1791 1789//1789
f 7129//7129 1579//1579 7145//7145
f 1676//1676 7145//7145 1579//1579
f 1676//1676 1900//1900 7145//7145
f 1900//1900 1677//1677 7144//7144
f 1680//1680 1580//1580 1679//1679
f 1583//1583 1580//1580 1680//1680
f 1482//1482 1581//1581 1902//1902
f 1581//1581 1582//1582 1792//1792
f 1679//1679 1793//1793 1680//1680
f 1679//1679 1794//1794 7167//7167
f 1679//1679 1678//1678 1794//1794
f 1583//1583 1680//1680 1797//1797
f 1793//1793 1797//1797 1680//1680
f 1581//1581 1792//1792 1902//1902
f 1681//1681 1682//1682 1486//1486
f 1490//1490 1682//1682 1684//1684
f 1681//1681 1904//1904 2030//2030
f 1684//1684 1682//1682 1798//1798
f 2030//2030 1682//1682 1681//1681
f 2031//2031 1593//1593 1683//1683
f 1684//1684 2031//2031 1683//1683
f 1684//1684 1798//1798 2031//2031
f 1590//1590 1685//1685 1589//1589
f 1590//1590 1800//1800 1685//1685
f 1685//1685 2032//2032 2034//2034
f 1800//1800 2032//2032 1685//1685
f 1593//1593 2031//2031 1594//1594
f 2031//2031 1909//1909 1594//1594
f 1909//1909 1910//1910 1594//1594
f 1686//1686 1801//1801 1802//1802
f 1688//1688 1687//1687 1499//1499
f 1687//1687 1688//1688 1689//1689
f 1691//1691 1689//1689 1692//1692
f 1691//1691 1687//1687 1689//1689
f 1595//1595 1803//1803 1690//1690
f 1802//1802 1501//1501 1686//1686
f 1501//1501 1690//1690 1686//1686
f 1506//1506 1692//1692 1693//1693
f 1805//1805 1803//1803 1595//1595
f 1506//1506 1693//1693 1696//1696
f 1693//1693 1806//1806 1696//1696
f 1695//1695 1600//1600 1699//1699
f 1599//1599 1695//1695 1601//1601
f 1600//1600 1695//1695 1599//1599
f 1504//1504 1602//1602 2045//2045
f 1504//1504 2045//2045 1694//1694
f 1602//1602 1917//1917 2045//2045
f 1602//1602 1407//1407 1917//1917
f 1697//1697 1700//1700 1696//1696
f 1509//1509 1696//1696 1700//1700
f 1700//1700 1697//1697 1807//1807
f 1806//1806 1697//1697 1696//1696
f 1603//1603 1698//1698 1930//1930
f 1698//1698 1706//1706 1930//1930
f 1808//1808 1699//1699 1419//1419
f 1419//1419 1815//1815 1808//1808
f 1707//1707 1700//1700 1701//1701
f 1700//1700 1807//1807 1701//1701
f 1701//1701 1807//1807 1702//1702
f 1710//1710 1701//1701 1702//1702
f 1710//1710 1702//1702 1703//1703
f 1711//1711 7154//7154 1810//1810
f 1703//1703 1702//1702 7168//7168
f 1811//1811 1711//1711 1810//1810
f 1705//1705 1704//1704 1421//1421
f 1819//1819 1814//1814 1516//1516
f 1421//1421 1704//1704 1937//1937
f 1705//1705 1937//1937 1704//1704
f 1425//1425 1520//1520 1929//1929
f 1937//1937 1929//1929 1520//1520
f 1604//1604 1706//1706 1698//1698
f 2184//2184 1706//1706 1604//1604
f 1713//1713 1614//1614 7148//7148
f 1709//1709 1707//1707 1701//1701
f 1707//1707 1709//1709 1708//1708
f 7158//7158 1713//1713 7148//7148
f 1708//1708 1711//1711 1712//1712
f 1710//1710 1709//1709 1701//1701
f 7156//7156 1711//1711 7155//7155
f 7156//7156 7154//7154 1711//1711
f 1711//1711 1708//1708 7155//7155
f 1712//1712 1711//1711 1811//1811
f 7158//7158 1812//1812 1713//1713
f 1713//1713 1816//1816 1614//1614
f 1513//1513 1609//1609 1610//1610
f 1609//1609 1822//1822 1824//1824
f 1610//1610 1931//1931 1932//1932
f 1610//1610 1940//1940 7186//7186
f 1610//1610 1609//1609 1940//1940
f 1824//1824 1940//1940 1609//1609
f 1821//1821 1716//1716 7149//7149
f 1822//1822 1332//1332 1823//1823
f 1617//1617 1719//1719 1714//1714
f 1827//1827 1823//1823 1714//1714
f 1618//1618 1715//1715 1619//1619
f 1619//1619 1715//1715 1825//1825
f 1825//1825 1436//1436 1619//1619
f 1618//1618 1716//1716 1715//1715
f 1715//1715 1716//1716 1826//1826
f 1827//1827 1714//1714 1719//1719
f 1718//1718 1717//1717 1525//1525
f 1525//1525 2084//2084 1718//1718
f 1721//1721 1526//1526 1720//1720
f 1723//1723 1528//1528 1832//1832
f 1528//1528 1624//1624 1724//1724
f 1528//1528 1724//1724 1833//1833
f 1625//1625 1748//1748 1747//1747
f 1726//1726 1632//1632 1829//1829
f 1726//1726 1829//1829 1952//1952
f 1729//1729 1727//1727 1636//1636
f 1728//1728 1727//1727 7159//7159
f 1729//1729 1637//1637 1732//1732
f 7159//7159 1731//1731 1728//1728
f 7159//7159 1730//1730 1731//1731
f 1729//1729 1732//1732 7160//7160
f 1727//1727 1728//1728 1731//1731
f 1632//1632 1731//1731 1829//1829
f 1732//1732 1637//1637 1620//1620
f 1732//1732 1620//1620 1733//1733
f 7160//7160 1732//1732 1733//1733
f 1731//1731 1730//1730 1733//1733
f 1830//1830 1733//1733 1734//1734
f 1830//1830 1731//1731 1733//1733
f 1731//1731 1955//1955 1829//1829
f 1734//1734 1733//1733 1620//1620
f 1830//1830 1955//1955 1731//1731
f 1639//1639 2096//2096 1735//1735
f 2095//2095 1735//1735 2096//2096
f 1736//1736 1738//1738 1348//1348
f 1640//1640 1957//1957 1740//1740
f 1640//1640 1739//1739 1957//1957
f 1841//1841 1739//1739 1543//1543
f 1766//1766 1652//1652 1742//1742
f 1745//1745 1743//1743 1744//1744
f 1651//1651 1656//1656 1745//1745
f 1744//1744 1743//1743 1860//1860
f 1651//1651 1745//1745 1767//1767
f 1742//1742 1651//1651 1767//1767
f 1744//1744 1767//1767 1745//1745
f 1744//1744 1768//1768 1767//1767
f 1768//1768 1744//1744 1746//1746
f 1744//1744 1860//1860 1746//1746
f 1747//1747 1748//1748 2236//2236
f 1952//1952 2236//2236 1748//1748
f 1748//1748 1627//1627 1952//1952
f 1749//1749 1838//1838 1741//1741
f 1838//1838 1840//1840 1543//1543
f 1841//1841 1543//1543 7170//7170
f 1749//1749 1750//1750 1842//1842
f 1842//1842 1750//1750 1959//1959
f 1644//1644 1755//1755 1751//1751
f 1644//1644 1751//1751 1752//1752
f 1752//1752 1751//1751 1753//1753
f 1753//1753 1751//1751 1757//1757
f 1751//1751 1755//1755 1757//1757
f 1844//1844 1752//1752 1753//1753
f 1753//1753 1757//1757 1844//1844
f 1754//1754 1546//1546 1756//1756
f 1755//1755 1846//1846 1757//1757
f 1846//1846 1755//1755 1754//1754
f 1754//1754 1756//1756 1846//1846
f 1658//1658 7150//7150 1847//1847
f 1849//1849 1975//1975 1546//1546
f 1546//1546 1975//1975 1756//1756
f 1648//1648 1847//1847 1646//1646
f 1761//1761 1645//1645 1759//1759
f 1648//1648 1761//1761 1760//1760
f 1847//1847 1648//1648 1762//1762
f 1648//1648 1760//1760 7163//7163
f 1760//1760 1761//1761 7163//7163
f 1761//1761 1763//1763 7163//7163
f 1761//1761 1759//1759 1850//1850
f 1847//1847 1762//1762 1848//1848
f 1763//1763 7171//7171 7163//7163
f 1659//1659 1660//1660 1765//1765
f 1659//1659 1764//1764 7162//7162
f 1764//1764 1659//1659 1765//1765
f 1661//1661 1766//1766 1858//1858
f 1660//1660 1661//1661 1858//1858
f 1853//1853 1764//1764 1765//1765
f 1765//1765 1660//1660 1858//1858
f 1746//1746 1861//1861 1768//1768
f 1768//1768 1861//1861 1767//1767
f 1367//1367 1865//1865 1864//1864
f 1880//1880 1771//1771 1662//1662
f 1770//1770 1769//1769 1662//1662
f 1769//1769 1770//1770 1869//1869
f 7176//7176 1871//1871 7164//7164
f 1662//1662 1772//1772 7165//7165
f 1771//1771 1772//1772 1662//1662
f 1771//1771 1870//1870 1772//1772
f 1665//1665 1866//1866 1775//1775
f 2126//2126 1866//1866 1773//1773
f 1775//1775 1774//1774 1664//1664
f 1775//1775 1664//1664 1665//1665
f 1980//1980 1776//1776 1774//1774
f 1875//1875 1777//1777 1563//1563
f 1877//1877 1875//1875 1563//1563
f 1778//1778 1781//1781 1880//1880
f 1880//1880 1870//1870 1771//1771
f 1781//1781 1879//1879 1880//1880
f 1879//1879 1781//1781 1672//1672
f 1777//1777 1878//1878 1779//1779
f 1878//1878 1669//1669 1779//1779
f 1669//1669 1878//1878 1670//1670
f 1881//1881 1670//1670 1878//1878
f 1883//1883 1888//1888 1787//1787
f 1671//1671 1781//1781 1778//1778
f 1781//1781 1671//1671 1672//1672
f 7166//7166 1786//1786 1782//1782
f 1786//1786 1788//1788 1782//1782
f 1784//1784 1783//1783 1883//1883
f 1883//1883 1783//1783 1670//1670
f 1574//1574 1785//1785 1893//1893
f 1787//1787 1784//1784 1883//1883
f 7166//7166 1787//1787 1786//1786
f 1786//1786 1787//1787 1788//1788
f 1890//1890 1785//1785 1788//1788
f 1888//1888 1889//1889 1787//1787
f 1787//1787 1889//1889 1788//1788
f 1893//1893 1895//1895 1574//1574
f 1785//1785 1890//1890 1893//1893
f 1674//1674 1789//1789 2012//2012
f 1897//1897 2012//2012 1789//1789
f 1887//1887 1674//1674 1896//1896
f 1574//1574 1895//1895 1675//1675
f 1676//1676 1675//1675 1790//1790
f 1790//1790 1899//1899 1676//1676
f 1675//1675 1895//1895 2005//2005
f 1899//1899 1900//1900 1676//1676
f 1789//1789 1791//1791 1897//1897
f 1897//1897 1791//1791 1902//1902
f 1793//1793 1901//1901 1797//1797
f 1794//1794 1795//1795 7167//7167
f 7167//7167 1795//1795 7182//7182
f 1678//1678 1905//1905 1794//1794
f 1795//1795 1794//1794 1905//1905
f 1792//1792 1582//1582 1796//1796
f 1582//1582 1583//1583 1796//1796
f 1583//1583 1797//1797 1796//1796
f 1797//1797 2020//2020 1796//1796
f 1798//1798 1682//1682 2030//2030
f 2030//2030 2031//2031 1798//1798
f 1678//1678 1799//1799 1905//1905
f 1905//1905 1799//1799 1906//1906
f 1910//1910 1688//1688 1594//1594
f 1802//1802 1801//1801 2039//2039
f 1494//1494 1802//1802 1800//1800
f 1912//1912 1692//1692 1689//1689
f 1688//1688 1911//1911 1689//1689
f 1804//1804 1913//1913 1803//1803
f 1803//1803 1913//1913 1690//1690
f 1686//1686 1690//1690 1801//1801
f 1690//1690 1913//1913 1801//1801
f 1692//1692 1912//1912 1693//1693
f 1912//1912 1914//1914 1693//1693
f 1914//1914 1806//1806 1693//1693
f 1805//1805 1804//1804 1803//1803
f 2294//2294 2042//2042 1805//1805
f 1407//1407 1918//1918 1917//1917
f 1407//1407 1598//1598 1918//1918
f 1807//1807 1919//1919 1702//1702
f 1702//1702 1919//1919 1813//1813
f 1603//1603 1930//1930 1815//1815
f 1695//1695 1699//1699 1809//1809
f 1699//1699 1921//1921 1809//1809
f 1811//1811 2175//2175 1812//1812
f 1813//1813 7168//7168 1702//1702
f 1516//1516 1814//1814 1705//1705
f 1819//1819 2067//2067 1814//1814
f 1928//1928 1937//1937 1705//1705
f 1604//1604 2060//2060 2184//2184
f 1604//1604 2059//2059 2060//2060
f 1425//1425 2059//2059 1604//1604
f 1811//1811 1812//1812 7158//7158
f 1713//1713 1817//1817 1816//1816
f 1713//1713 1812//1812 1817//1817
f 1927//1927 1816//1816 1817//1817
f 1934//1934 1820//1820 7136//7136
f 7136//7136 1820//1820 7169//7169
f 1826//1826 1821//1821 1941//1941
f 1824//1824 1822//1822 1823//1823
f 1939//1939 1824//1824 1823//1823
f 1826//1826 1825//1825 1715//1715
f 1436//1436 1825//1825 1942//1942
f 1826//1826 1716//1716 1821//1821
f 1825//1825 1826//1826 1941//1941
f 1941//1941 1942//1942 1825//1825
f 1827//1827 1719//1719 1943//1943
f 1719//1719 1717//1717 1943//1943
f 1718//1718 2084//2084 1943//1943
f 1718//1718 1943//1943 1717//1717
f 1436//1436 1942//1942 1944//1944
f 2211//2211 1720//1720 1722//1722
f 2211//2211 1721//1721 1720//1720
f 2211//2211 1722//1722 1723//1723
f 1723//1723 1946//1946 2211//2211
f 1829//1829 1953//1953 1952//1952
f 1953//1953 1829//1829 1955//1955
f 1830//1830 1734//1734 1831//1831
f 1948//1948 1830//1830 1831//1831
f 1528//1528 1833//1833 1832//1832
f 1832//1832 1833//1833 2221//2221
f 1833//1833 1724//1724 1834//1834
f 1638//1638 2095//2095 1950//1950
f 1950//1950 1834//1834 1638//1638
f 1835//1835 2096//2096 1639//1639
f 1835//1835 1639//1639 1836//1836
f 1951//1951 1639//1639 1837//1837
f 1639//1639 1951//1951 1836//1836
f 1837//1837 1737//1737 1956//1956
f 1837//1837 1956//1956 2348//2348
f 1958//1958 1740//1740 1957//1957
f 1736//1736 1958//1958 1738//1738
f 1736//1736 1740//1740 1958//1958
f 1739//1739 1839//1839 1957//1957
f 1841//1841 1839//1839 1739//1739
f 1657//1657 2236//2236 1743//1743
f 1743//1743 2236//2236 1860//1860
f 1952//1952 1627//1627 1726//1726
f 1839//1839 1841//1841 1957//1957
f 1842//1842 1838//1838 1749//1749
f 1838//1838 1842//1842 2103//2103
f 1959//1959 1750//1750 1961//1961
f 1840//1840 1838//1838 2103//2103
f 7203//7203 1841//1841 7170//7170
f 1752//1752 1843//1843 1644//1644
f 1752//1752 1844//1844 1845//1845
f 1644//1644 1843//1843 1963//1963
f 1844//1844 1757//1757 2111//2111
f 1757//1757 1846//1846 2111//2111
f 1965//1965 1844//1844 2111//2111
f 1844//1844 1965//1965 1964//1964
f 1845//1845 1844//1844 1964//1964
f 1962//1962 1752//1752 1845//1845
f 1963//1963 1843//1843 1962//1962
f 1843//1843 1752//1752 1962//1962
f 1756//1756 1975//1975 1846//1846
f 1763//1763 1761//1761 7171//7171
f 7171//7171 1761//1761 1851//1851
f 1847//1847 1848//1848 1966//1966
f 1658//1658 1847//1847 1852//1852
f 1658//1658 1852//1852 1849//1849
f 1847//1847 1966//1966 1852//1852
f 1849//1849 1852//1852 1967//1967
f 1759//1759 1758//1758 1855//1855
f 1761//1761 7172//7172 1851//1851
f 1759//1759 1970//1970 1850//1850
f 7172//7172 1970//1970 1851//1851
f 1851//1851 1970//1970 7171//7171
f 1855//1855 1758//1758 1854//1854
f 1764//1764 7173//7173 7162//7162
f 1764//1764 1853//1853 7173//7173
f 1855//1855 1856//1856 1759//1759
f 1970//1970 1759//1759 1856//1856
f 1855//1855 1857//1857 1856//1856
f 1970//1970 1856//1856 1968//1968
f 7173//7173 1853//1853 1973//1973
f 1853//1853 1765//1765 1973//1973
f 1765//1765 1858//1858 1973//1973
f 1856//1856 1857//1857 1968//1968
f 1766//1766 1972//1972 1858//1858
f 1861//1861 1746//1746 1860//1860
f 1742//1742 1767//1767 1862//1862
f 1862//1862 1767//1767 1861//1861
f 1766//1766 1859//1859 1971//1971
f 1766//1766 1742//1742 1859//1859
f 1972//1972 1766//1766 1971//1971
f 1861//1861 1860//1860 1974//1974
f 1861//1861 1974//1974 1862//1862
f 2107//2107 1742//1742 1862//1862
f 2107//2107 1862//1862 1974//1974
f 1859//1859 1742//1742 2107//2107
f 1865//1865 1367//1367 1863//1863
f 1865//1865 1978//1978 1864//1864
f 1978//1978 2126//2126 1864//1864
f 1867//1867 1775//1775 1866//1866
f 1980//1980 1774//1774 1775//1775
f 1981//1981 1775//1775 1867//1867
f 1981//1981 1980//1980 1775//1775
f 1979//1979 1867//1867 1866//1866
f 7177//7177 7165//7165 1772//1772
f 7176//7176 1872//1872 1871//1871
f 7179//7179 7177//7177 1772//1772
f 7179//7179 1772//1772 1870//1870
f 7180//7180 1983//1983 7178//7178
f 1873//1873 1870//1870 1880//1880
f 1986//1986 7179//7179 1870//1870
f 1986//1986 1870//1870 1873//1873
f 1776//1776 1868//1868 1562//1562
f 1868//1868 1874//1874 1562//1562
f 1980//1980 1868//1868 1776//1776
f 2131//2131 1876//1876 1874//1874
f 1876//1876 2131//2131 1877//1877
f 1877//1877 2144//2144 1875//1875
f 1777//1777 1875//1875 2144//2144
f 1777//1777 2144//2144 1878//1878
f 2145//2145 1878//1878 2144//2144
f 1882//1882 1881//1881 1878//1878
f 1988//1988 1881//1881 1882//1882
f 2145//2145 1882//1882 1878//1878
f 1993//1993 1670//1670 1881//1881
f 1993//1993 1881//1881 1988//1988
f 1993//1993 1886//1886 1670//1670
f 1886//1886 1883//1883 1670//1670
f 1884//1884 1888//1888 1883//1883
f 1884//1884 1889//1889 1888//1888
f 1889//1889 1884//1884 1885//1885
f 1889//1889 1885//1885 1891//1891
f 1891//1891 1885//1885 1884//1884
f 1884//1884 1883//1883 1886//1886
f 1884//1884 1886//1886 1994//1994
f 1994//1994 1995//1995 1884//1884
f 1891//1891 1884//1884 7195//7195
f 1672//1672 1991//1991 1879//1879
f 1780//1780 1991//1991 1672//1672
f 1780//1780 1999//1999 1991//1991
f 1999//1999 1780//1780 1887//1887
f 1887//1887 1896//1896 1898//1898
f 1898//1898 2000//2000 1887//1887
f 1892//1892 1890//1890 1788//1788
f 1890//1890 1894//1894 1893//1893
f 1889//1889 1891//1891 1788//1788
f 1892//1892 1894//1894 1890//1890
f 1891//1891 7181//7181 1788//1788
f 1894//1894 1895//1895 1893//1893
f 2003//2003 1894//1894 1892//1892
f 2010//2010 1896//1896 1674//1674
f 1674//1674 2012//2012 2010//2010
f 1897//1897 2007//2007 2012//2012
f 1898//1898 1896//1896 2006//2006
f 1896//1896 2010//2010 2006//2006
f 1790//1790 1675//1675 2019//2019
f 2019//2019 1675//1675 2005//2005
f 1900//1900 2019//2019 2153//2153
f 1901//1901 2020//2020 1797//1797
f 1901//1901 2021//2021 2020//2020
f 1902//1902 2007//2007 1897//1897
f 1902//1902 1792//1792 1903//1903
f 1903//1903 2007//2007 1902//1902
f 1900//1900 2023//2023 1677//1677
f 1900//1900 2153//2153 2023//2023
f 2023//2023 1904//1904 1677//1677
f 2025//2025 1795//1795 1905//1905
f 1906//1906 1907//1907 2026//2026
f 2025//2025 7182//7182 1795//1795
f 2034//2034 1908//1908 1685//1685
f 1685//1685 1908//1908 1799//1799
f 1907//1907 1799//1799 1908//1908
f 1906//1906 1799//1799 1907//1907
f 1907//1907 1908//1908 2026//2026
f 2037//2037 1910//1910 1909//1909
f 1910//1910 1911//1911 1688//1688
f 1911//1911 1912//1912 1689//1689
f 1914//1914 1912//1912 2168//2168
f 1694//1694 2294//2294 1805//1805
f 1805//1805 2042//2042 1804//1804
f 1806//1806 2043//2043 1697//1697
f 1923//1923 1695//1695 1809//1809
f 1695//1695 1918//1918 1598//1598
f 1695//1695 1916//1916 2044//2044
f 1916//1916 1695//1695 1923//1923
f 1918//1918 2045//2045 1917//1917
f 1918//1918 1695//1695 2044//2044
f 1918//1918 2172//2172 2045//2045
f 1807//1807 1697//1697 2043//2043
f 1807//1807 1915//1915 1919//1919
f 1807//1807 2043//2043 1915//1915
f 2046//2046 1813//1813 1919//1919
f 1920//1920 2170//2170 1813//1813
f 1813//1813 2046//2046 1920//1920
f 1915//1915 2046//2046 1919//1919
f 1924//1924 1699//1699 2062//2062
f 1809//1809 1921//1921 7183//7183
f 1924//1924 1922//1922 1699//1699
f 1921//1921 1699//1699 1922//1922
f 1921//1921 2051//2051 7183//7183
f 7183//7183 2051//2051 1925//1925
f 1916//1916 1923//1923 7184//7184
f 7211//7211 1817//1817 1812//1812
f 2170//2170 1810//1810 1813//1813
f 1810//1810 2170//2170 1811//1811
f 7211//7211 1926//1926 1817//1817
f 2056//2056 1927//1927 1817//1817
f 2067//2067 1705//1705 1814//1814
f 1705//1705 2067//2067 1928//1928
f 1937//1937 2068//2068 1929//1929
f 1929//1929 2058//2058 1425//1425
f 1929//1929 2068//2068 2058//2058
f 1425//1425 2058//2058 2059//2059
f 2059//2059 2058//2058 2195//2195
f 2185//2185 2060//2060 2059//2059
f 1706//1706 2187//2187 1930//1930
f 2187//2187 2061//2061 1930//1930
f 2061//2061 1815//1815 1930//1930
f 2190//2190 1815//1815 2061//2061
f 1699//1699 1808//1808 7201//7201
f 1808//1808 2442//2442 7201//7201
f 2063//2063 1938//1938 1816//1816
f 2063//2063 1816//1816 1927//1927
f 1934//1934 1818//1818 1933//1933
f 2311//2311 1933//1933 1818//1818
f 1820//1820 1935//1935 7169//7169
f 2066//2066 7169//7169 1935//1935
f 1935//1935 1820//1820 1936//1936
f 1935//1935 1936//1936 2065//2065
f 2065//2065 2066//2066 1935//1935
f 1941//1941 1821//1821 1938//1938
f 1941//1941 1938//1938 2072//2072
f 1816//1816 1938//1938 1821//1821
f 1824//1824 1939//1939 1940//1940
f 1823//1823 2201//2201 1939//1939
f 2201//2201 1823//1823 2069//2069
f 1939//1939 2201//2201 1940//1940
f 1941//1941 2072//2072 1942//1942
f 2072//2072 2073//2073 1942//1942
f 1943//1943 1823//1823 1827//1827
f 2208//2208 1943//1943 2084//2084
f 1949//1949 1620//1620 2078//2078
f 1436//1436 1944//1944 2078//2078
f 2078//2078 1944//1944 2080//2080
f 1944//1944 1942//1942 2080//2080
f 1621//1621 1828//1828 1945//1945
f 1621//1621 1945//1945 2083//2083
f 2083//2083 1945//1945 2085//2085
f 1945//1945 1828//1828 2085//2085
f 2085//2085 1828//1828 1721//1721
f 1723//1723 1947//1947 1946//1946
f 1946//1946 1947//1947 2091//2091
f 1954//1954 1953//1953 1955//1955
f 2089//2089 1955//1955 1948//1948
f 1830//1830 1948//1948 1955//1955
f 1948//1948 1831//1831 1734//1734
f 1734//1734 1620//1620 2090//2090
f 1620//1620 1949//1949 2090//2090
f 2218//2218 1734//1734 2090//2090
f 2078//2078 2090//2090 1949//1949
f 1723//1723 1832//1832 1947//1947
f 1947//1947 1832//1832 2092//2092
f 2091//2091 1947//1947 2092//2092
f 2092//2092 1832//1832 2221//2221
f 1833//1833 1834//1834 2094//2094
f 2093//2093 1834//1834 1950//1950
f 1833//1833 2094//2094 2221//2221
f 2094//2094 1834//1834 2093//2093
f 2338//2338 2221//2221 2094//2094
f 2222//2222 1950//1950 2095//2095
f 1835//1835 2098//2098 2096//2096
f 1836//1836 2098//2098 1835//1835
f 1737//1737 7161//7161 2102//2102
f 2236//2236 1952//1952 2099//2099
f 1952//1952 1953//1953 2099//2099
f 1953//1953 1954//1954 2099//2099
f 1737//1737 2102//2102 1956//1956
f 1956//1956 2102//2102 2348//2348
f 1958//1958 2101//2101 1738//1738
f 2101//2101 2234//2234 1738//1738
f 1958//1958 1957//1957 7203//7203
f 1957//1957 1841//1841 7203//7203
f 1959//1959 7203//7203 1842//1842
f 2238//2238 7203//7203 1959//1959
f 2238//2238 1959//1959 1961//1961
f 1961//1961 1750//1750 1960//1960
f 1750//1750 1644//1644 1960//1960
f 1960//1960 1644//1644 1963//1963
f 1960//1960 1963//1963 1961//1961
f 1961//1961 1963//1963 2238//2238
f 1962//1962 1845//1845 1964//1964
f 2240//2240 1962//1962 1964//1964
f 1975//1975 1849//1849 2112//2112
f 1966//1966 1967//1967 1852//1852
f 1966//1966 1976//1976 1967//1967
f 1966//1966 2113//2113 1976//1976
f 1966//1966 1848//1848 2116//2116
f 7175//7175 7174//7174 1969//1969
f 1855//1855 1854//1854 1969//1969
f 1858//1858 1972//1972 1973//1973
f 1854//1854 2104//2104 1969//1969
f 2104//2104 2244//2244 1969//1969
f 2244//2244 7175//7175 1969//1969
f 1972//1972 2105//2105 1973//1973
f 1971//1971 1859//1859 2107//2107
f 1971//1971 2107//2107 1972//1972
f 2107//2107 2105//2105 1972//1972
f 2105//2105 2107//2107 2108//2108
f 1965//1965 2109//2109 1964//1964
f 1965//1965 2111//2111 2109//2109
f 1975//1975 2112//2112 2363//2363
f 1976//1976 1977//1977 1967//1967
f 1976//1976 2113//2113 1977//1977
f 7188//7188 1977//1977 2115//2115
f 1849//1849 7188//7188 2115//2115
f 2115//2115 1977//1977 2114//2114
f 1977//1977 2113//2113 2114//2114
f 1984//1984 2118//2118 1871//1871
f 1871//1871 2118//2118 7164//7164
f 2118//2118 1984//1984 2136//2136
f 2118//2118 2119//2119 7164//7164
f 7164//7164 2119//2119 1863//1863
f 1863//1863 2122//2122 1865//1865
f 1865//1865 2122//2122 1978//1978
f 1981//1981 1867//1867 1979//1979
f 1979//1979 1866//1866 2124//2124
f 2124//2124 1866//1866 2126//2126
f 2125//2125 1979//1979 2124//2124
f 1979//1979 2125//2125 2127//2127
f 2128//2128 1868//1868 1980//1980
f 1981//1981 2128//2128 1980//1980
f 2129//2129 1981//1981 1979//1979
f 2127//2127 2129//2129 1979//1979
f 2135//2135 1868//1868 2132//2132
f 2131//2131 2134//2134 1982//1982
f 7189//7189 1984//1984 1871//1871
f 7192//7192 7190//7190 1985//1985
f 7194//7194 7191//7191 7179//7179
f 7207//7207 7193//7193 7194//7194
f 1880//1880 1987//1987 1873//1873
f 1987//1987 1986//1986 1873//1873
f 7194//7194 7179//7179 1986//1986
f 2137//2137 7194//7194 1986//1986
f 7194//7194 2137//2137 7207//7207
f 2138//2138 2137//2137 1986//1986
f 2138//2138 1986//1986 1987//1987
f 2135//2135 1874//1874 1868//1868
f 2135//2135 2131//2131 1874//1874
f 2131//2131 1982//1982 1877//1877
f 1982//1982 2144//2144 1877//1877
f 1880//1880 1879//1879 1989//1989
f 1879//1879 1991//1991 1989//1989
f 1987//1987 1880//1880 1990//1990
f 1987//1987 1990//1990 2139//2139
f 1880//1880 1989//1989 1990//1990
f 1991//1991 1999//1999 1992//1992
f 1992//1992 1999//1999 2001//2001
f 1990//1990 1989//1989 2143//2143
f 2143//2143 1989//1989 1991//1991
f 1991//1991 1992//1992 2147//2147
f 2147//2147 1992//1992 2001//2001
f 2147//2147 2143//2143 1991//1991
f 1993//1993 1994//1994 1886//1886
f 1891//1891 7195//7195 1996//1996
f 1891//1891 1996//1996 2004//2004
f 1994//1994 1997//1997 1995//1995
f 1996//1996 7195//7195 1997//1997
f 1998//1998 1997//1997 1994//1994
f 2148//2148 1994//1994 1993//1993
f 1993//1993 1988//1988 2148//2148
f 2148//2148 1998//1998 1994//1994
f 2004//2004 1996//1996 1997//1997
f 1998//1998 2004//2004 1997//1997
f 1999//1999 1887//1887 2001//2001
f 2001//2001 1887//1887 2000//2000
f 2013//2013 2002//2002 2000//2000
f 2016//2016 2002//2002 2013//2013
f 2001//2001 2000//2000 2149//2149
f 2002//2002 2016//2016 2150//2150
f 2000//2000 2002//2002 2149//2149
f 2150//2150 2016//2016 2262//2262
f 1891//1891 2004//2004 7181//7181
f 2003//2003 1892//1892 2004//2004
f 2261//2261 2003//2003 2004//2004
f 2261//2261 1894//1894 2003//2003
f 1898//1898 2008//2008 2000//2000
f 7196//7196 1898//1898 2006//2006
f 7196//7196 2006//2006 2009//2009
f 2009//2009 2006//2006 2010//2010
f 2008//2008 2013//2013 2000//2000
f 2009//2009 2010//2010 2011//2011
f 7196//7196 2009//2009 2014//2014
f 2014//2014 2009//2009 2011//2011
f 2008//2008 7197//7197 2013//2013
f 2011//2011 2010//2010 2018//2018
f 7198//7198 2010//2010 2012//2012
f 2012//2012 2007//2007 2015//2015
f 2016//2016 2013//2013 7197//7197
f 2014//2014 2011//2011 2017//2017
f 2007//2007 1903//1903 2015//2015
f 2016//2016 2014//2014 2017//2017
f 2016//2016 2017//2017 2262//2262
f 2011//2011 2018//2018 2017//2017
f 2262//2262 2017//2017 2018//2018
f 1790//1790 2019//2019 1899//1899
f 1900//1900 1899//1899 2019//2019
f 2023//2023 2153//2153 2154//2154
f 7182//7182 2025//2025 2021//2021
f 2020//2020 2156//2156 1796//1796
f 2020//2020 2021//2021 2156//2156
f 2156//2156 2155//2155 1796//1796
f 1796//1796 2155//2155 1792//1792
f 2025//2025 2157//2157 2021//2021
f 1903//1903 1792//1792 2022//2022
f 1903//1903 2022//2022 2269//2269
f 2152//2152 1792//1792 2155//2155
f 2022//2022 1792//1792 2152//2152
f 2030//2030 1904//1904 2158//2158
f 2023//2023 2024//2024 1904//1904
f 2023//2023 2154//2154 2024//2024
f 2272//2272 1904//1904 2024//2024
f 2272//2272 2158//2158 1904//1904
f 2158//2158 2278//2278 2030//2030
f 2025//2025 1905//1905 2027//2027
f 1906//1906 2027//2027 1905//1905
f 2029//2029 1908//1908 2034//2034
f 1906//1906 2026//2026 2027//2027
f 2026//2026 1908//1908 2029//2029
f 2159//2159 2157//2157 2027//2027
f 2157//2157 2025//2025 2027//2027
f 2027//2027 2026//2026 2028//2028
f 2028//2028 2159//2159 2027//2027
f 2159//2159 2028//2028 2029//2029
f 2028//2028 2026//2026 2029//2029
f 2032//2032 2033//2033 2034//2034
f 1800//1800 2033//2033 2032//2032
f 2033//2033 1800//1800 2160//2160
f 2034//2034 2033//2033 2035//2035
f 2033//2033 2036//2036 2035//2035
f 2035//2035 2036//2036 2034//2034
f 2029//2029 2034//2034 2036//2036
f 2029//2029 2036//2036 2160//2160
f 2036//2036 2033//2033 2160//2160
f 1800//1800 1802//1802 2038//2038
f 2039//2039 2162//2162 1802//1802
f 1800//1800 2038//2038 2160//2160
f 2160//2160 2038//2038 2161//2161
f 2161//2161 2038//2038 2163//2163
f 1910//1910 2037//2037 1911//1911
f 2039//2039 1801//1801 2040//2040
f 2040//2040 1801//1801 2287//2287
f 1911//1911 2167//2167 1912//1912
f 1913//1913 1804//1804 2042//2042
f 1913//1913 2287//2287 1801//1801
f 2042//2042 2291//2291 1913//1913
f 1806//1806 1914//1914 2043//2043
f 2168//2168 2289//2289 1914//1914
f 2289//2289 2041//2041 1914//1914
f 2041//2041 2043//2043 1914//1914
f 2043//2043 2047//2047 1915//1915
f 1915//1915 2047//2047 2046//2046
f 2043//2043 2171//2171 2047//2047
f 2171//2171 2169//2169 2047//2047
f 1916//1916 2054//2054 2044//2044
f 2045//2045 2174//2174 1694//1694
f 2046//2046 2048//2048 1920//1920
f 2170//2170 2175//2175 1811//1811
f 2176//2176 7185//7185 7212//7212
f 2047//2047 2169//2169 2046//2046
f 2046//2046 2169//2169 2048//2048
f 1920//1920 2049//2049 2170//2170
f 1920//1920 7199//7199 2049//2049
f 2169//2169 2177//2177 2048//2048
f 7199//7199 2177//2177 2049//2049
f 2177//2177 2170//2170 2049//2049
f 7213//7213 2050//2050 1926//1926
f 2056//2056 1926//1926 2050//2050
f 2051//2051 2181//2181 1925//1925
f 1921//1921 1922//1922 2053//2053
f 2052//2052 7200//7200 1922//1922
f 1924//1924 2052//2052 1922//1922
f 2181//2181 2051//2051 2179//2179
f 1921//1921 2053//2053 7215//7215
f 2051//2051 1921//1921 2179//2179
f 2052//2052 2191//2191 7200//7200
f 2053//2053 7216//7216 7215//7215
f 7184//7184 2180//2180 1916//1916
f 2054//2054 2180//2180 2044//2044
f 2056//2056 2055//2055 1927//1927
f 1817//1817 1926//1926 2056//2056
f 2182//2182 2055//2055 2056//2056
f 2055//2055 2182//2182 2057//2057
f 2057//2057 1927//1927 2055//2055
f 2057//2057 2183//2183 1927//1927
f 2182//2182 2183//2183 2057//2057
f 2056//2056 2050//2050 2182//2182
f 2067//2067 2315//2315 1928//1928
f 2315//2315 1937//1937 1928//1928
f 2195//2195 2185//2185 2059//2059
f 1706//1706 2184//2184 2186//2186
f 1706//1706 2186//2186 2187//2187
f 2183//2183 2308//2308 1927//1927
f 1931//1931 2193//2193 1932//1932
f 1818//1818 2312//2312 2311//2311
f 1818//1818 1932//1932 2312//2312
f 2193//2193 2312//2312 1932//1932
f 1933//1933 2064//2064 1934//1934
f 2064//2064 1933//1933 2311//2311
f 1820//1820 2194//2194 1936//1936
f 1936//1936 2194//2194 2065//2065
f 1819//1819 7202//7202 2067//2067
f 2065//2065 2194//2194 2066//2066
f 2194//2194 2444//2444 2066//2066
f 2200//2200 2072//2072 1938//1938
f 2073//2073 2072//2072 2200//2200
f 2069//2069 1823//1823 1943//1943
f 1940//1940 2201//2201 2202//2202
f 2201//2201 2069//2069 2207//2207
f 1943//1943 2207//2207 2069//2069
f 2080//2080 1942//1942 2074//2074
f 2080//2080 2074//2074 2070//2070
f 2071//2071 2080//2080 2070//2070
f 2070//2070 2076//2076 2082//2082
f 1942//1942 2073//2073 2074//2074
f 2070//2070 2074//2074 2076//2076
f 2074//2074 2075//2075 2076//2076
f 2076//2076 2075//2075 2077//2077
f 2082//2082 2076//2076 2077//2077
f 2073//2073 2198//2198 2074//2074
f 2208//2208 2084//2084 2210//2210
f 2078//2078 2080//2080 2079//2079
f 2079//2079 2080//2080 2081//2081
f 2071//2071 2081//2081 2080//2080
f 2081//2081 2326//2326 2079//2079
f 2071//2071 2070//2070 2082//2082
f 2081//2081 2071//2071 2082//2082
f 2081//2081 2082//2082 2326//2326
f 1525//1525 1621//1621 2083//2083
f 2084//2084 1525//1525 2083//2083
f 2084//2084 2083//2083 2086//2086
f 2083//2083 2085//2085 2086//2086
f 2085//2085 1721//1721 2211//2211
f 2086//2086 2085//2085 2087//2087
f 2086//2086 2463//2463 2084//2084
f 2463//2463 2086//2086 2087//2087
f 2211//2211 2087//2087 2085//2085
f 2091//2091 2220//2220 1946//1946
f 1946//1946 2088//2088 2211//2211
f 2088//2088 1946//1946 2212//2212
f 2089//2089 1948//1948 2343//2343
f 1734//1734 2218//2218 1948//1948
f 2220//2220 2091//2091 2092//2092
f 2222//2222 2093//2093 1950//1950
f 2222//2222 2095//2095 2097//2097
f 2097//2097 2095//2095 2096//2096
f 2475//2475 2222//2222 2097//2097
f 2097//2097 2096//2096 2098//2098
f 2099//2099 2226//2226 2236//2236
f 2099//2099 1954//1954 2227//2227
f 2099//2099 2227//2227 2224//2224
f 2225//2225 2099//2099 2224//2224
f 2099//2099 2225//2225 2226//2226
f 1954//1954 1955//1955 2227//2227
f 2089//2089 2227//2227 1955//1955
f 1951//1951 1837//1837 2100//2100
f 1836//1836 1951//1951 2347//2347
f 1837//1837 2348//2348 2100//2100
f 1951//1951 2100//2100 2233//2233
f 2100//2100 2348//2348 2233//2233
f 2347//2347 1951//1951 2233//2233
f 7161//7161 2234//2234 2102//2102
f 2234//2234 2101//2101 1958//1958
f 1958//1958 7203//7203 2235//2235
f 2235//2235 7203//7203 2238//2238
f 1963//1963 1962//1962 2110//2110
f 1963//1963 2110//2110 2237//2237
f 1848//1848 2117//2117 2116//2116
f 7173//7173 1973//1973 2106//2106
f 1854//1854 2106//2106 2104//2104
f 2108//2108 2376//2376 2105//2105
f 2106//2106 1973//1973 2105//2105
f 2238//2238 1963//1963 2237//2237
f 2237//2237 2110//2110 2358//2358
f 2240//2240 1964//1964 2241//2241
f 1964//1964 2109//2109 2241//2241
f 2111//2111 1846//1846 1975//1975
f 2241//2241 2109//2109 2242//2242
f 2109//2109 2111//2111 2242//2242
f 2116//2116 2113//2113 1966//1966
f 2114//2114 2113//2113 2116//2116
f 2115//2115 2114//2114 2363//2363
f 1849//1849 2115//2115 2112//2112
f 7204//7204 7171//7171 1970//1970
f 7204//7204 1970//1970 1968//1968
f 7204//7204 1968//1968 2369//2369
f 2365//2365 2116//2116 2117//2117
f 2116//2116 2365//2365 2114//2114
f 1968//1968 1857//1857 2369//2369
f 1857//1857 7218//7218 2369//2369
f 2118//2118 2120//2120 2119//2119
f 2118//2118 2136//2136 7205//7205
f 2136//2136 2121//2121 7205//7205
f 7206//7206 2140//2140 2141//2141
f 7206//7206 2141//2141 2253//2253
f 2121//2121 7220//7220 7205//7205
f 1863//1863 2123//2123 2122//2122
f 2122//2122 2126//2126 1978//1978
f 2123//2123 2126//2126 2122//2122
f 2124//2124 2247//2247 2125//2125
f 2249//2249 2247//2247 2124//2124
f 2126//2126 2249//2249 2124//2124
f 2127//2127 2125//2125 2247//2247
f 2247//2247 2248//2248 2127//2127
f 2129//2129 2130//2130 1981//1981
f 2128//2128 1981//1981 2130//2130
f 2250//2250 2129//2129 2127//2127
f 2132//2132 1868//1868 2133//2133
f 2133//2133 1868//1868 2128//2128
f 2135//2135 2132//2132 2379//2379
f 2133//2133 2379//2379 2132//2132
f 1982//1982 2134//2134 2381//2381
f 2381//2381 2134//2134 2131//2131
f 2137//2137 2138//2138 2140//2140
f 7207//7207 2137//2137 2140//2140
f 2140//2140 7206//7206 7208//7208
f 2139//2139 2138//2138 1987//1987
f 2140//2140 2138//2138 2142//2142
f 2142//2142 2138//2138 2139//2139
f 2142//2142 2141//2141 2140//2140
f 2253//2253 2141//2141 2142//2142
f 1990//1990 2143//2143 2139//2139
f 2254//2254 2142//2142 2139//2139
f 2254//2254 2139//2139 2255//2255
f 2143//2143 2255//2255 2139//2139
f 2144//2144 2256//2256 2145//2145
f 1882//1882 2258//2258 1988//1988
f 2258//2258 2146//2146 1988//1988
f 2145//2145 2258//2258 1882//1882
f 2387//2387 2145//2145 2256//2256
f 2387//2387 2258//2258 2145//2145
f 2258//2258 2259//2259 2146//2146
f 1998//1998 7209//7209 2259//2259
f 2147//2147 2149//2149 2388//2388
f 1988//1988 7209//7209 2148//2148
f 2259//2259 2004//2004 1998//1998
f 2259//2259 2261//2261 2004//2004
f 7209//7209 1998//1998 2148//2148
f 2523//2523 2261//2261 2259//2259
f 2147//2147 2001//2001 2149//2149
f 2002//2002 2150//2150 2149//2149
f 2396//2396 1895//1895 1894//1894
f 2019//2019 2005//2005 2151//2151
f 2268//2268 2019//2019 2151//2151
f 2015//2015 2270//2270 2012//2012
f 2015//2015 1903//1903 2270//2270
f 2270//2270 1903//1903 2269//2269
f 2019//2019 2268//2268 2153//2153
f 2024//2024 2154//2154 2272//2272
f 2022//2022 2152//2152 2269//2269
f 2155//2155 2156//2156 2401//2401
f 2156//2156 2021//2021 2401//2401
f 2157//2157 2401//2401 2021//2021
f 2398//2398 2152//2152 2155//2155
f 2155//2155 2397//2397 2398//2398
f 2273//2273 2278//2278 2158//2158
f 2159//2159 2029//2029 2274//2274
f 2157//2157 2159//2159 2274//2274
f 2030//2030 2278//2278 2031//2031
f 2403//2403 2161//2161 2163//2163
f 2037//2037 1909//1909 2280//2280
f 2039//2039 2164//2164 2162//2162
f 2039//2039 2282//2282 2164//2164
f 2162//2162 2283//2283 1802//1802
f 2039//2039 2040//2040 2282//2282
f 2162//2162 2164//2164 2283//2283
f 2282//2282 2040//2040 2286//2286
f 2038//2038 1802//1802 7221//7221
f 2038//2038 7221//7221 2163//2163
f 2164//2164 2284//2284 2283//2283
f 2164//2164 2282//2282 2281//2281
f 2163//2163 2166//2166 2165//2165
f 2165//2165 2166//2166 2408//2408
f 2163//2163 7221//7221 2166//2166
f 2408//2408 2166//2166 7221//7221
f 2280//2280 2167//2167 2037//2037
f 1911//1911 2037//2037 2167//2167
f 2167//2167 2168//2168 1912//1912
f 2167//2167 2289//2289 2168//2168
f 2041//2041 2289//2289 2290//2290
f 2171//2171 2296//2296 2169//2169
f 2169//2169 7222//7222 2177//2177
f 2170//2170 2177//2177 2297//2297
f 2297//2297 2177//2177 7222//7222
f 1918//1918 2173//2173 2172//2172
f 2173//2173 1918//1918 2044//2044
f 2173//2173 2044//2044 2307//2307
f 2172//2172 2300//2300 2045//2045
f 2172//2172 2430//2430 2300//2300
f 2173//2173 2430//2430 2172//2172
f 2299//2299 2174//2174 2045//2045
f 2045//2045 2300//2300 2301//2301
f 2301//2301 2299//2299 2045//2045
f 7210//7210 2419//2419 1694//1694
f 2424//2424 2419//2419 7210//7210
f 2174//2174 2299//2299 2302//2302
f 2174//2174 2302//2302 2424//2424
f 2303//2303 2050//2050 7213//7213
f 2170//2170 2178//2178 2175//2175
f 7214//7214 2303//2303 7212//7212
f 7212//7212 2303//2303 2176//2176
f 2304//2304 2182//2182 2050//2050
f 2182//2182 2304//2304 2426//2426
f 1916//1916 2180//2180 2054//2054
f 7184//7184 2181//2181 2180//2180
f 2565//2565 2181//2181 2179//2179
f 2180//2180 2181//2181 2429//2429
f 2565//2565 2429//2429 2181//2181
f 2044//2044 2306//2306 2307//2307
f 2180//2180 2306//2306 2044//2044
f 2183//2183 2182//2182 2426//2426
f 2426//2426 2308//2308 2183//2183
f 2185//2185 2316//2316 2060//2060
f 2316//2316 2319//2319 2060//2060
f 2060//2060 2319//2319 2184//2184
f 2061//2061 2187//2187 2190//2190
f 2184//2184 2188//2188 2186//2186
f 2188//2188 2184//2184 2319//2319
f 2188//2188 2319//2319 2186//2186
f 1815//1815 2189//2189 1808//1808
f 2189//2189 1815//1815 2190//2190
f 2309//2309 2189//2189 2190//2190
f 1808//1808 2189//2189 2442//2442
f 2310//2310 2052//2052 1924//1924
f 1924//1924 2441//2441 2310//2310
f 2441//2441 1924//1924 2062//2062
f 2310//2310 2433//2433 2052//2052
f 2433//2433 2432//2432 2052//2052
f 2052//2052 2432//2432 2191//2191
f 1927//1927 2308//2308 2063//2063
f 2063//2063 2200//2200 1938//1938
f 2063//2063 2192//2192 2200//2200
f 2063//2063 2308//2308 2192//2192
f 2308//2308 2200//2200 2192//2192
f 2200//2200 2308//2308 2320//2320
f 1940//1940 2202//2202 7186//7186
f 7186//7186 2202//2202 7217//7217
f 2202//2202 2443//2443 7217//7217
f 2193//2193 7231//7231 2312//2312
f 2194//2194 1820//1820 1934//1934
f 2067//2067 7202//7202 2445//2445
f 2067//2067 2445//2445 2315//2315
f 2444//2444 2445//2445 2066//2066
f 1937//1937 2314//2314 2068//2068
f 2314//2314 1937//1937 2439//2439
f 2195//2195 2058//2058 2196//2196
f 2196//2196 2058//2058 2068//2068
f 2200//2200 2197//2197 2073//2073
f 2073//2073 2197//2197 2198//2198
f 2197//2197 2200//2200 2320//2320
f 2320//2320 2199//2199 2197//2197
f 2199//2199 2198//2198 2197//2197
f 2452//2452 2201//2201 2207//2207
f 2201//2201 2452//2452 2202//2202
f 2326//2326 2082//2082 2204//2204
f 2074//2074 2198//2198 2199//2199
f 2074//2074 2199//2199 2075//2075
f 2075//2075 2199//2199 2077//2077
f 2082//2082 2077//2077 2204//2204
f 2077//2077 2203//2203 2204//2204
f 2203//2203 2205//2205 2204//2204
f 2203//2203 2077//2077 2199//2199
f 2203//2203 2199//2199 2205//2205
f 2204//2204 2205//2205 2206//2206
f 1943//1943 2208//2208 2207//2207
f 2209//2209 2219//2219 2079//2079
f 2079//2079 2326//2326 2209//2209
f 2209//2209 2326//2326 2325//2325
f 2087//2087 2211//2211 2463//2463
f 2088//2088 2212//2212 2213//2213
f 2212//2212 1946//1946 2220//2220
f 2088//2088 2214//2214 2211//2211
f 2213//2213 2214//2214 2088//2088
f 2214//2214 2213//2213 2215//2215
f 2215//2215 2213//2213 2216//2216
f 2216//2216 2213//2213 2212//2212
f 2330//2330 2214//2214 2215//2215
f 2330//2330 2211//2211 2214//2214
f 2463//2463 2211//2211 2329//2329
f 2330//2330 2329//2329 2211//2211
f 2212//2212 2220//2220 2331//2331
f 2343//2343 2344//2344 2089//2089
f 1948//1948 2218//2218 2217//2217
f 2332//2332 1948//1948 2217//2217
f 2078//2078 2079//2079 2219//2219
f 2078//2078 2219//2219 2090//2090
f 2218//2218 2090//2090 2219//2219
f 2218//2218 2219//2219 2217//2217
f 2219//2219 2334//2334 2333//2333
f 2217//2217 2219//2219 2333//2333
f 2217//2217 2333//2333 2332//2332
f 2220//2220 2092//2092 2221//2221
f 2339//2339 2220//2220 2221//2221
f 2221//2221 2338//2338 2339//2339
f 2339//2339 2331//2331 2220//2220
f 2223//2223 2093//2093 2222//2222
f 2223//2223 2222//2222 2475//2475
f 2223//2223 2337//2337 2093//2093
f 2098//2098 2475//2475 2097//2097
f 2230//2230 2224//2224 2229//2229
f 2224//2224 2226//2226 2225//2225
f 2224//2224 2230//2230 2226//2226
f 2227//2227 2089//2089 2228//2228
f 2224//2224 2227//2227 2228//2228
f 2224//2224 2228//2228 2229//2229
f 2228//2228 2089//2089 2232//2232
f 2229//2229 2228//2228 2232//2232
f 2230//2230 2229//2229 2231//2231
f 2231//2231 2229//2229 2340//2340
f 2229//2229 2232//2232 2340//2340
f 2230//2230 2231//2231 2226//2226
f 2232//2232 2089//2089 2344//2344
f 2470//2470 2232//2232 2344//2344
f 2098//2098 1836//1836 2347//2347
f 2233//2233 2348//2348 2347//2347
f 2234//2234 1958//1958 2235//2235
f 2104//2104 2106//2106 2370//2370
f 2105//2105 2376//2376 2106//2106
f 2108//2108 2107//2107 2376//2376
f 2236//2236 2351//2351 1860//1860
f 2235//2235 2238//2238 2239//2239
f 2353//2353 2239//2239 2238//2238
f 2240//2240 2110//2110 1962//1962
f 2237//2237 2356//2356 2238//2238
f 2237//2237 2358//2358 2356//2356
f 2359//2359 2238//2238 2356//2356
f 2241//2241 2242//2242 2240//2240
f 2606//2606 2242//2242 2243//2243
f 2242//2242 2111//2111 2243//2243
f 2242//2242 2606//2606 2361//2361
f 2362//2362 2111//2111 1975//1975
f 2362//2362 2243//2243 2111//2111
f 2362//2362 1975//1975 2363//2363
f 2115//2115 2363//2363 2112//2112
f 2363//2363 2114//2114 2365//2365
f 2104//2104 2370//2370 2244//2244
f 2106//2106 2371//2371 2370//2370
f 2119//2119 2120//2120 2245//2245
f 7219//7219 7205//7205 7220//7220
f 7219//7219 7220//7220 2246//2246
f 2386//2386 2246//2246 7220//7220
f 1863//1863 2245//2245 2123//2123
f 2119//2119 2245//2245 1863//1863
f 2249//2249 2250//2250 2247//2247
f 2247//2247 2250//2250 2248//2248
f 2248//2248 2250//2250 2127//2127
f 2250//2250 2504//2504 2129//2129
f 2249//2249 2504//2504 2250//2250
f 2128//2128 2130//2130 2251//2251
f 2129//2129 2504//2504 2130//2130
f 2133//2133 2128//2128 2251//2251
f 2504//2504 2251//2251 2130//2130
f 2504//2504 2133//2133 2251//2251
f 2131//2131 2135//2135 2380//2380
f 2381//2381 2131//2131 2380//2380
f 2382//2382 2135//2135 2379//2379
f 2380//2380 2135//2135 2382//2382
f 2504//2504 2379//2379 2133//2133
f 2381//2381 2252//2252 1982//1982
f 1982//1982 2384//2384 2144//2144
f 2144//2144 2384//2384 2383//2383
f 2252//2252 2384//2384 1982//1982
f 2253//2253 2142//2142 2254//2254
f 2253//2253 2254//2254 2385//2385
f 2386//2386 2253//2253 2385//2385
f 2254//2254 2255//2255 2385//2385
f 2144//2144 2257//2257 2256//2256
f 2387//2387 2259//2259 2258//2258
f 2387//2387 2256//2256 2634//2634
f 2634//2634 2256//2256 2257//2257
f 2388//2388 2149//2149 2150//2150
f 2150//2150 2260//2260 2388//2388
f 2143//2143 2147//2147 2388//2388
f 2388//2388 2391//2391 2143//2143
f 2255//2255 2143//2143 2391//2391
f 2388//2388 2260//2260 2389//2389
f 2262//2262 2265//2265 2150//2150
f 2265//2265 2262//2262 2263//2263
f 2264//2264 7198//7198 2394//2394
f 2262//2262 2018//2018 2264//2264
f 2262//2262 2264//2264 2263//2263
f 2394//2394 2012//2012 2266//2266
f 2150//2150 2265//2265 2260//2260
f 2267//2267 2265//2265 2263//2263
f 2265//2265 2267//2267 2260//2260
f 2263//2263 2264//2264 2267//2267
f 2267//2267 2264//2264 2390//2390
f 2264//2264 2394//2394 2390//2390
f 2260//2260 2267//2267 2389//2389
f 2267//2267 2390//2390 2389//2389
f 1894//1894 2392//2392 2396//2396
f 2395//2395 2005//2005 1895//1895
f 2395//2395 2151//2151 2005//2005
f 2395//2395 2268//2268 2151//2151
f 7198//7198 2012//2012 2394//2394
f 2269//2269 2152//2152 2398//2398
f 2398//2398 2270//2270 2269//2269
f 2266//2266 2012//2012 2270//2270
f 2270//2270 2398//2398 2266//2266
f 2271//2271 2153//2153 2268//2268
f 2153//2153 2271//2271 2154//2154
f 2271//2271 2272//2272 2154//2154
f 2157//2157 2274//2274 2399//2399
f 2155//2155 2401//2401 2397//2397
f 2401//2401 2536//2536 2397//2397
f 2399//2399 2401//2401 2157//2157
f 2535//2535 2273//2273 2158//2158
f 2273//2273 2402//2402 2278//2278
f 2535//2535 2158//2158 2272//2272
f 2029//2029 2160//2160 2274//2274
f 2031//2031 2276//2276 1909//1909
f 1909//1909 2276//2276 2275//2275
f 1909//1909 2275//2275 2280//2280
f 2031//2031 2278//2278 2276//2276
f 2278//2278 2405//2405 2276//2276
f 2275//2275 2277//2277 2280//2280
f 2275//2275 2276//2276 2405//2405
f 2275//2275 2406//2406 2277//2277
f 2406//2406 2280//2280 2277//2277
f 2405//2405 2406//2406 2275//2275
f 2403//2403 2163//2163 2279//2279
f 2163//2163 2165//2165 2279//2279
f 2279//2279 2165//2165 2408//2408
f 2274//2274 2160//2160 2161//2161
f 2281//2281 2410//2410 2164//2164
f 2164//2164 2410//2410 2284//2284
f 2281//2281 2282//2282 2410//2410
f 2286//2286 2285//2285 2282//2282
f 2410//2410 2282//2282 2541//2541
f 2283//2283 2284//2284 2650//2650
f 2284//2284 2410//2410 2650//2650
f 7221//7221 7257//7257 2408//2408
f 2280//2280 2409//2409 2167//2167
f 2167//2167 2409//2409 2289//2289
f 2287//2287 2286//2286 2040//2040
f 1913//1913 2288//2288 2287//2287
f 2286//2286 2287//2287 2285//2285
f 2287//2287 2411//2411 2285//2285
f 2411//2411 2287//2287 2412//2412
f 2287//2287 2288//2288 2412//2412
f 2290//2290 2415//2415 2041//2041
f 2415//2415 2171//2171 2043//2043
f 2041//2041 2415//2415 2043//2043
f 2289//2289 2409//2409 2290//2290
f 2291//2291 2042//2042 2662//2662
f 2294//2294 1694//1694 2293//2293
f 1694//1694 2292//2292 2293//2293
f 2293//2293 2292//2292 2421//2421
f 2042//2042 2294//2294 2553//2553
f 2294//2294 2293//2293 2295//2295
f 2042//2042 7244//7244 2662//2662
f 2178//2178 2170//2170 2298//2298
f 2170//2170 2297//2297 2298//2298
f 2298//2298 2297//2297 2555//2555
f 7223//7223 2305//2305 7214//7214
f 7222//7222 2555//2555 2297//2297
f 2430//2430 2173//2173 2682//2682
f 2299//2299 2420//2420 2302//2302
f 2292//2292 1694//1694 2422//2422
f 2420//2420 2424//2424 2302//2302
f 2419//2419 2422//2422 1694//1694
f 2050//2050 2425//2425 2304//2304
f 2303//2303 2305//2305 2050//2050
f 7214//7214 2305//2305 2303//2303
f 2304//2304 7228//7228 2426//2426
f 2425//2425 2050//2050 2305//2305
f 2429//2429 2306//2306 2180//2180
f 2173//2173 2307//2307 2682//2682
f 2300//2300 2430//2430 2301//2301
f 2187//2187 2186//2186 2319//2319
f 2309//2309 2807//2807 2189//2189
f 2190//2190 2807//2807 2309//2309
f 2190//2190 2440//2440 2807//2807
f 2189//2189 2807//2807 2442//2442
f 2441//2441 2574//2574 2310//2310
f 2432//2432 2434//2434 2191//2191
f 2435//2435 2320//2320 2308//2308
f 2320//2320 2437//2437 2570//2570
f 2311//2311 2438//2438 2064//2064
f 2312//2312 2438//2438 2311//2311
f 7231//7231 2438//2438 2312//2312
f 1934//1934 2064//2064 2313//2313
f 1934//1934 2313//2313 2194//2194
f 2313//2313 2444//2444 2194//2194
f 2313//2313 2438//2438 2444//2444
f 2313//2313 2064//2064 2438//2438
f 2195//2195 2196//2196 2318//2318
f 2068//2068 2318//2318 2196//2196
f 7224//7224 7229//7229 7187//7187
f 2318//2318 2068//2068 2314//2314
f 2318//2318 2314//2314 2446//2446
f 2317//2317 2316//2316 2185//2185
f 2185//2185 2195//2195 2317//2317
f 2195//2195 2318//2318 2317//2317
f 2187//2187 2319//2319 2190//2190
f 2440//2440 2190//2190 2319//2319
f 2199//2199 2321//2321 2205//2205
f 2199//2199 2320//2320 2321//2321
f 2570//2570 2321//2321 2320//2320
f 2443//2443 2202//2202 2322//2322
f 2452//2452 2323//2323 2202//2202
f 2202//2202 2323//2323 2322//2322
f 2323//2323 2576//2576 2322//2322
f 2576//2576 2443//2443 2322//2322
f 2578//2578 2445//2445 2444//2444
f 2439//2439 2447//2447 2314//2314
f 2205//2205 2321//2321 2449//2449
f 2206//2206 2205//2205 2449//2449
f 2208//2208 2324//2324 2455//2455
f 2208//2208 2210//2210 2324//2324
f 2452//2452 2207//2207 2208//2208
f 2328//2328 2324//2324 2210//2210
f 2326//2326 2204//2204 2457//2457
f 2326//2326 2457//2457 2325//2325
f 2325//2325 2456//2456 2336//2336
f 2204//2204 2206//2206 2457//2457
f 2325//2325 2457//2457 2458//2458
f 2210//2210 2084//2084 2327//2327
f 2462//2462 2327//2327 2084//2084
f 2462//2462 2084//2084 2463//2463
f 2210//2210 2327//2327 2460//2460
f 2460//2460 2327//2327 2462//2462
f 2328//2328 2210//2210 7232//7232
f 2329//2329 2466//2466 2463//2463
f 2329//2329 2330//2330 2466//2466
f 2216//2216 2212//2212 2331//2331
f 2215//2215 2216//2216 2331//2331
f 2215//2215 2331//2331 2465//2465
f 2330//2330 2215//2215 2465//2465
f 1948//1948 2332//2332 2343//2343
f 2343//2343 2332//2332 2471//2471
f 2332//2332 2473//2473 2471//2471
f 2332//2332 2333//2333 2473//2473
f 2474//2474 2333//2333 2334//2334
f 2473//2473 2333//2333 2474//2474
f 2335//2335 2334//2334 2219//2219
f 2334//2334 2335//2335 7233//7233
f 2325//2325 2219//2219 2209//2209
f 2219//2219 2325//2325 2335//2335
f 2335//2335 2325//2325 2336//2336
f 2469//2469 2331//2331 2339//2339
f 2331//2331 2469//2469 2714//2714
f 2094//2094 2093//2093 2337//2337
f 2338//2338 2094//2094 2337//2337
f 2341//2341 2226//2226 2231//2231
f 2340//2340 2232//2232 2470//2470
f 2340//2340 2341//2341 2231//2231
f 2342//2342 2341//2341 2340//2340
f 2482//2482 2341//2341 2342//2342
f 2342//2342 2340//2340 2484//2484
f 2484//2484 2340//2340 2470//2470
f 2342//2342 2484//2484 2482//2482
f 2471//2471 2344//2344 2343//2343
f 2098//2098 2477//2477 2475//2475
f 2098//2098 2345//2345 2346//2346
f 2098//2098 2347//2347 2345//2345
f 2477//2477 2098//2098 2346//2346
f 2347//2347 2476//2476 2345//2345
f 2476//2476 2346//2346 2345//2345
f 2594//2594 2347//2347 2348//2348
f 2234//2234 2235//2235 2349//2349
f 2349//2349 2102//2102 2234//2234
f 2348//2348 2102//2102 2349//2349
f 2596//2596 2235//2235 2595//2595
f 2349//2349 2235//2235 2596//2596
f 2239//2239 2485//2485 2235//2235
f 2107//2107 1974//1974 2612//2612
f 1860//1860 2479//2479 1974//1974
f 1974//1974 2479//2479 2350//2350
f 2731//2731 1974//1974 2350//2350
f 1860//1860 2351//2351 2479//2479
f 2351//2351 2236//2236 2352//2352
f 2351//2351 2352//2352 2598//2598
f 2351//2351 2598//2598 2479//2479
f 2352//2352 2236//2236 2598//2598
f 2485//2485 2239//2239 2354//2354
f 2239//2239 2355//2355 2354//2354
f 2353//2353 2355//2355 2239//2239
f 2358//2358 2110//2110 2357//2357
f 2240//2240 2357//2357 2110//2110
f 2238//2238 2359//2359 2353//2353
f 2356//2356 2358//2358 2603//2603
f 2356//2356 2603//2603 2359//2359
f 2240//2240 2242//2242 2360//2360
f 2242//2242 2361//2361 2360//2360
f 2240//2240 2488//2488 2357//2357
f 2360//2360 2488//2488 2240//2240
f 2605//2605 2488//2488 2360//2360
f 2243//2243 2362//2362 2606//2606
f 2363//2363 2365//2365 2367//2367
f 2363//2363 2364//2364 2489//2489
f 2365//2365 2117//2117 2366//2366
f 2366//2366 2367//2367 2365//2365
f 2492//2492 2366//2366 2117//2117
f 2363//2363 2367//2367 2500//2500
f 2366//2366 2492//2492 2490//2490
f 2500//2500 2367//2367 2490//2490
f 2367//2367 2366//2366 2490//2490
f 7204//7204 2369//2369 2368//2368
f 2369//2369 2607//2607 2368//2368
f 2368//2368 2607//2607 7204//7204
f 7218//7218 2370//2370 2369//2369
f 2371//2371 2106//2106 2372//2372
f 2370//2370 2371//2371 2373//2373
f 2370//2370 2373//2373 2374//2374
f 2373//2373 2371//2371 2374//2374
f 2374//2374 2371//2371 2375//2375
f 2106//2106 2376//2376 2372//2372
f 2372//2372 2376//2376 2497//2497
f 7219//7219 2246//2246 2377//2377
f 7226//7226 2123//2123 2245//2245
f 7226//7226 2378//2378 2123//2123
f 2246//2246 2501//2501 2377//2377
f 2377//2377 2501//2501 7227//7227
f 2502//2502 2501//2501 2246//2246
f 2378//2378 2617//2617 2123//2123
f 2123//2123 2249//2249 2126//2126
f 2382//2382 2381//2381 2380//2380
f 2620//2620 2381//2381 2382//2382
f 2382//2382 2379//2379 2745//2745
f 2505//2505 2745//2745 2379//2379
f 2504//2504 2505//2505 2379//2379
f 2381//2381 2622//2622 2252//2252
f 2622//2622 2384//2384 2252//2252
f 2384//2384 2622//2622 2621//2621
f 2620//2620 2622//2622 2381//2381
f 2383//2383 2257//2257 2144//2144
f 2384//2384 2621//2621 2383//2383
f 2383//2383 2506//2506 2257//2257
f 2506//2506 2383//2383 2621//2621
f 2514//2514 2385//2385 2255//2255
f 2514//2514 2255//2255 2511//2511
f 2255//2255 2391//2391 2510//2510
f 2510//2510 2511//2511 2255//2255
f 2387//2387 2523//2523 2259//2259
f 2389//2389 2391//2391 2388//2388
f 2391//2391 2389//2389 2517//2517
f 2389//2389 2390//2390 2517//2517
f 1894//1894 2639//2639 2392//2392
f 2261//2261 2393//2393 1894//1894
f 2639//2639 1894//1894 2393//2393
f 2261//2261 7241//7241 2393//2393
f 7241//7241 2639//2639 2393//2393
f 2524//2524 2396//2396 2392//2392
f 2266//2266 2527//2527 2394//2394
f 2398//2398 2528//2528 2266//2266
f 2531//2531 2395//2395 1895//1895
f 2396//2396 2531//2531 1895//1895
f 2531//2531 2641//2641 2395//2395
f 2524//2524 2531//2531 2396//2396
f 2268//2268 2641//2641 2642//2642
f 2642//2642 2271//2271 2268//2268
f 2395//2395 2641//2641 2268//2268
f 2271//2271 2766//2766 2272//2272
f 2642//2642 2766//2766 2271//2271
f 2397//2397 2536//2536 2532//2532
f 2532//2532 2398//2398 2397//2397
f 2400//2400 2399//2399 2274//2274
f 2273//2273 2535//2535 2402//2402
f 2161//2161 2404//2404 2274//2274
f 2274//2274 2537//2537 2400//2400
f 2274//2274 2404//2404 2537//2537
f 2161//2161 2403//2403 2404//2404
f 2278//2278 2407//2407 2405//2405
f 2402//2402 2407//2407 2278//2278
f 2405//2405 2540//2540 2406//2406
f 2406//2406 2540//2540 2280//2280
f 2409//2409 2280//2280 2648//2648
f 2407//2407 2540//2540 2405//2405
f 2648//2648 2776//2776 2409//2409
f 2541//2541 2282//2282 2285//2285
f 2411//2411 2541//2541 2285//2285
f 2409//2409 2414//2414 2290//2290
f 2412//2412 2288//2288 1913//1913
f 2412//2412 1913//1913 2413//2413
f 1913//1913 2896//2896 2413//2413
f 2290//2290 2414//2414 2415//2415
f 2291//2291 2896//2896 1913//1913
f 2171//2171 2415//2415 2417//2417
f 2417//2417 2416//2416 2171//2171
f 2171//2171 2416//2416 2296//2296
f 2416//2416 2417//2417 2658//2658
f 2547//2547 2416//2416 2658//2658
f 2415//2415 2659//2659 2417//2417
f 2295//2295 2550//2550 2294//2294
f 2295//2295 2293//2293 2551//2551
f 2551//2551 2550//2550 2295//2295
f 2421//2421 2548//2548 2293//2293
f 2418//2418 2425//2425 2305//2305
f 2416//2416 2547//2547 2296//2296
f 2555//2555 7222//7222 7243//7243
f 7223//7223 2557//2557 2305//2305
f 2299//2299 2796//2796 2420//2420
f 2423//2423 2558//2558 2292//2292
f 2292//2292 2558//2558 2421//2421
f 2292//2292 2422//2422 2423//2423
f 2423//2423 2422//2422 2558//2558
f 2422//2422 2419//2419 2676//2676
f 2421//2421 2558//2558 2548//2548
f 2308//2308 2426//2426 2427//2427
f 2426//2426 2560//2560 2427//2427
f 2426//2426 7228//7228 2428//2428
f 2426//2426 2428//2428 2560//2560
f 2560//2560 2563//2563 2427//2427
f 2430//2430 2431//2431 2301//2301
f 2682//2682 2684//2684 2430//2430
f 2562//2562 2682//2682 2307//2307
f 2307//2307 2306//2306 2561//2561
f 2307//2307 2561//2561 2562//2562
f 2301//2301 2683//2683 2299//2299
f 2431//2431 2683//2683 2301//2301
f 2430//2430 2683//2683 2431//2431
f 2299//2299 2683//2683 2796//2796
f 2563//2563 2436//2436 2308//2308
f 2427//2427 2563//2563 2308//2308
f 2433//2433 2434//2434 2432//2432
f 2310//2310 2567//2567 2433//2433
f 2567//2567 2434//2434 2433//2433
f 2434//2434 7215//7215 7216//7216
f 2429//2429 2565//2565 2689//2689
f 2435//2435 2308//2308 2436//2436
f 2320//2320 2435//2435 2437//2437
f 2435//2435 2436//2436 2437//2437
f 2437//2437 2571//2571 2570//2570
f 7224//7224 2579//2579 7229//7229
f 2447//2447 2439//2439 2579//2579
f 2446//2446 2580//2580 2318//2318
f 2318//2318 2580//2580 2317//2317
f 2824//2824 2319//2319 2316//2316
f 2316//2316 2317//2317 2824//2824
f 2580//2580 2572//2572 2317//2317
f 2824//2824 2573//2573 2319//2319
f 2807//2807 2440//2440 2573//2573
f 2319//2319 2573//2573 2440//2440
f 2441//2441 2062//2062 7230//7230
f 2570//2570 2449//2449 2321//2321
f 2707//2707 2449//2449 2570//2570
f 2323//2323 2928//2928 2576//2576
f 2576//2576 2575//2575 2443//2443
f 7231//7231 2575//2575 2438//2438
f 2579//2579 7224//7224 2702//2702
f 2314//2314 2447//2447 2446//2446
f 2447//2447 2580//2580 2446//2446
f 2206//2206 2450//2450 2457//2457
f 2448//2448 2457//2457 2450//2450
f 2206//2206 2449//2449 2450//2450
f 2452//2452 2451//2451 2323//2323
f 2452//2452 2208//2208 2455//2455
f 2454//2454 2323//2323 2451//2451
f 2452//2452 2454//2454 2451//2451
f 2454//2454 2452//2452 2455//2455
f 2453//2453 2324//2324 2328//2328
f 2455//2455 2324//2324 2453//2453
f 2585//2585 2455//2455 2453//2453
f 2585//2585 2453//2453 2584//2584
f 2323//2323 2454//2454 2585//2585
f 2454//2454 2455//2455 2585//2585
f 2336//2336 2456//2456 2468//2468
f 2468//2468 2335//2335 2336//2336
f 2459//2459 2468//2468 2456//2456
f 2325//2325 2458//2458 2448//2448
f 2325//2325 2448//2448 2456//2456
f 2459//2459 2713//2713 2468//2468
f 2458//2458 2457//2457 2448//2448
f 2456//2456 2448//2448 2459//2459
f 2453//2453 2328//2328 7232//7232
f 2461//2461 2453//2453 7232//7232
f 2460//2460 2462//2462 2461//2461
f 2584//2584 2453//2453 2461//2461
f 2584//2584 2461//2461 2586//2586
f 2462//2462 2463//2463 2464//2464
f 2586//2586 2461//2461 2462//2462
f 2586//2586 2462//2462 2464//2464
f 2463//2463 2586//2586 2464//2464
f 2466//2466 2586//2586 2463//2463
f 2465//2465 2466//2466 2330//2330
f 2467//2467 7233//7233 2335//2335
f 2467//2467 2335//2335 2588//2588
f 2467//2467 2588//2588 2718//2718
f 2588//2588 2335//2335 2468//2468
f 2337//2337 2223//2223 2475//2475
f 2589//2589 2484//2484 2470//2470
f 2344//2344 2471//2471 2472//2472
f 2470//2470 2344//2344 2591//2591
f 2344//2344 2472//2472 2591//2591
f 2471//2471 2473//2473 2590//2590
f 2471//2471 2590//2590 2472//2472
f 2591//2591 2472//2472 2592//2592
f 2473//2473 2474//2474 2719//2719
f 2467//2467 2718//2718 7233//7233
f 7233//7233 2718//2718 7265//7265
f 2473//2473 2719//2719 2837//2837
f 2475//2475 2477//2477 2939//2939
f 2476//2476 2347//2347 2478//2478
f 2350//2350 2479//2479 2480//2480
f 2479//2479 2848//2848 2480//2480
f 2236//2236 2597//2597 2598//2598
f 2236//2236 2481//2481 2597//2597
f 2481//2481 2236//2236 2226//2226
f 2481//2481 2226//2226 2341//2341
f 2483//2483 2481//2481 2341//2341
f 2482//2482 2483//2483 2341//2341
f 2483//2483 2482//2482 2484//2484
f 2485//2485 2354//2354 2601//2601
f 2354//2354 2355//2355 2601//2601
f 2487//2487 2355//2355 2353//2353
f 2486//2486 2355//2355 2487//2487
f 2601//2601 2355//2355 2486//2486
f 2487//2487 2353//2353 2950//2950
f 2950//2950 2353//2353 2359//2359
f 2605//2605 2360//2360 2361//2361
f 2357//2357 2604//2604 2358//2358
f 2488//2488 2604//2604 2357//2357
f 2603//2603 2602//2602 2359//2359
f 2604//2604 2603//2603 2358//2358
f 2361//2361 2606//2606 2605//2605
f 2362//2362 2736//2736 2606//2606
f 3074//3074 2362//2362 2489//2489
f 2362//2362 2363//2363 2489//2489
f 2489//2489 2364//2364 2739//2739
f 2364//2364 2363//2363 2500//2500
f 2117//2117 2491//2491 2492//2492
f 2490//2490 2492//2492 2860//2860
f 2860//2860 2492//2492 2493//2493
f 2491//2491 2117//2117 2493//2493
f 2492//2492 2491//2491 2493//2493
f 2370//2370 2374//2374 2369//2369
f 2374//2374 2375//2375 2740//2740
f 2369//2369 2374//2374 7249//7249
f 2372//2372 2496//2496 2371//2371
f 2375//2375 2371//2371 2498//2498
f 2498//2498 2371//2371 2496//2496
f 2375//2375 2498//2498 2499//2499
f 2375//2375 2499//2499 2494//2494
f 2375//2375 2494//2494 2740//2740
f 2497//2497 2376//2376 2495//2495
f 7225//7225 2497//2497 7235//7235
f 2494//2494 2499//2499 2609//2609
f 2499//2499 2498//2498 2609//2609
f 2496//2496 2609//2609 2498//2498
f 2495//2495 2376//2376 2611//2611
f 2495//2495 2610//2610 2497//2497
f 2376//2376 2107//2107 2612//2612
f 2376//2376 2612//2612 2611//2611
f 1974//1974 2731//2731 2612//2612
f 2350//2350 2480//2480 2731//2731
f 2731//2731 2480//2480 2613//2613
f 2617//2617 2618//2618 2123//2123
f 2617//2617 2742//2742 2618//2618
f 2123//2123 2618//2618 2249//2249
f 2386//2386 2502//2502 2246//2246
f 2501//2501 7250//7250 7227//7227
f 7250//7250 2501//2501 2502//2502
f 2624//2624 2502//2502 2386//2386
f 2503//2503 7250//7250 2502//2502
f 2618//2618 2504//2504 2249//2249
f 2504//2504 2745//2745 2505//2505
f 2506//2506 2634//2634 2257//2257
f 7239//7239 2386//2386 2385//2385
f 2508//2508 2509//2509 2507//2507
f 7237//7237 7236//7236 7238//7238
f 7239//7239 2624//2624 2386//2386
f 2511//2511 2510//2510 2512//2512
f 2510//2510 2391//2391 2512//2512
f 2515//2515 2513//2513 2625//2625
f 2513//2513 2515//2515 2511//2511
f 2513//2513 2511//2511 2512//2512
f 2514//2514 2511//2511 2515//2515
f 2625//2625 2513//2513 2512//2512
f 2514//2514 2515//2515 2625//2625
f 7253//7253 7252//7252 7240//7240
f 2512//2512 2391//2391 2516//2516
f 2628//2628 2512//2512 2516//2516
f 2520//2520 2521//2521 2628//2628
f 2628//2628 2516//2516 2520//2520
f 2523//2523 2387//2387 2635//2635
f 2517//2517 2390//2390 2394//2394
f 2391//2391 2519//2519 2518//2518
f 2391//2391 2517//2517 2519//2519
f 2518//2518 2519//2519 2520//2520
f 2519//2519 2517//2517 2520//2520
f 2520//2520 2517//2517 2522//2522
f 2517//2517 2394//2394 2522//2522
f 2516//2516 2391//2391 2518//2518
f 2520//2520 2516//2516 2518//2518
f 2520//2520 2522//2522 2521//2521
f 2522//2522 2394//2394 2526//2526
f 2639//2639 2525//2525 2392//2392
f 2639//2639 7241//7241 2640//2640
f 2525//2525 2524//2524 2392//2392
f 2524//2524 2525//2525 2531//2531
f 2394//2394 2527//2527 2526//2526
f 2266//2266 2528//2528 2527//2527
f 2528//2528 2529//2529 2527//2527
f 2528//2528 2398//2398 2529//2529
f 2529//2529 2526//2526 2527//2527
f 2526//2526 2529//2529 2522//2522
f 2398//2398 2530//2530 2529//2529
f 2530//2530 2398//2398 2534//2534
f 2525//2525 2641//2641 2531//2531
f 2641//2641 2870//2870 2642//2642
f 2398//2398 2532//2532 2534//2534
f 2532//2532 2536//2536 2533//2533
f 2767//2767 2402//2402 2535//2535
f 2537//2537 2643//2643 2400//2400
f 2643//2643 2539//2539 2770//2770
f 2401//2401 2399//2399 2536//2536
f 2400//2400 2536//2536 2399//2399
f 2536//2536 2400//2400 2644//2644
f 2407//2407 2402//2402 2646//2646
f 2537//2537 2404//2404 2643//2643
f 2643//2643 2404//2404 2539//2539
f 2404//2404 2403//2403 2539//2539
f 2540//2540 2648//2648 2280//2280
f 2540//2540 2407//2407 2649//2649
f 2279//2279 2538//2538 2403//2403
f 2279//2279 2408//2408 2647//2647
f 2279//2279 2647//2647 7242//7242
f 2409//2409 2776//2776 2542//2542
f 2542//2542 2776//2776 2775//2775
f 2541//2541 2650//2650 2410//2410
f 2414//2414 2409//2409 2542//2542
f 2414//2414 2542//2542 2652//2652
f 2414//2414 2652//2652 2653//2653
f 2413//2413 2541//2541 2412//2412
f 2412//2412 2541//2541 2411//2411
f 2414//2414 2544//2544 2543//2543
f 2543//2543 2415//2415 2414//2414
f 2544//2544 2545//2545 2543//2543
f 2543//2543 2545//2545 2415//2415
f 2545//2545 2546//2546 2415//2415
f 2415//2415 2546//2546 2655//2655
f 2657//2657 2545//2545 2544//2544
f 2546//2546 2545//2545 2657//2657
f 2659//2659 2658//2658 2417//2417
f 2415//2415 2655//2655 2659//2659
f 2555//2555 7243//7243 2783//2783
f 2783//2783 2784//2784 2555//2555
f 2550//2550 2549//2549 2294//2294
f 2294//2294 2554//2554 2553//2553
f 2554//2554 2294//2294 2549//2549
f 2550//2550 2554//2554 2549//2549
f 2293//2293 2552//2552 2551//2551
f 2548//2548 2552//2552 2293//2293
f 2548//2548 2672//2672 2552//2552
f 2551//2551 2791//2791 2550//2550
f 2551//2551 2552//2552 7281//7281
f 2790//2790 2554//2554 2550//2550
f 2791//2791 2790//2790 2550//2550
f 2555//2555 7246//7246 2298//2298
f 2557//2557 2556//2556 2305//2305
f 7245//7245 2418//2418 2305//2305
f 2418//2418 2664//2664 2425//2425
f 7228//7228 7260//7260 2428//2428
f 7260//7260 2560//2560 2428//2428
f 7246//7246 2555//2555 2784//2784
f 2663//2663 2418//2418 7245//7245
f 2664//2664 2418//2418 7259//7259
f 2420//2420 2796//2796 2424//2424
f 2422//2422 2676//2676 2559//2559
f 2559//2559 2558//2558 2422//2422
f 2419//2419 2424//2424 2669//2669
f 2669//2669 2424//2424 2668//2668
f 2424//2424 2670//2670 2668//2668
f 2548//2548 2558//2558 2672//2672
f 2558//2558 2559//2559 2673//2673
f 2558//2558 2673//2673 2672//2672
f 2560//2560 2679//2679 2563//2563
f 2679//2679 2560//2560 2677//2677
f 2306//2306 2691//2691 2561//2561
f 2561//2561 2691//2691 2562//2562
f 2682//2682 2562//2562 2691//2691
f 2796//2796 2670//2670 2424//2424
f 2563//2563 2686//2686 2436//2436
f 2436//2436 2686//2686 2564//2564
f 2436//2436 2564//2564 2437//2437
f 2564//2564 2686//2686 2685//2685
f 2574//2574 2906//2906 2310//2310
f 2179//2179 2568//2568 2565//2565
f 2567//2567 2566//2566 2434//2434
f 2906//2906 2567//2567 2310//2310
f 2689//2689 2565//2565 2568//2568
f 7215//7215 2434//2434 2568//2568
f 2429//2429 2689//2689 2688//2688
f 2306//2306 2429//2429 2569//2569
f 2306//2306 2569//2569 2805//2805
f 2569//2569 7264//7264 2805//2805
f 2571//2571 2437//2437 7247//7247
f 2571//2571 2692//2692 2570//2570
f 2824//2824 2317//2317 2572//2572
f 2441//2441 2826//2826 2574//2574
f 2441//2441 7230//7230 2826//2826
f 2906//2906 2574//2574 2907//2907
f 2575//2575 2577//2577 2438//2438
f 2585//2585 2928//2928 2323//2323
f 2576//2576 2928//2928 2575//2575
f 2575//2575 2695//2695 2577//2577
f 2697//2697 2578//2578 2444//2444
f 2438//2438 2577//2577 2444//2444
f 2577//2577 2697//2697 2444//2444
f 2445//2445 2699//2699 2315//2315
f 2447//2447 2700//2700 2580//2580
f 2580//2580 2581//2581 2572//2572
f 2581//2581 2703//2703 2572//2572
f 2703//2703 2581//2581 2580//2580
f 2572//2572 2921//2921 2824//2824
f 2459//2459 2448//2448 2582//2582
f 2704//2704 2459//2459 7248//7248
f 2449//2449 2707//2707 2583//2583
f 2450//2450 2449//2449 2583//2583
f 2448//2448 2450//2450 2705//2705
f 2450//2450 2583//2583 2705//2705
f 2448//2448 2705//2705 2582//2582
f 2584//2584 2586//2586 2710//2710
f 2459//2459 2704//2704 3043//3043
f 2713//2713 2459//2459 3043//3043
f 2587//2587 2586//2586 2466//2466
f 2710//2710 2586//2586 2587//2587
f 2587//2587 2466//2466 2709//2709
f 2831//2831 2466//2466 2465//2465
f 2588//2588 2468//2468 2711//2711
f 2588//2588 2711//2711 2718//2718
f 2465//2465 2331//2331 2714//2714
f 2465//2465 2714//2714 2715//2715
f 2715//2715 2831//2831 2465//2465
f 2469//2469 2833//2833 2714//2714
f 2338//2338 2337//2337 2716//2716
f 2722//2722 2716//2716 2337//2337
f 2470//2470 2591//2591 2589//2589
f 2472//2472 2590//2590 2592//2592
f 2590//2590 2473//2473 2837//2837
f 2717//2717 2590//2590 2837//2837
f 2717//2717 2592//2592 2590//2590
f 2717//2717 2942//2942 2592//2592
f 2592//2592 2942//2942 2591//2591
f 2722//2722 2337//2337 2475//2475
f 2476//2476 2478//2478 2723//2723
f 2346//2346 2593//2593 2477//2477
f 2476//2476 2593//2593 2346//2346
f 2593//2593 2476//2476 2723//2723
f 2477//2477 2593//2593 2723//2723
f 2939//2939 2477//2477 2839//2839
f 2478//2478 2347//2347 2594//2594
f 2348//2348 2349//2349 2596//2596
f 2348//2348 2596//2596 2724//2724
f 2348//2348 2724//2724 2594//2594
f 2597//2597 2481//2481 2599//2599
f 2598//2598 2597//2597 2725//2725
f 2725//2725 2597//2597 2599//2599
f 2599//2599 2481//2481 2600//2600
f 2483//2483 2600//2600 2481//2481
f 2483//2483 2484//2484 2600//2600
f 2484//2484 2841//2841 2600//2600
f 2484//2484 2589//2589 2841//2841
f 2485//2485 2595//2595 2235//2235
f 2485//2485 2601//2601 2845//2845
f 2485//2485 2726//2726 2595//2595
f 2727//2727 2601//2601 2486//2486
f 2727//2727 2845//2845 2601//2601
f 2604//2604 2488//2488 2605//2605
f 2950//2950 2359//2359 2602//2602
f 2602//2602 2603//2603 2950//2950
f 2603//2603 2604//2604 2950//2950
f 2735//2735 2605//2605 2606//2606
f 2735//2735 2606//2606 2728//2728
f 7249//7249 2616//2616 2117//2117
f 2860//2860 2493//2493 2954//2954
f 2374//2374 2729//2729 7249//7249
f 7249//7249 2729//2729 2616//2616
f 2374//2374 2740//2740 2729//2729
f 2494//2494 2609//2609 2740//2740
f 2610//2610 2608//2608 2497//2497
f 7235//7235 2608//2608 2730//2730
f 7235//7235 2497//2497 2608//2608
f 2496//2496 2730//2730 2609//2609
f 2608//2608 2610//2610 2730//2730
f 2495//2495 2611//2611 2610//2610
f 2730//2730 2610//2610 2611//2611
f 2613//2613 2480//2480 2848//2848
f 2613//2613 2848//2848 2731//2731
f 2848//2848 2479//2479 2850//2850
f 2739//2739 2364//2364 2500//2500
f 3074//3074 2489//2489 2614//2614
f 2489//2489 2739//2739 2614//2614
f 2615//2615 2500//2500 2490//2490
f 2615//2615 2490//2490 2859//2859
f 2117//2117 2616//2616 2493//2493
f 2503//2503 2502//2502 2619//2619
f 7250//7250 2503//2503 2619//2619
f 2619//2619 2502//2502 2747//2747
f 2619//2619 2747//2747 2744//2744
f 2620//2620 2382//2382 2745//2745
f 2622//2622 2863//2863 2623//2623
f 2623//2623 2621//2621 2622//2622
f 2622//2622 2620//2620 2863//2863
f 2746//2746 2634//2634 2506//2506
f 2621//2621 2746//2746 2506//2506
f 2746//2746 2621//2621 2623//2623
f 2623//2623 2863//2863 2746//2746
f 2625//2625 2512//2512 2626//2626
f 7252//7252 7253//7253 2627//2627
f 7254//7254 2625//2625 2626//2626
f 2512//2512 2630//2630 2626//2626
f 2630//2630 2512//2512 2628//2628
f 2630//2630 7254//7254 2626//2626
f 7252//7252 2627//2627 7255//7255
f 2747//2747 2502//2502 2624//2624
f 7255//7255 2631//2631 7252//7252
f 2632//2632 2630//2630 2628//2628
f 2747//2747 2624//2624 2629//2629
f 2629//2629 2624//2624 7256//7256
f 7255//7255 2748//2748 2631//2631
f 2632//2632 7269//7269 2630//2630
f 2629//2629 7256//7256 7270//7270
f 2633//2633 2632//2632 2628//2628
f 2633//2633 2628//2628 2521//2521
f 7269//7269 2632//2632 2633//2633
f 2638//2638 2633//2633 2521//2521
f 2754//2754 2633//2633 2638//2638
f 2634//2634 2635//2635 2387//2387
f 2752//2752 2634//2634 3095//3095
f 2752//2752 2635//2635 2634//2634
f 2636//2636 2522//2522 2637//2637
f 2522//2522 2636//2636 2638//2638
f 2638//2638 2521//2521 2522//2522
f 2638//2638 2636//2636 2755//2755
f 2754//2754 2638//2638 2755//2755
f 2759//2759 2523//2523 2635//2635
f 2760//2760 2640//2640 7241//7241
f 7273//7273 2760//2760 7241//7241
f 2640//2640 2761//2761 2639//2639
f 2640//2640 2760//2760 2761//2761
f 2761//2761 2525//2525 2639//2639
f 2637//2637 2522//2522 2529//2529
f 2530//2530 2534//2534 2764//2764
f 2529//2529 2530//2530 2637//2637
f 2637//2637 2530//2530 2762//2762
f 3101//3101 2870//2870 2641//2641
f 2642//2642 2765//2765 2766//2766
f 2532//2532 2533//2533 2534//2534
f 2534//2534 2533//2533 2764//2764
f 2974//2974 2533//2533 2536//2536
f 2536//2536 2644//2644 2974//2974
f 2764//2764 2533//2533 7298//7298
f 2272//2272 2766//2766 2535//2535
f 2767//2767 2535//2535 2766//2766
f 2643//2643 2645//2645 2400//2400
f 2768//2768 2645//2645 2643//2643
f 2768//2768 2643//2643 2770//2770
f 2769//2769 2974//2974 2644//2644
f 7274//7274 2644//2644 2645//2645
f 2644//2644 2400//2400 2645//2645
f 2539//2539 2403//2403 2770//2770
f 2403//2403 2538//2538 2771//2771
f 7275//7275 7242//7242 2647//2647
f 2770//2770 2403//2403 2772//2772
f 7276//7276 2403//2403 2771//2771
f 2649//2649 2648//2648 2540//2540
f 2773//2773 2776//2776 2648//2648
f 2649//2649 2773//2773 2648//2648
f 2649//2649 2407//2407 2646//2646
f 7257//7257 2774//2774 2408//2408
f 2775//2775 2651//2651 2542//2542
f 2775//2775 2887//2887 2651//2651
f 2541//2541 2777//2777 2650//2650
f 2777//2777 2541//2541 2654//2654
f 2414//2414 2653//2653 2656//2656
f 2542//2542 2651//2651 2652//2652
f 2652//2652 2779//2779 2653//2653
f 2656//2656 2653//2653 2779//2779
f 2779//2779 2894//2894 2656//2656
f 2541//2541 2413//2413 2654//2654
f 2656//2656 2544//2544 2414//2414
f 2546//2546 2657//2657 2780//2780
f 2656//2656 2657//2657 2544//2544
f 2780//2780 2655//2655 2546//2546
f 2780//2780 2659//2659 2655//2655
f 2781//2781 2659//2659 2780//2780
f 2785//2785 2659//2659 2781//2781
f 2656//2656 2894//2894 2657//2657
f 2657//2657 2894//2894 2780//2780
f 2291//2291 2662//2662 2896//2896
f 2658//2658 2659//2659 2660//2660
f 2658//2658 2660//2660 2661//2661
f 2658//2658 2661//2661 2547//2547
f 2785//2785 2782//2782 2659//2659
f 2660//2660 2659//2659 2782//2782
f 2661//2661 2660//2660 2782//2782
f 7277//7277 2783//2783 7258//7258
f 2783//2783 7243//7243 7258//7258
f 2557//2557 2786//2786 2556//2556
f 2900//2900 7281//7281 2552//2552
f 7244//7244 2789//2789 2662//2662
f 2554//2554 7280//7280 2553//2553
f 2790//2790 7280//7280 2554//2554
f 2560//2560 7260//7260 2666//2666
f 7259//7259 2665//2665 2664//2664
f 7261//7261 2666//2666 7260//7260
f 2560//2560 2667//2667 2678//2678
f 7262//7262 2663//2663 2788//2788
f 2788//2788 2663//2663 7245//7245
f 2667//2667 2681//2681 2678//2678
f 7262//7262 2788//2788 2897//2897
f 2667//2667 2792//2792 2681//2681
f 7261//7261 7291//7291 2899//2899
f 2666//2666 7261//7261 2899//2899
f 2559//2559 2674//2674 2673//2673
f 2669//2669 2676//2676 2419//2419
f 2559//2559 2676//2676 2674//2674
f 2668//2668 2670//2670 2669//2669
f 2669//2669 2670//2670 2671//2671
f 2671//2671 2676//2676 2669//2669
f 2670//2670 2800//2800 2671//2671
f 2671//2671 2800//2800 2676//2676
f 2672//2672 2673//2673 2900//2900
f 2900//2900 2673//2673 2675//2675
f 2674//2674 2675//2675 2673//2673
f 2674//2674 2676//2676 2675//2675
f 2676//2676 2900//2900 2675//2675
f 2552//2552 2672//2672 2900//2900
f 2677//2677 2560//2560 2678//2678
f 2677//2677 2678//2678 2681//2681
f 2677//2677 2681//2681 2679//2679
f 2680//2680 2563//2563 2679//2679
f 2680//2680 2679//2679 2794//2794
f 2680//2680 2793//2793 2563//2563
f 2430//2430 2684//2684 2683//2683
f 2804//2804 2684//2684 2682//2682
f 2796//2796 2683//2683 2798//2798
f 2684//2684 2799//2799 2683//2683
f 2683//2683 2799//2799 7282//7282
f 2796//2796 2800//2800 2670//2670
f 7247//7247 2687//2687 2571//2571
f 2564//2564 2685//2685 2687//2687
f 2685//2685 2802//2802 2687//2687
f 2685//2685 2686//2686 2802//2802
f 2687//2687 2802//2802 2803//2803
f 2571//2571 2687//2687 2803//2803
f 2569//2569 2429//2429 7264//7264
f 2689//2689 2568//2568 2693//2693
f 2306//2306 2805//2805 2912//2912
f 2682//2682 2691//2691 2690//2690
f 2306//2306 2912//2912 2691//2691
f 2692//2692 2903//2903 2806//2806
f 3302//3302 7283//7283 2442//2442
f 2808//2808 2574//2574 2826//2826
f 2567//2567 2809//2809 2566//2566
f 2566//2566 2809//2809 2434//2434
f 2909//2909 2568//2568 2434//2434
f 2809//2809 2909//2909 2434//2434
f 2693//2693 2568//2568 2908//2908
f 2908//2908 2568//2568 2909//2909
f 2693//2693 2908//2908 2689//2689
f 2570//2570 2692//2692 2707//2707
f 2707//2707 2692//2692 2810//2810
f 2810//2810 2694//2694 2707//2707
f 2694//2694 2810//2810 2811//2811
f 2696//2696 2577//2577 2695//2695
f 2575//2575 2812//2812 2695//2695
f 2813//2813 2812//2812 2575//2575
f 2575//2575 2928//2928 2929//2929
f 2575//2575 2929//2929 2813//2813
f 2812//2812 2696//2696 2695//2695
f 2697//2697 2819//2819 2578//2578
f 2578//2578 2698//2698 2445//2445
f 2818//2818 2578//2578 2819//2819
f 2698//2698 2578//2578 2818//2818
f 2445//2445 2698//2698 2699//2699
f 2579//2579 2700//2700 2447//2447
f 2702//2702 2700//2700 2579//2579
f 2699//2699 2701//2701 2315//2315
f 2932//2932 2822//2822 2700//2700
f 2932//2932 2700//2700 2702//2702
f 7224//7224 2701//2701 2702//2702
f 2700//2700 2822//2822 2580//2580
f 2822//2822 2921//2921 2580//2580
f 2703//2703 2921//2921 2572//2572
f 2921//2921 2703//2703 2580//2580
f 2442//2442 2807//2807 3302//3302
f 2706//2706 2704//2704 7248//7248
f 2583//2583 2707//2707 2705//2705
f 2582//2582 2705//2705 2706//2706
f 2705//2705 2694//2694 2706//2706
f 2705//2705 2707//2707 2694//2694
f 2706//2706 2694//2694 2811//2811
f 2706//2706 2811//2811 2704//2704
f 2584//2584 2708//2708 2585//2585
f 2708//2708 2584//2584 2710//2710
f 2712//2712 2713//2713 3043//3043
f 2710//2710 2587//2587 2709//2709
f 2709//2709 2466//2466 2831//2831
f 2468//2468 2713//2713 2712//2712
f 2711//2711 2468//2468 2712//2712
f 2711//2711 2712//2712 2721//2721
f 2832//2832 2469//2469 2339//2339
f 2833//2833 2469//2469 2832//2832
f 2339//2339 2338//2338 2716//2716
f 2837//2837 2942//2942 2717//2717
f 2718//2718 2711//2711 7265//7265
f 2837//2837 2719//2719 2720//2720
f 2719//2719 2711//2711 2720//2720
f 2837//2837 2720//2720 2836//2836
f 2720//2720 2721//2721 2836//2836
f 2711//2711 2721//2721 2720//2720
f 2475//2475 2939//2939 2722//2722
f 2838//2838 2716//2716 2722//2722
f 2939//2939 2838//2838 2722//2722
f 2723//2723 2478//2478 2594//2594
f 2839//2839 2477//2477 2840//2840
f 2477//2477 2723//2723 2840//2840
f 2723//2723 2938//2938 2840//2840
f 2844//2844 2938//2938 2723//2723
f 2844//2844 2723//2723 2594//2594
f 2940//2940 2596//2596 2595//2595
f 2594//2594 2724//2724 2943//2943
f 2596//2596 2943//2943 2724//2724
f 2734//2734 2479//2479 2598//2598
f 2725//2725 2855//2855 2598//2598
f 2725//2725 2599//2599 2600//2600
f 2725//2725 2600//2600 2842//2842
f 2589//2589 2591//2591 2843//2843
f 2941//2941 2841//2841 2589//2589
f 2726//2726 2945//2945 2595//2595
f 7266//7266 7234//7234 2846//2846
f 2846//2846 7234//7234 7284//7284
f 2951//2951 2487//2487 2950//2950
f 2487//2487 2951//2951 2486//2486
f 7267//7267 2486//2486 2951//2951
f 2950//2950 2604//2604 2605//2605
f 2741//2741 2729//2729 2740//2740
f 2730//2730 2740//2740 2609//2609
f 2612//2612 2731//2731 2847//2847
f 2734//2734 2850//2850 2479//2479
f 2734//2734 2598//2598 2732//2732
f 2732//2732 2598//2598 2733//2733
f 2598//2598 2855//2855 2733//2733
f 2733//2733 2849//2849 2732//2732
f 2734//2734 2732//2732 2849//2849
f 2849//2849 2733//2733 2852//2852
f 2605//2605 2735//2735 2856//2856
f 2856//2856 2735//2735 2737//2737
f 2728//2728 2737//2737 2735//2735
f 2736//2736 2362//2362 3074//3074
f 2728//2728 2738//2738 2737//2737
f 2737//2737 2738//2738 2856//2856
f 2606//2606 2736//2736 2952//2952
f 2952//2952 2736//2736 3074//3074
f 2614//2614 2739//2739 3083//3083
f 2615//2615 2859//2859 2858//2858
f 3080//3080 2500//2500 2615//2615
f 3080//3080 2615//2615 2858//2858
f 2490//2490 2860//2860 2859//2859
f 2860//2860 2954//2954 3327//3327
f 2616//2616 2729//2729 2861//2861
f 2729//2729 2741//2741 2861//2861
f 2861//2861 2741//2741 3214//3214
f 3214//3214 2741//2741 2740//2740
f 2862//2862 7268//7268 7251//7251
f 2618//2618 2742//2742 7286//7286
f 2618//2618 2743//2743 2504//2504
f 2745//2745 2504//2504 2743//2743
f 7286//7286 2745//2745 2743//2743
f 2864//2864 2744//2744 2747//2747
f 2746//2746 3093//3093 2634//2634
f 2747//2747 2629//2629 7270//7270
f 7269//7269 2633//2633 2749//2749
f 2750//2750 2747//2747 7270//7270
f 2749//2749 7271//7271 7269//7269
f 2864//2864 2747//2747 2750//2750
f 2754//2754 2868//2868 2633//2633
f 2749//2749 2633//2633 2865//2865
f 2865//2865 2633//2633 2868//2868
f 7271//7271 2749//2749 2751//2751
f 7271//7271 2751//2751 2866//2866
f 2865//2865 7272//7272 2749//2749
f 7287//7287 7272//7272 2865//2865
f 2864//2864 2750//2750 7288//7288
f 2635//2635 2753//2753 2759//2759
f 2752//2752 3095//3095 2635//2635
f 2635//2635 3095//3095 2753//2753
f 2754//2754 2755//2755 2868//2868
f 2636//2636 2637//2637 2755//2755
f 2868//2868 2755//2755 2757//2757
f 2755//2755 2637//2637 2756//2756
f 2637//2637 2762//2762 2756//2756
f 2757//2757 2755//2755 2756//2756
f 2758//2758 2757//2757 2756//2756
f 2756//2756 2762//2762 2758//2758
f 2758//2758 2868//2868 2757//2757
f 2868//2868 2758//2758 2967//2967
f 7273//7273 2869//2869 2760//2760
f 2760//2760 2869//2869 2761//2761
f 2869//2869 2759//2759 2753//2753
f 2761//2761 2641//2641 2525//2525
f 2530//2530 2763//2763 2762//2762
f 2763//2763 2530//2530 2764//2764
f 2758//2758 2762//2762 2763//2763
f 2763//2763 2764//2764 2758//2758
f 2870//2870 2765//2765 2642//2642
f 2766//2766 2765//2765 3107//3107
f 2767//2767 2871//2871 2402//2402
f 3107//3107 2767//2767 2766//2766
f 2871//2871 2875//2875 2402//2402
f 2768//2768 2872//2872 2645//2645
f 2974//2974 2769//2769 2874//2874
f 7274//7274 2645//2645 2872//2872
f 2872//2872 2874//2874 7274//7274
f 2875//2875 2646//2646 2402//2402
f 2408//2408 2876//2876 2647//2647
f 2877//2877 2876//2876 2408//2408
f 2770//2770 2772//2772 2768//2768
f 7276//7276 2771//2771 2882//2882
f 2876//2876 2878//2878 2647//2647
f 2647//2647 2878//2878 7275//7275
f 3129//3129 2649//2649 2646//2646
f 2773//2773 2883//2883 2776//2776
f 2776//2776 2890//2890 2775//2775
f 2890//2890 2887//2887 2775//2775
f 2777//2777 2992//2992 2650//2650
f 2778//2778 2651//2651 2887//2887
f 2651//2651 2778//2778 2652//2652
f 2779//2779 2652//2652 2778//2778
f 2896//2896 2662//2662 3002//3002
f 2557//2557 7278//7278 2786//2786
f 7245//7245 2787//2787 2788//2788
f 2787//2787 7245//7245 7279//7279
f 2784//2784 2783//2783 3000//3000
f 3000//3000 3005//3005 7278//7278
f 2786//2786 7278//7278 3005//3005
f 7280//7280 2790//2790 2791//2791
f 2666//2666 2899//2899 2560//2560
f 2899//2899 2792//2792 2560//2560
f 2560//2560 2792//2792 2667//2667
f 2900//2900 2676//2676 2800//2800
f 2792//2792 2794//2794 2681//2681
f 2679//2679 2681//2681 2794//2794
f 2680//2680 2794//2794 2793//2793
f 2563//2563 2793//2793 2795//2795
f 2793//2793 2794//2794 2795//2795
f 2563//2563 2795//2795 7263//7263
f 2795//2795 2802//2802 2686//2686
f 2794//2794 2792//2792 2795//2795
f 2800//2800 2796//2796 2798//2798
f 2800//2800 2798//2798 2797//2797
f 3015//3015 2797//2797 2798//2798
f 3015//3015 2800//2800 2797//2797
f 7282//7282 2799//2799 3015//3015
f 2571//2571 2803//2803 2801//2801
f 2692//2692 2571//2571 2801//2801
f 2801//2801 2903//2903 2692//2692
f 2911//2911 2688//2688 2689//2689
f 2804//2804 2682//2682 2690//2690
f 2804//2804 2690//2690 2905//2905
f 2691//2691 2905//2905 2690//2690
f 3406//3406 2805//2805 7264//7264
f 3406//3406 2688//2688 2911//2911
f 2691//2691 2912//2912 2905//2905
f 2574//2574 2808//2808 2907//2907
f 2826//2826 2907//2907 2808//2808
f 2906//2906 2910//2910 2567//2567
f 2567//2567 2910//2910 2809//2809
f 2908//2908 2911//2911 2689//2689
f 2811//2811 2810//2810 2913//2913
f 2914//2914 2829//2829 2811//2811
f 2811//2811 2913//2913 2914//2914
f 2692//2692 2806//2806 2810//2810
f 2810//2810 2806//2806 2913//2913
f 2577//2577 2696//2696 2814//2814
f 2577//2577 2814//2814 2697//2697
f 2697//2697 2820//2820 2819//2819
f 2814//2814 2817//2817 2697//2697
f 2817//2817 2815//2815 2697//2697
f 2815//2815 2820//2820 2697//2697
f 2814//2814 2696//2696 2816//2816
f 2815//2815 2919//2919 2820//2820
f 2817//2817 2814//2814 2816//2816
f 2817//2817 3024//3024 2815//2815
f 3024//3024 2919//2919 2815//2815
f 2819//2819 2821//2821 2818//2818
f 2820//2820 2919//2919 2819//2819
f 2698//2698 2818//2818 3038//3038
f 2821//2821 3038//3038 2818//2818
f 2702//2702 2701//2701 2932//2932
f 2824//2824 2823//2823 2573//2573
f 2573//2573 2823//2823 2923//2923
f 2921//2921 3178//3178 2824//2824
f 2825//2825 2573//2573 2923//2923
f 2573//2573 2825//2825 2807//2807
f 2807//2807 2825//2825 2923//2923
f 2811//2811 2827//2827 2704//2704
f 2704//2704 2827//2827 2828//2828
f 2828//2828 3043//3043 2704//2704
f 2811//2811 2828//2828 2827//2827
f 2926//2926 2828//2828 2829//2829
f 2829//2829 2828//2828 2811//2811
f 2926//2926 3043//3043 2828//2828
f 2926//2926 2829//2829 3032//3032
f 2708//2708 2710//2710 2930//2930
f 2708//2708 2930//2930 2585//2585
f 2928//2928 2585//2585 2930//2930
f 2930//2930 2710//2710 2709//2709
f 2709//2709 2831//2831 3048//3048
f 2715//2715 3048//3048 2831//2831
f 2830//2830 2712//2712 3050//3050
f 3050//3050 2933//2933 2830//2830
f 2712//2712 2830//2830 2933//2933
f 2712//2712 2933//2933 2937//2937
f 2833//2833 2936//2936 2714//2714
f 2833//2833 2832//2832 2835//2835
f 2835//2835 2832//2832 2834//2834
f 2936//2936 2833//2833 2934//2934
f 2833//2833 2835//2835 2934//2934
f 2834//2834 2339//2339 2716//2716
f 2834//2834 2832//2832 2339//2339
f 2716//2716 2838//2838 2834//2834
f 2591//2591 2942//2942 3062//3062
f 2836//2836 2721//2721 2942//2942
f 2836//2836 2942//2942 2837//2837
f 2937//2937 2721//2721 2712//2712
f 2721//2721 2937//2937 2942//2942
f 2725//2725 2842//2842 2855//2855
f 2841//2841 2949//2949 2600//2600
f 2842//2842 2600//2600 2949//2949
f 2941//2941 2589//2589 2843//2843
f 2941//2941 3068//3068 2841//2841
f 2841//2841 3068//3068 2949//2949
f 2843//2843 2591//2591 3062//3062
f 2941//2941 2843//2843 3070//3070
f 3070//3070 2843//2843 3060//3060
f 2844//2844 2594//2594 2943//2943
f 2940//2940 2595//2595 2945//2945
f 2846//2846 7284//7284 2946//2946
f 7266//7266 2846//2846 2947//2947
f 2611//2611 2612//2612 2730//2730
f 2612//2612 2847//2847 3212//3212
f 2847//2847 2731//2731 2848//2848
f 2848//2848 2850//2850 2854//2854
f 2847//2847 2848//2848 2948//2948
f 7285//7285 2850//2850 2734//2734
f 2850//2850 7285//7285 2851//2851
f 7285//7285 2852//2852 2851//2851
f 2851//2851 2852//2852 2854//2854
f 2850//2850 2851//2851 2854//2854
f 2733//2733 3067//3067 2852//2852
f 2854//2854 2852//2852 2853//2853
f 2852//2852 3067//3067 2853//2853
f 2853//2853 3067//3067 2854//2854
f 2733//2733 2855//2855 3067//3067
f 3444//3444 2950//2950 2605//2605
f 3444//3444 2605//2605 2856//2856
f 2856//2856 2738//2738 2857//2857
f 2738//2738 2728//2728 2857//2857
f 2857//2857 2728//2728 2606//2606
f 2857//2857 2606//2606 2952//2952
f 2953//2953 3074//3074 2614//2614
f 2739//2739 2500//2500 3080//3080
f 2859//2859 3780//3780 2858//2858
f 2859//2859 2860//2860 3780//3780
f 2740//2740 2956//2956 2955//2955
f 2956//2956 2740//2740 2730//2730
f 3212//3212 2957//2957 2612//2612
f 2862//2862 7251//7251 2960//2960
f 2618//2618 7286//7286 2743//2743
f 2959//2959 2958//2958 7286//7286
f 7286//7286 2958//2958 2745//2745
f 7250//7250 2619//2619 2960//2960
f 2620//2620 2964//2964 2863//2863
f 2964//2964 2620//2620 2745//2745
f 2964//2964 2746//2746 2863//2863
f 3093//3093 2965//2965 2634//2634
f 2865//2865 2867//2867 7287//7287
f 2868//2868 2867//2867 2865//2865
f 2634//2634 3094//3094 3095//3095
f 2868//2868 2967//2967 2867//2867
f 2764//2764 2970//2970 2758//2758
f 2971//2971 2967//2967 2758//2758
f 2971//2971 2758//2758 2970//2970
f 3101//3101 2869//2869 2753//2753
f 2869//2869 3101//3101 2761//2761
f 3101//3101 2641//2641 2761//2761
f 3101//3101 3229//3229 2870//2870
f 2870//2870 3229//3229 2765//2765
f 2764//2764 7298//7298 2973//2973
f 2973//2973 7298//7298 2975//2975
f 2767//2767 3107//3107 2871//2871
f 2872//2872 2768//2768 3116//3116
f 3116//3116 2768//2768 2873//2873
f 2772//2772 2873//2873 2768//2768
f 2873//2873 2772//2772 2880//2880
f 2873//2873 2880//2880 3116//3116
f 2874//2874 2872//2872 3115//3115
f 2646//2646 2875//2875 3129//3129
f 2977//2977 2875//2875 2871//2871
f 2875//2875 2977//2977 2978//2978
f 2878//2878 2876//2876 2877//2877
f 2980//2980 2877//2877 2774//2774
f 2982//2982 2879//2879 2877//2877
f 2877//2877 3123//3123 2982//2982
f 2980//2980 3123//3123 2877//2877
f 7276//7276 2882//2882 7289//7289
f 2877//2877 2879//2879 2878//2878
f 7290//7290 7275//7275 2881//2881
f 2879//2879 2982//2982 2878//2878
f 7275//7275 2878//2878 2881//2881
f 2881//2881 2878//2878 2981//2981
f 2884//2884 2649//2649 3129//3129
f 2884//2884 2984//2984 2649//2649
f 2773//2773 2984//2984 2883//2883
f 2649//2649 2984//2984 2773//2773
f 2883//2883 2984//2984 2985//2985
f 2890//2890 2883//2883 2985//2985
f 2774//2774 2877//2877 2408//2408
f 7257//7257 2986//2986 2774//2774
f 2986//2986 7257//7257 2885//2885
f 7257//7257 2987//2987 2885//2885
f 2774//2774 2989//2989 2980//2980
f 2989//2989 2774//2774 2886//2886
f 2774//2774 2986//2986 2886//2886
f 2886//2886 2986//2986 2989//2989
f 2883//2883 2890//2890 2776//2776
f 2888//2888 2887//2887 2890//2890
f 2887//2887 2889//2889 2778//2778
f 2888//2888 2889//2889 2887//2887
f 2889//2889 2888//2888 2891//2891
f 2890//2890 2985//2985 2888//2888
f 2888//2888 2985//2985 2891//2891
f 2891//2891 2778//2778 2889//2889
f 2777//2777 2892//2892 2992//2992
f 2777//2777 2654//2654 2892//2892
f 2654//2654 2893//2893 2892//2892
f 2996//2996 2894//2894 2779//2779
f 2996//2996 2780//2780 2894//2894
f 2654//2654 2999//2999 2893//2893
f 2654//2654 2413//2413 2999//2999
f 2781//2781 2780//2780 2895//2895
f 2895//2895 2785//2785 2781//2781
f 3001//3001 2782//2782 2785//2785
f 3000//3000 7277//7277 3001//3001
f 2895//2895 3144//3144 2785//2785
f 3000//3000 2783//2783 7277//7277
f 3007//3007 2788//2788 2787//2787
f 3007//3007 2787//2787 7279//7279
f 2900//2900 2898//2898 7281//7281
f 2662//2662 2789//2789 7281//7281
f 7281//7281 3152//3152 2662//2662
f 2898//2898 3605//3605 7281//7281
f 2792//2792 2899//2899 3009//3009
f 3009//3009 2899//2899 7291//7291
f 2792//2792 3009//3009 3011//3011
f 2900//2900 2800//2800 3157//3157
f 2803//2803 2802//2802 2901//2901
f 2901//2901 2801//2801 2803//2803
f 3011//3011 2795//2795 2792//2792
f 2802//2802 2795//2795 2901//2901
f 2801//2801 2901//2901 2902//2902
f 2901//2901 2795//2795 3011//3011
f 2901//2901 3011//3011 3012//3012
f 2901//2901 3012//3012 2902//2902
f 2903//2903 2902//2902 3010//3010
f 3012//3012 3010//3010 2902//2902
f 2902//2902 2903//2903 2801//2801
f 2904//2904 2806//2806 2903//2903
f 2903//2903 3017//3017 2904//2904
f 3010//3010 3017//3017 2903//2903
f 2904//2904 3016//3016 2806//2806
f 2804//2804 2905//2905 3019//3019
f 2806//2806 3279//3279 2913//2913
f 2907//2907 3405//3405 2906//2906
f 2809//2809 2910//2910 2909//2909
f 2908//2908 2909//2909 3020//3020
f 2908//2908 3020//3020 2911//2911
f 2910//2910 3167//3167 2909//2909
f 3020//3020 2909//2909 3167//3167
f 3405//3405 3167//3167 2910//2910
f 3405//3405 2910//2910 2906//2906
f 2914//2914 3022//3022 2829//2829
f 2829//2829 3022//3022 3023//3023
f 2829//2829 3023//3023 3032//3032
f 2929//2929 2931//2931 2813//2813
f 3170//3170 2931//2931 2929//2929
f 2816//2816 2918//2918 2817//2817
f 2813//2813 2915//2915 2812//2812
f 2812//2812 2915//2915 2696//2696
f 2915//2915 2816//2816 2696//2696
f 2817//2817 2918//2918 3024//3024
f 2813//2813 2931//2931 2915//2915
f 2918//2918 2816//2816 2916//2916
f 2915//2915 2916//2916 2816//2816
f 2915//2915 2931//2931 2916//2916
f 2931//2931 2917//2917 2916//2916
f 2917//2917 2918//2918 2916//2916
f 2918//2918 2917//2917 3024//3024
f 2819//2819 2919//2919 2821//2821
f 2919//2919 2920//2920 2821//2821
f 2919//2919 3024//3024 2920//2920
f 3172//3172 3038//3038 2821//2821
f 2920//2920 3412//3412 2821//2821
f 3025//3025 2921//2921 2822//2822
f 2924//2924 2823//2823 2824//2824
f 2922//2922 2924//2924 2824//2824
f 2924//2924 2923//2923 2823//2823
f 2925//2925 3301//3301 2807//2807
f 2807//2807 2923//2923 2925//2925
f 2924//2924 3026//3026 2923//2923
f 2807//2807 3301//3301 3302//3302
f 2907//2907 2826//2826 3028//3028
f 3033//3033 2926//2926 3032//3032
f 2926//2926 3033//3033 2927//2927
f 3043//3043 2926//2926 2927//2927
f 2929//2929 2928//2928 3037//3037
f 3037//3037 2928//2928 2930//2930
f 7321//7321 2929//2929 3037//3037
f 3038//3038 2699//2699 2698//2698
f 3038//3038 3173//3173 2699//2699
f 3173//3173 3040//3040 2699//2699
f 2701//2701 3039//3039 2932//2932
f 2701//2701 2699//2699 3039//3039
f 2932//2932 3025//3025 2822//2822
f 2709//2709 3045//3045 2930//2930
f 3048//3048 3045//3045 2709//2709
f 3048//3048 2715//2715 2935//2935
f 2937//2937 2933//2933 3055//3055
f 2712//2712 3043//3043 3050//3050
f 2715//2715 2714//2714 2935//2935
f 2714//2714 7292//7292 2935//2935
f 2934//2934 3052//3052 2936//2936
f 2835//2835 3052//3052 2934//2934
f 2935//2935 7292//7292 3051//3051
f 2936//2936 3052//3052 3053//3053
f 3307//3307 2835//2835 2834//2834
f 3054//3054 2942//2942 2937//2937
f 3189//3189 2838//2838 2939//2939
f 2938//2938 3059//3059 2840//2840
f 2939//2939 2839//2839 3058//3058
f 7308//7308 2938//2938 2844//2844
f 2941//2941 3070//3070 3068//3068
f 2844//2844 2943//2943 3063//3063
f 2943//2943 2596//2596 2944//2944
f 2943//2943 2944//2944 3063//3063
f 2944//2944 2596//2596 3190//3190
f 2596//2596 2940//2940 3190//3190
f 2940//2940 2945//2945 3064//3064
f 2726//2726 2947//2947 2945//2945
f 2846//2846 2946//2946 2947//2947
f 2845//2845 2727//2727 3318//3318
f 3193//3193 2948//2948 2848//2848
f 3193//3193 3086//3086 2948//2948
f 2948//2948 3086//3086 2847//2847
f 3067//3067 3066//3066 2854//2854
f 3066//3066 3067//3067 3193//3193
f 2842//2842 3196//3196 2855//2855
f 2842//2842 2949//2949 3069//3069
f 2949//2949 3068//3068 3069//3069
f 2842//2842 3069//3069 3196//3196
f 2950//2950 3444//3444 3443//3443
f 2856//2856 2857//2857 3073//3073
f 3073//3073 2857//2857 2952//2952
f 2614//2614 3083//3083 2953//2953
f 2953//2953 3083//3083 3082//3082
f 3081//3081 3080//3080 2858//2858
f 3083//3083 2739//2739 3080//3080
f 3081//3081 2858//2858 3780//3780
f 2493//2493 3084//3084 2954//2954
f 2616//2616 2861//2861 3214//3214
f 3084//3084 2493//2493 2616//2616
f 2740//2740 2955//2955 3328//3328
f 3328//3328 2955//2955 3329//3329
f 2730//2730 2612//2612 3085//3085
f 3085//3085 2612//2612 2957//2957
f 2957//2957 3212//3212 3330//3330
f 2960//2960 7293//7293 2862//2862
f 2962//2962 2961//2961 2959//2959
f 2959//2959 2961//2961 2958//2958
f 2960//2960 7294//7294 7293//7293
f 2963//2963 2958//2958 2961//2961
f 7295//7295 3088//3088 7296//7296
f 2962//2962 2963//2963 2961//2961
f 2963//2963 3087//3087 2958//2958
f 7294//7294 2960//2960 7309//7309
f 3087//3087 2745//2745 2958//2958
f 3087//3087 2963//2963 7310//7310
f 2744//2744 3458//3458 2619//2619
f 2960//2960 2619//2619 3458//3458
f 3092//3092 3093//3093 2746//2746
f 2864//2864 7288//7288 2968//2968
f 2864//2864 2968//2968 2966//2966
f 3219//3219 2744//2744 2864//2864
f 2966//2966 2968//2968 2969//2969
f 2864//2864 2966//2966 3219//3219
f 3094//3094 2634//2634 2965//2965
f 3227//3227 2753//2753 3095//3095
f 2867//2867 2967//2967 7297//7297
f 7297//7297 2967//2967 2972//2972
f 7287//7287 2867//2867 7297//7297
f 2968//2968 7288//7288 2969//2969
f 2972//2972 2967//2967 2971//2971
f 3099//3099 2966//2966 2969//2969
f 2972//2972 2971//2971 3097//3097
f 2970//2970 2764//2764 2973//2973
f 3097//3097 2971//2971 3096//3096
f 2970//2970 3096//3096 2971//2971
f 3096//3096 2970//2970 2973//2973
f 2973//2973 3102//3102 3096//3096
f 3104//3104 2973//2973 2975//2975
f 3103//3103 3102//3102 2973//2973
f 3103//3103 2973//2973 3104//3104
f 2975//2975 2974//2974 3115//3115
f 2976//2976 2871//2871 3107//3107
f 2977//2977 2871//2871 2976//2976
f 3109//3109 2977//2977 2976//2976
f 2977//2977 3110//3110 2978//2978
f 2874//2874 3115//3115 2974//2974
f 2872//2872 3116//3116 3115//3115
f 3116//3116 2880//2880 3117//3117
f 2978//2978 2979//2979 2875//2875
f 2979//2979 2978//2978 3110//3110
f 3123//3123 2980//2980 2983//2983
f 2989//2989 2983//2983 2980//2980
f 2982//2982 2981//2981 2878//2878
f 2881//2881 2981//2981 7290//7290
f 7289//7289 2882//2882 3117//3117
f 3117//3117 2882//2882 3127//3127
f 2981//2981 7319//7319 7290//7290
f 2982//2982 3128//3128 2981//2981
f 2981//2981 3128//3128 3238//3238
f 3123//3123 3124//3124 2982//2982
f 2985//2985 3139//3139 2891//2891
f 2985//2985 2984//2984 3130//3130
f 2984//2984 2884//2884 3129//3129
f 2984//2984 3129//3129 3130//3130
f 2987//2987 7257//7257 2988//2988
f 2992//2992 7299//7299 2650//2650
f 2987//2987 3134//3134 2885//2885
f 2885//2885 3134//3134 2986//2986
f 2986//2986 3134//3134 2991//2991
f 2986//2986 2991//2991 2990//2990
f 3134//3134 2987//2987 2988//2988
f 2993//2993 7300//7300 2992//2992
f 7300//7300 2993//2993 3135//3135
f 2993//2993 2892//2892 3135//3135
f 2989//2989 2986//2986 2990//2990
f 2989//2989 2990//2990 3138//3138
f 2991//2991 3136//3136 2990//2990
f 3134//3134 3136//3136 2991//2991
f 3139//3139 2778//2778 2891//2891
f 2999//2999 3256//3256 2893//2893
f 2992//2992 2892//2892 2993//2993
f 2995//2995 2779//2779 2778//2778
f 7301//7301 2779//2779 2995//2995
f 2780//2780 2996//2996 2994//2994
f 2997//2997 2895//2895 2780//2780
f 2778//2778 3139//3139 2995//2995
f 2780//2780 2994//2994 2997//2997
f 2996//2996 2998//2998 2994//2994
f 2994//2994 2998//2998 2997//2997
f 2998//2998 3142//3142 2997//2997
f 3383//3383 2999//2999 2413//2413
f 3144//3144 3001//3001 2785//2785
f 2997//2997 3144//3144 2895//2895
f 3004//3004 2896//2896 3002//3002
f 3148//3148 3002//3002 3003//3003
f 3004//3004 3149//3149 2896//2896
f 7303//7303 2786//2786 3005//3005
f 2788//2788 3008//3008 3006//3006
f 2788//2788 3006//3006 2897//2897
f 7302//7302 3009//3009 7291//7291
f 2788//2788 3007//3007 3008//3008
f 3007//3007 3265//3265 3008//3008
f 3008//3008 3265//3265 3006//3006
f 3005//3005 3000//3000 3260//3260
f 7281//7281 3605//3605 3152//3152
f 3003//3003 3002//3002 2662//2662
f 2662//2662 3152//3152 3003//3003
f 3011//3011 3153//3153 3269//3269
f 3009//3009 3154//3154 3153//3153
f 3009//3009 3153//3153 3011//3011
f 3010//3010 3012//3012 3013//3013
f 3013//3013 3155//3155 3017//3017
f 3010//3010 3013//3013 3017//3017
f 3015//3015 2799//2799 2684//2684
f 3160//3160 3015//3015 2684//2684
f 3157//3157 2800//2800 3014//3014
f 2800//2800 3015//3015 3014//3014
f 3016//3016 2904//2904 3159//3159
f 3018//3018 2904//2904 3017//3017
f 3018//3018 3017//3017 3155//3155
f 3159//3159 3158//3158 3016//3016
f 3016//3016 3158//3158 2806//2806
f 2904//2904 3018//3018 3159//3159
f 3155//3155 3159//3159 3018//3018
f 3160//3160 2684//2684 2804//2804
f 3160//3160 2804//2804 3019//3019
f 2806//2806 3161//3161 3279//3279
f 3279//3279 2914//2914 2913//2913
f 3020//3020 3167//3167 3166//3166
f 2905//2905 2912//2912 3021//3021
f 2905//2905 3021//3021 3019//3019
f 3022//3022 2914//2914 3276//3276
f 3276//3276 3023//3023 3022//3022
f 3032//3032 3023//3023 3278//3278
f 3032//3032 3278//3278 3163//3163
f 3024//3024 3412//3412 2920//2920
f 2821//2821 3412//3412 3172//3172
f 2924//2924 2922//2922 3178//3178
f 2924//2924 3182//3182 3026//3026
f 3026//3026 3027//3027 2923//2923
f 3180//3180 3027//3027 3026//3026
f 3180//3180 3026//3026 3181//3181
f 2924//2924 3178//3178 3182//3182
f 3026//3026 3182//3182 3181//3181
f 2826//2826 3029//3029 3028//3028
f 3302//3302 7304//7304 7283//7283
f 3028//3028 3029//3029 2907//2907
f 3029//3029 3030//3030 2907//2907
f 3043//3043 2927//2927 3031//3031
f 2927//2927 3035//3035 3031//3031
f 3031//3031 3036//3036 3043//3043
f 2927//2927 3033//3033 3035//3035
f 3033//3033 3034//3034 3035//3035
f 3034//3034 3033//3033 3032//3032
f 3034//3034 3169//3169 3035//3035
f 3032//3032 3169//3169 3034//3034
f 3035//3035 3169//3169 3031//3031
f 3169//3169 3032//3032 3163//3163
f 3037//3037 2930//2930 7306//7306
f 2931//2931 3170//3170 2917//2917
f 3037//3037 7306//7306 7321//7321
f 7321//7321 7306//7306 3047//3047
f 3047//3047 3184//3184 7321//7321
f 3039//3039 3296//3296 2932//2932
f 3040//3040 3039//3039 2699//2699
f 2932//2932 3041//3041 3025//3025
f 2921//2921 3025//3025 3042//3042
f 2922//2922 2824//2824 3178//3178
f 3043//3043 3044//3044 3050//3050
f 3044//3044 3183//3183 3050//3050
f 3036//3036 3044//3044 3043//3043
f 3044//3044 3036//3036 3183//3183
f 3046//3046 3048//3048 3187//3187
f 3045//3045 3048//3048 3046//3046
f 7307//7307 3045//3045 3046//3046
f 7323//7323 7307//7307 3046//3046
f 2935//2935 3049//3049 3048//3048
f 3187//3187 3048//3048 3049//3049
f 3187//3187 3049//3049 3188//3188
f 3051//3051 3188//3188 3049//3049
f 3049//3049 2935//2935 3051//3051
f 7292//7292 3188//3188 3051//3051
f 3053//3053 3188//3188 2936//2936
f 3188//3188 3053//3053 3052//3052
f 3052//3052 2835//2835 3307//3307
f 3054//3054 2937//2937 3056//3056
f 3056//3056 2937//2937 3057//3057
f 3639//3639 3057//3057 3055//3055
f 3055//3055 3057//3057 2937//2937
f 3056//3056 3639//3639 3054//3054
f 3056//3056 3057//3057 3639//3639
f 2939//2939 3058//3058 3189//3189
f 2839//2839 2840//2840 7308//7308
f 3070//3070 3060//3060 3071//3071
f 3060//3060 3309//3309 3071//3071
f 3198//3198 3071//3071 3309//3309
f 2843//2843 3062//3062 3061//3061
f 2843//2843 3061//3061 3060//3060
f 3061//3061 3062//3062 3310//3310
f 3190//3190 3063//3063 2944//2944
f 2940//2940 3064//3064 3190//3190
f 2947//2947 3200//3200 2945//2945
f 2945//2945 3191//3191 3064//3064
f 2946//2946 7284//7284 7338//7338
f 7338//7338 2947//2947 2946//2946
f 3072//3072 7267//7267 2951//2951
f 2848//2848 2854//2854 3065//3065
f 3065//3065 2854//2854 3066//3066
f 3193//3193 2848//2848 3065//3065
f 3065//3065 3066//3066 3193//3193
f 3193//3193 3067//3067 3325//3325
f 2855//2855 3196//3196 3194//3194
f 2855//2855 3194//3194 3067//3067
f 3194//3194 3196//3196 3314//3314
f 3068//3068 3070//3070 3197//3197
f 3068//3068 3197//3197 3069//3069
f 3069//3069 3197//3197 3196//3196
f 3070//3070 3071//3071 3197//3197
f 2951//2951 2950//2950 3317//3317
f 2950//2950 3443//3443 3317//3317
f 3317//3317 3072//3072 2951//2951
f 2856//2856 3073//3073 3444//3444
f 3073//3073 2952//2952 3075//3075
f 2952//2952 3074//3074 3076//3076
f 2952//2952 3077//3077 3075//3075
f 3076//3076 3077//3077 2952//2952
f 3074//3074 2953//2953 3078//3078
f 3078//3078 2953//2953 3082//3082
f 3074//3074 3078//3078 3079//3079
f 3202//3202 3079//3079 3078//3078
f 3076//3076 3074//3074 3326//3326
f 3079//3079 3201//3201 3074//3074
f 3082//3082 3083//3083 3202//3202
f 3078//3078 3082//3082 3202//3202
f 3202//3202 3083//3083 3203//3203
f 3083//3083 3080//3080 3203//3203
f 3080//3080 3081//3081 3203//3203
f 3328//3328 3655//3655 2740//2740
f 3214//3214 2740//2740 3655//3655
f 3085//3085 3205//3205 2730//2730
f 3204//3204 2955//2955 2956//2956
f 2955//2955 3204//3204 3210//3210
f 3085//3085 2957//2957 3211//3211
f 3205//3205 3085//3085 3209//3209
f 3211//3211 2957//2957 3330//3330
f 3212//3212 2847//2847 3447//3447
f 2847//2847 3086//3086 3213//3213
f 3087//3087 3091//3091 2745//2745
f 3089//3089 3087//3087 7310//7310
f 3089//3089 3091//3091 3087//3087
f 2960//2960 3090//3090 7309//7309
f 7311//7311 3090//3090 7312//7312
f 3090//3090 2960//2960 3458//3458
f 7312//7312 3090//3090 7313//7313
f 3458//3458 3218//3218 3090//3090
f 3090//3090 3218//3218 7313//7313
f 3091//3091 3215//3215 2745//2745
f 2745//2745 3215//3215 3216//3216
f 3216//3216 2964//2964 2745//2745
f 2964//2964 7315//7315 2746//2746
f 7315//7315 2964//2964 3332//3332
f 3093//3093 7316//7316 7339//7339
f 3093//3093 3094//3094 2965//2965
f 3094//3094 3220//3220 3095//3095
f 3093//3093 3460//3460 3094//3094
f 3101//3101 2753//2753 3227//3227
f 3227//3227 3095//3095 3220//3220
f 7317//7317 7297//7297 2972//2972
f 3098//3098 2972//2972 3097//3097
f 7317//7317 2972//2972 3098//3098
f 3096//3096 3098//3098 3097//3097
f 3096//3096 3102//3102 3100//3100
f 3096//3096 3100//3100 3098//3098
f 2966//2966 3099//3099 3219//3219
f 3098//3098 3100//3100 3222//3222
f 3100//3100 3103//3103 3222//3222
f 3221//3221 7317//7317 3098//3098
f 7330//7330 3098//3098 3222//3222
f 3226//3226 3222//3222 3103//3103
f 3104//3104 3106//3106 3103//3103
f 3100//3100 3102//3102 3103//3103
f 3105//3105 3106//3106 3104//3104
f 3104//3104 2975//2975 3105//3105
f 3346//3346 3105//3105 2975//2975
f 3105//3105 3346//3346 3106//3106
f 3106//3106 3226//3226 3103//3103
f 3229//3229 3107//3107 2765//2765
f 3109//3109 3107//3107 3108//3108
f 3230//3230 3108//3108 3107//3107
f 3230//3230 3107//3107 3229//3229
f 2975//2975 3232//3232 3346//3346
f 2975//2975 3115//3115 3232//3232
f 2976//2976 3107//3107 3109//3109
f 3114//3114 3109//3109 3108//3108
f 2977//2977 3109//3109 3112//3112
f 3112//3112 3111//3111 2977//2977
f 3113//3113 3110//3110 2977//2977
f 3231//3231 3113//3113 2977//2977
f 3109//3109 3114//3114 3112//3112
f 3111//3111 3231//3231 2977//2977
f 3232//3232 3115//3115 3116//3116
f 3117//3117 3232//3232 3116//3116
f 3117//3117 3243//3243 3232//3232
f 2979//2979 3110//3110 3118//3118
f 2875//2875 2979//2979 3118//3118
f 3118//3118 3110//3110 3120//3120
f 2875//2875 3118//3118 3233//3233
f 3121//3121 3119//3119 2875//2875
f 3129//3129 2875//2875 3119//3119
f 3129//3129 3119//3119 3133//3133
f 3233//3233 3121//3121 2875//2875
f 3119//3119 3121//3121 3122//3122
f 3122//3122 3133//3133 3119//3119
f 3233//3233 3122//3122 3121//3121
f 3122//3122 3237//3237 3133//3133
f 3123//3123 2983//2983 3126//3126
f 3126//3126 2983//2983 2989//2989
f 3123//3123 3125//3125 3124//3124
f 2982//2982 3124//3124 3128//3128
f 3123//3123 3126//3126 3125//3125
f 3124//3124 3125//3125 3128//3128
f 2989//2989 3138//3138 3360//3360
f 3360//3360 3126//3126 2989//2989
f 7319//7319 2981//2981 7334//7334
f 3117//3117 3127//3127 3243//3243
f 2981//2981 3238//3238 7335//7335
f 3125//3125 3240//3240 3128//3128
f 3238//3238 3244//3244 7335//7335
f 3128//3128 3240//3240 3238//3238
f 3238//3238 3245//3245 3244//3244
f 2985//2985 3132//3132 3139//3139
f 3130//3130 3131//3131 2985//2985
f 3132//3132 2985//2985 3131//3131
f 3133//3133 3130//3130 3129//3129
f 3133//3133 3131//3131 3130//3130
f 3132//3132 3131//3131 3133//3133
f 3139//3139 3132//3132 3246//3246
f 3135//3135 3134//3134 7300//7300
f 3134//3134 3137//3137 3136//3136
f 3135//3135 3137//3137 3134//3134
f 3136//3136 3138//3138 2990//2990
f 3136//3136 3249//3249 3138//3138
f 3136//3136 3137//3137 3250//3250
f 3136//3136 3250//3250 3249//3249
f 2893//2893 3140//3140 2892//2892
f 2892//2892 3140//3140 3135//3135
f 2893//2893 3254//3254 3140//3140
f 2995//2995 3139//3139 3141//3141
f 3141//3141 7301//7301 2995//2995
f 3141//3141 2998//2998 2996//2996
f 3141//3141 3142//3142 2998//2998
f 3141//3141 3139//3139 3142//3142
f 3142//3142 3139//3139 3258//3258
f 3149//3149 3497//3497 2896//2896
f 2896//2896 3143//3143 2413//2413
f 2413//2413 3143//3143 3501//3501
f 3383//3383 3256//3256 2999//2999
f 3144//3144 3145//3145 3001//3001
f 3144//3144 2997//2997 3145//3145
f 3001//3001 3145//3145 3146//3146
f 3001//3001 3146//3146 3000//3000
f 3260//3260 3146//3146 3145//3145
f 3260//3260 3000//3000 3146//3146
f 2997//2997 3147//3147 3145//3145
f 7303//7303 7336//7336 3265//3265
f 3002//3002 3148//3148 3261//3261
f 3148//3148 3003//3003 3263//3263
f 3003//3003 3607//3607 3263//3263
f 3004//3004 3002//3002 3262//3262
f 3388//3388 3004//3004 3262//3262
f 3004//3004 3388//3388 3149//3149
f 3005//3005 7336//7336 7303//7303
f 7302//7302 3151//3151 3009//3009
f 3009//3009 3151//3151 3154//3154
f 3006//3006 3265//3265 3150//3150
f 3151//3151 7302//7302 3150//3150
f 3150//3150 3391//3391 3151//3151
f 3266//3266 3154//3154 3151//3151
f 3267//3267 3003//3003 3152//3152
f 3607//3607 3003//3003 3267//3267
f 3154//3154 3268//3268 3153//3153
f 3269//3269 3153//3153 3268//3268
f 2900//2900 3157//3157 3392//3392
f 3269//3269 3012//3012 3011//3011
f 3012//3012 3269//3269 3013//3013
f 3156//3156 3015//3015 3393//3393
f 3015//3015 3156//3156 3014//3014
f 3156//3156 3157//3157 3014//3014
f 3157//3157 3273//3273 3516//3516
f 3273//3273 3157//3157 3156//3156
f 3273//3273 3614//3614 3516//3516
f 2806//2806 3158//3158 3161//3161
f 3015//3015 3160//3160 3275//3275
f 3393//3393 3015//3015 3275//3275
f 2914//2914 3279//3279 3276//3276
f 2911//2911 3282//3282 3406//3406
f 2911//2911 3020//3020 3282//3282
f 3019//3019 3021//3021 3162//3162
f 3019//3019 3162//3162 3401//3401
f 3019//3019 3401//3401 3160//3160
f 3284//3284 3021//3021 2912//2912
f 3021//3021 3284//3284 3280//3280
f 2912//2912 2805//2805 3284//3284
f 3280//3280 3162//3162 3021//3021
f 3023//3023 3276//3276 3278//3278
f 3169//3169 3163//3163 3281//3281
f 2907//2907 3030//3030 3164//3164
f 2907//2907 3164//3164 3405//3405
f 3030//3030 3165//3165 3164//3164
f 3164//3164 3165//3165 3405//3405
f 3030//3030 3029//3029 3165//3165
f 3020//3020 3166//3166 3168//3168
f 3167//3167 3283//3283 3166//3166
f 3283//3283 3168//3168 3166//3166
f 3167//3167 3405//3405 3283//3283
f 3283//3283 3285//3285 3168//3168
f 3168//3168 3282//3282 3020//3020
f 3168//3168 3285//3285 3282//3282
f 3031//3031 3169//3169 3036//3036
f 3183//3183 3036//3036 3408//3408
f 3169//3169 3408//3408 3036//3036
f 3281//3281 3408//3408 3169//3169
f 2917//2917 3170//3170 3171//3171
f 2917//2917 3171//3171 3024//3024
f 7321//7321 3184//3184 7322//7322
f 3184//3184 3286//3286 7322//7322
f 3287//3287 3411//3411 3171//3171
f 7322//7322 3286//3286 3287//3287
f 3171//3171 3411//3411 3024//3024
f 3173//3173 3174//3174 3040//3040
f 3290//3290 3038//3038 3172//3172
f 3039//3039 3731//3731 3296//3296
f 3041//3041 3176//3176 3025//3025
f 3175//3175 3041//3041 2932//2932
f 3041//3041 3422//3422 3176//3176
f 3295//3295 3175//3175 2932//2932
f 3042//3042 3025//3025 3177//3177
f 3176//3176 3422//3422 3025//3025
f 3025//3025 3297//3297 3177//3177
f 3042//3042 3298//3298 2921//2921
f 3298//3298 3178//3178 2921//2921
f 3177//3177 3299//3299 3042//3042
f 3042//3042 3299//3299 3298//3298
f 3177//3177 3297//3297 3299//3299
f 3027//3027 3179//3179 2923//2923
f 2923//2923 3179//3179 2925//2925
f 3027//3027 3180//3180 3179//3179
f 3181//3181 3638//3638 3180//3180
f 3181//3181 3182//3182 3638//3638
f 3301//3301 2925//2925 3300//3300
f 3187//3187 7323//7323 3046//3046
f 3187//3187 3185//3185 7323//7323
f 3286//3286 3184//3184 3186//3186
f 7323//7323 3185//3185 3186//3186
f 3052//3052 3307//3307 3306//3306
f 3052//3052 3306//3306 3188//3188
f 3055//3055 2933//2933 3639//3639
f 2933//2933 3050//3050 3639//3639
f 3307//3307 2834//2834 3308//3308
f 2834//2834 2838//2838 3308//3308
f 3308//3308 2838//2838 3189//3189
f 3058//3058 2839//2839 3438//3438
f 3060//3060 3061//3061 3309//3309
f 3061//3061 3310//3310 3309//3309
f 3062//3062 2942//2942 3310//3310
f 2844//2844 3063//3063 3190//3190
f 3312//3312 3190//3190 3064//3064
f 3192//3192 2945//2945 3200//3200
f 3192//3192 3191//3191 2945//2945
f 3200//3200 3442//3442 3192//3192
f 3553//3553 3191//3191 3192//3192
f 3072//3072 3318//3318 2727//2727
f 3067//3067 3194//3194 3195//3195
f 3193//3193 3325//3325 3321//3321
f 3198//3198 3197//3197 3071//3071
f 3199//3199 3198//3198 3309//3309
f 3197//3197 3198//3198 3196//3196
f 3200//3200 2947//2947 3442//3442
f 3318//3318 3072//3072 3317//3317
f 2947//2947 7338//7338 3442//3442
f 3077//3077 3076//3076 3564//3564
f 3201//3201 3079//3079 3202//3202
f 3074//3074 3201//3201 3326//3326
f 3326//3326 3564//3564 3076//3076
f 3453//3453 3201//3201 3202//3202
f 2954//2954 3084//3084 3769//3769
f 2955//2955 3210//3210 3568//3568
f 2730//2730 3205//3205 3207//3207
f 3207//3207 3205//3205 3209//3209
f 2956//2956 2730//2730 3207//3207
f 3204//3204 2956//2956 3206//3206
f 3206//3206 2956//2956 7324//7324
f 3211//3211 3209//3209 3085//3085
f 3206//3206 7324//7324 3208//3208
f 7324//7324 3209//3209 3208//3208
f 3204//3204 3206//3206 3208//3208
f 3204//3204 3208//3208 3210//3210
f 3208//3208 3209//3209 3210//3210
f 3209//3209 3211//3211 3210//3210
f 3330//3330 3212//3212 3331//3331
f 2847//2847 3213//3213 3448//3448
f 2847//2847 3448//3448 3447//3447
f 3193//3193 3321//3321 3322//3322
f 3193//3193 3322//3322 3086//3086
f 3086//3086 3322//3322 3213//3213
f 3322//3322 3319//3319 3213//3213
f 3319//3319 3320//3320 3213//3213
f 3201//3201 3453//3453 3326//3326
f 3084//3084 2616//2616 3769//3769
f 3329//3329 2955//2955 3568//3568
f 7314//7314 7329//7329 7325//7325
f 7326//7326 7325//7325 7329//7329
f 3216//3216 3217//3217 2964//2964
f 3216//3216 3332//3332 3217//3217
f 7340//7340 7327//7327 3333//3333
f 3458//3458 7328//7328 3218//3218
f 7341//7341 7328//7328 3458//3458
f 3217//3217 3332//3332 2964//2964
f 3460//3460 3334//3334 3094//3094
f 3099//3099 7331//7331 3224//3224
f 7330//7330 3222//3222 3225//3225
f 7331//7331 7332//7332 3224//3224
f 3225//3225 3222//3222 3223//3223
f 3223//3223 3222//3222 3226//3226
f 3219//3219 3099//3099 3337//3337
f 3099//3099 3224//3224 3337//3337
f 3225//3225 3223//3223 3226//3226
f 3228//3228 3225//3225 3226//3226
f 3337//3337 3224//3224 7332//7332
f 3337//3337 7332//7332 3462//3462
f 3461//3461 3462//3462 7333//7333
f 3668//3668 3101//3101 3227//3227
f 3339//3339 3338//3338 3101//3101
f 3338//3338 3229//3229 3101//3101
f 3668//3668 3339//3339 3101//3101
f 3229//3229 3338//3338 3341//3341
f 3228//3228 3226//3226 3106//3106
f 7355//7355 3225//3225 3228//3228
f 3228//3228 3106//3106 7355//7355
f 3230//3230 3342//3342 3344//3344
f 3344//3344 3108//3108 3230//3230
f 3112//3112 3231//3231 3111//3111
f 3231//3231 3352//3352 3113//3113
f 3231//3231 3112//3112 3348//3348
f 3348//3348 3112//3112 3114//3114
f 3113//3113 3351//3351 3110//3110
f 3120//3120 3110//3110 3351//3351
f 3351//3351 3234//3234 3120//3120
f 7344//7344 3353//3353 7318//7318
f 3351//3351 3113//3113 3349//3349
f 3232//3232 3243//3243 3366//3366
f 3122//3122 3233//3233 3237//3237
f 3120//3120 3234//3234 3118//3118
f 3233//3233 3118//3118 3234//3234
f 3133//3133 3237//3237 3235//3235
f 3233//3233 3234//3234 3236//3236
f 3236//3236 3237//3237 3233//3233
f 3235//3235 3359//3359 3133//3133
f 3133//3133 3359//3359 3247//3247
f 3373//3373 3247//3247 3359//3359
f 3126//3126 3239//3239 3125//3125
f 3126//3126 3360//3360 3239//3239
f 3238//3238 3240//3240 3245//3245
f 3125//3125 3241//3241 3240//3240
f 3240//3240 3241//3241 3245//3245
f 3242//3242 3125//3125 3239//3239
f 3241//3241 3125//3125 3242//3242
f 3361//3361 3242//3242 3239//3239
f 3241//3241 3242//3242 3363//3363
f 3366//3366 3243//3243 3370//3370
f 3245//3245 3367//3367 3244//3244
f 7335//7335 3244//3244 3370//3370
f 3241//3241 3362//3362 3245//3245
f 3363//3363 3362//3362 3241//3241
f 3246//3246 3132//3132 3248//3248
f 3132//3132 3133//3133 3247//3247
f 3247//3247 3248//3248 3132//3132
f 3246//3246 3248//3248 3372//3372
f 3248//3248 3247//3247 3373//3373
f 3373//3373 3372//3372 3248//3248
f 3380//3380 3246//3246 3372//3372
f 3251//3251 3137//3137 3135//3135
f 3252//3252 3251//3251 3135//3135
f 3252//3252 3135//3135 3253//3253
f 3135//3135 3140//3140 3253//3253
f 3254//3254 3374//3374 3257//3257
f 3250//3250 3137//3137 3251//3251
f 3140//3140 3257//3257 3253//3253
f 3251//3251 3252//3252 3375//3375
f 3249//3249 3360//3360 3138//3138
f 3380//3380 3139//3139 3246//3246
f 3255//3255 3254//3254 2893//2893
f 3256//3256 3255//3255 2893//2893
f 3255//3255 3381//3381 3254//3254
f 3256//3256 3381//3381 3255//3255
f 3257//3257 3140//3140 3254//3254
f 3254//3254 3381//3381 3374//3374
f 3258//3258 2997//2997 3142//3142
f 3258//3258 3139//3139 3259//3259
f 3598//3598 2997//2997 3258//3258
f 3258//3258 3259//3259 3598//3598
f 2896//2896 3497//3497 3143//3143
f 3260//3260 3145//3145 3603//3603
f 3002//3002 3264//3264 3262//3262
f 3002//3002 3261//3261 3264//3264
f 3264//3264 3261//3261 3387//3387
f 3148//3148 3387//3387 3261//3261
f 3266//3266 3151//3151 3391//3391
f 3154//3154 3266//3266 3389//3389
f 3268//3268 3154//3154 3389//3389
f 3389//3389 3270//3270 3268//3268
f 3265//3265 3390//3390 3150//3150
f 3269//3269 3268//3268 3270//3270
f 3270//3270 3271//3271 3269//3269
f 3272//3272 3155//3155 3013//3013
f 3156//3156 3393//3393 3273//3273
f 3273//3273 3393//3393 3614//3614
f 3275//3275 3399//3399 3394//3394
f 3275//3275 3394//3394 3393//3393
f 3158//3158 3274//3274 3161//3161
f 3158//3158 3159//3159 3274//3274
f 3274//3274 3159//3159 3611//3611
f 3275//3275 3160//3160 3398//3398
f 3399//3399 3275//3275 3398//3398
f 3279//3279 3277//3277 3517//3517
f 3279//3279 3161//3161 3277//3277
f 3279//3279 3622//3622 3276//3276
f 3276//3276 3622//3622 3278//3278
f 3278//3278 3622//3622 3403//3403
f 3284//3284 2805//2805 3406//3406
f 3398//3398 3160//3160 3520//3520
f 3398//3398 3520//3520 3521//3521
f 3163//3163 3278//3278 3403//3403
f 3403//3403 3281//3281 3163//3163
f 3286//3286 3288//3288 3287//3287
f 3305//3305 3288//3288 3286//3286
f 3024//3024 3289//3289 3412//3412
f 3024//3024 3411//3411 3289//3289
f 3287//3287 3288//3288 3428//3428
f 3290//3290 3172//3172 3291//3291
f 3529//3529 3290//3290 3291//3291
f 3290//3290 3529//3529 3038//3038
f 3289//3289 3411//3411 3412//3412
f 3172//3172 3412//3412 3291//3291
f 3173//3173 3293//3293 3292//3292
f 3173//3173 3038//3038 3293//3293
f 3293//3293 3413//3413 3292//3292
f 3293//3293 3415//3415 3413//3413
f 3529//3529 3417//3417 3038//3038
f 3038//3038 3417//3417 3293//3293
f 3291//3291 3412//3412 3529//3529
f 3174//3174 3418//3418 3040//3040
f 3173//3173 3294//3294 3174//3174
f 3173//3173 3292//3292 3294//3294
f 3174//3174 3294//3294 3418//3418
f 3175//3175 3420//3420 3041//3041
f 3422//3422 3041//3041 3420//3420
f 2932//2932 3296//3296 3295//3295
f 3175//3175 3295//3295 7349//7349
f 3535//3535 3039//3039 3040//3040
f 3421//3421 7349//7349 3295//3295
f 3295//3295 3296//3296 3421//3421
f 3297//3297 3423//3423 3299//3299
f 3299//3299 3424//3424 3298//3298
f 3178//3178 3298//3298 3424//3424
f 3178//3178 3546//3546 3182//3182
f 3182//3182 3546//3546 3638//3638
f 3180//3180 3638//3638 3179//3179
f 3179//3179 3300//3300 2925//2925
f 7304//7304 3302//3302 3303//3303
f 3301//3301 3638//3638 3302//3302
f 3303//3303 3302//3302 3427//3427
f 3301//3301 3300//3300 3638//3638
f 7305//7305 3303//3303 3304//3304
f 3633//3633 3029//3029 3304//3304
f 3638//3638 3427//3427 3302//3302
f 3186//3186 3305//3305 3286//3286
f 3305//3305 3186//3186 3185//3185
f 3185//3185 3187//3187 3305//3305
f 3188//3188 3305//3305 3187//3187
f 3429//3429 3428//3428 3288//3288
f 3429//3429 3288//3288 3305//3305
f 3433//3433 3306//3306 3307//3307
f 3058//3058 3436//3436 3189//3189
f 3436//3436 3432//3432 3189//3189
f 3432//3432 3434//3434 3189//3189
f 3434//3434 3308//3308 3189//3189
f 3058//3058 3438//3438 3437//3437
f 3438//3438 2839//2839 7308//7308
f 3309//3309 3310//3310 3311//3311
f 3316//3316 3309//3309 3441//3441
f 3310//3310 2942//2942 3642//3642
f 3311//3311 3310//3310 3642//3642
f 3190//3190 3312//3312 3878//3878
f 3064//3064 3191//3191 3313//3313
f 7337//7337 3064//3064 3313//3313
f 3553//3553 3192//3192 3442//3442
f 3313//3313 3191//3191 3554//3554
f 3195//3195 3194//3194 3563//3563
f 3314//3314 3563//3563 3194//3194
f 3196//3196 3198//3198 3315//3315
f 3198//3198 3199//3199 3315//3315
f 3196//3196 3315//3315 3314//3314
f 3316//3316 3199//3199 3309//3309
f 3199//3199 3316//3316 3315//3315
f 3073//3073 3075//3075 3444//3444
f 3212//3212 3447//3447 3445//3445
f 3212//3212 3445//3445 3331//3331
f 3213//3213 3320//3320 3448//3448
f 3319//3319 3322//3322 3323//3323
f 3322//3322 3561//3561 3324//3324
f 3322//3322 3324//3324 3323//3323
f 3320//3320 3319//3319 3449//3449
f 3319//3319 3323//3323 3449//3449
f 3449//3449 3323//3323 3324//3324
f 3322//3322 3321//3321 3561//3561
f 3195//3195 3562//3562 3067//3067
f 3562//3562 3195//3195 3563//3563
f 3453//3453 3202//3202 3203//3203
f 3326//3326 3453//3453 3768//3768
f 3564//3564 3326//3326 3768//3768
f 3780//3780 3203//3203 3081//3081
f 3780//3780 2860//2860 3327//3327
f 3327//3327 2954//2954 3650//3650
f 3769//3769 2616//2616 3214//3214
f 3568//3568 3210//3210 3569//3569
f 3210//3210 3211//3211 3455//3455
f 3210//3210 3455//3455 3569//3569
f 3211//3211 3330//3330 3571//3571
f 3330//3330 3331//3331 3571//3571
f 3455//3455 3211//3211 3901//3901
f 7340//7340 3333//3333 3459//3459
f 7352//7352 7341//7341 3458//3458
f 3094//3094 3334//3334 3220//3220
f 3220//3220 3334//3334 3335//3335
f 3220//3220 3335//3335 3227//3227
f 3462//3462 3219//3219 3337//3337
f 3227//3227 3340//3340 3668//3668
f 3336//3336 3340//3340 3227//3227
f 3339//3339 3581//3581 3338//3338
f 3341//3341 3338//3338 3581//3581
f 3581//3581 3671//3671 3341//3341
f 7355//7355 3106//3106 3583//3583
f 3341//3341 7342//7342 3230//3230
f 3229//3229 3341//3341 3230//3230
f 3344//3344 3342//3342 3343//3343
f 3345//3345 7342//7342 3341//3341
f 3343//3343 3342//3342 7343//7343
f 7343//7343 3344//3344 3343//3343
f 3346//3346 3232//3232 3347//3347
f 3347//3347 3232//3232 3356//3356
f 3106//3106 3346//3346 3464//3464
f 3464//3464 3346//3346 3347//3347
f 3348//3348 3350//3350 3231//3231
f 3354//3354 3352//3352 3231//3231
f 3349//3349 3113//3113 7345//7345
f 3351//3351 3358//3358 3234//3234
f 3231//3231 3350//3350 3354//3354
f 3468//3468 3353//3353 7344//7344
f 3468//3468 3349//3349 7345//7345
f 3467//3467 3349//3349 3468//3468
f 3352//3352 3354//3354 3470//3470
f 7356//7356 3468//3468 7344//7344
f 3348//3348 3466//3466 3350//3350
f 3469//3469 3354//3354 3350//3350
f 3470//3470 3354//3354 3469//3469
f 3349//3349 3467//3467 3351//3351
f 3351//3351 3467//3467 3355//3355
f 3355//3355 3467//3467 3475//3475
f 3356//3356 3232//3232 3366//3366
f 3366//3366 3357//3357 3356//3356
f 3357//3357 7346//7346 3369//3369
f 3474//3474 3356//3356 3357//3357
f 3357//3357 3369//3369 3485//3485
f 3234//3234 3358//3358 3236//3236
f 3475//3475 3236//3236 3358//3358
f 3237//3237 3236//3236 3475//3475
f 3475//3475 3358//3358 3351//3351
f 3237//3237 3359//3359 3235//3235
f 3475//3475 3351//3351 3355//3355
f 3479//3479 3373//3373 3359//3359
f 3373//3373 3479//3479 3488//3488
f 3249//3249 3378//3378 3360//3360
f 3242//3242 3361//3361 3364//3364
f 3360//3360 3377//3377 3239//3239
f 3239//3239 3377//3377 3361//3361
f 3377//3377 3365//3365 3361//3361
f 3364//3364 3361//3361 3365//3365
f 3360//3360 3378//3378 3379//3379
f 3245//3245 3368//3368 3367//3367
f 3362//3362 3368//3368 3245//3245
f 3493//3493 3363//3363 3364//3364
f 3363//3363 3242//3242 3364//3364
f 3362//3362 3363//3363 7347//7347
f 7347//7347 3363//3363 3493//3493
f 3244//3244 3367//3367 3371//3371
f 3244//3244 3371//3371 3370//3370
f 3368//3368 3482//3482 3367//3367
f 3367//3367 3482//3482 3371//3371
f 7347//7347 3493//3493 3481//3481
f 3370//3370 7348//7348 3366//3366
f 7348//7348 3370//3370 3485//3485
f 3371//3371 3482//3482 3486//3486
f 3483//3483 3485//3485 3370//3370
f 3370//3370 3371//3371 3483//3483
f 3487//3487 3486//3486 3482//3482
f 3481//3481 3482//3482 7347//7347
f 3373//3373 3488//3488 3372//3372
f 3488//3488 3380//3380 3372//3372
f 3257//3257 3374//3374 3253//3253
f 3693//3693 3374//3374 3381//3381
f 3251//3251 3375//3375 3250//3250
f 3693//3693 3253//3253 3374//3374
f 3375//3375 3489//3489 3250//3250
f 3252//3252 3376//3376 3375//3375
f 3489//3489 3375//3375 3376//3376
f 3252//3252 3253//3253 3376//3376
f 3250//3250 3378//3378 3249//3249
f 3250//3250 3489//3489 3378//3378
f 3377//3377 3491//3491 3365//3365
f 3360//3360 3379//3379 3377//3377
f 3377//3377 3379//3379 3491//3491
f 3364//3364 3365//3365 3493//3493
f 3259//3259 3139//3139 3380//3380
f 3381//3381 3256//3256 3382//3382
f 3382//3382 3256//3256 3383//3383
f 3496//3496 3381//3381 3382//3382
f 3382//3382 3383//3383 3496//3496
f 3693//3693 3381//3381 3496//3496
f 3147//3147 2997//2997 3598//3598
f 3598//3598 3145//3145 3147//3147
f 3501//3501 3143//3143 3384//3384
f 3143//3143 3497//3497 3384//3384
f 3501//3501 3383//3383 2413//2413
f 3384//3384 3497//3497 3502//3502
f 3501//3501 3386//3386 3383//3383
f 3383//3383 3386//3386 3385//3385
f 3385//3385 3386//3386 3500//3500
f 3386//3386 3501//3501 3500//3500
f 3265//3265 3603//3603 3390//3390
f 3603//3603 3265//3265 7336//7336
f 3387//3387 3148//3148 3263//3263
f 3387//3387 3510//3510 3264//3264
f 3388//3388 3262//3262 3510//3510
f 3264//3264 3510//3510 3262//3262
f 3388//3388 3510//3510 3509//3509
f 3389//3389 3271//3271 3270//3270
f 3390//3390 3603//3603 3507//3507
f 3150//3150 3390//3390 3391//3391
f 3390//3390 3507//3507 3391//3391
f 3266//3266 3512//3512 3389//3389
f 3391//3391 3512//3512 3266//3266
f 3512//3512 3271//3271 3389//3389
f 3507//3507 3511//3511 3391//3391
f 3512//3512 3391//3391 3511//3511
f 3267//3267 3152//3152 3605//3605
f 3607//3607 3387//3387 3263//3263
f 3013//3013 3269//3269 3272//3272
f 3269//3269 3271//3271 3272//3272
f 2900//2900 3392//3392 3610//3610
f 3157//3157 3395//3395 3392//3392
f 3392//3392 3395//3395 3610//3610
f 3610//3610 3514//3514 2900//2900
f 3159//3159 3155//3155 3515//3515
f 3515//3515 3155//3155 3272//3272
f 3159//3159 3515//3515 3611//3611
f 3515//3515 3272//3272 3271//3271
f 3394//3394 3399//3399 3620//3620
f 3516//3516 3396//3396 3157//3157
f 3620//3620 3393//3393 3394//3394
f 3157//3157 3396//3396 3395//3395
f 3277//3277 3161//3161 3397//3397
f 3277//3277 3397//3397 3517//3517
f 3397//3397 3161//3161 3274//3274
f 3611//3611 3397//3397 3274//3274
f 3279//3279 3517//3517 3400//3400
f 3520//3520 3160//3160 3401//3401
f 3401//3401 3162//3162 3402//3402
f 3404//3404 3410//3410 3281//3281
f 3403//3403 3404//3404 3281//3281
f 3622//3622 3404//3404 3403//3403
f 3283//3283 3405//3405 3732//3732
f 3282//3282 3522//3522 3406//3406
f 3282//3282 3285//3285 3522//3522
f 3283//3283 3732//3732 3285//3285
f 3162//3162 3280//3280 3407//3407
f 3280//3280 3284//3284 3524//3524
f 3407//3407 3280//3280 3524//3524
f 3407//3407 3402//3402 3162//3162
f 3626//3626 3284//3284 3406//3406
f 3402//3402 3407//3407 3524//3524
f 3402//3402 3524//3524 3523//3523
f 3408//3408 3409//3409 3183//3183
f 3525//3525 3183//3183 3409//3409
f 3281//3281 3410//3410 3408//3408
f 3410//3410 3526//3526 3408//3408
f 3408//3408 3526//3526 3409//3409
f 3409//3409 3526//3526 3525//3525
f 3428//3428 3411//3411 3287//3287
f 3411//3411 3428//3428 3545//3545
f 3545//3545 3739//3739 3411//3411
f 3412//3412 3530//3530 3529//3529
f 3418//3418 3294//3294 3419//3419
f 3414//3414 3292//3292 3413//3413
f 3292//3292 3414//3414 3294//3294
f 3415//3415 3416//3416 3413//3413
f 3414//3414 3413//3413 3416//3416
f 3416//3416 3532//3532 3414//3414
f 3294//3294 3414//3414 3628//3628
f 3293//3293 3417//3417 3415//3415
f 3416//3416 3531//3531 3532//3532
f 3415//3415 3417//3417 3416//3416
f 3416//3416 3417//3417 3531//3531
f 3529//3529 3533//3533 3417//3417
f 3418//3418 3535//3535 3040//3040
f 3294//3294 3628//3628 3419//3419
f 3419//3419 3628//3628 3418//3418
f 3296//3296 3731//3731 3421//3421
f 3421//3421 3422//3422 7349//7349
f 3731//3731 3422//3422 3421//3421
f 3535//3535 7374//7374 3039//3039
f 3297//3297 3025//3025 3423//3423
f 3423//3423 3540//3540 3299//3299
f 3540//3540 3424//3424 3299//3299
f 3424//3424 3540//3540 3541//3541
f 3424//3424 3546//3546 3178//3178
f 3179//3179 3638//3638 3300//3300
f 3029//3029 3633//3633 3165//3165
f 3633//3633 3304//3304 3542//3542
f 3425//3425 3304//3304 3303//3303
f 3425//3425 3542//3542 3304//3304
f 3303//3303 3426//3426 3425//3425
f 3303//3303 3427//3427 3426//3426
f 3425//3425 3426//3426 3542//3542
f 3732//3732 3405//3405 3165//3165
f 7320//7320 7367//7367 3732//3732
f 3305//3305 3188//3188 3306//3306
f 3305//3305 3306//3306 3543//3543
f 3429//3429 3305//3305 3543//3543
f 3183//3183 3750//3750 3050//3050
f 3430//3430 3054//3054 3431//3431
f 2942//2942 3054//3054 3430//3430
f 3430//3430 3642//3642 2942//2942
f 3430//3430 3639//3639 3642//3642
f 3430//3430 3431//3431 3639//3639
f 3639//3639 3431//3431 3054//3054
f 3433//3433 3307//3307 3435//3435
f 3308//3308 3435//3435 3307//3307
f 3434//3434 3435//3435 3308//3308
f 3432//3432 3436//3436 3550//3550
f 3640//3640 3435//3435 3434//3434
f 3433//3433 3435//3435 4126//4126
f 3435//3435 3640//3640 4126//4126
f 3437//3437 3436//3436 3058//3058
f 3550//3550 3436//3436 3549//3549
f 3549//3549 3436//3436 3437//3437
f 3548//3548 3434//3434 3432//3432
f 3550//3550 3548//3548 3432//3432
f 3190//3190 3878//3878 2844//2844
f 3878//3878 3312//3312 3551//3551
f 3313//3313 7359//7359 7337//7337
f 3554//3554 3191//3191 7360//7360
f 3759//3759 7359//7359 3313//3313
f 3314//3314 3315//3315 3439//3439
f 3315//3315 3316//3316 3440//3440
f 3439//3439 3315//3315 3440//3440
f 3440//3440 3552//3552 3439//3439
f 3441//3441 3440//3440 3316//3316
f 3554//3554 7360//7360 3644//3644
f 3317//3317 3645//3645 3318//3318
f 3442//3442 3555//3555 7360//7360
f 3442//3442 7338//7338 3555//3555
f 3443//3443 3645//3645 3317//3317
f 3075//3075 3556//3556 3444//3444
f 3075//3075 3077//3077 3767//3767
f 3075//3075 3767//3767 3766//3766
f 3447//3447 3457//3457 3445//3445
f 3446//3446 3445//3445 3457//3457
f 3448//3448 3320//3320 3450//3450
f 3320//3320 3449//3449 3450//3450
f 3561//3561 3452//3452 3324//3324
f 3449//3449 3324//3324 3452//3452
f 3448//3448 3450//3450 3559//3559
f 3449//3449 3451//3451 3450//3450
f 3450//3450 3451//3451 3559//3559
f 3452//3452 3451//3451 3449//3449
f 3451//3451 3452//3452 3559//3559
f 3448//3448 3559//3559 3558//3558
f 3558//3558 3447//3447 3448//3448
f 3325//3325 3067//3067 3562//3562
f 3321//3321 3325//3325 3560//3560
f 3561//3561 3321//3321 3560//3560
f 3453//3453 3203//3203 3565//3565
f 3453//3453 3565//3565 3768//3768
f 3565//3565 3203//3203 3454//3454
f 3780//3780 3327//3327 3648//3648
f 3781//3781 3214//3214 3655//3655
f 3328//3328 3329//3329 3566//3566
f 3329//3329 3568//3568 3566//3566
f 3328//3328 3566//3566 3567//3567
f 3568//3568 3569//3569 3570//3570
f 3445//3445 3446//3446 3331//3331
f 3331//3331 7350//7350 3456//3456
f 3571//3571 3331//3331 3572//3572
f 3456//3456 7350//7350 3573//3573
f 7353//7353 3093//3093 7339//7339
f 3577//3577 7352//7352 3458//3458
f 2744//2744 3578//3578 3458//3458
f 3658//3658 3093//3093 7353//7353
f 2744//2744 3219//3219 3578//3578
f 3219//3219 3667//3667 3578//3578
f 3335//3335 3334//3334 3580//3580
f 3334//3334 3460//3460 3580//3580
f 3579//3579 3336//3336 3335//3335
f 3336//3336 3227//3227 3335//3335
f 3340//3340 3336//3336 3579//3579
f 3670//3670 3219//3219 3462//3462
f 3462//3462 3461//3461 7363//7363
f 7363//7363 3670//3670 3462//3462
f 3583//3583 3106//3106 3464//3464
f 3344//3344 7343//7343 3463//3463
f 3108//3108 3344//3344 3586//3586
f 3586//3586 3466//3466 3114//3114
f 3586//3586 3114//3114 3108//3108
f 3464//3464 3347//3347 3465//3465
f 3583//3583 3464//3464 3465//3465
f 3465//3465 3347//3347 3587//3587
f 3587//3587 3583//3583 3465//3465
f 3347//3347 3588//3588 3587//3587
f 3588//3588 3347//3347 3474//3474
f 3466//3466 3469//3469 3350//3350
f 3466//3466 3348//3348 3114//3114
f 3467//3467 3468//3468 3471//3471
f 3471//3471 3475//3475 3467//3467
f 3471//3471 3468//3468 7356//7356
f 3475//3475 3471//3471 3472//3472
f 3472//3472 3476//3476 3475//3475
f 3472//3472 3473//3473 3476//3476
f 3476//3476 3473//3473 3477//3477
f 3472//3472 3590//3590 3473//3473
f 3590//3590 3477//3477 3473//3473
f 3356//3356 3474//3474 3347//3347
f 3474//3474 3357//3357 3485//3485
f 3485//3485 3800//3800 3474//3474
f 3800//3800 3588//3588 3474//3474
f 3475//3475 3476//3476 3237//3237
f 3476//3476 3478//3478 3237//3237
f 3237//3237 3591//3591 3359//3359
f 3478//3478 3476//3476 7357//7357
f 7365//7365 3237//3237 3478//3478
f 3480//3480 3359//3359 3591//3591
f 3479//3479 3359//3359 3480//3480
f 3480//3480 3592//3592 3479//3479
f 3592//3592 3488//3488 3479//3479
f 3481//3481 3487//3487 3482//3482
f 3485//3485 3483//3483 3484//3484
f 3483//3483 3371//3371 3484//3484
f 3486//3486 3593//3593 3371//3371
f 7366//7366 3484//3484 3371//3371
f 3486//3486 3487//3487 3593//3593
f 3481//3481 3493//3493 3594//3594
f 3487//3487 3481//3481 3594//3594
f 3376//3376 3253//3253 3597//3597
f 3378//3378 3489//3489 3490//3490
f 3379//3379 3492//3492 3491//3491
f 3378//3378 3490//3490 3379//3379
f 3492//3492 3596//3596 3491//3491
f 3379//3379 3490//3490 3492//3492
f 3596//3596 3494//3494 3491//3491
f 3491//3491 3494//3494 3365//3365
f 3494//3494 3495//3495 3365//3365
f 3365//3365 3495//3495 3493//3493
f 3494//3494 3596//3596 3495//3495
f 3595//3595 3259//3259 3380//3380
f 3385//3385 3506//3506 3383//3383
f 3385//3385 3599//3599 3506//3506
f 3506//3506 3496//3496 3383//3383
f 3506//3506 3818//3818 3496//3496
f 3253//3253 3693//3693 3597//3597
f 3497//3497 3149//3149 3498//3498
f 3497//3497 3505//3505 3502//3502
f 3498//3498 3149//3149 3508//3508
f 3499//3499 3497//3497 3498//3498
f 3497//3497 3499//3499 3505//3505
f 3499//3499 3498//3498 3508//3508
f 3385//3385 3500//3500 3599//3599
f 3502//3502 3503//3503 3384//3384
f 3384//3384 3503//3503 3501//3501
f 3502//3502 3505//3505 3503//3503
f 3504//3504 3501//3501 3503//3503
f 3503//3503 3505//3505 3504//3504
f 3504//3504 3601//3601 3501//3501
f 3505//3505 3601//3601 3504//3504
f 3601//3601 3505//3505 3499//3499
f 3500//3500 3501//3501 3827//3827
f 3149//3149 3388//3388 3508//3508
f 3388//3388 3509//3509 3508//3508
f 3607//3607 3939//3939 3510//3510
f 3508//3508 3509//3509 3699//3699
f 3699//3699 3509//3509 3700//3700
f 3700//3700 3509//3509 3510//3510
f 3512//3512 3511//3511 3507//3507
f 3512//3512 3604//3604 3271//3271
f 3513//3513 3512//3512 3507//3507
f 3512//3512 3513//3513 3604//3604
f 3605//3605 3606//3606 3267//3267
f 3510//3510 3387//3387 3607//3607
f 3606//3606 3608//3608 3267//3267
f 3267//3267 3608//3608 3607//3607
f 2900//2900 3514//3514 2898//2898
f 3393//3393 3620//3620 3614//3614
f 3396//3396 3516//3516 3613//3613
f 3395//3395 3615//3615 3708//3708
f 3395//3395 3396//3396 3615//3615
f 3610//3610 3395//3395 3708//3708
f 3396//3396 3613//3613 3615//3615
f 3397//3397 3518//3518 3517//3517
f 3397//3397 3611//3611 3518//3518
f 3611//3611 3517//3517 3518//3518
f 3399//3399 3398//3398 3521//3521
f 3521//3521 3621//3621 3399//3399
f 3399//3399 3621//3621 3620//3620
f 3279//3279 3400//3400 3622//3622
f 3517//3517 3622//3622 3400//3400
f 3401//3401 3402//3402 3519//3519
f 3401//3401 3519//3519 3520//3520
f 3519//3519 3623//3623 3520//3520
f 3520//3520 3623//3623 3625//3625
f 3406//3406 3522//3522 3626//3626
f 3402//3402 3523//3523 3519//3519
f 3523//3523 3524//3524 3626//3626
f 3519//3519 3523//3523 3626//3626
f 3284//3284 3626//3626 3524//3524
f 3525//3525 3526//3526 3528//3528
f 3528//3528 3635//3635 3525//3525
f 3526//3526 3410//3410 3528//3528
f 3410//3410 3527//3527 3528//3528
f 3528//3528 3527//3527 3635//3635
f 3527//3527 3410//3410 3404//3404
f 3412//3412 3411//3411 3530//3530
f 3530//3530 3411//3411 3737//3737
f 3411//3411 3739//3739 3737//3737
f 3417//3417 7358//7358 3531//3531
f 3529//3529 3530//3530 3534//3534
f 3534//3534 3533//3533 3529//3529
f 3531//3531 3730//3730 3532//3532
f 3531//3531 3637//3637 3730//3730
f 3531//3531 7358//7358 3637//3637
f 3418//3418 3536//3536 3535//3535
f 3536//3536 3418//3418 3537//3537
f 3418//3418 3628//3628 3537//3537
f 3628//3628 3539//3539 3537//3537
f 3536//3536 3537//3537 3538//3538
f 3538//3538 3537//3537 3539//3539
f 3632//3632 3538//3538 3539//3539
f 3539//3539 3629//3629 3632//3632
f 3426//3426 3427//3427 3547//3547
f 3427//3427 3638//3638 3547//3547
f 3426//3426 3547//3547 3542//3542
f 3285//3285 3733//3733 3522//3522
f 3732//3732 3733//3733 3285//3285
f 3525//3525 3635//3635 3183//3183
f 3429//3429 3544//3544 3428//3428
f 3543//3543 3544//3544 3429//3429
f 3428//3428 3544//3544 3545//3545
f 3636//3636 3545//3545 3544//3544
f 3543//3543 3636//3636 3544//3544
f 3546//3546 3424//3424 3745//3745
f 3543//3543 3306//3306 3433//3433
f 3543//3543 3433//3433 3636//3636
f 3751//3751 3050//3050 3750//3750
f 3050//3050 3751//3751 3639//3639
f 3434//3434 3548//3548 3640//3640
f 3309//3309 3643//3643 3441//3441
f 3309//3309 3311//3311 3641//3641
f 3309//3309 3641//3641 3643//3643
f 3639//3639 3754//3754 3642//3642
f 3549//3549 3437//3437 3438//3438
f 3438//3438 7308//7308 3878//3878
f 3878//3878 7308//7308 2844//2844
f 3759//3759 4003//4003 7359//7359
f 3758//3758 3878//3878 3551//3551
f 4003//4003 3758//3758 3551//3551
f 3314//3314 3439//3439 3764//3764
f 3440//3440 3441//3441 3552//3552
f 3643//3643 3552//3552 3441//3441
f 3554//3554 3759//3759 3313//3313
f 7361//7361 3318//3318 3645//3645
f 3555//3555 3644//3644 7360//7360
f 3443//3443 3762//3762 3645//3645
f 3645//3645 4132//4132 7361//7361
f 3557//3557 3075//3075 3766//3766
f 3556//3556 3075//3075 3557//3557
f 3444//3444 3556//3556 3882//3882
f 3882//3882 3556//3556 3887//3887
f 3556//3556 3557//3557 3887//3887
f 3575//3575 3558//3558 3559//3559
f 3575//3575 3559//3559 3653//3653
f 3575//3575 3574//3574 3558//3558
f 3559//3559 3452//3452 3576//3576
f 3576//3576 3452//3452 3654//3654
f 3452//3452 3561//3561 3654//3654
f 3559//3559 3576//3576 3779//3779
f 3325//3325 3562//3562 3560//3560
f 3561//3561 3763//3763 3654//3654
f 3562//3562 3646//3646 3560//3560
f 3768//3768 3565//3565 3454//3454
f 3889//3889 3768//3768 3454//3454
f 3650//3650 2954//2954 3769//3769
f 3769//3769 3214//3214 3781//3781
f 3328//3328 3567//3567 3895//3895
f 3328//3328 3895//3895 3656//3656
f 3655//3655 3328//3328 3656//3656
f 3895//3895 3567//3567 3896//3896
f 3567//3567 3566//3566 3896//3896
f 3568//3568 3570//3570 3657//3657
f 3211//3211 3571//3571 3901//3901
f 3455//3455 3901//3901 3569//3569
f 3572//3572 3331//3331 3456//3456
f 3573//3573 3446//3446 3457//3457
f 3573//3573 3572//3572 3456//3456
f 3571//3571 3572//3572 3652//3652
f 3572//3572 3573//3573 3652//3652
f 3901//3901 3571//3571 3652//3652
f 3447//3447 3773//3773 3457//3457
f 7351//7351 3558//3558 3574//3574
f 3447//3447 7362//7362 3773//3773
f 3457//3457 3773//3773 3573//3573
f 3575//3575 3774//3774 3574//3574
f 3575//3575 3653//3653 3774//3774
f 3773//3773 7362//7362 3774//3774
f 3576//3576 3654//3654 3779//3779
f 3458//3458 3578//3578 3577//3577
f 3578//3578 3795//3795 3659//3659
f 3659//3659 3577//3577 3578//3578
f 3460//3460 3093//3093 3658//3658
f 7352//7352 3577//3577 3660//3660
f 7354//7354 7369//7369 7368//7368
f 3660//3660 3577//3577 3659//3659
f 3460//3460 3658//3658 3580//3580
f 3580//3580 3658//3658 3661//3661
f 3661//3661 3658//3658 3664//3664
f 3578//3578 3667//3667 3795//3795
f 3579//3579 3335//3335 3580//3580
f 3668//3668 3582//3582 3339//3339
f 3581//3581 3339//3339 3582//3582
f 3669//3669 3581//3581 3582//3582
f 3582//3582 3668//3668 3906//3906
f 3582//3582 3906//3906 3669//3669
f 3671//3671 3581//3581 3669//3669
f 3219//3219 3670//3670 3667//3667
f 7371//7371 3583//3583 3584//3584
f 3463//3463 7343//7343 3585//3585
f 3586//3586 3344//3344 3463//3463
f 7364//7364 3345//3345 3341//3341
f 3671//3671 7364//7364 3341//3341
f 3463//3463 3585//3585 3586//3586
f 3587//3587 3584//3584 3583//3583
f 3584//3584 3587//3587 3588//3588
f 3589//3589 3584//3584 3588//3588
f 3588//3588 3675//3675 3589//3589
f 3675//3675 3584//3584 3589//3589
f 3472//3472 3471//3471 3678//3678
f 3678//3678 3590//3590 3472//3472
f 3586//3586 3676//3676 3466//3466
f 3682//3682 3469//3469 3466//3466
f 3916//3916 3682//3682 3466//3466
f 3477//3477 3590//3590 3921//3921
f 3801//3801 3921//3921 3590//3590
f 3801//3801 3590//3590 3678//3678
f 3677//3677 3471//3471 7356//7356
f 3800//3800 3675//3675 3588//3588
f 7357//7357 7396//7396 3478//3478
f 7365//7365 3478//3478 7396//7396
f 3591//3591 3592//3592 3480//3480
f 3487//3487 3594//3594 7366//7366
f 3685//3685 7366//7366 3594//3594
f 7366//7366 3685//3685 3686//3686
f 3485//3485 3484//3484 3687//3687
f 3376//3376 3597//3597 3489//3489
f 3490//3490 3690//3690 3492//3492
f 3489//3489 3597//3597 3688//3688
f 3690//3690 3596//3596 3492//3492
f 3490//3490 3688//3688 3690//3690
f 3489//3489 3688//3688 3490//3490
f 3495//3495 3691//3691 3493//3493
f 3596//3596 3689//3689 3495//3495
f 3596//3596 3690//3690 3689//3689
f 3493//3493 3691//3691 3594//3594
f 3495//3495 3689//3689 3691//3691
f 3488//3488 3595//3595 3380//3380
f 3693//3693 3496//3496 3818//3818
f 3818//3818 3506//3506 3602//3602
f 3598//3598 3603//3603 3145//3145
f 3822//3822 3603//3603 3598//3598
f 3699//3699 3499//3499 3508//3508
f 3500//3500 3825//3825 3599//3599
f 7388//7388 3825//3825 3500//3500
f 3695//3695 3501//3501 3824//3824
f 3827//3827 3501//3501 3695//3695
f 3601//3601 3600//3600 3501//3501
f 3600//3600 3824//3824 3501//3501
f 3599//3599 3825//3825 3602//3602
f 3599//3599 3602//3602 3506//3506
f 3507//3507 3701//3701 3513//3513
f 3822//3822 3507//3507 3603//3603
f 3696//3696 3701//3701 3507//3507
f 3700//3700 3510//3510 3939//3939
f 3604//3604 3832//3832 3271//3271
f 3605//3605 2898//2898 3514//3514
f 3606//3606 3609//3609 3608//3608
f 3606//3606 3605//3605 3609//3609
f 3609//3609 3704//3704 3608//3608
f 3607//3607 3608//3608 3702//3702
f 3608//3608 3704//3704 3702//3702
f 3705//3705 3271//3271 3832//3832
f 3514//3514 3610//3610 3835//3835
f 3706//3706 3514//3514 3835//3835
f 3514//3514 3706//3706 3605//3605
f 3611//3611 3515//3515 3947//3947
f 3611//3611 3612//3612 3517//3517
f 3612//3612 3619//3619 3517//3517
f 3612//3612 3611//3611 3837//3837
f 3837//3837 3619//3619 3612//3612
f 3707//3707 3516//3516 3614//3614
f 3613//3613 3516//3516 3616//3616
f 3616//3616 3516//3516 3707//3707
f 3614//3614 3620//3620 3707//3707
f 3615//3615 3709//3709 3708//3708
f 3617//3617 3709//3709 3615//3615
f 3615//3615 3613//3613 3617//3617
f 3616//3616 3707//3707 3711//3711
f 3617//3617 3613//3613 3616//3616
f 3616//3616 7373//7373 3617//3617
f 3618//3618 3622//3622 3517//3517
f 3517//3517 3619//3619 3618//3618
f 3618//3618 3619//3619 3715//3715
f 3622//3622 3618//3618 3714//3714
f 3837//3837 3715//3715 3619//3619
f 3714//3714 3713//3713 3622//3622
f 3621//3621 3521//3521 3624//3624
f 3621//3621 3624//3624 3717//3717
f 3620//3620 3621//3621 3718//3718
f 3621//3621 3717//3717 3718//3718
f 3521//3521 3520//3520 3625//3625
f 3623//3623 3627//3627 3625//3625
f 3627//3627 3729//3729 3625//3625
f 3721//3721 3521//3521 3625//3625
f 3729//3729 3721//3721 3625//3625
f 3404//3404 3854//3854 3527//3527
f 3519//3519 3626//3626 3623//3623
f 3626//3626 3727//3727 3623//3623
f 3623//3623 3728//3728 3627//3627
f 3623//3623 3727//3727 3728//3728
f 3533//3533 3534//3534 3637//3637
f 3530//3530 3737//3737 3534//3534
f 3628//3628 3629//3629 3539//3539
f 3630//3630 3628//3628 3414//3414
f 3414//3414 3532//3532 3630//3630
f 3630//3630 3629//3629 3628//3628
f 3730//3730 3630//3630 3532//3532
f 3632//3632 3631//3631 3538//3538
f 3538//3538 3631//3631 3536//3536
f 3631//3631 4107//4107 3536//3536
f 3632//3632 4107//4107 3631//3631
f 3629//3629 4107//4107 3632//3632
f 3741//3741 3629//3629 3630//3630
f 3731//3731 3535//3535 3979//3979
f 3536//3536 3979//3979 3535//3535
f 3422//3422 3423//3423 3025//3025
f 3861//3861 3541//3541 3540//3540
f 3541//3541 3744//3744 3424//3424
f 3540//3540 4113//4113 7389//7389
f 3861//3861 3860//3860 3541//3541
f 3860//3860 3744//3744 3541//3541
f 3547//3547 3634//3634 3542//3542
f 3547//3547 3747//3747 3634//3634
f 3542//3542 3634//3634 3633//3633
f 3989//3989 3633//3633 3634//3634
f 7367//7367 3989//3989 3732//3732
f 3636//3636 3738//3738 3545//3545
f 3738//3738 3739//3739 3545//3545
f 3738//3738 3636//3636 3873//3873
f 3637//3637 3534//3534 3740//3740
f 3534//3534 3737//3737 3740//3740
f 3744//3744 3745//3745 3424//3424
f 3869//3869 3638//3638 3546//3546
f 3749//3749 3747//3747 3547//3547
f 3636//3636 3433//3433 3873//3873
f 3752//3752 3640//3640 3548//3548
f 3752//3752 3548//3548 3550//3550
f 3753//3753 3550//3550 3549//3549
f 3641//3641 3311//3311 3642//3642
f 3641//3641 3642//3642 3643//3643
f 3764//3764 3439//3439 3879//3879
f 3439//3439 3552//3552 3879//3879
f 3443//3443 3444//3444 3762//3762
f 3880//3880 3555//3555 7416//7416
f 3762//3762 4132//4132 3645//3645
f 3763//3763 3561//3561 3560//3560
f 3314//3314 3764//3764 3647//3647
f 3647//3647 3765//3765 3314//3314
f 3314//3314 3765//3765 3563//3563
f 3563//3563 3646//3646 3562//3562
f 3647//3647 3764//3764 3765//3765
f 3557//3557 3766//3766 4138//4138
f 3889//3889 3454//3454 3888//3888
f 3454//3454 3203//3203 3888//3888
f 3649//3649 3327//3327 3650//3650
f 3648//3648 3327//3327 3649//3649
f 3648//3648 3649//3649 3770//3770
f 3781//3781 3655//3655 4018//4018
f 3655//3655 3656//3656 4018//4018
f 3566//3566 3568//3568 3651//3651
f 3566//3566 3651//3651 3896//3896
f 3568//3568 3657//3657 3651//3651
f 3773//3773 3775//3775 3573//3573
f 3559//3559 3779//3779 3653//3653
f 3653//3653 3779//3779 3774//3774
f 3774//3774 3779//3779 3778//3778
f 3654//3654 4142//4142 3779//3779
f 7368//7368 7369//7369 7370//7370
f 7369//7369 3784//3784 7370//7370
f 3659//3659 3795//3795 3660//3660
f 3660//3660 3795//3795 3665//3665
f 3660//3660 3665//3665 7377//7377
f 3665//3665 3795//3795 3786//3786
f 3661//3661 3662//3662 3580//3580
f 3662//3662 3783//3783 3580//3580
f 3661//3661 3783//3783 3662//3662
f 3783//3783 3661//3661 3666//3666
f 3783//3783 3663//3663 3580//3580
f 3580//3580 3663//3663 3579//3579
f 3661//3661 3664//3664 3666//3666
f 7378//7378 3666//3666 3664//3664
f 3663//3663 3783//3783 3789//3789
f 3790//3790 3663//3663 3789//3789
f 3790//3790 3579//3579 3663//3663
f 3340//3340 3904//3904 3668//3668
f 3584//3584 3674//3674 7371//7371
f 7371//7371 3674//3674 3796//3796
f 3667//3667 3670//3670 4022//4022
f 3673//3673 3586//3586 3585//3585
f 3916//3916 3586//3586 3673//3673
f 3671//3671 3672//3672 7364//7364
f 4023//4023 3672//3672 3671//3671
f 7372//7372 3673//3673 3585//3585
f 3674//3674 3584//3584 3675//3675
f 3670//3670 3796//3796 4022//4022
f 3675//3675 3798//3798 3674//3674
f 3796//3796 3674//3674 3797//3797
f 3674//3674 3798//3798 7387//7387
f 3676//3676 3916//3916 3466//3466
f 3682//3682 3680//3680 3469//3469
f 3676//3676 3586//3586 3916//3916
f 3470//3470 3469//3469 3679//3679
f 3677//3677 7356//7356 3679//3679
f 3678//3678 3471//3471 3677//3677
f 3679//3679 3469//3469 3680//3680
f 3678//3678 3677//3677 3681//3681
f 3681//3681 3677//3677 3679//3679
f 3679//3679 3680//3680 3683//3683
f 3679//3679 3683//3683 3681//3681
f 3682//3682 3683//3683 3680//3680
f 3917//3917 3681//3681 3683//3683
f 3678//3678 3681//3681 3917//3917
f 3592//3592 3684//3684 3488//3488
f 3923//3923 3488//3488 3684//3684
f 3591//3591 3921//3921 3592//3592
f 7366//7366 3686//3686 3484//3484
f 3686//3686 3805//3805 3484//3484
f 3484//3484 3805//3805 3687//3687
f 3686//3686 3816//3816 3805//3805
f 3686//3686 3692//3692 3816//3816
f 3800//3800 3485//3485 3802//3802
f 3597//3597 3819//3819 3688//3688
f 3688//3688 3809//3809 3690//3690
f 3819//3819 3809//3809 3688//3688
f 3690//3690 3809//3809 3689//3689
f 3685//3685 3594//3594 3691//3691
f 3689//3689 3810//3810 3691//3691
f 3685//3685 3691//3691 3692//3692
f 3692//3692 3686//3686 3685//3685
f 3692//3692 3691//3691 3810//3810
f 3816//3816 3692//3692 3810//3810
f 3259//3259 3817//3817 3598//3598
f 3595//3595 3817//3817 3259//3259
f 3818//3818 3602//3602 3826//3826
f 3819//3819 3597//3597 3694//3694
f 3597//3597 3693//3693 3694//3694
f 3820//3820 3819//3819 3694//3694
f 3818//3818 3820//3820 3693//3693
f 3693//3693 3820//3820 3694//3694
f 3499//3499 3699//3699 3601//3601
f 3600//3600 3601//3601 3823//3823
f 3600//3600 3823//3823 3824//3824
f 3823//3823 3601//3601 3699//3699
f 3823//3823 3699//3699 3830//3830
f 3825//3825 3826//3826 3602//3602
f 3701//3701 3696//3696 3697//3697
f 3697//3697 3829//3829 3701//3701
f 3697//3697 3696//3696 3698//3698
f 3698//3698 3938//3938 3697//3697
f 3700//3700 3830//3830 3699//3699
f 3832//3832 3604//3604 3513//3513
f 3701//3701 3829//3829 3513//3513
f 3829//3829 3831//3831 3513//3513
f 3939//3939 3607//3607 3702//3702
f 3605//3605 3703//3703 3609//3609
f 3609//3609 3703//3703 3704//3704
f 3605//3605 3706//3706 3703//3703
f 3939//3939 3702//3702 3834//3834
f 3704//3704 3834//3834 3702//3702
f 3834//3834 3704//3704 3833//3833
f 3703//3703 3833//3833 3704//3704
f 3271//3271 3705//3705 3515//3515
f 3705//3705 3947//3947 3515//3515
f 3610//3610 3841//3841 3835//3835
f 3610//3610 3708//3708 3841//3841
f 3703//3703 3706//3706 3835//3835
f 3947//3947 3837//3837 3611//3611
f 3620//3620 3718//3718 3707//3707
f 3710//3710 3617//3617 7373//7373
f 3707//3707 3838//3838 3711//3711
f 3708//3708 3709//3709 3841//3841
f 3617//3617 3840//3840 3709//3709
f 3710//3710 3840//3840 3617//3617
f 3839//3839 3840//3840 3710//3710
f 3839//3839 3710//3710 7373//7373
f 3838//3838 3712//3712 3711//3711
f 3618//3618 3715//3715 3714//3714
f 3713//3713 3716//3716 3622//3622
f 3846//3846 3713//3713 3714//3714
f 3846//3846 3714//3714 3715//3715
f 3717//3717 3624//3624 3722//3722
f 3718//3718 3717//3717 3719//3719
f 3717//3717 3722//3722 3719//3719
f 3854//3854 3622//3622 3716//3716
f 3624//3624 3521//3521 3722//3722
f 3721//3721 3720//3720 3521//3521
f 3722//3722 3521//3521 3850//3850
f 3521//3521 3720//3720 3723//3723
f 3850//3850 3719//3719 3722//3722
f 3850//3850 3521//3521 3723//3723
f 3723//3723 3720//3720 3724//3724
f 3724//3724 3720//3720 3725//3725
f 3720//3720 3721//3721 3726//3726
f 3725//3725 3720//3720 3726//3726
f 3729//3729 3857//3857 3721//3721
f 3850//3850 3723//3723 3851//3851
f 3723//3723 3724//3724 3851//3851
f 3404//3404 3622//3622 3854//3854
f 3626//3626 3734//3734 3727//3727
f 3627//3627 3728//3728 3855//3855
f 3729//3729 3627//3627 3856//3856
f 3854//3854 3859//3859 3527//3527
f 3635//3635 3527//3527 3859//3859
f 3730//3730 3741//3741 3630//3630
f 3741//3741 3730//3730 3743//3743
f 4107//4107 3979//3979 3536//3536
f 4113//4113 3423//3423 3422//3422
f 4113//4113 3540//3540 3423//3423
f 3733//3733 3735//3735 3522//3522
f 3735//3735 3626//3626 3522//3522
f 3732//3732 3735//3735 3733//3733
f 3734//3734 3626//3626 3735//3735
f 3735//3735 3992//3992 3734//3734
f 3183//3183 3635//3635 3736//3736
f 3183//3183 3736//3736 3750//3750
f 3976//3976 3737//3737 3739//3739
f 3737//3737 3976//3976 4476//4476
f 3730//3730 3637//3637 3743//3743
f 3637//3637 3740//3740 3743//3743
f 4476//4476 3863//3863 3737//3737
f 3863//3863 3740//3740 3737//3737
f 3742//3742 3629//3629 3741//3741
f 3742//3742 3741//3741 3866//3866
f 3870//3870 3546//3546 3745//3745
f 3744//3744 3867//3867 3745//3745
f 3638//3638 3869//3869 3547//3547
f 3867//3867 3871//3871 3745//3745
f 3745//3745 3871//3871 3870//3870
f 3546//3546 3870//3870 3869//3869
f 3746//3746 3634//3634 3747//3747
f 3747//3747 3748//3748 3746//3746
f 3749//3749 3748//3748 3747//3747
f 3634//3634 3746//3746 3989//3989
f 3748//3748 3986//3986 3746//3746
f 3750//3750 4124//4124 3751//3751
f 3752//3752 3550//3550 3874//3874
f 4126//4126 3640//3640 3995//3995
f 3754//3754 3756//3756 3642//3642
f 3642//3642 3997//3997 3643//3643
f 3755//3755 3639//3639 3751//3751
f 3754//3754 3639//3639 3755//3755
f 3755//3755 3751//3751 3757//3757
f 3756//3756 3754//3754 3755//3755
f 3757//3757 3751//3751 3877//3877
f 3756//3756 3755//3755 3757//3757
f 3642//3642 3756//3756 3757//3757
f 3757//3757 3877//3877 3876//3876
f 3757//3757 3876//3876 3997//3997
f 3642//3642 3757//3757 3997//3997
f 3438//3438 3878//3878 3549//3549
f 3878//3878 3753//3753 3549//3549
f 3879//3879 3552//3552 4001//4001
f 3761//3761 3759//3759 3554//3554
f 3760//3760 3554//3554 3644//3644
f 4003//4003 3759//3759 3761//3761
f 3760//3760 3761//3761 3554//3554
f 3644//3644 3881//3881 3760//3760
f 4130//4130 3758//3758 4003//4003
f 3880//3880 3644//3644 3555//3555
f 3881//3881 3644//3644 3880//3880
f 3763//3763 3560//3560 3883//3883
f 3646//3646 3563//3563 3885//3885
f 3563//3563 3765//3765 3885//3885
f 3764//3764 3885//3885 3765//3765
f 3557//3557 4138//4138 3887//3887
f 3886//3886 3444//3444 3882//3882
f 3767//3767 3077//3077 3564//3564
f 4138//4138 3766//3766 4005//4005
f 4005//4005 3766//3766 3767//3767
f 4140//4140 3767//3767 3564//3564
f 3780//3780 3891//3891 3203//3203
f 3648//3648 3892//3892 3780//3780
f 3649//3649 3650//3650 3771//3771
f 3770//3770 3649//3649 3771//3771
f 3771//3771 3650//3650 3769//3769
f 3771//3771 3769//3769 4016//4016
f 4018//4018 3769//3769 3781//3781
f 3775//3775 3652//3652 3573//3573
f 3652//3652 3775//3775 3772//3772
f 3773//3773 3774//3774 3776//3776
f 4008//4008 3773//3773 3776//3776
f 3775//3775 3773//3773 4008//4008
f 3774//3774 3778//3778 3776//3776
f 3772//3772 3775//3775 3777//3777
f 3776//3776 3778//3778 4008//4008
f 3778//3778 3779//3779 4008//4008
f 3654//3654 3763//3763 4010//4010
f 3654//3654 4010//4010 4142//4142
f 3651//3651 3657//3657 3896//3896
f 3896//3896 3657//3657 3782//3782
f 3782//3782 3657//3657 3897//3897
f 3570//3570 3897//3897 3657//3657
f 3899//3899 3570//3570 3569//3569
f 3569//3569 3901//3901 3902//3902
f 3569//3569 3902//3902 3899//3899
f 3786//3786 7377//7377 3665//3665
f 3783//3783 7378//7378 3785//3785
f 3783//3783 3666//3666 7378//7378
f 3785//3785 3787//3787 3783//3783
f 3789//3789 3783//3783 3787//3787
f 3786//3786 3795//3795 3792//3792
f 7380//7380 7379//7379 7382//7382
f 7381//7381 7383//7383 3792//3792
f 3785//3785 3788//3788 3787//3787
f 7384//7384 7381//7381 3792//3792
f 3791//3791 3787//3787 3788//3788
f 7385//7385 7384//7384 3792//3792
f 3787//3787 3791//3791 3789//3789
f 3789//3789 3791//3791 3790//3790
f 3790//3790 3793//3793 3579//3579
f 3791//3791 3794//3794 3790//3790
f 3790//3790 3794//3794 3793//3793
f 7386//7386 3792//3792 3795//3795
f 7386//7386 7385//7385 3792//3792
f 3904//3904 3793//3793 3903//3903
f 3795//3795 3667//3667 4022//4022
f 3904//3904 3340//3340 3579//3579
f 3904//3904 3906//3906 3668//3668
f 3904//3904 3579//3579 3793//3793
f 3669//3669 4023//4023 3671//3671
f 3906//3906 4023//4023 3669//3669
f 7400//7400 3673//3673 7372//7372
f 3916//3916 3673//3673 7400//7400
f 7387//7387 3798//3798 3799//3799
f 7387//7387 3799//3799 3908//3908
f 3910//3910 3799//3799 3798//3798
f 4022//4022 3796//3796 3907//3907
f 3797//3797 7392//7392 3796//3796
f 3916//3916 3683//3683 3682//3682
f 3801//3801 3678//3678 3917//3917
f 3910//3910 3798//3798 3675//3675
f 3910//3910 3675//3675 3800//3800
f 3910//3910 3800//3800 3918//3918
f 3802//3802 4043//4043 3800//3800
f 3922//3922 3684//3684 3592//3592
f 3802//3802 3485//3485 3687//3687
f 3687//3687 3804//3804 3803//3803
f 3687//3687 3805//3805 3804//3804
f 3687//3687 3803//3803 3802//3802
f 3803//3803 3804//3804 3807//3807
f 3803//3803 3807//3807 4043//4043
f 3804//3804 3806//3806 3807//3807
f 3804//3804 3805//3805 3806//3806
f 4043//4043 3802//3802 3803//3803
f 3807//3807 3806//3806 3808//3808
f 3923//3923 3595//3595 3488//3488
f 3817//3817 3595//3595 3923//3923
f 3684//3684 4046//4046 3923//3923
f 3809//3809 3814//3814 3689//3689
f 3809//3809 4173//4173 3814//3814
f 3689//3689 3811//3811 3810//3810
f 3814//3814 3812//3812 3689//3689
f 3812//3812 3813//3813 3811//3811
f 3812//3812 3811//3811 3689//3689
f 3810//3810 3811//3811 3813//3813
f 3814//3814 3813//3813 3812//3812
f 3810//3810 3813//3813 4057//4057
f 3814//3814 3815//3815 3813//3813
f 3813//3813 3815//3815 4057//4057
f 3814//3814 3931//3931 3815//3815
f 3815//3815 3931//3931 4057//4057
f 3814//3814 4173//4173 3931//3931
f 3816//3816 3806//3806 3805//3805
f 3816//3816 3924//3924 3806//3806
f 3817//3817 3925//3925 3598//3598
f 3818//3818 3926//3926 3820//3820
f 3820//3820 3821//3821 3819//3819
f 3820//3820 3928//3928 3821//3821
f 3819//3819 3927//3927 3809//3809
f 3822//3822 3828//3828 3507//3507
f 3822//3822 3598//3598 3932//3932
f 3942//3942 3827//3827 3695//3695
f 3824//3824 3942//3942 3695//3695
f 3823//3823 3940//3940 3824//3824
f 3940//3940 3823//3823 3830//3830
f 4063//4063 3826//3826 3825//3825
f 3696//3696 3507//3507 3828//3828
f 3828//3828 3698//3698 3696//3696
f 3938//3938 3935//3935 3697//3697
f 3697//3697 3935//3935 3829//3829
f 3828//3828 3938//3938 3698//3698
f 3829//3829 3936//3936 3831//3831
f 3700//3700 3939//3939 3830//3830
f 3832//3832 3513//3513 3831//3831
f 3835//3835 3836//3836 3703//3703
f 3833//3833 3703//3703 3836//3836
f 3833//3833 3948//3948 3834//3834
f 3705//3705 3832//3832 3946//3946
f 3955//3955 3956//3956 3835//3835
f 3836//3836 3835//3835 3956//3956
f 3833//3833 3836//3836 3948//3948
f 3950//3950 3715//3715 3837//3837
f 3715//3715 3950//3950 3846//3846
f 3841//3841 3709//3709 3840//3840
f 3840//3840 3839//3839 3843//3843
f 3841//3841 3844//3844 3835//3835
f 3844//3844 3841//3841 3840//3840
f 3843//3843 3839//3839 3842//3842
f 3839//3839 7373//7373 3842//3842
f 3842//3842 3959//3959 3845//3845
f 3842//3842 7373//7373 3959//3959
f 3840//3840 3843//3843 3951//3951
f 3842//3842 3845//3845 3843//3843
f 3843//3843 3845//3845 3951//3951
f 3844//3844 3840//3840 3954//3954
f 3840//3840 3951//3951 3954//3954
f 3835//3835 3953//3953 3955//3955
f 3844//3844 3953//3953 3835//3835
f 3713//3713 3958//3958 3716//3716
f 3713//3713 3846//3846 3950//3950
f 3713//3713 3950//3950 3958//3958
f 4213//4213 3716//3716 3958//3958
f 3718//3718 3719//3719 3849//3849
f 3707//3707 3718//3718 3838//3838
f 3838//3838 3847//3847 3712//3712
f 3838//3838 3718//3718 3847//3847
f 3849//3849 3719//3719 3848//3848
f 3847//3847 3718//3718 3849//3849
f 3712//3712 3961//3961 3711//3711
f 3719//3719 3850//3850 3848//3848
f 3851//3851 3852//3852 3850//3850
f 3725//3725 3851//3851 3724//3724
f 3726//3726 3857//3857 3725//3725
f 3725//3725 3857//3857 3858//3858
f 3851//3851 3725//3725 3853//3853
f 3853//3853 3725//3725 3858//3858
f 3851//3851 3853//3853 3852//3852
f 3850//3850 3852//3852 3968//3968
f 3850//3850 3968//3968 3848//3848
f 3968//3968 3852//3852 3853//3853
f 3968//3968 3853//3853 3967//3967
f 3967//3967 3853//3853 3858//3858
f 3627//3627 3855//3855 3856//3856
f 3727//3727 3970//3970 3728//3728
f 3970//3970 3971//3971 3728//3728
f 3728//3728 3971//3971 3855//3855
f 3970//3970 3727//3727 3862//3862
f 3721//3721 3857//3857 3726//3726
f 3729//3729 4094//4094 3857//3857
f 3856//3856 4095//4095 3729//3729
f 4094//4094 3729//3729 4095//4095
f 3856//3856 3855//3855 4095//4095
f 3858//3858 3857//3857 4094//4094
f 4106//4106 3629//3629 3865//3865
f 3864//3864 3865//3865 3629//3629
f 3732//3732 3989//3989 3735//3735
f 3735//3735 3872//3872 7399//7399
f 3992//3992 3969//3969 3734//3734
f 3734//3734 3862//3862 3727//3727
f 3862//3862 3734//3734 3969//3969
f 3862//3862 3972//3972 3970//3970
f 3736//3736 3973//3973 3750//3750
f 3736//3736 3974//3974 3973//3973
f 3736//3736 3635//3635 3974//3974
f 3635//3635 3859//3859 3974//3974
f 3743//3743 3866//3866 3741//3741
f 3740//3740 3863//3863 3743//3743
f 3743//3743 4105//4105 3866//3866
f 3866//3866 3864//3864 3742//3742
f 3742//3742 3864//3864 3629//3629
f 3865//3865 3864//3864 4106//4106
f 3866//3866 4105//4105 3864//3864
f 3743//3743 3863//3863 4105//4105
f 3629//3629 4106//4106 4107//4107
f 4105//4105 4103//4103 3864//3864
f 3867//3867 3744//3744 3868//3868
f 4114//4114 3871//3871 3867//3867
f 3870//3870 4235//4235 3869//3869
f 3981//3981 4116//4116 3870//3870
f 3547//3547 3982//3982 3749//3749
f 3869//3869 3982//3982 3547//3547
f 3869//3869 4235//4235 3982//3982
f 3749//3749 3987//3987 3748//3748
f 3746//3746 3988//3988 3989//3989
f 3986//3986 3748//3748 3985//3985
f 3985//3985 3748//3748 3987//3987
f 7375//7375 3984//3984 3988//3988
f 7375//7375 3986//3986 3984//3984
f 3989//3989 3872//3872 3735//3735
f 3750//3750 4122//4122 4123//4123
f 3873//3873 3433//3433 4243//4243
f 4124//4124 3750//3750 4123//4123
f 4243//4243 3433//3433 4126//4126
f 3550//3550 7376//7376 3874//3874
f 3753//3753 3878//3878 3998//3998
f 3875//3875 3640//3640 3752//3752
f 3875//3875 3995//3995 3640//3640
f 3875//3875 3752//3752 3874//3874
f 7376//7376 3998//3998 3874//3874
f 3877//3877 3997//3997 3876//3876
f 3878//3878 3758//3758 4000//4000
f 3552//3552 3643//3643 4382//4382
f 4003//4003 3761//3761 3760//3760
f 3880//3880 7416//7416 4131//4131
f 3880//3880 4131//4131 3881//3881
f 4136//4136 4132//4132 3762//3762
f 3883//3883 3560//3560 3646//3646
f 3646//3646 3884//3884 3883//3883
f 3646//3646 3885//3885 3884//3884
f 3884//3884 3885//3885 4004//4004
f 3762//3762 3444//3444 3886//3886
f 3886//3886 3882//3882 4137//4137
f 4137//4137 3762//3762 3886//3886
f 3768//3768 3889//3889 3890//3890
f 3890//3890 3889//3889 3888//3888
f 4007//4007 3768//3768 3890//3890
f 4009//4009 3777//3777 3775//3775
f 4009//4009 3772//3772 3777//3777
f 3763//3763 3883//3883 4010//4010
f 4011//4011 4010//4010 3883//3883
f 3780//3780 3892//3892 3891//3891
f 3888//3888 3203//3203 3891//3891
f 3888//3888 3891//3891 4266//4266
f 3888//3888 4266//4266 4012//4012
f 3648//3648 3893//3893 3892//3892
f 3648//3648 3770//3770 3894//3894
f 3893//3893 3648//3648 3894//3894
f 4266//4266 3891//3891 3892//3892
f 3770//3770 3771//3771 4016//4016
f 3770//3770 4016//4016 4017//4017
f 3894//3894 3770//3770 4014//4014
f 3656//3656 3895//3895 4018//4018
f 4018//4018 3895//3895 4274//4274
f 3896//3896 3782//3782 4019//4019
f 3782//3782 3897//3897 4019//4019
f 3570//3570 3898//3898 3897//3897
f 3900//3900 3570//3570 3899//3899
f 3570//3570 3900//3900 3898//3898
f 3901//3901 4271//4271 3902//3902
f 3794//3794 7390//7390 3793//3793
f 7386//7386 3795//3795 3905//3905
f 7386//7386 3905//3905 7391//7391
f 3905//3905 3795//3795 4022//4022
f 3904//3904 3903//3903 3906//3906
f 3903//3903 4023//4023 3906//3906
f 3796//3796 7392//7392 3907//3907
f 3910//3910 3908//3908 3799//3799
f 3907//3907 7392//7392 3909//3909
f 3908//3908 3910//3910 7393//7393
f 4022//4022 3907//3907 3911//3911
f 3912//3912 7393//7393 3910//3910
f 3911//3911 3907//3907 3909//3909
f 3910//3910 3918//3918 3913//3913
f 3910//3910 3913//3913 3912//3912
f 3911//3911 3909//3909 7394//7394
f 3911//3911 7394//7394 3914//3914
f 7395//7395 3912//3912 3913//3913
f 3918//3918 7395//7395 3913//3913
f 3915//3915 3911//3911 3914//3914
f 3915//3915 4022//4022 3911//3911
f 7395//7395 3918//3918 3919//3919
f 4024//4024 4022//4022 3915//3915
f 3915//3915 3914//3914 4025//4025
f 7402//7402 7395//7395 3919//3919
f 3921//3921 3801//3801 3917//3917
f 3683//3683 4030//4030 3917//3917
f 3683//3683 3916//3916 4030//4030
f 3917//3917 4030//4030 3921//3921
f 4044//4044 3918//3918 3800//3800
f 4043//4043 4044//4044 3800//3800
f 3918//3918 4044//4044 3920//3920
f 3918//3918 3920//3920 3919//3919
f 4031//4031 3919//3919 3920//3920
f 4041//4041 3922//3922 3592//3592
f 4030//4030 4161//4161 3921//3921
f 4041//4041 3592//3592 3921//3921
f 4041//4041 4040//4040 3922//3922
f 4040//4040 3684//3684 3922//3922
f 4046//4046 3684//3684 4040//4040
f 3808//3808 3806//3806 7397//7397
f 3807//3807 3808//3808 4043//4043
f 3816//3816 4047//4047 3924//3924
f 4047//4047 3816//3816 3810//3810
f 3924//3924 4047//4047 4048//4048
f 3810//3810 4057//4057 4047//4047
f 3820//3820 3926//3926 4066//4066
f 3818//3818 4064//4064 3926//3926
f 3826//3826 4064//4064 3818//3818
f 3819//3819 3821//3821 3927//3927
f 3928//3928 3820//3820 4065//4065
f 7413//7413 4065//4065 3820//3820
f 3928//3928 3929//3929 3821//3821
f 3927//3927 3930//3930 3809//3809
f 3821//3821 3929//3929 3927//3927
f 3927//3927 3929//3929 3930//3930
f 3809//3809 3930//3930 4173//4173
f 4173//4173 4056//4056 3931//3931
f 3931//3931 4056//4056 4055//4055
f 3925//3925 3932//3932 3598//3598
f 3822//3822 3933//3933 3828//3828
f 4181//4181 3933//3933 3822//3822
f 3933//3933 4181//4181 3828//3828
f 4181//4181 3938//3938 3828//3828
f 3932//3932 4060//4060 3822//3822
f 4062//4062 4060//4060 3932//3932
f 7388//7388 4063//4063 3825//3825
f 3926//3926 3934//3934 4066//4066
f 4064//4064 3934//3934 3926//3926
f 3936//3936 3829//3829 4073//4073
f 3935//3935 4068//4068 3829//3829
f 3829//3829 4068//4068 3937//3937
f 3938//3938 4068//4068 3935//3935
f 4068//4068 4073//4073 3937//3937
f 3937//3937 4073//4073 3829//3829
f 3824//3824 3940//3940 3942//3942
f 3830//3830 3941//3941 3940//3940
f 3939//3939 4075//4075 3830//3830
f 3940//3940 3941//3941 3942//3942
f 3941//3941 3830//3830 4075//4075
f 3942//3942 3941//3941 4075//4075
f 4070//4070 3827//3827 3942//3942
f 3936//3936 4073//4073 3831//3831
f 3946//3946 3832//3832 4072//4072
f 4073//4073 3943//3943 3831//3831
f 3831//3831 3943//3943 3832//3832
f 3948//3948 3944//3944 3834//3834
f 3834//3834 3944//3944 4074//4074
f 3948//3948 3945//3945 3944//3944
f 3944//3944 3945//3945 4076//4076
f 4074//4074 3939//3939 3834//3834
f 3944//3944 4076//4076 4074//4074
f 3939//3939 4074//4074 4075//4075
f 3945//3945 4077//4077 4076//4076
f 3705//3705 3946//3946 4072//4072
f 3705//3705 4072//4072 3947//3947
f 3956//3956 3949//3949 3836//3836
f 4082//4082 3949//3949 3956//3956
f 3949//3949 3948//3948 3836//3836
f 3949//3949 4207//4207 3948//3948
f 3945//3945 3948//3948 4077//4077
f 3949//3949 4082//4082 4207//4207
f 4078//4078 3950//3950 3837//3837
f 3958//3958 3950//3950 4079//4079
f 4078//4078 4079//4079 3950//3950
f 3953//3953 3844//3844 3954//3954
f 3951//3951 3845//3845 3952//3952
f 3845//3845 3959//3959 3952//3952
f 3952//3952 3954//3954 3951//3951
f 3957//3957 3955//3955 3953//3953
f 3953//3953 3954//3954 3957//3957
f 3956//3956 3955//3955 3957//3957
f 4080//4080 4082//4082 3956//3956
f 3849//3849 3848//3848 3963//3963
f 3847//3847 3960//3960 3712//3712
f 3712//3712 3960//3960 3961//3961
f 3961//3961 3966//3966 3711//3711
f 3847//3847 3962//3962 3960//3960
f 3960//3960 3962//3962 3961//3961
f 3961//3961 3965//3965 3966//3966
f 3962//3962 3847//3847 3849//3849
f 3962//3962 3965//3965 3961//3961
f 3962//3962 3849//3849 3963//3963
f 3962//3962 3963//3963 4085//4085
f 3959//3959 7373//7373 3964//3964
f 7398//7398 3711//3711 3966//3966
f 3959//3959 3964//3964 4087//4087
f 7398//7398 3966//3966 4087//4087
f 4083//4083 3962//3962 4085//4085
f 3965//3965 3962//3962 4083//4083
f 4087//4087 4086//4086 3959//3959
f 3965//3965 4083//4083 3966//3966
f 4083//4083 4084//4084 3966//3966
f 3967//3967 3858//3858 4094//4094
f 3967//3967 4094//4094 3968//3968
f 3968//3968 3963//3963 3848//3848
f 3854//3854 3716//3716 4093//4093
f 3855//3855 4099//4099 4095//4095
f 3974//3974 3859//3859 4101//4101
f 3980//3980 4096//4096 7389//7389
f 3861//3861 4096//4096 3860//3860
f 3970//3970 3972//3972 3971//3971
f 3972//3972 3862//3862 4098//4098
f 4098//4098 3862//3862 3969//3969
f 3974//3974 3975//3975 3973//3973
f 3973//3973 4100//4100 3993//3993
f 3975//3975 3974//3974 4101//4101
f 3975//3975 4100//4100 3973//3973
f 3738//3738 3977//3977 3739//3739
f 3738//3738 3994//3994 3977//3977
f 3977//3977 3976//3976 3739//3739
f 3977//3977 4476//4476 3976//3976
f 4103//4103 3978//3978 3864//3864
f 3864//3864 3978//3978 4106//4106
f 3978//3978 4103//4103 4106//4106
f 4356//4356 3731//3731 3979//3979
f 3979//3979 4107//4107 4356//4356
f 3731//3731 4356//4356 4111//4111
f 3731//3731 4111//4111 3422//3422
f 4111//4111 4112//4112 3422//3422
f 3422//3422 4112//4112 4113//4113
f 3868//3868 3744//3744 3860//3860
f 7389//7389 4113//4113 3980//3980
f 3980//3980 4113//4113 4096//4096
f 4114//4114 3867//3867 4234//4234
f 4234//4234 3867//3867 3868//3868
f 3981//3981 3870//3870 3871//3871
f 4115//4115 3871//3871 4114//4114
f 4235//4235 3870//3870 4116//4116
f 3871//3871 4115//4115 3981//3981
f 4115//4115 4116//4116 3981//3981
f 3749//3749 3983//3983 3987//3987
f 3982//3982 3983//3983 3749//3749
f 3986//3986 3990//3990 3984//3984
f 3985//3985 4119//4119 3986//3986
f 3985//3985 3987//3987 4119//4119
f 3982//3982 4117//4117 3983//3983
f 3989//3989 3988//3988 4120//4120
f 3986//3986 4119//4119 3990//3990
f 4120//4120 3872//3872 3989//3989
f 3988//3988 3984//3984 4120//4120
f 3990//3990 3991//3991 3984//3984
f 3984//3984 3991//3991 4120//4120
f 3872//3872 4120//4120 7399//7399
f 3993//3993 3750//3750 3973//3973
f 3750//3750 3993//3993 4122//4122
f 3738//3738 3873//3873 4243//4243
f 3738//3738 4243//4243 3994//3994
f 3995//3995 3875//3875 3996//3996
f 3997//3997 3877//3877 4248//4248
f 3998//3998 3878//3878 3999//3999
f 3758//3758 4130//4130 4129//4129
f 4000//4000 3758//3758 4128//4128
f 4128//4128 3758//3758 4129//4129
f 4000//4000 4128//4128 4249//4249
f 3552//3552 4382//4382 4002//4002
f 4001//4001 3552//3552 4002//4002
f 4003//4003 3760//3760 3881//3881
f 4253//4253 4130//4130 4003//4003
f 4255//4255 4132//4132 4136//4136
f 4134//4134 3884//3884 4004//4004
f 4004//4004 3885//3885 4133//4133
f 3883//3883 3884//3884 4011//4011
f 4134//4134 4011//4011 3884//3884
f 4004//4004 4133//4133 4134//4134
f 3885//3885 3764//3764 4488//4488
f 3879//3879 4488//4488 3764//3764
f 4135//4135 4488//4488 3879//3879
f 4137//4137 3882//3882 3887//3887
f 4136//4136 3762//3762 4137//4137
f 3887//3887 4138//4138 4006//4006
f 4005//4005 3767//3767 4140//4140
f 3564//3564 3768//3768 4007//4007
f 4138//4138 4005//4005 4139//4139
f 4140//4140 4139//4139 4005//4005
f 3775//3775 4008//4008 4009//4009
f 3779//3779 4142//4142 4501//4501
f 4011//4011 4392//4392 4010//4010
f 4011//4011 4134//4134 4392//4392
f 4012//4012 3890//3890 3888//3888
f 4013//4013 3890//3890 4012//4012
f 4012//4012 4265//4265 4013//4013
f 4014//4014 4015//4015 3894//3894
f 4014//4014 3770//3770 4017//4017
f 4145//4145 3894//3894 4015//4015
f 4014//4014 4017//4017 4146//4146
f 4014//4014 4146//4146 4015//4015
f 3894//3894 4145//4145 3893//3893
f 4015//4015 4146//4146 4396//4396
f 3769//3769 4147//4147 4016//4016
f 4017//4017 4016//4016 4148//4148
f 4148//4148 4016//4016 4147//4147
f 4148//4148 4146//4146 4017//4017
f 3769//3769 4401//4401 4147//4147
f 3769//3769 4018//4018 4401//4401
f 4018//4018 4274//4274 4150//4150
f 3900//3900 3899//3899 4021//4021
f 3898//3898 3900//3900 4270//4270
f 3898//3898 4152//4152 3897//3897
f 4020//4020 3899//3899 3902//3902
f 3899//3899 4020//4020 4021//4021
f 4021//4021 4020//4020 4271//4271
f 4020//4020 3902//3902 4271//4271
f 7391//7391 3905//3905 4022//4022
f 7401//7401 7391//7391 4022//4022
f 7401//7401 4022//4022 4406//4406
f 3915//3915 4025//4025 4024//4024
f 4024//4024 4025//4025 4026//4026
f 4027//4027 4024//4024 4026//4026
f 3919//3919 4031//4031 7402//7402
f 7403//7403 7406//7406 7404//7404
f 4032//4032 4027//4027 4026//4026
f 7407//7407 7405//7405 4031//4031
f 4024//4024 4027//4027 4028//4028
f 4027//4027 4032//4032 4034//4034
f 4034//4034 4028//4028 4027//4027
f 4024//4024 4028//4028 4022//4022
f 4034//4034 4038//4038 4035//4035
f 4028//4028 4034//4034 4035//4035
f 4158//4158 4022//4022 4028//4028
f 4022//4022 4158//4158 4279//4279
f 4022//4022 4279//4279 4291//4291
f 4030//4030 3916//3916 4029//4029
f 4029//4029 4161//4161 4030//4030
f 7407//7407 4031//4031 3920//3920
f 4044//4044 4033//4033 3920//3920
f 7407//7407 3920//3920 4033//4033
f 4033//4033 7408//7408 7407//7407
f 4033//4033 7409//7409 7408//7408
f 4036//4036 4033//4033 4044//4044
f 4028//4028 4035//4035 4038//4038
f 7409//7409 4033//4033 4036//4036
f 4036//4036 4044//4044 4039//4039
f 4028//4028 4038//4038 4037//4037
f 4028//4028 4037//4037 4158//4158
f 4036//4036 4039//4039 7409//7409
f 4038//4038 7410//7410 4037//4037
f 4039//4039 4044//4044 4154//4154
f 4157//4157 4154//4154 4044//4044
f 4161//4161 4162//4162 3921//3921
f 4040//4040 4041//4041 4046//4046
f 4162//4162 4041//4041 3921//3921
f 4041//4041 4292//4292 4046//4046
f 3808//3808 7397//7397 4042//4042
f 4048//4048 4042//4042 7397//7397
f 4045//4045 4043//4043 3808//3808
f 4045//4045 3808//3808 4042//4042
f 4163//4163 4043//4043 4045//4045
f 3923//3923 4046//4046 4168//4168
f 4168//4168 4167//4167 3923//3923
f 4167//4167 3817//3817 3923//3923
f 3817//3817 4420//4420 4171//4171
f 4168//4168 4046//4046 4292//4292
f 4058//4058 4047//4047 4057//4057
f 4048//4048 4047//4047 4049//4049
f 3817//3817 4171//4171 3925//3925
f 4061//4061 3925//3925 4171//4171
f 3929//3929 4051//4051 3930//3930
f 4065//4065 4050//4050 3928//3928
f 4051//4051 4173//4173 3930//3930
f 3929//3929 4054//4054 4051//4051
f 4051//4051 4054//4054 4173//4173
f 3929//3929 3928//3928 4052//4052
f 4054//4054 3929//3929 4052//4052
f 4053//4053 4054//4054 4052//4052
f 3928//3928 7412//7412 7411//7411
f 4050//4050 7412//7412 3928//3928
f 4056//4056 4173//4173 4175//4175
f 3931//3931 4059//4059 4057//4057
f 4179//4179 4059//4059 3931//3931
f 4055//4055 4179//4179 3931//3931
f 4059//4059 4058//4058 4057//4057
f 4061//4061 3932//3932 3925//3925
f 4061//4061 4062//4062 3932//3932
f 4060//4060 4062//4062 4181//4181
f 3822//3822 4060//4060 4181//4181
f 4061//4061 4171//4171 4182//4182
f 4062//4062 4061//4061 4182//4182
f 4063//4063 4064//4064 3826//3826
f 4063//4063 7388//7388 4071//4071
f 4063//4063 4183//4183 4064//4064
f 4063//4063 4184//4184 4183//4183
f 4064//4064 4067//4067 3934//3934
f 3934//3934 4067//4067 4066//4066
f 4064//4064 4183//4183 4067//4067
f 4063//4063 4071//4071 4184//4184
f 4050//4050 7413//7413 4189//4189
f 4065//4065 7413//7413 4050//4050
f 4067//4067 4188//4188 4066//4066
f 4183//4183 4186//4186 4067//4067
f 4189//4189 4066//4066 4313//4313
f 4066//4066 4188//4188 4313//4313
f 7412//7412 4050//4050 4185//4185
f 4185//4185 4189//4189 4191//4191
f 4050//4050 4189//4189 4185//4185
f 4069//4069 3938//3938 4181//4181
f 4068//4068 3938//3938 4069//4069
f 4181//4181 4543//4543 4069//4069
f 4073//4073 4068//4068 4069//4069
f 4071//4071 7388//7388 4070//4070
f 4071//4071 4070//4070 4195//4195
f 4070//4070 4194//4194 4195//4195
f 3942//3942 4194//4194 4070//4070
f 4192//4192 4194//4194 3942//3942
f 3832//3832 3943//3943 4073//4073
f 4072//4072 3832//3832 4073//4073
f 4075//4075 4074//4074 4076//4076
f 4197//4197 4075//4075 4076//4076
f 3837//3837 3947//3947 4199//4199
f 3948//3948 4207//4207 4201//4201
f 4076//4076 4077//4077 4197//4197
f 4197//4197 4077//4077 4202//4202
f 4077//4077 3948//3948 4202//4202
f 3948//3948 4201//4201 4202//4202
f 3837//3837 4199//4199 4078//4078
f 4078//4078 4203//4203 4079//4079
f 4199//4199 4203//4203 4078//4078
f 4203//4203 4441//4441 4079//4079
f 4441//4441 4328//4328 4079//4079
f 3958//3958 4079//4079 4213//4213
f 4213//4213 4079//4079 4328//4328
f 3954//3954 3952//3952 4089//4089
f 4092//4092 3957//3957 3954//3954
f 3957//3957 4081//4081 3956//3956
f 4092//4092 4081//4081 3957//3957
f 4089//4089 4092//4092 3954//3954
f 4080//4080 3956//3956 4081//4081
f 4092//4092 4211//4211 4081//4081
f 4082//4082 4080//4080 4205//4205
f 4080//4080 4081//4081 4211//4211
f 3966//3966 4084//4084 4214//4214
f 4214//4214 4087//4087 3966//3966
f 4083//4083 4214//4214 4084//4084
f 4214//4214 4083//4083 4085//4085
f 3952//3952 3959//3959 4091//4091
f 3959//3959 7414//7414 4091//4091
f 4088//4088 3952//3952 4091//4091
f 3952//3952 4088//4088 4089//4089
f 4089//4089 4088//4088 4090//4090
f 4091//4091 4090//4090 4088//4088
f 4210//4210 4090//4090 4091//4091
f 4089//4089 4090//4090 4092//4092
f 4092//4092 4090//4090 4210//4210
f 4212//4212 4086//4086 4087//4087
f 4210//4210 4091//4091 7414//7414
f 4211//4211 4092//4092 4210//4210
f 7417//7417 4210//4210 7414//7414
f 4335//4335 3716//3716 4213//4213
f 4093//4093 3716//3716 4335//4335
f 3963//3963 3968//3968 4219//4219
f 3963//3963 4215//4215 4085//4085
f 3963//3963 4219//4219 4215//4215
f 4085//4085 4215//4215 4214//4214
f 3968//3968 4218//4218 4219//4219
f 3854//3854 4093//4093 4216//4216
f 3859//3859 3854//3854 4216//4216
f 4095//4095 4099//4099 4350//4350
f 4094//4094 4218//4218 3968//3968
f 4094//4094 4217//4217 4218//4218
f 4095//4095 4217//4217 4094//4094
f 3859//3859 4216//4216 4101//4101
f 3969//3969 3992//3992 4097//4097
f 4098//4098 3969//3969 4097//4097
f 4239//4239 4097//4097 3992//3992
f 4098//4098 4097//4097 4239//4239
f 4222//4222 3971//3971 3972//3972
f 4222//4222 3972//3972 4098//4098
f 4241//4241 4098//4098 4239//4239
f 7415//7415 3855//3855 4221//4221
f 3855//3855 3971//3971 4221//4221
f 4349//4349 7415//7415 4221//4221
f 7415//7415 4349//4349 7428//7428
f 3971//3971 4222//4222 4221//4221
f 3975//3975 4102//4102 4100//4100
f 4101//4101 4224//4224 3975//3975
f 3975//3975 4224//4224 4102//4102
f 4103//4103 4104//4104 4106//4106
f 4103//4103 4105//4105 4104//4104
f 4105//4105 4110//4110 4104//4104
f 4104//4104 4107//4107 4106//4106
f 4107//4107 4109//4109 4356//4356
f 4104//4104 4108//4108 4107//4107
f 4108//4108 4109//4109 4107//4107
f 4108//4108 4110//4110 4109//4109
f 4110//4110 4108//4108 4104//4104
f 4110//4110 4226//4226 4109//4109
f 4356//4356 4358//4358 4111//4111
f 4112//4112 4111//4111 4230//4230
f 4230//4230 4111//4111 4358//4358
f 4096//4096 4232//4232 3860//3860
f 3868//3868 3860//3860 4232//4232
f 4114//4114 4368//4368 4115//4115
f 4116//4116 4369//4369 4235//4235
f 4235//4235 4118//4118 3982//3982
f 4369//4369 4116//4116 4115//4115
f 3982//3982 4118//4118 4117//4117
f 4118//4118 4237//4237 4117//4117
f 4118//4118 4235//4235 4237//4237
f 4121//4121 4120//4120 3991//3991
f 3990//3990 4121//4121 3991//3991
f 3987//3987 4236//4236 4119//4119
f 3987//3987 3983//3983 4236//4236
f 4236//4236 4121//4121 4119//4119
f 4119//4119 4121//4121 3990//3990
f 4121//4121 4238//4238 4120//4120
f 4122//4122 3993//3993 4100//4100
f 3994//3994 4243//4243 4244//4244
f 3977//3977 3994//3994 4373//4373
f 3977//3977 4373//4373 4476//4476
f 3751//3751 4124//4124 4125//4125
f 4124//4124 4123//4123 4475//4475
f 3875//3875 3874//3874 4246//4246
f 4126//4126 3995//3995 3996//3996
f 4127//4127 4126//4126 3996//3996
f 4245//4245 4126//4126 4127//4127
f 4247//4247 3996//3996 3875//3875
f 4247//4247 3875//3875 4246//4246
f 4245//4245 4243//4243 4126//4126
f 4245//4245 4127//4127 3996//3996
f 3877//3877 3751//3751 4125//4125
f 3877//3877 4125//4125 4248//4248
f 3998//3998 3999//3999 4380//4380
f 3878//3878 4000//4000 4249//4249
f 4380//4380 3999//3999 3878//3878
f 3878//3878 4249//4249 4380//4380
f 4250//4250 4128//4128 4129//4129
f 4129//4129 4130//4130 4251//4251
f 4250//4250 4129//4129 4251//4251
f 4253//4253 4251//4251 4130//4130
f 4003//4003 4252//4252 4253//4253
f 3881//3881 4131//4131 4254//4254
f 4132//4132 4255//4255 4256//4256
f 4488//4488 4133//4133 3885//3885
f 3879//3879 4001//4001 4135//4135
f 4136//4136 4137//4137 4260//4260
f 4137//4137 3887//3887 4386//4386
f 4386//4386 3887//3887 4006//4006
f 4263//4263 4138//4138 4139//4139
f 4140//4140 4389//4389 4139//4139
f 4008//4008 3779//3779 4141//4141
f 4009//4009 4008//4008 4499//4499
f 4141//4141 3779//3779 4501//4501
f 4499//4499 4008//4008 4141//4141
f 4142//4142 4010//4010 4392//4392
f 4143//4143 4013//4013 4265//4265
f 4013//4013 4144//4144 3890//3890
f 4144//4144 4013//4013 4143//4143
f 4143//4143 4265//4265 4144//4144
f 4265//4265 4012//4012 4266//4266
f 4145//4145 4015//4015 4396//4396
f 3893//3893 4145//4145 4396//4396
f 3892//3892 3893//3893 4268//4268
f 3892//3892 4268//4268 4266//4266
f 4268//4268 3893//3893 4396//4396
f 4146//4146 4148//4148 4149//4149
f 4148//4148 4147//4147 4399//4399
f 4400//4400 4401//4401 4018//4018
f 3895//3895 3896//3896 4274//4274
f 3896//3896 4019//4019 4151//4151
f 4152//4152 3898//3898 4270//4270
f 3900//3900 4021//4021 4270//4270
f 4270//4270 4021//4021 4271//4271
f 3901//3901 3652//3652 4271//4271
f 3896//3896 4151//4151 4274//4274
f 4151//4151 4651//4651 4274//4274
f 4152//4152 4404//4404 3897//3897
f 4019//4019 3897//3897 4404//4404
f 4022//4022 4291//4291 7432//7432
f 4029//4029 7400//7400 4161//4161
f 4161//4161 7400//7400 4162//4162
f 4029//4029 3916//3916 7400//7400
f 7410//7410 4153//4153 4037//4037
f 4153//4153 4039//4039 4154//4154
f 4044//4044 4160//4160 4157//4157
f 4155//4155 4158//4158 4037//4037
f 4155//4155 4037//4037 4153//4153
f 4154//4154 4156//4156 4153//4153
f 4156//4156 4154//4154 4157//4157
f 4153//4153 4156//4156 4155//4155
f 4156//4156 4160//4160 4159//4159
f 4156//4156 4157//4157 4160//4160
f 4156//4156 4159//4159 4155//4155
f 4160//4160 4044//4044 4163//4163
f 4158//4158 4155//4155 4159//4159
f 4158//4158 4159//4159 4276//4276
f 4279//4279 4158//4158 4276//4276
f 7422//7422 4159//4159 4160//4160
f 4043//4043 4163//4163 4044//4044
f 4163//4163 4045//4045 4164//4164
f 4164//4164 4045//4045 4042//4042
f 4164//4164 4042//4042 4165//4165
f 4042//4042 4048//4048 4165//4165
f 4048//4048 4049//4049 4165//4165
f 4160//4160 4163//4163 4164//4164
f 4165//4165 4166//4166 4164//4164
f 4164//4164 4166//4166 4278//4278
f 4165//4165 4283//4283 4166//4166
f 4165//4165 4299//4299 4283//4283
f 4167//4167 4168//4168 4169//4169
f 4167//4167 4420//4420 3817//3817
f 4168//4168 4533//4533 4169//4169
f 4049//4049 4047//4047 4170//4170
f 4049//4049 4170//4170 4165//4165
f 4058//4058 4170//4170 4047//4047
f 4299//4299 4165//4165 4170//4170
f 4053//4053 4191//4191 4054//4054
f 4173//4173 4174//4174 4175//4175
f 4054//4054 4174//4174 4173//4173
f 4174//4174 4054//4054 4191//4191
f 4175//4175 4174//4174 4191//4191
f 4300//4300 4055//4055 4056//4056
f 4055//4055 4300//4300 4304//4304
f 4056//4056 4175//4175 4300//4300
f 4175//4175 4176//4176 4302//4302
f 4303//4303 4302//4302 4176//4176
f 4179//4179 4178//4178 4059//4059
f 4059//4059 4178//4178 4058//4058
f 4177//4177 4179//4179 4055//4055
f 4304//4304 4177//4177 4055//4055
f 4179//4179 4177//4177 4301//4301
f 4301//4301 4177//4177 4304//4304
f 4058//4058 4178//4178 4425//4425
f 4178//4178 4308//4308 4425//4425
f 4301//4301 4305//4305 4179//4179
f 4182//4182 4171//4171 4172//4172
f 4062//4062 4182//4182 4180//4180
f 4180//4180 4181//4181 4062//4062
f 4182//4182 4172//4172 4309//4309
f 4183//4183 4187//4187 4186//4186
f 4187//4187 4183//4183 4184//4184
f 4184//4184 4316//4316 4187//4187
f 4195//4195 4316//4316 4184//4184
f 4185//4185 4191//4191 7412//7412
f 4067//4067 4186//4186 4188//4188
f 4188//4188 4186//4186 4190//4190
f 4186//4186 4187//4187 4190//4190
f 4190//4190 4187//4187 4196//4196
f 4175//4175 4191//4191 4176//4176
f 4303//4303 4176//4176 4314//4314
f 4429//4429 4069//4069 4543//4543
f 3942//3942 4075//4075 4192//4192
f 4184//4184 4071//4071 4195//4195
f 4075//4075 4193//4193 4192//4192
f 4192//4192 4315//4315 4194//4194
f 4315//4315 4192//4192 4193//4193
f 4195//4195 4194//4194 4317//4317
f 4316//4316 4195//4195 4317//4317
f 4072//4072 4560//4560 4200//4200
f 4075//4075 4197//4197 4202//4202
f 4075//4075 4202//4202 4198//4198
f 4193//4193 4075//4075 4198//4198
f 4198//4198 4202//4202 4327//4327
f 4198//4198 4327//4327 4324//4324
f 4198//4198 4324//4324 4325//4325
f 3947//3947 4072//4072 4200//4200
f 3947//3947 4326//4326 4199//4199
f 4199//4199 4326//4326 4441//4441
f 4201//4201 4207//4207 4329//4329
f 4327//4327 4202//4202 4208//4208
f 4202//4202 4201//4201 4208//4208
f 4203//4203 4199//4199 4441//4441
f 4080//4080 4211//4211 4204//4204
f 4080//4080 4204//4204 4205//4205
f 4205//4205 4204//4204 4206//4206
f 4082//4082 4205//4205 4207//4207
f 4204//4204 4211//4211 4333//4333
f 4204//4204 4333//4333 4206//4206
f 4209//4209 4205//4205 4330//4330
f 4330//4330 4205//4205 4206//4206
f 4333//4333 4330//4330 4206//4206
f 4209//4209 4207//4207 4205//4205
f 4329//4329 4208//4208 4201//4201
f 4207//4207 4209//4209 4329//4329
f 4210//4210 4212//4212 4211//4211
f 4211//4211 4212//4212 4333//4333
f 4333//4333 4212//4212 4087//4087
f 4333//4333 4087//4087 4334//4334
f 4087//4087 4337//4337 4334//4334
f 4087//4087 4214//4214 4338//4338
f 4338//4338 4214//4214 4215//4215
f 4093//4093 4335//4335 4216//4216
f 4217//4217 4095//4095 7428//7428
f 4341//4341 4218//4218 4217//4217
f 4219//4219 4218//4218 4220//4220
f 4218//4218 4340//4340 4220//4220
f 4222//4222 4348//4348 4221//4221
f 4222//4222 4098//4098 4223//4223
f 4098//4098 4241//4241 4223//4223
f 4223//4223 4348//4348 4222//4222
f 4102//4102 4224//4224 4225//4225
f 4102//4102 4225//4225 4100//4100
f 4224//4224 4352//4352 4225//4225
f 4225//4225 4352//4352 4353//4353
f 4353//4353 4100//4100 4225//4225
f 4351//4351 4122//4122 4100//4100
f 4105//4105 3863//3863 4476//4476
f 4105//4105 4476//4476 4850//4850
f 4110//4110 4227//4227 4226//4226
f 4226//4226 4228//4228 4109//4109
f 4109//4109 4228//4228 4356//4356
f 4227//4227 4228//4228 4226//4226
f 4112//4112 4229//4229 4113//4113
f 4112//4112 4230//4230 4229//4229
f 4229//4229 4233//4233 4113//4113
f 4230//4230 4231//4231 4229//4229
f 4230//4230 4358//4358 4360//4360
f 4230//4230 4360//4360 4231//4231
f 4113//4113 4233//4233 4096//4096
f 4233//4233 4232//4232 4096//4096
f 4233//4233 4229//4229 4231//4231
f 4368//4368 4114//4114 4234//4234
f 3868//3868 4365//4365 4234//4234
f 4364//4364 4365//4365 4232//4232
f 4232//4232 4365//4365 3868//3868
f 4369//4369 4115//4115 4368//4368
f 4369//4369 4370//4370 4235//4235
f 4237//4237 3983//3983 4117//4117
f 4237//4237 4236//4236 3983//3983
f 4235//4235 4470//4470 4237//4237
f 4121//4121 4237//4237 4238//4238
f 4121//4121 4236//4236 4237//4237
f 4237//4237 4371//4371 4238//4238
f 4473//4473 4238//4238 4371//4371
f 4120//4120 4240//4240 7399//7399
f 4473//4473 4120//4120 4238//4238
f 7399//7399 4240//4240 7418//7418
f 7418//7418 4240//4240 4242//4242
f 4240//4240 4473//4473 4242//4242
f 4120//4120 4473//4473 4240//4240
f 4241//4241 4239//4239 7419//7419
f 4241//4241 7419//7419 4372//4372
f 4372//4372 4242//4242 4473//4473
f 4223//4223 4241//4241 4372//4372
f 4122//4122 4475//4475 4123//4123
f 4475//4475 4122//4122 4612//4612
f 4376//4376 3874//3874 3998//3998
f 4376//4376 3998//3998 4378//4378
f 4376//4376 4246//4246 3874//3874
f 4375//4375 4245//4245 3996//3996
f 4375//4375 3996//3996 4247//4247
f 4246//4246 4377//4377 4247//4247
f 4377//4377 4246//4246 4376//4376
f 4375//4375 4477//4477 4245//4245
f 4477//4477 4243//4243 4245//4245
f 3997//3997 4248//4248 4379//4379
f 4249//4249 4615//4615 4380//4380
f 3997//3997 4382//4382 3643//3643
f 4252//4252 4003//4003 3881//3881
f 4252//4252 3881//3881 4254//4254
f 4131//4131 4485//4485 4254//4254
f 4485//4485 4131//4131 4486//4486
f 4254//4254 4484//4484 4252//4252
f 4484//4484 4253//4253 4252//4252
f 4618//4618 4484//4484 4254//4254
f 4486//4486 4131//4131 7416//7416
f 4618//4618 4254//4254 4485//4485
f 4135//4135 4001//4001 4257//4257
f 4001//4001 4002//4002 7420//7420
f 4135//4135 4257//4257 4258//4258
f 4488//4488 4135//4135 4624//4624
f 4489//4489 4135//4135 4258//4258
f 4135//4135 4489//4489 4624//4624
f 4255//4255 4136//4136 4259//4259
f 4255//4255 4259//4259 4256//4256
f 4384//4384 4136//4136 4260//4260
f 4136//4136 4384//4384 4259//4259
f 4261//4261 4006//4006 4138//4138
f 4386//4386 4006//4006 4261//4261
f 4394//4394 4389//4389 4140//4140
f 4140//4140 4262//4262 4394//4394
f 4262//4262 4140//4140 3564//3564
f 4261//4261 4138//4138 4263//4263
f 4263//4263 4139//4139 4264//4264
f 4264//4264 4139//4139 4389//4389
f 4386//4386 4261//4261 4263//4263
f 4499//4499 4750//4750 4009//4009
f 4501//4501 4142//4142 4503//4503
f 4262//4262 3564//3564 4393//4393
f 3564//3564 4007//4007 4393//4393
f 4394//4394 4262//4262 4393//4393
f 4265//4265 4267//4267 4144//4144
f 4520//4520 3890//3890 4144//4144
f 4520//4520 4144//4144 4267//4267
f 4265//4265 4520//4520 4267//4267
f 4266//4266 4268//4268 4396//4396
f 4396//4396 4146//4146 4269//4269
f 4269//4269 4397//4397 4396//4396
f 4146//4146 4149//4149 4269//4269
f 4149//4149 4148//4148 4398//4398
f 4269//4269 4149//4149 4397//4397
f 4397//4397 4149//4149 4398//4398
f 4398//4398 4148//4148 4399//4399
f 4147//4147 4646//4646 4399//4399
f 4646//4646 4147//4147 4401//4401
f 4402//4402 4018//4018 4150//4150
f 4019//4019 4404//4404 4151//4151
f 4271//4271 3652//3652 4647//4647
f 4273//4273 3772//3772 4009//4009
f 4273//4273 4009//4009 4272//4272
f 3772//3772 4273//4273 3652//3652
f 4009//4009 4750//4750 4272//4272
f 3652//3652 4273//4273 4647//4647
f 4274//4274 4650//4650 4403//4403
f 4274//4274 4651//4651 4650//4650
f 4523//4523 4151//4151 4404//4404
f 4152//4152 4270//4270 4404//4404
f 7432//7432 4291//4291 4538//4538
f 7401//7401 4406//4406 4405//4405
f 7431//7431 4162//4162 7400//7400
f 4164//4164 4278//4278 4277//4277
f 7422//7422 4160//4160 4275//4275
f 4275//4275 4160//4160 4164//4164
f 4277//4277 4275//4275 4164//4164
f 4275//4275 4278//4278 4281//4281
f 4281//4281 4278//4278 4282//4282
f 4278//4278 4275//4275 4277//4277
f 4278//4278 4166//4166 4283//4283
f 4279//4279 4276//4276 4280//4280
f 4284//4284 4279//4279 4280//4280
f 7422//7422 4281//4281 7423//7423
f 7423//7423 4281//4281 7424//7424
f 4281//4281 7422//7422 4275//4275
f 4282//4282 4278//4278 4286//4286
f 4286//4286 4278//4278 4283//4283
f 4285//4285 4279//4279 4284//4284
f 4279//4279 4285//4285 4291//4291
f 4286//4286 4284//4284 7423//7423
f 7424//7424 4286//4286 7423//7423
f 4284//4284 4286//4286 4285//4285
f 4287//4287 4283//4283 4294//4294
f 4286//4286 4283//4283 4287//4287
f 4286//4286 4288//4288 4285//4285
f 4291//4291 4285//4285 7426//7426
f 4287//4287 4288//4288 4286//4286
f 7426//7426 7425//7425 4289//4289
f 4287//4287 4294//4294 4289//4289
f 7426//7426 4290//4290 4291//4291
f 4290//4290 7426//7426 4289//4289
f 4294//4294 4411//4411 4289//4289
f 4290//4290 4289//4289 4411//4411
f 4415//4415 4291//4291 4290//4290
f 4041//4041 4529//4529 4292//4292
f 7431//7431 4041//4041 4162//4162
f 4529//4529 4041//4041 7431//7431
f 4299//4299 4293//4293 4283//4283
f 4294//4294 4283//4283 4293//4293
f 4294//4294 4293//4293 4411//4411
f 4293//4293 4299//4299 4296//4296
f 4296//4296 4299//4299 4295//4295
f 4298//4298 4295//4295 4417//4417
f 4296//4296 4295//4295 4298//4298
f 4295//4295 4299//4299 4170//4170
f 4170//4170 4417//4417 4295//4295
f 4410//4410 4411//4411 4293//4293
f 4410//4410 4293//4293 4296//4296
f 4297//4297 4410//4410 4296//4296
f 4298//4298 4297//4297 4296//4296
f 4297//4297 4298//4298 4414//4414
f 4168//4168 4292//4292 4533//4533
f 4533//4533 4167//4167 4169//4169
f 4533//4533 4420//4420 4167//4167
f 4170//4170 4058//4058 4425//4425
f 4171//4171 4420//4420 4763//4763
f 4172//4172 4171//4171 4763//4763
f 4302//4302 4300//4300 4175//4175
f 4300//4300 4302//4302 4307//4307
f 4303//4303 4421//4421 4302//4302
f 4179//4179 4308//4308 4178//4178
f 4179//4179 4305//4305 4308//4308
f 4301//4301 4304//4304 4306//4306
f 4301//4301 4306//4306 4305//4305
f 4300//4300 7427//7427 4304//4304
f 4306//4306 4423//4423 4305//4305
f 4304//4304 4423//4423 4306//4306
f 4182//4182 4309//4309 4180//4180
f 4180//4180 4309//4309 4310//4310
f 4181//4181 4180//4180 4310//4310
f 4310//4310 4311//4311 4181//4181
f 4309//4309 4311//4311 4310//4310
f 4311//4311 4309//4309 4426//4426
f 4190//4190 4312//4312 4188//4188
f 4312//4312 4313//4313 4188//4188
f 4318//4318 4190//4190 4196//4196
f 4312//4312 4190//4190 4318//4318
f 4312//4312 4321//4321 4313//4313
f 4176//4176 4191//4191 4314//4314
f 4191//4191 4189//4189 4432//4432
f 4313//4313 4432//4432 4189//4189
f 4314//4314 4191//4191 4432//4432
f 4322//4322 4313//4313 4321//4321
f 4313//4313 4322//4322 4432//4432
f 4428//4428 4430//4430 4073//4073
f 4430//4430 4562//4562 4073//4073
f 4325//4325 4315//4315 4193//4193
f 4315//4315 4325//4325 4194//4194
f 4316//4316 4196//4196 4187//4187
f 4317//4317 4320//4320 4316//4316
f 4318//4318 4196//4196 4316//4316
f 4320//4320 4318//4318 4316//4316
f 4312//4312 4318//4318 4320//4320
f 4312//4312 4319//4319 4321//4321
f 4312//4312 4320//4320 4319//4319
f 4323//4323 4319//4319 4320//4320
f 4321//4321 4319//4319 4322//4322
f 4322//4322 4319//4319 4323//4323
f 4323//4323 4434//4434 4322//4322
f 4072//4072 4073//4073 4560//4560
f 4437//4437 4200//4200 4560//4560
f 4193//4193 4198//4198 4325//4325
f 4194//4194 4438//4438 4317//4317
f 4200//4200 4326//4326 3947//3947
f 4441//4441 4444//4444 4328//4328
f 4200//4200 4442//4442 4326//4326
f 4208//4208 4331//4331 4327//4327
f 4324//4324 4327//4327 4445//4445
f 4445//4445 4327//4327 4331//4331
f 4208//4208 4329//4329 4331//4331
f 4329//4329 4209//4209 4330//4330
f 4331//4331 4329//4329 4330//4330
f 4331//4331 4330//4330 4332//4332
f 4330//4330 4333//4333 4332//4332
f 4213//4213 4690//4690 4335//4335
f 4215//4215 4336//4336 4338//4338
f 4087//4087 4338//4338 4337//4337
f 4339//4339 4101//4101 4216//4216
f 4216//4216 4335//4335 4450//4450
f 4339//4339 4216//4216 4450//4450
f 4340//4340 4218//4218 4342//4342
f 4342//4342 4220//4220 4340//4340
f 4218//4218 4341//4341 4342//4342
f 4217//4217 4344//4344 4341//4341
f 4342//4342 4341//4341 4345//4345
f 4341//4341 4344//4344 4345//4345
f 4215//4215 4219//4219 4347//4347
f 4219//4219 4220//4220 4347//4347
f 4220//4220 4342//4342 4343//4343
f 4346//4346 4347//4347 4220//4220
f 4346//4346 4220//4220 4343//4343
f 4343//4343 4588//4588 4346//4346
f 4215//4215 4347//4347 4336//4336
f 4336//4336 4347//4347 4455//4455
f 4346//4346 4455//4455 4347//4347
f 4348//4348 4456//4456 4221//4221
f 7428//7428 4349//4349 4609//4609
f 4456//4456 4349//4349 4221//4221
f 4609//4609 4349//4349 4611//4611
f 4456//4456 4611//4611 4349//4349
f 4100//4100 7429//7429 4351//4351
f 4352//4352 4354//4354 4353//4353
f 4707//4707 4354//4354 4352//4352
f 4351//4351 7429//7429 4355//4355
f 4355//4355 7429//7429 7430//7430
f 4110//4110 4597//4597 4227//4227
f 4228//4228 4357//4357 4356//4356
f 4460//4460 4356//4356 4357//4357
f 4228//4228 4460//4460 4357//4357
f 4358//4358 4356//4356 4359//4359
f 4231//4231 4360//4360 4363//4363
f 4356//4356 4459//4459 4359//4359
f 4460//4460 4459//4459 4356//4356
f 4358//4358 4359//4359 4360//4360
f 4359//4359 4462//4462 4360//4360
f 4360//4360 4462//4462 4363//4363
f 4232//4232 4233//4233 4463//4463
f 4233//4233 4231//4231 4361//4361
f 4231//4231 4362//4362 4361//4361
f 4231//4231 4363//4363 4362//4362
f 4232//4232 4463//4463 4364//4364
f 4364//4364 4367//4367 4365//4365
f 4463//4463 4367//4367 4364//4364
f 4366//4366 4234//4234 4365//4365
f 4368//4368 4234//4234 4366//4366
f 4367//4367 4366//4366 4365//4365
f 4367//4367 4463//4463 4366//4366
f 4466//4466 4369//4369 4368//4368
f 4235//4235 4469//4469 4470//4470
f 4370//4370 4469//4469 4235//4235
f 4369//4369 4471//4471 4370//4370
f 4470//4470 4371//4371 4237//4237
f 4370//4370 4471//4471 4469//4469
f 4371//4371 4470//4470 4719//4719
f 4473//4473 4371//4371 4719//4719
f 4223//4223 4372//4372 4348//4348
f 4372//4372 4473//4473 4607//4607
f 4612//4612 4122//4122 4351//4351
f 3994//3994 4244//4244 4374//4374
f 4374//4374 4373//4373 3994//3994
f 4374//4374 4476//4476 4373//4373
f 4475//4475 4613//4613 4124//4124
f 4125//4125 4124//4124 4613//4613
f 4477//4477 4375//4375 4377//4377
f 4377//4377 4375//4375 4247//4247
f 4477//4477 4244//4244 4243//4243
f 4376//4376 4477//4477 4377//4377
f 4477//4477 4376//4376 4378//4378
f 4382//4382 3997//3997 4379//4379
f 4379//4379 4248//4248 4478//4478
f 4379//4379 4478//4478 4382//4382
f 4248//4248 4125//4125 4614//4614
f 4248//4248 4614//4614 4478//4478
f 3998//3998 4380//4380 4378//4378
f 4249//4249 4128//4128 4479//4479
f 4249//4249 4479//4479 4615//4615
f 4128//4128 4250//4250 4381//4381
f 4479//4479 4128//4128 4381//4381
f 4380//4380 4616//4616 4378//4378
f 4482//4482 4381//4381 4250//4250
f 4479//4479 4381//4381 4482//4482
f 4002//4002 4480//4480 4481//4481
f 4481//4481 4490//4490 4002//4002
f 4251//4251 4482//4482 4250//4250
f 4484//4484 4251//4251 4253//4253
f 4484//4484 4482//4482 4251//4251
f 4622//4622 4132//4132 4383//4383
f 4132//4132 4256//4256 4383//4383
f 4491//4491 4383//4383 4256//4256
f 4486//4486 7416//7416 7457//7457
f 4622//4622 4383//4383 4623//4623
f 4383//4383 4491//4491 4623//4623
f 4134//4134 4133//4133 4637//4637
f 4489//4489 4258//4258 4257//4257
f 4624//4624 4864//4864 4488//4488
f 4002//4002 4490//4490 7420//7420
f 4495//4495 4259//4259 4384//4384
f 4492//4492 4495//4495 4384//4384
f 4384//4384 4260//4260 4492//4492
f 4256//4256 4259//4259 4493//4493
f 4491//4491 4256//4256 4493//4493
f 4259//4259 4495//4495 4494//4494
f 4493//4493 4259//4259 4494//4494
f 4388//4388 4137//4137 4386//4386
f 4260//4260 4137//4137 4385//4385
f 4388//4388 4385//4385 4137//4137
f 4492//4492 4260//4260 4496//4496
f 7421//7421 4385//4385 7438//7438
f 4387//4387 4386//4386 4263//4263
f 4263//4263 4264//4264 4387//4387
f 4264//4264 4389//4389 4387//4387
f 4391//4391 4386//4386 4387//4387
f 4631//4631 4385//4385 4388//4388
f 4388//4388 4386//4386 4629//4629
f 4387//4387 4389//4389 4390//4390
f 4497//4497 4387//4387 4390//4390
f 4497//4497 4391//4391 4387//4387
f 4390//4390 4389//4389 4394//4394
f 4497//4497 4390//4390 4394//4394
f 4501//4501 4500//4500 4141//4141
f 4142//4142 4392//4392 4503//4503
f 4393//4393 4007//4007 4516//4516
f 4518//4518 4394//4394 4393//4393
f 4516//4516 4007//4007 3890//3890
f 4520//4520 4265//4265 4395//4395
f 4517//4517 4393//4393 4516//4516
f 4395//4395 4265//4265 4266//4266
f 4642//4642 4395//4395 4266//4266
f 4398//4398 4399//4399 4397//4397
f 4396//4396 4397//4397 4399//4399
f 4018//4018 4402//4402 4400//4400
f 4274//4274 4403//4403 4150//4150
f 4270//4270 4271//4271 4524//4524
f 4525//4525 4404//4404 4270//4270
f 4524//4524 4271//4271 4526//4526
f 4415//4415 4290//4290 4411//4411
f 4529//4529 4405//4405 4406//4406
f 4538//4538 4530//4530 7432//7432
f 4529//4529 4406//4406 7447//7447
f 4529//4529 4407//4407 4292//4292
f 4292//4292 4407//4407 4408//4408
f 4533//4533 4292//4292 4408//4408
f 4407//4407 4529//4529 4409//4409
f 4408//4408 4407//4407 4409//4409
f 4411//4411 4410//4410 4413//4413
f 4413//4413 4410//4410 4297//4297
f 4414//4414 4298//4298 4412//4412
f 4298//4298 4417//4417 4412//4412
f 4413//4413 4297//4297 4414//4414
f 7434//7434 7435//7435 7433//7433
f 7435//7435 7434//7434 4416//4416
f 4416//4416 4413//4413 4414//4414
f 4412//4412 4416//4416 4414//4414
f 4415//4415 4538//4538 4291//4291
f 4531//4531 4533//4533 4408//4408
f 4409//4409 4531//4531 4408//4408
f 4170//4170 4418//4418 4417//4417
f 4170//4170 4425//4425 4534//4534
f 4417//4417 4418//4418 4412//4412
f 4412//4412 4418//4418 4416//4416
f 4418//4418 4170//4170 4419//4419
f 4419//4419 4170//4170 4534//4534
f 4172//4172 4540//4540 4309//4309
f 4309//4309 4540//4540 4542//4542
f 4172//4172 4763//4763 4540//4540
f 4421//4421 4422//4422 4302//4302
f 4422//4422 4307//4307 4302//4302
f 4424//4424 4305//4305 4423//4423
f 4424//4424 4308//4308 4305//4305
f 4181//4181 4311//4311 4543//4543
f 4311//4311 4426//4426 4543//4543
f 4543//4543 4426//4426 4542//4542
f 4542//4542 4426//4426 4309//4309
f 4431//4431 4069//4069 4544//4544
f 4303//4303 4545//4545 4421//4421
f 4545//4545 4303//4303 4427//4427
f 4303//4303 4314//4314 4427//4427
f 4314//4314 4432//4432 4427//4427
f 4422//4422 4421//4421 4545//4545
f 4545//4545 4427//4427 4546//4546
f 7427//7427 4549//4549 4304//4304
f 4422//4422 4551//4551 4307//4307
f 7427//7427 4551//4551 4549//4549
f 4428//4428 4073//4073 4069//4069
f 4430//4430 4428//4428 4552//4552
f 4069//4069 4431//4431 4428//4428
f 4431//4431 7450//7450 4669//4669
f 4669//4669 4428//4428 4431//4431
f 4552//4552 4562//4562 4430//4430
f 4323//4323 4320//4320 4434//4434
f 4317//4317 4569//4569 4320//4320
f 4320//4320 4569//4569 4570//4570
f 4320//4320 4435//4435 4434//4434
f 4570//4570 4435//4435 4320//4320
f 4434//4434 4433//4433 4322//4322
f 4322//4322 4433//4433 4432//4432
f 4432//4432 4433//4433 4554//4554
f 4432//4432 4554//4554 4436//4436
f 4433//4433 4434//4434 4555//4555
f 4555//4555 4434//4434 4435//4435
f 4555//4555 4683//4683 4433//4433
f 4433//4433 4683//4683 4554//4554
f 4427//4427 4432//4432 4436//4436
f 4436//4436 4556//4556 4427//4427
f 4554//4554 4556//4556 4436//4436
f 4200//4200 4437//4437 4442//4442
f 4437//4437 4559//4559 4442//4442
f 4437//4437 4563//4563 4559//4559
f 4562//4562 4560//4560 4073//4073
f 4194//4194 4325//4325 4440//4440
f 4440//4440 4325//4325 4324//4324
f 4194//4194 4439//4439 7436//7436
f 4439//4439 4564//4564 7436//7436
f 4438//4438 4564//4564 4317//4317
f 4440//4440 4566//4566 4439//4439
f 4440//4440 4439//4439 4194//4194
f 4439//4439 4566//4566 4564//4564
f 4440//4440 4324//4324 4568//4568
f 4566//4566 4440//4440 4568//4568
f 4445//4445 4568//4568 4324//4324
f 4564//4564 4688//4688 4317//4317
f 4317//4317 4688//4688 4569//4569
f 4559//4559 4326//4326 4442//4442
f 4559//4559 4443//4443 4326//4326
f 4441//4441 4326//4326 4443//4443
f 4441//4441 4443//4443 4573//4573
f 4575//4575 4444//4444 4441//4441
f 4444//4444 4446//4446 4328//4328
f 4444//4444 4575//4575 4446//4446
f 4331//4331 4580//4580 4445//4445
f 4446//4446 4578//4578 4328//4328
f 4328//4328 4578//4578 4213//4213
f 4580//4580 4331//4331 4579//4579
f 4579//4579 4331//4331 4582//4582
f 4333//4333 4334//4334 4449//4449
f 4332//4332 4333//4333 4447//4447
f 4333//4333 4449//4449 4447//4447
f 7455//7455 4332//4332 4447//4447
f 4331//4331 4332//4332 4582//4582
f 4447//4447 4811//4811 7455//7455
f 4334//4334 4581//4581 4449//4449
f 4448//4448 4581//4581 4334//4334
f 4449//4449 4691//4691 4447//4447
f 4449//4449 4581//4581 4691//4691
f 4583//4583 4337//4337 4338//4338
f 4334//4334 4337//4337 4583//4583
f 4338//4338 4584//4584 4583//4583
f 4584//4584 4338//4338 4585//4585
f 4450//4450 4452//4452 4339//4339
f 4452//4452 4101//4101 4339//4339
f 4452//4452 4451//4451 4101//4101
f 4451//4451 4452//4452 4586//4586
f 4342//4342 4588//4588 4343//4343
f 4342//4342 4345//4345 4453//4453
f 4588//4588 4342//4342 4453//4453
f 4588//4588 4589//4589 4346//4346
f 4346//4346 4589//4589 7437//7437
f 4453//4453 4594//4594 4588//4588
f 4453//4453 4457//4457 4594//4594
f 4336//4336 4455//4455 4454//4454
f 4454//4454 4455//4455 4590//4590
f 4352//4352 4591//4591 4458//4458
f 4101//4101 4451//4451 4224//4224
f 4451//4451 4352//4352 4224//4224
f 4348//4348 4474//4474 4456//4456
f 4456//4456 4474//4474 4611//4611
f 4217//4217 7428//7428 4344//4344
f 4345//4345 4344//4344 4457//4457
f 4453//4453 4345//4345 4457//4457
f 4344//4344 4593//4593 4457//4457
f 4707//4707 4352//4352 4458//4458
f 4612//4612 4351//4351 4355//4355
f 7463//7463 4355//4355 7430//7430
f 4110//4110 4105//4105 4597//4597
f 4105//4105 4851//4851 4597//4597
f 4228//4228 4598//4598 4460//4460
f 4227//4227 4598//4598 4228//4228
f 4459//4459 4461//4461 4359//4359
f 4460//4460 4461//4461 4459//4459
f 4598//4598 4829//4829 4460//4460
f 4460//4460 4829//4829 4461//4461
f 4461//4461 4462//4462 4359//4359
f 4461//4461 4829//4829 4462//4462
f 4830//4830 4363//4363 4462//4462
f 4464//4464 4366//4366 4463//4463
f 4233//4233 4592//4592 4463//4463
f 4361//4361 4592//4592 4233//4233
f 4592//4592 4361//4361 4601//4601
f 4361//4361 4362//4362 4601//4601
f 4362//4362 4363//4363 4600//4600
f 4366//4366 4464//4464 4465//4465
f 4463//4463 4592//4592 4464//4464
f 4592//4592 4465//4465 4464//4464
f 4366//4366 4467//4467 4368//4368
f 4366//4366 4465//4465 4467//4467
f 4466//4466 4368//4368 4467//4467
f 4369//4369 4466//4466 4468//4468
f 4604//4604 4466//4466 4467//4467
f 4468//4468 4466//4466 4604//4604
f 4469//4469 4471//4471 4470//4470
f 4470//4470 4472//4472 4719//4719
f 4471//4471 4472//4472 4470//4470
f 4473//4473 4838//4838 4607//4607
f 4372//4372 4474//4474 4348//4348
f 4608//4608 4474//4474 4372//4372
f 4372//4372 4607//4607 4608//4608
f 4613//4613 4475//4475 4853//4853
f 4853//4853 4475//4475 4612//4612
f 4476//4476 4374//4374 4994//4994
f 4477//4477 4378//4378 4726//4726
f 4477//4477 4726//4726 4722//4722
f 4722//4722 4244//4244 4477//4477
f 4374//4374 4244//4244 4722//4722
f 4125//4125 4613//4613 4614//4614
f 4382//4382 4480//4480 4002//4002
f 4382//4382 4999//4999 4727//4727
f 4382//4382 4727//4727 4480//4480
f 4615//4615 4479//4479 4482//4482
f 4484//4484 4619//4619 4482//4482
f 4615//4615 4482//4482 4483//4483
f 4619//4619 4483//4483 4482//4482
f 4618//4618 4485//4485 4486//4486
f 4637//4637 4133//4133 4487//4487
f 4133//4133 4488//4488 4487//4487
f 4637//4637 4487//4487 4488//4488
f 7420//7420 4490//4490 4489//4489
f 4628//4628 4491//4491 4493//4493
f 4494//4494 4627//4627 4493//4493
f 4627//4627 4628//4628 4493//4493
f 4495//4495 4492//4492 4496//4496
f 4388//4388 4629//4629 4631//4631
f 4494//4494 4495//4495 4627//4627
f 4627//4627 4495//4495 4496//4496
f 4737//4737 4386//4386 4391//4391
f 4737//4737 4391//4391 4497//4497
f 4497//4497 4394//4394 4498//4498
f 4498//4498 4394//4394 4519//4519
f 4497//4497 4498//4498 4638//4638
f 4638//4638 4498//4498 4519//4519
f 4500//4500 4499//4499 4141//4141
f 4500//4500 4501//4501 4502//4502
f 4501//4501 4503//4503 4505//4505
f 7439//7439 4502//4502 4501//4501
f 4750//4750 4499//4499 4500//4500
f 4509//4509 4508//4508 7439//7439
f 4502//4502 4508//4508 4510//4510
f 4502//4502 7439//7439 4508//4508
f 4510//4510 4633//4633 4502//4502
f 4502//4502 4633//4633 4500//4500
f 4503//4503 4392//4392 4504//4504
f 4503//4503 4504//4504 4507//4507
f 4505//4505 4503//4503 4506//4506
f 4503//4503 4507//4507 4506//4506
f 4504//4504 4392//4392 4514//4514
f 4506//4506 7441//7441 4505//4505
f 4507//4507 7441//7441 4506//4506
f 4508//4508 4509//4509 4510//4510
f 7442//7442 7440//7440 4513//4513
f 7444//7444 4507//4507 4504//4504
f 7446//7446 7444//7444 4504//4504
f 4509//4509 4511//4511 4510//4510
f 7445//7445 4512//4512 7443//7443
f 4512//4512 4511//4511 4509//4509
f 4512//4512 7445//7445 4514//4514
f 4512//4512 4514//4514 4515//4515
f 4515//4515 4514//4514 4635//4635
f 4633//4633 4510//4510 4511//4511
f 4512//4512 4515//4515 4634//4634
f 4634//4634 4515//4515 4635//4635
f 4511//4511 4634//4634 4633//4633
f 4511//4511 4512//4512 4634//4634
f 4392//4392 4636//4636 4514//4514
f 4514//4514 4636//4636 4635//4635
f 4134//4134 4637//4637 4392//4392
f 4517//4517 4518//4518 4393//4393
f 3890//3890 4520//4520 4516//4516
f 4519//4519 4394//4394 4518//4518
f 4517//4517 4516//4516 4639//4639
f 4519//4519 4518//4518 4639//4639
f 4640//4640 4519//4519 4639//4639
f 4639//4639 4518//4518 4517//4517
f 4641//4641 4520//4520 4395//4395
f 4641//4641 4516//4516 4520//4520
f 4395//4395 4643//4643 4641//4641
f 4641//4641 4639//4639 4516//4516
f 4643//4643 4395//4395 4642//4642
f 4266//4266 4396//4396 4642//4642
f 4399//4399 4648//4648 4396//4396
f 4746//4746 4271//4271 4647//4647
f 4647//4647 4273//4273 4521//4521
f 4272//4272 4750//4750 4273//4273
f 4646//4646 4401//4401 4522//4522
f 4401//4401 4400//4400 4522//4522
f 4400//4400 4402//4402 4649//4649
f 4646//4646 4522//4522 4649//4649
f 4522//4522 4400//4400 4649//4649
f 4649//4649 4402//4402 4752//4752
f 4150//4150 4403//4403 4402//4402
f 4651//4651 4151//4151 4523//4523
f 4887//4887 4523//4523 4404//4404
f 4887//4887 4885//4885 4523//4523
f 4524//4524 4525//4525 4270//4270
f 4404//4404 4525//4525 4887//4887
f 4524//4524 4526//4526 4527//4527
f 4525//4525 4524//4524 4527//4527
f 4526//4526 4271//4271 4528//4528
f 4530//4530 4538//4538 4532//4532
f 4529//4529 4531//4531 4409//4409
f 4531//4531 4529//4529 7447//7447
f 4531//4531 7447//7447 7448//7448
f 4418//4418 4535//4535 4416//4416
f 4535//4535 7435//7435 4416//4416
f 4535//4535 7449//7449 7435//7435
f 7449//7449 4535//4535 4652//4652
f 4756//4756 4532//4532 4538//4538
f 4418//4418 4419//4419 4535//4535
f 4534//4534 4536//4536 4419//4419
f 4419//4419 4536//4536 4535//4535
f 4536//4536 4539//4539 4535//4535
f 4537//4537 4536//4536 4534//4534
f 4539//4539 4652//4652 4535//4535
f 4537//4537 4653//4653 4536//4536
f 4536//4536 4653//4653 4539//4539
f 4420//4420 4533//4533 4763//4763
f 4541//4541 4308//4308 4424//4424
f 4424//4424 4423//4423 4541//4541
f 4308//4308 4541//4541 4657//4657
f 4541//4541 4655//4655 4657//4657
f 4534//4534 4425//4425 4537//4537
f 4543//4543 4542//4542 4540//4540
f 4761//4761 4543//4543 4540//4540
f 4069//4069 4429//4429 4544//4544
f 4660//4660 4429//4429 4543//4543
f 4548//4548 4545//4545 4546//4546
f 4545//4545 4548//4548 4422//4422
f 4546//4546 4427//4427 4675//4675
f 4304//4304 7451//7451 4423//4423
f 7451//7451 4541//4541 4423//4423
f 4548//4548 4547//4547 4422//4422
f 4422//4422 4547//4547 4551//4551
f 4548//4548 4546//4546 4675//4675
f 4541//4541 4550//4550 4655//4655
f 7451//7451 4550//4550 4541//4541
f 4553//4553 4552//4552 4428//4428
f 4562//4562 4552//4552 4678//4678
f 4552//4552 4553//4553 4670//4670
f 4678//4678 4552//4552 4670//4670
f 4553//4553 4428//4428 7458//7458
f 4670//4670 4671//4671 4678//4678
f 4555//4555 4435//4435 4570//4570
f 4556//4556 4554//4554 4557//4557
f 4681//4681 4555//4555 4570//4570
f 4555//4555 4680//4680 4683//4683
f 4556//4556 4675//4675 4427//4427
f 4557//4557 4554//4554 4558//4558
f 4675//4675 4556//4556 4676//4676
f 4557//4557 4673//4673 4556//4556
f 4556//4556 4673//4673 4676//4676
f 4558//4558 4672//4672 4557//4557
f 4672//4672 4673//4673 4557//4557
f 4672//4672 4558//4558 4674//4674
f 4560//4560 4561//4561 4437//4437
f 4561//4561 4560//4560 4562//4562
f 4437//4437 4561//4561 4563//4563
f 4788//4788 4559//4559 4563//4563
f 4685//4685 4559//4559 4788//4788
f 4563//4563 4561//4561 4679//4679
f 4788//4788 4563//4563 4679//4679
f 4566//4566 4565//4565 4564//4564
f 4565//4565 4571//4571 4564//4564
f 4564//4564 4571//4571 4688//4688
f 4567//4567 4571//4571 4565//4565
f 4565//4565 4566//4566 4567//4567
f 4566//4566 4568//4568 7452//7452
f 7452//7452 4568//4568 4572//4572
f 4567//4567 7453//7453 4571//4571
f 4577//4577 4568//4568 4445//4445
f 4568//4568 4577//4577 4572//4572
f 4571//4571 7453//7453 4688//4688
f 4570//4570 4569//4569 4682//4682
f 4681//4681 4570//4570 4682//4682
f 4681//4681 4680//4680 4555//4555
f 4573//4573 4443//4443 4685//4685
f 4685//4685 4443//4443 4559//4559
f 4575//4575 4578//4578 4446//4446
f 4573//4573 4574//4574 4441//4441
f 4441//4441 4574//4574 4575//4575
f 4445//4445 4576//4576 4577//4577
f 4687//4687 4577//4577 4576//4576
f 4576//4576 4445//4445 4687//4687
f 4689//4689 4213//4213 4578//4578
f 4690//4690 4213//4213 4689//4689
f 4804//4804 4690//4690 4689//4689
f 4803//4803 4580//4580 4579//4579
f 4445//4445 4580//4580 4687//4687
f 4811//4811 4447//4447 4691//4691
f 4691//4691 4581//4581 4694//4694
f 4692//4692 4450//4450 4335//4335
f 4334//4334 7456//7456 4448//4448
f 4585//4585 4338//4338 4336//4336
f 4583//4583 4584//4584 4812//4812
f 4584//4584 4585//4585 4816//4816
f 4816//4816 4812//4812 4584//4584
f 4585//4585 4336//4336 4590//4590
f 7456//7456 4812//4812 4448//4448
f 4450//4450 4692//4692 4587//4587
f 4587//4587 4452//4452 4450//4450
f 4695//4695 4451//4451 4586//4586
f 4452//4452 4587//4587 4586//4586
f 4692//4692 4586//4586 4587//4587
f 4336//4336 4454//4454 4590//4590
f 4824//4824 4588//4588 4594//4594
f 4591//4591 4352//4352 4451//4451
f 4695//4695 4591//4591 4451//4451
f 4701//4701 4458//4458 4591//4591
f 4344//4344 4704//4704 4821//4821
f 7428//7428 4704//4704 4344//4344
f 4457//4457 4593//4593 4705//4705
f 4821//4821 4703//4703 4344//4344
f 4344//4344 4703//4703 4593//4593
f 4595//4595 4594//4594 4457//4457
f 4457//4457 4705//4705 4595//4595
f 4355//4355 7463//7463 4596//4596
f 4612//4612 4355//4355 4596//4596
f 4596//4596 4708//4708 4828//4828
f 4707//4707 4458//4458 4701//4701
f 4597//4597 4598//4598 4227//4227
f 4597//4597 4710//4710 4598//4598
f 4462//4462 4829//4829 4830//4830
f 4710//4710 4829//4829 4598//4598
f 4599//4599 4600//4600 4363//4363
f 4363//4363 4830//4830 4599//4599
f 4601//4601 4362//4362 4600//4600
f 4592//4592 4601//4601 4602//4602
f 4602//4602 4601//4601 4711//4711
f 4601//4601 4600//4600 4711//4711
f 4711//4711 4600//4600 4712//4712
f 4600//4600 4599//4599 4712//4712
f 4467//4467 4603//4603 4604//4604
f 4603//4603 4467//4467 4715//4715
f 4603//4603 4715//4715 4604//4604
f 4715//4715 4716//4716 4604//4604
f 4468//4468 4605//4605 4369//4369
f 4369//4369 4605//4605 4471//4471
f 4605//4605 4468//4468 4604//4604
f 4605//4605 4472//4472 4471//4471
f 4472//4472 4718//4718 4719//4719
f 4472//4472 4605//4605 4606//4606
f 4838//4838 4473//4473 4719//4719
f 4474//4474 4610//4610 4611//4611
f 4610//4610 4474//4474 4608//4608
f 4838//4838 4844//4844 4607//4607
f 4608//4608 4720//4720 4610//4610
f 4610//4610 4720//4720 4611//4611
f 4608//4608 4607//4607 4720//4720
f 4609//4609 4611//4611 4721//4721
f 4612//4612 4596//4596 4828//4828
f 4476//4476 4994//4994 4850//4850
f 4613//4613 4853//4853 5130//5130
f 4374//4374 4722//4722 4994//4994
f 4614//4614 4613//4613 4723//4723
f 4724//4724 4380//4380 4615//4615
f 4616//4616 4726//4726 4378//4378
f 4616//4616 4380//4380 4724//4724
f 4728//4728 4724//4724 4615//4615
f 4480//4480 4617//4617 4481//4481
f 4998//4998 4617//4617 4727//4727
f 4617//4617 4480//4480 4727//4727
f 4382//4382 4478//4478 4999//4999
f 4615//4615 4483//4483 4728//4728
f 4618//4618 4486//4486 4620//4620
f 4621//4621 4484//4484 4618//4618
f 4619//4619 4484//4484 4621//4621
f 4731//4731 4621//4621 4618//4618
f 4620//4620 4486//4486 4732//4732
f 4486//4486 7457//7457 4732//4732
f 4732//4732 4731//4731 4618//4618
f 4732//4732 4618//4618 4620//4620
f 4619//4619 4729//4729 4483//4483
f 4619//4619 4621//4621 4729//4729
f 4729//4729 4621//4621 4731//4731
f 4623//4623 4491//4491 4628//4628
f 4489//4489 4626//4626 5143//5143
f 4624//4624 4489//4489 5143//5143
f 4624//4624 5143//5143 4864//4864
f 4489//4489 4490//4490 4626//4626
f 4481//4481 4625//4625 4490//4490
f 4490//4490 4625//4625 4626//4626
f 4481//4481 4617//4617 4625//4625
f 4626//4626 4625//4625 4858//4858
f 4736//4736 7438//7438 4632//4632
f 7438//7438 4385//4385 4631//4631
f 7438//7438 4631//4631 4632//4632
f 4629//4629 4386//4386 4735//4735
f 4737//4737 4497//4497 4630//4630
f 4630//4630 4497//4497 4638//4638
f 4631//4631 4629//4629 4735//4735
f 4735//4735 4386//4386 4737//4737
f 4632//4632 4631//4631 4734//4734
f 4734//4734 4631//4631 4735//4735
f 4738//4738 4737//4737 4630//4630
f 4633//4633 4634//4634 4635//4635
f 4635//4635 4636//4636 4862//4862
f 4633//4633 4635//4635 4862//4862
f 4392//4392 4637//4637 4636//4636
f 4738//4738 4630//4630 4638//4638
f 4638//4638 4519//4519 4741//4741
f 4643//4643 4644//4644 4641//4641
f 4639//4639 4641//4641 4640//4640
f 4519//4519 4640//4640 4742//4742
f 4641//4641 4742//4742 4640//4640
f 4645//4645 4642//4642 4396//4396
f 4645//4645 4396//4396 4870//4870
f 4642//4642 4645//4645 4871//4871
f 4648//4648 4399//4399 4646//4646
f 4648//4648 4646//4646 4751//4751
f 4521//4521 4874//4874 4647//4647
f 4521//4521 4273//4273 5028//5028
f 4500//4500 4633//4633 4750//4750
f 4396//4396 4648//4648 5035//5035
f 4649//4649 4752//4752 4880//4880
f 4881//4881 4402//4402 4753//4753
f 4403//4403 4753//4753 4402//4402
f 4754//4754 4753//4753 4403//4403
f 4403//4403 4650//4650 4884//4884
f 4403//4403 4884//4884 4754//4754
f 4523//4523 4885//4885 4651//4651
f 4525//4525 4527//4527 4755//4755
f 4887//4887 4525//4525 4886//4886
f 4525//4525 4755//4755 4886//4886
f 4526//4526 4528//4528 5048//5048
f 4746//4746 4528//4528 4271//4271
f 7465//7465 4531//4531 7448//7448
f 4757//4757 4531//4531 7465//7465
f 4653//4653 4652//4652 4539//4539
f 4537//4537 4654//4654 4653//4653
f 4653//4653 4654//4654 4652//4652
f 4768//4768 7449//7449 4652//4652
f 4654//4654 4768//4768 4652//4652
f 4763//4763 4761//4761 4540//4540
f 4763//4763 4533//4533 4531//4531
f 4763//4763 4757//4757 4762//4762
f 4763//4763 4531//4531 4757//4757
f 4657//4657 4656//4656 4658//4658
f 4657//4657 4655//4655 4656//4656
f 4666//4666 4656//4656 4655//4655
f 4656//4656 4666//4666 4776//4776
f 4308//4308 4657//4657 4425//4425
f 4659//4659 4654//4654 4537//4537
f 4425//4425 4657//4657 4659//4659
f 4425//4425 4659//4659 4537//4537
f 4657//4657 4769//4769 4659//4659
f 4654//4654 4659//4659 5050//5050
f 4544//4544 4429//4429 4660//4660
f 4544//4544 4660//4660 7459//7459
f 4543//4543 4772//4772 4660//4660
f 7459//7459 4660//4660 4661//4661
f 4771//4771 4543//4543 4761//4761
f 4543//4543 4771//4771 4772//4772
f 4773//4773 7459//7459 4661//4661
f 4661//4661 4660//4660 4772//4772
f 4547//4547 4667//4667 4551//4551
f 4551//4551 4777//4777 4549//4549
f 4667//4667 4777//4777 4551//4551
f 4547//4547 4548//4548 4662//4662
f 4667//4667 4547//4547 4662//4662
f 4662//4662 4548//4548 4663//4663
f 4663//4663 4548//4548 4675//4675
f 4778//4778 4662//4662 4663//4663
f 4655//4655 4550//4550 4664//4664
f 4664//4664 4666//4666 4655//4655
f 4550//4550 4665//4665 4664//4664
f 4664//4664 4665//4665 4666//4666
f 4550//4550 7451//7451 4665//4665
f 7451//7451 4905//4905 4665//4665
f 4777//4777 7469//7469 4549//4549
f 4667//4667 4662//4662 4777//4777
f 4665//4665 4668//4668 4666//4666
f 4662//4662 4778//4778 4777//4777
f 4670//4670 4553//4553 7458//7458
f 4910//4910 4670//4670 7458//7458
f 4670//4670 4781//4781 4671//4671
f 4781//4781 4909//4909 4671//4671
f 4674//4674 4673//4673 4672//4672
f 4558//4558 4554//4554 4684//4684
f 4674//4674 4558//4558 4790//4790
f 4558//4558 4684//4684 4790//4790
f 4790//4790 4673//4673 4674//4674
f 4677//4677 4675//4675 4676//4676
f 4677//4677 4676//4676 4673//4673
f 4675//4675 4782//4782 4783//4783
f 4677//4677 4782//4782 4675//4675
f 4673//4673 4790//4790 4677//4677
f 4561//4561 4562//4562 4678//4678
f 4678//4678 7460//7460 4561//4561
f 4788//4788 4787//4787 4685//4685
f 4671//4671 7460//7460 4678//4678
f 4909//4909 7460//7460 4671//4671
f 4577//4577 7462//7462 4572//4572
f 4682//4682 4569//4569 4800//4800
f 4569//4569 4688//4688 4800//4800
f 4554//4554 4683//4683 7461//7461
f 4680//4680 4681//4681 4789//4789
f 4683//4683 4680//4680 4789//4789
f 4682//4682 4793//4793 4681//4681
f 7461//7461 4683//4683 4791//4791
f 7461//7461 4791//4791 4790//4790
f 4685//4685 4787//4787 4573//4573
f 4573//4573 4787//4787 4574//4574
f 4578//4578 4575//4575 4686//4686
f 4574//4574 4787//4787 4575//4575
f 4795//4795 4686//4686 7454//7454
f 4686//4686 4794//4794 4578//4578
f 4577//4577 4799//4799 7462//7462
f 4799//4799 4577//4577 4798//4798
f 4577//4577 4687//4687 4798//4798
f 4800//4800 4688//4688 4928//4928
f 4799//4799 4928//4928 7462//7462
f 4801//4801 4689//4689 4578//4578
f 4804//4804 4689//4689 4801//4801
f 4582//4582 4803//4803 4579//4579
f 4687//4687 4580//4580 4802//4802
f 4580//4580 4803//4803 4802//4802
f 4804//4804 4805//4805 4690//4690
f 4808//4808 4690//4690 4805//4805
f 4807//4807 4693//4693 4808//4808
f 4691//4691 4694//4694 4814//4814
f 4693//4693 4335//4335 4690//4690
f 4808//4808 4693//4693 4690//4690
f 4335//4335 4693//4693 4692//4692
f 4807//4807 4692//4692 4693//4693
f 4448//4448 4948//4948 4581//4581
f 4448//4448 4812//4812 4948//4948
f 4694//4694 4581//4581 4814//4814
f 4695//4695 4696//4696 4591//4591
f 4591//4591 4696//4696 4697//4697
f 4591//4591 4697//4697 4701//4701
f 4590//4590 4455//4455 4698//4698
f 7437//7437 4589//4589 4706//4706
f 4698//4698 7437//7437 4706//4706
f 4816//4816 4585//4585 4590//4590
f 4816//4816 4590//4590 4698//4698
f 4699//4699 4701//4701 4818//4818
f 4818//4818 4819//4819 4699//4699
f 4715//4715 4465//4465 4592//4592
f 4715//4715 4592//4592 4702//4702
f 4821//4821 4593//4593 4703//4703
f 7428//7428 4609//4609 4704//4704
f 4704//4704 4609//4609 4849//4849
f 4824//4824 4594//4594 4595//4595
f 4595//4595 4825//4825 4824//4824
f 4825//4825 4595//4595 4705//4705
f 4705//4705 4593//4593 4825//4825
f 4824//4824 4823//4823 4588//4588
f 4588//4588 4823//4823 4822//4822
f 4588//4588 4822//4822 4589//4589
f 4822//4822 4706//4706 4589//4589
f 5106//5106 4698//4698 4706//4706
f 4708//4708 4596//4596 7463//7463
f 4707//4707 4701//4701 4699//4699
f 7463//7463 4709//4709 4708//4708
f 4708//4708 4709//4709 4828//4828
f 4709//4709 7463//7463 4828//4828
f 4699//4699 4700//4700 4707//4707
f 4597//4597 4851//4851 4710//4710
f 4599//4599 4831//4831 4712//4712
f 4599//4599 4830//4830 4831//4831
f 4831//4831 4713//4713 4712//4712
f 4713//4713 4714//4714 4712//4712
f 4712//4712 4714//4714 4711//4711
f 4958//4958 4592//4592 4820//4820
f 4592//4592 4602//4602 4820//4820
f 4602//4602 4711//4711 4820//4820
f 4711//4711 4714//4714 4820//4820
f 4831//4831 4714//4714 4713//4713
f 4465//4465 4715//4715 4467//4467
f 4715//4715 4832//4832 4716//4716
f 4832//4832 4715//4715 4702//4702
f 4606//4606 4717//4717 4472//4472
f 4472//4472 4717//4717 4718//4718
f 4969//4969 4717//4717 4606//4606
f 4605//4605 4969//4969 4606//4606
f 4717//4717 4833//4833 4718//4718
f 4719//4719 4718//4718 4834//4834
f 4718//4718 4833//4833 4834//4834
f 4844//4844 4845//4845 4607//4607
f 4607//4607 4845//4845 4720//4720
f 4721//4721 4611//4611 4720//4720
f 4720//4720 4848//4848 4721//4721
f 4609//4609 4721//4721 4849//4849
f 4828//4828 4853//4853 4612//4612
f 4850//4850 4851//4851 4105//4105
f 4723//4723 5133//5133 4614//4614
f 4854//4854 4723//4723 4613//4613
f 4728//4728 4997//4997 4724//4724
f 4616//4616 4724//4724 4725//4725
f 4997//4997 4725//4725 4724//4724
f 4725//4725 4726//4726 4616//4616
f 4625//4625 4617//4617 4858//4858
f 4999//4999 4478//4478 4856//4856
f 4727//4727 4999//4999 4998//4998
f 4730//4730 4728//4728 4729//4729
f 4728//4728 4483//4483 4729//4729
f 4730//4730 4997//4997 4728//4728
f 4731//4731 4730//4730 4729//4729
f 4731//4731 4996//4996 4730//4730
f 4623//4623 5002//5002 4622//4622
f 5002//5002 4623//4623 4733//4733
f 4623//4623 4628//4628 4733//4733
f 4732//4732 7457//7457 5136//5136
f 4731//4731 4732//4732 5136//5136
f 7464//7464 4627//4627 4496//4496
f 4734//4734 4736//4736 4632//4632
f 4733//4733 4628//4628 4627//4627
f 7464//7464 4733//4733 4627//4627
f 4735//4735 4739//4739 4734//4734
f 4734//4734 4859//4859 4736//4736
f 4738//4738 5010//5010 4737//4737
f 4741//4741 4738//4738 4638//4638
f 4739//4739 4735//4735 4861//4861
f 5010//5010 4738//4738 5012//5012
f 4861//4861 4735//4735 4737//4737
f 4633//4633 4862//4862 4749//4749
f 4637//4637 4740//4740 4636//4636
f 4519//4519 4742//4742 4741//4741
f 4738//4738 4741//4741 5012//5012
f 4741//4741 4742//4742 5012//5012
f 4742//4742 4641//4641 4743//4743
f 4745//4745 4643//4643 4642//4642
f 4641//4641 4644//4644 4744//4744
f 4644//4644 4643//4643 4745//4745
f 4641//4641 4744//4744 4743//4743
f 4865//4865 4742//4742 4743//4743
f 4642//4642 4872//4872 4745//4745
f 4744//4744 4644//4644 4873//4873
f 4644//4644 4745//4745 7467//7467
f 4870//4870 4396//4396 5033//5033
f 4645//4645 4870//4870 4871//4871
f 4746//4746 4647//4647 4747//4747
f 4647//4647 4874//4874 4747//4747
f 4746//4746 4747//4747 4748//4748
f 4521//4521 4877//4877 4874//4874
f 4748//4748 4747//4747 4875//4875
f 4747//4747 4874//4874 4875//4875
f 4633//4633 4749//4749 4750//4750
f 4862//4862 5030//5030 4749//4749
f 4749//4749 5030//5030 4750//4750
f 5033//5033 4396//4396 5035//5035
f 4646//4646 4649//4649 5034//5034
f 5034//5034 4649//4649 4879//4879
f 4752//4752 4402//4402 4881//4881
f 4884//4884 4650//4650 5043//5043
f 4650//4650 4651//4651 5043//5043
f 4651//4651 4885//4885 5170//5170
f 4527//4527 4526//4526 4890//4890
f 4528//4528 4746//4746 5048//5048
f 4757//4757 7465//7465 4762//4762
f 7449//7449 4768//4768 4758//4758
f 4538//4538 7466//7466 4759//4759
f 4759//4759 4756//4756 4538//4538
f 4756//4756 4760//4760 4762//4762
f 4756//4756 4759//4759 4760//4760
f 4761//4761 4763//4763 4766//4766
f 4896//4896 4761//4761 4766//4766
f 4765//4765 4763//4763 4762//4762
f 4760//4760 4764//4764 4762//4762
f 4764//4764 4765//4765 4762//4762
f 4763//4763 4765//4765 4766//4766
f 4765//4765 4896//4896 4766//4766
f 4658//4658 4656//4656 4767//4767
f 4776//4776 4767//4767 4656//4656
f 4654//4654 5050//5050 4768//4768
f 4769//4769 4657//4657 4770//4770
f 4899//4899 4770//4770 4657//4657
f 4770//4770 4901//4901 4769//4769
f 4657//4657 4658//4658 4899//4899
f 4899//4899 4901//4901 4770//4770
f 4659//4659 4769//4769 4902//4902
f 4901//4901 4902//4902 4769//4769
f 4661//4661 4772//4772 4775//4775
f 4896//4896 4771//4771 4761//4761
f 4661//4661 4775//4775 4773//4773
f 4774//4774 7459//7459 4773//4773
f 4910//4910 7459//7459 4774//4774
f 4773//4773 4904//4904 4774//4774
f 4774//4774 4904//4904 4910//4910
f 4663//4663 4785//4785 4778//4778
f 4666//4666 4668//4668 4776//4776
f 4668//4668 4780//4780 4776//4776
f 4665//4665 4780//4780 4668//4668
f 4912//4912 4777//4777 4778//4778
f 7469//7469 4777//4777 4912//4912
f 4779//4779 4780//4780 4665//4665
f 4767//4767 4776//4776 4780//4780
f 4665//4665 4905//4905 4779//4779
f 4670//4670 4910//4910 4911//4911
f 4670//4670 4911//4911 4781//4781
f 4911//4911 4909//4909 4781//4781
f 4675//4675 4784//4784 4663//4663
f 4784//4784 4785//4785 4663//4663
f 4675//4675 4783//4783 4784//4784
f 4782//4782 4677//4677 4919//4919
f 4783//4783 4782//4782 4918//4918
f 4785//4785 4913//4913 4778//4778
f 4784//4784 4913//4913 4785//4785
f 4784//4784 4783//4783 4786//4786
f 4783//4783 4918//4918 4786//4786
f 4913//4913 4784//4784 4786//4786
f 4788//4788 4916//4916 4787//4787
f 4915//4915 7460//7460 4909//4909
f 4787//4787 4926//4926 4575//4575
f 4788//4788 4679//4679 4915//4915
f 4683//4683 4789//4789 4791//4791
f 4681//4681 4793//4793 4789//4789
f 4682//4682 4800//4800 4927//4927
f 4793//4793 4682//4682 4927//4927
f 4677//4677 4790//4790 4792//4792
f 4790//4790 4791//4791 4792//4792
f 4789//4789 5078//5078 4791//4791
f 4677//4677 4792//4792 4917//4917
f 4795//4795 7454//7454 7473//7473
f 4796//4796 4686//4686 4795//4795
f 4796//4796 4794//4794 4686//4686
f 7473//7473 4797//4797 4795//4795
f 4795//4795 4797//4797 4796//4796
f 4796//4796 4797//4797 4925//4925
f 4930//4930 4794//4794 4925//4925
f 4794//4794 4796//4796 4925//4925
f 4687//4687 4933//4933 4798//4798
f 4932//4932 4799//4799 4798//4798
f 4798//4798 4933//4933 4932//4932
f 4928//4928 4929//4929 4800//4800
f 4794//4794 4801//4801 4578//4578
f 4794//4794 4930//4930 4801//4801
f 4804//4804 4801//4801 4930//4930
f 4802//4802 4803//4803 4931//4931
f 4933//4933 4687//4687 4802//4802
f 4805//4805 4804//4804 4806//4806
f 4805//4805 4806//4806 4808//4808
f 4936//4936 4808//4808 4806//4806
f 4807//4807 4808//4808 4809//4809
f 4810//4810 4808//4808 7475//7475
f 4809//4809 4808//4808 4810//4810
f 4946//4946 4809//4809 4939//4939
f 4803//4803 4582//4582 4811//4811
f 4811//4811 4691//4691 4813//4813
f 4811//4811 4813//4813 5093//5093
f 4946//4946 4807//4807 4809//4809
f 4692//4692 4807//4807 4946//4946
f 4947//4947 4695//4695 4586//4586
f 4814//4814 4581//4581 4948//4948
f 4812//4812 4816//4816 5300//5300
f 4691//4691 4814//4814 4813//4813
f 4696//4696 4695//4695 7478//7478
f 4696//4696 4953//4953 4697//4697
f 4816//4816 4698//4698 4827//4827
f 4816//4816 4827//4827 4815//4815
f 4699//4699 4817//4817 4700//4700
f 4699//4699 4819//4819 4817//4817
f 4697//4697 4818//4818 4701//4701
f 4707//4707 4700//4700 5097//5097
f 4958//4958 4702//4702 4592//4592
f 4604//4604 4716//4716 4960//4960
f 4960//4960 4962//4962 4604//4604
f 4959//4959 4832//4832 4702//4702
f 4832//4832 4961//4961 4716//4716
f 4716//4716 4961//4961 4960//4960
f 4989//4989 4593//4593 4821//4821
f 4824//4824 4825//4825 4826//4826
f 4826//4826 4823//4823 4824//4824
f 4822//4822 5105//5105 4706//4706
f 4706//4706 5105//5105 5106//5106
f 5104//5104 4822//4822 4823//4823
f 5105//5105 4822//4822 5104//5104
f 4698//4698 5106//5106 4827//4827
f 4828//4828 7463//7463 5321//5321
f 4829//4829 5220//5220 4830//4830
f 4710//4710 4964//4964 4829//4829
f 4964//4964 5220//5220 4829//4829
f 4852//4852 4964//4964 4710//4710
f 4831//4831 4967//4967 4714//4714
f 4967//4967 4968//4968 4714//4714
f 4714//4714 4968//4968 4820//4820
f 4830//4830 4966//4966 4831//4831
f 4962//4962 4605//4605 4604//4604
f 4969//4969 4605//4605 4962//4962
f 4717//4717 4971//4971 4833//4833
f 4835//4835 4834//4834 4833//4833
f 4837//4837 4834//4834 4975//4975
f 4719//4719 4836//4836 4838//4838
f 4837//4837 4836//4836 4834//4834
f 4834//4834 4836//4836 4719//4719
f 4836//4836 4839//4839 4838//4838
f 4836//4836 4842//4842 4839//4839
f 4836//4836 4837//4837 4842//4842
f 4837//4837 4981//4981 4842//4842
f 4838//4838 4839//4839 4840//4840
f 4842//4842 4841//4841 4839//4839
f 4841//4841 4843//4843 4839//4839
f 4839//4839 4843//4843 4840//4840
f 4842//4842 4843//4843 4841//4841
f 4981//4981 4843//4843 4842//4842
f 4838//4838 4846//4846 4844//4844
f 4844//4844 4847//4847 4845//4845
f 4846//4846 4847//4847 4844//4844
f 4840//4840 4846//4846 4838//4838
f 4840//4840 4985//4985 4846//4846
f 4846//4846 4985//4985 4847//4847
f 4985//4985 4840//4840 5227//5227
f 4845//4845 4848//4848 4720//4720
f 4845//4845 4847//4847 4848//4848
f 4848//4848 4985//4985 4986//4986
f 4847//4847 4985//4985 4848//4848
f 4704//4704 4849//4849 4821//4821
f 4848//4848 4987//4987 4721//4721
f 4721//4721 4987//4987 4849//4849
f 4988//4988 4987//4987 4848//4848
f 4849//4849 4987//4987 4989//4989
f 4989//4989 4821//4821 4849//4849
f 4986//4986 4988//4988 4848//4848
f 4850//4850 4852//4852 4851//4851
f 4710//4710 4851//4851 4852//4852
f 4850//4850 4992//4992 4852//4852
f 4850//4850 5126//5126 7479//7479
f 4614//4614 5133//5133 4855//4855
f 4478//4478 4614//4614 5000//5000
f 5000//5000 4614//4614 4855//4855
f 4723//4723 4854//4854 5133//5133
f 4995//4995 4725//4725 4997//4997
f 4726//4726 4725//4725 4995//4995
f 4997//4997 4730//4730 4996//4996
f 4617//4617 4998//4998 4858//4858
f 4998//4998 5007//5007 4858//4858
f 4478//4478 5000//5000 4856//4856
f 5002//5002 5136//5136 4622//4622
f 4733//4733 7464//7464 4857//4857
f 5003//5003 4857//4857 7464//7464
f 5003//5003 4736//4736 4859//4859
f 5002//5002 4733//4733 4857//4857
f 4858//4858 5006//5006 4626//4626
f 5006//5006 4858//4858 5007//5007
f 5006//5006 5142//5142 4626//4626
f 4626//4626 5142//5142 5143//5143
f 4860//4860 4734//4734 4739//4739
f 4860//4860 4739//4739 5013//5013
f 4739//4739 4861//4861 5013//5013
f 4734//4734 4860//4860 4859//4859
f 5013//5013 4861//4861 5009//5009
f 5009//5009 4861//4861 4737//4737
f 4737//4737 5010//5010 5009//5009
f 4866//4866 4742//4742 4865//4865
f 4742//4742 4866//4866 5149//5149
f 4636//4636 4740//4740 4862//4862
f 4637//4637 4488//4488 5150//5150
f 4488//4488 4864//4864 4863//4863
f 4865//4865 4743//4743 4868//4868
f 4868//4868 4743//4743 4869//4869
f 4868//4868 4867//4867 4865//4865
f 4865//4865 4867//4867 4866//4866
f 4867//4867 5149//5149 4866//4866
f 4869//4869 4743//4743 4744//4744
f 4744//4744 4873//4873 4869//4869
f 7467//7467 4745//4745 4872//4872
f 5149//5149 4867//4867 4868//4868
f 4868//4868 4869//4869 5259//5259
f 4642//4642 4871//4871 4872//4872
f 5015//5015 7467//7467 4872//4872
f 4748//4748 4875//4875 5022//5022
f 4875//4875 4874//4874 5022//5022
f 4748//4748 5022//5022 4878//4878
f 4748//4748 4876//4876 4746//4746
f 4878//4878 4876//4876 4748//4748
f 4876//4876 4878//4878 5024//5024
f 4521//4521 5028//5028 4877//4877
f 4877//4877 5022//5022 4874//4874
f 5022//5022 4877//4877 5028//5028
f 5024//5024 4878//4878 5022//5022
f 4273//4273 4750//4750 5032//5032
f 4751//4751 4646//4646 7481//7481
f 4648//4648 4751//4751 7482//7482
f 5034//5034 4879//4879 5036//5036
f 4881//4881 5263//5263 4883//4883
f 4883//4883 4752//4752 4881//4881
f 4880//4880 4752//4752 4882//4882
f 4752//4752 4883//4883 4882//4882
f 5038//5038 4880//4880 4882//4882
f 4883//4883 5164//5164 4882//4882
f 5263//5263 4881//4881 4753//4753
f 5040//5040 4754//4754 5041//5041
f 4754//4754 5040//5040 4753//4753
f 5044//5044 4884//4884 5043//5043
f 4884//4884 5044//5044 4754//4754
f 4885//4885 4887//4887 4889//4889
f 4886//4886 5047//5047 4887//4887
f 4889//4889 4887//4887 4888//4888
f 4887//4887 5047//5047 4888//4888
f 4755//4755 4527//4527 4891//4891
f 4527//4527 4890//4890 4891//4891
f 4886//4886 4755//4755 4892//4892
f 4755//4755 4891//4891 4892//4892
f 4891//4891 4890//4890 5269//5269
f 4886//4886 4892//4892 4893//4893
f 4892//4892 4891//4891 5269//5269
f 4886//4886 4893//4893 5047//5047
f 4890//4890 4526//4526 5048//5048
f 4890//4890 5048//5048 5269//5269
f 5048//5048 4746//4746 5173//5173
f 4894//4894 4764//4764 4760//4760
f 4759//4759 4894//4894 4760//4760
f 4765//4765 4764//4764 4895//4895
f 4895//4895 4896//4896 4765//4765
f 7468//7468 4764//4764 4894//4894
f 4759//4759 4898//4898 4894//4894
f 4898//4898 7468//7468 4894//4894
f 4895//4895 4897//4897 4896//4896
f 4898//4898 4897//4897 4895//4895
f 5056//5056 4897//4897 4898//4898
f 4658//4658 5049//5049 4899//4899
f 4658//4658 4900//4900 5049//5049
f 4767//4767 4900//4900 4658//4658
f 4900//4900 4767//4767 4908//4908
f 4900//4900 4908//4908 5049//5049
f 5050//5050 5051//5051 4768//4768
f 4768//4768 5051//5051 4758//4758
f 5050//5050 4659//4659 4902//4902
f 5174//5174 4901//4901 4899//4899
f 4896//4896 4903//4903 4771//4771
f 4903//4903 4896//4896 4897//4897
f 4903//4903 4772//4772 4771//4771
f 4897//4897 7483//7483 4903//4903
f 4775//4775 4904//4904 4773//4773
f 4903//4903 5058//5058 4772//4772
f 4772//4772 5058//5058 4775//4775
f 4775//4775 5058//5058 5059//5059
f 4904//4904 4775//4775 5059//5059
f 5059//5059 4910//4910 4904//4904
f 4905//4905 4907//4907 4779//4779
f 4779//4779 4908//4908 4780//4780
f 4912//4912 4906//4906 7469//7469
f 4780//4780 4908//4908 4767//4767
f 7471//7471 7469//7469 4906//4906
f 4918//4918 4913//4913 4786//4786
f 4778//4778 4913//4913 4912//4912
f 4913//4913 4918//4918 5064//5064
f 4912//4912 4914//4914 4906//4906
f 5066//5066 4916//4916 4788//4788
f 5066//5066 5186//5186 4916//4916
f 4916//4916 5186//5186 4787//4787
f 4915//4915 5067//5067 4788//4788
f 4917//4917 4919//4919 4677//4677
f 4792//4792 4791//4791 5075//5075
f 4793//4793 5078//5078 4789//4789
f 4791//4791 5078//5078 5075//5075
f 4917//4917 4921//4921 4919//4919
f 4792//4792 5075//5075 4924//4924
f 4782//4782 4919//4919 4918//4918
f 4920//4920 4918//4918 4919//4919
f 4920//4920 4919//4919 4921//4921
f 4917//4917 4792//4792 7472//7472
f 4917//4917 7472//7472 4921//4921
f 4921//4921 4922//4922 4920//4920
f 4921//4921 4923//4923 4922//4922
f 7472//7472 4923//4923 4921//4921
f 4920//4920 4922//4922 4918//4918
f 4797//4797 7473//7473 4925//4925
f 5072//5072 5073//5073 7474//7474
f 5081//5081 4925//4925 5070//5070
f 7473//7473 5070//5070 4925//4925
f 5074//5074 4927//4927 4800//4800
f 4928//4928 4932//4932 4934//4934
f 4800//4800 4929//4929 5074//5074
f 4929//4929 4928//4928 4934//4934
f 5074//5074 4929//4929 5077//5077
f 4929//4929 4934//4934 5077//5077
f 4927//4927 5074//5074 5076//5076
f 4927//4927 7486//7486 4793//4793
f 5078//5078 4793//4793 7486//7486
f 4925//4925 5081//5081 4930//4930
f 5082//5082 4941//4941 4804//4804
f 5085//5085 4941//4941 5082//5082
f 5080//5080 4930//4930 7487//7487
f 5080//5080 4804//4804 4930//4930
f 5081//5081 5070//5070 5195//5195
f 4933//4933 4802//4802 5090//5090
f 4931//4931 5090//5090 4802//4802
f 4799//4799 4932//4932 4928//4928
f 4933//4933 4935//4935 4932//4932
f 5090//5090 4935//4935 4933//4933
f 4934//4934 5083//5083 5077//5077
f 4932//4932 5083//5083 4934//4934
f 4932//4932 4935//4935 5083//5083
f 4940//4940 4937//4937 7475//7475
f 4937//4937 4810//4810 7475//7475
f 4810//4810 4937//4937 4809//4809
f 4938//4938 4806//4806 4941//4941
f 4806//4806 4804//4804 4941//4941
f 4938//4938 4936//4936 4806//4806
f 7475//7475 7476//7476 4940//4940
f 4940//4940 4809//4809 4937//4937
f 4938//4938 4941//4941 4942//4942
f 4942//4942 4940//4940 7476//7476
f 4939//4939 4809//4809 5086//5086
f 4942//4942 4943//4943 4940//4940
f 4944//4944 4943//4943 4942//4942
f 4940//4940 4943//4943 4809//4809
f 7477//7477 5086//5086 4809//4809
f 5088//5088 4943//4943 4944//4944
f 4942//4942 4941//4941 5085//5085
f 5088//5088 4942//4942 5085//5085
f 5088//5088 4944//4944 4942//4942
f 5088//5088 5086//5086 7477//7477
f 4803//4803 4945//4945 4931//4931
f 4811//4811 4945//4945 4803//4803
f 4811//4811 5093//5093 4945//4945
f 5200//5200 4945//4945 5093//5093
f 4945//4945 5089//5089 4931//4931
f 4946//4946 4586//4586 4692//4692
f 4949//4949 4696//4696 7478//7478
f 4947//4947 4586//4586 5091//5091
f 7478//7478 4952//4952 4949//4949
f 4946//4946 5092//5092 4586//4586
f 4952//4952 7478//7478 5294//5294
f 4948//4948 4812//4812 5205//5205
f 4948//4948 5205//5205 4814//4814
f 4949//4949 4950//4950 4696//4696
f 5094//5094 4951//4951 4697//4697
f 4697//4697 4951//4951 4818//4818
f 4949//4949 4952//4952 4950//4950
f 4950//4950 4953//4953 4696//4696
f 4697//4697 4953//4953 5094//5094
f 5094//5094 5204//5204 4951//4951
f 5204//5204 4818//4818 4951//4951
f 4950//4950 4952//4952 4953//4953
f 4953//4953 4952//4952 5095//5095
f 4954//4954 5300//5300 4816//4816
f 4954//4954 4816//4816 4815//4815
f 4957//4957 4700//4700 4817//4817
f 4957//4957 5097//5097 4700//4700
f 7463//7463 7490//7490 5108//5108
f 4818//4818 4956//4956 4819//4819
f 4817//4817 4819//4819 4955//4955
f 4956//4956 5208//5208 4955//4955
f 4819//4819 4956//4956 4955//4955
f 4955//4955 5208//5208 4817//4817
f 4956//4956 4818//4818 5204//5204
f 4817//4817 5208//5208 4957//4957
f 4702//4702 4958//4958 4959//4959
f 4961//4961 4832//4832 4959//4959
f 4820//4820 5210//5210 4958//4958
f 4960//4960 5099//5099 4962//4962
f 4960//4960 4961//4961 5099//5099
f 4962//4962 5211//5211 4970//4970
f 4823//4823 4826//4826 5103//5103
f 5103//5103 5104//5104 4823//4823
f 4954//4954 4815//4815 4963//4963
f 4815//4815 4827//4827 4963//4963
f 4963//4963 4827//4827 5409//5409
f 5107//5107 4828//4828 5321//5321
f 4991//4991 4964//4964 4852//4852
f 5220//5220 4965//4965 4830//4830
f 4830//4830 4965//4965 4966//4966
f 4966//4966 4965//4965 5111//5111
f 5111//5111 5110//5110 4966//4966
f 4966//4966 5110//5110 4831//4831
f 4969//4969 4971//4971 4717//4717
f 4962//4962 4970//4970 4969//4969
f 4971//4971 4974//4974 4833//4833
f 4970//4970 4971//4971 4969//4969
f 4970//4970 4974//4974 4971//4971
f 4972//4972 4835//4835 4833//4833
f 4972//4972 4833//4833 4978//4978
f 4833//4833 4974//4974 4978//4978
f 4973//4973 4972//4972 4978//4978
f 4835//4835 4972//4972 4973//4973
f 4975//4975 4981//4981 4837//4837
f 4834//4834 4835//4835 4975//4975
f 4835//4835 4977//4977 4975//4975
f 4975//4975 4976//4976 4981//4981
f 4977//4977 4976//4976 4975//4975
f 4979//4979 4977//4977 4835//4835
f 4977//4977 4983//4983 4976//4976
f 4976//4976 4983//4983 4981//4981
f 4979//4979 4984//4984 4977//4977
f 4977//4977 4984//4984 4983//4983
f 4978//4978 4979//4979 4973//4973
f 4973//4973 4979//4979 4835//4835
f 4980//4980 4978//4978 4974//4974
f 4978//4978 5114//5114 4979//4979
f 4981//4981 4983//4983 4843//4843
f 4982//4982 4840//4840 4843//4843
f 4983//4983 4984//4984 4843//4843
f 4843//4843 4984//4984 4982//4982
f 5116//5116 4984//4984 4979//4979
f 5116//5116 4979//4979 5114//5114
f 4982//4982 5227//5227 4840//4840
f 4982//4982 4984//4984 5227//5227
f 4985//4985 5227//5227 4986//4986
f 4986//4986 5123//5123 4988//4988
f 4988//4988 5123//5123 4987//4987
f 4989//4989 5334//5334 4593//4593
f 4990//4990 4989//4989 4987//4987
f 5123//5123 4990//4990 4987//4987
f 4989//4989 4990//4990 5124//5124
f 4990//4990 5123//5123 5124//5124
f 4826//4826 4825//4825 5237//5237
f 4825//4825 5125//5125 5237//5237
f 5129//5129 4993//4993 5336//5336
f 4853//4853 4828//4828 5107//5107
f 5126//5126 4850//4850 5127//5127
f 4850//4850 4994//4994 5127//5127
f 5127//5127 4994//4994 5128//5128
f 4852//4852 4992//4992 4991//4991
f 4853//4853 5129//5129 5130//5130
f 4726//4726 4995//4995 4722//4722
f 5000//5000 4855//4855 5133//5133
f 5133//5133 5134//5134 5000//5000
f 5000//5000 5134//5134 5249//5249
f 4613//4613 5131//5131 4854//4854
f 5135//5135 4996//4996 4731//4731
f 4998//4998 4999//4999 5250//5250
f 5007//5007 4998//4998 5253//5253
f 5250//5250 5253//5253 4998//4998
f 5001//5001 4856//4856 5000//5000
f 4999//4999 4856//4856 5001//5001
f 5001//5001 5000//5000 5249//5249
f 5001//5001 5250//5250 4999//4999
f 5137//5137 5136//5136 5002//5002
f 5004//5004 5002//5002 4857//4857
f 5002//5002 5004//5004 5137//5137
f 5008//5008 5140//5140 4859//4859
f 4859//4859 5140//5140 5003//5003
f 5003//5003 5005//5005 4857//4857
f 5005//5005 5004//5004 4857//4857
f 4864//4864 5143//5143 5254//5254
f 5006//5006 5007//5007 5253//5253
f 5142//5142 5006//5006 5253//5253
f 5008//5008 4859//4859 4860//4860
f 5011//5011 5008//5008 4860//4860
f 4860//4860 5013//5013 5011//5011
f 5145//5145 5010//5010 5012//5012
f 5145//5145 5012//5012 5148//5148
f 5011//5011 5140//5140 5008//5008
f 5011//5011 5013//5013 5144//5144
f 5013//5013 5009//5009 5147//5147
f 5144//5144 5013//5013 5147//5147
f 5012//5012 4742//4742 5148//5148
f 5148//5148 4742//4742 5149//5149
f 4637//4637 5150//5150 4740//4740
f 4862//4862 4740//4740 5150//5150
f 4862//4862 5150//5150 5348//5348
f 5014//5014 4488//4488 4863//4863
f 4488//4488 5014//5014 5150//5150
f 5014//5014 4863//4863 5524//5524
f 5524//5524 4863//4863 4864//4864
f 5524//5524 4864//4864 5254//5254
f 5151//5151 5149//5149 4868//4868
f 7467//7467 5015//5015 5016//5016
f 4872//4872 4871//4871 5019//5019
f 4869//4869 4873//4873 5017//5017
f 4873//4873 7480//7480 5017//5017
f 5019//5019 5015//5015 4872//4872
f 5019//5019 5016//5016 5015//5015
f 4869//4869 5017//5017 5259//5259
f 4870//4870 5018//5018 4871//4871
f 5018//5018 4870//4870 5033//5033
f 5033//5033 5020//5020 5018//5018
f 4746//4746 4876//4876 5021//5021
f 4746//4746 5021//5021 5153//5153
f 5024//5024 5022//5022 5023//5023
f 5023//5023 5025//5025 5024//5024
f 5029//5029 5023//5023 5022//5022
f 5022//5022 5028//5028 5029//5029
f 5023//5023 5029//5029 5025//5025
f 5026//5026 4876//4876 5024//5024
f 5025//5025 5027//5027 5024//5024
f 5024//5024 5027//5027 5026//5026
f 5026//5026 5021//5021 4876//4876
f 5154//5154 5026//5026 5027//5027
f 5021//5021 5026//5026 5435//5435
f 5029//5029 5028//5028 5157//5157
f 5027//5027 5025//5025 5155//5155
f 5025//5025 5029//5029 5155//5155
f 4273//4273 5032//5032 5028//5028
f 5032//5032 4750//4750 5031//5031
f 5030//5030 5031//5031 4750//4750
f 5030//5030 5156//5156 5031//5031
f 5031//5031 5156//5156 5032//5032
f 4862//4862 5348//5348 5030//5030
f 5030//5030 5349//5349 5156//5156
f 5349//5349 5030//5030 5348//5348
f 7482//7482 4751//4751 7481//7481
f 5159//5159 7482//7482 7481//7481
f 5034//5034 5037//5037 5158//5158
f 5034//5034 5036//5036 5037//5037
f 5162//5162 5037//5037 5036//5036
f 5162//5162 5036//5036 5161//5161
f 5038//5038 4882//4882 5163//5163
f 4649//4649 4880//4880 5039//5039
f 5039//5039 4880//4880 5038//5038
f 5160//5160 4649//4649 5039//5039
f 5036//5036 4879//4879 5161//5161
f 4879//4879 4649//4649 5160//5160
f 5039//5039 5038//5038 5163//5163
f 4754//4754 5044//5044 5042//5042
f 5041//5041 4754//4754 5167//5167
f 4754//4754 5042//5042 5167//5167
f 5042//5042 5044//5044 5167//5167
f 5170//5170 4885//4885 5357//5357
f 5043//5043 4651//4651 5045//5045
f 4651//4651 5170//5170 5045//5045
f 4885//4885 4889//4889 5046//5046
f 5046//5046 5357//5357 4885//4885
f 4893//4893 5172//5172 5047//5047
f 4888//4888 5047//5047 5171//5171
f 4893//4893 4892//4892 5172//5172
f 4892//4892 5269//5269 5172//5172
f 5172//5172 5171//5171 5047//5047
f 4888//4888 5171//5171 4889//4889
f 5269//5269 5048//5048 5270//5270
f 5271//5271 5048//5048 5173//5173
f 5051//5051 5055//5055 7466//7466
f 7466//7466 5055//5055 4759//4759
f 5053//5053 5051//5051 5050//5050
f 4901//4901 5052//5052 4902//4902
f 4902//4902 5052//5052 5050//5050
f 5053//5053 5055//5055 5051//5051
f 5054//5054 4901//4901 5174//5174
f 5054//5054 5052//5052 4901//4901
f 5052//5052 5176//5176 5050//5050
f 5176//5176 5053//5053 5050//5050
f 5052//5052 5054//5054 5176//5176
f 5055//5055 5177//5177 4759//4759
f 5053//5053 5177//5177 5055//5055
f 5057//5057 5056//5056 4898//4898
f 4903//4903 7483//7483 5060//5060
f 5056//5056 5057//5057 5060//5060
f 5058//5058 4903//4903 5060//5060
f 4911//4911 4910//4910 5059//5059
f 5060//5060 5059//5059 5058//5058
f 5182//5182 4911//4911 5059//5059
f 5060//5060 5057//5057 5179//5179
f 5179//5179 5059//5059 5060//5060
f 4779//4779 4907//4907 4908//4908
f 4912//4912 4913//4913 5064//5064
f 5063//5063 5061//5061 7470//7470
f 4914//4914 5063//5063 4906//4906
f 4912//4912 5062//5062 4914//4914
f 5062//5062 5063//5063 4914//4914
f 5064//5064 5062//5062 4912//4912
f 5063//5063 5062//5062 5065//5065
f 5062//5062 5064//5064 5065//5065
f 4906//4906 5061//5061 7471//7471
f 7471//7471 5061//5061 5184//5184
f 5061//5061 5183//5183 5184//5184
f 5063//5063 5065//5065 5185//5185
f 4788//4788 5067//5067 7484//7484
f 5186//5186 5068//5068 4787//4787
f 4787//4787 5068//5068 4926//4926
f 5276//5276 7484//7484 5067//5067
f 5186//5186 5066//5066 5276//5276
f 4918//4918 4922//4922 5069//5069
f 4923//4923 7472//7472 5197//5197
f 4918//4918 5187//5187 5064//5064
f 4918//4918 5069//5069 5187//5187
f 4923//4923 5197//5197 4922//4922
f 5070//5070 7473//7473 5071//5071
f 5195//5195 5070//5070 5071//5071
f 5071//5071 7473//7473 5073//5073
f 5195//5195 5071//5071 5073//5073
f 5068//5068 7485//7485 4926//4926
f 5073//5073 5072//5072 5191//5191
f 5195//5195 5073//5073 5192//5192
f 5076//5076 5074//5074 5079//5079
f 5074//5074 5077//5077 5079//5079
f 5075//5075 5197//5197 4924//4924
f 5079//5079 5077//5077 5287//5287
f 5079//5079 5078//5078 7486//7486
f 5077//5077 5286//5286 5287//5287
f 5085//5085 5082//5082 5088//5088
f 5080//5080 5082//5082 4804//4804
f 5082//5082 5080//5080 7487//7487
f 5284//5284 5081//5081 5195//5195
f 5082//5082 7487//7487 5284//5284
f 5083//5083 4935//4935 5090//5090
f 5083//5083 5084//5084 5077//5077
f 5084//5084 5083//5083 5090//5090
f 5084//5084 5090//5090 5201//5201
f 5084//5084 5201//5201 5376//5376
f 5087//5087 4939//4939 5086//5086
f 5087//5087 4946//4946 4939//4939
f 5092//5092 4946//4946 5087//5087
f 5086//5086 5088//5088 5199//5199
f 5199//5199 5087//5087 5086//5086
f 5092//5092 5087//5087 5199//5199
f 5089//5089 5201//5201 4931//4931
f 5089//5089 5291//5291 5201//5201
f 4945//4945 5291//5291 5089//5089
f 5200//5200 5291//5291 4945//4945
f 5201//5201 5090//5090 4931//4931
f 4952//4952 5294//5294 5203//5203
f 4586//4586 7488//7488 5091//5091
f 5203//5203 5095//5095 4952//4952
f 5095//5095 5096//5096 4953//4953
f 4953//4953 7489//7489 5094//5094
f 5096//5096 5095//5095 5203//5203
f 5094//5094 7489//7489 5297//5297
f 5297//5297 5096//5096 5203//5203
f 5297//5297 5204//5204 5094//5094
f 4812//4812 5300//5300 5205//5205
f 4954//4954 5219//5219 5206//5206
f 5321//5321 7463//7463 5108//5108
f 5098//5098 4968//4968 4967//4967
f 5210//5210 4959//4959 4958//4958
f 5209//5209 5210//5210 4820//4820
f 4820//4820 4968//4968 5209//5209
f 4961//4961 4959//4959 5100//5100
f 5100//5100 5099//5099 4961//4961
f 4959//4959 5210//5210 5100//5100
f 5210//5210 5099//5099 5100//5100
f 4970//4970 5211//5211 5101//5101
f 5101//5101 5211//5211 5212//5212
f 5113//5113 5101//5101 5102//5102
f 4974//4974 5113//5113 5102//5102
f 5102//5102 5213//5213 4974//4974
f 5213//5213 5102//5102 5101//5101
f 5115//5115 5215//5215 5216//5216
f 5115//5115 4974//4974 5215//5215
f 4827//4827 5106//5106 7522//7522
f 5106//5106 5105//5105 5239//5239
f 5105//5105 5238//5238 5239//5239
f 5238//5238 5105//5105 5104//5104
f 5409//5409 4954//4954 4963//4963
f 5322//5322 5107//5107 5321//5321
f 4964//4964 4991//4991 5325//5325
f 4964//4964 5325//5325 5220//5220
f 4965//4965 5220//5220 5109//5109
f 5111//5111 4965//4965 5109//5109
f 5109//5109 5112//5112 5111//5111
f 5109//5109 5221//5221 5112//5112
f 5220//5220 5325//5325 5109//5109
f 5110//5110 5111//5111 5404//5404
f 5404//5404 5111//5111 5326//5326
f 5326//5326 5111//5111 5112//5112
f 5326//5326 5112//5112 5221//5221
f 5113//5113 4970//4970 5101//5101
f 4974//4974 4970//4970 5113//5113
f 4974//4974 5115//5115 4980//4980
f 4980//4980 5115//5115 4978//4978
f 5115//5115 5114//5114 4978//4978
f 5117//5117 5120//5120 5116//5116
f 5116//5116 5114//5114 5117//5117
f 5117//5117 5114//5114 5119//5119
f 5115//5115 5118//5118 5114//5114
f 5118//5118 5119//5119 5114//5114
f 5216//5216 5118//5118 5115//5115
f 5217//5217 5118//5118 5216//5216
f 7494//7494 5119//5119 5118//5118
f 5228//5228 4984//4984 5116//5116
f 5117//5117 5121//5121 5120//5120
f 5117//5117 5119//5119 5223//5223
f 5117//5117 5223//5223 5121//5121
f 5227//5227 4984//4984 5228//5228
f 5228//5228 5231//5231 5227//5227
f 5227//5227 5122//5122 4986//4986
f 4986//4986 5236//5236 5123//5123
f 5124//5124 5334//5334 4989//4989
f 5123//5123 5236//5236 5124//5124
f 4593//4593 5125//5125 4825//4825
f 4826//4826 5237//5237 5103//5103
f 4593//4593 5334//5334 5125//5125
f 5125//5125 5334//5334 5237//5237
f 4853//4853 5107//5107 4993//4993
f 5127//5127 5241//5241 5126//5126
f 5127//5127 5128//5128 5241//5241
f 7479//7479 5126//5126 5240//5240
f 4993//4993 5129//5129 4853//4853
f 5129//5129 5415//5415 5130//5130
f 5131//5131 5130//5130 5415//5415
f 4613//4613 5130//5130 5131//5131
f 5415//5415 5129//5129 5336//5336
f 4722//4722 5242//5242 4994//4994
f 5132//5132 4995//4995 4997//4997
f 4994//4994 5242//5242 5128//5128
f 4722//4722 4995//4995 5243//5243
f 5243//5243 5242//5242 4722//4722
f 5132//5132 5243//5243 4995//4995
f 5133//5133 5249//5249 5134//5134
f 4854//4854 5244//5244 5133//5133
f 4854//4854 5131//5131 5244//5244
f 5245//5245 5132//5132 4997//4997
f 4996//4996 5135//5135 5246//5246
f 5246//5246 4997//4997 4996//4996
f 5246//5246 5135//5135 5248//5248
f 5246//5246 5245//5245 4997//4997
f 5135//5135 4731//4731 5136//5136
f 5004//5004 5138//5138 5137//5137
f 5005//5005 5139//5139 5004//5004
f 5003//5003 5139//5139 5005//5005
f 5139//5139 5003//5003 5140//5140
f 5139//5139 5138//5138 5004//5004
f 5136//5136 5248//5248 5135//5135
f 5248//5248 5136//5136 5137//5137
f 5137//5137 5138//5138 5248//5248
f 5140//5140 5011//5011 5141//5141
f 5141//5141 5011//5011 5144//5144
f 5138//5138 5139//5139 5251//5251
f 5139//5139 5140//5140 5252//5252
f 5140//5140 5141//5141 5252//5252
f 5143//5143 5142//5142 5254//5254
f 5142//5142 5253//5253 5254//5254
f 5010//5010 5147//5147 5009//5009
f 5147//5147 5010//5010 5146//5146
f 5146//5146 5010//5010 5145//5145
f 5148//5148 5149//5149 5258//5258
f 5145//5145 5148//5148 5258//5258
f 5147//5147 5146//5146 5255//5255
f 5149//5149 5151//5151 5257//5257
f 5014//5014 5524//5524 5150//5150
f 5259//5259 5151//5151 4868//4868
f 5259//5259 5017//5017 5260//5260
f 5347//5347 5019//5019 4871//4871
f 5019//5019 5347//5347 5152//5152
f 5019//5019 5152//5152 5016//5016
f 5017//5017 7480//7480 5260//5260
f 5347//5347 4871//4871 5346//5346
f 5152//5152 5260//5260 5016//5016
f 5020//5020 5033//5033 5345//5345
f 5018//5018 5346//5346 4871//4871
f 5020//5020 5345//5345 5018//5018
f 5033//5033 5350//5350 5345//5345
f 5153//5153 5021//5021 5435//5435
f 5435//5435 5026//5026 5154//5154
f 5027//5027 5155//5155 5154//5154
f 5028//5028 5032//5032 5157//5157
f 5032//5032 5156//5156 5157//5157
f 5037//5037 5162//5162 5158//5158
f 5159//5159 7481//7481 7491//7491
f 4879//4879 5160//5160 5161//5161
f 5158//5158 5162//5162 5650//5650
f 5162//5162 5161//5161 5441//5441
f 4882//4882 5164//5164 5163//5163
f 5441//5441 5161//5161 5160//5160
f 5160//5160 5039//5039 5262//5262
f 5262//5262 5039//5039 5163//5163
f 5262//5262 5163//5163 5164//5164
f 5262//5262 5441//5441 5160//5160
f 5164//5164 4883//4883 5263//5263
f 5167//5167 5165//5165 5041//5041
f 4753//4753 5040//5040 5166//5166
f 5040//5040 5041//5041 5165//5165
f 4753//4753 5166//5166 5444//5444
f 5044//5044 5043//5043 5168//5168
f 5043//5043 5045//5045 5168//5168
f 5168//5168 5045//5045 5169//5169
f 5045//5045 5170//5170 5265//5265
f 5168//5168 5169//5169 5265//5265
f 5169//5169 5045//5045 5265//5265
f 5044//5044 5168//5168 5264//5264
f 5167//5167 5044//5044 5264//5264
f 5264//5264 5168//5168 5267//5267
f 5168//5168 5265//5265 5267//5267
f 4889//4889 5171//5171 5268//5268
f 5268//5268 5046//5046 4889//4889
f 5268//5268 5171//5171 5172//5172
f 5048//5048 5271//5271 5270//5270
f 4746//4746 5153//5153 5173//5173
f 5173//5173 5153//5153 5359//5359
f 5666//5666 5173//5173 5359//5359
f 5049//5049 5175//5175 4899//4899
f 4899//4899 5175//5175 5174//5174
f 5175//5175 5272//5272 5174//5174
f 5272//5272 5054//5054 5174//5174
f 7496//7496 5175//5175 5273//5273
f 5053//5053 5176//5176 5177//5177
f 5178//5178 5360//5360 5176//5176
f 5176//5176 5360//5360 5177//5177
f 4759//4759 5057//5057 4898//4898
f 4759//4759 5179//5179 5057//5057
f 5177//5177 5179//5179 4759//4759
f 5179//5179 5177//5177 7511//7511
f 5059//5059 5179//5179 5182//5182
f 5179//5179 5361//5361 5182//5182
f 4908//4908 4907//4907 5180//5180
f 4907//4907 5364//5364 5180//5180
f 5181//5181 4908//4908 5180//5180
f 5364//5364 5181//5181 5180//5180
f 5054//5054 7496//7496 5176//5176
f 5049//5049 4908//4908 5273//5273
f 5181//5181 5273//5273 4908//4908
f 7496//7496 5178//5178 5176//5176
f 5049//5049 5273//5273 5175//5175
f 5273//5273 5181//5181 5450//5450
f 4911//4911 5182//5182 4909//4909
f 5361//5361 4909//4909 5182//5182
f 7471//7471 5184//5184 5364//5364
f 5183//5183 5061//5061 5063//5063
f 5185//5185 5183//5183 5063//5063
f 5183//5183 5185//5185 5184//5184
f 5064//5064 5185//5185 5065//5065
f 4909//4909 5067//5067 4915//4915
f 5457//5457 5186//5186 5276//5276
f 5186//5186 5457//5457 5367//5367
f 5186//5186 5367//5367 5068//5068
f 5276//5276 5067//5067 4909//4909
f 5190//5190 5068//5068 5277//5277
f 4922//4922 5281//5281 5069//5069
f 5281//5281 5188//5188 5069//5069
f 5069//5069 5188//5188 5187//5187
f 5282//5282 7497//7497 4922//4922
f 5282//5282 4922//4922 5197//5197
f 5187//5187 5189//5189 5064//5064
f 5189//5189 5460//5460 5064//5064
f 5068//5068 5190//5190 7485//7485
f 5190//5190 5191//5191 5072//5072
f 5191//5191 5192//5192 5073//5073
f 5190//5190 5193//5193 5191//5191
f 5191//5191 5195//5195 5192//5192
f 5193//5193 5190//5190 5194//5194
f 5194//5194 5196//5196 5193//5193
f 5196//5196 5191//5191 5193//5193
f 5195//5195 5191//5191 5196//5196
f 5190//5190 5277//5277 5194//5194
f 5194//5194 5277//5277 5196//5196
f 5078//5078 5197//5197 5075//5075
f 5078//5078 5079//5079 5289//5289
f 5287//5287 5289//5289 5079//5079
f 5078//5078 5289//5289 5197//5197
f 5197//5197 5289//5289 5282//5282
f 5283//5283 5187//5187 5188//5188
f 7492//7492 7498//7498 7501//7501
f 5199//5199 5088//5088 5082//5082
f 5285//5285 5199//5199 5082//5082
f 5285//5285 5082//5082 5284//5284
f 5077//5077 5084//5084 5198//5198
f 5286//5286 5077//5077 5198//5198
f 5198//5198 5288//5288 5286//5286
f 5084//5084 5376//5376 5198//5198
f 5376//5376 5288//5288 5198//5198
f 5285//5285 5290//5290 5199//5199
f 5200//5200 5295//5295 5291//5291
f 5290//5290 5092//5092 5199//5199
f 5202//5202 5092//5092 5290//5290
f 5091//5091 7488//7488 7493//7493
f 5293//5293 4947//4947 5091//5091
f 7493//7493 5292//5292 5091//5091
f 5093//5093 4813//4813 5207//5207
f 4814//4814 5207//5207 4813//4813
f 5200//5200 5093//5093 5295//5295
f 5207//5207 5295//5295 5093//5093
f 4956//4956 5296//5296 5208//5208
f 4956//4956 5204//5204 5296//5296
f 4954//4954 5206//5206 5300//5300
f 5300//5300 5206//5206 5219//5219
f 4814//4814 5205//5205 5207//5207
f 5208//5208 5301//5301 4957//4957
f 5208//5208 5302//5302 5301//5301
f 5321//5321 5108//5108 5381//5381
f 4831//4831 5110//5110 5303//5303
f 5110//5110 5382//5382 5303//5303
f 5098//5098 4967//4967 5303//5303
f 4831//4831 5303//5303 4967//4967
f 4968//4968 5098//5098 5209//5209
f 5209//5209 5098//5098 5304//5304
f 5098//5098 5303//5303 5304//5304
f 4962//4962 5099//5099 5210//5210
f 4962//4962 5210//5210 5211//5211
f 5213//5213 5101//5101 5214//5214
f 5212//5212 5214//5214 5101//5101
f 5305//5305 4974//4974 5213//5213
f 5213//5213 5214//5214 5307//5307
f 5305//5305 5215//5215 4974//4974
f 5305//5305 5213//5213 5307//5307
f 5216//5216 5218//5218 5217//5217
f 5306//5306 5218//5218 5216//5216
f 5306//5306 5216//5216 5215//5215
f 5217//5217 5218//5218 5310//5310
f 5224//5224 5397//5397 5223//5223
f 5397//5397 5224//5224 7504//7504
f 5219//5219 5400//5400 5300//5300
f 5325//5325 4991//4991 4992//4992
f 7479//7479 5240//5240 5325//5325
f 5109//5109 5325//5325 5222//5222
f 5109//5109 5222//5222 5221//5221
f 7504//7504 5119//5119 7494//7494
f 7504//7504 5224//5224 5119//5119
f 5120//5120 5225//5225 5116//5116
f 5120//5120 5121//5121 5223//5223
f 5223//5223 5119//5119 5224//5224
f 5226//5226 5225//5225 5120//5120
f 5116//5116 5225//5225 5228//5228
f 5226//5226 5229//5229 5225//5225
f 5120//5120 5223//5223 5226//5226
f 5226//5226 5223//5223 5229//5229
f 5397//5397 5311//5311 5223//5223
f 5223//5223 5327//5327 7495//7495
f 5231//5231 5122//5122 5227//5227
f 5328//5328 5228//5228 5225//5225
f 5229//5229 5328//5328 5225//5225
f 5327//5327 5481//5481 7495//7495
f 5230//5230 5233//5233 5122//5122
f 5122//5122 5233//5233 4986//4986
f 5231//5231 5232//5232 5122//5122
f 5122//5122 5232//5232 5230//5230
f 5234//5234 5230//5230 5232//5232
f 5231//5231 5329//5329 5232//5232
f 5329//5329 5234//5234 5232//5232
f 5329//5329 5228//5228 5328//5328
f 5228//5228 5329//5329 5231//5231
f 5236//5236 4986//4986 5233//5233
f 5329//5329 5331//5331 5234//5234
f 5230//5230 5234//5234 5235//5235
f 5235//5235 5233//5233 5230//5230
f 5331//5331 5235//5235 5234//5234
f 5236//5236 5334//5334 5124//5124
f 5330//5330 5333//5333 5236//5236
f 5236//5236 5333//5333 5334//5334
f 5104//5104 5103//5103 5238//5238
f 5237//5237 5238//5238 5103//5103
f 5334//5334 5335//5335 5237//5237
f 5335//5335 5238//5238 5237//5237
f 5335//5335 5239//5239 5238//5238
f 5241//5241 5240//5240 5126//5126
f 5128//5128 5242//5242 5241//5241
f 5242//5242 5594//5594 5241//5241
f 5242//5242 5243//5243 5418//5418
f 5133//5133 5244//5244 5249//5249
f 5249//5249 5244//5244 5733//5733
f 5246//5246 5248//5248 5247//5247
f 5001//5001 5249//5249 5340//5340
f 5250//5250 5001//5001 5340//5340
f 5251//5251 5139//5139 5252//5252
f 5248//5248 5138//5138 5251//5251
f 5419//5419 5251//5251 5252//5252
f 5341//5341 5144//5144 5147//5147
f 5147//5147 5255//5255 5423//5423
f 5144//5144 5341//5341 5141//5141
f 5423//5423 5341//5341 5147//5147
f 5423//5423 5255//5255 5256//5256
f 5256//5256 5146//5146 5145//5145
f 5256//5256 5145//5145 5258//5258
f 5255//5255 5146//5146 5256//5256
f 5149//5149 5257//5257 5258//5258
f 5257//5257 5151//5151 5424//5424
f 5424//5424 5151//5151 5425//5425
f 5150//5150 5431//5431 5348//5348
f 5346//5346 5018//5018 5345//5345
f 5260//5260 5344//5344 5259//5259
f 5345//5345 5527//5527 5346//5346
f 5029//5029 5157//5157 5776//5776
f 5155//5155 5029//5029 5534//5534
f 5155//5155 5534//5534 5154//5154
f 5157//5157 5156//5156 5261//5261
f 5156//5156 5349//5349 5261//5261
f 7482//7482 5159//5159 5439//5439
f 5439//5439 5159//5159 5438//5438
f 5350//5350 5033//5033 5035//5035
f 5159//5159 7491//7491 5438//5438
f 5352//5352 5438//5438 7491//7491
f 5262//5262 5164//5164 5263//5263
f 5262//5262 5263//5263 5441//5441
f 5444//5444 5263//5263 4753//4753
f 5264//5264 5267//5267 5266//5266
f 5264//5264 5266//5266 5167//5167
f 5354//5354 5266//5266 5267//5267
f 5265//5265 5170//5170 5357//5357
f 5354//5354 5267//5267 5357//5357
f 5267//5267 5265//5265 5357//5357
f 5172//5172 5269//5269 5268//5268
f 5268//5268 5665//5665 5357//5357
f 5046//5046 5268//5268 5357//5357
f 5271//5271 5173//5173 5358//5358
f 5173//5173 5666//5666 5448//5448
f 5435//5435 5359//5359 5153//5153
f 5178//5178 7496//7496 5273//5273
f 5178//5178 5273//5273 5274//5274
f 5178//5178 5274//5274 5360//5360
f 5273//5273 7511//7511 5274//5274
f 5276//5276 4909//4909 5361//5361
f 5184//5184 5365//5365 5364//5364
f 5184//5184 5275//5275 7512//7512
f 5185//5185 5275//5275 5184//5184
f 5185//5185 5279//5279 5370//5370
f 5068//5068 5367//5367 5277//5277
f 5277//5277 5366//5366 5371//5371
f 5185//5185 5064//5064 5278//5278
f 5064//5064 5460//5460 5278//5278
f 5185//5185 5278//5278 5279//5279
f 5278//5278 5368//5368 5279//5279
f 5284//5284 5195//5195 5196//5196
f 5280//5280 5284//5284 5196//5196
f 5277//5277 5371//5371 5196//5196
f 5371//5371 5280//5280 5196//5196
f 7499//7499 7500//7500 7502//7502
f 5189//5189 5187//5187 5372//5372
f 5282//5282 5289//5289 5462//5462
f 5283//5283 5374//5374 5187//5187
f 7500//7500 7530//7530 7502//7502
f 7530//7530 7514//7514 7502//7502
f 5286//5286 5288//5288 5373//5373
f 5286//5286 5373//5373 5287//5287
f 5287//5287 5373//5373 5289//5289
f 5292//5292 5202//5202 5290//5290
f 5375//5375 5292//5292 5290//5290
f 5379//5379 5292//5292 5375//5375
f 5291//5291 5377//5377 5201//5201
f 5201//5201 5377//5377 5376//5376
f 5377//5377 5689//5689 5376//5376
f 7478//7478 5293//5293 5294//5294
f 5297//5297 5203//5203 5294//5294
f 5293//5293 5091//5091 5292//5292
f 5292//5292 5379//5379 5293//5293
f 5299//5299 5204//5204 5297//5297
f 5299//5299 5296//5296 5204//5204
f 5208//5208 5296//5296 5298//5298
f 7503//7503 5208//5208 5298//5298
f 5294//5294 5299//5299 5297//5297
f 5299//5299 5298//5298 5296//5296
f 5299//5299 5473//5473 5298//5298
f 5205//5205 5300//5300 5207//5207
f 5300//5300 5400//5400 5708//5708
f 5380//5380 5207//5207 5300//5300
f 5381//5381 5108//5108 7490//7490
f 4957//4957 5301//5301 5097//5097
f 5385//5385 5382//5382 5404//5404
f 5382//5382 5383//5383 5303//5303
f 5386//5386 5304//5304 5303//5303
f 5210//5210 5209//5209 5387//5387
f 5387//5387 5211//5211 5210//5210
f 5304//5304 5387//5387 5209//5209
f 5212//5212 5307//5307 5214//5214
f 5212//5212 5476//5476 5307//5307
f 5218//5218 5306//5306 5308//5308
f 5305//5305 5306//5306 5215//5215
f 5307//5307 5306//5306 5305//5305
f 5307//5307 5309//5309 5306//5306
f 5308//5308 5306//5306 5309//5309
f 5218//5218 5308//5308 5393//5393
f 5308//5308 5309//5309 5393//5393
f 5310//5310 5218//5218 5313//5313
f 5313//5313 5312//5312 5310//5310
f 5314//5314 7504//7504 7505//7505
f 7508//7508 5315//5315 7506//7506
f 5218//5218 5394//5394 7508//7508
f 7508//7508 5394//5394 5315//5315
f 5314//5314 7505//7505 5316//5316
f 5316//5316 7507//7507 7509//7509
f 5317//5317 7504//7504 5314//5314
f 7504//7504 5317//5317 5397//5397
f 7509//7509 5318//5318 5316//5316
f 5318//5318 5319//5319 5316//5316
f 5319//5319 5320//5320 5316//5316
f 5317//5317 5314//5314 5316//5316
f 5316//5316 5320//5320 5317//5317
f 5318//5318 5389//5389 5319//5319
f 5320//5320 5319//5319 5390//5390
f 5390//5390 5319//5319 5389//5389
f 5390//5390 5398//5398 5320//5320
f 7510//7510 5391//5391 7516//7516
f 7510//7510 5315//5315 5391//5391
f 5481//5481 5311//5311 5397//5397
f 4954//4954 5399//5399 5219//5219
f 4954//4954 5409//5409 5399//5399
f 5107//5107 5322//5322 5323//5323
f 5324//5324 5323//5323 5322//5322
f 5324//5324 5322//5322 5321//5321
f 5323//5323 5324//5324 5484//5484
f 5221//5221 5222//5222 5580//5580
f 5222//5222 5325//5325 5697//5697
f 5325//5325 5485//5485 5697//5697
f 5404//5404 5382//5382 5110//5110
f 5221//5221 5580//5580 5326//5326
f 5580//5580 5222//5222 5697//5697
f 5327//5327 5223//5223 5311//5311
f 5327//5327 5311//5311 5481//5481
f 5405//5405 5328//5328 5229//5229
f 5329//5329 5328//5328 5405//5405
f 5481//5481 5405//5405 5229//5229
f 5405//5405 5481//5481 5487//5487
f 5329//5329 5405//5405 5331//5331
f 5236//5236 5233//5233 5330//5330
f 5235//5235 5332//5332 5233//5233
f 5233//5233 5332//5332 5330//5330
f 5407//5407 5235//5235 5331//5331
f 5235//5235 5407//5407 5332//5332
f 5332//5332 5406//5406 5330//5330
f 5333//5333 5330//5330 5408//5408
f 5407//5407 5406//5406 5332//5332
f 5408//5408 5334//5334 5333//5333
f 7522//7522 5106//5106 5411//5411
f 5106//5106 5239//5239 5410//5410
f 5411//5411 5106//5106 5410//5410
f 5337//5337 5336//5336 4993//4993
f 5337//5337 5107//5107 5323//5323
f 4993//4993 5107//5107 5337//5337
f 5323//5323 5484//5484 5337//5337
f 5242//5242 5418//5418 5414//5414
f 5594//5594 5242//5242 5414//5414
f 5504//5504 5244//5244 5131//5131
f 5418//5418 5243//5243 5338//5338
f 5132//5132 5245//5245 5338//5338
f 5132//5132 5338//5338 5243//5243
f 5246//5246 5416//5416 5245//5245
f 5245//5245 5416//5416 5338//5338
f 5416//5416 5246//5246 5339//5339
f 5247//5247 5339//5339 5246//5246
f 5339//5339 5247//5247 5248//5248
f 5339//5339 5248//5248 5251//5251
f 5420//5420 5251//5251 5419//5419
f 5250//5250 5340//5340 5253//5253
f 5252//5252 5141//5141 5341//5341
f 5419//5419 5252//5252 5342//5342
f 5252//5252 5341//5341 5343//5343
f 5252//5252 5343//5343 5342//5342
f 5423//5423 5256//5256 5422//5422
f 5343//5343 5341//5341 5423//5423
f 5254//5254 5253//5253 5627//5627
f 5424//5424 5426//5426 5258//5258
f 5257//5257 5424//5424 5258//5258
f 5426//5426 5422//5422 5256//5256
f 5258//5258 5426//5426 5256//5256
f 5344//5344 5260//5260 5427//5427
f 5260//5260 5152//5152 5427//5427
f 5428//5428 5344//5344 5427//5427
f 5344//5344 5428//5428 5259//5259
f 5430//5430 5427//5427 5152//5152
f 5348//5348 5431//5431 5523//5523
f 5152//5152 5347//5347 5430//5430
f 5528//5528 5346//5346 5527//5527
f 5430//5430 5347//5347 5433//5433
f 5347//5347 5346//5346 5528//5528
f 5345//5345 5350//5350 5434//5434
f 5261//5261 5349//5349 5436//5436
f 5261//5261 5436//5436 5157//5157
f 5350//5350 5035//5035 5351//5351
f 5439//5439 5351//5351 7482//7482
f 5536//5536 5158//5158 5650//5650
f 5352//5352 7491//7491 5536//5536
f 5352//5352 5536//5536 5438//5438
f 5263//5263 5442//5442 5441//5441
f 5444//5444 5442//5442 5263//5263
f 5444//5444 5166//5166 5443//5443
f 5353//5353 5040//5040 5165//5165
f 5166//5166 5040//5040 5443//5443
f 5443//5443 5040//5040 5353//5353
f 5167//5167 5266//5266 5354//5354
f 5356//5356 5167//5167 5354//5354
f 5355//5355 5165//5165 5167//5167
f 5355//5355 5167//5167 5356//5356
f 5445//5445 5165//5165 5355//5355
f 5445//5445 5353//5353 5165//5165
f 5358//5358 5447//5447 5270//5270
f 5271//5271 5358//5358 5270//5270
f 5173//5173 5448//5448 5358//5358
f 5358//5358 5448//5448 5870//5870
f 5449//5449 5179//5179 7511//7511
f 5273//5273 5449//5449 7511//7511
f 5273//5273 7524//7524 5449//5449
f 5361//5361 5179//5179 5454//5454
f 7529//7529 5453//5453 5361//5361
f 5453//5453 5276//5276 5361//5361
f 5275//5275 5185//5185 5363//5363
f 7512//7512 5275//5275 5362//5362
f 5363//5363 5362//5362 5275//5275
f 5185//5185 5546//5546 5363//5363
f 5185//5185 5370//5370 5546//5546
f 5364//5364 5451//5451 5181//5181
f 5277//5277 5367//5367 5366//5366
f 5674//5674 5367//5367 5457//5457
f 5674//5674 5366//5366 5367//5367
f 5458//5458 5371//5371 5366//5366
f 5455//5455 5276//5276 5453//5453
f 5369//5369 5278//5278 5460//5460
f 5368//5368 5370//5370 5279//5279
f 5368//5368 5278//5278 5369//5369
f 5369//5369 5460//5460 5555//5555
f 5371//5371 5458//5458 5280//5280
f 5284//5284 5280//5280 5458//5458
f 5462//5462 5289//5289 5467//5467
f 5289//5289 5373//5373 5467//5467
f 5288//5288 5378//5378 5373//5373
f 5187//5187 5374//5374 7513//7513
f 7514//7514 7530//7530 5463//5463
f 5374//5374 7531//7531 7513//7513
f 7513//7513 7531//7531 5461//5461
f 5290//5290 5285//5285 5468//5468
f 5468//5468 5375//5375 5290//5290
f 5288//5288 5376//5376 5378//5378
f 5689//5689 5378//5378 5376//5376
f 5577//5577 5689//5689 5377//5377
f 5291//5291 5577//5577 5377//5377
f 5295//5295 5577//5577 5291//5291
f 5298//5298 5473//5473 7503//7503
f 5299//5299 5294//5294 5473//5473
f 5482//5482 5300//5300 5708//5708
f 5482//5482 5474//5474 5300//5300
f 5300//5300 5474//5474 5380//5380
f 5301//5301 7515//7515 5097//5097
f 7515//7515 5301//5301 5579//5579
f 5301//5301 5302//5302 5579//5579
f 5326//5326 5580//5580 5698//5698
f 5386//5386 5303//5303 5383//5383
f 5385//5385 5384//5384 5382//5382
f 5382//5382 5384//5384 5383//5383
f 5385//5385 5404//5404 5698//5698
f 5385//5385 5582//5582 5384//5384
f 5698//5698 5582//5582 5385//5385
f 5384//5384 5582//5582 5383//5383
f 5386//5386 5383//5383 5582//5582
f 5581//5581 5304//5304 5386//5386
f 5583//5583 5211//5211 5387//5387
f 5211//5211 5476//5476 5212//5212
f 5211//5211 5388//5388 5476//5476
f 5211//5211 5583//5583 5388//5388
f 5586//5586 5309//5309 5307//5307
f 5476//5476 5584//5584 5307//5307
f 5586//5586 5393//5393 5309//5309
f 7516//7516 5391//5391 5392//5392
f 5391//5391 5315//5315 5392//5392
f 5317//5317 5320//5320 5395//5395
f 5395//5395 5397//5397 5317//5317
f 7516//7516 5392//5392 5396//5396
f 7517//7517 7519//7519 7518//7518
f 7518//7518 7519//7519 5398//5398
f 5315//5315 5394//5394 5392//5392
f 5396//5396 5392//5392 5394//5394
f 5218//5218 5393//5393 5394//5394
f 5395//5395 5320//5320 5398//5398
f 5398//5398 5397//5397 5395//5395
f 5396//5396 5394//5394 5480//5480
f 5398//5398 7519//7519 7533//7533
f 5409//5409 5401//5401 5399//5399
f 5219//5219 5402//5402 5400//5400
f 5219//5219 5399//5399 5402//5402
f 5400//5400 5402//5402 5403//5403
f 5401//5401 5402//5402 5399//5399
f 5708//5708 7520//7520 5483//5483
f 7521//7521 5483//5483 7520//7520
f 5324//5324 5321//5321 5484//5484
f 5240//5240 5485//5485 5325//5325
f 5241//5241 5485//5485 5240//5240
f 5241//5241 5594//5594 5485//5485
f 5404//5404 5326//5326 5698//5698
f 5598//5598 5331//5331 5405//5405
f 5405//5405 5719//5719 5598//5598
f 5407//5407 5331//5331 5486//5486
f 5406//5406 5408//5408 5330//5330
f 5331//5331 5598//5598 5486//5486
f 5486//5486 5494//5494 5407//5407
f 5406//5406 5495//5495 5408//5408
f 5495//5495 5334//5334 5408//5408
f 5495//5495 5406//5406 5407//5407
f 5495//5495 5407//5407 5494//5494
f 5498//5498 5335//5335 5334//5334
f 5335//5335 5499//5499 5239//5239
f 5239//5239 5499//5499 5410//5410
f 5412//5412 7522//7522 5411//5411
f 5409//5409 5413//5413 5401//5401
f 5410//5410 5499//5499 5501//5501
f 5410//5410 5501//5501 5503//5503
f 5410//5410 5503//5503 5411//5411
f 5412//5412 5413//5413 7522//7522
f 5412//5412 5411//5411 5488//5488
f 5411//5411 5503//5503 5488//5488
f 5336//5336 5492//5492 5415//5415
f 5493//5493 5336//5336 5337//5337
f 5336//5336 5493//5493 5492//5492
f 5496//5496 5498//5498 5334//5334
f 5335//5335 5500//5500 5499//5499
f 5415//5415 5505//5505 5131//5131
f 5415//5415 5492//5492 5505//5505
f 5416//5416 5417//5417 5338//5338
f 5338//5338 5417//5417 5418//5418
f 5339//5339 5506//5506 5416//5416
f 5244//5244 5613//5613 5733//5733
f 5420//5420 5421//5421 5251//5251
f 5421//5421 5339//5339 5251//5251
f 5419//5419 5511//5511 5420//5420
f 5420//5420 5510//5510 5421//5421
f 5510//5510 5420//5420 5511//5511
f 5511//5511 5419//5419 5342//5342
f 5342//5342 5343//5343 5509//5509
f 5509//5509 5343//5343 5423//5423
f 5509//5509 5423//5423 5515//5515
f 5423//5423 5422//5422 5513//5513
f 5621//5621 5426//5426 5424//5424
f 5422//5422 5426//5426 5621//5621
f 5524//5524 5254//5254 5627//5627
f 5151//5151 5519//5519 5425//5425
f 5424//5424 5425//5425 5517//5517
f 5517//5517 5425//5425 5519//5519
f 5519//5519 5151//5151 5428//5428
f 5428//5428 5151//5151 5259//5259
f 5428//5428 5427//5427 5429//5429
f 5427//5427 5430//5430 5522//5522
f 5427//5427 5522//5522 5429//5429
f 5428//5428 5429//5429 5522//5522
f 5430//5430 5521//5521 5522//5522
f 5430//5430 5433//5433 5521//5521
f 5150//5150 5432//5432 5431//5431
f 5431//5431 5432//5432 5523//5523
f 5524//5524 5432//5432 5150//5150
f 5433//5433 5347//5347 5528//5528
f 5434//5434 5527//5527 5345//5345
f 5350//5350 5437//5437 5434//5434
f 5525//5525 5434//5434 5437//5437
f 5154//5154 5534//5534 5435//5435
f 5774//5774 5157//5157 5436//5436
f 5776//5776 5157//5157 5774//5774
f 5348//5348 5523//5523 5648//5648
f 5348//5348 5648//5648 5349//5349
f 5350//5350 5351//5351 5437//5437
f 5535//5535 5437//5437 5351//5351
f 5635//5635 5437//5437 5535//5535
f 5635//5635 5535//5535 5642//5642
f 5439//5439 5438//5438 5440//5440
f 5438//5438 5536//5536 5440//5440
f 5535//5535 5351//5351 5439//5439
f 5537//5537 5440//5440 5536//5536
f 5535//5535 5439//5439 5440//5440
f 5535//5535 5440//5440 5530//5530
f 5441//5441 5442//5442 5541//5541
f 5444//5444 5541//5541 5442//5442
f 5660//5660 5444//5444 5443//5443
f 5443//5443 5353//5353 5662//5662
f 5353//5353 5445//5445 5662//5662
f 5354//5354 5446//5446 5356//5356
f 5355//5355 5356//5356 5446//5446
f 5357//5357 5664//5664 5354//5354
f 5357//5357 5665//5665 5664//5664
f 5269//5269 5787//5787 5268//5268
f 5665//5665 5268//5268 5787//5787
f 5269//5269 5270//5270 5788//5788
f 5270//5270 5789//5789 5788//5788
f 5447//5447 5358//5358 5870//5870
f 5450//5450 5181//5181 7526//7526
f 5449//5449 5454//5454 5179//5179
f 7523//7523 7525//7525 5452//5452
f 7527//7527 5454//5454 5449//5449
f 7526//7526 7528//7528 5450//5450
f 5453//5453 7529//7529 5455//5455
f 5363//5363 5546//5546 5671//5671
f 5363//5363 5671//5671 5362//5362
f 5546//5546 5370//5370 5550//5550
f 5674//5674 5458//5458 5366//5366
f 5276//5276 5456//5456 5457//5457
f 5276//5276 5455//5455 5456//5456
f 5456//5456 5455//5455 5794//5794
f 5794//5794 5455//5455 7529//7529
f 5456//5456 5794//5794 5548//5548
f 5548//5548 5457//5457 5456//5456
f 5551//5551 5368//5368 5369//5369
f 5370//5370 5368//5368 5549//5549
f 5458//5458 5674//5674 5675//5675
f 5458//5458 5459//5459 5284//5284
f 5285//5285 5284//5284 5459//5459
f 5459//5459 5458//5458 5881//5881
f 5569//5569 5459//5459 5881//5881
f 5189//5189 5372//5372 5461//5461
f 5552//5552 5460//5460 5189//5189
f 5461//5461 5553//5553 5189//5189
f 5460//5460 5552//5552 7538//7538
f 5553//5553 7535//7535 5189//5189
f 5369//5369 5555//5555 5554//5554
f 5285//5285 5569//5569 5468//5468
f 5285//5285 5459//5459 5569//5569
f 7530//7530 5464//5464 5463//5463
f 5470//5470 5373//5373 5378//5378
f 5463//5463 5464//5464 5466//5466
f 7531//7531 7532//7532 5461//5461
f 5462//5462 5467//5467 5464//5464
f 5464//5464 5467//5467 5466//5466
f 5373//5373 5465//5465 5467//5467
f 5467//5467 5465//5465 5563//5563
f 5470//5470 5465//5465 5373//5373
f 5465//5465 5470//5470 5572//5572
f 5468//5468 5469//5469 5375//5375
f 5379//5379 5567//5567 5293//5293
f 5568//5568 5293//5293 5567//5567
f 5294//5294 5293//5293 5472//5472
f 5472//5472 5293//5293 5471//5471
f 5568//5568 5471//5471 5293//5293
f 5568//5568 5574//5574 5471//5471
f 5472//5472 5471//5471 5574//5574
f 5294//5294 5472//5472 5573//5573
f 5473//5473 5294//5294 5573//5573
f 5573//5573 5575//5575 5473//5473
f 5473//5473 5575//5575 5686//5686
f 5686//5686 5576//5576 5473//5473
f 5482//5482 5592//5592 5474//5474
f 5295//5295 5207//5207 5578//5578
f 5380//5380 5475//5475 5207//5207
f 5207//5207 5475//5475 5578//5578
f 5380//5380 5474//5474 5475//5475
f 5474//5474 5592//5592 5475//5475
f 5577//5577 5295//5295 5578//5578
f 5475//5475 5592//5592 5578//5578
f 5381//5381 7541//7541 5693//5693
f 5693//5693 5321//5321 5381//5381
f 7503//7503 5473//5473 5576//5576
f 5302//5302 5576//5576 5579//5579
f 5581//5581 5386//5386 5582//5582
f 5581//5581 5583//5583 5304//5304
f 5304//5304 5583//5583 5387//5387
f 5583//5583 5477//5477 5388//5388
f 5388//5388 5478//5478 5476//5476
f 5476//5476 5478//5478 5584//5584
f 5477//5477 5478//5478 5388//5388
f 5307//5307 5584//5584 5586//5586
f 5394//5394 5393//5393 7533//7533
f 5398//5398 5479//5479 5397//5397
f 5397//5397 5479//5479 5481//5481
f 5479//5479 5398//5398 5588//5588
f 5481//5481 5479//5479 5588//5588
f 7533//7533 5588//5588 5398//5398
f 5487//5487 5481//5481 5589//5589
f 5589//5589 5719//5719 5487//5487
f 5482//5482 5708//5708 5592//5592
f 5484//5484 5321//5321 5593//5593
f 5594//5594 5595//5595 5485//5485
f 5697//5697 5485//5485 5596//5596
f 5405//5405 5487//5487 5719//5719
f 5494//5494 5486//5486 5598//5598
f 5488//5488 5489//5489 5412//5412
f 5490//5490 5413//5413 5412//5412
f 5490//5490 5412//5412 5489//5489
f 5401//5401 5599//5599 5491//5491
f 5401//5401 5413//5413 5599//5599
f 5599//5599 5600//5600 5491//5491
f 5493//5493 5337//5337 5603//5603
f 5337//5337 5484//5484 5603//5603
f 5493//5493 5603//5603 5829//5829
f 5492//5492 5493//5493 5829//5829
f 5495//5495 5496//5496 5334//5334
f 5494//5494 5604//5604 5495//5495
f 5598//5598 5604//5604 5494//5494
f 5604//5604 5497//5497 5495//5495
f 5495//5495 5497//5497 5496//5496
f 5335//5335 5498//5498 5500//5500
f 5496//5496 5606//5606 5498//5498
f 5606//5606 5500//5500 5498//5498
f 5605//5605 5606//5606 5496//5496
f 5502//5502 5501//5501 5499//5499
f 5500//5500 5502//5502 5499//5499
f 5502//5502 5836//5836 5501//5501
f 5502//5502 5835//5835 5836//5836
f 5836//5836 5503//5503 5501//5501
f 5131//5131 5505//5505 5504//5504
f 5244//5244 5504//5504 5613//5613
f 5828//5828 5505//5505 5492//5492
f 5417//5417 5506//5506 5418//5418
f 5418//5418 5506//5506 5414//5414
f 5506//5506 5417//5417 5416//5416
f 5506//5506 5339//5339 5507//5507
f 5339//5339 5421//5421 5507//5507
f 5510//5510 5508//5508 5421//5421
f 5421//5421 5508//5508 5507//5507
f 5508//5508 5510//5510 5615//5615
f 5506//5506 5507//5507 5839//5839
f 5342//5342 5512//5512 5511//5511
f 5509//5509 5512//5512 5342//5342
f 5510//5510 5511//5511 5615//5615
f 5509//5509 5616//5616 5512//5512
f 5509//5509 5515//5515 5616//5616
f 5511//5511 5512//5512 5615//5615
f 5737//5737 5340//5340 5249//5249
f 5621//5621 5424//5424 5517//5517
f 5514//5514 5513//5513 5422//5422
f 5515//5515 5423//5423 5513//5513
f 5513//5513 5514//5514 5515//5515
f 5514//5514 5516//5516 5515//5515
f 5517//5517 5519//5519 5520//5520
f 5520//5520 5518//5518 5517//5517
f 5340//5340 5627//5627 5253//5253
f 5628//5628 5428//5428 5522//5522
f 5519//5519 5428//5428 5628//5628
f 5755//5755 5522//5522 5632//5632
f 5521//5521 5433//5433 5528//5528
f 5521//5521 5528//5528 5631//5631
f 5523//5523 5432//5432 5763//5763
f 5763//5763 5432//5432 5524//5524
f 5525//5525 5526//5526 5434//5434
f 5531//5531 5525//5525 5437//5437
f 5532//5532 5525//5525 5531//5531
f 5638//5638 5527//5527 5434//5434
f 5528//5528 5527//5527 5529//5529
f 5525//5525 5532//5532 5526//5526
f 5437//5437 5635//5635 5531//5531
f 5532//5532 5531//5531 5637//5637
f 5531//5531 5635//5635 5637//5637
f 5537//5537 5640//5640 5440//5440
f 5530//5530 5440//5440 5646//5646
f 5646//5646 5440//5440 5640//5640
f 5435//5435 5534//5534 5533//5533
f 5349//5349 5648//5648 5649//5649
f 5349//5349 5649//5649 5436//5436
f 5539//5539 5162//5162 5441//5441
f 5536//5536 5650//5650 5538//5538
f 5537//5537 5536//5536 5538//5538
f 5540//5540 5441//5441 5542//5542
f 5441//5441 5541//5541 5542//5542
f 5540//5540 5539//5539 5441//5441
f 5653//5653 5540//5540 5542//5542
f 5162//5162 5539//5539 5650//5650
f 5654//5654 5540//5540 5653//5653
f 5541//5541 5444//5444 5655//5655
f 5542//5542 5541//5541 5657//5657
f 5445//5445 5355//5355 5662//5662
f 5443//5443 5662//5662 5659//5659
f 5660//5660 5443//5443 5659//5659
f 5355//5355 5446//5446 5663//5663
f 5446//5446 5354//5354 5664//5664
f 5788//5788 5543//5543 5269//5269
f 5269//5269 5543//5543 5787//5787
f 5543//5543 5788//5788 5787//5787
f 5270//5270 5447//5447 5789//5789
f 5448//5448 5666//5666 5870//5870
f 5666//5666 5359//5359 5435//5435
f 5435//5435 5533//5533 5666//5666
f 5666//5666 5533//5533 5534//5534
f 7527//7527 5545//5545 5454//5454
f 5451//5451 5364//5364 5544//5544
f 7526//7526 5544//5544 7528//7528
f 5544//5544 5364//5364 5667//5667
f 7527//7527 5668//5668 5545//5545
f 5545//5545 7546//7546 5454//5454
f 5793//5793 5454//5454 7546//7546
f 5365//5365 5547//5547 5364//5364
f 5362//5362 5669//5669 7512//7512
f 5362//5362 5671//5671 5669//5669
f 5546//5546 5805//5805 5671//5671
f 5364//5364 5547//5547 5667//5667
f 5365//5365 5669//5669 5547//5547
f 5457//5457 5548//5548 5674//5674
f 5368//5368 7534//7534 5549//5549
f 5551//5551 5369//5369 5556//5556
f 5370//5370 5549//5549 5550//5550
f 5551//5551 5556//5556 5806//5806
f 5550//5550 5673//5673 5546//5546
f 5549//5549 7534//7534 5550//5550
f 5550//5550 7534//7534 5673//5673
f 5881//5881 5458//5458 5675//5675
f 7535//7535 5553//5553 5557//5557
f 7537//7537 5556//5556 5369//5369
f 5558//5558 7537//7537 7539//7539
f 7537//7537 5558//5558 5556//5556
f 5558//5558 7539//7539 5560//5560
f 7536//7536 7540//7540 5559//5559
f 7536//7536 5559//5559 7539//7539
f 5560//5560 7539//7539 5559//5559
f 5561//5561 5560//5560 5559//5559
f 5561//5561 5559//5559 7540//7540
f 5558//5558 5560//5560 5562//5562
f 5561//5561 5562//5562 5560//5560
f 5557//5557 5562//5562 5561//5561
f 5557//5557 5553//5553 5565//5565
f 5565//5565 5676//5676 5557//5557
f 5807//5807 5806//5806 5556//5556
f 5465//5465 5572//5572 5563//5563
f 5467//5467 5564//5564 5466//5466
f 5683//5683 5467//5467 5563//5563
f 5683//5683 5564//5564 5467//5467
f 5466//5466 5564//5564 5678//5678
f 5564//5564 5683//5683 5678//5678
f 5683//5683 5563//5563 5572//5572
f 5461//5461 5565//5565 5553//5553
f 7532//7532 5678//5678 5461//5461
f 5375//5375 5469//5469 5566//5566
f 5375//5375 5566//5566 5379//5379
f 5680//5680 5566//5566 5469//5469
f 5469//5469 5569//5569 5680//5680
f 5469//5469 5468//5468 5569//5569
f 5567//5567 5379//5379 5566//5566
f 5570//5570 5567//5567 5566//5566
f 5567//5567 5570//5570 5568//5568
f 5566//5566 5680//5680 5681//5681
f 5570//5570 5566//5566 5681//5681
f 5571//5571 5568//5568 5570//5570
f 5682//5682 5570//5570 5681//5681
f 5571//5571 5570//5570 5682//5682
f 5470//5470 5378//5378 5689//5689
f 5470//5470 5684//5684 5572//5572
f 5689//5689 5684//5684 5470//5470
f 5684//5684 5683//5683 5572//5572
f 5573//5573 5472//5472 5574//5574
f 5571//5571 5574//5574 5568//5568
f 5571//5571 5682//5682 5574//5574
f 5690//5690 5576//5576 5686//5686
f 5691//5691 5692//5692 5583//5583
f 5592//5592 5820//5820 5578//5578
f 5321//5321 5693//5693 5593//5593
f 5583//5583 5581//5581 5691//5691
f 5583//5583 5986//5986 5477//5477
f 5583//5583 5692//5692 5700//5700
f 5478//5478 5477//5477 5701//5701
f 5701//5701 5585//5585 5478//5478
f 5584//5584 5478//5478 5585//5585
f 5584//5584 5585//5585 5704//5704
f 7533//7533 5393//5393 5586//5586
f 5584//5584 5704//5704 5586//5586
f 5586//5586 5587//5587 7533//7533
f 5587//5587 5706//5706 7533//7533
f 7533//7533 5706//5706 5588//5588
f 5586//5586 5703//5703 5587//5587
f 5703//5703 5706//5706 5587//5587
f 5586//5586 5704//5704 5703//5703
f 5590//5590 5589//5589 5481//5481
f 5591//5591 5483//5483 7521//7521
f 5722//5722 5483//5483 5591//5591
f 5402//5402 5591//5591 5403//5403
f 5483//5483 5722//5722 5708//5708
f 5484//5484 5593//5593 5603//5603
f 5596//5596 5485//5485 5597//5597
f 5485//5485 5595//5595 5597//5597
f 5595//5595 5594//5594 5597//5597
f 5596//5596 5597//5597 5712//5712
f 5597//5597 5594//5594 5712//5712
f 5594//5594 5709//5709 5712//5712
f 5596//5596 5716//5716 5697//5697
f 5596//5596 5710//5710 5716//5716
f 5490//5490 5601//5601 5599//5599
f 5490//5490 5599//5599 5413//5413
f 5489//5489 5601//5601 5490//5490
f 5601//5601 5489//5489 5488//5488
f 5401//5401 5491//5491 5720//5720
f 5600//5600 5720//5720 5491//5491
f 5599//5599 5601//5601 5600//5600
f 5402//5402 5602//5602 5591//5591
f 5601//5601 5488//5488 5610//5610
f 5402//5402 5401//5401 5602//5602
f 5401//5401 5720//5720 5602//5602
f 5601//5601 5721//5721 5600//5600
f 5600//5600 5721//5721 5720//5720
f 5601//5601 5610//5610 5611//5611
f 5611//5611 5721//5721 5601//5601
f 5602//5602 5722//5722 5591//5591
f 5829//5829 5828//5828 5492//5492
f 5724//5724 5506//5506 5839//5839
f 5497//5497 5605//5605 5496//5496
f 5605//5605 5608//5608 5606//5606
f 5607//5607 5609//5609 5605//5605
f 5605//5605 5609//5609 5608//5608
f 5607//5607 5497//5497 5604//5604
f 5497//5497 5607//5607 5605//5605
f 5607//5607 5604//5604 5726//5726
f 5503//5503 5732//5732 5488//5488
f 5488//5488 5732//5732 5610//5610
f 5610//5610 5732//5732 5611//5611
f 5503//5503 5836//5836 5933//5933
f 5504//5504 5505//5505 5612//5612
f 5936//5936 5504//5504 5612//5612
f 5830//5830 5505//5505 5828//5828
f 5504//5504 5936//5936 5613//5613
f 5613//5613 5734//5734 5733//5733
f 5613//5613 5936//5936 5734//5734
f 5594//5594 5414//5414 5724//5724
f 5724//5724 5414//5414 5506//5506
f 5507//5507 5614//5614 5839//5839
f 5839//5839 5614//5614 5736//5736
f 5614//5614 5507//5507 5508//5508
f 5508//5508 5615//5615 5614//5614
f 5736//5736 5614//5614 5615//5615
f 5615//5615 5616//5616 5736//5736
f 5841//5841 5249//5249 5733//5733
f 5616//5616 5615//5615 5512//5512
f 5617//5617 5616//5616 5515//5515
f 5516//5516 5617//5617 5515//5515
f 5617//5617 5516//5516 5514//5514
f 5617//5617 5514//5514 5618//5618
f 5736//5736 5616//5616 5617//5617
f 5618//5618 5422//5422 5626//5626
f 5618//5618 5740//5740 5617//5617
f 5626//5626 5740//5740 5618//5618
f 5340//5340 5850//5850 6010//6010
f 5850//5850 5340//5340 5737//5737
f 5620//5620 5518//5518 5520//5520
f 5514//5514 5422//5422 5618//5618
f 5621//5621 5517//5517 5622//5622
f 5622//5622 5518//5518 5619//5619
f 5517//5517 5518//5518 5622//5622
f 5518//5518 5620//5620 5619//5619
f 5520//5520 5629//5629 5747//5747
f 5626//5626 5422//5422 5621//5621
f 5622//5622 5623//5623 5621//5621
f 5622//5622 5619//5619 5624//5624
f 5623//5623 5622//5622 5624//5624
f 5624//5624 5619//5619 5625//5625
f 5619//5619 5620//5620 5625//5625
f 5620//5620 5520//5520 5747//5747
f 5626//5626 5623//5623 5739//5739
f 5623//5623 5626//5626 5621//5621
f 5623//5623 5624//5624 5745//5745
f 5745//5745 5624//5624 5746//5746
f 5746//5746 5624//5624 5625//5625
f 5739//5739 5623//5623 7553//7553
f 5739//5739 7551//7551 5626//5626
f 5627//5627 5764//5764 5524//5524
f 5629//5629 5520//5520 5519//5519
f 5522//5522 5755//5755 5630//5630
f 5629//5629 5519//5519 5628//5628
f 5629//5629 5628//5628 5630//5630
f 5630//5630 5628//5628 5522//5522
f 5630//5630 5747//5747 5629//5629
f 5521//5521 5632//5632 5522//5522
f 5521//5521 5631//5631 7542//7542
f 5631//5631 5528//5528 5633//5633
f 5755//5755 5754//5754 5630//5630
f 5754//5754 5747//5747 5630//5630
f 5633//5633 5528//5528 5638//5638
f 7542//7542 5631//5631 5633//5633
f 5633//5633 5756//5756 7542//7542
f 5634//5634 5523//5523 5762//5762
f 5648//5648 5523//5523 5634//5634
f 5648//5648 5634//5634 5761//5761
f 5523//5523 5763//5763 5762//5762
f 5524//5524 5764//5764 5763//5763
f 5529//5529 5527//5527 5638//5638
f 5528//5528 5529//5529 5638//5638
f 5639//5639 5638//5638 5434//5434
f 5526//5526 5639//5639 5434//5434
f 5639//5639 5526//5526 5636//5636
f 5526//5526 5532//5532 5636//5636
f 5636//5636 5532//5532 5637//5637
f 5637//5637 5635//5635 5642//5642
f 5636//5636 5637//5637 5643//5643
f 5636//5636 5643//5643 5639//5639
f 5638//5638 5639//5639 5765//5765
f 5765//5765 5639//5639 5643//5643
f 5646//5646 5641//5641 5530//5530
f 5641//5641 5535//5535 5530//5530
f 5642//5642 5535//5535 5641//5641
f 5641//5641 5646//5646 5642//5642
f 5642//5642 5643//5643 5637//5637
f 5642//5642 5767//5767 5643//5643
f 5642//5642 5859//5859 5767//5767
f 5646//5646 5859//5859 5642//5642
f 5640//5640 5537//5537 5644//5644
f 5644//5644 5645//5645 5640//5640
f 5640//5640 7543//7543 5646//5646
f 5647//5647 5644//5644 5537//5537
f 5645//5645 5644//5644 5768//5768
f 5644//5644 5647//5647 5768//5768
f 5537//5537 5651//5651 5647//5647
f 5647//5647 5651//5651 5770//5770
f 5651//5651 5652//5652 5770//5770
f 5769//5769 5647//5647 5770//5770
f 5534//5534 5029//5029 5776//5776
f 5774//5774 5436//5436 5775//5775
f 5436//5436 5649//5649 5775//5775
f 5652//5652 5538//5538 5650//5650
f 5538//5538 5652//5652 5651//5651
f 5538//5538 5651//5651 5537//5537
f 5539//5539 5540//5540 5654//5654
f 5650//5650 5539//5539 5778//5778
f 5654//5654 5778//5778 5539//5539
f 5778//5778 5652//5652 5650//5650
f 5653//5653 5542//5542 5658//5658
f 7545//7545 5542//5542 5657//5657
f 5653//5653 5777//5777 5654//5654
f 5777//5777 5653//5653 5658//5658
f 5778//5778 5654//5654 5777//5777
f 5444//5444 5660//5660 5655//5655
f 5656//5656 5541//5541 5655//5655
f 5541//5541 7544//7544 5657//5657
f 5657//5657 7544//7544 5780//5780
f 5656//5656 5655//5655 5780//5780
f 7545//7545 5657//5657 5780//5780
f 5779//5779 5777//5777 5658//5658
f 5779//5779 7545//7545 5780//5780
f 5659//5659 5661//5661 5660//5660
f 5661//5661 5659//5659 5662//5662
f 5655//5655 5660//5660 5783//5783
f 5660//5660 5661//5661 5783//5783
f 5783//5783 5661//5661 5662//5662
f 5785//5785 5655//5655 5783//5783
f 5783//5783 5662//5662 5784//5784
f 5355//5355 5663//5663 5662//5662
f 5662//5662 5786//5786 5784//5784
f 5664//5664 5868//5868 5446//5446
f 5446//5446 5868//5868 5663//5663
f 5790//5790 5447//5447 5870//5870
f 5544//5544 7547//7547 7528//7528
f 5544//5544 5667//5667 7547//7547
f 5454//5454 5793//5793 7555//7555
f 5792//5792 7554//7554 7548//7548
f 5667//5667 5547//5547 5672//5672
f 5547//5547 5797//5797 5672//5672
f 5547//5547 5669//5669 5670//5670
f 5797//5797 5547//5547 5796//5796
f 5669//5669 5671//5671 5670//5670
f 5672//5672 7547//7547 5667//5667
f 5670//5670 5796//5796 5547//5547
f 5794//5794 5674//5674 5548//5548
f 5672//5672 5797//5797 5792//5792
f 5792//5792 7547//7547 5672//5672
f 5674//5674 5794//5794 5881//5881
f 5799//5799 5551//5551 5806//5806
f 5798//5798 5673//5673 7534//7534
f 7534//7534 7556//7556 5798//5798
f 5881//5881 5675//5675 5674//5674
f 5558//5558 5562//5562 5808//5808
f 5677//5677 5808//5808 5562//5562
f 5562//5562 5557//5557 5677//5677
f 5676//5676 5677//5677 5557//5557
f 5676//5676 5565//5565 5677//5677
f 5808//5808 5556//5556 5558//5558
f 5808//5808 5807//5807 5556//5556
f 5810//5810 5569//5569 5881//5881
f 5461//5461 5678//5678 5679//5679
f 5461//5461 5679//5679 5565//5565
f 5678//5678 5685//5685 5679//5679
f 5565//5565 5679//5679 5812//5812
f 5685//5685 5684//5684 5812//5812
f 5685//5685 5812//5812 5679//5679
f 5565//5565 5809//5809 5677//5677
f 5809//5809 5565//5565 5812//5812
f 5680//5680 5810//5810 5681//5681
f 5680//5680 5569//5569 5810//5810
f 5811//5811 5682//5682 5681//5681
f 5681//5681 5810//5810 5811//5811
f 5684//5684 5678//5678 5683//5683
f 5678//5678 5684//5684 5685//5685
f 5684//5684 5689//5689 5812//5812
f 5574//5574 5687//5687 5573//5573
f 5688//5688 5573//5573 5687//5687
f 5575//5575 5573//5573 7549//7549
f 5689//5689 5577//5577 5815//5815
f 5815//5815 5898//5898 5689//5689
f 5695//5695 5579//5579 5576//5576
f 5691//5691 5814//5814 5692//5692
f 5581//5581 5582//5582 5691//5691
f 5818//5818 5814//5814 5582//5582
f 5691//5691 5582//5582 5814//5814
f 5813//5813 5692//5692 5814//5814
f 5577//5577 5578//5578 5815//5815
f 5820//5820 5815//5815 5578//5578
f 5694//5694 5693//5693 7541//7541
f 5695//5695 7550//7550 5579//5579
f 5593//5593 5693//5693 5696//5696
f 5695//5695 5696//5696 5694//5694
f 5693//5693 5694//5694 5696//5696
f 6117//6117 5696//5696 5695//5695
f 5580//5580 5697//5697 5699//5699
f 5697//5697 5900//5900 5699//5699
f 5697//5697 5716//5716 5816//5816
f 5900//5900 5697//5697 5816//5816
f 5582//5582 5698//5698 5818//5818
f 5580//5580 5699//5699 5698//5698
f 5698//5698 5699//5699 5900//5900
f 5583//5583 5700//5700 5986//5986
f 5477//5477 5702//5702 5701//5701
f 5986//5986 5702//5702 5477//5477
f 5704//5704 5585//5585 5705//5705
f 5585//5585 5718//5718 5705//5705
f 5701//5701 5718//5718 5585//5585
f 5702//5702 5717//5717 5701//5701
f 5718//5718 5701//5701 5717//5717
f 5717//5717 5702//5702 5986//5986
f 5704//5704 5707//5707 5703//5703
f 5705//5705 5707//5707 5704//5704
f 5706//5706 5703//5703 5707//5707
f 5590//5590 5481//5481 5588//5588
f 5919//5919 5590//5590 5588//5588
f 5919//5919 5588//5588 5706//5706
f 5707//5707 5919//5919 5706//5706
f 5708//5708 5825//5825 5592//5592
f 5594//5594 5715//5715 5709//5709
f 5594//5594 5725//5725 5715//5715
f 5710//5710 5596//5596 5712//5712
f 5712//5712 5709//5709 5714//5714
f 5715//5715 5714//5714 5709//5709
f 5710//5710 5713//5713 5716//5716
f 5712//5712 5711//5711 5710//5710
f 5711//5711 5713//5713 5710//5710
f 5711//5711 5712//5712 5822//5822
f 5711//5711 5822//5822 5713//5713
f 5714//5714 5822//5822 5712//5712
f 5713//5713 5817//5817 5716//5716
f 5718//5718 5912//5912 5705//5705
f 5823//5823 5719//5719 5589//5589
f 5721//5721 5611//5611 5732//5732
f 5602//5602 5720//5720 5827//5827
f 5602//5602 5827//5827 5722//5722
f 5721//5721 5732//5732 5934//5934
f 5827//5827 5720//5720 5721//5721
f 5722//5722 5723//5723 5708//5708
f 5722//5722 5827//5827 5826//5826
f 5723//5723 5825//5825 5708//5708
f 5723//5723 5722//5722 5826//5826
f 5723//5723 5826//5826 5825//5825
f 5603//5603 5593//5593 5829//5829
f 5594//5594 5724//5724 5725//5725
f 5607//5607 5729//5729 5609//5609
f 5719//5719 5604//5604 5598//5598
f 5719//5719 5726//5726 5604//5604
f 5727//5727 5607//5607 5726//5726
f 5607//5607 5730//5730 5729//5729
f 5719//5719 5728//5728 5726//5726
f 5719//5719 5832//5832 5728//5728
f 5726//5726 5728//5728 5727//5727
f 5727//5727 5730//5730 5607//5607
f 5728//5728 5730//5730 5727//5727
f 5730//5730 5731//5731 5729//5729
f 5609//5609 5729//5729 5834//5834
f 5835//5835 5500//5500 5606//5606
f 5500//5500 5835//5835 5502//5502
f 5503//5503 5933//5933 5732//5732
f 5732//5732 5933//5933 5934//5934
f 5612//5612 5505//5505 5830//5830
f 5830//5830 5936//5936 5612//5612
f 5734//5734 5735//5735 5733//5733
f 5735//5735 5734//5734 5938//5938
f 5841//5841 5733//5733 5735//5735
f 5735//5735 5935//5935 5841//5841
f 5935//5935 5735//5735 5938//5938
f 5249//5249 5841//5841 5738//5738
f 5737//5737 5249//5249 5738//5738
f 5737//5737 5738//5738 5850//5850
f 5837//5837 5617//5617 5740//5740
f 5741//5741 7551//7551 5739//5739
f 5741//5741 5739//5739 7553//7553
f 5837//5837 5740//5740 7552//7552
f 5742//5742 5741//5741 7553//7553
f 5617//5617 5743//5743 5736//5736
f 5617//5617 5837//5837 5743//5743
f 5745//5745 5746//5746 5744//5744
f 5746//5746 5750//5750 5744//5744
f 5745//5745 5744//5744 5844//5844
f 5844//5844 5742//5742 7553//7553
f 5750//5750 5842//5842 5744//5744
f 5743//5743 5837//5837 5838//5838
f 5744//5744 5842//5842 5843//5843
f 5746//5746 5625//5625 5748//5748
f 5620//5620 5748//5748 5625//5625
f 5620//5620 5747//5747 5748//5748
f 5750//5750 5746//5746 5748//5748
f 5755//5755 5749//5749 5747//5747
f 5750//5750 5748//5748 5751//5751
f 5748//5748 5747//5747 5751//5751
f 5747//5747 5749//5749 5751//5751
f 5750//5750 5751//5751 5753//5753
f 5753//5753 5842//5842 5750//5750
f 5851//5851 5749//5749 5755//5755
f 5753//5753 5751//5751 5752//5752
f 5752//5752 5751//5751 5749//5749
f 5749//5749 5848//5848 5752//5752
f 5848//5848 5749//5749 5851//5851
f 5764//5764 5627//5627 6009//6009
f 6010//6010 5627//5627 5340//5340
f 5755//5755 5747//5747 5754//5754
f 7542//7542 5756//5756 5852//5852
f 5758//5758 5633//5633 5638//5638
f 5632//5632 5851//5851 5755//5755
f 5851//5851 5632//5632 5757//5757
f 5852//5852 5757//5757 5632//5632
f 5854//5854 5758//5758 5760//5760
f 5854//5854 5756//5756 5633//5633
f 5758//5758 5854//5854 5633//5633
f 5638//5638 5765//5765 5759//5759
f 5765//5765 5766//5766 5759//5759
f 5756//5756 5854//5854 5852//5852
f 5638//5638 5759//5759 5758//5758
f 5758//5758 5759//5759 5760//5760
f 5759//5759 5766//5766 5856//5856
f 5854//5854 5760//5760 5855//5855
f 5762//5762 5761//5761 5634//5634
f 5766//5766 5765//5765 5643//5643
f 5766//5766 5643//5643 5767//5767
f 5767//5767 5856//5856 5766//5766
f 5859//5859 5646//5646 7543//7543
f 5768//5768 5647//5647 5769//5769
f 5772//5772 5768//5768 5769//5769
f 5645//5645 5768//5768 5772//5772
f 5859//5859 7543//7543 5860//5860
f 5860//5860 7543//7543 5857//5857
f 5645//5645 5772//5772 5857//5857
f 5856//5856 5767//5767 5859//5859
f 5770//5770 5652//5652 5771//5771
f 5778//5778 5771//5771 5652//5652
f 5773//5773 5769//5769 5770//5770
f 5771//5771 5773//5773 5770//5770
f 5773//5773 5772//5772 5769//5769
f 5773//5773 5771//5771 5778//5778
f 5865//5865 5534//5534 5776//5776
f 5776//5776 5774//5774 6022//6022
f 6022//6022 5774//5774 5775//5775
f 5648//5648 5761//5761 5649//5649
f 5778//5778 5781//5781 5862//5862
f 5782//5782 5777//5777 5779//5779
f 5782//5782 5779//5779 5867//5867
f 5867//5867 5779//5779 5780//5780
f 5778//5778 5777//5777 5781//5781
f 5780//5780 5655//5655 5953//5953
f 5655//5655 5785//5785 5953//5953
f 5780//5780 5953//5953 5866//5866
f 5784//5784 5785//5785 5783//5783
f 5953//5953 5785//5785 5959//5959
f 5663//5663 5786//5786 5662//5662
f 5664//5664 5665//5665 5869//5869
f 5868//5868 5664//5664 5869//5869
f 5665//5665 5787//5787 6105//6105
f 5869//5869 5665//5665 6105//6105
f 5447//5447 5790//5790 5789//5789
f 5789//5789 5790//5790 5871//5871
f 5790//5790 5870//5870 5871//5871
f 5666//5666 5791//5791 5870//5870
f 5872//5872 5666//5666 5534//5534
f 5666//5666 5872//5872 5791//5791
f 5671//5671 5805//5805 5803//5803
f 5803//5803 5670//5670 5671//5671
f 5792//5792 5795//5795 7554//7554
f 5795//5795 7555//7555 5793//5793
f 5792//5792 5797//5797 5795//5795
f 5670//5670 5804//5804 5796//5796
f 5795//5795 5797//5797 5969//5969
f 5796//5796 5969//5969 5797//5797
f 5804//5804 5969//5969 5796//5796
f 7556//7556 5800//5800 5798//5798
f 5798//5798 5800//5800 5802//5802
f 5546//5546 5673//5673 5801//5801
f 5805//5805 5546//5546 5801//5801
f 5876//5876 5801//5801 5673//5673
f 5673//5673 5798//5798 5876//5876
f 5801//5801 5876//5876 5805//5805
f 5802//5802 5876//5876 5798//5798
f 5670//5670 5803//5803 5804//5804
f 5879//5879 5804//5804 5803//5803
f 5809//5809 5808//5808 5677//5677
f 5809//5809 5884//5884 5808//5808
f 5806//5806 5800//5800 5799//5799
f 5807//5807 5883//5883 5806//5806
f 5806//5806 5883//5883 5800//5800
f 5807//5807 5808//5808 5885//5885
f 5884//5884 5885//5885 5808//5808
f 5883//5883 5882//5882 5800//5800
f 5883//5883 5807//5807 5885//5885
f 5812//5812 5886//5886 5809//5809
f 5682//5682 5811//5811 5574//5574
f 5890//5890 5687//5687 5574//5574
f 5688//5688 5687//5687 5890//5890
f 5575//5575 7549//7549 5888//5888
f 5686//5686 5892//5892 5690//5690
f 5689//5689 5891//5891 6040//6040
f 5576//5576 5894//5894 5695//5695
f 5690//5690 5893//5893 5576//5576
f 5893//5893 5894//5894 5576//5576
f 5695//5695 5894//5894 6117//6117
f 5690//5690 5892//5892 5893//5893
f 5820//5820 5906//5906 5815//5815
f 5817//5817 5816//5816 5716//5716
f 5817//5817 5910//5910 5816//5816
f 5698//5698 5900//5900 5818//5818
f 5813//5813 5819//5819 5692//5692
f 5819//5819 5700//5700 5692//5692
f 5902//5902 5819//5819 5813//5813
f 5700//5700 5977//5977 5986//5986
f 5919//5919 5707//5707 5914//5914
f 5825//5825 5926//5926 5592//5592
f 5926//5926 5904//5904 5592//5592
f 5725//5725 5821//5821 5715//5715
f 5715//5715 5821//5821 5714//5714
f 5714//5714 5821//5821 5822//5822
f 5927//5927 5821//5821 5725//5725
f 5713//5713 5822//5822 5817//5817
f 5822//5822 5821//5821 5927//5927
f 5822//5822 5909//5909 5817//5817
f 5908//5908 5909//5909 5822//5822
f 5912//5912 5707//5707 5705//5705
f 5718//5718 5913//5913 5912//5912
f 5912//5912 5914//5914 5707//5707
f 5590//5590 5824//5824 5589//5589
f 5589//5589 5824//5824 5823//5823
f 5590//5590 5916//5916 5824//5824
f 5824//5824 5917//5917 5823//5823
f 5823//5823 5917//5917 5918//5918
f 5721//5721 5934//5934 5925//5925
f 5721//5721 5925//5925 5827//5827
f 5826//5826 5995//5995 5825//5825
f 5826//5826 5827//5827 5995//5995
f 5830//5830 5828//5828 5829//5829
f 6117//6117 5831//5831 5593//5593
f 5829//5829 5593//5593 5831//5831
f 5831//5831 5830//5830 5829//5829
f 5724//5724 5927//5927 5725//5725
f 5823//5823 5832//5832 5719//5719
f 5932//5932 5834//5834 5729//5729
f 5833//5833 5731//5731 5730//5730
f 5731//5731 5932//5932 5729//5729
f 5833//5833 5932//5932 5731//5731
f 5931//5931 5728//5728 5832//5832
f 5931//5931 5730//5730 5728//5728
f 5832//5832 5823//5823 5918//5918
f 5931//5931 5833//5833 5730//5730
f 5931//5931 5832//5832 5918//5918
f 5609//5609 5834//5834 5608//5608
f 5606//5606 5608//5608 5834//5834
f 5833//5833 6078//6078 5932//5932
f 5833//5833 5931//5931 6078//6078
f 5606//5606 6083//6083 5835//5835
f 5834//5834 6083//6083 5606//5606
f 5835//5835 6085//6085 5836//5836
f 5937//5937 5938//5938 5734//5734
f 5743//5743 5838//5838 5736//5736
f 5736//5736 5838//5838 5839//5839
f 5838//5838 5837//5837 5846//5846
f 5838//5838 5846//5846 5939//5939
f 5846//5846 5840//5840 5939//5939
f 5742//5742 5844//5844 5741//5741
f 5843//5843 5847//5847 5744//5744
f 5842//5842 5845//5845 5843//5843
f 5753//5753 5845//5845 5842//5842
f 5837//5837 7552//7552 5846//5846
f 5741//5741 5844//5844 5846//5846
f 5744//5744 5847//5847 5849//5849
f 5843//5843 5845//5845 5847//5847
f 5840//5840 5846//5846 5844//5844
f 5840//5840 5844//5844 5744//5744
f 5744//5744 5849//5849 5840//5840
f 5848//5848 5944//5944 5943//5943
f 5848//5848 5851//5851 5944//5944
f 5849//5849 5939//5939 5840//5840
f 5847//5847 5943//5943 5849//5849
f 5845//5845 5943//5943 5847//5847
f 5845//5845 5848//5848 5943//5943
f 5753//5753 5752//5752 5845//5845
f 5845//5845 5752//5752 5848//5848
f 5853//5853 5757//5757 5852//5852
f 5853//5853 5851//5851 5757//5757
f 5851//5851 5853//5853 5946//5946
f 5852//5852 5946//5946 5853//5853
f 5852//5852 5947//5947 5946//5946
f 5947//5947 5854//5854 5855//5855
f 5852//5852 5854//5854 5947//5947
f 5855//5855 5760//5760 5947//5947
f 5859//5859 5950//5950 5856//5856
f 5761//5761 5762//5762 5858//5858
f 5761//5761 5858//5858 5957//5957
f 5763//5763 5951//5951 5762//5762
f 5762//5762 5951//5951 6013//6013
f 5858//5858 5762//5762 6013//6013
f 5957//5957 5858//5858 6013//6013
f 5860//5860 5950//5950 5859//5859
f 5857//5857 5950//5950 5860//5860
f 5861//5861 5772//5772 5773//5773
f 5773//5773 5778//5778 5861//5861
f 5861//5861 5857//5857 5772//5772
f 5862//5862 5861//5861 5778//5778
f 5862//5862 5952//5952 5861//5861
f 5782//5782 5863//5863 5862//5862
f 5867//5867 5955//5955 5782//5782
f 5866//5866 5954//5954 5867//5867
f 5534//5534 5865//5865 5864//5864
f 5865//5865 5776//5776 6022//6022
f 5761//5761 5957//5957 5649//5649
f 5775//5775 5649//5649 6022//6022
f 6022//6022 5649//5649 5957//5957
f 5782//5782 5781//5781 5777//5777
f 5862//5862 5781//5781 5782//5782
f 5780//5780 5866//5866 5867//5867
f 5959//5959 5785//5785 5784//5784
f 5866//5866 5953//5953 5954//5954
f 5784//5784 5786//5786 5959//5959
f 5663//5663 5868//5868 6024//6024
f 5869//5869 6166//6166 5868//5868
f 5789//5789 5871//5871 5788//5788
f 5787//5787 5788//5788 5960//5960
f 5871//5871 5961//5961 5788//5788
f 5872//5872 5534//5534 5864//5864
f 5870//5870 5791//5791 5962//5962
f 5962//5962 5791//5791 5872//5872
f 5794//5794 5874//5874 5881//5881
f 7557//7557 7555//7555 5795//5795
f 5795//5795 5873//5873 7557//7557
f 5969//5969 5873//5873 5795//5795
f 5964//5964 5873//5873 5969//5969
f 5873//5873 7558//7558 7557//7557
f 7557//7557 7558//7558 5965//5965
f 5876//5876 5802//5802 5877//5877
f 5800//5800 5875//5875 5877//5877
f 5800//5800 5877//5877 5802//5802
f 5882//5882 5875//5875 5800//5800
f 5878//5878 5877//5877 5875//5875
f 5880//5880 5876//5876 5877//5877
f 5875//5875 5885//5885 5878//5878
f 5968//5968 5877//5877 5878//5878
f 5804//5804 5879//5879 5969//5969
f 5805//5805 5879//5879 5803//5803
f 5879//5879 6034//6034 5969//5969
f 5805//5805 5880//5880 5879//5879
f 5805//5805 5876//5876 5880//5880
f 5879//5879 5880//5880 6034//6034
f 5965//5965 5881//5881 5874//5874
f 5882//5882 5883//5883 5885//5885
f 5885//5885 5875//5875 5882//5882
f 5884//5884 5809//5809 6038//6038
f 5885//5885 5970//5970 5878//5878
f 5970//5970 5968//5968 5878//5878
f 5885//5885 5884//5884 6038//6038
f 5809//5809 5886//5886 6038//6038
f 5811//5811 5810//5810 6037//6037
f 6037//6037 5889//5889 5811//5811
f 5889//5889 5574//5574 5811//5811
f 5689//5689 6040//6040 5812//5812
f 5886//5886 5812//5812 6040//6040
f 5888//5888 5887//5887 5575//5575
f 5887//5887 5686//5686 5575//5575
f 5887//5887 5892//5892 5686//5686
f 5888//5888 7549//7549 5890//5890
f 5892//5892 5887//5887 5895//5895
f 5889//5889 5890//5890 5574//5574
f 5971//5971 5890//5890 5889//5889
f 5887//5887 6041//6041 5895//5895
f 6037//6037 5971//5971 5889//5889
f 5971//5971 5888//5888 5890//5890
f 6110//6110 5887//5887 5888//5888
f 5689//5689 5898//5898 5897//5897
f 5897//5897 5891//5891 5689//5689
f 5893//5893 5892//5892 5895//5895
f 5972//5972 5893//5893 5895//5895
f 5893//5893 5972//5972 5894//5894
f 5814//5814 5896//5896 5813//5813
f 5814//5814 5818//5818 5896//5896
f 5902//5902 5813//5813 5976//5976
f 5898//5898 6044//6044 5897//5897
f 5897//5897 6044//6044 5891//5891
f 5906//5906 6116//6116 5815//5815
f 5898//5898 5815//5815 5899//5899
f 5898//5898 5899//5899 6044//6044
f 6116//6116 5899//5899 5815//5815
f 6116//6116 6044//6044 5899//5899
f 6117//6117 5593//5593 5696//5696
f 5900//5900 5816//5816 5910//5910
f 5900//5900 5901//5901 5818//5818
f 5973//5973 5901//5901 5900//5900
f 5900//5900 5910//5910 5973//5973
f 5974//5974 6051//6051 5818//5818
f 5819//5819 5977//5977 5700//5700
f 5902//5902 5903//5903 5819//5819
f 5902//5902 5976//5976 5903//5903
f 5916//5916 5590//5590 5919//5919
f 5904//5904 5926//5926 5905//5905
f 5820//5820 5979//5979 5906//5906
f 5904//5904 5820//5820 5592//5592
f 5905//5905 5820//5820 5904//5904
f 5820//5820 5980//5980 5979//5979
f 5820//5820 5905//5905 5907//5907
f 5907//5907 5980//5980 5820//5820
f 5905//5905 5978//5978 5907//5907
f 5930//5930 5822//5822 5927//5927
f 5909//5909 5908//5908 6054//6054
f 5910//5910 5817//5817 5909//5909
f 5909//5909 5985//5985 5910//5910
f 6054//6054 5985//5985 5909//5909
f 6054//6054 5908//5908 5983//5983
f 5717//5717 5911//5911 5718//5718
f 5717//5717 5986//5986 5911//5911
f 5718//5718 5911//5911 5913//5913
f 5915//5915 5914//5914 5912//5912
f 5912//5912 5913//5913 5915//5915
f 5911//5911 6069//6069 5913//5913
f 5916//5916 5920//5920 5824//5824
f 5824//5824 5920//5920 5917//5917
f 5919//5919 5920//5920 5916//5916
f 5921//5921 5923//5923 5919//5919
f 5919//5919 5923//5923 5920//5920
f 5917//5917 5920//5920 5924//5924
f 5924//5924 5989//5989 5918//5918
f 5917//5917 5924//5924 5918//5918
f 6002//6002 5918//5918 5989//5989
f 5919//5919 5914//5914 5921//5921
f 5914//5914 5915//5915 5922//5922
f 5921//5921 5914//5914 5922//5922
f 5922//5922 5990//5990 5921//5921
f 5921//5921 5990//5990 5923//5923
f 5923//5923 5924//5924 5920//5920
f 5924//5924 5923//5923 5988//5988
f 5995//5995 5827//5827 6065//6065
f 5827//5827 5925//5925 6065//6065
f 5934//5934 6065//6065 5925//5925
f 5996//5996 5926//5926 5825//5825
f 5926//5926 5996//5996 5905//5905
f 5825//5825 5995//5995 5996//5996
f 5905//5905 5996//5996 5994//5994
f 5998//5998 5831//5831 6066//6066
f 5998//5998 5830//5830 5831//5831
f 5838//5838 5929//5929 5839//5839
f 5928//5928 5927//5927 5724//5724
f 5724//5724 5839//5839 5928//5928
f 5928//5928 5839//5839 5930//5930
f 5930//5930 5839//5839 5929//5929
f 5930//5930 5927//5927 5928//5928
f 5930//5930 5929//5929 6000//6000
f 5822//5822 5930//5930 5908//5908
f 5931//5931 5918//5918 6002//6002
f 5934//5934 6074//6074 6065//6065
f 5933//5933 6074//6074 5934//5934
f 5937//5937 5734//5734 5936//5936
f 5942//5942 5935//5935 5938//5938
f 5938//5938 5937//5937 6075//6075
f 5998//5998 5936//5936 5830//5830
f 5936//5936 5998//5998 6003//6003
f 5936//5936 6003//6003 5937//5937
f 5838//5838 5939//5939 5929//5929
f 5940//5940 5849//5849 5943//5943
f 5849//5849 5940//5940 5939//5939
f 6004//6004 5939//5939 5940//5940
f 5940//5940 5943//5943 6004//6004
f 6004//6004 5943//5943 6005//6005
f 5939//5939 6004//6004 5929//5929
f 5738//5738 5841//5841 5941//5941
f 5738//5738 6006//6006 5850//5850
f 5941//5941 6006//6006 5738//5738
f 5942//5942 5841//5841 5935//5935
f 5942//5942 5941//5941 5841//5841
f 6006//6006 5941//5941 5942//5942
f 5945//5945 5943//5943 5944//5944
f 6005//6005 5943//5943 5945//5945
f 5945//5945 5944//5944 6087//6087
f 5944//5944 5946//5946 6087//6087
f 5945//5945 6087//6087 6005//6005
f 6010//6010 5850//5850 6007//6007
f 5851//5851 5946//5946 5944//5944
f 5760//5760 5759//5759 5948//5948
f 5948//5948 5947//5947 5760//5760
f 5947//5947 6088//6088 5946//5946
f 5856//5856 6090//6090 5948//5948
f 5759//5759 5856//5856 5948//5948
f 5949//5949 5857//5857 5861//5861
f 6012//6012 5949//5949 5861//5861
f 5950//5950 5857//5857 5949//5949
f 5958//5958 5957//5957 6013//6013
f 5951//5951 5763//5763 6092//6092
f 5951//5951 6092//6092 6013//6013
f 6012//6012 5861//5861 6011//6011
f 5952//5952 6011//6011 5861//5861
f 5952//5952 5862//5862 5863//5863
f 5952//5952 5863//5863 6094//6094
f 5954//5954 5953//5953 5956//5956
f 5863//5863 5782//5782 5955//5955
f 5955//5955 5867//5867 5954//5954
f 5955//5955 5954//5954 6014//6014
f 6014//6014 5954//5954 5956//5956
f 5953//5953 5959//5959 5956//5956
f 6014//6014 5956//5956 6164//6164
f 5956//5956 5959//5959 6164//6164
f 5872//5872 6020//6020 5962//5962
f 5872//5872 5864//5864 6021//6021
f 6020//6020 6103//6103 5962//5962
f 5864//5864 5865//5865 6021//6021
f 5957//5957 5958//5958 6022//6022
f 5786//5786 6164//6164 5959//5959
f 6164//6164 5786//5786 6023//6023
f 6023//6023 5663//5663 6024//6024
f 6023//6023 5786//5786 5663//5663
f 6166//6166 5869//5869 6105//6105
f 6104//6104 5868//5868 6166//6166
f 6104//6104 6024//6024 5868//5868
f 5787//5787 5960//5960 6105//6105
f 6170//6170 5960//5960 6106//6106
f 6170//6170 6105//6105 5960//5960
f 5960//5960 5788//5788 6028//6028
f 5870//5870 6100//6100 5871//5871
f 5961//5961 5871//5871 6018//6018
f 6018//6018 5871//5871 6025//6025
f 6025//6025 5871//5871 6026//6026
f 5871//5871 6100//6100 6026//6026
f 5870//5870 5962//5962 5963//5963
f 5870//5870 5963//5963 6100//6100
f 5963//5963 5962//5962 6102//6102
f 5962//5962 6103//6103 6102//6102
f 5964//5964 6030//6030 5966//5966
f 7559//7559 5965//5965 7558//7558
f 5965//5965 7559//7559 5967//5967
f 5964//5964 5969//5969 6030//6030
f 5967//5967 5881//5881 5965//5965
f 7559//7559 6030//6030 5967//5967
f 6030//6030 6029//6029 5967//5967
f 5967//5967 7561//7561 5881//5881
f 5877//5877 5968//5968 5880//5880
f 6033//6033 6034//6034 5880//5880
f 5880//5880 5968//5968 6033//6033
f 5968//5968 6172//6172 6033//6033
f 5969//5969 6034//6034 6030//6030
f 5881//5881 7561//7561 6037//6037
f 6038//6038 5970//5970 5885//5885
f 6036//6036 5970//5970 6038//6038
f 6037//6037 5810//5810 5881//5881
f 6038//6038 5886//5886 6040//6040
f 6040//6040 5891//5891 6044//6044
f 5972//5972 5895//5895 6041//6041
f 6041//6041 5894//5894 5972//5972
f 6041//6041 6117//6117 5894//5894
f 5976//5976 5813//5813 6042//6042
f 6042//6042 5813//5813 5896//5896
f 5973//5973 5910//5910 5984//5984
f 5974//5974 5818//5818 5901//5901
f 5901//5901 5973//5973 5974//5974
f 5973//5973 5975//5975 5974//5974
f 5973//5973 6045//6045 5975//5975
f 6045//6045 5973//5973 6055//6055
f 5818//5818 6051//6051 5896//5896
f 6051//6051 5974//5974 6049//6049
f 6049//6049 5974//5974 6046//6046
f 5903//5903 5977//5977 5819//5819
f 5976//5976 5977//5977 5903//5903
f 5976//5976 6050//6050 5977//5977
f 5976//5976 6042//6042 6050//6050
f 5978//5978 5980//5980 5907//5907
f 5906//5906 5981//5981 6116//6116
f 5979//5979 5981//5981 5906//5906
f 5905//5905 5997//5997 5978//5978
f 5979//5979 5980//5980 6053//6053
f 5978//5978 5997//5997 5980//5980
f 5981//5981 5979//5979 5982//5982
f 5979//5979 6053//6053 5982//5982
f 6116//6116 5981//5981 5982//5982
f 5973//5973 5984//5984 6055//6055
f 5984//5984 5910//5910 5985//5985
f 5977//5977 6060//6060 5986//5986
f 5986//5986 6060//6060 5911//5911
f 5923//5923 5990//5990 5988//5988
f 5922//5922 5915//5915 5987//5987
f 5990//5990 5922//5922 5987//5987
f 5915//5915 5913//5913 5987//5987
f 6069//6069 5987//5987 5913//5913
f 5924//5924 5988//5988 5989//5989
f 5988//5988 5993//5993 5989//5989
f 5989//5989 5993//5993 6002//6002
f 5990//5990 5992//5992 5988//5988
f 5988//5988 5992//5992 5993//5993
f 5987//5987 5991//5991 5990//5990
f 7560//7560 5990//5990 5991//5991
f 5991//5991 6062//6062 7560//7560
f 5987//5987 6062//6062 5991//5991
f 5992//5992 6061//6061 5993//5993
f 7560//7560 6062//6062 7564//7564
f 5993//5993 6061//6061 6002//6002
f 6002//6002 6061//6061 6071//6071
f 5994//5994 5997//5997 5905//5905
f 5994//5994 5996//5996 5997//5997
f 5995//5995 6065//6065 5996//5996
f 5997//5997 5996//5996 6064//6064
f 5996//5996 6065//6065 6064//6064
f 5997//5997 6053//6053 5980//5980
f 6122//6122 6066//6066 5831//5831
f 6122//6122 5831//5831 6117//6117
f 6075//6075 5998//5998 6066//6066
f 6075//6075 6003//6003 5998//5998
f 5908//5908 5930//5930 5999//5999
f 5908//5908 5999//5999 5983//5983
f 5930//5930 6001//6001 5999//5999
f 5930//5930 6000//6000 6001//6001
f 5983//5983 5999//5999 6001//6001
f 6001//6001 6000//6000 6005//6005
f 5983//5983 6001//6001 6054//6054
f 6060//6060 6069//6069 5911//5911
f 6077//6077 5931//5931 6002//6002
f 6071//6071 6077//6077 6002//6002
f 5834//5834 5932//5932 6082//6082
f 6074//6074 5933//5933 6084//6084
f 5937//5937 6003//6003 6075//6075
f 6133//6133 5938//5938 6075//6075
f 5942//5942 5938//5938 6133//6133
f 6000//6000 6004//6004 6005//6005
f 5929//5929 6004//6004 6000//6000
f 6001//6001 6005//6005 6076//6076
f 6078//6078 6080//6080 5932//5932
f 6085//6085 5835//5835 6086//6086
f 5933//5933 5836//5836 6085//6085
f 5933//5933 6085//6085 6084//6084
f 6007//6007 5850//5850 6006//6006
f 6147//6147 5947//5947 5948//5948
f 5946//5946 6088//6088 6087//6087
f 6088//6088 5947//5947 6147//6147
f 6010//6010 6007//6007 6008//6008
f 6007//6007 6150//6150 6008//6008
f 6148//6148 6010//6010 6008//6008
f 6147//6147 5948//5948 6090//6090
f 6092//6092 5763//5763 5764//5764
f 6207//6207 5764//5764 6009//6009
f 5764//5764 6207//6207 6092//6092
f 6090//6090 5856//5856 5950//5950
f 5950//5950 5949//5949 6012//6012
f 6090//6090 5950//5950 6012//6012
f 6013//6013 6161//6161 5958//5958
f 6022//6022 5958//5958 6161//6161
f 6013//6013 6092//6092 6161//6161
f 6011//6011 5952//5952 6096//6096
f 6094//6094 6095//6095 5952//5952
f 6017//6017 5863//5863 5955//5955
f 5955//5955 6015//6015 6017//6017
f 6014//6014 6015//6015 5955//5955
f 5863//5863 6017//6017 6016//6016
f 6016//6016 6094//6094 5863//5863
f 5961//5961 6018//6018 6099//6099
f 6026//6026 6100//6100 6101//6101
f 6019//6019 6026//6026 6101//6101
f 6101//6101 6168//6168 6019//6019
f 5872//5872 6021//6021 6020//6020
f 5865//5865 6103//6103 6021//6021
f 6021//6021 6103//6103 6020//6020
f 6023//6023 6024//6024 6098//6098
f 6098//6098 6164//6164 6023//6023
f 6024//6024 6104//6104 6098//6098
f 6106//6106 5960//5960 6107//6107
f 6107//6107 5960//5960 6028//6028
f 6018//6018 6025//6025 6026//6026
f 5961//5961 6027//6027 5788//5788
f 6026//6026 6019//6019 6018//6018
f 6027//6027 5961//5961 6099//6099
f 5788//5788 6027//6027 6028//6028
f 6027//6027 6099//6099 6028//6028
f 6100//6100 5963//5963 6102//6102
f 7561//7561 6031//6031 6037//6037
f 6030//6030 6032//6032 6029//6029
f 6032//6032 6031//6031 7561//7561
f 6033//6033 6173//6173 6034//6034
f 6030//6030 6034//6034 6032//6032
f 6032//6032 6034//6034 6035//6035
f 6035//6035 6031//6031 6032//6032
f 6037//6037 6031//6031 6109//6109
f 6031//6031 6035//6035 6109//6109
f 6039//6039 6036//6036 6038//6038
f 6110//6110 5971//5971 6037//6037
f 6232//6232 6038//6038 6040//6040
f 6110//6110 5888//5888 5971//5971
f 6110//6110 6041//6041 5887//5887
f 6234//6234 6041//6041 6110//6110
f 5896//5896 6051//6051 6042//6042
f 6043//6043 6052//6052 6042//6042
f 6051//6051 7562//7562 6042//6042
f 6111//6111 6052//6052 6043//6043
f 7567//7567 6115//6115 6052//6052
f 6046//6046 5974//5974 5975//5975
f 5975//5975 6047//6047 6046//6046
f 6045//6045 6047//6047 5975//5975
f 6046//6046 6047//6047 6049//6049
f 6045//6045 6048//6048 6047//6047
f 6055//6055 6048//6048 6045//6045
f 6055//6055 6049//6049 6048//6048
f 6049//6049 6047//6047 6048//6048
f 6042//6042 6052//6052 6050//6050
f 5977//5977 6050//6050 6294//6294
f 6052//6052 6115//6115 6050//6050
f 6116//6116 5982//5982 6053//6053
f 6053//6053 6064//6064 6116//6116
f 5985//5985 6057//6057 5984//5984
f 5984//5984 6057//6057 6055//6055
f 5985//5985 6056//6056 6057//6057
f 5985//5985 6054//6054 6056//6056
f 6054//6054 6068//6068 6185//6185
f 6119//6119 6054//6054 6185//6185
f 6057//6057 6058//6058 6055//6055
f 6058//6058 6049//6049 6055//6055
f 6056//6056 6054//6054 6119//6119
f 6057//6057 6056//6056 6119//6119
f 6058//6058 6057//6057 6059//6059
f 7563//7563 6057//6057 6118//6118
f 6120//6120 7563//7563 6118//6118
f 6057//6057 6119//6119 6118//6118
f 5987//5987 6127//6127 6062//6062
f 6070//6070 6061//6061 6063//6063
f 7565//7565 7564//7564 6062//6062
f 5997//5997 6064//6064 6053//6053
f 6133//6133 6075//6075 6066//6066
f 6001//6001 6067//6067 6054//6054
f 6068//6068 6054//6054 6067//6067
f 6068//6068 6067//6067 6185//6185
f 6076//6076 6067//6067 6001//6001
f 6185//6185 6067//6067 6076//6076
f 6134//6134 6185//6185 6076//6076
f 6127//6127 5987//5987 6069//6069
f 6069//6069 6188//6188 6127//6127
f 6077//6077 6071//6071 6129//6129
f 6070//6070 6071//6071 6061//6061
f 6070//6070 6072//6072 6071//6071
f 6070//6070 6063//6063 6073//6073
f 6073//6073 6072//6072 6070//6070
f 6071//6071 6072//6072 6129//6129
f 6063//6063 6125//6125 6073//6073
f 6063//6063 6124//6124 6125//6125
f 6072//6072 6073//6073 6125//6125
f 6062//6062 7572//7572 7565//7565
f 6143//6143 6074//6074 6084//6084
f 6143//6143 6131//6131 6074//6074
f 6131//6131 6242//6242 6065//6065
f 6131//6131 6065//6065 6074//6074
f 6077//6077 6078//6078 5931//5931
f 6079//6079 6078//6078 6077//6077
f 6079//6079 6080//6080 6078//6078
f 6080//6080 6081//6081 5932//5932
f 6077//6077 6135//6135 6079//6079
f 6129//6129 6135//6135 6077//6077
f 5834//5834 6082//6082 6083//6083
f 6081//6081 6082//6082 5932//5932
f 6080//6080 6141//6141 6081//6081
f 6081//6081 6141//6141 6082//6082
f 5835//5835 6083//6083 6086//6086
f 6085//6085 6144//6144 6084//6084
f 6086//6086 6199//6199 6085//6085
f 6199//6199 6144//6144 6085//6085
f 6084//6084 6144//6144 6143//6143
f 6149//6149 6007//6007 6006//6006
f 6005//6005 6087//6087 6076//6076
f 6087//6087 6134//6134 6076//6076
f 6134//6134 6087//6087 6088//6088
f 6008//6008 6150//6150 6148//6148
f 6089//6089 6010//6010 6148//6148
f 6089//6089 6093//6093 6010//6010
f 6150//6150 6007//6007 6149//6149
f 6093//6093 6089//6089 6148//6148
f 6090//6090 6091//6091 6151//6151
f 6010//6010 6009//6009 5627//5627
f 6009//6009 6010//6010 6093//6093
f 6207//6207 6009//6009 6093//6093
f 6012//6012 6091//6091 6090//6090
f 6091//6091 6012//6012 6097//6097
f 6011//6011 6096//6096 6153//6153
f 6097//6097 6012//6012 6011//6011
f 6153//6153 6097//6097 6011//6011
f 5952//5952 6095//6095 7566//7566
f 7566//7566 6154//6154 6153//6153
f 7566//7566 6095//6095 6154//6154
f 6091//6091 6097//6097 6151//6151
f 6151//6151 6097//6097 6153//6153
f 6156//6156 6016//6016 6017//6017
f 6205//6205 6094//6094 6016//6016
f 6156//6156 6205//6205 6016//6016
f 6155//6155 6154//6154 6095//6095
f 6155//6155 6095//6095 6094//6094
f 6015//6015 6162//6162 6017//6017
f 6156//6156 6017//6017 6157//6157
f 6017//6017 6162//6162 6157//6157
f 6022//6022 6210//6210 6159//6159
f 6210//6210 6022//6022 6265//6265
f 6022//6022 6161//6161 6265//6265
f 6014//6014 6162//6162 6015//6015
f 6162//6162 6014//6014 6163//6163
f 6014//6014 6164//6164 6163//6163
f 6104//6104 6166//6166 6165//6165
f 6018//6018 6019//6019 6168//6168
f 6168//6168 6099//6099 6018//6018
f 6101//6101 6100//6100 6102//6102
f 6099//6099 6168//6168 6220//6220
f 6169//6169 6103//6103 5865//5865
f 6022//6022 6160//6160 5865//5865
f 6169//6169 5865//5865 6160//6160
f 6098//6098 6104//6104 6165//6165
f 6106//6106 6107//6107 6216//6216
f 6034//6034 6173//6173 6035//6035
f 6172//6172 6173//6173 6033//6033
f 5968//5968 6175//6175 6172//6172
f 6108//6108 6035//6035 6173//6173
f 6109//6109 6035//6035 6108//6108
f 5970//5970 6036//6036 6175//6175
f 6175//6175 6036//6036 6039//6039
f 6175//6175 5968//5968 5970//5970
f 6109//6109 6110//6110 6037//6037
f 6109//6109 6234//6234 6110//6110
f 6044//6044 6232//6232 6040//6040
f 6115//6115 7568//7568 6112//6112
f 7569//7569 7562//7562 7570//7570
f 6113//6113 6115//6115 6112//6112
f 6115//6115 6113//6113 6179//6179
f 7570//7570 6176//6176 6113//6113
f 6113//6113 6176//6176 6179//6179
f 6116//6116 6181//6181 6044//6044
f 6041//6041 6183//6183 6117//6117
f 6051//6051 6180//6180 7562//7562
f 6051//6051 6049//6049 6114//6114
f 6114//6114 6180//6180 6051//6051
f 6050//6050 6115//6115 6179//6179
f 6294//6294 6050//6050 7576//7576
f 7562//7562 6180//6180 7570//7570
f 6183//6183 6296//6296 6117//6117
f 6296//6296 6122//6122 6117//6117
f 6058//6058 6059//6059 6121//6121
f 7571//7571 6121//6121 6059//6059
f 6119//6119 6120//6120 6118//6118
f 6119//6119 6184//6184 6120//6120
f 6058//6058 6121//6121 6049//6049
f 6121//6121 7571//7571 7577//7577
f 6121//6121 6114//6114 6049//6049
f 6123//6123 6060//6060 5977//5977
f 6065//6065 6242//6242 6064//6064
f 6060//6060 6123//6123 6069//6069
f 6069//6069 6123//6123 6188//6188
f 6062//6062 6127//6127 7572//7572
f 6124//6124 6126//6126 6125//6125
f 6127//6127 6126//6126 7572//7572
f 6125//6125 6189//6189 6072//6072
f 6129//6129 6072//6072 6128//6128
f 6072//6072 6189//6189 6128//6128
f 6128//6128 6136//6136 6129//6129
f 6136//6136 6135//6135 6129//6129
f 6126//6126 6130//6130 6125//6125
f 6125//6125 7573//7573 6189//6189
f 6126//6126 6127//6127 6130//6130
f 6136//6136 6128//6128 6190//6190
f 6128//6128 6189//6189 6190//6190
f 6131//6131 6143//6143 6132//6132
f 6088//6088 6191//6191 6134//6134
f 6088//6088 6147//6147 6191//6191
f 6185//6185 6134//6134 6191//6191
f 6136//6136 6079//6079 6135//6135
f 6137//6137 6079//6079 6136//6136
f 6137//6137 6080//6080 6079//6079
f 6190//6190 6138//6138 6136//6136
f 6138//6138 6137//6137 6136//6136
f 6138//6138 6193//6193 6137//6137
f 6137//6137 6193//6193 6080//6080
f 6080//6080 6139//6139 6141//6141
f 6141//6141 6140//6140 6082//6082
f 6082//6082 6140//6140 6083//6083
f 6193//6193 6139//6139 6080//6080
f 6142//6142 6199//6199 6086//6086
f 6086//6086 6083//6083 6142//6142
f 6132//6132 6143//6143 6144//6144
f 6144//6144 6199//6199 6132//6132
f 6145//6145 6149//6149 6006//6006
f 6006//6006 5942//5942 6146//6146
f 6146//6146 6145//6145 6006//6006
f 6146//6146 6202//6202 6145//6145
f 6090//6090 6151//6151 6147//6147
f 6201//6201 6093//6093 6148//6148
f 6201//6201 6207//6207 6093//6093
f 6202//6202 6149//6149 6145//6145
f 6150//6150 6149//6149 6202//6202
f 6152//6152 6151//6151 6153//6153
f 6151//6151 6152//6152 6203//6203
f 6207//6207 6161//6161 6092//6092
f 6152//6152 6153//6153 6154//6154
f 6152//6152 6154//6154 6155//6155
f 6156//6156 6157//6157 6158//6158
f 6157//6157 6162//6162 6158//6158
f 6158//6158 6162//6162 6163//6163
f 6155//6155 6094//6094 6205//6205
f 6158//6158 6163//6163 6208//6208
f 6159//6159 6160//6160 6022//6022
f 6209//6209 6169//6169 6160//6160
f 6210//6210 6447//6447 6159//6159
f 6267//6267 6164//6164 6098//6098
f 6098//6098 6165//6165 6211//6211
f 6211//6211 6267//6267 6098//6098
f 6106//6106 6216//6216 6171//6171
f 6028//6028 6167//6167 6107//6107
f 6167//6167 6028//6028 6221//6221
f 6220//6220 6028//6028 6099//6099
f 6028//6028 6220//6220 6221//6221
f 6101//6101 6102//6102 6168//6168
f 6102//6102 6103//6103 6169//6169
f 6102//6102 6169//6169 6224//6224
f 6213//6213 6166//6166 6105//6105
f 6225//6225 6213//6213 6105//6105
f 6170//6170 6225//6225 6105//6105
f 6171//6171 6170//6170 6106//6106
f 6170//6170 6171//6171 6225//6225
f 6278//6278 6172//6172 6175//6175
f 6172//6172 6174//6174 6173//6173
f 7574//7574 6108//6108 6173//6173
f 6172//6172 6278//6278 6174//6174
f 6227//6227 6174//6174 6278//6278
f 7574//7574 6226//6226 6108//6108
f 7574//7574 7578//7578 6226//6226
f 6226//6226 6228//6228 6108//6108
f 6230//6230 6175//6175 6039//6039
f 6108//6108 6231//6231 6109//6109
f 6231//6231 6108//6108 6228//6228
f 6230//6230 6039//6039 6038//6038
f 6183//6183 6041//6041 6234//6234
f 6176//6176 7570//7570 6180//6180
f 6176//6176 6177//6177 6179//6179
f 6239//6239 6179//6179 6177//6177
f 6114//6114 7577//7577 6178//6178
f 6114//6114 6178//6178 6180//6180
f 6176//6176 6180//6180 7575//7575
f 7576//7576 6240//6240 6294//6294
f 6116//6116 6064//6064 6242//6242
f 6116//6116 6242//6242 6182//6182
f 6182//6182 6242//6242 6181//6181
f 6182//6182 6181//6181 6116//6116
f 6181//6181 6243//6243 6244//6244
f 6296//6296 6245//6245 6122//6122
f 6184//6184 6119//6119 6186//6186
f 6121//6121 7577//7577 6114//6114
f 6186//6186 6246//6246 6184//6184
f 6187//6187 6123//6123 5977//5977
f 6245//6245 6313//6313 6122//6122
f 6066//6066 6122//6122 6313//6313
f 6119//6119 6185//6185 6186//6186
f 6246//6246 6186//6186 6185//6185
f 6185//6185 6191//6191 6246//6246
f 6246//6246 6191//6191 6247//6247
f 6188//6188 6123//6123 6187//6187
f 6188//6188 6250//6250 6127//6127
f 6250//6250 6188//6188 6187//6187
f 6427//6427 6250//6250 6187//6187
f 6127//6127 6250//6250 6130//6130
f 6189//6189 7573//7573 6249//6249
f 6190//6190 6194//6194 6138//6138
f 6190//6190 6249//6249 6194//6194
f 6190//6190 6189//6189 6249//6249
f 6131//6131 6252//6252 6242//6242
f 6132//6132 6252//6252 6131//6131
f 6313//6313 6133//6133 6066//6066
f 5942//5942 6133//6133 6313//6313
f 5942//5942 6313//6313 6314//6314
f 6191//6191 6147//6147 6192//6192
f 6191//6191 6192//6192 6247//6247
f 6260//6260 6192//6192 6147//6147
f 6193//6193 6195//6195 6139//6139
f 6194//6194 6193//6193 6138//6138
f 6193//6193 6251//6251 6195//6195
f 6194//6194 6251//6251 6193//6193
f 6139//6139 6196//6196 6141//6141
f 6195//6195 6196//6196 6139//6139
f 6141//6141 6196//6196 6197//6197
f 6196//6196 6198//6198 6197//6197
f 6140//6140 6255//6255 6083//6083
f 6083//6083 6255//6255 6142//6142
f 6141//6141 6197//6197 6140//6140
f 6140//6140 6197//6197 6256//6256
f 6140//6140 6256//6256 6255//6255
f 6197//6197 6254//6254 6256//6256
f 6255//6255 6199//6199 6142//6142
f 6199//6199 6255//6255 6257//6257
f 6199//6199 6200//6200 6132//6132
f 6199//6199 6257//6257 6200//6200
f 6146//6146 5942//5942 6325//6325
f 6146//6146 6325//6325 6202//6202
f 6147//6147 6151//6151 6260//6260
f 6151//6151 6261//6261 6260//6260
f 6201//6201 6150//6150 6262//6262
f 6201//6201 6148//6148 6150//6150
f 6150//6150 6202//6202 6262//6262
f 6203//6203 6261//6261 6151//6151
f 6261//6261 6203//6203 6152//6152
f 6204//6204 6152//6152 6155//6155
f 6156//6156 6158//6158 6206//6206
f 6204//6204 6155//6155 6205//6205
f 6205//6205 6156//6156 6206//6206
f 6264//6264 6204//6204 6205//6205
f 6206//6206 6264//6264 6205//6205
f 6261//6261 6152//6152 6204//6204
f 6158//6158 6266//6266 6206//6206
f 6266//6266 6158//6158 6208//6208
f 6208//6208 6163//6163 6164//6164
f 6208//6208 6164//6164 6445//6445
f 6160//6160 6159//6159 6446//6446
f 6159//6159 6447//6447 6446//6446
f 6164//6164 6267//6267 6445//6445
f 6211//6211 6165//6165 6166//6166
f 6213//6213 6212//6212 6166//6166
f 6211//6211 6166//6166 6214//6214
f 6212//6212 6214//6214 6166//6166
f 6215//6215 6214//6214 6212//6212
f 6215//6215 6212//6212 6213//6213
f 6213//6213 6225//6225 6269//6269
f 6268//6268 6215//6215 6213//6213
f 6269//6269 6268//6268 6213//6213
f 6272//6272 6225//6225 6171//6171
f 6273//6273 6272//6272 6171//6171
f 6270//6270 6225//6225 6272//6272
f 6219//6219 6216//6216 6107//6107
f 6222//6222 6277//6277 6216//6216
f 6219//6219 6222//6222 6216//6216
f 6217//6217 6216//6216 6277//6277
f 6171//6171 6216//6216 6217//6217
f 6217//6217 6218//6218 6171//6171
f 6107//6107 6167//6167 6219//6219
f 6219//6219 6167//6167 6276//6276
f 6276//6276 6167//6167 6221//6221
f 6276//6276 6222//6222 6219//6219
f 6220//6220 6223//6223 6221//6221
f 6220//6220 6168//6168 6223//6223
f 6223//6223 6276//6276 6221//6221
f 6168//6168 6224//6224 6223//6223
f 6168//6168 6102//6102 6224//6224
f 6175//6175 6230//6230 6278//6278
f 6280//6280 6226//6226 7578//7578
f 6280//6280 6228//6228 6226//6226
f 6278//6278 6279//6279 6227//6227
f 7578//7578 6279//6279 6280//6280
f 6232//6232 6229//6229 6038//6038
f 6231//6231 6348//6348 6109//6109
f 6234//6234 6109//6109 6347//6347
f 6109//6109 6348//6348 6347//6347
f 6232//6232 6044//6044 6236//6236
f 6236//6236 6233//6233 6232//6232
f 6236//6236 6237//6237 6233//6233
f 6233//6233 6237//6237 6287//6287
f 6291//6291 6183//6183 6234//6234
f 6234//6234 6347//6347 6288//6288
f 6291//6291 6234//6234 6288//6288
f 6181//6181 6236//6236 6044//6044
f 6236//6236 6181//6181 6235//6235
f 6183//6183 6291//6291 6292//6292
f 6180//6180 6239//6239 7575//7575
f 6239//6239 6180//6180 6238//6238
f 6178//6178 6238//6238 6180//6180
f 7579//7579 6179//6179 6239//6239
f 6239//6239 6241//6241 7579//7579
f 6241//6241 7582//7582 7579//7579
f 6239//6239 6293//6293 6241//6241
f 7582//7582 6241//6241 6295//6295
f 6181//6181 6244//6244 6235//6235
f 6242//6242 6306//6306 6181//6181
f 6235//6235 6244//6244 6236//6236
f 6243//6243 6181//6181 6306//6306
f 6296//6296 6183//6183 6292//6292
f 6187//6187 5977//5977 6299//6299
f 6187//6187 6299//6299 6302//6302
f 6313//6313 6245//6245 6296//6296
f 6246//6246 6248//6248 6184//6184
f 6426//6426 6246//6246 6435//6435
f 6246//6246 6247//6247 6435//6435
f 6308//6308 6184//6184 6248//6248
f 6187//6187 6302//6302 6427//6427
f 6249//6249 7573//7573 6250//6250
f 6251//6251 6194//6194 6249//6249
f 6249//6249 6250//6250 6310//6310
f 6427//6427 6310//6310 6250//6250
f 6251//6251 6249//6249 6310//6310
f 6251//6251 6311//6311 6253//6253
f 6312//6312 6132//6132 6259//6259
f 6252//6252 6306//6306 6242//6242
f 6260//6260 6434//6434 6192//6192
f 6198//6198 6196//6196 6195//6195
f 6251//6251 6253//6253 6195//6195
f 6253//6253 6198//6198 6195//6195
f 6253//6253 6254//6254 6198//6198
f 6315//6315 6254//6254 6253//6253
f 6198//6198 6254//6254 6197//6197
f 6317//6317 6254//6254 6315//6315
f 6255//6255 6320//6320 6257//6257
f 6254//6254 6255//6255 6256//6256
f 6254//6254 6316//6316 6255//6255
f 6255//6255 6316//6316 6320//6320
f 6259//6259 6132//6132 6200//6200
f 6200//6200 6257//6257 6259//6259
f 6257//6257 6258//6258 6259//6259
f 6258//6258 6257//6257 6320//6320
f 6258//6258 6319//6319 6259//6259
f 6259//6259 6319//6319 6312//6312
f 6263//6263 6202//6202 6325//6325
f 6325//6325 6326//6326 6263//6263
f 6325//6325 5942//5942 6314//6314
f 6261//6261 6434//6434 6260//6260
f 6262//6262 6202//6202 6263//6263
f 6262//6262 6263//6263 6326//6326
f 6262//6262 6326//6326 6201//6201
f 6207//6207 6201//6201 6326//6326
f 6204//6204 6264//6264 6261//6261
f 6444//6444 6206//6206 6266//6266
f 6264//6264 6206//6206 6444//6444
f 6265//6265 6447//6447 6210//6210
f 6447//6447 6265//6265 6161//6161
f 6445//6445 6267//6267 6327//6327
f 6223//6223 6224//6224 6331//6331
f 6224//6224 6169//6169 6331//6331
f 6160//6160 6446//6446 6209//6209
f 6211//6211 6214//6214 6332//6332
f 6215//6215 6268//6268 6271//6271
f 6214//6214 6215//6215 6332//6332
f 6271//6271 6332//6332 6215//6215
f 6332//6332 6267//6267 6211//6211
f 6270//6270 6269//6269 6225//6225
f 6271//6271 6268//6268 6269//6269
f 6270//6270 6272//6272 6273//6273
f 6273//6273 6334//6334 6270//6270
f 6217//6217 6274//6274 6218//6218
f 6218//6218 6273//6273 6171//6171
f 6273//6273 6218//6218 6275//6275
f 6335//6335 6273//6273 6275//6275
f 6334//6334 6273//6273 6335//6335
f 6277//6277 6274//6274 6217//6217
f 6218//6218 6330//6330 6275//6275
f 6274//6274 6330//6330 6218//6218
f 6222//6222 6276//6276 6277//6277
f 6276//6276 6455//6455 6277//6277
f 6339//6339 6280//6280 6279//6279
f 6228//6228 6342//6342 6231//6231
f 6229//6229 6230//6230 6038//6038
f 6337//6337 6229//6229 6281//6281
f 6229//6229 6337//6337 6230//6230
f 6337//6337 6278//6278 6230//6230
f 6281//6281 6229//6229 6232//6232
f 6281//6281 6232//6232 6282//6282
f 6282//6282 6283//6283 6281//6281
f 7581//7581 7580//7580 6284//6284
f 6285//6285 6284//6284 7580//7580
f 6284//6284 6285//6285 6344//6344
f 6285//6285 6286//6286 6345//6345
f 6232//6232 6233//6233 6282//6282
f 6233//6233 6286//6286 7580//7580
f 6233//6233 6287//6287 6286//6286
f 6287//6287 6237//6237 6289//6289
f 6285//6285 7580//7580 6286//6286
f 6288//6288 6347//6347 6359//6359
f 6236//6236 6289//6289 6237//6237
f 6244//6244 6289//6289 6236//6236
f 6244//6244 6399//6399 6289//6289
f 6287//6287 6289//6289 6290//6290
f 6288//6288 6391//6391 6291//6291
f 6291//6291 6391//6391 6488//6488
f 6291//6291 6488//6488 6292//6292
f 6293//6293 6239//6239 6238//6238
f 6295//6295 6241//6241 6293//6293
f 7583//7583 6299//6299 5977//5977
f 6300//6300 7582//7582 6295//6295
f 6300//6300 6299//6299 7583//7583
f 6300//6300 6295//6295 6404//6404
f 6244//6244 6243//6243 6399//6399
f 6289//6289 6399//6399 6290//6290
f 6243//6243 6307//6307 6399//6399
f 6488//6488 6495//6495 6292//6292
f 6297//6297 6178//6178 7577//7577
f 6238//6238 6178//6178 6297//6297
f 6297//6297 6184//6184 6309//6309
f 6297//6297 6298//6298 6238//6238
f 6298//6298 6297//6297 6309//6309
f 6238//6238 6298//6298 6293//6293
f 6298//6298 6402//6402 6403//6403
f 6298//6298 6309//6309 6402//6402
f 6300//6300 6302//6302 6299//6299
f 6404//6404 6301//6301 6300//6300
f 6303//6303 6305//6305 6302//6302
f 6303//6303 6302//6302 6300//6300
f 6303//6303 6300//6300 6301//6301
f 6304//6304 6305//6305 6303//6303
f 6409//6409 6304//6304 6303//6303
f 6409//6409 6410//6410 6304//6304
f 6304//6304 6410//6410 6305//6305
f 6305//6305 6427//6427 6302//6302
f 6306//6306 6429//6429 6430//6430
f 6430//6430 6307//6307 6306//6306
f 6243//6243 6306//6306 6307//6307
f 6416//6416 6399//6399 6307//6307
f 6418//6418 6419//6419 6313//6313
f 6313//6313 6296//6296 6418//6418
f 6248//6248 6246//6246 6426//6426
f 6309//6309 6184//6184 6308//6308
f 6425//6425 6308//6308 6248//6248
f 6425//6425 6248//6248 6426//6426
f 6308//6308 6425//6425 6309//6309
f 6309//6309 6425//6425 6402//6402
f 6311//6311 6251//6251 6310//6310
f 6310//6310 6427//6427 6311//6311
f 6428//6428 6311//6311 6427//6427
f 6132//6132 6312//6312 6252//6252
f 6312//6312 6429//6429 6252//6252
f 6252//6252 6429//6429 6306//6306
f 6325//6325 6314//6314 6433//6433
f 6192//6192 6435//6435 6247//6247
f 6434//6434 6435//6435 6192//6192
f 6315//6315 6253//6253 6311//6311
f 6317//6317 6315//6315 6311//6311
f 6254//6254 6317//6317 6316//6316
f 6316//6316 6318//6318 6320//6320
f 6311//6311 6436//6436 6317//6317
f 6317//6317 6436//6436 6316//6316
f 6316//6316 6436//6436 6318//6318
f 6320//6320 6321//6321 6258//6258
f 6258//6258 6321//6321 6319//6319
f 6321//6321 6323//6323 6319//6319
f 6318//6318 6322//6322 6320//6320
f 6320//6320 6322//6322 6321//6321
f 6322//6322 6323//6323 6321//6321
f 6322//6322 6437//6437 6323//6323
f 6318//6318 6437//6437 6322//6322
f 6324//6324 6312//6312 6319//6319
f 6324//6324 6319//6319 6323//6323
f 6312//6312 6324//6324 6429//6429
f 6437//6437 6324//6324 6323//6323
f 6326//6326 6325//6325 6441//6441
f 6558//6558 6583//6583 6325//6325
f 6261//6261 6264//6264 6434//6434
f 6444//6444 6266//6266 6443//6443
f 6444//6444 6434//6434 6264//6264
f 6266//6266 6208//6208 6443//6443
f 6447//6447 6589//6589 6446//6446
f 6208//6208 6445//6445 6443//6443
f 6332//6332 6327//6327 6267//6267
f 6448//6448 6327//6327 6332//6332
f 6330//6330 6452//6452 6328//6328
f 6328//6328 6452//6452 6329//6329
f 6328//6328 6329//6329 6335//6335
f 6329//6329 6450//6450 6334//6334
f 6334//6334 6450//6450 6333//6333
f 6449//6449 6330//6330 6451//6451
f 6330//6330 6449//6449 6452//6452
f 6331//6331 6276//6276 6223//6223
f 6331//6331 6455//6455 6276//6276
f 6209//6209 6446//6446 6169//6169
f 6594//6594 6332//6332 6271//6271
f 6271//6271 6269//6269 6333//6333
f 6271//6271 6333//6333 6594//6594
f 6270//6270 6334//6334 6269//6269
f 6334//6334 6333//6333 6269//6269
f 6335//6335 6275//6275 6328//6328
f 6328//6328 6275//6275 6330//6330
f 6329//6329 6334//6334 6335//6335
f 6451//6451 6274//6274 6277//6277
f 6451//6451 6330//6330 6274//6274
f 6279//6279 6340//6340 6339//6339
f 6278//6278 6336//6336 6279//6279
f 6279//6279 6336//6336 6340//6340
f 6281//6281 6283//6283 6337//6337
f 6278//6278 6337//6337 6336//6336
f 6343//6343 6228//6228 6280//6280
f 6344//6344 6346//6346 6338//6338
f 6457//6457 6336//6336 6337//6337
f 7584//7584 6284//6284 6338//6338
f 6284//6284 6344//6344 6338//6338
f 6458//6458 6343//6343 6280//6280
f 6280//6280 6339//6339 6458//6458
f 7584//7584 6338//6338 7709//7709
f 6336//6336 6457//6457 6340//6340
f 7709//7709 6341//6341 6461//6461
f 7709//7709 6338//6338 6341//6341
f 6348//6348 6231//6231 6350//6350
f 6343//6343 6342//6342 6228//6228
f 6342//6342 6343//6343 6459//6459
f 6463//6463 6231//6231 6342//6342
f 6341//6341 6338//6338 6346//6346
f 6458//6458 6459//6459 6343//6343
f 6461//6461 6341//6341 6346//6346
f 7581//7581 6284//6284 7584//7584
f 6344//6344 6285//6285 6346//6346
f 6346//6346 6285//6285 6345//6345
f 6346//6346 6345//6345 6352//6352
f 6348//6348 6349//6349 6347//6347
f 6351//6351 6348//6348 6350//6350
f 6351//6351 7585//7585 6348//6348
f 6353//6353 7592//7592 7586//7586
f 7587//7587 7593//7593 7588//7588
f 6356//6356 6355//6355 7594//7594
f 7589//7589 7595//7595 7600//7600
f 7602//7602 6370//6370 7590//7590
f 7585//7585 6351//6351 7635//7635
f 6357//6357 6354//6354 6358//6358
f 7606//7606 7599//7599 7605//7605
f 7603//7603 7591//7591 7601//7601
f 6370//6370 7602//7602 6376//6376
f 6464//6464 6231//6231 6463//6463
f 6231//6231 6464//6464 6350//6350
f 6350//6350 6464//6464 7597//7597
f 6287//6287 6364//6364 6286//6286
f 6369//6369 6288//6288 6359//6359
f 6359//6359 6347//6347 6360//6360
f 6286//6286 6364//6364 6345//6345
f 6345//6345 6364//6364 6352//6352
f 6347//6347 6349//6349 6360//6360
f 6359//6359 6360//6360 6362//6362
f 6364//6364 6287//6287 6390//6390
f 6391//6391 6288//6288 6383//6383
f 6360//6360 6349//6349 6361//6361
f 6352//6352 6364//6364 6365//6365
f 6363//6363 7621//7621 7609//7609
f 7616//7616 6372//6372 7622//7622
f 7610//7610 7623//7623 7607//7607
f 7608//7608 7624//7624 7611//7611
f 6361//6361 6367//6367 7617//7617
f 7639//7639 7618//7618 7612//7612
f 7619//7619 7613//7613 7625//7625
f 6362//6362 7617//7617 6367//6367
f 6362//6362 6367//6367 6359//6359
f 6368//6368 6359//6359 7631//7631
f 6369//6369 6359//6359 6368//6368
f 6364//6364 6390//6390 6366//6366
f 6371//6371 6361//6361 7636//7636
f 6361//6361 6349//6349 7636//7636
f 7604//7604 6352//6352 6365//6365
f 6365//6365 7651//7651 7604//7604
f 7626//7626 7640//7640 7652//7652
f 6373//6373 6361//6361 6371//6371
f 6367//6367 6361//6361 6373//6373
f 7627//7627 7641//7641 7614//7614
f 7644//7644 7628//7628 7632//7632
f 7620//7620 7629//7629 7615//7615
f 7634//7634 7633//7633 7630//7630
f 7634//7634 7630//7630 6375//6375
f 6368//6368 7649//7649 6369//6369
f 6383//6383 6288//6288 6369//6369
f 7666//7666 6369//6369 7649//7649
f 6366//6366 6390//6390 7650//7650
f 7637//7637 6370//6370 6376//6376
f 7653//7653 7642//7642 7645//7645
f 7654//7654 7646//7646 7638//7638
f 6377//6377 6379//6379 6374//6374
f 7647//7647 6380//6380 7655//7655
f 7643//7643 7628//7628 7644//7644
f 6380//6380 7647//7647 6381//6381
f 7648//7648 7659//7659 7662//7662
f 6390//6390 6385//6385 7650//7650
f 7649//7649 7672//7672 7666//7666
f 6377//6377 6378//6378 6379//6379
f 7661//7661 7657//7657 7656//7656
f 7657//7657 7661//7661 7663//7663
f 7658//7658 7664//7664 7660//7660
f 6384//6384 7667//7667 6382//6382
f 7665//7665 7673//7673 7669//7669
f 7665//7665 7668//7668 7673//7673
f 6383//6383 6386//6386 6391//6391
f 6386//6386 6383//6383 7670//7670
f 6385//6385 7674//7674 7671//7671
f 6392//6392 7674//7674 6385//6385
f 7687//7687 7685//7685 7675//7675
f 6387//6387 6393//6393 6388//6388
f 7676//7676 6394//6394 7690//7690
f 7677//7677 7679//7679 6389//6389
f 7678//7678 7681//7681 7693//7693
f 7691//7691 7682//7682 7680//7680
f 6287//6287 6290//6290 6390//6390
f 6290//6290 6400//6400 6390//6390
f 6390//6390 6392//6392 6385//6385
f 6391//6391 6396//6396 6398//6398
f 7683//7683 7692//7692 7694//7694
f 7697//7697 7686//7686 7688//7688
f 7698//7698 7689//7689 6397//6397
f 6395//6395 6469//6469 6468//6468
f 7700//7700 7704//7704 7699//7699
f 6390//6390 7701//7701 6392//6392
f 7702//7702 6470//6470 7705//7705
f 6398//6398 7721//7721 6472//6472
f 6391//6391 6398//6398 6472//6472
f 6405//6405 6404//6404 6295//6295
f 6295//6295 6408//6408 6405//6405
f 6290//6290 6399//6399 6400//6400
f 6400//6400 6416//6416 6417//6417
f 6416//6416 6400//6400 6399//6399
f 6390//6390 6400//6400 6401//6401
f 6390//6390 6401//6401 6537//6537
f 6401//6401 6400//6400 6417//6417
f 6296//6296 6292//6292 6495//6495
f 6296//6296 6424//6424 6418//6418
f 6296//6296 6495//6495 6486//6486
f 6486//6486 6424//6424 6296//6296
f 6293//6293 6408//6408 6295//6295
f 6408//6408 6293//6293 6298//6298
f 6404//6404 6411//6411 6301//6301
f 6406//6406 6411//6411 6404//6404
f 6407//6407 6406//6406 6404//6404
f 6405//6405 6407//6407 6404//6404
f 6408//6408 6609//6609 6405//6405
f 6408//6408 6298//6298 6609//6609
f 6301//6301 6411//6411 6303//6303
f 6409//6409 6303//6303 6411//6411
f 6409//6409 6412//6412 6410//6410
f 6411//6411 6412//6412 6409//6409
f 6413//6413 6411//6411 6406//6406
f 6411//6411 6413//6413 6412//6412
f 6413//6413 6406//6406 6533//6533
f 6533//6533 6406//6406 6534//6534
f 6406//6406 6407//6407 6534//6534
f 6305//6305 6415//6415 6427//6427
f 6410//6410 6415//6415 6305//6305
f 6412//6412 6414//6414 6410//6410
f 6410//6410 6414//6414 6415//6415
f 6413//6413 6414//6414 6412//6412
f 6536//6536 6415//6415 6414//6414
f 6413//6413 6536//6536 6414//6414
f 6536//6536 6427//6427 6415//6415
f 6432//6432 6416//6416 6307//6307
f 6416//6416 6432//6432 6550//6550
f 6416//6416 6550//6550 6417//6417
f 6423//6423 6417//6417 6550//6550
f 6419//6419 6418//6418 6420//6420
f 6418//6418 6424//6424 6421//6421
f 6401//6401 6417//6417 6423//6423
f 6421//6421 6424//6424 6541//6541
f 6418//6418 7706//7706 6422//6422
f 6418//6418 6422//6422 6420//6420
f 6420//6420 6539//6539 6419//6419
f 6419//6419 6539//6539 6313//6313
f 6537//6537 6401//6401 6423//6423
f 6541//6541 6422//6422 7706//7706
f 6420//6420 6422//6422 6538//6538
f 6538//6538 6422//6422 6541//6541
f 6420//6420 7886//7886 6539//6539
f 6613//6613 6541//6541 6424//6424
f 6402//6402 6425//6425 6426//6426
f 6544//6544 6402//6402 6426//6426
f 6575//6575 6426//6426 6435//6435
f 7921//7921 6544//6544 6426//6426
f 6544//6544 6403//6403 6402//6402
f 6699//6699 6428//6428 6427//6427
f 6577//6577 6311//6311 6428//6428
f 6428//6428 6576//6576 6577//6577
f 6440//6440 6431//6431 6429//6429
f 6546//6546 6431//6431 6440//6440
f 6431//6431 6430//6430 6429//6429
f 6430//6430 6431//6431 6547//6547
f 7887//7887 6582//6582 6430//6430
f 6548//6548 6432//6432 6307//6307
f 6325//6325 6433//6433 6558//6558
f 6313//6313 6564//6564 6314//6314
f 6436//6436 6437//6437 6318//6318
f 6438//6438 6437//6437 6436//6436
f 6311//6311 6438//6438 6436//6436
f 6438//6438 6311//6311 6577//6577
f 6439//6439 6324//6324 6437//6437
f 6439//6439 6440//6440 6324//6324
f 6438//6438 6579//6579 6437//6437
f 6437//6437 6579//6579 6439//6439
f 6577//6577 6579//6579 6438//6438
f 6324//6324 6440//6440 6429//6429
f 6579//6579 6440//6440 6439//6439
f 6325//6325 6583//6583 6441//6441
f 6441//6441 6583//6583 6442//6442
f 6441//6441 6442//6442 6705//6705
f 6705//6705 6326//6326 6441//6441
f 6434//6434 6444//6444 6711//6711
f 6207//6207 6447//6447 6161//6161
f 6707//6707 6207//6207 6326//6326
f 6444//6444 6445//6445 6711//6711
f 6445//6445 6444//6444 6443//6443
f 6169//6169 6446//6446 6870//6870
f 6590//6590 6589//6589 6447//6447
f 6594//6594 6448//6448 6332//6332
f 6595//6595 6327//6327 6448//6448
f 6329//6329 6452//6452 6450//6450
f 6596//6596 6450//6450 6452//6452
f 6455//6455 6453//6453 6277//6277
f 6451//6451 6277//6277 6453//6453
f 6455//6455 6456//6456 6453//6453
f 6449//6449 6451//6451 6454//6454
f 6588//6588 6449//6449 6454//6454
f 6331//6331 6456//6456 6455//6455
f 6456//6456 6331//6331 6833//6833
f 6458//6458 6339//6339 6340//6340
f 6457//6457 7710//7710 6340//6340
f 6458//6458 6340//6340 7710//7710
f 6458//6458 7710//7710 6459//6459
f 6460//6460 6342//6342 6459//6459
f 6462//6462 6342//6342 6460//6460
f 6460//6460 6459//6459 7710//7710
f 6460//6460 7710//7710 7711//7711
f 6463//6463 6342//6342 6462//6462
f 6463//6463 6462//6462 6466//6466
f 7711//7711 7710//7710 7712//7712
f 6461//6461 6346//6346 6465//6465
f 6464//6464 6463//6463 6466//6466
f 6466//6466 7597//7597 6464//6464
f 6346//6346 6352//6352 6465//6465
f 7596//7596 7598//7598 7713//7713
f 7714//7714 6465//6465 6352//6352
f 6465//6465 7714//7714 6461//6461
f 7695//7695 7717//7717 6467//6467
f 7696//7696 7715//7715 7719//7719
f 7720//7720 7716//7716 7718//7718
f 7722//7722 7703//7703 6471//6471
f 7724//7724 7727//7727 7723//7723
f 7684//7684 6471//6471 7703//7703
f 6488//6488 6391//6391 6472//6472
f 7725//7725 6487//6487 7728//7728
f 6390//6390 7761//7761 7726//7726
f 7762//7762 7728//7728 6487//6487
f 6473//6473 6474//6474 6476//6476
f 7729//7729 6478//6478 7732//7732
f 7733//7733 6479//6479 7735//7735
f 7733//7733 6475//6475 6479//6479
f 6478//6478 6480//6480 7734//7734
f 7732//7732 6478//6478 7734//7734
f 6475//6475 6490//6490 6479//6479
f 6475//6475 6489//6489 6490//6490
f 6480//6480 6491//6491 7765//7765
f 7734//7734 6480//6480 7765//7765
f 6477//6477 7730//7730 7736//7736
f 7731//7731 7738//7738 7742//7742
f 7744//7744 7739//7739 7737//7737
f 7748//7748 7743//7743 7740//7740
f 7749//7749 7741//7741 7745//7745
f 7769//7769 7777//7777 7746//7746
f 7747//7747 7778//7778 7750//7750
f 6482//6482 6483//6483 6481//6481
f 7753//7753 6484//6484 7755//7755
f 7754//7754 7751//7751 7757//7757
f 7752//7752 7756//7756 7758//7758
f 6485//6485 6501//6501 6506//6506
f 7759//7759 6508//6508 7798//7798
f 6390//6390 6492//6492 7761//7761
f 6486//6486 6495//6495 6496//6496
f 6493//6493 6486//6486 6496//6496
f 7770//7770 7766//7766 7763//7763
f 7771//7771 7764//7764 7781//7781
f 7782//7782 7762//7762 6487//6487
f 7767//7767 6495//6495 6488//6488
f 7768//7768 7779//7779 7786//7786
f 6390//6390 6537//6537 6492//6492
f 7780//7780 7772//7772 7787//7787
f 7783//7783 6499//6499 6510//6510
f 6505//6505 7791//7791 6492//6492
f 6537//6537 6505//6505 6492//6492
f 7784//7784 7819//7819 7773//7773
f 6424//6424 6486//6486 6494//6494
f 6486//6486 7785//7785 6494//6494
f 6494//6494 7785//7785 6497//6497
f 6424//6424 6494//6494 6613//6613
f 6498//6498 6496//6496 6495//6495
f 6498//6498 6500//6500 6496//6496
f 6500//6500 6493//6493 6496//6496
f 6497//6497 7795//7795 6504//6504
f 6497//6497 7785//7785 7795//7795
f 7774//7774 6503//6503 7788//7788
f 7802//7802 6498//6498 6495//6495
f 6499//6499 6502//6502 6510//6510
f 7792//7792 6498//6498 7801//7801
f 7793//7793 7796//7796 7790//7790
f 7802//7802 7801//7801 6498//6498
f 7797//7797 7794//7794 7807//7807
f 7791//7791 6505//6505 7808//7808
f 7810//7810 7799//7799 6507//6507
f 7800//7800 7814//7814 7812//7812
f 7775//7775 6511//6511 7803//7803
f 6511//6511 6515//6515 7803//7803
f 7820//7820 7804//7804 6514//6514
f 6510//6510 6502//6502 7805//7805
f 7806//7806 7834//7834 7831//7831
f 6527//6527 7789//7789 7809//7809
f 7870//7870 6494//6494 6497//6497
f 7871//7871 7808//7808 6505//6505
f 7760//7760 7811//7811 7813//7813
f 7760//7760 7813//7813 7815//7815
f 6517//6517 6509//6509 6518//6518
f 7840//7840 6521//6521 7816//7816
f 7843//7843 7817//7817 6520//6520
f 7818//7818 7852//7852 7849//7849
f 7819//7819 6513//6513 7773//7773
f 7776//7776 7827//7827 7822//7822
f 7828//7828 7835//7835 7823//7823
f 6512//6512 6516//6516 6522//6522
f 7824//7824 6525//6525 7837//7837
f 7829//7829 7821//7821 7832//7832
f 7855//7855 7838//7838 6524//6524
f 7830//7830 7833//7833 7836//7836
f 7839//7839 7864//7864 7861//7861
f 7841//7841 7844//7844 6519//6519
f 7842//7842 7846//7846 7853//7853
f 7847//7847 7845//7845 7850//7850
f 7848//7848 7851//7851 7854//7854
f 7856//7856 6523//6523 7825//7825
f 7865//7865 7826//7826 7858//7858
f 6529//6529 6528//6528 6526//6526
f 7873//7873 6531//6531 7867//7867
f 7859//7859 7857//7857 7862//7862
f 7876//7876 7868//7868 6530//6530
f 7860//7860 7863//7863 7866//7866
f 7869//7869 7882//7882 7879//7879
f 6494//6494 7870//7870 6532//6532
f 7885//7885 6613//6613 6494//6494
f 7874//7874 7877//7877 6598//6598
f 7875//7875 7924//7924 7883//7883
f 7925//7925 7878//7878 7880//7880
f 7926//7926 7881//7881 7884//7884
f 6601//6601 6600//6600 6599//6599
f 7871//7871 6614//6614 6604//6604
f 6407//6407 6405//6405 6534//6534
f 6609//6609 6535//6535 6405//6405
f 6298//6298 6403//6403 6609//6609
f 6534//6534 6536//6536 6533//6533
f 6536//6536 6413//6413 6533//6533
f 6535//6535 6534//6534 6405//6405
f 6610//6610 6427//6427 6536//6536
f 6538//6538 6541//6541 6542//6542
f 6539//6539 7909//7909 6313//6313
f 6543//6543 6537//6537 6540//6540
f 6537//6537 6423//6423 6540//6540
f 6537//6537 6543//6543 6505//6505
f 6565//6565 6543//6543 6540//6540
f 6553//6553 6565//6565 6540//6540
f 6617//6617 6541//6541 6613//6613
f 6542//6542 6541//6541 6617//6617
f 6617//6617 6538//6538 6542//6542
f 6539//6539 7886//7886 7964//7964
f 7964//7964 7909//7909 6539//6539
f 6543//6543 7871//7871 6505//6505
f 7871//7871 6616//6616 6614//6614
f 6543//6543 6616//6616 7871//7871
f 6565//6565 6568//6568 6543//6543
f 7964//7964 6665//6665 7909//7909
f 6403//6403 6544//6544 6545//6545
f 6544//6544 7921//7921 6545//6545
f 7921//7921 6661//6661 6545//6545
f 6610//6610 6662//6662 6427//6427
f 6662//6662 6699//6699 6427//6427
f 6546//6546 6581//6581 6431//6431
f 6431//6431 6581//6581 6547//6547
f 6701//6701 7887//7887 6581//6581
f 6430//6430 6548//6548 6307//6307
f 6548//6548 6552//6552 6432//6432
f 6430//6430 6549//6549 6548//6548
f 6548//6548 6549//6549 6704//6704
f 6548//6548 6704//6704 6552//6552
f 6550//6550 6551//6551 6423//6423
f 6550//6550 6432//6432 6552//6552
f 6551//6551 6550//6550 6552//6552
f 6552//6552 6561//6561 6551//6551
f 6704//6704 6561//6561 6552//6552
f 6564//6564 6567//6567 6314//6314
f 6433//6433 6314//6314 6554//6554
f 6554//6554 6314//6314 7912//7912
f 6551//6551 6555//6555 6540//6540
f 6551//6551 6540//6540 6423//6423
f 6540//6540 6555//6555 6553//6553
f 6433//6433 6554//6554 6557//6557
f 6555//6555 6551//6551 6561//6561
f 7890//7890 7888//7888 7893//7893
f 7889//7889 7891//7891 6556//6556
f 7896//7896 6554//6554 7912//7912
f 7894//7894 7897//7897 7892//7892
f 6583//6583 7899//7899 6584//6584
f 7910//7910 7889//7889 6556//6556
f 7910//7910 6556//6556 6566//6566
f 7911//7911 7896//7896 7912//7912
f 7895//7895 6559//6559 7898//7898
f 7707//7707 7898//7898 6559//6559
f 6555//6555 6561//6561 6560//6560
f 7900//7900 6555//6555 6560//6560
f 7904//7904 6562//6562 7901//7901
f 6563//6563 7901//7901 6562//6562
f 6433//6433 7902//7902 6558//6558
f 7905//7905 6666//6666 6573//6573
f 7905//7905 6573//6573 7906//7906
f 6560//6560 6663//6663 7905//7905
f 7905//7905 6663//6663 6666//6666
f 6568//6568 6565//6565 6569//6569
f 6574//6574 7903//7903 7907//7907
f 7913//7913 7910//7910 6571//6571
f 6571//6571 7910//7910 6566//6566
f 7915//7915 7911//7911 7912//7912
f 6564//6564 6572//6572 6567//6567
f 7912//7912 6572//6572 7915//7915
f 6564//6564 8092//8092 6572//6572
f 7902//7902 7918//7918 6558//6558
f 6569//6569 6570//6570 6568//6568
f 6568//6568 6570//6570 6669//6669
f 7913//7913 6571//6571 7914//7914
f 7908//7908 7916//7916 7919//7919
f 8100//8100 7914//7914 6571//6571
f 8100//8100 6571//6571 6664//6664
f 8091//8091 7915//7915 6572//6572
f 6572//6572 8092//8092 8091//8091
f 7917//7917 8094//8094 6667//6667
f 7917//7917 6667//6667 7920//7920
f 6558//6558 7918//7918 8097//8097
f 6681//6681 6584//6584 7899//7899
f 6575//6575 6435//6435 6434//6434
f 6434//6434 6711//6711 6575//6575
f 6699//6699 6856//6856 6576//6576
f 6699//6699 6576//6576 6428//6428
f 6580//6580 6579//6579 6577//6577
f 6576//6576 6580//6580 6577//6577
f 6576//6576 6700//6700 6580//6580
f 6576//6576 6856//6856 6700//6700
f 6578//6578 6546//6546 6440//6440
f 6579//6579 6578//6578 6440//6440
f 6581//6581 6578//6578 6579//6579
f 6581//6581 6546//6546 6578//6578
f 6579//6579 6580//6580 6581//6581
f 6580//6580 6700//6700 6581//6581
f 6700//6700 6701//6701 6581//6581
f 6430//6430 6582//6582 6549//6549
f 7887//7887 6701//6701 6582//6582
f 6701//6701 6703//6703 6582//6582
f 6582//6582 6703//6703 6549//6549
f 6703//6703 6704//6704 6549//6549
f 6705//6705 6442//6442 6584//6584
f 6584//6584 6442//6442 6583//6583
f 6326//6326 6705//6705 6707//6707
f 6584//6584 6681//6681 6705//6705
f 6711//6711 6445//6445 6712//6712
f 6445//6445 6585//6585 6712//6712
f 6830//6830 6207//6207 6707//6707
f 6830//6830 6447//6447 6207//6207
f 6591//6591 6714//6714 6716//6716
f 6445//6445 6327//6327 6585//6585
f 6595//6595 6812//6812 6327//6327
f 6585//6585 6327//6327 6812//6812
f 6595//6595 6594//6594 6718//6718
f 6586//6586 6587//6587 6596//6596
f 6596//6596 6587//6587 6719//6719
f 6727//6727 6586//6586 6588//6588
f 6721//6721 6586//6586 6727//6727
f 6721//6721 6587//6587 6586//6586
f 6592//6592 7708//7708 7922//7922
f 6870//6870 6446//6446 7923//7923
f 6589//6589 6590//6590 6591//6591
f 6590//6590 6447//6447 6714//6714
f 7922//7922 6591//6591 6592//6592
f 6590//6590 6714//6714 6591//6591
f 6592//6592 6591//6591 6593//6593
f 6593//6593 6591//6591 6715//6715
f 6825//6825 6592//6592 6593//6593
f 6870//6870 7923//7923 6825//6825
f 6715//6715 6825//6825 6593//6593
f 6594//6594 6595//6595 6448//6448
f 6333//6333 6717//6717 6594//6594
f 6333//6333 6450//6450 6719//6719
f 6720//6720 6717//6717 6333//6333
f 6452//6452 6449//6449 6586//6586
f 6586//6586 6449//6449 6588//6588
f 6452//6452 6586//6586 6596//6596
f 6450//6450 6596//6596 6719//6719
f 6588//6588 6454//6454 6597//6597
f 6451//6451 6597//6597 6454//6454
f 6453//6453 6597//6597 6451//6451
f 6597//6597 6833//6833 6588//6588
f 6453//6453 6456//6456 6833//6833
f 6833//6833 6597//6597 6453//6453
f 6331//6331 6169//6169 6835//6835
f 7929//7929 7931//7931 6603//6603
f 6602//6602 7932//7932 7927//7927
f 7934//7934 7928//7928 7930//7930
f 7936//7936 7934//7934 7930//7930
f 6532//6532 7870//7870 6605//6605
f 6613//6613 7885//7885 7939//7939
f 7933//7933 7935//7935 7937//7937
f 7872//7872 7938//7938 7940//7940
f 7940//7940 7938//7938 6606//6606
f 7941//7941 7942//7942 6608//6608
f 6613//6613 7939//7939 7947//7947
f 6649//6649 6613//6613 7947//7947
f 7943//7943 6604//6604 6638//6638
f 8035//8035 6608//6608 7942//7942
f 6607//6607 7948//7948 8036//8036
f 8037//8037 6650//6650 7944//7944
f 7949//7949 7945//7945 6651//6651
f 7947//7947 8074//8074 6649//6649
f 8075//8075 7946//7946 8072//8072
f 6535//6535 6611//6611 6534//6534
f 6611//6611 6536//6536 6534//6534
f 6611//6611 6610//6610 6536//6536
f 6610//6610 6611//6611 6612//6612
f 6611//6611 6730//6730 6612//6612
f 6617//6617 6613//6613 6615//6615
f 6629//6629 6616//6616 6543//6543
f 6629//6629 6543//6543 6568//6568
f 6604//6604 6614//6614 6619//6619
f 6618//6618 6615//6615 6613//6613
f 6613//6613 6649//6649 6618//6618
f 7958//7958 7952//7952 7950//7950
f 7951//7951 7953//7953 7973//7973
f 7974//7974 7954//7954 6622//6622
f 6623//6623 6615//6615 6618//6618
f 7955//7955 7959//7959 6625//6625
f 7956//7956 7983//7983 7980//7980
f 7989//7989 6626//6626 7957//7957
f 7991//7991 6617//6617 6615//6615
f 8001//8001 7965//7965 7960//7960
f 7961//7961 7966//7966 6627//6627
f 7995//7995 7967//7967 6628//6628
f 7998//7998 6617//6617 7991//7991
f 8002//8002 6630//6630 7968//7968
f 7964//7964 8005//8005 6665//6665
f 8006//8006 6672//6672 8093//8093
f 6620//6620 6633//6633 6604//6604
f 6619//6619 6620//6620 6604//6604
f 7975//7975 7969//7969 8019//8019
f 6621//6621 8020//8020 7970//7970
f 7977//7977 6618//6618 6649//6649
f 7977//7977 6649//6649 6634//6634
f 6632//6632 6620//6620 6619//6619
f 6632//6632 6619//6619 7981//7981
f 7971//7971 8012//8012 7984//7984
f 7972//7972 7976//7976 8013//8013
f 7985//7985 8014//8014 6624//6624
f 8021//8021 7978//7978 8015//8015
f 7986//7986 8016//8016 7979//7979
f 6634//6634 6642//6642 7987//7987
f 7977//7977 6634//6634 7987//7987
f 7982//7982 8048//8048 8017//8017
f 7980//7980 7988//7988 8049//8049
f 7980//7980 7983//7983 7988//7988
f 7962//7962 7992//7992 7990//7990
f 7993//7993 7963//7963 6636//6636
f 8025//8025 7961//7961 6627//6627
f 7994//7994 8026//8026 7999//7999
f 6635//6635 7996//7996 6631//6631
f 8023//8023 8025//8025 6627//6627
f 8007//8007 7997//7997 8000//8000
f 8008//8008 7999//7999 8026//8026
f 6630//6630 8002//8002 8104//8104
f 8024//8024 8009//8009 8003//8003
f 8105//8105 8004//8004 8010//8010
f 8011//8011 8027//8027 8106//8106
f 6633//6633 6638//6638 6604//6604
f 8038//8038 8069//8069 6639//6639
f 6638//6638 6633//6633 6640//6640
f 8070//8070 8039//8039 6641//6641
f 6649//6649 8046//8046 6634//6634
f 8046//8046 6642//6642 6634//6634
f 8022//8022 8018//8018 8050//8050
f 6645//6645 6682//6682 6637//6637
f 6669//6669 6683//6683 8028//8028
f 6629//6629 6669//6669 8028//8028
f 8003//8003 8029//8029 8024//8024
f 8107//8107 8030//8030 8032//8032
f 8058//8058 8033//8033 8031//8031
f 8129//8129 8108//8108 8034//8034
f 6650//6650 8037//8037 8041//8041
f 8045//8045 8047//8047 8040//8040
f 6643//6643 8042//8042 6653//6653
f 8053//8053 6650//6650 8041//8041
f 8045//8045 8051//8051 8047//8047
f 8078//8078 6644//6644 8054//8054
f 6640//6640 6633//6633 8052//8052
f 8028//8028 6683//6683 8059//8059
f 6657//6657 6655//6655 8073//8073
f 8053//8053 8086//8086 6650//6650
f 8055//8055 8086//8086 8053//8053
f 6688//6688 6647//6647 6646//6646
f 6646//6646 8059//8059 6683//6683
f 8060//8060 8061//8061 8130//8130
f 8062//8062 8063//8063 8131//8131
f 8064//8064 8150//8150 6648//6648
f 6646//6646 6683//6683 6688//6688
f 8066//8066 6693//6693 8065//8065
f 6693//6693 8132//8132 8065//8065
f 6691//6691 8067//8067 8151//8151
f 8160//8160 8166//8166 8068//8068
f 6660//6660 6733//6733 6732//6732
f 6652//6652 6649//6649 8074//8074
f 8071//8071 8076//8076 8043//8043
f 8075//8075 8072//8072 8082//8082
f 8074//8074 8083//8083 6652//6652
f 8079//8079 8044//8044 8077//8077
f 8080//8080 6652//6652 6658//6658
f 6658//6658 6652//6652 8083//8083
f 6658//6658 8056//8056 8080//8080
f 6659//6659 6654//6654 6656//6656
f 8084//8084 8087//8087 8088//8088
f 8088//8088 8087//8087 8057//8057
f 8081//8081 8089//8089 8085//8085
f 6403//6403 6545//6545 6735//6735
f 6545//6545 6661//6661 6735//6735
f 7921//7921 6698//6698 6661//6661
f 6661//6661 6698//6698 6735//6735
f 6735//6735 6698//6698 6734//6734
f 6662//6662 6610//6610 6612//6612
f 6560//6560 6561//6561 6663//6663
f 6561//6561 6704//6704 6663//6663
f 6681//6681 6696//6696 6710//6710
f 6679//6679 6663//6663 6697//6697
f 6663//6663 6708//6708 6709//6709
f 6663//6663 8174//8174 6697//6697
f 6663//6663 6709//6709 8175//8175
f 6709//6709 6739//6739 8175//8175
f 6629//6629 6568//6568 6669//6669
f 8100//8100 6664//6664 6670//6670
f 8091//8091 8092//8092 8102//8102
f 6558//6558 8097//8097 6668//6668
f 7899//7899 8099//8099 6681//6681
f 6671//6671 8101//8101 8103//8103
f 6671//6671 8103//8103 6685//6685
f 8102//8102 8092//8092 8142//8142
f 8108//8108 8142//8142 8092//8092
f 8095//8095 6674//6674 8098//8098
f 8112//8112 6668//6668 8097//8097
f 8101//8101 6671//6671 8143//8143
f 8113//8113 8096//8096 8123//8123
f 6663//6663 6679//6679 6666//6666
f 6675//6675 6673//6673 6676//6676
f 8136//8136 8101//8101 8143//8143
f 6678//6678 8109//8109 8115//8115
f 8117//8117 8110//8110 6677//6677
f 8111//8111 8121//8121 8119//8119
f 6680//6680 6668//6668 8112//8112
f 6680//6680 6690//6690 6668//6668
f 8158//8158 6681//6681 8099//8099
f 8118//8118 8122//8122 8116//8116
f 8142//8142 8108//8108 6684//6684
f 8108//8108 8129//8129 6684//6684
f 8118//8118 8120//8120 8122//8122
f 8124//8124 8128//8128 8114//8114
f 8125//8125 6687//6687 6680//6680
f 8126//8126 6686//6686 8148//8148
f 8137//8137 8144//8144 8139//8139
f 8145//8145 6694//6694 8149//8149
f 6687//6687 8168//8168 6690//6690
f 6680//6680 6687//6687 6690//6690
f 8127//8127 6746//6746 8146//8146
f 8206//8206 8176//8176 6681//6681
f 6689//6689 6688//6688 6683//6683
f 8152//8152 8133//8133 6692//6692
f 8153//8153 8155//8155 8134//8134
f 6693//6693 8163//8163 8132//8132
f 8156//8156 8138//8138 8140//8140
f 8157//8157 8141//8141 8135//8135
f 8169//8169 6695//6695 8159//8159
f 8170//8170 8147//8147 8207//8207
f 8208//8208 6697//6697 8174//8174
f 8161//8161 8154//8154 8164//8164
f 8162//8162 8165//8165 8167//8167
f 8169//8169 6737//6737 6695//6695
f 8192//8192 6738//6738 8173//8173
f 6738//6738 8158//8158 8173//8173
f 8158//8158 6744//6744 6681//6681
f 6679//6679 6697//6697 8208//8208
f 8177//8177 8196//8196 6795//6795
f 6575//6575 6711//6711 6698//6698
f 6712//6712 6782//6782 6711//6711
f 6698//6698 6711//6711 6781//6781
f 6711//6711 6782//6782 6781//6781
f 6662//6662 6879//6879 6699//6699
f 6879//6879 6857//6857 6699//6699
f 6856//6856 6783//6783 6700//6700
f 6703//6703 6701//6701 6702//6702
f 6700//6700 6702//6702 6701//6701
f 6783//6783 6702//6702 6700//6700
f 6704//6704 6703//6703 6702//6702
f 6830//6830 6707//6707 6786//6786
f 6681//6681 6710//6710 6705//6705
f 6706//6706 6705//6705 6710//6710
f 6705//6705 6706//6706 6707//6707
f 6704//6704 6708//6708 6663//6663
f 6704//6704 6787//6787 6708//6708
f 6787//6787 6850//6850 6708//6708
f 6708//6708 6784//6784 6709//6709
f 6708//6708 6850//6850 8292//8292
f 8293//8293 6785//6785 8179//8179
f 8183//8183 8180//8180 8295//8295
f 6788//6788 6706//6706 8296//8296
f 6706//6706 6710//6710 8297//8297
f 6707//6707 6706//6706 6788//6788
f 8299//8299 6786//6786 6707//6707
f 8305//8305 8184//8184 8178//8178
f 6585//6585 6812//6812 6813//6813
f 6585//6585 6813//6813 6712//6712
f 6813//6813 6812//6812 6814//6814
f 6717//6717 6713//6713 6820//6820
f 6826//6826 6716//6716 6714//6714
f 6715//6715 6716//6716 6824//6824
f 6716//6716 6826//6826 6824//6824
f 6812//6812 6595//6595 6718//6718
f 6718//6718 6594//6594 6717//6717
f 6818//6818 6718//6718 6717//6717
f 6719//6719 6587//6587 6723//6723
f 6723//6723 6587//6587 6724//6724
f 6719//6719 6720//6720 6333//6333
f 6720//6720 6719//6719 6725//6725
f 6719//6719 6723//6723 6725//6725
f 6820//6820 6818//6818 6717//6717
f 6717//6717 6720//6720 6713//6713
f 6713//6713 6720//6720 6823//6823
f 6823//6823 6720//6720 6725//6725
f 6727//6727 6722//6722 6721//6721
f 6722//6722 6587//6587 6721//6721
f 6724//6724 6587//6587 6726//6726
f 6587//6587 6722//6722 6726//6726
f 6723//6723 6724//6724 6725//6725
f 6724//6724 6726//6726 6725//6725
f 6726//6726 6823//6823 6725//6725
f 6726//6726 6722//6722 6727//6727
f 6727//6727 6823//6823 6726//6726
f 6831//6831 6588//6588 6833//6833
f 6169//6169 6870//6870 6835//6835
f 6715//6715 6591//6591 6716//6716
f 6609//6609 6728//6728 6535//6535
f 6535//6535 6728//6728 6611//6611
f 6728//6728 6609//6609 6729//6729
f 6729//6729 6609//6609 6403//6403
f 6735//6735 6731//6731 6403//6403
f 6730//6730 6611//6611 8187//8187
f 6730//6730 6728//6728 6729//6729
f 6730//6730 6736//6736 6612//6612
f 6731//6731 6729//6729 6403//6403
f 8188//8188 6730//6730 6729//6729
f 8190//8190 8191//8191 8090//8090
f 6734//6734 6698//6698 6781//6781
f 6735//6735 6734//6734 6781//6781
f 6731//6731 6735//6735 6781//6781
f 6731//6731 6781//6781 6842//6842
f 6662//6662 6612//6612 6736//6736
f 6662//6662 6736//6736 6871//6871
f 6871//6871 6879//6879 6662//6662
f 6736//6736 6837//6837 6871//6871
f 6794//6794 8197//8197 8181//8181
f 6753//6753 8158//8158 6738//6738
f 6744//6744 8158//8158 6753//6753
f 6681//6681 6744//6744 8206//8206
f 8302//8302 6795//6795 8196//8196
f 6797//6797 6745//6745 6796//6796
f 8307//8307 8204//8204 6799//6799
f 6742//6742 6741//6741 6740//6740
f 6748//6748 6747//6747 6743//6743
f 8199//8199 8200//8200 8198//8198
f 8212//8212 6751//6751 8201//8201
f 8193//8193 8171//8171 6757//6757
f 8202//8202 6750//6750 8215//8215
f 8194//8194 8240//8240 6752//6752
f 8194//8194 6752//6752 8195//8195
f 8203//8203 8224//8224 8221//8221
f 8227//8227 6753//6753 6738//6738
f 6759//6759 6744//6744 6753//6753
f 6755//6755 8172//8172 8209//8209
f 8205//8205 8310//8310 6801//6801
f 6801//6801 8234//8234 8205//8205
f 8204//8204 8235//8235 6799//6799
f 8210//8210 8315//8315 8236//8236
f 8211//8211 6744//6744 8316//8316
f 8213//8213 8216//8216 6749//6749
f 6756//6756 6778//6778 6779//6779
f 8218//8218 8225//8225 8214//8214
f 8222//8222 8219//8219 8217//8217
f 8220//8220 8223//8223 8226//8226
f 8228//8228 8241//8241 8229//8229
f 8230//8230 8242//8242 6754//6754
f 6758//6758 6761//6761 8231//8231
f 8243//8243 8245//8245 8232//8232
f 8171//8171 8237//8237 6757//6757
f 6759//6759 6753//6753 8233//8233
f 8233//8233 8255//8255 6759//6759
f 6744//6744 6759//6759 6762//6762
f 6803//6803 8234//8234 6801//6801
f 8316//8316 6744//6744 6762//6762
f 8237//8237 6760//6760 6757//6757
f 8248//8248 8250//8250 6769//6769
f 8251//8251 8249//8249 8256//8256
f 6757//6757 6760//6760 6763//6763
f 8244//8244 8259//8259 8246//8246
f 8260//8260 6765//6765 8247//8247
f 6758//6758 8262//8262 6761//6761
f 6760//6760 8237//8237 6766//6766
f 6764//6764 8252//8252 8257//8257
f 8263//8263 8261//8261 8258//8258
f 8252//8252 6764//6764 6768//6768
f 8268//8268 8253//8253 8264//8264
f 8263//8263 8266//8266 8261//8261
f 6776//6776 6766//6766 8237//8237
f 6776//6776 8237//8237 6804//6804
f 6771//6771 6762//6762 6759//6759
f 8269//8269 6771//6771 6759//6759
f 6763//6763 6760//6760 6767//6767
f 8267//8267 8265//8265 8254//8254
f 6774//6774 6772//6772 6770//6770
f 6840//6840 8270//8270 8275//8275
f 6763//6763 6767//6767 6780//6780
f 8289//8289 8265//8265 8267//8267
f 6766//6766 6776//6776 6773//6773
f 8271//8271 6775//6775 8278//8278
f 8264//8264 8277//8277 8268//8268
f 8272//8272 8338//8338 8279//8279
f 6810//6810 6807//6807 6809//6809
f 6808//6808 8281//8281 8322//8322
f 8273//8273 8282//8282 8327//8327
f 6774//6774 6839//6839 6772//6772
f 6777//6777 6773//6773 6776//6776
f 6775//6775 8335//8335 8278//8278
f 8277//8277 8284//8284 8268//8268
f 8336//8336 8280//8280 8339//8339
f 8274//8274 8285//8285 8283//8283
f 8286//8286 6771//6771 8269//8269
f 8239//8239 8288//8288 8287//8287
f 8290//8290 8266//8266 8263//8263
f 8260//8260 8291//8291 6765//6765
f 6781//6781 6782//6782 6842//6842
f 6842//6842 6782//6782 8331//8331
f 6842//6842 8331//8331 6841//6841
f 6816//6816 6841//6841 6813//6813
f 6879//6879 6883//6883 6857//6857
f 6699//6699 6857//6857 6856//6856
f 6783//6783 6859//6859 6702//6702
f 8294//8294 6800//6800 8298//8298
f 8292//8292 6850//6850 8317//8317
f 8185//8185 8303//8303 8182//8182
f 8296//8296 8318//8318 6788//6788
f 6793//6793 6830//6830 6786//6786
f 6793//6793 6786//6786 6790//6790
f 8300//8300 6786//6786 6789//6789
f 6789//6789 6786//6786 8299//8299
f 8300//8300 6789//6789 6791//6791
f 6789//6789 8299//8299 6791//6791
f 6791//6791 8299//8299 6805//6805
f 6788//6788 6806//6806 8325//8325
f 8300//8300 6791//6791 6811//6811
f 6791//6791 6805//6805 6811//6811
f 6793//6793 6790//6790 6792//6792
f 8301//8301 8300//8300 6811//6811
f 6845//6845 6850//6850 6787//6787
f 8311//8311 8308//8308 6798//6798
f 8304//8304 8186//8186 8306//8306
f 8313//8313 8309//8309 8316//8316
f 8319//8319 8312//8312 8314//8314
f 8313//8313 8316//8316 6802//6802
f 8320//8320 8319//8319 6802//6802
f 6802//6802 8319//8319 8314//8314
f 8320//8320 6802//6802 8316//8316
f 6850//6850 6847//6847 8317//8317
f 8341//8341 6806//6806 8318//8318
f 6788//6788 8318//8318 6806//6806
f 8323//8323 8238//8238 8321//8321
f 8324//8324 8320//8320 8316//8316
f 8324//8324 8316//8316 8328//8328
f 8328//8328 8316//8316 6762//6762
f 6771//6771 8328//8328 6762//6762
f 8342//8342 6846//6846 6806//6806
f 6846//6846 8325//8325 6806//6806
f 8326//8326 8330//8330 8329//8329
f 6846//6846 6811//6811 6805//6805
f 6712//6712 8331//8331 6782//6782
f 6814//6814 6812//6812 6815//6815
f 6812//6812 6718//6718 6815//6815
f 6814//6814 6817//6817 6816//6816
f 6814//6814 6816//6816 6813//6813
f 6815//6815 6817//6817 6814//6814
f 6815//6815 6819//6819 6817//6817
f 6817//6817 6841//6841 6816//6816
f 6815//6815 6718//6718 6819//6819
f 6819//6819 6718//6718 6818//6818
f 6819//6819 6841//6841 6817//6817
f 6820//6820 6713//6713 6823//6823
f 6818//6818 6820//6820 6821//6821
f 6822//6822 6818//6818 6821//6821
f 6822//6822 6819//6819 6818//6818
f 6822//6822 6821//6821 6874//6874
f 6823//6823 6884//6884 6820//6820
f 6783//6783 6856//6856 6860//6860
f 6783//6783 6860//6860 6859//6859
f 6715//6715 6824//6824 6825//6825
f 6825//6825 6824//6824 6829//6829
f 6825//6825 6829//6829 6870//6870
f 6702//6702 6859//6859 6704//6704
f 6714//6714 6447//6447 6827//6827
f 6714//6714 6828//6828 6826//6826
f 6828//6828 6714//6714 6930//6930
f 6827//6827 6930//6930 6714//6714
f 6829//6829 6824//6824 6826//6826
f 6447//6447 6830//6830 6827//6827
f 6826//6826 6828//6828 6829//6829
f 6930//6930 6827//6827 6895//6895
f 6863//6863 6828//6828 6930//6930
f 6863//6863 6829//6829 6828//6828
f 6829//6829 6863//6863 6870//6870
f 6827//6827 6830//6830 6895//6895
f 6588//6588 6831//6831 6832//6832
f 6832//6832 6727//6727 6588//6588
f 6727//6727 6832//6832 6865//6865
f 6865//6865 6832//6832 6867//6867
f 6832//6832 6831//6831 6867//6867
f 6331//6331 6835//6835 6834//6834
f 6837//6837 6730//6730 8188//8188
f 6836//6836 6736//6736 6730//6730
f 6837//6837 6836//6836 6730//6730
f 6837//6837 6736//6736 6836//6836
f 8332//8332 8189//8189 6838//6838
f 8334//8334 6731//6731 6842//6842
f 6838//6838 6872//6872 8332//8332
f 8334//8334 6842//6842 8352//8352
f 6881//6881 6879//6879 6871//6871
f 8276//8276 8337//8337 8340//8340
f 6842//6842 6841//6841 6843//6843
f 6843//6843 6841//6841 6819//6819
f 6843//6843 6819//6819 6873//6873
f 6857//6857 6892//6892 6916//6916
f 6704//6704 6859//6859 6787//6787
f 6787//6787 6844//6844 6845//6845
f 6844//6844 6787//6787 6859//6859
f 6859//6859 6845//6845 6844//6844
f 6793//6793 6792//6792 6848//6848
f 6830//6830 6793//6793 6848//6848
f 6830//6830 6848//6848 6895//6895
f 6901//6901 6930//6930 6895//6895
f 6811//6811 8343//8343 8301//8301
f 6811//6811 6846//6846 8343//8343
f 8343//8343 6846//6846 6849//6849
f 6849//6849 6846//6846 8342//8342
f 8343//8343 6849//6849 8345//8345
f 8345//8345 6849//6849 8342//8342
f 6851//6851 8344//8344 8346//8346
f 6900//6900 6895//6895 6848//6848
f 8348//8348 6900//6900 6848//6848
f 6874//6874 6819//6819 6822//6822
f 6821//6821 6820//6820 6874//6874
f 6820//6820 6884//6884 6874//6874
f 6874//6874 6873//6873 6819//6819
f 6823//6823 6852//6852 6884//6884
f 6823//6823 6866//6866 6852//6852
f 6853//6853 6867//6867 6910//6910
f 6852//6852 6866//6866 6854//6854
f 6866//6866 6855//6855 6854//6854
f 6855//6855 8350//8350 6853//6853
f 6855//6855 6853//6853 6910//6910
f 6854//6854 6855//6855 6911//6911
f 6855//6855 6910//6910 6911//6911
f 6831//6831 6858//6858 6867//6867
f 6867//6867 6858//6858 6910//6910
f 6862//6862 6860//6860 6856//6856
f 6857//6857 6862//6862 6856//6856
f 6862//6862 6857//6857 6916//6916
f 6834//6834 6869//6869 6918//6918
f 6918//6918 6922//6922 6834//6834
f 6869//6869 6861//6861 6918//6918
f 6870//6870 6863//6863 6864//6864
f 6823//6823 6727//6727 6866//6866
f 6727//6727 6865//6865 8350//8350
f 8350//8350 6865//6865 6867//6867
f 6867//6867 6853//6853 8350//8350
f 6834//6834 6833//6833 6331//6331
f 6833//6833 6834//6834 6868//6868
f 6831//6831 6833//6833 6858//6858
f 6915//6915 6858//6858 6833//6833
f 6923//6923 6915//6915 6833//6833
f 8351//8351 6923//6923 6833//6833
f 6869//6869 6834//6834 6835//6835
f 6869//6869 6835//6835 6861//6861
f 6868//6868 6834//6834 6922//6922
f 6835//6835 6870//6870 6925//6925
f 8333//8333 8353//8353 6871//6871
f 8352//8352 6842//6842 6877//6877
f 8353//8353 6881//6881 6871//6871
f 8356//8356 8352//8352 6936//6936
f 6843//6843 6877//6877 6842//6842
f 6873//6873 6874//6874 6875//6875
f 6874//6874 6876//6876 6875//6875
f 6884//6884 8354//8354 6874//6874
f 6873//6873 6875//6875 6880//6880
f 6843//6843 6873//6873 8355//8355
f 6880//6880 6875//6875 6878//6878
f 6875//6875 8354//8354 6878//6878
f 6877//6877 6936//6936 8352//8352
f 6877//6877 6843//6843 8355//8355
f 6877//6877 8355//8355 6936//6936
f 6879//6879 6886//6886 6883//6883
f 6878//6878 8354//8354 6885//6885
f 8354//8354 6884//6884 6885//6885
f 6879//6879 6937//6937 6886//6886
f 6880//6880 6878//6878 6882//6882
f 6882//6882 6878//6878 6885//6885
f 6879//6879 6881//6881 6937//6937
f 6936//6936 8355//8355 8357//8357
f 8360//8360 8359//8359 8361//8361
f 6884//6884 6887//6887 8362//8362
f 8358//8358 8363//8363 8366//8366
f 6892//6892 6883//6883 6888//6888
f 6887//6887 6884//6884 6909//6909
f 6887//6887 6909//6909 6889//6889
f 8368//8368 6883//6883 8367//8367
f 6888//6888 6883//6883 8368//8368
f 6886//6886 6937//6937 6890//6890
f 6885//6885 8364//8364 6891//6891
f 8369//8369 8371//8371 8365//8365
f 6885//6885 6891//6891 6882//6882
f 6889//6889 6913//6913 6893//6893
f 8368//8368 8373//8373 6888//6888
f 6888//6888 8374//8374 6892//6892
f 6890//6890 6937//6937 6939//6939
f 8370//8370 6938//6938 8372//8372
f 6882//6882 6891//6891 8397//8397
f 6893//6893 6913//6913 6914//6914
f 6883//6883 6892//6892 6857//6857
f 6892//6892 6956//6956 6916//6916
f 6894//6894 6956//6956 6892//6892
f 6892//6892 8374//8374 6894//6894
f 8376//8376 8375//8375 8390//8390
f 8430//8430 8376//8376 8390//8390
f 8377//8377 6899//6899 6901//6901
f 6930//6930 6906//6906 6934//6934
f 6901//6901 6906//6906 6930//6930
f 6859//6859 6972//6972 6845//6845
f 6897//6897 6896//6896 6898//6898
f 8379//8379 8380//8380 8378//8378
f 6900//6900 6899//6899 6895//6895
f 6904//6904 6850//6850 6845//6845
f 6900//6900 6905//6905 6899//6899
f 8346//8346 6902//6902 6851//6851
f 8381//8381 6900//6900 8348//8348
f 6906//6906 6901//6901 6903//6903
f 6901//6901 6899//6899 6903//6903
f 6903//6903 6899//6899 6905//6905
f 8382//8382 8347//8347 8384//8384
f 6845//6845 6953//6953 6904//6904
f 6900//6900 8381//8381 6905//6905
f 8387//8387 8383//8383 8385//8385
f 6905//6905 6906//6906 6903//6903
f 8385//8385 6955//6955 8387//8387
f 6905//6905 8428//8428 6906//6906
f 6906//6906 8428//8428 6934//6934
f 8386//8386 8424//8424 8429//8429
f 6852//6852 6909//6909 6884//6884
f 6911//6911 6912//6912 6854//6854
f 6854//6854 6907//6907 6852//6852
f 6852//6852 6907//6907 6908//6908
f 6907//6907 6957//6957 6908//6908
f 6907//6907 6854//6854 8432//8432
f 8432//8432 6854//6854 6912//6912
f 8388//8388 6852//6852 6908//6908
f 8388//8388 6908//6908 6957//6957
f 6889//6889 6909//6909 6913//6913
f 8389//8389 8388//8388 6957//6957
f 6912//6912 6911//6911 6910//6910
f 8433//8433 6914//6914 6913//6913
f 8431//8431 6914//6914 8433//8433
f 6910//6910 6858//6858 6917//6917
f 6858//6858 6915//6915 6917//6917
f 6917//6917 6915//6915 6923//6923
f 6965//6965 6962//6962 6916//6916
f 6917//6917 6923//6923 6961//6961
f 6956//6956 6958//6958 6916//6916
f 6958//6958 6965//6965 6916//6916
f 6918//6918 6861//6861 6919//6919
f 6916//6916 6962//6962 6862//6862
f 6862//6862 6962//6962 6860//6860
f 6921//6921 8391//8391 6861//6861
f 6919//6919 6920//6920 6918//6918
f 6921//6921 6861//6861 6835//6835
f 6921//6921 6835//6835 6925//6925
f 6962//6962 6972//6972 6860//6860
f 6920//6920 6919//6919 6926//6926
f 6928//6928 8391//8391 6921//6921
f 6921//6921 6925//6925 6928//6928
f 6922//6922 6918//6918 6924//6924
f 6972//6972 6859//6859 6860//6860
f 6919//6919 8392//8392 6926//6926
f 6918//6918 6920//6920 6924//6924
f 6920//6920 6926//6926 6924//6924
f 6922//6922 6924//6924 6927//6927
f 6924//6924 6926//6926 6927//6927
f 6964//6964 6923//6923 6922//6922
f 6961//6961 6963//6963 6917//6917
f 6922//6922 6927//6927 6964//6964
f 6870//6870 6929//6929 6925//6925
f 6971//6971 6968//6968 6925//6925
f 6926//6926 8392//8392 6927//6927
f 6925//6925 6968//6968 6928//6928
f 6927//6927 6928//6928 6964//6964
f 6968//6968 6964//6964 6928//6928
f 6863//6863 6934//6934 6864//6864
f 6930//6930 6934//6934 6863//6863
f 6929//6929 6870//6870 6864//6864
f 6933//6933 6864//6864 6931//6931
f 6864//6864 6934//6934 6931//6931
f 8349//8349 8395//8395 8393//8393
f 6933//6933 6931//6931 6954//6954
f 8395//8395 6932//6932 8393//8393
f 8394//8394 6925//6925 6929//6929
f 6954//6954 6931//6931 6934//6934
f 6935//6935 6932//6932 8395//8395
f 8394//8394 8396//8396 6925//6925
f 6970//6970 6935//6935 8395//8395
f 6971//6971 6925//6925 8396//8396
f 6970//6970 8395//8395 8425//8425
f 6971//6971 6935//6935 6970//6970
f 6923//6923 8351//8351 6922//6922
f 8356//8356 6936//6936 6940//6940
f 6937//6937 6881//6881 8401//8401
f 8401//8401 8399//8399 6937//6937
f 8398//8398 6890//6890 6939//6939
f 8398//8398 6939//6939 6941//6941
f 8400//8400 6942//6942 8402//8402
f 6944//6944 6936//6936 8357//8357
f 6944//6944 8357//8357 6945//6945
f 6882//6882 8397//8397 8411//8411
f 8403//8403 8411//8411 8397//8397
f 8405//8405 8399//8399 8401//8401
f 6936//6936 8410//8410 6940//6940
f 6940//6940 8410//8410 8406//8406
f 8404//8404 8407//8407 6943//6943
f 8408//8408 6946//6946 8409//8409
f 6949//6949 8404//8404 6943//6943
f 8418//8418 8409//8409 6946//6946
f 6944//6944 6945//6945 6948//6948
f 8403//8403 8419//8419 8416//8416
f 8403//8403 8416//8416 8411//8411
f 8412//8412 8406//8406 8410//8410
f 6947//6947 8412//8412 8410//8410
f 8413//8413 6944//6944 6948//6948
f 8414//8414 8418//8418 6946//6946
f 6951//6951 6950//6950 6952//6952
f 8415//8415 8417//8417 8420//8420
f 8422//8422 8423//8423 8421//8421
f 6845//6845 6972//6972 6953//6953
f 8424//8424 8445//8445 8426//8426
f 8428//8428 8427//8427 6934//6934
f 8429//8429 8424//8424 8426//8426
f 6959//6959 8431//8431 8433//8433
f 6956//6956 8434//8434 6958//6958
f 8432//8432 6912//6912 6966//6966
f 6910//6910 6917//6917 6960//6960
f 8433//8433 8438//8438 6959//6959
f 6965//6965 6958//6958 8434//8434
f 8433//8433 8439//8439 8438//8438
f 6960//6960 6912//6912 6910//6910
f 6917//6917 6963//6963 6960//6960
f 6960//6960 6966//6966 6912//6912
f 6963//6963 6961//6961 8435//8435
f 6961//6961 6923//6923 6964//6964
f 6965//6965 8436//8436 6962//6962
f 6969//6969 6962//6962 8436//8436
f 8440//8440 6960//6960 6963//6963
f 6967//6967 8438//8438 8439//8439
f 8436//8436 6965//6965 8441//8441
f 8442//8442 8440//8440 6963//6963
f 8435//8435 8442//8442 6963//6963
f 6962//6962 6969//6969 8446//8446
f 8447//8447 8443//8443 6974//6974
f 8450//8450 8444//8444 8437//8437
f 6964//6964 6968//6968 8451//8451
f 8451//8451 6968//6968 6971//6971
f 8425//8425 6971//6971 6970//6970
f 8425//8425 6973//6973 6971//6971
f 6973//6973 8451//8451 6971//6971
f 8451//8451 6973//6973 8448//8448
f 8426//8426 8445//8445 8449//8449
