# Wavafront OBJ file of BodyParts3D
# BodyParts3D, Copyright(C) 2010-2011 The Database Center for Life Science licensed under CC Attribution-Share Alike 2.1 Japan.
vn -0.988169 0.0680493 -0.137448
v -115.456 -125.367 930
vn -0.9692 -0.197619 0.146965
v -115.458 -125.366 931.136
vn -0.998937 -0.00536332 0.0457871
v -115.578 -124.727 931.2
vn -0.945432 -0.121879 0.302165
v -115.48 -124.748 931.5
vn -0.585853 -0.249775 0.770966
v -115.333 -124.779 931.616
vn -0.95013 -0.0372779 0.309619
v -115.43 -123.532 931.8
vn -0.991283 0.112128 -0.0691762
v -115.378 -122.929 932.1
vn -0.980489 -0.0140054 0.196073
v -115.258 -122.981 932.7
vn -0.483429 -0.164031 0.859878
v -115.146 -123.899 931.89
vn 0.159852 -0.81913 0.550884
v -114.959 -123.018 932.768
vn -0.994803 0.0552844 -0.085505
v -115.491 -122.636 933.6
vn 0.485294 -0.689237 0.537998
v -115.331 -121.881 934.8
vn -0.998848 -0.0414953 0.0240989
v -115.294 -120.187 935.7
vn -0.995154 0.0751197 -0.0634471
v -115.314 -119.876 935.4
vn -0.98509 0.147414 -0.0886979
v -115.522 -121.34 934.8
vn -0.635895 -0.354455 0.685565
v -115.403 -120.777 935.455
vn -0.3777 -0.305424 0.874104
v -115.109 -120.84 935.611
vn -0.157785 -0.386523 0.908683
v -114.984 -120.253 935.726
vn -0.136589 -0.637349 0.758373
v -114.922 -119.959 935.958
vn 0.703455 -0.427331 0.567925
v -114.262 -120.406 935.1
vn 0.767641 -0.321464 0.554426
v -114.061 -119.529 935.4
vn -0.978148 0.207909 -0.000206266
v -115.574 -120.14 936.3
vn -0.960681 0.207192 -0.184835
v -115.571 -120.128 936.288
vn 0.255557 -0.844553 -0.470554
v -115.558 -120.131 936.3
vn -0.976473 0.0212352 -0.214591
v -115.397 -119.858 936
vn -0.97654 0.181785 -0.115429
v -115.415 -119.394 936.3
vn -0.988648 -0.0246996 0.148209
v -115.404 -119.34 936.9
vn 0.303743 -0.73716 0.603602
v -115.153 -119.603 936.515
vn 0.301698 -0.711727 0.634368
v -115.103 -119.368 936.9
vn 0.568136 -0.611522 0.550693
v -114.797 -119.372 936.609
vn 0.783455 -0.244736 0.571229
v -114.168 -118.586 935.7
vn -0.977881 0.174573 0.115211
v -115.376 -118.636 937.2
vn -0.947881 0.287019 -0.138352
v -115.146 -118.071 937.2
vn -0.982584 0.175271 0.06171
v -115.084 -117.778 936.9
vn -0.977268 0.198989 -0.0731452
v -114.987 -117.185 936.9
vn -0.925856 0.135475 0.352756
v -115.28 -118.755 937.5
vn -0.995044 0.0987025 0.0120211
v -115.015 -117.513 937.2
vn 0.712043 -0.327894 0.620871
v -114.99 -118.835 937.2
vn 0.280991 0.145746 0.948579
v -114.904 -118.43 937.203
vn 0.204594 0.0687232 0.976431
v -114.779 -117.843 937.136
vn 0.249237 -0.814763 0.523491
v -114.485 -117.905 937.05
vn -0.805644 -0.456798 0.37719
v -114.911 -116.895 938.7
vn 0.450903 -0.663026 0.597564
v -114.607 -117.035 938.4
vn 0.839392 -0.294793 0.456637
v -113.05 -114.837 937.8
vn -0.780403 -0.489343 0.389248
v -114.854 -114.76 940.5
vn -0.801558 -0.367472 0.471667
v -115.068 -116.555 938.7
vn -0.945607 0.300703 -0.124113
v -114.798 -115.079 939.9
vn -0.937036 -0.348928 -0.014606
v -114.804 -115.077 940.306
vn -0.780403 -0.489343 0.389248
v -114.767 -114.9 940.5
vn 0.110254 -0.806403 0.580998
v -114.454 -114.845 940.5
vn -0.612402 0.687183 -0.390823
v -114.709 -114.631 940.5
vn -0.619771 0.695452 -0.363634
v -114.68 -114.49 940.718
vn 0.521015 -0.613137 0.593807
v -114.573 -115.433 939.983
vn 0.838687 -0.294309 0.458243
v -113.631 -115.327 938.91
vn -0.826309 -0.518128 0.220808
v -114.742 -114.784 940.864
vn -0.757141 -0.418137 0.501895
v -114.623 -114.222 941.1
vn -0.948185 0.268625 -0.169664
v -112.772 -113.056 930
vn -0.757141 -0.418137 0.501895
v -114.639 -114.192 941.1
vn 0.576115 -0.570824 -0.585022
v -114.475 -113.307 941.7
vn -0.757141 -0.418137 0.501895
v -114.617 -114.197 941.129
vn 0.576115 -0.570824 -0.585022
v -114.415 -113.247 941.7
vn 0.576115 -0.570824 -0.585022
v -114.43 -113.316 941.753
vn -0.96579 0.258684 -0.0182229
v -114.219 -113.055 940.8
vn 0.521688 -0.68223 0.512253
v -114.181 -112.143 942.234
vn 0.659475 -0.552335 0.509921
v -114.012 -112.792 941.184
vn -0.777962 0.514686 -0.360379
v -114.12 -111.235 942.9
vn 0.560793 -0.399462 -0.725218
v -114.118 -111.849 942.121
vn 0.534945 -0.675775 0.507111
v -113.917 -111.892 942.3
vn -0.978148 0.207911 -3.236e-005
v -114.072 -111.632 942.3
vn -0.914528 0.335367 -0.226204
v -114.056 -111.556 942.363
vn 0.728119 0.383004 -0.568463
v -113.838 -111.602 942.6
vn -0.756435 0.519873 -0.396911
v -113.999 -111.289 942.6
vn -0.734472 0.554818 -0.390804
v -113.994 -111.262 942.625
vn 0.739337 0.412999 -0.531801
v -113.775 -111.309 942.9
vn -0.714549 0.584378 -0.384606
v -113.942 -111.018 942.9
vn -0.774164 0.543676 -0.324171
v -113.931 -110.969 942.955
vn 0.678374 -0.540458 0.497709
v -112.369 -110.687 941.7
vn -0.876397 0.435335 -0.205941
v -114.027 -110.642 943.8
vn -0.886607 0.461541 -0.0301352
v -113.914 -110.359 943.8
vn 0.633781 -0.614443 0.469875
v -113.713 -111.015 943.2
vn -0.85001 0.452268 -0.270068
v -113.878 -110.721 943.2
vn 0.585036 -0.646629 0.489494
v -113.898 -110.976 943.5
vn -0.938761 0.302424 -0.165128
v -113.869 -110.675 943.247
vn -0.919521 0.371308 -0.12889
v -113.806 -110.382 943.406
vn -0.540973 -0.667991 0.511015
v -113.806 -110.382 944.373
vn -0.826356 0.544667 -0.143083
v -113.744 -110.089 944.163
vn 0.573479 -0.580349 0.578202
v -113.34 -110.481 943.8
vn 0.648624 -0.395933 0.650019
v -113.457 -110.179 944.1
vn 0.0629486 -0.427351 0.901892
v -113.388 -109.857 944.248
vn -0.963865 0.134008 0.230232
v -113.534 -109.52 944.1
vn -0.968693 0.158174 0.191352
v -113.023 -107.788 945.3
vn 0.26392 -0.475716 0.839071
v -112.874 -108.88 944.7
vn 0.617178 -0.628329 0.473597
v -111.778 -108.053 943.623
vn -0.900607 0.415183 -0.12857
v -112.15 -105.827 945.3
vn 0.34167 -0.416407 0.842536
v -112.115 -106.754 945.443
vn -0.915617 0.385859 -0.112951
v -111.75 -104.685 946.2
vn -0.931114 0.355193 -0.0828518
v -111.641 -104.401 946.2
vn -0.938842 0.344076 0.0137209
v -111.504 -104.431 945.6
vn 0.843538 -0.176534 0.507228
v -111.605 -104.409 946.8
vn -0.79965 -0.46445 0.380587
v -111.491 -103.82 947.37
vn -0.79965 -0.46445 0.380587
v -111.475 -103.823 947.4
vn -0.79965 -0.46445 0.380587
v -111.488 -103.802 947.4
vn -0.9559 0.292192 0.0296459
v -111.098 -103.29 945.9
vn 0.806457 -0.207057 0.553855
v -111.323 -104.469 946.31
vn -0.911074 0.158425 0.380586
v -111.26 -104.176 946.077
vn -0.964943 0.181497 0.189588
v -111.108 -103.595 946.2
vn 0.672203 -0.375418 0.638126
v -110.967 -104.238 945.946
vn 0.368859 -0.572043 0.732605
v -110.905 -103.945 946.133
vn -0.582087 -0.638717 0.503205
v -110.685 -102.91 947.7
vn -0.992679 0.115617 -0.0349381
v -111.445 -103.523 948.3
vn -0.992679 0.115617 -0.0349381
v -111.41 -103.224 948.3
vn -0.693974 -0.442551 0.567934
v -111.387 -103.229 948.6
vn -0.67207 -0.469085 -0.572958
v -111.413 -103.53 948.3
vn -0.693974 -0.442551 0.567934
v -111.429 -103.526 948.317
vn -0.693591 -0.442838 0.568178
v -111.371 -103.254 948.6
vn -0.67207 -0.469085 -0.572958
v -111.364 -103.234 948
vn -0.67207 -0.469085 -0.572958
v -111.366 -103.231 948
vn 0.453596 -0.686658 0.568112
v -111.346 -103.237 948.6
vn -0.5438 0.8374 0.0551571
v -111.362 -103.212 948.6
vn -0.981789 0.168028 -0.088642
v -111.041 -102.995 948.3
vn 0.438923 -0.696 -0.56827
v -111.076 -103.307 948.3
vn 0.35331 -0.724105 -0.592321
v -111.073 -103.295 948.287
vn 0.547631 -0.683787 -0.482219
v -111.062 -103.298 948.3
vn 0.487638 -0.6433 0.590232
v -111.073 -103.295 948.312
vn -0.506521 -0.5558 -0.659183
v -110.964 -103.012 948
vn 0.710444 -0.610731 -0.349682
v -110.67 -102.842 948.3
vn -0.909036 0.407766 -0.0859083
v -110.671 -102.767 944.1
vn -0.672104 -0.581145 0.458854
v -110.894 -102.72 947.7
vn -0.964181 0.214418 -0.156137
v -110.965 -102.705 948
vn -0.956921 0.288365 -0.0338676
v -110.907 -102.411 948.3
vn -0.936352 0.344133 -0.0694117
v -110.713 -101.838 948.3
vn -0.934766 0.354364 0.0252682
v -110.483 -101.274 948.9
vn -0.748399 -0.165403 0.642293
v -110.468 -101.89 948.945
vn -0.874327 0.469657 -0.122372
v -109.901 -99.8642 949.8
vn -0.453004 -0.642361 0.618191
v -114.615 -133.519 919.8
vn -0.981434 0.153155 -0.115457
v -114.956 -131.607 922.2
vn -0.408383 -0.780215 0.473801
v -114.722 -132.006 922.2
vn -0.432938 -0.253642 0.865003
v -114.651 -131.672 922.334
vn 0.691118 -0.476475 0.54344
v -114.236 -131.76 921.9
vn -0.978286 0.127624 -0.163306
v -114.863 -131.013 922.2
vn -0.987708 0.154134 0.0259979
v -114.841 -131.018 923.1
vn 0.537659 -0.719988 0.438794
v -114.467 -130.803 923.4
vn -0.862007 -0.308281 -0.402377
v -114.819 -129.489 925.5
vn -0.839495 -0.543055 0.0184395
v -115.049 -130.655 924.3
vn -0.862007 -0.308281 -0.402377
v -115.393 -129.06 926.4
vn -0.977363 0.120698 -0.173763
v -115.264 -128.781 925.91
vn -0.983262 0.117224 -0.139477
v -115.28 -127.244 927.3
vn -0.769428 -0.491847 0.407514
v -115.449 -126.901 928.5
vn -0.894881 -0.131816 0.426395
v -115.411 -128.136 927.3
vn -0.999179 0.0111637 -0.0389456
v -115.306 -127.539 927.9
vn -0.0124201 -0.905843 0.423432
v -115.201 -128.488 927.631
vn -0.830215 0.0294821 0.556663
v -115.077 -127.901 927.786
vn -0.808309 -0.446159 0.384159
v -115.192 -125.559 930.6
vn 0.708775 -0.515689 0.481355
v -114.231 -125.627 929.7
vn 0.798476 -0.377648 0.468848
v -113.911 -124.775 929.7
vn 0.587627 -0.633439 0.503437
v -113.924 -125.692 928.8
vn 0.79472 -0.39045 0.464725
v -113.372 -124.583 928.8
vn 0.697824 -0.606614 0.38087
v -113.593 -124.229 929.4
vn 0.655713 -0.655451 0.374733
v -113.605 -123.92 930.3
vn 0.568356 -0.691658 0.445624
v -113.189 -124.315 928.8
vn 0.512215 -0.752293 0.414358
v -113.221 -123.5 930.6
vn 0.425945 -0.813331 0.396313
v -112.992 -123.865 929.4
vn 0.659068 -0.549034 0.513996
v -112.487 -122.931 930.535
vn 0.874093 -0.314988 0.369789
v -113.159 -120.334 933
vn 0.784457 -0.516158 0.343813
v -113.097 -120.041 933.3
vn 0.744414 -0.652428 0.142073
v -112.883 -119.779 933
vn 0.692718 -0.578407 0.430798
v -112.743 -119.809 932.353
vn 0.636016 -0.719359 0.279295
v -112.7 -119.604 933.3
vn 0.786614 -0.302782 0.538109
v -112.572 -120.446 931.8
vn 0.482137 -0.672563 0.561429
v -112.156 -119.934 931.784
vn -0.958145 0.203326 -0.201536
v -112.96 -117.616 925.5
vn 0.415134 -0.841205 0.346464
v -112.365 -119.475 932.7
vn 0.423433 -0.770789 0.476014
v -111.661 -119.045 933.3
vn 0.354175 -0.75948 0.545665
v -113.667 -118.386 935.71
vn 0.533507 -0.608621 0.587325
v -113.443 -118.773 935.1
vn 0.443287 -0.784437 0.433768
v -112.288 -119.112 933.6
vn 0.513195 -0.653389 0.556519
v -111.964 -118.134 934.8
vn 0.785064 -0.25424 0.564833
v -111.569 -116.685 934.5
vn 0.602777 -0.559674 0.568704
v -112.394 -115.283 936.57
vn 0.806953 -0.249607 0.535278
v -112.413 -116.812 936.181
vn 0.569608 -0.622332 0.536889
v -112.545 -113.104 938.912
vn 0.724666 -0.419141 0.546973
v -110.844 -110.705 939.9
vn 0.647718 -0.439398 0.622407
v -110.997 -111.593 939.541
vn 0.737957 -0.243733 0.629296
v -110.365 -111.113 939
vn -0.931179 0.255656 -0.259895
v -110.347 -109.584 923.1
vn 0.684022 -0.448074 0.575624
v -110.198 -110.229 939.3
vn 0.467271 -0.733197 0.494045
v -110.879 -108.155 942.3
vn 0.301387 -0.828195 0.472502
v -109.963 -108.173 942
vn 0.274559 -0.851562 0.44661
v -111.113 -107.813 943.5
vn -0.921689 0.320972 -0.217869
v -109.801 -106.633 924.6
vn 0.67278 -0.29661 0.677783
v -111.096 -106.288 945.3
vn 0.477907 -0.634101 0.607882
v -110.658 -107.114 944.4
vn 0.660795 -0.255613 0.7057
v -110.105 -105.955 944.374
vn 0.505659 -0.443665 0.739912
v -109.652 -105.744 944.1
vn -0.931267 0.335065 -0.143084
v -109.915 -104.462 929.1
vn 0.754796 -0.179558 0.630905
v -110.657 -105.224 945
vn 0.565521 -0.395786 0.72356
v -110.505 -104.95 944.918
vn 0.509796 -0.642579 0.572013
v -110.05 -101.366 948.996
vn -0.898204 0.415563 -0.143309
v -108.199 -99.6125 930.9
vn -0.911322 0.403968 -0.0793917
v -109.193 -100.321 936.9
vn -0.900075 0.0155895 0.435457
v -109.863 -100.486 949.901
vn 0.416233 -0.656299 0.629302
v -109.215 -100.324 949.8
vn -0.93361 0.00101876 0.35829
v -109.554 -99.0353 950.7
vn -0.860693 0.509108 0.00404243
v -109.133 -98.4939 950.748
vn 0.157273 -0.556843 0.815593
v -108.842 -98.5705 951
vn -0.859454 0.502368 -0.0946852
v -107.061 -96.7872 933
vn -0.863933 0.496515 -0.0842136
v -108.813 -97.9484 950.1
vn -0.726752 -0.0544087 0.684741
v -108.824 -97.6394 951.3
vn -0.756358 -0.0614076 0.651269
v -108.714 -97.9694 951.396
vn 0.346716 -0.586146 0.732271
v -108.003 -97.5073 951.551
vn -0.835199 0.544564 -0.0767565
v -106.747 -95.0139 948.3
vn -0.854217 0.519905 0.00350948
v -107.123 -94.8128 952.5
vn -0.687489 0.0405159 0.725064
v -106.842 -94.931 952.8
vn 0.196855 -0.509961 0.837369
v -106.542 -94.9617 952.8
vn -0.733287 -0.0222064 0.679556
v -106.249 -93.5862 953.483
vn -0.798506 0.59765 0.0721284
v -106.184 -93.279 953.1
vn -0.525717 0.705245 0.475658
v -105.988 -93.335 953.4
vn -0.975122 0.0528547 -0.215277
v -113.258 -138.102 911.729
vn -0.987794 0.0470663 -0.148485
v -112.973 -137.856 910.5
vn -0.794851 -0.593564 0.126071
v -113.657 -136.79 914.1
vn -0.974725 -0.0185804 -0.222635
v -113.398 -137.152 912.6
vn -0.98216 -0.0995871 -0.159514
v -113.541 -137.122 913.2
vn -0.950345 -0.290258 -0.112223
v -113.432 -137.478 913.2
vn -0.686228 -0.69072 0.228029
v -113.364 -137.159 914.005
vn -0.840469 -0.428462 0.331711
v -113.122 -137.462 912.9
vn 0.322785 -0.846847 0.422682
v -113.066 -137.201 913.8
vn -0.738634 -0.649218 0.181484
v -113.644 -136.793 914.4
vn -0.796005 -0.578756 0.177251
v -113.827 -136.45 914.7
vn -0.984853 -0.145977 -0.0935684
v -113.86 -136.608 915.3
vn -0.621327 -0.712707 0.325578
v -113.552 -136.599 915
vn -0.969187 0.0939916 -0.227687
v -113.275 -135.645 912.6
vn -0.984097 0.0208969 -0.1764
v -114.144 -135.46 916.5
vn -0.453403 -0.695221 0.557757
v -113.725 -135.974 916.2
vn 0.315986 -0.85376 0.413819
v -113.533 -136.51 915.254
vn 0.46089 -0.736873 0.494569
v -112.815 -136.662 914.4
vn -0.994141 -0.00135576 -0.108083
v -114.244 -135.132 917.1
vn -0.564821 -0.78535 0.253381
v -114.203 -135.141 917.7
vn -0.988263 -0.144479 -0.0496249
v -114.395 -134.793 919.118
vn -0.997629 -0.0662989 -0.0184491
v -114.226 -135.442 917.25
vn -0.0372891 -0.902486 0.429102
v -113.889 -135.301 917.7
vn 0.362989 -0.825819 0.431581
v -113.565 -135.216 917.7
vn 0.518477 -0.680358 0.517971
v -113.514 -134.98 918.061
vn -0.453004 -0.642361 0.618191
v -114.145 -133.619 920.041
vn -0.955019 0.171019 -0.242261
v -113.443 -130.395 916.5
vn 0.775332 -0.495557 0.391516
v -112 -129.782 920.4
vn 0.779077 -0.476193 0.407774
v -111.618 -129.249 920.1
vn 0.726005 -0.537145 0.42941
v -113.074 -129.246 923.7
vn 0.753973 -0.508479 0.4159
v -112.498 -128.756 922.917
vn 0.743608 -0.577923 0.336233
v -112.244 -129.423 921.6
vn 0.527143 -0.779285 0.338875
v -111.121 -128.049 921.9
vn 0.675813 -0.568135 0.469573
v -113.149 -128.311 924.6
vn -0.922529 0.237755 -0.303994
v -110.78 -123.907 912.6
vn 0.634101 -0.613424 0.470773
v -110.451 -124.897 924.45
vn 0.569912 -0.7013 0.428227
v -112.207 -124.217 927.3
vn 0.467489 -0.795192 0.386167
v -111.5 -124.06 927.021
vn 0.722354 -0.552784 0.415494
v -110.726 -123.305 927.196
vn 0.498003 -0.778142 0.382738
v -112.318 -123.58 929.369
vn 0.845452 -0.226638 0.483577
v -111.97 -122.427 930
vn 0.772905 -0.461762 0.435194
v -110.064 -122.525 926.7
vn 0.661702 -0.546547 0.513262
v -109.772 -121.974 926.7
vn 0.819779 -0.105621 0.562856
v -109.666 -118.316 931.474
vn 0.773942 -0.312962 0.550516
v -110.965 -118.04 933.6
vn 0.683552 -0.468962 0.559314
v -109.185 -117.498 931.009
vn 0.867322 0.0743871 0.492157
v -110.809 -117.46 933.3
vn 0.578246 -0.591755 0.561656
v -110.217 -116.582 933.3
vn 0.819207 -0.00792806 0.573443
v -109.861 -117.355 931.8
vn 0.590117 -0.618544 0.518811
v -109.584 -116.187 933.3
vn 0.673614 -0.58698 0.449109
v -109.229 -116.262 932.609
vn 0.463543 -0.749116 0.473237
v -110.144 -114.534 935.1
vn 0.583454 -0.663651 0.468133
v -108.495 -114.251 933.6
vn 0.600697 -0.679273 0.421607
v -108.376 -113.693 934.8
vn 0.42339 -0.784596 0.452935
v -109.602 -113.689 936.3
vn 0.544252 -0.603082 0.583165
v -107.67 -111.816 935.7
vn 0.772634 -0.170898 0.611417
v -109.426 -111.926 937.8
vn 0.776231 -0.190475 0.600987
v -109.034 -111.703 937.2
vn 0.638709 -0.500688 0.584262
v -109.127 -112.91 936.9
vn -0.904828 0.267982 -0.330866
v -107.877 -110.722 914.7
vn -0.893338 0.332598 -0.302202
v -107.945 -106.107 918.9
vn 0.549318 -0.588107 0.593615
v -107.651 -107.396 941.087
vn 0.484113 -0.602355 0.634668
v -107.081 -105.064 942.3
vn 0.346201 -0.672093 0.654549
v -106.672 -104.231 942.973
vn 0.415833 -0.585661 0.695762
v -108.264 -104.506 944.257
vn -0.858529 0.416305 -0.299364
v -105.422 -99.896 919.2
vn -0.881575 0.412399 -0.229679
v -107.179 -100.136 924.6
vn 0.606969 -0.643 0.467055
v -107.287 -100.42 947.1
vn -0.854088 0.487247 -0.182002
v -106.42 -97.5369 927
vn 0.169585 -0.854193 0.491523
v -105.688 -96.7174 950.1
vn 0.278761 -0.783214 0.555759
v -105.54 -97.4647 948.6
vn 0.0325739 -0.857362 0.513683
v -104.969 -97.6656 948.3
vn -0.83544 0.497313 -0.233924
v -105.031 -96.2987 924.3
vn 0.729042 -0.413309 0.545595
v -104.77 -96.3542 950.1
vn 0.866669 -0.145121 0.47731
v -104.376 -95.5178 949.2
vn 0.479565 -0.683979 0.549718
v -106.496 -96.1887 951.6
vn 0.624589 -0.481818 0.614605
v -105.912 -94.8847 952.429
vn 0.612776 -0.477069 0.630008
v -105.258 -95.3304 951.6
vn 0.865307 -0.138486 0.481731
v -104.82 -94.81 951.3
vn -0.812589 0.560111 -0.161165
v -103.952 -92.8772 929.1
vn -0.822278 0.567949 -0.03596
v -105.08 -92.6078 939.6
vn 0.847018 -0.176421 0.501435
v -105.003 -94.1578 951.6
vn 0.819256 -0.387281 0.422886
v -104.848 -93.8839 951.3
vn 0.841041 -0.414894 0.347149
v -105.032 -93.8449 951.9
vn 0.615156 -0.653596 0.440902
v -104.355 -93.33 951.3
vn 0.646439 -0.643691 0.409608
v -103.704 -92.287 952.2
vn 0.422168 -0.518056 0.743904
v -105.622 -93.5194 953.4
vn -0.771489 0.275748 0.573383
v -105.413 -92.5371 953.834
vn 0.626443 -0.599694 0.497933
v -104.835 -92.7043 953.4
vn -0.787003 0.605964 -0.115909
v -102.894 -90.6189 932.4
vn 0.292735 -0.536177 0.79172
v -104.098 -90.6696 954.6
vn -0.761632 0.26444 0.591598
v -104.242 -90.3324 954.3
vn 0.352395 -0.562182 0.748177
v -104.283 -91.5505 954.138
vn 0.557878 -0.628264 0.54227
v -103.229 -90.5477 954.3
vn -0.779593 0.62391 -0.0545055
v -102.9 -89.6976 939.3
vn -0.774181 0.628513 -0.0749327
v -102.67 -88.2129 955.2
vn -0.348048 -0.886222 -0.305734
v -112.409 -144.208 889.2
vn -0.564196 -0.81569 -0.127798
v -112.513 -144.701 891.375
vn -0.225211 -0.957154 -0.182033
v -112.244 -144.875 891.3
vn -0.898656 -0.417473 0.134661
v -111.986 -144.506 895.5
vn -0.993242 0.0751613 0.0884396
v -112.977 -141.842 886.8
vn -0.951652 0.157526 0.263713
v -112.869 -143.092 888.3
vn -0.99245 -0.027213 0.119589
v -112.859 -143.441 888.3
vn -0.942326 0.17939 0.282563
v -112.677 -143.746 889.2
vn -0.983538 -0.177756 0.0324857
v -112.524 -144.085 889.8
vn -0.811062 0.441625 0.383597
v -112.56 -143.476 889.2
vn -0.946453 0.274249 0.170335
v -112.457 -143.793 890.1
vn -0.894605 -0.430703 0.119068
v -111.859 -144.226 897
vn -0.98262 0.151177 -0.107718
v -111.624 -142.129 899.4
vn -0.736299 -0.670336 -0.0922685
v -112.081 -142.339 903.9
vn -0.64538 -0.758514 -0.0902244
v -112.032 -142.434 904.2
vn -0.716372 -0.693839 0.0734741
v -111.941 -142.369 903
vn -0.606042 -0.780016 0.155848
v -111.745 -142.528 903.3
vn -0.839675 0.407561 0.358943
v -112.9 -141.245 886.8
vn -0.919172 0.375854 0.117712
v -112.886 -140.941 886.2
vn -0.860296 0.47081 0.195521
v -111.006 -139.807 887.7
vn -0.96102 0.274797 0.0304564
v -111.429 -141.864 893.7
vn -0.986327 -0.0255833 -0.162801
v -112.405 -141.043 906.3
vn -0.980435 -0.027685 -0.194886
v -112.342 -140.75 906
vn -0.985897 0.0611711 -0.155772
v -112.249 -141.077 905.4
vn -0.968549 -0.143098 -0.203559
v -112.295 -141.067 906
vn -0.393038 -0.904792 0.163928
v -112.069 -141.165 906
vn 0.687567 -0.590058 0.423181
v -111.842 -141.543 905.4
vn 0.768481 -0.524169 0.366992
v -111.168 -140.999 904.8
vn 0.646344 -0.660437 0.382181
v -111.244 -140.677 905.7
vn -0.746707 -0.327781 -0.578782
v -112.92 -139.4 909.598
vn -0.991899 -0.0654886 -0.108851
v -112.488 -140.106 907.2
vn -0.746707 -0.327781 -0.578782
v -112.627 -139.463 909.254
vn -0.986525 -0.150425 -0.0643538
v -112.486 -140.245 907.5
vn -0.976438 -0.195413 -0.0915558
v -112.516 -140.386 908.1
vn 0.0590784 -0.900215 0.431419
v -112.194 -140.311 907.8
vn -0.931884 0.24708 -0.265601
v -111.986 -138.985 884.7
vn -0.762446 0.597919 0.247323
v -111.561 -138.156 884.7
vn -0.657864 0.590428 0.467558
v -110.965 -138.856 886.2
vn -0.973006 0.0921337 -0.211592
v -112.626 -137.623 909
vn -0.746707 -0.327781 -0.578782
v -112.814 -139.116 909.3
vn -0.959017 -0.167302 0.228684
v -112.972 -138.469 910.8
vn -0.999953 0.00351104 0.00898628
v -112.964 -138.164 911.588
vn -0.831669 -0.318216 0.455044
v -112.812 -138.889 910.8
vn -0.706569 -0.27035 0.653966
v -112.671 -138.227 911.226
vn 0.452213 -0.759706 0.46728
v -112.231 -138.933 909.9
vn 0.290188 -0.847767 0.443939
v -112.881 -137.772 912.3
vn -0.11404 -0.979057 -0.168647
v -112.512 -137.481 912.6
vn -0.949084 0.19545 -0.247059
v -111.787 -134.734 907.5
vn 0.664299 -0.58677 0.463043
v -111.354 -136.36 912.779
vn 0.843967 -0.179596 0.505436
v -110.254 -133.833 914.1
vn 0.705699 -0.484604 0.516864
v -111.057 -132.742 916.5
vn 0.95476 -0.0391187 0.294793
v -109.229 -131.29 914.1
vn 0.78363 -0.353043 0.511161
v -109.971 -132.053 915.6
vn 0.698481 -0.575101 0.425892
v -109.325 -130.657 914.7
vn 0.933256 0.00124534 0.35921
v -109.283 -131.586 914.4
vn 0.760319 -0.393867 0.51651
v -111.592 -131.708 917.749
vn 0.848327 -0.315922 0.424895
v -110.337 -130.135 917.135
vn 0.500058 -0.768085 0.399984
v -109.696 -128.558 918.3
vn -0.900338 0.286932 -0.327202
v -108.325 -126.269 904.2
vn 0.777364 -0.360311 0.515636
v -109.233 -126.382 921.265
vn 0.699661 -0.540062 0.467767
v -110.28 -127.08 922.8
vn 0.593469 -0.637388 0.491458
v -109.36 -122.368 925.8
vn 0.337672 -0.838001 0.42864
v -107.937 -120.831 927.3
vn 0.548305 -0.668984 0.501819
v -107.289 -113.607 933.3
vn 0.467474 -0.672693 0.573544
v -104.836 -108.301 937.5
vn -0.877648 0.312123 -0.363748
v -104.189 -106.292 909
vn -0.85591 0.374208 -0.356912
v -102.902 -101.658 910.5
vn -0.823092 0.490572 -0.28611
v -103.893 -96.9316 919.5
vn 0.128373 -0.816303 0.563178
v -103.054 -98.7528 946.2
vn 0.707721 -0.248897 0.661196
v -102.304 -97.4918 945.9
vn -0.792587 0.550036 -0.263185
v -103.536 -95.0829 921.9
vn 0.571496 -0.467431 0.674463
v -102.679 -96.4919 946.8
vn 0.376735 -0.602668 0.703464
v -102.159 -95.989 946.996
vn 0.442766 -0.52799 0.724697
v -102.053 -96.9317 945.954
vn 0.867919 0.0832348 0.489682
v -103.88 -96.5433 948.6
vn 0.553342 -0.53539 0.638099
v -103.46 -94.7924 948.6
vn -0.787932 0.576781 -0.215606
v -103.26 -92.9947 925.8
vn 0.558622 -0.570452 0.602102
v -102.286 -93.5084 948.9
vn 0.409171 -0.663711 0.626152
v -101.091 -92.2291 949.2
vn 0.61094 -0.653203 0.447301
v -102.463 -90.7105 952.2
vn -0.71671 0.660008 -0.225203
v -100.374 -89.3143 926.4
vn -0.756274 0.628833 -0.180606
v -101.689 -89.9549 929.1
vn -0.756303 0.654061 -0.0145121
v -101.704 -88.0742 943.2
vn -0.782047 0.620707 -0.0559004
v -102.559 -89.2094 948.6
vn 0.473089 -0.707633 0.524825
v -100.799 -89.5905 952.2
vn 0.528943 -0.737524 0.419854
v -101.708 -88.7241 954.9
vn 0.478699 -0.786847 0.389511
v -100.662 -88.9463 953.072
vn 0.369956 -0.83954 0.397876
v -100.538 -88.3594 954.038
vn 0.552464 -0.709327 0.437765
v -100.481 -88.0916 954.9
vn 0.502834 -0.74573 0.437086
v -100.265 -88.1108 954.3
vn 0.30355 -0.870038 0.388448
v -100.287 -88.6213 953.4
vn 0.428266 -0.702871 0.567943
v -99.8926 -88.1898 954
vn 0.392897 -0.623468 0.675958
v -102.035 -88.1906 955.8
vn -0.718304 0.676356 -0.163042
v -99.9081 -87.5731 930.6
vn -0.732548 0.675086 -0.0873636
v -100.155 -86.9073 935.4
vn -0.722122 0.681521 -0.11861
v -100.433 -86.2347 952.5
vn -0.771494 0.632996 -0.0641339
v -101.8 -87.0841 956.1
vn -0.355833 0.0458293 0.933425
v -100.626 -85.8871 956.489
vn -0.897549 0.439957 0.0290544
v -100.572 -85.6334 956.7
vn -0.641109 0.420455 0.642026
v -100.563 -85.5937 956.359
vn -0.258612 -0.0924497 0.961547
v -100.332 -85.9495 956.604
vn 0.476704 -0.625558 0.617601
v -100.039 -86.0119 956.468
vn 0.639543 -0.577289 0.507664
v -99.7971 -86.9833 955.2
vn -0.719142 0.685921 -0.111118
v -100.162 -85.1496 956.7
vn -0.90173 0.216906 0.373945
v -99.7658 -84.5364 957.3
vn 0.100947 -0.594337 0.797856
v -99.9139 -85.425 956.932
vn -0.800797 -0.272089 0.533564
v -99.7892 -84.8381 957.419
vn -0.118046 0.00555508 0.992993
v -99.4334 -84.607 957.429
vn -0.139522 -0.0880953 0.986292
v -99.371 -84.3136 957.464
vn -0.686932 0.711228 -0.149263
v -99.1184 -84.0606 956.7
vn -0.725576 0.679927 0.106014
v -99.2467 -84.0333 957.3
vn -0.552486 -0.832178 -0.0473177
v -111.997 -145.158 893.4
vn 0.348722 -0.935389 -0.0586622
v -111.599 -144.725 895.5
vn -0.894605 -0.430703 0.119068
v -111.617 -144.812 896.7
vn 0.333722 -0.942063 -0.0338665
v -111.3 -144.765 896.4
vn 0.391121 -0.902688 0.179383
v -111.286 -144.696 897.3
vn -0.470886 -0.810953 -0.347307
v -109.978 -142.875 883.5
vn -0.0511056 -0.973989 -0.220756
v -110.847 -144.075 887.7
vn 0.472311 -0.879021 0.0651518
v -110.901 -144.43 893.4
vn -0.90595 -0.415656 0.0805309
v -111.751 -143.998 899.4
vn -0.32202 -0.906288 0.273761
v -111.473 -144.134 899.4
vn 0.619739 -0.741154 0.258097
v -111.153 -144.07 898.958
vn 0.64058 -0.70414 0.306339
v -111.029 -142.869 901.8
vn 0.776868 -0.518664 0.35702
v -109.886 -141.886 901.5
vn 0.818369 -0.443902 0.364997
v -109.885 -141.272 901.8
vn 0.850073 -0.423963 0.312459
v -109.431 -141.369 900.6
vn 0.566793 -0.749891 0.341188
v -108.861 -138.73 905.4
vn 0.583394 -0.691063 0.426713
v -110.617 -138.663 907.993
vn 0.593551 -0.684455 0.423342
v -109.668 -137.638 909
vn -0.743409 0.598488 0.298588
v -109.947 -136.954 885
vn 0.678715 -0.583924 0.445398
v -109.58 -135.51 912
vn -0.76588 0.610384 -0.202135
v -107.969 -133.705 878.4
vn -0.839426 0.532064 -0.11078
v -108.904 -134.427 880.8
vn -0.745251 0.653254 0.133641
v -107.964 -133.4 881.661
vn -0.881607 0.471779 0.013938
v -108.446 -135.137 890.1
vn -0.926811 0.335789 -0.168128
v -109.627 -134.58 899.4
vn 0.825379 -0.303478 0.476078
v -109.588 -134.895 912.6
vn 0.770137 -0.420767 0.47942
v -109.052 -134.088 912
vn 0.814533 -0.330074 0.477061
v -108.489 -132.981 912.516
vn 0.597271 -0.634459 0.490641
v -107.437 -131.671 910.8
vn 0.949936 0.133831 0.28233
v -109.023 -131.334 913.2
vn 0.906475 0.0241533 0.421569
v -108.724 -132.318 913.2
vn 0.470943 -0.758577 0.450305
v -107.98 -130.586 913.5
vn 0.542782 -0.725572 0.423005
v -106.38 -128.829 914.748
vn 0.284735 -0.907073 0.310071
v -108.465 -128.542 917.4
vn 0.495719 -0.773788 0.394355
v -108.109 -128.308 917.7
vn 0.737521 -0.457258 0.496969
v -108.208 -127.521 918.9
vn 0.771822 -0.341941 0.536067
v -106.886 -126.881 917.54
vn 0.668228 -0.542108 0.509501
v -107.582 -125.827 919.2
vn 0.754881 -0.437795 0.488354
v -106.37 -123.924 920.4
vn 0.731898 -0.473342 0.490176
v -105.731 -123.446 919.5
vn 0.549053 -0.712086 0.437578
v -106.979 -122.261 923.1
vn 0.437191 -0.721057 0.537532
v -104.255 -115.947 927.9
vn 0.407627 -0.696367 0.590689
v -104.559 -114.494 929.683
vn 0.391307 -0.731561 0.558298
v -104.75 -112.506 932.1
vn 0.435632 -0.725673 0.532562
v -103.529 -111.092 933.3
vn 0.350775 -0.786264 0.50867
v -102.615 -111.119 932.7
vn 0.472149 -0.675474 0.566401
v -104.3 -110.388 935.1
vn 0.4954 -0.628484 0.599655
v -102.912 -109.631 934.545
vn 0.473505 -0.659913 0.583359
v -104.005 -107.558 938.046
vn 0.568463 -0.581101 0.582384
v -102.229 -106.415 937.5
vn 0.525061 -0.582058 0.620902
v -103.337 -105.86 939.34
vn 0.516484 -0.584855 0.625451
v -102.376 -104.224 939.342
vn 0.0558011 -0.819628 0.570172
v -101.815 -101.583 942.113
vn -0.825303 0.454437 -0.335203
v -102.051 -98.4657 912.3
vn 0.583023 -0.421374 0.694643
v -100.535 -98.4466 944.1
vn -0.790361 0.512462 -0.335726
v -99.9691 -95.8411 911.1
vn 0.417159 -0.585167 0.695383
v -100.942 -97.4746 945.091
vn -0.765922 0.572473 -0.29264
v -99.571 -93.4721 914.1
vn 0.353606 -0.629371 0.691994
v -100.78 -93.8286 947.285
vn 0.175872 -0.694192 0.697973
v -99.3752 -94.4339 946.606
vn 0.0975933 -0.733488 0.672659
v -99.2294 -95.1909 945.6
vn 0.132105 -0.725595 0.675322
v -100.637 -93.1568 948
vn -0.744865 0.61553 -0.257485
v -100.23 -91.1851 921
vn 0.493023 -0.475821 0.72837
v -99.3568 -92.9043 947.76
vn 0.446635 -0.619804 0.645259
v -98.8553 -92.0908 947.7
vn 0.48394 -0.574171 0.660401
v -100.05 -91.8368 948.888
vn 0.599585 -0.626138 0.498446
v -100.076 -89.0711 952.182
vn 0.547818 -0.828731 0.114457
v -99.6579 -88.5489 952.5
vn 0.685914 -0.666955 0.291021
v -99.3176 -88.3121 952.2
vn 0.683131 -0.724441 -0.0922927
v -99.3313 -88.3092 952.5
vn 0.35872 -0.908942 0.212472
v -99.9786 -88.6149 953.1
vn 0.465163 -0.82078 0.331578
v -99.308 -88.3458 953.4
vn -0.680921 0.70484 -0.198868
v -97.6037 -86.0993 927.6
vn 0.670112 -0.495021 0.553086
v -99.1131 -88.0488 952.2
vn 0.742737 -0.633811 -0.215929
v -99.0856 -88.0547 952.5
vn 0.779545 -0.585988 -0.221195
v -98.3638 -86.9813 952.2
vn 0.651101 -0.728375 -0.213394
v -98.9618 -88.081 952.8
vn 0.527535 -0.700508 0.480619
v -98.2157 -86.0927 953.071
vn -0.673233 0.728226 -0.128234
v -97.2127 -84.26 933.6
vn -0.690454 0.722006 -0.0445111
v -98.2012 -84.5819 939
vn -0.713725 0.699977 -0.025075
v -98.3279 -84.5353 947.1
vn 0.318162 -0.814767 0.484694
v -97.1482 -85.3995 953.498
vn 0.184872 -0.641828 0.74423
v -99.1399 -84.6694 957.391
vn 0.730555 -0.554335 0.39875
v -98.3142 -84.5382 955.8
vn 0.311096 -0.764469 0.564629
v -97.7561 -83.9308 956.1
vn -0.681192 0.721749 -0.122707
v -97.961 -83.0798 956.1
vn -0.683998 0.719829 -0.118295
v -98.094 -83.0515 957
vn -0.668739 0.732317 -0.128449
v -97.823 -82.8024 956.925
vn 0.225427 -0.68815 0.689661
v -97.5295 -82.8648 957.129
vn -0.710653 0.700766 -0.0624428
v -97.4479 -82.4807 957
vn -0.741853 -0.338892 0.578624
v -97.296 -82.301 957.3
vn 0.267286 -0.63377 0.725874
v -97.1643 -82.5894 957.3
vn -0.685429 0.727241 -0.0361635
v -96.8376 -81.7851 957.3
vn 0.395591 -0.665323 0.63313
v -97.005 -83.283 956.636
vn -0.46693 0.370754 0.802818
v -96.4945 -81.5513 957.3
vn -0.326401 0.254158 0.910421
v -96.3997 -81.8781 957.495
vn -0.506344 0.235923 0.829431
v -96.3373 -81.5847 957.406
vn -0.801222 0.58923 -0.104166
v -98.5782 -83.2553 958.5
vn -0.987183 -0.0907327 0.131289
v -98.5662 -82.9511 958.8
vn -0.987183 -0.0907327 0.131289
v -98.5346 -83.2646 958.821
vn -0.635372 0.757948 -0.147707
v -98.3427 -82.9987 958.2
vn 0.535112 -0.763013 0.362582
v -98.2412 -83.3269 958.353
vn 0.496796 -0.796529 0.344579
v -98.1054 -83.0491 958.8
vn -0.372875 0.926367 -0.0529891
v -97.8719 -82.792 958.5
vn 0.679753 -0.671313 0.295423
v -97.7226 -83.1305 957.9
vn -0.622059 0.778335 -0.0850707
v -97.7958 -82.6744 957.6
vn 0.0178812 0.929825 -0.367568
v -96.657 -78.7591 735
vn -0.569658 -0.74685 -0.343082
v -96.4714 -79.4092 734.4
vn -0.569658 -0.74685 -0.343082
v -96.4861 -79.398 734.4
vn -0.569658 -0.74685 -0.343082
v -96.4877 -79.4058 734.42
vn -0.696233 0.387741 -0.604083
v -96.3826 -79.4281 734.7
vn -0.908739 -0.248961 -0.334979
v -96.2298 -79.7673 734.4
vn -0.908739 -0.248961 -0.334979
v -96.2456 -79.7095 734.4
vn -0.908739 -0.248961 -0.334979
v -96.2567 -79.7616 734.469
vn -0.674277 -0.4137 -0.611721
v -96.2364 -79.6663 734.7
vn -0.674277 -0.4137 -0.611721
v -96.1943 -79.4681 734.52
vn 0 0 -1
v -95.8034 -80.1646 735
vn -0.870688 -0.408173 0.274403
v -95.9632 -79.824 735.281
vn -0.861387 -0.323 0.392025
v -95.6997 -79.2666 736.2
vn -0.694701 -0.404378 -0.594869
v -96.5964 -78.4626 735.6
vn 0.0178812 0.929825 -0.367568
v -96.6431 -78.7593 735
vn 0.0178812 0.929825 -0.367568
v -96.6564 -78.7565 735.007
vn -0.586549 0.592036 -0.552679
v -96.5426 -78.7807 735.3
vn -0.694701 -0.404378 -0.594869
v -96.5946 -78.4656 735.6
vn -0.694701 -0.404378 -0.594869
v -96.5941 -78.4631 735.598
vn 0.325819 -0.678343 -0.658553
v -96.5907 -78.4638 735.6
vn -0.439894 0.690727 -0.573926
v -96.5936 -78.4608 735.6
vn -0.694701 -0.404378 0.594869
v -96.5941 -78.4631 735.602
vn -0.586549 0.592036 -0.552679
v -96.363 -78.8189 735.069
vn -0.443777 0.762935 -0.470099
v -96.3284 -78.6561 735.3
vn -0.379578 0.736867 -0.559418
v -96.0695 -78.8812 735.208
vn -0.10917 -0.982649 -0.149944
v -107.579 -143.131 881.1
vn -0.0204106 -0.985546 -0.168174
v -109.226 -143.662 885.3
vn 0.24064 -0.970403 0.0202782
v -107.668 -143.548 885.3
vn 0.283988 -0.956449 -0.0674989
v -109.298 -144.002 888.3
vn 0.352467 -0.934879 0.0420497
v -108.273 -143.51 888
vn 0.421322 -0.903658 0.0767447
v -107.563 -142.993 889.8
vn 0.633081 -0.761185 0.140733
v -109.012 -143.298 894.9
vn 0.408142 -0.911813 0.0449066
v -107.927 -143.222 892.8
vn 0.776054 -0.605183 0.177462
v -108.52 -142.789 895.2
vn -0.854655 -0.35567 -0.378238
v -108.581 -140.629 877.141
vn 0.648792 -0.732102 0.207596
v -106.681 -142.567 890.7
vn 0.748238 -0.619649 0.237014
v -108.065 -142.272 894.3
vn 0.756011 -0.549705 0.355347
v -107.573 -142.684 892.8
vn 0.634243 -0.723223 0.273285
v -107.4 -141.801 894
vn 0.770891 -0.585624 0.250542
v -108.262 -142.015 895.8
vn 0.67443 -0.66803 0.314452
v -107.361 -140.582 896.7
vn 0.64131 -0.718407 0.269467
v -108.317 -140.685 899.1
vn -0.949446 -0.0631554 -0.307512
v -107.495 -138.407 872.511
vn -0.868606 -0.381254 -0.316494
v -107.644 -139.908 874.2
vn 0.708021 -0.614228 0.348468
v -107.871 -138.02 905.4
vn 0.704826 -0.630749 0.324616
v -106.309 -137.154 903
vn 0.77441 -0.48744 0.40335
v -107.462 -137.494 905.1
vn 0.672685 -0.649902 0.353726
v -106.701 -136.735 905.1
vn -0.921772 0.271124 -0.277179
v -105.704 -134.187 870.6
vn -0.925354 0.291192 -0.24275
v -105.504 -134.81 869.1
vn -0.880996 0.392073 -0.264813
v -106.837 -133.946 873.9
vn 0.703489 -0.567281 0.42813
v -106.622 -134.298 908.079
vn -0.83961 0.494663 -0.224419
v -105.382 -133.028 870.6
vn -0.663414 0.735488 -0.13762
v -106.013 -133.201 872.7
vn -0.607634 0.758104 -0.236769
v -105.006 -131.575 874.8
vn -0.510256 0.841184 -0.17902
v -104.764 -131.331 875.4
vn -0.683357 0.692332 -0.231731
v -106.021 -131.472 878.1
vn 0.781611 -0.367852 0.503756
v -105.367 -132.725 906.966
vn 0.858545 -0.144269 0.492023
v -106.633 -132.762 909
vn -0.705858 0.650014 -0.281508
v -104.239 -131.124 874.8
vn -0.782427 0.610824 -0.121253
v -104.806 -129.777 879.3
vn 0.505161 -0.757934 0.412732
v -105.101 -130.029 910.8
vn 0.665617 -0.568073 0.483991
v -103.845 -127.221 912.9
vn 0.47366 -0.774906 0.41853
v -103.488 -126.767 913.2
vn 0.796437 -0.279753 0.536122
v -105.282 -126.609 915.3
vn 0.423543 -0.767421 0.481327
v -104.925 -126.071 915.9
vn 0.52314 -0.630151 0.57379
v -104.817 -125.807 916.2
vn 0.485845 -0.696222 0.528421
v -104.226 -125.913 915.646
vn 0.717229 -0.429991 0.548352
v -103.994 -124.821 916.2
vn 0.554039 -0.675337 0.486786
v -103.767 -124.171 916.2
vn 0.357758 -0.833857 0.420347
v -104.251 -123.145 918.3
vn 0.434508 -0.783014 0.445075
v -103.904 -121.995 921
vn 0.676661 -0.526681 0.514527
v -102.828 -122.223 919.528
vn 0.507762 -0.68934 0.516709
v -101.812 -115.998 926.103
vn 0.503077 -0.710188 0.49249
v -101.331 -115.18 926.397
vn 0.465178 -0.719746 0.51534
v -102.568 -115.224 927.675
vn 0.515353 -0.66021 0.546383
v -101.105 -114.113 928.2
vn 0.698691 -0.431008 0.571019
v -100.412 -112.922 928.2
vn 0.381636 -0.694568 0.60986
v -102.78 -113.339 930.35
vn 0.624732 -0.49894 0.60064
v -101.544 -113.295 929.301
vn 0.594531 -0.559456 0.577531
v -100.271 -110.192 931.812
vn -0.874054 0.308141 -0.375605
v -101.2 -109.074 900
vn 0.524425 -0.63964 0.561996
v -100.563 -108.29 933.9
vn 0.0937319 -0.82514 0.557099
v -99.9347 -104.28 938.1
vn -0.136329 -0.865152 0.482624
v -99.086 -104.617 937.796
vn 0.570018 -0.504256 0.648696
v -99.1725 -101.224 941.1
vn -0.81198 0.443042 -0.380002
v -98.0257 -99.6279 901.733
vn 0.521668 -0.583966 0.621969
v -98.7813 -98.854 942.139
vn 0.320773 -0.746641 0.582779
v -98.3596 -98.3134 942.6
vn 0.383421 -0.635354 0.670308
v -97.9087 -98.1193 942.6
vn 0.391097 -0.633698 0.667436
v -98.0328 -95.3326 945.143
vn 0.633441 -0.432478 0.64165
v -97.6581 -94.7988 945.3
vn 0.606827 -0.481453 0.632427
v -97.4663 -95.5533 944.4
vn 0.583495 -0.482761 0.653051
v -96.8072 -93.8955 944.7
vn 0.430266 -0.54504 0.719585
v -98.7163 -94.2196 946.5
vn -0.739425 0.591203 -0.322071
v -97.5993 -92.3577 911.4
vn -0.711618 0.650843 -0.264581
v -96.1264 -88.9904 915
vn 0.547739 -0.473394 0.68984
v -96.0921 -90.5312 947.351
vn 0.487301 -0.572981 0.658962
v -97.9614 -90.7472 948.9
vn 0.600589 -0.501836 0.622458
v -97.5605 -89.299 949.2
vn 0.579297 -0.543283 0.607667
v -95.6555 -88.4771 948.583
vn 0.453874 -0.675278 0.581376
v -96.5641 -86.9804 950.7
vn 0.391771 -0.683337 0.61609
v -95.2628 -85.1868 951.997
vn 0.620086 -0.532143 0.57647
v -94.7999 -84.4522 952.5
vn 0.469324 -0.747755 0.469678
v -96.4447 -84.9356 954
vn 0.485229 -0.767711 0.418536
v -96.2109 -85.3188 952.8
vn 0.549989 -0.667593 0.501828
v -95.2798 -84.5698 952.8
vn 0.4508 -0.892357 0.0218725
v -95.1788 -81.9051 736.2
vn 0.4508 -0.892357 0.0218725
v -95.0856 -81.8507 736.5
vn -0.774058 -0.000885517 -0.633115
v -94.9326 -82.1899 736.653
vn -0.774058 -0.000885517 -0.633115
v -95.0523 -82.4712 736.8
vn -0.774058 -0.000885517 -0.633115
v -95.0527 -82.1644 736.8
vn -0.982968 -0.174521 0.0575859
v -95.0725 -82.1602 737.1
vn 0.223381 -0.968911 0.106365
v -95.1637 -81.8341 736.815
vn 0.195296 -0.51766 -0.832999
v -94.5328 -83.195 737.372
vn -0.976603 -0.082266 0.198694
v -94.6392 -82.2523 739.678
vn -0.992645 -0.101892 0.0653743
v -94.2506 -83.8684 741.9
vn 0.741293 -0.49116 0.457434
v -94.9509 -83.7196 953.338
vn 0.589611 -0.639591 0.493236
v -96.1063 -81.9405 957.219
vn -0.193144 -0.551825 0.811286
v -95.9953 -81.4184 957.6
vn 0 0 -1
v -95.8053 -80.5239 735
vn -0.915859 -0.300404 0.266383
v -95.7388 -80.2109 735.6
vn 0 0 -1
v -95.699 -80.0239 735
vn -0.838145 -0.260137 -0.479419
v -95.5659 -80.2151 735.3
vn -0.659668 0.736031 0.151976
v -95.4157 -81.4738 735.6
vn -0.981993 -0.160086 0.100312
v -95.3829 -81.1741 735.9
vn -0.838145 -0.260137 -0.479419
v -95.5457 -80.8328 735.6
vn -0.947645 -0.241683 0.208704
v -95.5203 -80.6261 735.9
vn -0.969947 -0.03409 0.240917
v -95.4387 -80.2421 736.606
vn 0.912484 0.196138 -0.359031
v -95.3763 -79.9487 735.623
vn -0.659668 0.736031 0.151976
v -95.3886 -81.4496 735.6
vn -0.659668 0.736031 0.151976
v -95.3948 -81.4783 735.713
vn -0.992182 -0.0770643 0.0981612
v -95.3688 -81.356 735.9
vn -0.434437 0.258942 -0.862678
v -95.3253 -81.1515 736.5
vn -0.146254 -0.021726 -0.989008
v -95.2076 -80.598 735.862
vn -0.434437 0.258942 -0.862678
v -94.9766 -80.9538 736.384
vn -0.982515 0.0449711 0.18067
v -95.054 -80.6306 738.3
vn -0.920186 0.385515 0.0680891
v -94.9178 -80.0462 738.3
vn 0.706976 -0.309708 -0.635819
v -94.9845 -79.5483 738.3
vn -0.950173 0.221453 -0.219383
v -94.9157 -79.7399 738.6
vn 0.706976 -0.309708 -0.635819
v -94.9581 -79.4242 738.269
vn 0.706976 -0.309708 -0.635819
v -94.9325 -79.4296 738.3
vn -0.524021 0.815931 -0.244251
v -94.7724 -79.4637 738.9
vn -0.557408 0.746436 -0.363497
v -94.6647 -79.4866 738.592
vn 0.85593 0.228359 -0.463935
v -94.452 -81.372 737.255
vn -0.932631 0.164898 0.320948
v -94.4872 -79.5243 739.8
vn -0.64766 -0.0487235 0.76037
v -94.1394 -79.5982 740.1
vn 0.836671 0.425701 -0.344616
v -93.8628 -79.9637 739.8
vn -0.615053 -0.0177367 0.788287
v -94.1402 -79.9047 740.093
vn 0.833193 0.42405 -0.354924
v -93.993 -79.6293 739.8
vn 0.861761 0.40662 -0.303361
v -94.0576 -79.5161 739.8
vn 0.585619 -0.471707 0.659199
v -94.0297 -79.6215 740.1
vn -0.663952 -0.293151 0.687917
v -94.0778 -79.6113 740.15
vn -0.696299 -0.396006 0.598621
v -94.0193 -79.3362 740.4
vn -0.620839 0.780471 -0.0736456
v -94.7046 -81.625 937.5
vn -0.657349 0.750224 -0.0711023
v -95.0904 -81.4898 948.6
vn 0.370845 -0.746036 0.553087
v -93.7846 -81.1185 954
vn -0.558899 0.824905 -0.0846437
v -95.9036 -80.9868 957.3
vn -0.584705 0.807706 -0.0757061
v -95.5682 -80.8519 956.4
vn -0.417095 0.908659 -0.0192481
v -95.5633 -80.8291 957.373
vn 0.451866 -0.728097 0.515454
v -95.2956 -81.1927 957.3
vn 0.807043 -0.550126 0.214575
v -95.0347 -81.5549 956.1
vn 0.924182 -0.353015 0.145834
v -94.8669 -81.2838 955.8
vn 0.660708 -0.683986 0.309237
v -94.899 -81.277 956.7
vn 0.996507 -0.0170752 -0.0817512
v -94.6737 -80.7115 955.8
vn -0.48501 0.868878 -0.0990739
v -94.8688 -80.4473 955.8
vn -0.591765 0.806109 -0.00127474
v -94.7898 -80.3801 955.2
vn -0.423727 0.901492 -0.0881354
v -94.7725 -79.9941 957.3
vn 0.647623 -0.607872 0.459431
v -94.6246 -80.7415 957.3
vn 0.734729 -0.484331 0.47497
v -94.4854 -80.7515 955.2
vn -0.554365 0.807396 0.201968
v -94.53 -80.2963 955.5
vn 0.949488 -0.302955 -0.0818018
v -94.4276 -80.4571 956.7
vn 0.891813 0.321637 -0.31815
v -94.4837 -80.0786 956.7
vn 0.844063 -0.468797 0.260359
v -94.3102 -80.1754 957.3
vn -0.246256 0.967941 -0.0494724
v -94.4482 -79.9117 957.3
vn -0.935437 0.0862936 -0.342798
v -94.2662 -79.878 956.1
vn -0.84701 -0.531103 -0.0224485
v -94.2753 -79.8761 956.4
vn 0.20621 -0.692465 0.691354
v -94.1729 -80.0595 955.8
vn -0.863029 -0.505146 -0.00290002
v -94.1697 -80.0444 956.4
vn -0.674559 0.738078 0.0145266
v -93.9149 -79.646 955.2
vn -0.721041 0.687136 -0.0891308
v -94.0777 -79.6114 956.31
vn 0.0597229 -0.868474 0.492125
v -93.909 -80.2606 955.52
vn 0.183247 -0.982783 0.0236431
v -93.852 -79.9924 956.1
vn -0.26967 -0.169092 0.947991
v -93.7842 -79.6738 956.576
vn -0.915024 0.40337 -0.00490277
v -95.4408 -80.5484 957.6
vn -0.592501 -0.461218 0.66047
v -95.2548 -80.8204 957.6
vn -0.711413 -0.486675 0.50699
v -95.2075 -80.598 957.88
vn 0.562662 -0.5401 0.625862
v -94.8517 -80.367 957.827
vn -0.43317 0.891526 0.132457
v -94.7893 -80.0735 957.779
vn 0.711659 -0.455899 0.534507
v -94.4661 -80.1422 957.6
vn -0.940355 -0.257554 -0.222256
v -94.0847 -79.6099 957.9
vn -0.854202 0.425108 0.299369
v -94.2757 -79.0992 739.8
vn -0.96021 0.274748 -0.0501069
v -94.0567 -79.3091 740.1
vn -0.658649 -0.422225 0.622822
v -94.0317 -79.3144 740.4
vn 0 0 1
v -93.9991 -79.3213 740.4
vn -0.829302 -0.303232 0.46937
v -93.8296 -79.3574 956.7
vn -0.940355 -0.257554 -0.222256
v -94.0153 -79.3179 957.268
vn -0.938262 -0.234442 0.254364
v -93.7219 -79.3803 957.076
vn -0.940355 -0.257554 -0.222256
v -94.1739 -79.2842 957.9
vn -0.983614 -0.0384056 0.176151
v -93.9832 -79.0181 958.5
vn -0.995881 0.0654808 0.0627143
v -93.9646 -79.022 958.8
vn -0.688003 0.541295 -0.483375
v -93.9571 -78.7169 958.8
vn 0.740842 -0.637 -0.213036
v -93.8617 -79.3506 957.9
vn 0.841225 -0.491876 0.224498
v -93.9231 -79.0308 958.5
vn -0.706815 0.665795 -0.239017
v -93.9399 -78.963 958.5
vn 0.847726 0.208882 -0.487575
v -93.8208 -78.7459 958.8
vn -0.752346 0.0185688 0.658506
v -93.8906 -78.731 958.876
vn -0.696856 -0.668367 -0.260148
v -105.647 -141.253 870.908
vn -0.198891 -0.966476 -0.162379
v -104.266 -141.971 870.6
vn -0.142175 -0.980528 -0.13547
v -104.293 -142.154 873.3
vn -0.426936 -0.866231 -0.259556
v -106.494 -142.355 876.3
vn 0.305524 -0.951511 0.03581
v -106.272 -142.752 885.3
vn 0.190825 -0.981564 -0.0108573
v -105.294 -142.481 883.8
vn 0.0958153 -0.994462 -0.0431794
v -105.016 -142.614 885.188
vn 0.250991 -0.967963 0.00721624
v -106.28 -142.789 886.8
vn 0.147914 -0.988907 0.0135812
v -105.011 -142.593 886.2
vn 0.410244 -0.901741 0.136245
v -106.264 -142.715 888.6
vn 0.674604 -0.688602 0.265965
v -105.611 -142.181 888.6
vn 0.3552 -0.93442 -0.0262898
v -104.162 -141.481 889.2
vn 0.0855532 -0.994679 0.0573972
v -104.136 -141.574 889.8
vn 0.702086 -0.708126 0.0750453
v -103.954 -141.306 889.5
vn 0.392765 -0.906423 0.15535
v -105.714 -141.572 890.4
vn -0.00703177 -0.999548 -0.0292364
v -105.099 -141.564 890.4
vn 0.279309 -0.938139 0.204649
v -106.297 -141.429 893.1
vn 0.547295 -0.714698 0.435516
v -105.953 -141.253 893.1
vn 0.743529 -0.3927 0.54125
v -105.701 -140.935 893.1
vn 0.58801 -0.62714 0.510821
v -105.598 -141.263 892.8
vn -0.878469 -0.403169 -0.256411
v -105.101 -140.142 866.4
vn 0.812 -0.474332 0.340095
v -103.782 -141.036 889.8
vn 0.799265 -0.32857 0.503206
v -105.166 -140.435 892.565
vn 0.854382 -0.0843823 0.512748
v -104.2 -140.027 891.3
vn 0.825238 -0.284229 0.488054
v -104.286 -140.622 891.345
vn 0.841225 -0.326462 0.431002
v -103.778 -140.117 890.4
vn 0.436615 -0.884447 0.164682
v -104.717 -139.61 893.7
vn -0.972492 -0.124037 -0.197165
v -103.374 -137.135 855.3
vn -0.97324 -0.062816 -0.221039
v -105.05 -138.006 864.3
vn 0.688448 -0.622581 0.372064
v -102.929 -136.617 897.3
vn 0.620763 -0.664545 0.415973
v -104.942 -137.722 899.7
vn 0.765484 -0.454183 0.455797
v -104.044 -136.993 898.8
vn -0.951842 0.292572 -0.0916472
v -103.258 -134.4 855.9
vn -0.931244 0.321997 -0.170598
v -104.541 -135.047 864
vn 0.628546 -0.689958 0.35901
v -103.596 -135.936 900
vn 0.67733 -0.588459 0.44152
v -102.458 -134.877 900.6
vn 0.782767 -0.404325 0.473072
v -103.5 -134.042 902.987
vn -0.921825 0.345577 -0.175543
v -103.297 -133.165 861.9
vn -0.903872 0.379935 -0.196635
v -104.309 -133.256 865.8
vn -0.610104 0.791278 -0.0406369
v -103.022 -131.791 865.5
vn -0.468719 0.875419 -0.118085
v -103.782 -132.142 870.9
vn -0.576796 0.742584 -0.340406
v -102.978 -131.583 871.2
vn 0.699688 -0.482401 0.526997
v -102.381 -132.439 904.2
vn 0.771643 -0.297999 0.561929
v -101.949 -131.918 903.9
vn 0.654067 -0.439939 0.615346
v -103.713 -132.156 905.954
vn 0.498583 -0.745387 0.442507
v -103.058 -132.602 904.8
vn -0.97767 0.175357 -0.115805
v -101.801 -131.336 846.6
vn -0.253587 0.96305 0.0907101
v -102.305 -131.303 866.7
vn -0.12765 0.980358 0.150347
v -101.996 -131.294 866.908
vn -0.797828 0.458573 -0.391384
v -103.672 -130.938 873.3
vn -0.652922 0.652499 -0.384627
v -103.526 -131.276 872.794
vn -0.648741 0.627386 -0.430722
v -103.266 -130.718 873
vn -0.668088 0.622848 -0.407085
v -102.877 -131.107 871.782
vn -0.68592 0.645932 -0.33509
v -103.514 -129.745 875.1
vn 0.641508 -0.554833 0.529743
v -103.397 -130.997 906.3
vn 0.64805 -0.58277 0.490317
v -102.667 -129.618 908.7
vn -0.734917 0.578423 -0.35401
v -101.955 -127.009 877.8
vn 0.600649 -0.651016 0.464112
v -102.757 -126.218 913.5
vn 0.371285 -0.824084 0.427824
v -101.92 -123.722 915.9
vn -0.839869 0.460377 -0.28753
v -99.5239 -120.779 884.1
vn 0.516685 -0.697124 0.497046
v -100.072 -116.472 923.4
vn 0.530389 -0.695954 0.484082
v -99.7395 -114.905 925.543
vn 0.647478 -0.561811 0.514918
v -99.4446 -114.048 926.1
vn 0.294152 -0.881522 0.369314
v -99.8922 -112.738 928.2
vn 0.401261 -0.784946 0.472069
v -99.5089 -112.378 928.8
vn 0.350128 -0.758396 0.549768
v -97.8243 -107.338 933.075
vn 0.117431 -0.834647 0.538121
v -98.1223 -105.854 935.4
vn 0.422187 -0.727613 0.540683
v -97.2624 -106.137 934.8
vn 0.558705 -0.698585 0.447022
v -96.3657 -105.808 934.2
vn 0.462848 -0.642667 0.610533
v -97.9613 -103.935 937.8
vn 0.65285 -0.475913 0.589316
v -96.0708 -103.417 936.176
vn 0.320138 -0.761699 0.563318
v -95.4826 -100.65 937.5
vn 0.232363 -0.820001 0.523073
v -96.7169 -99.2424 940.5
vn 0.438689 -0.636766 0.634099
v -96.5033 -98.418 941.7
vn -0.761989 0.5317 -0.369685
v -95.9993 -95.7648 902.4
vn 0.275501 -0.71736 0.639917
v -96.2006 -93.9274 944.4
vn -0.742563 -0.64193 -0.191121
v -93.2207 -90.0081 746.7
vn -0.887516 -0.456221 -0.0646331
v -93.8509 -90.0874 749.145
vn -0.999147 0.0379408 0.0163074
v -93.7743 -89.4903 751.8
vn -0.838964 -0.541433 0.054673
v -93.6064 -89.8327 752.4
vn -0.899863 -0.419144 -0.120688
v -93.866 -89.4708 754.5
vn -0.822661 -0.558684 -0.105362
v -93.7075 -89.8112 754.5
vn -0.796882 -0.555933 -0.236469
v -94.0284 -90.0497 756.3
vn -0.986074 0.158105 0.051591
v -93.2177 -89.9153 762
vn -0.971713 -0.236004 -0.00871081
v -93.0875 -90.2497 761.4
vn 0.800072 -0.104893 0.590663
v -93.7991 -90.7119 945
vn 0.667131 -0.318238 0.673543
v -93.8508 -90.0875 945.048
vn 0.652512 -0.297414 0.696974
v -93.512 -90.4662 944.7
vn 0.119846 -0.768843 0.628106
v -93.2596 -90.1916 944.7
vn 0.706343 -0.322268 0.630257
v -94.9884 -90.1524 946.8
vn 0.836099 -0.126428 0.533812
v -94.4377 -89.9627 946.037
vn 0.228292 -0.786617 0.573687
v -94.0005 -89.3488 945.9
vn -0.455529 -0.554813 -0.696187
v -93.6454 -87.6775 741.452
vn -0.528126 -0.77957 -0.336681
v -93.8889 -88.2391 742.2
vn -0.0582043 -0.794998 -0.603813
v -93.0146 -89.0384 743.105
vn -0.858228 -0.491424 -0.148144
v -93.6638 -89.2071 746.61
vn -0.889328 0.431467 0.15143
v -92.9131 -87.2197 750.9
vn -0.765231 0.638498 0.0821089
v -92.7308 -87.7036 753.9
vn -0.709773 0.701869 0.060018
v -93.1605 -88.394 756.6
vn -0.187526 0.973457 0.131208
v -92.901 -88.5042 758.1
vn -0.994399 -0.0848297 0.0630408
v -93.4323 -89.2563 759.9
vn -0.915288 0.396965 0.0683123
v -93.4708 -88.9414 759.3
vn -0.946273 0.317028 0.0637244
v -93.3653 -88.9638 760.5
vn -0.772149 0.632845 0.0573871
v -93.2333 -88.6244 759
vn -0.0906122 0.980747 0.172986
v -92.9663 -88.8114 760.2
vn -0.93148 -0.363459 -0.0155855
v -93.4735 -89.2475 761.1
vn -0.516812 0.810518 -0.275619
v -92.8898 -88.4515 761.115
vn -0.0680084 0.931675 -0.356871
v -92.6005 -88.2063 761.7
vn -0.694514 0.655135 -0.297403
v -93.3671 -87.8114 910.8
vn -0.218087 -0.850796 0.478105
v -93.3703 -89.2695 946.156
vn -0.0764227 -0.829831 0.552758
v -93.0189 -89.0591 946.8
vn 0.411772 -0.631837 0.656678
v -92.8273 -88.1581 947.833
vn 0.115716 -0.815942 0.566435
v -94.2882 -87.8164 948.6
vn -0.365767 -0.642468 -0.673386
v -93.9287 -86.1244 740.4
vn -0.256126 -0.650352 -0.715152
v -93.627 -86.1479 740.313
vn -0.981351 -0.117176 0.152378
v -93.8823 -85.1735 744.6
vn -0.526092 0.789385 0.316384
v -93.7078 -85.0851 744.9
vn -0.980032 -0.114567 0.162517
v -93.7333 -85.2052 745.277
vn -0.161385 0.914945 0.369907
v -93.3819 -84.9947 744.9
vn -0.0809027 0.948054 0.307649
v -92.5502 -86.8536 750.6
vn 0.6378 -0.435249 0.635429
v -93.6007 -85.5401 950.4
vn 0.804725 0.309791 -0.506407
v -92.864 -82.9363 739.2
vn 0.705979 -0.184094 -0.683889
v -92.4787 -83.6316 739.574
vn 0.724593 0.42602 -0.541731
v -92.2307 -83.3777 739.8
vn 0.801067 0.0663388 -0.594888
v -91.7382 -83.789 740.7
vn -0.598962 0.449663 0.662607
v -91.9982 -82.8137 742.701
vn -0.292919 0.793898 0.532846
v -92.0697 -84.5931 744.6
vn -0.665341 0.710059 -0.230516
v -92.3929 -83.0365 921.3
vn 0.418746 -0.626205 0.657662
v -92.0165 -84.3433 949.915
vn 0.707063 -0.413938 0.573339
v -93.7688 -83.9296 951.3
vn 0.400821 -0.618183 0.676161
v -93.2966 -83.1511 951.481
vn 0.213157 -0.696294 0.685375
v -92.5849 -82.689 951.757
vn 0.380816 -0.58526 0.715856
v -92.2165 -82.3986 951.9
vn 0.452218 -0.531252 0.716429
v -91.7046 -82.8761 951.373
vn 0.779699 0.378657 -0.498687
v -93.5676 -81.8667 739.2
vn 0.506569 0.829817 0.234076
v -93.2558 -80.7061 740.4
vn -0.624727 0.177392 0.760427
v -93.3846 -80.6788 740.522
vn 0.836192 0.387799 -0.387808
v -93.151 -81.0228 740.1
vn 0.67444 -0.083315 -0.733614
v -92.7977 -80.8035 741.219
vn 0.67444 -0.083315 -0.733614
v -92.7121 -80.8217 741.3
vn 0.67444 -0.083315 -0.733614
v -92.6752 -80.5228 741.3
vn 0.545303 0.837994 -0.0202594
v -91.7731 -81.6347 741.9
vn -0.668301 0.343252 0.659963
v -91.7487 -81.6399 742.343
vn 0.76525 0.257708 -0.589898
v -91.5566 -82.1791 741.9
vn 0.669692 0.44038 -0.597978
v -91.3929 -81.4088 742.354
vn -0.63641 0.754968 -0.158131
v -92.2249 -81.232 927.3
vn 0.525315 -0.483709 0.700049
v -91.6391 -82.2766 951.6
vn 0.381411 -0.706202 0.596493
v -91.3927 -81.4089 952.248
vn 0.0813537 -0.932988 0.350592
v -93.0808 -80.6931 954.6
vn 0.239165 -0.912054 0.333103
v -92.7815 -80.7279 954.3
vn 0.15498 -0.903488 0.399613
v -92.7571 -80.6133 954.9
vn 0.401251 -0.817316 0.413512
v -91.8086 -80.4795 954
vn -0.982088 0.0527765 0.18088
v -90.5895 -77.6294 744.9
vn 0.618139 -0.615908 0.488428
v -91.3904 -79.8759 954.9
vn -0.680462 0.715042 -0.160272
v -92.0661 -77.892 956.1
vn 0.745336 -0.458057 0.484415
v -91.8937 -77.9287 957.3
vn -0.631997 0.752506 -0.185241
v -92.1115 -77.5757 957.443
vn -0.710362 0.70026 -0.0708704
v -92.2101 -77.5547 957.9
vn -0.611368 -0.0585572 0.789177
v -92.1781 -77.8889 957.9
vn 0.803341 0.57154 -0.167289
v -92.044 -77.59 957.6
vn 0.733539 -0.418946 0.535168
v -92.0113 -77.597 957.9
vn 0.775267 0.613001 -0.152286
v -92.0871 -77.461 957.9
vn -0.758644 -0.0726634 0.64744
v -92.1115 -77.5757 958.013
vn -0.978149 0.207903 0
v -91.631 -76.7577 744.228
vn -0.978149 0.207903 0
v -91.6157 -76.6855 744.3
vn -0.978149 0.207903 0
v -91.631 -76.7577 744.368
vn -0.00174709 -0.293509 -0.955955
v -91.3999 -77.1135 744.336
vn -0.00174709 -0.293509 -0.955955
v -91.3376 -76.82 744.246
vn -0.0926635 -0.147837 0.984661
v -91.3376 -76.82 744.386
vn -0.614346 -0.389662 -0.686106
v -91.1596 -76.8579 744.6
vn -0.614346 -0.389662 -0.686106
v -91.0692 -77.0004 744.6
vn -0.614346 -0.389662 -0.686106
v -91.0441 -76.8824 744.511
vn 0.349299 -0.612125 -0.709431
v -90.9117 -76.9106 744.6
vn -0.324203 0.718295 -0.615585
v -91.0261 -76.7976 744.6
vn -0.609954 -0.386877 0.69158
v -91.0441 -76.8824 744.688
vn -0.982088 0.0527765 0.18088
v -90.5712 -77.2896 744.9
vn -0.657994 0.0897187 -0.74766
v -90.5306 -76.9916 744.9
vn 0.599735 -0.415497 0.683871
v -90.5517 -77.6005 744.9
vn -0.982088 0.0527765 0.18088
v -90.582 -77.594 744.931
vn -0.662554 0.0627946 -0.746377
v -90.5196 -77.3006 744.853
vn -0.608007 0.0901053 0.788802
v -90.4572 -77.0072 744.956
vn -0.655463 0.743836 -0.130677
v -90.3448 -77.0311 951.9
vn -0.68123 0.716809 -0.148697
v -91.7557 -77.3446 957.317
vn 0.665148 -0.560012 0.493929
v -91.4622 -77.407 957.423
vn -0.64402 0.543341 0.538533
v -91.3998 -77.1136 957.509
vn 0.571007 -0.680485 -0.459229
v -91.3375 -76.8201 957.507
vn -0.739959 0.657049 -0.144041
v -90.931 -76.3506 957.3
vn -0.107703 0.299774 0.947911
v -90.5836 -76.1593 957.3
vn -0.600029 0.790781 0.120958
v -90.2604 -75.8222 956.7
vn 0.411104 -0.334817 0.847875
v -90.1806 -76.1459 957.3
vn 0.571007 -0.680485 -0.459229
v -91.3537 -76.8964 957.6
vn 0.571007 -0.680485 -0.459229
v -91.2779 -76.8328 957.6
vn 0.0225729 -0.680163 0.732714
v -90.2479 -75.8249 957.6
vn -0.942822 0.316239 -0.105256
v -90.2361 -75.5207 957.9
vn -0.151393 -0.712311 0.685341
v -90.0559 -75.559 957.9
vn -0.87834 0.450121 -0.160965
v -90.0944 -75.2441 957.9
vn -0.943197 0.224957 0.244487
v -90.0229 -74.9526 958.2
vn -0.943197 0.224957 0.244487
v -90.0829 -75.2466 958.239
vn 0.800255 0.286217 -0.526945
v -90.0205 -74.9531 958.198
vn 0.709479 0.364054 -0.603411
v -90.0182 -74.9536 958.2
vn -0.444578 0.695124 -0.564936
v -90.02 -74.9508 958.2
vn -0.0299425 -0.989441 -0.141808
v -102.2 -142.352 871.8
vn 0.279671 -0.960082 0.00509089
v -102.107 -141.917 875.4
vn 0.383054 -0.920583 0.0761306
v -103.668 -142.594 877.2
vn 0.265353 -0.964004 -0.0168242
v -102.132 -142.031 877.8
vn 0.0212778 -0.998008 -0.0593894
v -104.05 -142.4 882.9
vn 0.369078 -0.925245 0.0877648
v -103.434 -142.387 882.9
vn 0.443675 -0.888777 0.115008
v -102.413 -141.914 881.4
vn 0.304157 -0.947121 0.102224
v -102.312 -141.439 882.9
vn -0.059521 -0.992584 -0.105993
v -101.715 -141.516 883.2
vn 0.211715 -0.971382 0.107671
v -103.653 -141.37 887.4
vn -0.589384 -0.77112 -0.240831
v -103.316 -140.39 861
vn -0.161926 -0.974755 -0.153729
v -101.676 -141.333 882.3
vn 0.643623 -0.687879 0.335517
v -102.008 -140.493 887.1
vn 0.559298 -0.750382 0.352295
v -102.25 -139.701 888.3
vn 0.262302 -0.948376 0.178273
v -103.371 -139.204 894
vn -0.850961 -0.451133 -0.268968
v -103.262 -138.693 857.006
vn 0.723039 -0.377474 0.578557
v -101.81 -136.855 894.9
vn 0.453241 -0.823779 0.340529
v -102.03 -138.665 894.3
vn 0.768945 0.202453 0.606413
v -101.542 -137.218 894.6
vn 0.750238 -0.38583 0.536916
v -101.408 -138.167 894.3
vn 0.744803 0.345261 0.57102
v -101.385 -137.558 894.6
vn 0.706 -0.130068 0.696165
v -100.925 -137.349 894
vn 0.709054 -0.365352 0.603126
v -100.621 -137.414 893.7
vn 0.853967 -0.203282 0.478975
v -102.762 -136.959 896.7
vn 0.849487 0.0237178 0.527076
v -102.425 -137.337 896.1
vn -0.839033 -0.429092 -0.334521
v -101.603 -134.445 845.4
vn 0.392741 -0.852043 0.346088
v -101.507 -136.208 895.8
vn 0.809831 -0.356468 0.465945
v -100.198 -135.357 896.4
vn 0.49179 -0.80195 0.339145
v -102.595 -135.554 899.4
vn 0.788283 -0.394058 0.472576
v -100.99 -134.575 898.8
vn -0.944415 -0.201596 -0.259691
v -101.732 -133.804 845.1
vn 0.892576 -0.305198 0.331906
v -100.095 -134.152 897
vn 0.870139 -0.366005 0.329998
v -99.8722 -133.893 896.7
vn 0.864653 -0.201931 0.459999
v -101.15 -133.928 899.4
vn 0.878157 -0.235959 0.416129
v -100.672 -133.723 898.575
vn 0.281315 -0.934858 0.21657
v -100.632 -133.532 899.1
vn 0.446757 -0.831669 0.329749
v -102.117 -133.303 901.8
vn 0.744277 -0.434247 0.507426
v -101.913 -133.788 900.6
vn 0.721592 -0.531927 0.443123
v -101.697 -133.505 900.6
vn -0.97753 -0.147346 -0.150747
v -99.519 -130.901 834.3
vn -0.967409 -0.168631 -0.188899
v -99.8614 -129.908 837.378
vn -0.971726 -0.134176 -0.194281
v -99.7877 -131.15 837
vn -0.993117 -0.00404732 -0.117057
v -99.4969 -129.985 835.2
vn -0.911749 0.390706 -0.126738
v -101.199 -130.237 855.6
vn -0.45685 0.884907 0.0907023
v -100.837 -130.168 860.1
vn -0.270586 0.952286 0.141191
v -100.519 -130.116 861
vn -0.576373 0.814725 0.0633853
v -99.8731 -129.963 861.3
vn -0.401783 0.906311 0.131037
v -99.8614 -129.908 860.39
vn -0.401288 0.910955 0.0955476
v -101.209 -130.477 861.6
vn -0.369708 0.922972 0.106951
v -100.595 -130.473 862.5
vn -0.363259 0.918237 0.157744
v -99.5775 -130.015 863.7
vn -0.145011 0.983387 0.109187
v -101.665 -131.18 866.1
vn -0.29216 0.95371 0.0712692
v -101.349 -131.133 866.4
vn -0.565648 0.797352 -0.210409
v -100.635 -130.664 869.407
vn 0.697819 -0.497879 0.514942
v -100.618 -131.587 902.1
vn 0.652566 -0.622161 0.432519
v -99.4768 -131.83 900.3
vn -0.962447 -0.165074 -0.215516
v -99.3358 -127.873 831.3
vn -0.947653 -0.260131 -0.185164
v -99.7334 -128.708 833.7
vn -0.980105 0.159722 -0.117831
v -99.7806 -128.085 833.721
vn -0.88747 0.460848 -0.00411601
v -99.4931 -127.533 833.7
vn -0.959817 -0.214987 -0.180363
v -99.2915 -129.109 832.8
vn -0.963752 -0.208661 -0.166259
v -100.229 -128.603 837.3
vn -0.810035 0.586361 -0.00497683
v -99.7096 -128.1 839.7
vn -0.828739 0.559579 0.00794693
v -100.618 -129.14 843.6
vn -0.468789 0.875861 0.114474
v -99.1249 -129.329 861.6
vn 0.648246 -0.581665 0.491369
v -100.288 -128.59 906
vn 0.516061 -0.74621 0.420537
v -99.6803 -127.613 906.6
vn -0.953917 -0.170624 -0.246839
v -98.5962 -125.883 825.9
vn -0.988821 0.0461587 -0.141782
v -99.1254 -126.997 830.1
vn -0.725946 0.679006 0.109333
v -98.753 -126.463 838.8
vn -0.739365 0.668959 0.0763736
v -98.9659 -127.138 849.3
vn -0.732038 0.548129 -0.404568
v -98.8576 -127.361 872.7
vn 0.641669 -0.593433 0.4859
v -100.064 -126.53 909.3
vn -0.972107 -0.0388959 -0.23129
v -97.6652 -123.014 821.1
vn -0.910381 0.403175 0.093037
v -98.7612 -124.314 828.3
vn -0.982847 0.125272 -0.135349
v -98.0219 -122.325 822.6
vn -0.87315 0.48293 0.0662425
v -97.8256 -121.446 823.8
vn -0.642781 0.711243 0.284546
v -97.4657 -121.523 825.45
vn -0.734206 0.563841 -0.378186
v -97.8477 -122.362 876.6
vn 0.537646 -0.714477 0.447727
v -98.2292 -121.054 914.1
vn 0.70579 -0.523368 0.477437
v -99.2263 -121.149 915.454
vn -0.956362 0.283587 -0.0703535
v -97.1195 -120.063 820.2
vn -0.778408 0.52953 -0.337163
v -96.9424 -119.794 878.4
vn -0.74729 0.544418 -0.381006
v -97.7265 -119.627 880.8
vn 0.498932 -0.728374 0.469615
v -98.621 -119.744 916.575
vn 0.482698 -0.748983 0.453902
v -98.712 -118.729 918.6
vn 0.563904 -0.682103 0.465562
v -98.2257 -119.327 917.1
vn 0.639072 -0.624896 0.448433
v -97.4288 -118.464 917.006
vn -0.763327 0.439641 -0.473337
v -97.2687 -115.737 884.1
vn -0.6303 0.493709 -0.599144
v -97.043 -115.785 883.8
vn 0.572228 -0.708405 0.413179
v -98.3531 -117.04 920.618
vn 0.630022 -0.651661 0.422387
v -98.122 -117.396 919.675
vn 0.622878 -0.647751 0.438682
v -96.845 -116.134 920.4
vn 0.877409 -0.231476 0.420205
v -96.1132 -115.983 919.2
vn 0.702645 -0.555493 0.444654
v -96.9174 -115.505 921.3
vn 0.915385 -0.00181813 0.402575
v -96.8321 -115.217 921
vn 0.326487 -0.888825 0.321553
v -96.2997 -114.594 921.3
vn 0.37603 -0.87644 0.300755
v -96.0408 -114.819 920.1
vn 0.619129 -0.611275 0.492973
v -97.392 -115.404 922.054
vn 0.87987 -0.0452853 0.473052
v -97.121 -115.155 921.6
vn 0.745227 -0.500768 0.440305
v -97.0632 -114.861 921.6
vn 0.425652 -0.795203 0.431824
v -97.0801 -113.937 923.381
vn 0.475477 -0.749224 0.461069
v -97.2309 -113.204 925.2
vn -0.790422 0.364426 -0.492369
v -96.1701 -111.099 886.2
vn 0.690249 -0.494393 0.528329
v -96.0598 -112.621 924.6
vn 0.637338 -0.566572 0.522299
v -97.2198 -110.841 927.3
vn 0.69327 -0.579368 0.428614
v -95.3498 -107.251 930
vn 0.239732 -0.908756 0.341601
v -94.347 -106.851 929.44
vn 0.694605 -0.543019 0.471862
v -96.303 -107.395 931.5
vn -0.983436 0.180303 0.0185737
v -92.6891 -99.5354 781.5
vn 0.380522 -0.738172 0.55705
v -94.3654 -101.166 936.3
vn 0.299689 -0.801357 0.517699
v -93.8721 -100.288 937.5
vn -0.993104 0.115983 0.0171122
v -92.4112 -97.7543 778.2
vn -0.755191 0.512822 -0.408289
v -92.9366 -97.9493 893.7
vn 0.512744 -0.571283 0.640882
v -93.1874 -98.5095 938.312
vn -0.887287 -0.373139 -0.271089
v -91.8085 -95.1221 758.7
vn -0.999561 -0.0176842 0.0237596
v -92.4633 -95.903 770.4
vn 0.567652 -0.48042 0.668556
v -92.9651 -94.5778 942.3
vn -0.650273 -0.71158 -0.26608
v -91.3429 -92.7171 749.7
vn -0.830943 -0.555703 -0.026992
v -92.0523 -92.3099 751.5
vn -0.900028 -0.418869 -0.120411
v -91.8167 -92.9734 755.7
vn -0.920211 -0.358011 -0.15824
v -92.2991 -93.4843 758.4
vn -0.986802 -0.160358 -0.0225292
v -92.7612 -92.7727 761.4
vn -0.926762 0.323518 0.190914
v -91.913 -94.4865 774.3
vn 0.677465 -0.325651 0.65954
v -92.5452 -94.0454 942.222
vn -0.446842 -0.811952 -0.375588
v -92.6036 -89.9907 744.9
vn -0.157861 -0.784557 -0.599625
v -91.441 -90.2929 744.629
vn 0.193734 -0.609935 -0.768405
v -90.8188 -90.2514 744.6
vn -0.878494 -0.477263 0.0216521
v -92.5591 -91.2243 753.3
vn -0.793305 -0.596153 -0.123568
v -93.0062 -90.4419 754.2
vn -0.994897 -0.100897 -0.00032407
v -92.9546 -91.8114 762.9
vn 0.795315 0.606195 0.00119295
v -92.1375 -89.8382 761.7
vn 0.863783 0.321785 -0.387728
v -91.9907 -89.8694 762.3
vn 0.867039 0.492858 -0.0730427
v -91.7622 -90.3613 762.3
vn 0.923903 0.0790609 -0.374369
v -91.7001 -90.2379 762.6
vn 0.971098 -0.0768742 -0.225963
v -90.9692 -90.6999 765.3
vn -0.599261 0.713544 0.362962
v -91.0595 -89.9412 768.6
vn -0.607433 0.732241 0.307974
v -90.8064 -90.7345 770.7
vn -0.707745 0.601921 -0.369848
v -92.961 -91.5034 903
vn 0.00976252 -0.885093 0.465312
v -92.2919 -90.1121 945
vn 0.378113 -0.703623 0.601618
v -91.672 -89.9372 945.207
vn -0.0172407 -0.854961 0.518406
v -92.5489 -89.734 945.9
vn 0.321953 -0.588382 -0.741723
v -92.3515 -88.8048 743.1
vn 0.276384 0.926294 0.256108
v -92.4322 -87.7413 753.9
vn 0.810565 0.208512 -0.547272
v -92.4671 -88.8481 761.4
vn -0.710908 0.449275 0.541075
v -92.579 -88.4324 762
vn -0.401407 0.706683 0.582642
v -92.2758 -88.4488 762.3
vn -0.623664 0.549266 0.556193
v -92.1493 -88.6089 762.6
vn 0.741633 0.0427312 -0.669443
v -92.2184 -88.1784 761.7
vn 0.865671 -0.121247 -0.485709
v -91.9742 -89.5662 762
vn 0.869552 0.469752 -0.152358
v -91.9895 -88.5446 762.3
vn -0.456288 0.690645 0.56108
v -91.9793 -88.4965 762.6
vn 0.91888 0.232018 -0.319105
v -91.7694 -88.952 762.3
vn 0.897457 -0.0953939 -0.430664
v -91.5707 -89.652 762.9
vn -0.701757 0.655258 0.279597
v -92.0718 -88.9321 765.204
vn -0.670553 0.739307 0.0615167
v -91.9426 -88.3242 763.5
vn 0.847622 0.463165 -0.258873
v -91.6668 -88.4692 763.5
vn 0.457263 0.870291 -0.183042
v -91.3426 -88.3871 764.7
vn 0.924349 -0.12809 -0.359405
v -91.0297 -89.767 764.4
vn 0.912401 0.25974 -0.316321
v -90.9967 -89.1606 764.7
vn -0.520194 0.776062 0.356547
v -91.4373 -88.8326 766.2
vn -0.679317 0.648991 -0.342548
v -91.1882 -88.5065 904.8
vn 0.553428 -0.398032 -0.731633
v -91.8039 -86.2287 741.509
vn -0.0351298 0.880659 0.472446
v -90.8247 -85.9504 747.3
vn -0.362082 0.691303 0.625297
v -90.0429 -85.1581 746.4
vn 0.413096 -0.628355 0.659183
v -90.0933 -85.6722 946.8
vn 0.586382 -0.459623 0.66701
v -92.1344 -86.4652 948.3
vn 0.463953 -0.636026 0.616618
v -89.7298 -83.6858 948.9
vn 0.571572 -0.484825 0.662005
v -90.9568 -82.7284 950.7
vn 0.757215 -0.326262 -0.565843
v -90.7966 -81.4896 743.4
vn 0.757215 -0.326262 -0.565843
v -90.7436 -81.2401 743.327
vn 0.757215 -0.326262 -0.565843
v -90.6937 -81.2507 743.4
vn -0.584108 0.209055 0.784292
v -90.4501 -81.3025 743.754
vn -0.595621 0.357348 0.719401
v -90.4062 -82.5387 743.979
vn 0.615501 0.613786 -0.494393
v -90.1916 -81.5291 743.7
vn -0.336766 0.156684 0.92846
v -90.2191 -81.6583 743.898
vn -0.805446 0.147504 0.57402
v -90.1095 -81.9883 744.3
vn 0.694741 0.335856 -0.636031
v -89.7813 -81.7514 744
vn 0.273776 0.28205 -0.919508
v -89.8633 -81.4272 744.075
vn -0.544646 0.838666 0
v -89.8633 -81.4272 744.45
vn 0.687403 0.397141 -0.608076
v -89.596 -81.6128 744.3
vn 0.694397 0.0982432 -0.712855
v -89.3429 -82.1513 744.3
vn 0.584161 0.581671 -0.566051
v -88.9829 -81.6144 745.058
vn -0.764725 0.25676 0.59099
v -88.893 -81.6335 745.5
vn 0.0665878 0.727694 -0.682662
v -88.6842 -81.3712 745.8
vn 0.594793 -0.60224 0.532474
v -90.7963 -80.0456 953.7
vn 0.468798 -0.657546 0.589798
v -90.5568 -80.6665 952.8
vn -0.654206 0.0279232 0.7558
v -90.0575 -78.0122 745.188
vn -0.673568 -0.461052 -0.5777
v -89.7665 -78.0741 745.5
vn -0.673568 -0.461052 -0.5777
v -89.7645 -78.0769 745.5
vn -0.673568 -0.461052 -0.5777
v -89.764 -78.0746 745.498
vn 0.449139 -0.68955 -0.568151
v -89.7617 -78.0751 745.5
vn -0.494432 0.604636 -0.624462
v -89.7634 -78.0716 745.5
vn -0.661744 -0.452959 0.59743
v -89.764 -78.0746 745.502
vn -0.808006 0.147167 0.570499
v -89.4559 -78.7535 745.8
vn -0.742724 -0.262708 0.61591
v -89.3386 -79.0851 745.8
vn -0.69735 -0.246659 -0.67295
v -89.3019 -78.7862 745.652
vn -0.747629 -0.0387881 0.662983
v -89.3019 -78.7862 745.972
vn -0.754656 0.156403 -0.637207
v -89.1415 -78.8203 746.1
vn 0.809244 -0.337168 -0.481084
v -89.1039 -78.5216 745.8
vn -0.787269 0.348456 0.50871
v -89.2395 -78.4928 745.956
vn 0.557399 0.0454269 -0.829001
v -89.1293 -78.2095 745.8
vn -0.754656 0.156403 -0.637207
v -89.0198 -78.2328 746.1
vn -0.754656 0.156403 -0.637207
v -88.9461 -78.5552 745.934
vn 0.507658 0.0643175 -0.859154
v -88.6567 -78.6167 746.1
vn 0.507658 0.0643175 -0.859154
v -88.6966 -78.3015 746.1
vn -0.668446 0.392333 -0.631866
v -88.5903 -78.3241 746.179
vn -0.668446 0.392333 -0.631866
v -88.7759 -78.2846 746.4
vn -0.750289 0.385435 0.537127
v -88.5903 -78.3241 746.638
vn 0.679184 0.111665 -0.725424
v -88.2968 -78.3865 746.513
vn -0.617834 0.765406 -0.180096
v -88.2743 -78.698 924
vn 0.796844 -0.311424 0.51774
v -88.9006 -78.8716 952.5
vn 0.642263 -0.460336 0.612853
v -88.8836 -78.2618 952.793
vn 0.552559 -0.507371 0.661252
v -90.3062 -79.7996 953.4
vn 0.618439 -0.43586 0.653881
v -90.3394 -79.3389 953.7
vn 0.607317 -0.413217 0.67854
v -89.7588 -79.3026 953.4
vn 0.628415 -0.348459 0.695464
v -89.9043 -78.7349 953.7
vn -0.654206 0.0279232 0.7558
v -90.0311 -77.7111 745.2
vn 0.66105 -0.244824 0.709278
v -89.9638 -77.7254 745.2
vn -0.654206 0.0279232 0.7558
v -89.9951 -77.7188 745.232
vn -0.530933 0.665847 0.524174
v -88.5279 -78.0307 746.329
vn -0.605822 0.788788 -0.10389
v -88.6703 -76.7736 945.9
vn 0.673825 -0.533025 0.511707
v -89.8185 -77.7564 954.3
vn 0.409136 -0.677516 0.611211
v -87.6938 -76.9812 953.1
vn 0.83864 -0.381005 0.389253
v -89.9142 -75.8958 956.842
vn -0.636884 0.740722 -0.213796
v -88.1356 -75.0471 951.9
vn 0.68554 -0.72248 -0.0897598
v -89.44 -75.1079 957
vn -0.684556 0.711947 -0.156572
v -89.3075 -75.1047 956.1
vn 0.68554 -0.72248 -0.0897598
v -89.4336 -75.0779 956.807
vn 0.68554 -0.72248 -0.0897598
v -89.413 -75.0823 957
vn 0.302588 -0.704638 0.641815
v -89.1043 -74.9714 956.7
vn -0.935783 -0.0977904 0.338742
v -88.9587 -74.2864 957.3
vn 0.380048 -0.731145 0.56656
v -88.6557 -75.5499 955.8
vn 0.244747 -0.723262 0.645749
v -88.3662 -74.3847 957.326
vn 0.609798 -0.575932 0.544471
v -87.6084 -73.7055 957.3
vn -0.14198 -0.6591 0.738532
v -88.3076 -74.0904 957.6
vn 0.644672 -0.559786 0.520612
v -87.5298 -73.3356 957.552
vn -0.670578 0.711526 -0.209895
v -87.1249 -72.5016 957.3
vn -0.468697 0.269111 0.841369
v -87.6798 -72.997 957.6
vn 0.225488 0.115367 0.967391
v -87.3413 -73.069 957.6
vn -0.392484 0.875034 -0.283323
v -87.4344 -72.887 957.6
vn -0.761532 -0.40816 0.503463
v -87.456 -73.0446 957.9
vn 0.121585 -0.99111 -0.054012
v -100.556 -141.834 866.7
vn 0.267572 -0.962765 -0.038585
v -101.481 -142.138 871.2
vn 0.476606 -0.878619 0.0295955
v -101.131 -141.655 876.3
vn -0.128025 -0.971401 -0.199973
v -100.698 -141.057 859.8
vn 0.408279 -0.909923 0.0731292
v -100.194 -141.572 869.4
vn 0.255607 -0.966272 -0.0313622
v -100.429 -141.234 875.4
vn -0.0925143 -0.990332 -0.103362
v -99.8309 -141.308 875.4
vn 0.470959 -0.880518 0.0537181
v -101.251 -141.574 877.5
vn 0.130362 -0.990813 -0.0359839
v -101.105 -141.531 878.1
vn -0.223617 -0.969486 -0.100461
v -100.194 -141.571 880.2
vn 0.073401 -0.997287 0.00548041
v -100.158 -141.406 878.4
vn 0.484283 -0.844162 0.229915
v -98.8543 -140.857 882
vn 0.873781 -0.220408 0.433505
v -99.0354 -140.818 882.6
vn 0.816685 -0.207513 0.538483
v -98.8207 -140.557 882.3
vn 0.135883 -0.989657 0.0459841
v -101.414 -141.539 883.289
vn 0.367167 -0.900737 0.23208
v -100.711 -141.121 883.8
vn 0.709584 -0.50306 0.493377
v -99.8322 -140.649 883.8
vn 0.280761 -0.951318 0.127151
v -99.4927 -139.717 884.7
vn 0.756223 -0.427956 0.494954
v -100.918 -140.111 885.9
vn 0.120324 -0.986129 0.114328
v -101.014 -139.657 887.4
vn 0.044211 -0.997838 -0.0486196
v -99.174 -139.66 885.6
vn 0.196861 -0.97672 0.0852313
v -99.2032 -139.798 886.8
vn -0.447954 -0.835111 -0.319259
v -100.459 -138.491 850.2
vn -0.680706 -0.64372 -0.349662
v -99.7056 -134.947 842.1
vn -0.378383 -0.867943 -0.321716
v -98.6204 -137.056 845.1
vn 0.566088 -0.748068 0.346323
v -98.3794 -136.97 891
vn 0.582622 -0.610796 0.536171
v -100.037 -136.925 893.4
vn 0.402231 -0.816785 0.413609
v -99.7396 -136.55 893.7
vn 0.459327 -0.799914 0.386208
v -99.6811 -136.274 894.3
vn 0.558275 -0.705999 0.435768
v -98.6989 -135.982 893.863
vn 0.765307 -0.360089 0.533517
v -98.6366 -135.689 894.034
vn -0.74274 -0.612451 -0.270631
v -98.8492 -133.804 837.798
vn 0.286339 -0.918968 0.271122
v -97.9158 -133.741 894.6
vn 0.119685 -0.982463 0.142977
v -97.6048 -133.721 894.9
vn 0.849842 -0.23521 0.47164
v -99.7695 -134.221 895.8
vn 0.434809 -0.837852 0.330067
v -97.7685 -133.42 896.4
vn 0.765848 -0.409958 0.49539
v -99.0954 -132.831 899.1
vn 0.817827 -0.252888 0.516919
v -99.1797 -132.506 899.4
vn 0.846458 -0.125418 0.517473
v -98.1252 -132.731 897.6
vn -0.738611 -0.577058 -0.348509
v -97.3652 -131.15 828.3
vn -0.911741 -0.31517 -0.263432
v -98.7136 -131.072 831.3
vn 0.865945 -0.0370017 0.498768
v -97.9836 -132.147 897.3
vn 0.645494 -0.582285 0.494249
v -96.8421 -130.55 899.7
vn 0.422619 -0.835577 0.351005
v -97.9501 -131.016 900
vn -0.383777 0.898499 0.213109
v -97.9961 -128.347 858
vn 0.230459 0.939614 0.25301
v -98.1676 -129.154 861.3
vn -0.294307 0.9199 0.259167
v -97.879 -129.239 861.3
vn -0.0350761 0.969585 0.24223
v -98.5273 -129.403 862.5
vn -0.447264 0.893529 0.0395068
v -98.23 -129.447 862.8
vn 0.470762 -0.776546 0.418759
v -96.4041 -128.072 902.4
vn -0.78463 -0.458338 -0.417471
v -96.7654 -126.886 822.324
vn -0.442022 0.873617 0.203492
v -96.4998 -125.636 850.8
vn -0.420883 0.880314 0.218873
v -96.9575 -126.538 853.2
vn 0.0902025 0.933518 0.346998
v -96.5967 -127.535 856.707
vn 0.273282 0.88494 0.377092
v -96.3656 -127.891 857.355
vn -0.809547 0.426804 -0.403078
v -97.2729 -125.858 870.9
vn -0.680463 0.676826 -0.280851
v -97.2867 -127.388 868.8
vn 0.585392 -0.646919 0.488684
v -96.0537 -126.423 904.264
vn 0.460935 -0.799256 0.385654
v -96.5602 -125.92 905.7
vn -0.790947 -0.463584 -0.399364
v -95.9963 -123.369 817.2
vn -0.292416 0.901937 0.317808
v -96.9796 -123.565 832.2
vn -0.644479 0.758975 0.0927581
v -97.1059 -124.666 843.9
vn -0.641575 0.760696 0.098606
v -95.1664 -123.545 843.6
vn -0.707311 0.559575 -0.431958
v -96.5264 -125.096 870.3
vn -0.76628 0.460785 -0.447765
v -97.5649 -124.875 872.207
vn 0.65633 -0.559504 0.506148
v -95.6171 -124.369 907.706
vn -0.837048 -0.413878 -0.357849
v -94.7987 -121.17 811.8
vn -0.867981 -0.349526 -0.352761
v -96.115 -120.94 814.2
vn -0.859195 -0.371427 -0.35189
v -96.5685 -122.634 817.2
vn -0.460828 0.827543 0.320641
v -96.4826 -121.226 826.2
vn -0.376728 0.870327 0.317185
v -95.5803 -121.31 827.094
vn 0.527136 -0.717269 0.455689
v -96.8159 -121.352 911.7
vn 0.266042 -0.881361 0.390414
v -95.5554 -121.193 911.1
vn 0.566436 -0.65818 0.495933
v -95.2308 -121.109 911.1
vn 0.443029 -0.806012 0.392517
v -96.9437 -120.51 913.8
vn -0.74942 0.642151 0.161281
v -96.7261 -119.486 820.8
vn -0.528607 0.729387 -0.434246
v -94.5592 -119.392 874.8
vn -0.723746 0.545869 -0.422161
v -96.0924 -120.281 876
vn -0.690442 0.646496 -0.324551
v -96.5655 -119.261 878.4
vn 0.456286 -0.768661 0.44829
v -96.4154 -120.213 913.8
vn 0.730092 -0.477497 0.488837
v -94.432 -118.794 912.596
vn -0.859602 -0.360286 -0.362323
v -94.3293 -117.589 807
vn -0.943184 0.332214 0.00613235
v -96.0665 -116.913 812.7
vn -0.97797 -0.0481674 -0.203114
v -96.0547 -118.142 811.8
vn -0.370184 0.854308 0.364857
v -94.5686 -118.151 820.8
vn -0.617182 0.698039 -0.363082
v -95.4723 -118.266 878.7
vn 0.434578 -0.810424 0.392881
v -94.3073 -118.207 912.613
vn 0.395923 -0.843547 0.362868
v -95.6497 -117.308 916.298
vn 0.437012 -0.806594 0.398028
v -95.165 -116.798 916.8
vn -0.685953 0.687579 0.238127
v -95.026 -114.374 810.113
vn 0.685089 -0.523456 0.506604
v -94.1636 -116.088 915.3
vn 0.765605 -0.501472 0.402958
v -93.4116 -114.41 918.3
vn 0.18974 -0.936871 0.293719
v -95.451 -114.897 919.2
vn 0.307274 -0.883223 0.354259
v -95.0947 -114.697 920.1
vn -0.96366 -0.155888 -0.216928
v -94.0085 -113.363 802.2
vn -0.669759 0.369201 -0.644293
v -94.8136 -111.965 884.7
vn 0.616711 -0.656865 0.433816
v -94.0479 -113.662 920.7
vn 0.722489 -0.458082 0.517852
v -93.4876 -113.167 920.4
vn 0.483506 -0.715186 0.504708
v -93.1861 -111.489 921.6
vn -0.979547 -0.13693 -0.147439
v -92.8823 -110.229 794.1
vn -0.979082 -0.0341329 -0.200583
v -93.2042 -110.774 795.3
vn -0.989516 0.0437878 -0.137622
v -93.1436 -110.173 795.3
vn -0.973537 0.228396 -0.00780756
v -93.6526 -110.065 801
vn -0.666088 0.701335 0.253883
v -93.1656 -109.555 802.8
vn -0.852387 0.510197 0.114611
v -93.8901 -110.935 804.3
vn 0.618522 -0.593165 0.51535
v -92.484 -110.314 922.8
vn 0.838 -0.199124 0.508041
v -92.8372 -109.318 924.3
vn -0.971429 -0.190288 -0.14183
v -93.093 -107.117 786.3
vn -0.999623 0.00150231 -0.0274075
v -93.4231 -107.047 791.4
vn -0.990979 0.132577 0.019587
v -93.3324 -107.68 795.3
vn -0.993811 -0.0699372 -0.0863101
v -93.316 -108.91 796.2
vn -0.696793 0.669385 0.257687
v -92.9427 -107.763 798.3
vn -0.358643 0.859474 0.364252
v -92.2836 -108.686 801.6
vn -0.736556 0.201173 -0.645767
v -92.5239 -106.931 884.135
vn 0.553791 -0.58345 0.594055
v -92.3113 -108.817 923.824
vn 0.899369 -0.0476314 0.434587
v -93.4122 -108.89 925.5
vn 0.860827 -0.0324856 0.50786
v -93.0059 -108.669 924.6
vn 0.28595 -0.836637 0.467195
v -92.5117 -108.317 924.6
vn -0.0243263 -0.95674 0.289925
v -92.1529 -108.072 925.2
vn 0.818691 -0.345131 0.458945
v -94.2044 -108.108 927.3
vn 0.481783 -0.7895 0.38023
v -94.1232 -107.241 928.2
vn 0.186109 -0.932065 0.310835
v -93.8122 -107.221 927.9
vn 0.0627163 -0.973712 0.218979
v -93.8015 -107.17 928.2
vn 0.0295182 -0.95581 0.2925
v -93.5003 -107.196 928.2
vn -0.753889 0.600594 0.266343
v -92.9729 -106.529 795.3
vn -0.596326 0.720648 0.35364
v -92.4173 -106.429 795.9
vn -0.789166 0.384209 -0.479167
v -93.3451 -105.53 885.9
vn 0.472973 -0.740054 0.478139
v -92.3992 -106.345 928.441
vn 0.483145 -0.743561 0.462265
v -93.882 -106.106 930.6
vn 0.486042 -0.726055 0.486423
v -93.1548 -105.571 930.542
vn 0.523066 -0.691336 0.498455
v -91.7265 -105.874 928.8
vn 0.59446 -0.574691 0.562448
v -93.3661 -104.299 932.4
vn -0.983179 -0.164218 -0.0799451
v -92.1355 -102.218 774.3
vn -0.999843 -0.0144721 -0.0102424
v -92.1162 -102.724 775.5
vn -0.998076 -0.0380742 -0.0489255
v -92.0657 -102.735 777.3
vn -0.981198 -0.147538 -0.124427
v -92.1438 -104.252 777
vn -0.965438 -0.207745 -0.157388
v -92.0734 -103.369 775.5
vn -0.4794 0.784255 0.393853
v -92.3596 -103.286 790.2
vn -0.50799 0.772297 0.381449
v -91.8379 -103.703 791.714
vn -0.372888 0.844508 0.384396
v -91.3188 -102.704 789.9
vn -0.519023 0.779981 0.349635
v -90.7397 -102.403 789.9
vn -0.795447 0.35414 -0.491782
v -91.6691 -104.353 884.06
vn 0.560539 -0.649499 0.513758
v -91.2325 -102.299 932.012
vn 0.521507 -0.651543 0.550929
v -92.7621 -102.28 933.678
vn -0.967055 -0.223832 -0.121258
v -91.9922 -99.6836 767.4
vn -0.999201 -0.0276899 -0.0288181
v -92.4094 -99.5949 774
vn -0.996755 -0.0135317 -0.0793478
v -92.5608 -101.096 778.5
vn -0.997827 0.0522178 -0.0401913
v -92.304 -99.6173 777.9
vn -0.579986 0.679205 0.449774
v -90.7754 -100.148 786.3
vn 0.506451 -0.659596 0.555374
v -92.3232 -100.227 936.3
vn -0.885746 -0.400638 -0.234398
v -91.6913 -97.9073 762.6
vn -0.507822 0.709715 0.488284
v -91.0654 -97.1834 781.8
vn -0.733306 0.590486 0.337029
v -92.4195 -99.2253 782.4
vn -0.698878 0.570514 0.431373
v -91.3796 -99.5071 784.5
vn -0.722856 0.530717 -0.442513
v -91.076 -98.9582 889.2
vn -0.890045 -0.405028 -0.209219
v -90.6265 -95.9867 754.2
vn -0.928571 -0.323971 -0.181105
v -91.2647 -94.931 756.9
vn -0.935519 -0.315915 -0.15812
v -90.8577 -97.1644 757.5
vn -0.897609 -0.377308 -0.227897
v -91.2269 -96.5 759
vn -0.371961 -0.781425 -0.501018
v -89.299 -93.2019 747.816
vn -0.879077 -0.452778 -0.149051
v -91.3175 -94.0407 753
vn -0.685536 -0.627488 -0.369188
v -90.9113 -94.086 751.8
vn 0.851214 0.51689 0.090886
v -90.3375 -92.9811 765.3
vn 0.968777 0.235787 0.0766506
v -90.4091 -93.2726 770.1
vn 0.981246 -0.147492 -0.124109
v -90.2366 -93.0026 769.2
vn 0.962623 -0.213389 0.166799
v -90.2779 -92.9938 769.5
vn 0.896685 -0.441125 0.0369407
v -90.1697 -92.7101 769.5
vn 0.991067 0.11769 0.0627235
v -90.2544 -93.368 769.2
vn 0.858487 0.512675 0.0128641
v -89.8658 -94.4256 769.8
vn 0.935504 0.262396 -0.2366
v -90.4136 -93.2717 770.7
vn 0.783418 -0.0629067 -0.618304
v -90.244 -93.3077 771
vn 0.969652 -0.23421 0.0701466
v -90.4521 -92.9568 770.4
vn 0.793618 -0.410568 -0.449004
v -90.4246 -92.9626 770.7
vn 0.683083 -0.710631 -0.16853
v -90.243 -92.6945 770.4
vn 0.502977 -0.695207 -0.513519
v -89.8369 -92.7808 771
vn 0.590611 -0.462851 -0.66102
v -89.8859 -93.0771 771.246
vn 0.786264 -0.245334 -0.567098
v -89.4279 -93.4812 771.9
vn 0.77289 -0.427721 -0.468716
v -89.5137 -92.7692 771.3
vn 0.870658 0.168232 -0.462226
v -89.4792 -94.0837 771.9
vn 0.944472 0.0401202 -0.326135
v -89.2454 -94.1334 772.5
vn 0.924927 -0.153094 -0.347955
v -89.1298 -93.5445 772.5
vn 0.830091 0.530369 -0.172216
v -89.1116 -95.0819 771.9
vn -0.781941 0.561223 0.271286
v -91.0023 -92.8398 774.3
vn -0.66179 0.667986 0.340337
v -90.6069 -92.6172 775.2
vn -0.157582 0.829934 0.535142
v -89.3843 -93.6031 777.6
vn -0.686691 0.594329 -0.418603
v -89.3087 -95.0401 891.3
vn -0.39929 -0.805851 -0.437232
v -90.4685 -91.4893 745.8
vn -0.0739075 -0.745954 -0.661883
v -90.431 -91.3127 745.5
vn 0.444584 -0.494194 -0.747073
v -89.5117 -91.3165 745.872
vn 0.565773 0.753706 0.334408
v -88.9077 -91.361 759.3
vn 0.574899 0.759362 0.30473
v -90.4266 -91.2921 761.4
vn 0.954269 -0.139421 -0.264448
v -90.6125 -91.3892 767.4
vn 0.809584 -0.454066 -0.372018
v -90.4603 -90.8081 767.4
vn 0.781767 -0.526452 -0.334198
v -90.3951 -90.2086 766.2
vn 0.942231 -0.239723 -0.233953
v -90.1165 -92.4147 769.2
vn 0.861928 -0.449795 -0.234017
v -89.7698 -92.1817 770.1
vn 0.781887 -0.552866 -0.288083
v -89.2636 -91.0625 769.5
vn 0.882328 -0.447055 -0.147103
v -89.1324 -90.7837 769.5
vn 0.739694 -0.521127 -0.425769
v -89.3245 -90.4361 768.324
vn 0.875041 -0.38118 -0.298336
v -89.0976 -90.4844 768.9
vn 0.754863 0.635257 0.163187
v -89.186 -90.4656 769.5
vn -0.629986 0.708952 0.317025
v -90.3143 -90.7637 771.9
vn -0.414056 0.858887 0.301448
v -90.2404 -90.4164 770.7
vn 0.942655 -0.25306 -0.217629
v -89.0508 -91.4144 771
vn -0.657933 0.693167 0.294353
v -90.5887 -92.3143 774.3
vn 0.214174 0.93344 0.287782
v -89.5277 -91.3921 773.7
vn -0.250511 0.875659 0.412875
v -89.574 -91.6099 774.31
vn 0.752038 0.607739 0.255133
v -89.0495 -92.0281 775.171
vn 0.983286 0.0941007 -0.155864
v -88.6263 -92.7314 774.3
vn 0.824168 0.547825 0.14365
v -88.6267 -92.7314 775.5
vn 0.45445 0.774461 0.440097
v -88.8808 -92.6774 775.975
vn 0.417186 -0.611405 0.672414
v -90.0984 -91.1918 942.748
vn 0.436125 0.816752 0.37777
v -88.9234 -89.9918 756
vn 0.894996 0.270565 -0.35465
v -89.5556 -90.0803 767.635
vn -0.322931 0.866762 0.380052
v -90.4237 -89.8359 768.9
vn 0.577165 0.811442 0.0918824
v -89.5103 -89.8671 768.3
vn 0.59944 -0.484713 0.636966
v -88.8884 -90.2222 942.3
vn 0.674209 -0.177847 -0.716807
v -88.5137 -86.6213 744.326
vn 0.809865 0.187685 -0.555782
v -87.9162 -85.8282 744.9
vn -0.651325 0.657405 -0.378938
v -88.2499 -86.8237 902.4
vn 0.219251 -0.727766 0.649836
v -87.9891 -87.0396 944.441
vn 0.789636 0.191025 -0.583082
v -88.3911 -84.5005 745.2
vn 0.675573 -0.113266 -0.728541
v -87.7836 -84.6296 745.912
vn -0.622921 0.697953 -0.353313
v -86.8358 -84.2177 904.8
vn -0.645837 0.703086 -0.297598
v -88.1209 -83.3311 909.206
vn 0.588019 -0.500203 0.635635
v -87.4287 -84.4033 946.5
vn 0.72401 -0.256372 0.640377
v -86.9972 -84.7968 945.9
vn 0.380379 -0.690508 0.615232
v -89.0329 -83.293 948.9
vn -0.749728 0.158035 0.642598
v -88.7519 -81.9702 745.829
vn 0.453646 0.652137 -0.60739
v -88.6685 -81.5782 745.5
vn -0.733768 0.109481 0.670521
v -88.4231 -81.4267 746.1
vn -0.858947 0.43269 -0.273843
v -88.2835 -81.1496 746.1
vn 0.715738 0.329952 -0.615508
v -88.4584 -82.0326 745.169
vn -0.235065 0.953809 -0.187063
v -88.3337 -81.4457 745.755
vn 0.893362 0.383695 -0.233844
v -88.2399 -81.4656 746.1
vn 0.786927 0.485668 -0.380621
v -87.9559 -81.8327 746.1
vn -0.852111 0.429247 -0.299423
v -88.2392 -80.8523 746.4
vn -0.147018 -0.691711 0.707051
v -88.2191 -81.1633 746.4
vn 0.89497 0.123648 -0.428648
v -88.1791 -80.8651 746.4
vn -0.228223 0.617988 0.752333
v -88.0731 -81.6627 746.4
vn -0.840749 0.118757 -0.528241
v -87.7142 -81.417 747
vn -0.783624 0.206078 -0.58606
v -87.622 -80.9835 746.951
vn -0.623239 0.739932 -0.253129
v -87.7113 -80.9646 914.7
vn 0.761329 -0.350223 0.545639
v -87.1539 -82.3099 947.4
vn 0.103818 -0.247152 -0.963399
v -88.0842 -80.2719 746.586
vn -0.979535 -0.19642 -0.0439467
v -87.8572 -80.3201 747.3
vn 0.392146 -0.719327 -0.573403
v -87.8165 -80.4558 747
vn -0.783624 0.206078 -0.58606
v -87.793 -80.6405 747.3
vn 0.392146 -0.719327 -0.573403
v -87.7907 -80.3343 746.865
vn -0.715346 0.290467 -0.635538
v -87.5596 -80.6901 747.015
vn -0.857581 0.157104 0.489769
v -87.0107 -78.6599 749.4
vn -0.870785 -0.141758 0.470785
v -86.8296 -78.6983 749.742
vn -0.208806 0.959425 0.189481
v -86.5054 -78.6163 749.7
vn -0.244279 0.942147 0.229536
v -86.5186 -78.6784 750
vn 0.485991 -0.629162 -0.606604
v -86.4816 -78.504 750.3
vn -0.665008 0.157052 0.730136
v -86.211 -78.6739 750.3
vn -0.818839 -0.281148 0.500458
v -86.074 -79.4724 750.597
vn 0.870384 0.459985 -0.175627
v -85.996 -79.1822 750.3
vn -0.615231 0.756435 -0.22203
v -86.5535 -78.8426 918.3
vn 0.385046 -0.639596 0.665325
v -87.1229 -78.636 951.434
vn -0.0353016 0.86001 -0.509054
v -87.716 -77.8965 747.3
vn 0.669415 0.183747 -0.719806
v -87.403 -78.2698 747.3
vn -0.870573 0.226656 0.436727
v -86.7924 -78.3995 749.7
vn 0.485991 -0.629162 -0.606604
v -86.4738 -78.4673 750.268
vn 0.485991 -0.629162 -0.606604
v -86.4426 -78.4739 750.3
vn 0.423676 -0.633198 0.647734
v -86.3489 -77.8805 951.466
vn 0.345862 -0.721143 0.600277
v -86.7131 -76.708 953.1
vn -0.566871 0.815816 -0.114459
v -85.0957 -75.6932 927.3
vn 0.547045 -0.61925 0.563269
v -87.3811 -75.5218 954.9
vn -0.733447 0.656596 -0.17589
v -86.6137 -72.3035 957
vn -0.797455 0.56819 -0.203041
v -86.3004 -71.7567 957.3
vn 0.225488 0.115367 0.967391
v -86.4066 -72.38 957.3
vn -0.698833 0.697747 -0.157421
v -86.325 -71.9964 956.7
vn 0.926511 -0.282689 0.248321
v -86.2045 -72.0838 957
vn -0.739953 0.63634 -0.218037
v -86.317 -71.9585 957
vn 0.935293 -0.297813 0.191137
v -86.2619 -72.0716 957.3
vn -0.819862 0.0237229 0.572069
v -86.3376 -72.0555 957.385
vn 0.664534 -0.546521 0.509616
v -86.1391 -72.7111 956.4
vn -0.579198 0.770238 -0.266951
v -85.9664 -71.7523 956.7
vn 0.575724 -0.615598 0.538127
v -85.6883 -71.8868 956.861
vn -0.650662 0.757454 -0.0538745
v -85.6185 -71.5583 956.4
vn -0.325507 0.920149 0.21765
v -85.558 -71.6078 956.7
vn 0.650861 -0.461729 0.60265
v -85.1709 -71.6901 956.4
vn 0.633074 -0.483094 0.604845
v -85.3325 -71.6558 956.552
vn -0.698358 -0.389278 0.600631
v -86.3096 -71.7548 957.6
vn -0.755161 -0.359212 0.54836
v -86.2848 -71.807 957.6
vn 0.198426 -0.727559 0.656723
v -86.2752 -71.7621 957.647
vn -0.638794 0.747314 -0.182929
v -85.2558 -71.2948 956.1
vn -0.638912 0.76212 0.104709
v -85.2453 -71.2454 956.4
vn -0.497146 -0.114374 0.860096
v -85.2701 -71.3623 956.628
vn 0.754309 -0.375921 0.53824
v -84.8644 -71.4486 956.1
vn 0.747309 -0.457841 0.481571
v -84.6729 -71.1825 956.1
vn -0.600385 0.755213 -0.263044
v -84.5096 -70.9106 955.5
vn 0.550431 -0.679488 -0.485099
v -84.5053 -70.6499 956.4
vn 0.550431 -0.679488 -0.485099
v -84.4961 -70.6067 956.35
vn 0.550431 -0.679488 -0.485099
v -84.4612 -70.6142 956.4
vn 0.666596 -0.52839 0.525789
v -84.3274 -71.256 955.414
vn -0.0756998 -0.978485 -0.191931
v -96.531 -140.212 855.3
vn 0.0758774 -0.996739 -0.0274578
v -96.957 -140.773 867.3
vn -0.174406 -0.97505 -0.137332
v -96.9824 -140.893 868.2
vn -0.0592993 -0.994247 -0.0892003
v -97.3216 -141.046 869.7
vn 0.187857 -0.981036 0.0477369
v -97.9986 -141.345 876.15
vn 0.826741 -0.0598853 0.559386
v -98.6918 -140.278 882.109
vn 0.522654 -0.767755 0.370654
v -98.3489 -140.657 881.7
vn 0.599733 -0.769763 0.218598
v -98.1062 -140.709 880.8
vn 0.831119 -0.346349 0.435066
v -98.0247 -140.42 881.1
vn -0.235474 -0.949153 -0.208952
v -96.1081 -138.222 846
vn -0.120573 -0.960405 -0.251166
v -98.0841 -138.861 849.9
vn -0.11392 -0.971552 -0.207626
v -96.557 -138.891 850.419
vn 0.789059 -0.387719 0.476508
v -97.0375 -139.709 880.043
vn 0.334163 -0.931705 0.142344
v -97.5713 -139.335 882.3
vn 0.0420581 -0.996916 -0.0662618
v -96.9493 -139.294 882.6
vn 0.164802 -0.98629 0.00850074
v -96.6461 -139.311 882.9
vn 0.437857 -0.879102 0.188312
v -96.6242 -139.208 883.8
vn 0.640452 -0.668614 0.377858
v -97.2855 -138.43 887.4
vn -0.529487 -0.80524 -0.266896
v -96.6609 -136.495 840.3
vn 0.456866 -0.812264 0.36263
v -97.9214 -136.653 891.3
vn 0.67287 -0.532793 0.513203
v -97.7035 -135.887 892.5
vn 0.789145 -0.176605 0.58827
v -97.6315 -135.289 892.742
vn 0.765615 -0.272874 0.582558
v -96.2583 -135.581 891
vn 0.520183 -0.771696 0.365917
v -96.289 -136.188 890.507
vn -0.634392 -0.711513 -0.302153
v -97.1691 -133.114 831.9
vn -0.675184 -0.685327 -0.272862
v -96.1064 -133.886 831.9
vn 0.719148 -0.360344 0.59412
v -97.1509 -134.471 892.42
vn 0.768044 -0.270264 0.580574
v -96.2298 -134.974 891
vn 0.592118 -0.667723 0.451157
v -95.5677 -134.238 890.7
vn 0.301434 -0.915995 0.264747
v -96.4174 -133.906 892.8
vn 0.588732 -0.686528 0.426702
v -96.0738 -133.473 893.7
vn -0.716168 -0.575999 -0.394118
v -95.06 -131.849 825.319
vn 0.764889 -0.357651 0.535753
v -96.8157 -132.702 895.5
vn 0.466635 -0.798389 0.380561
v -96.2508 -131.679 895.8
vn -0.783927 -0.461189 -0.415648
v -95.1479 -129.376 822.903
vn 0.260078 0.890482 0.373366
v -96.1058 -128.111 857.7
vn 0.650896 -0.578515 0.491583
v -94.3863 -129.232 897.9
vn 0.191625 0.914896 0.355309
v -95.8027 -126.685 854.1
vn -0.145299 0.907658 0.393757
v -95.4669 -126.548 853.513
vn -0.284617 0.832059 0.4761
v -95.1734 -126.611 853.797
vn -0.693528 0.682394 0.230992
v -94.9895 -126.343 853.8
vn -0.535809 0.780659 0.321684
v -94.9407 -126.047 853.2
vn 0.414312 0.833477 0.365598
v -95.9635 -127.442 855.9
vn 0.350918 0.866861 0.35413
v -96.0098 -127.66 856.483
vn 0.446145 0.812226 0.375824
v -95.6662 -127.486 855.6
vn -0.626851 0.768493 0.128364
v -95.4156 -127.479 856.5
vn -0.706951 0.69477 0.132342
v -95.1601 -126.92 855.3
vn -0.321409 0.910912 0.25872
v -94.5285 -126.463 855
vn -0.678381 0.734144 -0.0288509
v -95.5765 -127.752 858.3
vn -0.768943 0.63927 0.00777963
v -94.9253 -126.886 857.7
vn -0.577839 0.814599 0.0503019
v -95.6791 -127.547 860.1
vn -0.367375 0.929768 0.0237942
v -94.392 -127.263 861
vn 0.506483 -0.749579 0.426152
v -95.3765 -125.954 903.9
vn 0.701376 -0.487084 0.520405
v -95.4247 -126.35 903.6
vn -0.758595 -0.510054 -0.405436
v -95.3237 -124.432 816.677
vn -0.755598 -0.529189 -0.386045
v -93.7233 -125.56 816
vn -0.220415 0.892741 0.392978
v -93.2453 -124.754 851.4
vn -0.665729 0.646674 -0.372314
v -93.1949 -125.498 864.9
vn 0.392976 -0.836786 0.381259
v -94.8798 -125.23 905.7
vn -0.778001 -0.523075 -0.348004
v -93.784 -122.96 811.8
vn -0.553711 0.824833 0.114259
v -93.7839 -121.516 836.1
vn -0.184644 0.979189 0.0842363
v -92.5284 -121.381 836.4
vn -0.640122 0.762476 0.0942023
v -94.6097 -122.437 838.5
vn -0.444473 0.888492 0.114133
v -94.2286 -122.165 838.8
vn -0.439006 0.898268 0.0196785
v -92.5949 -121.638 840.6
vn -0.528035 0.847574 0.0528886
v -92.5762 -121.606 841.5
vn -0.512616 0.840032 0.177682
v -94.055 -122.792 844.5
vn -0.607261 0.781463 0.143352
v -92.676 -122.076 844.5
vn -0.587642 0.771962 0.242387
v -92.8341 -122.82 847.2
vn 0.450466 -0.773365 0.44608
v -93.3414 -122.32 906.9
vn -0.907057 -0.339224 -0.249349
v -93.0139 -119.709 804.9
vn -0.514328 0.835743 0.192355
v -93.0855 -119.673 826.8
vn -0.547734 0.692532 -0.469454
v -93.6325 -120.804 871.771
vn 0.806472 -0.257851 0.532087
v -92.9648 -119.106 909.93
vn -0.923673 -0.262558 -0.279092
v -93.3651 -118.407 805.2
vn -0.306856 0.878085 0.367159
v -93.4104 -118.316 822
vn -0.549571 0.656422 -0.516799
v -92.4842 -118.288 874.769
vn 0.538921 -0.680438 0.496557
v -92.0115 -118.082 911.4
vn 0.170428 -0.935567 0.309305
v -93.9626 -118.029 912.9
vn 0.797989 -0.240564 0.552578
v -92.884 -117.283 913.168
vn 0.725486 -0.369517 0.580627
v -92.5011 -117.364 912.6
vn -0.0725314 -0.967471 0.242362
v -91.8345 -116.674 912.9
vn -0.957309 -0.234088 -0.169593
v -92.3461 -114.943 794.7
vn -0.0138325 0.926293 0.37655
v -91.7168 -114.677 814.2
vn -0.158067 0.892897 0.421603
v -93.2214 -115.984 817.267
vn 0.783671 -0.300138 0.543853
v -91.3799 -114.535 914.315
vn 0.739241 -0.421716 0.525051
v -91.349 -115.833 913.5
vn 0.031825 -0.955339 0.293794
v -92.9635 -116.214 914.4
vn 0.876056 -0.195385 0.440852
v -92.5496 -114.594 916.2
vn 0.716549 -0.587219 0.376473
v -92.4689 -114.304 916.2
vn 0.763402 -0.448843 0.464496
v -93.2263 -114.756 917.7
vn 0.570439 -0.771812 0.280901
v -93.1406 -114.161 918.138
vn -0.893001 -0.372511 -0.252557
v -90.8131 -112.202 783.3
vn -0.914269 -0.353111 -0.198557
v -92.0929 -112.85 789.3
vn -0.979173 -0.12884 -0.156906
v -92.1653 -112.222 792.3
vn -0.0779433 0.891325 0.446614
v -92.2238 -112.734 810.6
vn -0.375561 0.819734 0.432425
v -90.6288 -112.445 810
vn -0.101096 0.901044 0.42178
v -91.3176 -114.242 813.215
vn 0.0817823 0.872861 0.481067
v -91.2001 -113.689 812.1
vn 0.114237 0.863983 0.49039
v -90.9018 -113.729 812.1
vn 0.358786 -0.892342 0.273858
v -92.2004 -114.054 916.5
vn 0.523094 -0.735011 0.431429
v -91.2301 -113.647 916.8
vn -0.972878 -0.195483 -0.123672
v -92.0742 -110.587 786.3
vn 0.529101 -0.625471 0.573444
v -90.569 -110.721 920.433
vn 0.633602 -0.48556 0.602312
v -92.0651 -109.789 922.8
vn -0.496562 0.781507 0.377722
v -91.8308 -107.999 800.376
vn -0.348185 0.835323 0.425444
v -91.4306 -107.559 800.1
vn -0.29075 0.85075 0.437823
v -89.7528 -108.323 802.8
vn 0.379999 -0.789776 0.481513
v -90.1722 -108.854 922.8
vn -0.842599 -0.463906 -0.273529
v -90.1266 -106.214 772.5
vn -0.415418 0.813165 0.407664
v -89.9883 -105.937 797.4
vn -0.763323 -0.150959 -0.628132
v -90.4514 -105.838 881.803
vn -0.703378 0.0718304 -0.707177
v -90.114 -107.137 881.609
vn -0.768774 -0.567244 -0.29533
v -88.824 -103.954 762.9
vn -0.884813 -0.413965 -0.213866
v -90.0547 -102.856 766.5
vn -0.819091 -0.00863665 -0.573598
v -88.8929 -104.943 879
vn 0.542444 -0.6589 0.521158
v -89.6037 -104.736 927
vn 0.423263 0.793974 0.436411
v -88.8174 -101.036 789
vn -0.493981 0.775136 0.393888
v -89.9852 -102.202 790.8
vn -0.311941 0.827479 0.466874
v -88.9913 -101.855 790.764
vn 0.265245 0.840992 0.47157
v -88.6355 -101.624 789.833
vn 0.520515 -0.653361 0.549712
v -88.95 -101.25 931.2
vn -0.746445 -0.541158 -0.387257
v -89.6017 -97.5117 753.9
vn -0.445931 0.705278 0.551116
v -88.7231 -97.7069 784.2
vn 0.3479 0.82567 0.444111
v -89.2211 -98.6073 784.8
vn -0.513042 0.665462 0.542169
v -88.7234 -99.1516 785.895
vn -0.156835 0.823304 0.545502
v -88.6171 -100.094 787.197
vn -0.617342 -0.614295 -0.491458
v -88.2684 -95.5678 750.265
vn 0.695378 0.69784 0.171666
v -87.6225 -96.8577 769.2
vn 0.878558 0.449131 -0.162534
v -87.9243 -95.9477 775.8
vn -0.669713 0.584767 -0.457747
v -87.051 -95.8266 886.8
vn 0.596345 -0.608298 0.523781
v -87.9479 -97.4762 934.8
vn 0.62344 -0.498065 0.602706
v -89.4697 -96.8912 937.2
vn 0.53244 -0.562549 0.632492
v -88.0372 -95.9237 936.406
vn 0.14317 -0.665999 -0.732084
v -88.4698 -93.6297 748.2
vn 0.394442 0.764882 0.509284
v -87.1825 -93.345 760.732
vn 0.630474 0.696856 0.341898
v -87.7533 -93.1446 761.1
vn 0.233405 -0.784852 0.574047
v -88.3537 -94.5266 938.1
vn 0.294405 -0.731048 0.615545
v -87.8458 -93.5803 939.3
vn 0.469712 -0.690837 0.54965
v -87.3281 -94.0306 938.4
vn 0.461903 -0.436736 -0.77195
v -88.2797 -92.4984 747.6
vn 0.576678 -0.299597 -0.760056
v -87.2704 -90.8727 747.424
vn 0.288594 0.827056 0.482382
v -87.2543 -90.7971 756.3
vn 0.628008 -0.446488 0.637381
v -88.1008 -92.5365 940.5
vn 0.311899 0.865057 0.392932
v -87.0887 -90.0176 754.5
vn 0.265366 -0.738661 0.619646
v -86.8673 -88.9769 942
vn 0.846728 0.310665 -0.4319
v -86.1521 -87.0542 747.6
vn 0.326532 -0.442059 -0.83544
v -85.8323 -86.2712 747.9
vn 0.847822 0.459666 -0.264397
v -85.7338 -87.8256 747.6
vn -0.146013 0.767209 0.624556
v -86.676 -87.9321 750.9
vn 0.332662 -0.625232 0.705989
v -86.9216 -86.3464 944.993
vn 0.607261 -0.179808 -0.773889
v -86.7346 -85.466 747.106
vn 0.625169 -0.00844914 -0.780444
v -85.991 -84.0905 747
vn 0.365038 -0.377734 -0.85092
v -85.5608 -85.7155 747.682
vn 0.850962 0.525173 0.0075519
v -83.9325 -82.0745 751.8
vn 0.607828 -0.390552 0.691386
v -86.4666 -82.7627 946.296
vn 0.345782 -0.625114 0.699762
v -86.4042 -82.4692 946.393
vn 0.212925 -0.654937 0.725066
v -86.1409 -82.6735 946.2
vn 0.144429 -0.747159 0.648763
v -85.6823 -81.959 947.1
vn -0.823636 -0.260143 0.503934
v -85.9287 -80.4233 750.3
vn 0.822565 0.496003 -0.278152
v -85.7489 -79.3857 750.6
vn -0.824166 -0.266997 0.499462
v -85.7806 -79.5347 751.02
vn 0.845634 0.409814 -0.341988
v -85.4702 -80.5208 749.4
vn -0.821612 -0.294793 0.487905
v -85.6119 -80.184 750.978
vn 0.849329 0.464649 -0.250482
v -85.0335 -80.3488 751.2
vn -0.813594 -0.275292 0.512131
v -85.0873 -80.6022 751.541
vn 0.521358 -0.567425 0.63735
v -85.4473 -79.4102 949.5
vn 0.701069 -0.394564 0.593988
v -84.8456 -79.4652 948.9
vn 0.624342 -0.401037 0.670348
v -84.4393 -79.8199 948.3
vn -0.565654 0.788865 -0.240265
v -84.1077 -77.4367 916.721
vn -0.569385 0.799589 -0.190938
v -84.9573 -76.6427 921.9
vn 0.599932 -0.546708 0.584117
v -85.0913 -78.7612 949.8
vn 0.620399 -0.388924 0.68106
v -84.066 -78.6724 948.3
vn 0.700551 -0.517472 0.491376
v -84.2948 -78.3171 948.874
vn 0.62968 -0.528064 0.569782
v -84.1364 -77.5717 949.8
vn 0.499646 -0.61391 0.611121
v -83.6456 -78.1484 948.351
vn 0.533745 -0.584842 0.6108
v -85.3438 -77.4807 951.161
vn 0.436851 -0.588575 0.68025
v -83.5648 -76.3253 950.063
vn 0.158533 -0.807986 0.567474
v -82.9155 -76.1566 949.977
vn 0.486046 -0.623529 0.612348
v -84.8448 -75.1331 951.879
vn 0.121568 -0.787972 0.60359
v -83.3947 -75.5252 951
vn 0.737308 -0.276353 0.616446
v -82.8971 -74.6271 951.505
vn 0.8305 -0.0941539 0.549003
v -82.5729 -74.0826 951
vn 0.600523 -0.541642 0.588214
v -84.4683 -73.373 953.7
vn 0.695905 -0.432341 0.573408
v -83.499 -72.3522 953.1
vn 0.369716 -0.680978 0.632122
v -82.6291 -71.9237 952.818
vn -0.0165748 -0.250263 0.968036
v -83.9092 -70.7315 955.557
vn -0.622032 0.766138 -0.161579
v -83.7971 -70.4486 955.2
vn 0.539069 -0.638569 0.549212
v -83.5995 -70.717 955.2
vn -0.669361 -0.314779 0.672956
v -83.5278 -70.3799 955.5
vn -0.712985 -0.172729 0.679571
v -83.4911 -70.207 955.583
vn 0.399346 -0.528774 0.748947
v -83.1976 -70.2693 955.459
vn -0.535529 0.840418 -0.083106
v -81.2273 -68.5412 954.9
vn -0.68446 0.660386 -0.308876
v -82.834 -69.4265 955.8
vn -0.588648 0.788058 -0.180162
v -82.6093 -69.4743 955.2
vn -0.382417 0.886115 -0.261834
v -82.6918 -69.3326 955.8
vn -0.845294 0.158152 0.510359
v -82.717 -69.4514 956.001
vn 0.501219 -0.614982 0.608751
v -82.195 -69.5623 955.5
vn -0.41423 0.905275 -0.0942914
v -82.3869 -69.3413 955.5
vn -0.819671 -0.479452 -0.313471
v -82.0342 -68.9831 955.8
vn -0.819671 -0.479452 -0.313471
v -82.0121 -69.0209 955.8
vn -0.819671 -0.479452 -0.313471
v -82.0054 -68.9892 955.734
vn -0.476881 0.844903 0.242332
v -81.6571 -68.7935 955.2
vn -0.393656 0.847014 0.357215
v -81.1498 -68.5577 955.2
vn -0.554531 0.818791 -0.148584
v -81.0008 -68.2827 955.5
vn 0.251294 -0.967721 -0.0191652
v -95.0963 -140.735 859.2
vn 0.318256 -0.945034 0.074985
v -95.1281 -140.827 870.6
vn -0.112601 -0.969567 -0.217398
v -94.75 -139.048 848.7
vn -0.00453083 -0.984036 -0.177913
v -93.779 -138.808 847.8
vn 0.119929 -0.981889 -0.146668
v -94.049 -140.079 854.1
vn 0.169048 -0.984566 -0.0453071
v -94.5583 -140.543 862.5
vn 0.19215 -0.978049 -0.0806136
v -94.1094 -140.363 862.5
vn 0.196792 -0.979717 -0.037783
v -94.1654 -140.626 866.363
vn 0.567481 -0.780603 0.261964
v -94.8973 -139.741 875.7
vn 0.186769 -0.979287 0.0781932
v -96.0076 -139.193 880.5
vn -0.51887 -0.822341 -0.233514
v -94.4597 -136.239 833.7
vn 0.565097 -0.758914 0.323596
v -94.0374 -137.893 882.3
vn 0.761623 -0.479918 0.435441
v -95.2203 -137.642 884.7
vn 0.79379 -0.395329 0.462181
v -94.8452 -136.802 884.7
vn 0.341308 -0.926686 0.157356
v -94.1466 -136.337 885.3
vn -0.713274 -0.580328 -0.393013
v -94.1674 -133.421 825.9
vn -0.550573 -0.766867 -0.329825
v -92.9633 -134.971 826.8
vn -0.713842 -0.641555 -0.280779
v -95.0106 -134.502 829.8
vn 0.434057 -0.798839 0.416474
v -92.4587 -132.402 890.7
vn -0.74323 -0.540311 -0.394555
v -93.7408 -128.755 819
vn 0.733486 -0.420339 0.534147
v -92.2937 -129.983 894.3
vn 0.460995 -0.776318 0.429901
v -92.1695 -131.236 892.85
vn -0.807983 -0.492206 -0.323879
v -92.5708 -127.47 814.8
vn -0.319521 0.93861 0.130065
v -92.7512 -126.758 857.1
vn 0.757285 -0.373996 0.535394
v -91.8158 -127.938 897
vn 0.630115 -0.598707 0.494474
v -92.8258 -127.11 899.034
vn 0.676732 -0.528376 0.512692
v -92.5155 -128.096 897.9
vn -0.870083 -0.388678 -0.303126
v -93.1472 -125.814 814.8
vn -0.207009 0.923959 0.321633
v -92.2376 -125.785 853.5
vn -0.479579 0.852124 0.209496
v -91.702 -125.508 853.5
vn -0.415149 0.87618 0.244867
v -91.1926 -125.197 853.5
vn -0.586485 0.795087 -0.154506
v -91.237 -125.914 859.5
vn 0.438714 -0.805244 0.398888
v -91.1715 -126.541 899.263
vn -0.312778 0.944661 0.0989257
v -92.2698 -121.608 843.3
vn -0.107099 0.979625 0.169895
v -92.2798 -121.655 844.2
vn -0.00853538 0.973614 0.228041
v -91.96 -121.593 843.6
vn -0.643175 0.752456 0.1419
v -92.3159 -121.825 844.8
vn -0.630338 0.754769 0.181652
v -92.3524 -121.996 845.75
vn 0.519922 0.798927 0.302319
v -92.0721 -122.121 845.7
vn 0.352498 0.910459 0.216356
v -92.0244 -121.896 844.8
vn 0.399221 0.870562 0.287654
v -91.7494 -122.045 844.8
vn -0.968062 0.138519 0.208971
v -91.2433 -122.539 846.9
vn -0.933367 0.0802022 0.349847
v -91.3019 -121.913 846.6
vn -0.968062 0.138519 0.208971
v -91.1786 -122.246 847.005
vn -0.439369 0.643214 0.627081
v -91.0711 -121.74 846.6
vn 0.604195 0.754346 0.256731
v -90.8009 -121.912 846.9
vn 0.664799 0.70333 0.251732
v -90.5357 -122.107 846.6
vn -0.568257 0.772975 0.282124
v -92.6019 -123.17 848.628
vn 0.342734 0.859678 0.378797
v -92.0774 -123.588 848.982
vn 0.260383 0.911408 0.318648
v -91.7328 -123.41 848.1
vn -0.566947 0.689893 0.450133
v -91.2644 -122.841 847.5
vn -0.467032 0.70606 0.532316
v -90.9475 -122.602 847.602
vn -0.306056 0.880612 0.361734
v -90.9036 -123.838 849.56
vn 0.764457 0.567195 0.306423
v -90.5917 -122.371 847.228
vn -0.485917 0.786366 -0.381463
v -92.1837 -122.646 867.199
vn -0.345543 0.864305 -0.365482
v -91.8391 -122.467 867.3
vn 0.684736 -0.505636 0.524852
v -91.6871 -123.365 903.6
vn 0.618438 0.710608 0.335517
v -90.3253 -119.674 827.4
vn 0.284194 0.929862 0.233645
v -89.6964 -121.027 829.2
vn 0.525283 0.819178 0.230273
v -91.7471 -120.591 832.042
vn 0.368671 0.92269 0.112803
v -90.6186 -121.054 831.9
vn 0.13373 0.989124 0.0612331
v -90.0639 -121.33 832.5
vn -0.0597544 0.997804 0.0285854
v -91.2718 -121.241 836.4
vn -0.134331 0.990902 -0.0082709
v -90.9423 -121.134 838.2
vn -0.41615 0.909064 0.0205291
v -92.2194 -121.37 841.2
vn -0.190632 0.975099 0.11332
v -91.9142 -121.378 842.7
vn -0.687516 0.695032 0.210361
v -91.1158 -121.646 844.2
vn -0.11495 0.980661 0.158399
v -91.258 -121.309 842.7
vn -0.68276 0.696368 0.221156
v -90.9829 -121.325 843.6
vn 0.00623372 0.992678 0.120628
v -90.6381 -121.146 842.7
vn 0.358891 0.92963 0.0835819
v -90.6956 -121.416 844.2
vn -0.93237 0.361505 -0.00113252
v -91.1891 -121.63 845.4
vn 0.513213 0.846954 0.138861
v -90.9657 -121.244 844.8
vn 0.443045 0.878096 0.180716
v -90.1735 -121.846 845.147
vn 0.832449 0.17035 0.527265
v -89.6833 -120.723 904.5
vn 0.743747 -0.307043 0.593772
v -90.8667 -120.779 906.168
vn 0.190166 -0.928148 0.319966
v -90.5709 -119.387 906.9
vn 0.0800218 0.941702 0.326794
v -90.5457 -117.825 822.9
vn 0.311369 0.86187 0.400287
v -89.1955 -117.245 821.1
vn 0.291019 0.833755 0.469213
v -89.445 -118.419 823.5
vn -0.0221859 0.953372 0.30098
v -91.6648 -118.762 825.9
vn 0.725652 0.600025 0.336748
v -90.1655 -118.922 825.6
vn 0.447116 0.81009 0.379263
v -89.968 -119.436 826.026
vn 0.2732 -0.8841 0.379116
v -89.4055 -119.556 906.6
vn -0.751327 -0.561995 -0.345933
v -88.9261 -115.977 784.439
vn 0.10506 0.943013 0.315735
v -91.0801 -116.01 818.1
vn 0.178708 0.935859 0.303697
v -90.6867 -115.603 816.35
vn 0.0572621 0.944427 0.323695
v -90.464 -115.998 817.5
vn -0.151356 0.913889 0.376693
v -90.4055 -115.723 816.6
vn -0.370565 0.845737 0.383942
v -89.8431 -115.963 817.8
vn 0.152419 0.93004 0.334355
v -90.9163 -116.683 819.9
vn 0.196735 0.92908 0.31322
v -90.5244 -116.282 818.4
vn -0.154307 0.922332 0.35425
v -89.9472 -116.453 818.7
vn -0.111015 0.90584 0.408814
v -89.3272 -116.421 819.3
vn 0.116064 -0.879934 0.460701
v -89.6412 -115.013 912.9
vn 0.256833 0.744319 0.616463
v -88.2863 -112.967 810
vn -0.585637 0.7191 0.374065
v -90.4012 -112.817 811.2
vn -0.251193 0.897064 0.363563
v -89.9567 -113.611 813.023
vn 0.149286 0.960664 0.234177
v -89.6491 -113.607 813
vn -0.189412 0.899025 0.394813
v -89.4356 -114.045 814.5
vn 0.142496 -0.891031 0.430997
v -90.7243 -114.337 914.4
vn 0.245049 -0.875782 0.415881
v -90.3262 -113.839 915.6
vn 0.213726 0.784901 0.581594
v -87.7044 -110.23 807.3
vn -0.273421 0.847874 0.454258
v -90.1201 -111.494 808.8
vn 0.156688 0.787531 0.596024
v -89.617 -112.013 809.7
vn -0.704852 0.479031 -0.523176
v -89.1307 -110.413 878.7
vn 0.356631 -0.767979 0.531999
v -89.4806 -109.929 920.4
vn -0.564904 -0.731395 -0.382027
v -87.2924 -105.405 763.2
vn -0.181108 0.898405 0.400085
v -87.621 -105.52 798
vn -0.226954 0.869761 0.438188
v -88.9896 -106.175 799.2
vn -0.0656469 0.910391 0.408508
v -86.7805 -105.883 799.5
vn -0.0789596 0.879289 0.469698
v -87.3371 -107.059 801.6
vn -0.807485 -0.204129 -0.553442
v -87.0773 -106.862 877.8
vn -0.74832 0.141572 -0.648055
v -88.5844 -107.155 880.15
vn -0.740266 -0.432415 -0.514805
v -88.0988 -106.032 879
vn -0.80244 -0.202341 -0.561381
v -88.1594 -106.632 879.6
vn -0.357132 -0.805787 -0.472403
v -86.7915 -103.049 758.4
vn 0.114782 0.894305 0.432486
v -88.0671 -103.278 792.628
vn -0.0262375 0.918307 0.394998
v -87.2491 -103.759 794.175
vn 0.12445 0.903915 0.409207
v -88.2245 -104.019 794.4
vn -0.2056 0.858985 0.468907
v -85.958 -103.42 794.4
vn -0.743387 -0.201659 -0.637737
v -87.6842 -104.893 877.5
vn -0.754816 0.322487 -0.571187
v -87.7296 -104.577 877.555
vn -0.7198 0.513821 -0.466772
v -88.5572 -104.401 879
vn 0.532402 -0.69995 0.476045
v -86.6806 -105.413 923.475
vn 0.541232 -0.666585 0.512575
v -87.4801 -103.403 927.631
vn -0.359449 -0.730247 -0.580978
v -87.7782 -100.476 755.1
vn -0.265767 0.83682 0.478643
v -87.3481 -102.782 792
vn 0.118374 -0.730377 -0.672709
v -85.1712 -99.5999 754.5
vn 0.747624 0.663726 -0.0229316
v -85.9455 -99.0687 773.4
vn 0.793976 0.606244 -0.0454964
v -85.4487 -98.6208 777.3
vn 0.770161 0.636131 0.0467881
v -85.2943 -98.8909 781.8
vn -0.537658 0.663186 0.52068
v -87.7368 -100.281 788.307
vn -0.132994 0.837137 0.53058
v -87.3878 -100.083 788.4
vn 0.0757193 -0.648675 -0.75729
v -86.8012 -97.1065 751.5
vn 0.0733944 -0.734182 -0.674974
v -86.3575 -98.1209 752.544
vn 0.226732 -0.77203 -0.593769
v -85.7706 -98.2457 752.814
vn 0.33749 -0.636829 -0.693217
v -85.7082 -97.9522 752.388
vn 0.390354 -0.479089 -0.786192
v -85.6458 -97.6588 752.271
vn 0.350155 -0.566743 -0.745784
v -85.4741 -97.6953 752.4
vn 0.210065 -0.609579 -0.764386
v -85.5211 -97.0719 751.91
vn 0.350356 -0.684511 -0.639293
v -85.4102 -97.9932 752.7
vn 0.18331 -0.607635 -0.772772
v -84.8447 -96.909 751.8
vn 0.747475 0.63226 0.203783
v -86.7081 -96.5129 765.3
vn 0.584497 0.710805 0.391306
v -86.1611 -97.1971 765.3
vn 0.0968443 0.773909 0.625849
v -85.4998 -96.9718 764.4
vn 0.112934 0.77779 0.618294
v -84.8094 -96.6098 764.117
vn 0.816789 0.550193 -0.173617
v -86.9164 -97.6954 773.4
vn 0.730628 0.682441 -0.0213725
v -87.0083 -96.854 776.7
vn 0.930912 0.329468 -0.157648
v -86.6541 -97.1378 779.1
vn 0.793051 0.595854 0.126603
v -86.5032 -97.3639 780.9
vn 0.515729 0.789241 0.333349
v -87.2246 -97.8719 784.2
vn 0.113038 0.77531 0.621383
v -85.9926 -94.9614 762.3
vn 0.429842 0.802683 0.413443
v -85.6221 -94.6615 761.7
vn 0.333477 0.783723 0.523995
v -85.1766 -95.4511 762.9
vn 0.592342 0.734439 0.331255
v -84.8948 -95.5685 762.6
vn 0.349469 0.791009 0.502171
v -84.577 -95.5162 762
vn 0.632918 -0.566852 0.527345
v -84.2063 -95.2045 933.6
vn 0.500967 -0.329745 -0.800188
v -86.0527 -92.3584 748.662
vn 0.196005 0.798926 0.568594
v -85.884 -93.0076 758.961
vn 0.321394 0.806854 0.495673
v -85.2479 -92.9008 758.7
vn 0.658813 -0.490072 0.570784
v -85.1837 -92.5431 936.6
vn 0.441722 -0.732155 0.518489
v -84.3614 -91.6166 936.9
vn 0.492272 -0.301564 -0.816534
v -83.837 -89.1489 750.162
vn -0.61709 0.656386 -0.434002
v -84.2382 -90.5972 890.1
vn 0.384389 -0.779314 0.494889
v -84.5485 -89.6111 940.273
vn 0.717922 -0.49726 0.487157
v -83.9859 -89.1173 940.2
vn 0.221166 -0.773099 0.594478
v -85.3041 -88.8371 941.836
vn 0.619702 -0.587563 0.520327
v -84.4238 -89.0242 941.123
vn 0.447942 -0.373899 -0.812125
v -83.9433 -88.2062 749.585
vn 0.725027 -0.115335 -0.678995
v -83.4549 -86.7765 749.4
vn -0.756513 0.0783088 0.649273
v -83.8767 -86.6869 751.8
vn 0.651184 -0.476696 0.590525
v -83.0629 -88.3934 939.539
vn 0.676754 -0.374432 0.633881
v -84.8859 -88.3126 942.227
vn 0.830624 -0.130986 0.541208
v -84.7525 -88.0343 942
vn 0.811845 -0.274284 0.515438
v -84.0675 -88.4866 940.8
vn 0.674427 -0.0717683 -0.734845
v -84.0936 -86.0274 748.638
vn 0.857533 0.259348 -0.44427
v -83.5805 -84.9096 749.7
vn 0.899579 0.300444 -0.317002
v -83.3741 -84.9535 750.6
vn 0.82742 0.0950413 -0.553482
v -83.4659 -86.4675 749.4
vn -0.78279 -0.0840714 0.616581
v -82.4392 -85.4589 753.598
vn 0.904293 0.407891 -0.126009
v -82.1774 -85.2078 753.3
vn -0.674594 -0.0341528 0.737399
v -82.1618 -85.5179 753.9
vn 0.79636 -0.560177 0.228063
v -82.2522 -85.192 753.6
vn -0.213272 0.181139 0.960054
v -82.2972 -84.7905 753.6
vn -0.825148 -0.226985 0.517308
v -84.0007 -82.7046 752.4
vn -0.104031 0.379586 0.919289
v -83.675 -82.6153 752.4
vn 0.888211 0.307586 -0.34128
v -83.049 -83.999 751.8
vn -0.576504 0.710364 -0.403766
v -82.9771 -83.6607 899.7
vn 0.504864 -0.56554 0.652133
v -83.9319 -82.3813 945.688
vn -0.560746 0.752937 -0.344457
v -83.6231 -80.9285 906
vn 0.323416 -0.680556 0.657454
v -81.797 -80.9949 945.035
vn 0.458727 -0.47543 0.75069
v -82.9849 -79.5156 947.1
vn 0.175714 -0.648887 0.740318
v -81.8409 -79.7588 946.419
vn 0.307655 -0.534415 0.787241
v -81.2541 -79.8835 946.202
vn -0.559413 0.779367 -0.282213
v -82.7772 -78.3917 910.8
vn 0.42632 -0.478794 0.767468
v -82.1783 -78.4602 947.332
vn 0.346311 -0.458422 0.818485
v -82.0096 -79.1095 946.891
vn 0.386087 -0.677484 0.626061
v -81.8864 -77.0868 948.3
vn -0.478288 0.838391 -0.26142
v -80.5314 -76.4837 912.3
vn -0.51245 0.829532 -0.221972
v -82.566 -75.9554 918.3
vn -0.499394 0.847703 -0.1789
v -82.3331 -74.8595 922.2
vn 0.510499 -0.558077 0.654172
v -80.6303 -76.9491 947.658
vn 0.243613 -0.806804 0.538256
v -82.0698 -76.5065 949.2
vn 0.456551 -0.587248 0.668357
v -80.8385 -75.0427 948.6
vn 0.147539 -0.817586 0.556583
v -82.551 -75.885 950.4
vn -0.444557 0.886273 -0.129958
v -81.4509 -73.595 926.4
vn 0.24748 -0.738768 0.626878
v -81.0063 -74.3892 949.5
vn -0.556022 0.812915 -0.173229
v -81.3955 -71.8916 942.9
vn 0.424078 -0.623517 0.656799
v -81.0439 -72.2606 951.9
vn 0.661878 -0.430202 0.613876
v -80.8061 -72.0045 951.871
vn 0.617501 -0.506715 0.601609
v -80.3879 -71.48 951.758
vn -0.560858 0.807556 -0.182462
v -80.9646 -68.4214 954.6
vn -0.544111 0.824287 -0.156502
v -80.5914 -68.1085 954.9
vn -0.385643 0.652718 0.652103
v -80.153 -67.8495 954.9
vn 0.927737 -0.26926 -0.258464
v -80.2263 -67.8339 955.132
vn -0.354116 0.76385 0.53957
v -81.0003 -68.5895 955.342
vn 0.517776 -0.496066 0.697013
v -80.5434 -68.3799 955.2
vn 0.927737 -0.26926 -0.258464
v -80.2783 -68.0784 955.2
vn 0.927737 -0.26926 -0.258464
v -80.2084 -67.8377 955.2
vn -0.509426 0.859392 -0.0439316
v -79.695 -67.6401 954.3
vn -0.545459 0.833626 -0.0868435
v -79.329 -67.4112 954.3
vn -0.533886 0.807807 -0.249828
v -79.1938 -67.1332 954.9
vn 0.609762 -0.57599 0.54445
v -79.0337 -67.7807 954
vn -0.552708 0.811428 -0.189997
v -79.2212 -67.4341 953.825
vn -0.360357 0.793577 0.490283
v -79.0591 -67.4686 954
vn -0.541981 0.810559 -0.221925
v -79.1972 -67.3211 954.3
vn 0.0597814 0.457707 0.887091
v -79.2212 -67.4341 954.623
vn -0.701137 -0.447402 0.555192
v -79.1664 -67.1762 954.9
vn -0.520594 0.815657 -0.252361
v -79.1516 -67.1063 954.9
vn -0.533938 0.814175 -0.228102
v -78.8654 -67.203 953.713
vn 0.220329 -0.972284 -0.078224
v -93.0449 -139.683 853.8
vn 0.278346 -0.958964 -0.0539574
v -92.7758 -139.86 856.5
vn 0.293247 -0.955926 -0.0145656
v -92.236 -140.206 863.4
vn 0.128442 -0.990247 -0.0539823
v -91.5543 -139.885 863.7
vn 0.512541 -0.837673 0.188695
v -92.1777 -139.515 867.9
vn 0.337517 -0.932656 0.127419
v -93.6425 -139.609 873.9
vn 0.392521 -0.902335 0.178095
v -93.4709 -138.802 878.1
vn -0.17136 -0.974548 -0.144539
v -91.5144 -138.255 839.1
vn 0.526583 -0.833774 0.165927
v -91.9073 -138.346 876.3
vn 0.399964 -0.896761 0.189337
v -92.4415 -138.288 878.4
vn 0.779345 -0.472708 0.4113
v -92.0942 -137.386 879.6
vn 0.643073 -0.70846 0.29076
v -91.898 -138.041 878.4
vn 0.344754 -0.922597 0.173085
v -92.8881 -136.06 885
vn -0.436006 -0.865147 -0.247829
v -91.5965 -135.755 827.4
vn 0.451185 -0.862689 0.228473
v -90.7424 -136.066 878.7
vn 0.172221 -0.983182 0.060764
v -90.7239 -135.979 879.9
vn 0.733974 -0.497165 0.46272
v -90.5268 -135.266 882.6
vn 0.679263 -0.567659 0.46515
v -91.8244 -134.99 884.7
vn 0.394143 -0.872666 0.288281
v -90.5679 -134.644 883.5
vn 0.393944 -0.877404 0.273807
v -90.374 -134.333 884.7
vn -0.795447 -0.447976 -0.408145
v -92.0008 -131.885 820.736
vn -0.870584 -0.358292 -0.337209
v -91.4139 -132.01 819.176
vn -0.642299 -0.678841 -0.355846
v -90.9825 -132.866 819.6
vn -0.764069 -0.514277 -0.38951
v -91.9108 -132.905 821.4
vn 0.0440851 -0.995348 0.0856677
v -90.0319 -132.723 887.4
vn 0.343749 -0.838977 0.421846
v -91.5187 -132.503 889.8
vn -0.0581745 -0.996251 0.0640347
v -90.9249 -132.596 888.6
vn -0.171589 -0.983639 -0.0548754
v -90.341 -132.734 888.3
vn -0.838089 -0.479778 -0.259655
v -89.5101 -130.268 811.293
vn -0.841258 -0.470695 -0.265952
v -90.5945 -130.037 815.1
vn -0.922834 -0.281914 -0.26249
v -90.3909 -130.387 814.8
vn -0.825212 -0.475738 -0.304463
v -90.1213 -131.058 814.5
vn -0.851497 -0.399779 -0.339306
v -91.1821 -130.833 817.8
vn 0.401382 -0.853884 0.331323
v -89.6054 -129.634 891.3
vn 0.710669 -0.465557 0.527452
v -89.1982 -128.801 892.731
vn 0.586545 -0.686301 0.430064
v -89.3924 -129.066 892.8
vn 0.130675 -0.946127 0.296256
v -90.7664 -127.521 896.4
vn 0.149994 -0.938203 0.311893
v -90.1785 -127.641 896.1
vn -0.80014 -0.524205 -0.291522
v -90.1041 -125.848 803.107
vn -0.467801 0.855792 0.220867
v -90.6108 -125.346 854.7
vn -0.608112 0.793777 0.0108699
v -89.6395 -125.027 856.2
vn -0.189641 0.940906 0.280593
v -89.5963 -122.275 847.8
vn -0.499011 0.799475 0.334406
v -89.9935 -124.031 851.4
vn -0.730871 0.635268 0.249524
v -89.5427 -123.207 850.759
vn -0.184374 0.910768 0.36947
v -88.658 -123.373 851.7
vn -0.966948 0.252286 -0.0369336
v -87.914 -122.633 850.8
vn -0.46164 0.82911 0.315381
v -89.3455 -123.722 852.3
vn -0.693472 0.7084 0.131402
v -88.252 -123.481 852.9
vn -0.868664 0.495336 0.0080258
v -88.2749 -123.476 853.8
vn -0.962184 0.268214 -0.0475808
v -88.0676 -122.907 852.6
vn -0.970905 0.229262 -0.0691528
v -88.019 -122.611 852.9
vn -0.716541 0.696706 0.0341956
v -88.8363 -124.212 855
vn -0.801821 0.591021 -0.0881909
v -88.8032 -123.978 856.8
vn -0.785577 0.577477 -0.222236
v -88.6463 -123.397 859.5
vn -0.804035 0.587653 -0.0905077
v -88.2116 -122.57 859.2
vn -0.824494 0.514484 -0.235617
v -88.3787 -122.534 860.1
vn -0.472555 0.881291 -0.00428035
v -88.1818 -122.576 861.081
vn -0.63876 0.733638 -0.231864
v -89.467 -123.223 861.6
vn -0.509856 0.816445 -0.271044
v -89.4896 -122.957 862.5
vn -0.42691 0.901337 -0.0730761
v -88.8579 -122.871 861.6
vn -0.511941 0.825603 -0.237266
v -88.4913 -122.589 862.5
vn 0.311999 0.85871 0.406539
v -88.9974 -120.642 827.7
vn 0.309743 0.89048 0.333322
v -87.7642 -120.611 827.1
vn 0.0965592 0.99079 0.094934
v -87.8841 -121.175 830.4
vn 0.156854 0.987353 -0.0230464
v -87.9016 -121.258 835.2
vn -0.214326 0.975771 0.0439959
v -89.7061 -121.09 841.5
vn -0.146566 0.986608 -0.0715809
v -89.0513 -120.858 842.1
vn -0.496236 0.868122 0.010669
v -89.0306 -120.797 843
vn 0.0946643 0.99545 0.0108545
v -88.0859 -120.682 844.5
vn -0.681957 0.726694 0.0827698
v -89.3908 -121.399 845.1
vn -0.762272 0.628155 0.156088
v -89.29 -121.42 846.3
vn -0.829532 0.547055 0.112283
v -89.1817 -121.137 846
vn -0.131136 0.99024 0.0472099
v -89.0244 -120.863 845.7
vn 0.10761 0.951047 0.289705
v -88.7503 -120.922 846.93
vn 0.3113 0.925992 0.213617
v -88.1181 -120.833 845.7
vn 0.175683 0.984172 -0.0232598
v -87.5078 -120.848 844.8
vn -0.791757 0.585571 0.173863
v -89.3432 -121.716 847.2
vn 0.210404 0.914301 0.346098
v -88.2769 -121.581 848.1
vn 0.0014138 0.945633 0.325233
v -87.9484 -121.478 847.8
vn -0.652576 0.75081 0.102124
v -87.6842 -121.148 847.8
vn -0.816638 0.498135 0.291485
v -87.5265 -121.489 849
vn -0.77544 0.621363 0.112251
v -87.5192 -121.183 848.7
vn -0.967688 -0.186823 -0.169343
v -87.7381 -121.137 849.6
vn -0.984633 0.170115 -0.0394859
v -87.743 -122.056 851.1
vn -0.995683 0.0138775 -0.0917737
v -87.7012 -121.758 850.142
vn -0.777135 0.609277 0.157617
v -87.5899 -122.395 853.5
vn -0.439587 0.784453 -0.43749
v -89.6763 -120.95 868.8
vn -0.675722 0.625638 -0.389842
v -88.926 -120.305 868.8
vn 0.842192 0.280398 0.460532
v -87.7769 -121.742 901.8
vn 0.422424 -0.807397 0.411908
v -87.5141 -120.878 901.032
vn 0.690268 -0.408834 0.59698
v -89.2688 -121.118 904.2
vn 0.849442 0.200169 0.488242
v -88.9634 -120.876 903.3
vn 0.401527 -0.817023 0.413824
v -88.5753 -120.099 903.6
vn 0.82319 0.361633 0.437698
v -88.228 -121.339 902.4
vn -0.0695934 -0.985896 0.152204
v -87.7067 -120.341 902.7
vn 0.3352 -0.865757 0.371625
v -87.3294 -120.009 903.6
vn -0.58498 -0.69356 -0.420444
v -87.5977 -118.385 786.3
vn -0.10338 0.912906 0.394861
v -88.3576 -117.631 822.102
vn 0.0200961 0.890306 0.454918
v -89.2325 -118.862 824.1
vn -0.246029 0.865869 0.435592
v -88.9757 -118.42 823.5
vn -0.220859 0.883908 0.412223
v -88.9907 -119.167 825
vn 0.154154 0.845028 0.512019
v -88.7099 -119.289 825.3
vn 0.00113692 0.85805 0.513565
v -88.6056 -118.798 824.7
vn 0.46035 0.792954 0.399128
v -88.2264 -118.457 823.8
vn 0.558409 0.726234 0.400953
v -87.7887 -119.284 824.7
vn 0.39368 0.838148 0.377524
v -87.2486 -119.628 824.4
vn 0.553961 -0.632888 0.540907
v -89.0692 -118.094 908.167
vn 0.522551 0.765755 0.374913
v -87.5212 -116.582 818.06
vn 0.0444452 0.905992 0.420954
v -88.7891 -116.775 819.9
vn 0.0449492 0.903104 0.427064
v -88.0891 -116.368 819
vn -0.715048 0.487041 -0.501495
v -87.4354 -115.987 871.8
vn 0.400409 -0.748477 0.528635
v -88.3424 -116.715 909.6
vn 0.308503 -0.823434 0.476216
v -87.976 -115.836 910.8
vn 0.184995 0.926747 0.326981
v -86.9769 -114.022 811.5
vn 0.18806 0.920987 0.341197
v -86.4544 -114.449 813.3
vn 0.143098 0.960137 0.240126
v -87.907 -114.068 814.2
vn 0.454182 -0.740946 0.49469
v -87.4683 -113.527 914.1
vn 0.784812 -0.405562 0.468605
v -86.8351 -113.355 913.121
vn 0.571211 -0.693132 0.439643
v -86.7727 -113.061 913.313
vn 0.518551 -0.705866 0.482554
v -87.6525 -112.872 915
vn 0.224102 0.754863 0.616409
v -87.1556 -110.533 807.3
vn 0.382568 -0.830879 0.404082
v -86.006 -112.34 914.1
vn 0.616227 -0.600399 0.509691
v -86.2293 -111.643 915.6
vn 0.526717 -0.666576 0.52749
v -87.3838 -110.784 917.7
vn -0.34014 0.79268 0.505928
v -86.9734 -108.233 803.4
vn 0.0412279 0.852415 0.521237
v -87.1357 -108.997 804.693
vn -0.546405 0.702062 0.456673
v -86.4933 -108.827 804.9
vn -0.304394 0.706118 0.639329
v -86.3014 -109.401 806.1
vn -0.383115 0.786589 0.484253
v -86.1204 -108.549 804.9
vn 0.169797 0.834164 0.524727
v -85.5276 -108.646 805.2
vn 0.466311 0.813441 0.34766
v -85.4292 -108.183 804
vn -0.0814528 0.755148 0.650474
v -86.4425 -110.064 806.564
vn 0.126427 0.699942 0.70292
v -85.9179 -110.482 806.909
vn 0.712118 -0.456361 0.5335
v -84.9674 -109.764 915.9
vn 0.676691 -0.50508 0.535708
v -86.305 -110.094 916.8
vn -0.239616 -0.812478 -0.531473
v -84.3696 -106.084 762
vn -0.174591 0.877509 0.44665
v -85.522 -105.734 798.6
vn 0.183669 0.897215 0.401586
v -85.6633 -106.399 800.1
vn -0.268945 0.842687 0.466419
v -86.7614 -107.236 802.189
vn -0.808143 0.181874 -0.560202
v -86.285 -107.644 876.6
vn 0.0865687 -0.752971 -0.652334
v -84.5457 -104.027 759.468
vn 0.673935 -0.59608 0.436464
v -85.6814 -104.399 923.7
vn 0.239337 -0.70159 -0.671185
v -85.514 -101.367 755.913
vn -0.096768 -0.822101 -0.561058
v -85.8663 -103.025 757.8
vn 0.631276 0.767676 0.110288
v -83.6661 -101.331 772.2
vn -0.72247 0.235085 -0.650209
v -84.2719 -103.472 873.9
vn -0.646612 0.583065 -0.491861
v -84.1379 -101.353 876
vn 0.704144 -0.531166 0.471216
v -85.6386 -101.954 926.576
vn 0.325518 -0.662919 -0.674223
v -85.0748 -100.744 755.7
vn 0.275094 -0.664395 -0.694912
v -84.7385 -100.605 755.7
vn -0.0732439 -0.75885 -0.647133
v -83.75 -100.283 754.8
vn 0.323693 -0.535727 -0.779884
v -83.1919 -99.1005 753.762
vn 0.459858 0.770725 0.441037
v -82.8522 -98.9451 765.9
vn 0.601468 0.766548 0.225032
v -84.6518 -100.197 769.2
vn 0.384053 0.80494 0.4523
v -84.5699 -99.8116 768.3
vn 0.188939 0.850625 0.490651
v -84.0678 -100.335 768.9
vn 0.760033 0.64435 -0.0846281
v -84.0513 -100.451 778.8
vn 0.571887 0.816956 0.0743455
v -83.32 -101.146 781.5
vn 0.713928 0.683265 0.153151
v -84.1779 -100.853 786.3
vn 0.650253 -0.598844 0.467501
v -83.8596 -100.799 925.092
vn 0.357704 -0.493188 -0.792978
v -83.6357 -96.8593 752.262
vn 0.480962 0.749605 0.454718
v -84.4833 -96.5186 763.8
vn 0.539193 0.740506 0.401151
v -83.9676 -96.978 763.8
vn 0.23432 0.772741 0.589886
v -82.8801 -97.6333 764.144
vn 0.0143485 0.788568 0.61478
v -84.1873 -98.0116 765.9
vn 0.340889 0.794778 0.502118
v -83.8852 -98.0331 765.861
vn 0.592092 0.727726 0.346182
v -83.5922 -98.0977 765.6
vn 0.253595 0.808534 0.531002
v -83.7046 -94.2976 759.6
vn 0.294397 0.783849 0.546728
v -83.2141 -96.3187 762.6
vn 0.4276 0.778672 0.459161
v -82.9021 -96.294 762.3
vn 0.685129 -0.139212 -0.714996
v -81.6442 -93.2954 752.7
vn -0.131855 0.723097 0.678045
v -82.5753 -91.8707 756.664
vn -0.598705 0.640191 -0.48136
v -83.7674 -93.1509 885.864
vn 0.666834 -0.586807 0.459337
v -81.5982 -93.3053 930.9
vn 0.778446 -0.392928 0.48952
v -82.5937 -93.4004 932.554
vn 0.88275 0.117261 -0.454974
v -81.0883 -90.6466 753.3
vn -0.391212 0.556723 0.732811
v -81.5079 -91.1775 756.359
vn -0.504118 0.716496 -0.482181
v -80.8563 -89.5552 887.4
vn 0.501363 -0.737728 0.452098
v -83.0374 -91.1591 936.184
vn 0.583573 -0.651372 0.484931
v -81.9724 -90.4778 936.3
vn 0.902489 0.149342 -0.403993
v -81.7796 -88.9728 751.8
vn -0.809926 0.0404818 0.585133
v -81.8708 -87.1132 754.276
vn -0.731963 0.115179 0.671539
v -81.4086 -87.8249 754.875
vn -0.081826 0.966254 0.244248
v -81.2584 -87.1179 754.5
vn -0.715486 0.0435289 0.697269
v -81.2839 -87.238 754.966
vn -0.673081 0.0280123 0.739038
v -80.8412 -88.0413 755.4
vn -0.799902 0.193776 0.567986
v -80.7374 -88.2742 755.7
vn 0.9045 0.286068 -0.316299
v -80.493 -88.9396 754.8
vn -0.72039 0.240882 0.650396
v -80.7154 -88.8923 755.942
vn 0.825572 0.472554 -0.308423
v -80.5813 -88.2612 755.4
vn 0.886954 0.369983 -0.27645
v -80.4463 -88.3361 755.7
vn -0.545885 0.673919 0.497838
v -80.5522 -88.1242 755.7
vn -0.892645 0.136351 0.429643
v -80.5976 -88.304 756
vn 0.730415 -0.496017 0.469533
v -80.7369 -88.994 936.3
vn -0.787829 0.0257973 0.615353
v -82.0996 -86.7469 753.9
vn -0.889982 0.0145614 0.455763
v -81.9409 -86.4849 754.2
vn -0.603382 -0.0305476 0.796867
v -81.9771 -86.1705 754.015
vn -0.643349 0.449837 0.619474
v -81.7542 -86.2179 754.2
vn -0.872161 -0.0381496 0.487729
v -81.746 -86.5263 754.545
vn 0.888658 0.456263 0.045935
v -81.6807 -86.2191 753.9
vn 0.514563 -0.627025 0.584863
v -79.9045 -85.0776 939.806
vn 0.467538 -0.631142 0.618925
v -81.6258 -85.9612 941.1
vn 0.201005 -0.756649 0.622157
v -80.0182 -82.7268 942.6
vn -0.499172 0.758813 -0.418367
v -80.4794 -82.0106 899.4
vn 0.381881 -0.743204 0.549377
v -79.3415 -82.4289 942.6
vn 0.100146 -0.741859 0.663035
v -81.1477 -80.8262 945.265
vn 0.443449 -0.600258 0.665615
v -80.4985 -80.6575 945.242
vn 0.877084 0.0768586 0.474149
v -78.6823 -80.7369 943.2
vn -0.485143 0.789078 -0.376818
v -78.9548 -79.167 903
vn 0.794737 -0.148357 0.588543
v -79.7245 -79.9019 944.876
vn 0.822224 -0.0254613 0.568594
v -79.5997 -79.3151 944.721
vn 0.450111 -0.620125 0.64253
v -79.5019 -78.855 945.3
vn 0.39699 -0.638 0.659815
v -79.0128 -79.4398 944.28
vn 0.68145 -0.328507 0.653995
v -78.6253 -77.9887 945
vn 0.484863 -0.323106 0.812718
v -80.7735 -79.0656 946.31
vn 0.516366 -0.406197 0.753903
v -80.6487 -78.4787 946.381
vn 0.540789 -0.446352 0.712964
v -80.3113 -79.7772 945.716
vn -0.46409 0.823428 -0.326476
v -78.9228 -77.5732 906.6
vn 0.48485 -0.580787 0.653917
v -78.7943 -75.5259 947.7
vn -0.428997 0.875666 -0.221746
v -79.0639 -73.9083 918.703
vn -0.412028 0.894113 -0.175487
v -78.8772 -73.0303 922.2
vn 0.65119 -0.429833 0.625456
v -78.8767 -73.028 949.105
vn -0.35625 0.92489 -0.132909
v -78.0604 -72.0729 925.8
vn 0.614643 -0.520597 0.592615
v -78.7959 -71.2049 950.604
vn 0.622462 -0.539709 0.566793
v -77.6638 -70.2188 950.1
vn 0.813967 -0.348132 0.46504
v -76.4514 -67.7162 951.6
vn -0.715903 -0.456847 -0.52799
v -77.4287 -65.9749 954.6
vn -0.715903 -0.456847 -0.52799
v -77.3903 -66.035 954.6
vn -0.715903 -0.456847 -0.52799
v -77.3798 -65.9853 954.543
vn 0.461479 -0.710618 -0.531093
v -77.3301 -65.9959 954.6
vn -0.4589 0.718955 -0.522029
v -77.3695 -65.9372 954.6
vn -0.837687 -0.534563 0.111906
v -77.3798 -65.9853 954.917
vn -0.483302 0.49886 0.719415
v -77.0863 -66.0477 954.107
vn 0.489998 -0.514446 0.703738
v -76.2422 -65.9204 953.7
vn -0.528387 0.844254 -0.089681
v -76.1867 -65.6255 953.4
vn -0.611174 0.773398 -0.168292
v -76.3747 -65.5855 953.646
vn 0.717493 -0.553184 0.42331
v -76.1436 -65.9414 953.398
vn -0.471913 -0.0709921 0.878782
v -76.141 -65.9291 953.4
vn 0.142759 -0.102314 -0.984455
v -76.0957 -65.716 953.7
vn 0.557007 -0.679965 0.476855
v -75.8703 -65.6928 953.4
vn 0.608916 -0.402799 0.683355
v -76.0813 -65.6479 953.731
vn -0.529531 0.843444 -0.0905498
v -75.8057 -65.3998 953.1
vn -0.994876 0.061835 0.079983
v -75.8515 -65.3901 953.4
vn 0.513566 -0.712774 0.477706
v -75.5863 -65.4464 953.4
vn -0.552031 0.832356 -0.0494515
v -75.6924 -65.2617 953.4
vn -0.94944 0.059011 0.308353
v -75.7254 -65.4169 953.793
vn 0.172931 -0.982433 -0.0701425
v -91.0951 -139.168 855.3
vn 0.17363 -0.984543 -0.0229661
v -90.0081 -139.826 861.3
vn 0.0410612 -0.997434 -0.0586513
v -90.943 -139.895 864.3
vn 0.514422 -0.840307 0.171037
v -90.751 -138.992 871.2
vn -0.0963012 -0.987582 -0.124125
v -89.4448 -137.175 829.8
vn -0.241644 -0.95816 -0.153422
v -90.3826 -137.259 831.6
vn -0.154038 -0.978092 -0.140029
v -90.1267 -137.498 833.535
vn -0.0683506 -0.989544 -0.127009
v -89.5939 -137.877 834.9
vn 0.139565 -0.989368 -0.0408923
v -90.6799 -138.607 843.3
vn -0.0546771 -0.99488 -0.0849936
v -89.4335 -138.565 847.635
vn 0.235884 -0.971199 -0.0336334
v -90.402 -138.793 851.4
vn -0.298983 -0.954091 0.0178664
v -89.8517 -139.09 851.625
vn -0.167068 -0.985945 -0.00132778
v -90.1281 -138.947 852
vn 0.0472508 -0.994379 0.0947535
v -89.822 -138.95 852.3
vn 0.23291 -0.971054 -0.0529705
v -89.8327 -139 854.1
vn -0.0931928 -0.97412 0.205926
v -89.1415 -138.634 854.1
vn 0.449965 -0.893043 -0.00257576
v -89.8317 -138.996 857.4
vn 0.480356 -0.867426 0.129734
v -88.917 -139.021 861.6
vn 0.479533 -0.860815 0.170429
v -88.6704 -137.861 868.2
vn 0.68004 -0.683458 0.265388
v -90.4884 -137.114 876.3
vn -0.2747 -0.947323 -0.164681
v -89.3113 -136.547 825.6
vn 0.37627 -0.905998 0.193876
v -88.2662 -135.96 875.1
vn 0.558334 -0.763494 0.324563
v -88.6707 -134.74 880.2
vn 0.742869 -0.472665 0.47406
v -90.1522 -134.732 882.46
vn 0.70212 -0.580916 0.411781
v -89.4512 -135.188 880.8
vn 0.389532 -0.891733 0.230382
v -89.5171 -134.63 882
vn 0.385115 -0.875643 0.291438
v -89.4845 -133.034 885.544
vn 0.630382 -0.65584 0.415323
v -89.3185 -133.696 884.4
vn 0.249458 -0.958828 0.135717
v -88.2264 -132.887 884.4
vn 0.385244 -0.891492 0.238389
v -87.562 -132.647 884.7
vn -0.62422 -0.705247 -0.336121
v -87.1932 -130.911 807
vn 0.759804 -0.418809 0.497289
v -88.3363 -130.518 887.97
vn 0.728247 -0.455453 0.512073
v -89.4661 -131.504 889.503
vn 0.428846 -0.849739 0.30665
v -88.9268 -128.967 892.2
vn 0.362676 -0.854706 0.371408
v -88.2131 -128.495 891.9
vn 0.128629 -0.961166 0.244159
v -87.9031 -128.479 891.9
vn 0.538903 -0.726265 0.426758
v -87.7479 -128.189 892.5
vn -0.482645 -0.749574 -0.452982
v -86.4594 -127.459 799.8
vn 0.742433 -0.458476 0.488459
v -86.4868 -125.39 894.6
vn 0.70821 -0.513984 0.484003
v -86.6922 -124.733 895.2
vn 0.409639 0.9103 0.0595776
v -85.6983 -122.435 829.8
vn 0.459827 0.88347 0.0896684
v -87.0466 -121.564 831.9
vn 0.153498 0.982205 -0.108223
v -86.1809 -121.82 839.1
vn -0.163681 0.968581 -0.187242
v -86.1093 -121.483 841.35
vn -0.0576468 0.983748 -0.170051
v -85.7744 -121.351 841.5
vn 0.0473327 0.984846 -0.166849
v -84.9926 -120.558 844.2
vn -0.604426 0.78278 0.148068
v -87.1393 -120.557 846.9
vn -0.515206 0.857026 0.00830909
v -87.2124 -120.901 848.7
vn 0.23617 0.918096 0.318314
v -85.5697 -120.388 849.3
vn -0.66662 0.721268 0.188124
v -87.3454 -121.527 851.061
vn -0.284492 0.934754 0.212837
v -86.5612 -120.723 850.2
vn 0.149132 0.957298 0.247668
v -85.2997 -120.56 849.6
vn -0.649386 0.759658 0.0348799
v -86.9351 -121.614 855.3
vn -0.493569 0.869013 0.0347265
v -86.4062 -121.437 855.9
vn -0.854054 0.48907 -0.177208
v -86.278 -120.834 856.212
vn -0.811398 0.572207 -0.119217
v -86.9359 -120.694 858.9
vn -0.561444 0.827398 -0.0138662
v -87.0924 -121.78 857.1
vn -0.9389 -0.204622 -0.276761
v -86.7461 -121.041 858.6
vn -0.62676 0.77755 -0.0508667
v -86.6971 -121.363 858.6
vn -0.821686 0.528586 -0.21314
v -86.3096 -120.52 857.1
vn -0.77734 0.618918 -0.11262
v -87.2771 -121.848 861.3
vn -0.990032 0.105534 -0.0932644
v -86.9896 -121.296 860.293
vn -0.810002 0.578878 -0.0937921
v -87.0148 -121.291 861.9
vn 0.838425 0.270558 0.473119
v -86.7585 -121.652 899.906
vn 0.737476 -0.399234 0.544739
v -85.5127 -121.303 897.9
vn 0.82641 0.329209 0.456801
v -86.9896 -121.296 900.079
vn 0.0182024 -0.977638 0.209508
v -86.84 -120.592 900.9
vn -0.175196 -0.978282 0.110771
v -86.2599 -120.749 900.6
vn 0.135728 -0.953056 0.270668
v -85.9616 -120.788 900.6
vn -0.391983 -0.783306 -0.482473
v -85.5649 -120.365 786.6
vn 0.11611 0.882129 0.456473
v -85.2286 -118.783 821.4
vn -0.350638 0.923459 0.155811
v -85.5093 -120.103 848.4
vn 0.286725 0.953866 0.089046
v -84.9322 -120.274 847.8
vn -0.973902 0.122552 -0.19104
v -85.233 -119.829 850.8
vn -0.916031 0.235519 -0.324681
v -85.1958 -119.53 850.8
vn -0.859559 0.431206 -0.274264
v -84.9652 -120.193 849.9
vn -0.717757 0.571055 -0.398397
v -84.6141 -119.961 849.6
vn -0.472435 0.878233 -0.0742497
v -85.2401 -119.214 854.1
vn -0.73453 0.678576 -0.000699651
v -86.3682 -119.895 858.9
vn -0.808357 0.578636 -0.108343
v -85.8932 -119.689 857.4
vn -0.605605 0.793054 -0.0656304
v -85.3329 -119.274 856.8
vn -0.680779 0.727165 0.0881572
v -86.183 -120.241 860.7
vn -0.759854 0.58447 -0.284632
v -85.9381 -119.066 864
vn -0.0440171 0.878866 0.475034
v -86.0077 -116.677 816.9
vn -0.455914 0.754176 0.47261
v -85.1539 -116.166 816.9
vn -0.0175003 0.89311 0.449497
v -85.607 -117.677 819
vn -0.0516337 0.82447 0.563545
v -84.6691 -117.594 819.3
vn -0.778851 0.608189 -0.153288
v -84.3819 -118.17 861.3
vn -0.787039 0.504566 -0.35494
v -85.0869 -115.873 867.6
vn 0.533243 -0.713041 0.455219
v -85.2612 -117.37 905.7
vn 0.148573 0.765549 0.625988
v -84.6918 -113.372 809.7
vn 0.043884 0.970363 0.237633
v -85.5302 -114.43 812.7
vn 0.0979789 0.917306 0.38594
v -83.7627 -114.772 813.3
vn -0.0437949 0.884455 0.464565
v -85.9162 -114.803 813.9
vn -0.299036 0.826882 0.476281
v -85.7316 -115.377 814.8
vn 0.023251 0.947119 0.320038
v -85.0661 -115.132 814.8
vn -0.326477 0.838968 0.435367
v -84.8618 -115.614 816.428
vn 0.145943 0.902609 0.404966
v -84.2549 -115.645 816.6
vn 0.62114 -0.663649 0.416839
v -83.9333 -115.812 906.3
vn 0.93491 0.0326187 0.353383
v -83.7746 -115.539 906
vn 0.756306 -0.470662 0.454399
v -84.963 -114.366 909.3
vn 0.508092 -0.741133 0.438821
v -84.6201 -115.052 908.4
vn 0.878057 -0.269277 0.395608
v -84.2459 -114.825 907.5
vn 0.698157 -0.583234 0.415229
v -84.0254 -114.565 907.35
vn 0.458504 -0.785649 0.415367
v -85.0897 -113.726 910.5
vn -0.18605 -0.854329 -0.485292
v -83.3095 -112.64 772.5
vn 0.191363 0.712507 0.675066
v -83.4641 -111.924 808.161
vn 0.564538 -0.699405 0.438327
v -85.1184 -112.493 913.145
vn 0.676559 -0.550626 0.488957
v -84.6823 -112.279 912.6
vn 0.738447 -0.499128 0.453396
v -83.8872 -111.221 913.2
vn 0.148736 0.827235 0.541812
v -84.7257 -109.202 805.383
vn -0.0715026 0.745872 0.662241
v -84.1689 -109.014 805.2
vn -0.298374 0.812214 0.50128
v -84.297 -108.628 804.6
vn 0.172186 0.69162 0.701437
v -82.8959 -110.694 806.4
vn 0.742123 -0.47936 0.468474
v -84.0017 -109.663 914.1
vn 0.87725 -0.197169 0.437672
v -84.22 -109.923 914.4
vn -0.10487 -0.76648 -0.633649
v -82.8683 -106.235 761.7
vn -0.285301 -0.815459 -0.503617
v -82.5909 -107.816 764.027
vn 0.576813 -0.608132 -0.545401
v -82.0282 -107.322 763.8
vn 0.269026 0.875561 0.40127
v -82.1556 -107.211 802.5
vn -0.125381 0.78288 0.609409
v -83.9347 -108.367 804.6
vn 0.6603 -0.573783 0.484538
v -84.4762 -108.029 916.735
vn 0.32645 -0.611547 -0.720722
v -82.9048 -104.682 760.5
vn 0.580587 -0.530011 -0.618067
v -82.4668 -104.346 760.5
vn -0.151727 -0.784129 -0.601765
v -83.66 -105.631 761.1
vn 0.369013 -0.594094 -0.714759
v -82.8606 -105.612 761.1
vn 0.690122 -0.493812 -0.529037
v -82.4573 -106.004 762
vn 0.696685 -0.487409 -0.526367
v -82.0584 -106.089 762.6
vn 0.602298 0.758382 0.249189
v -82.6676 -103.848 791.1
vn 0.572115 0.781655 0.248397
v -83.3052 -103.962 794.1
vn 0.472875 0.853153 0.220271
v -82.3487 -105.234 794.7
vn 0.494185 0.83774 0.232321
v -82.6607 -105.259 797.7
vn 0.568129 0.792599 0.221397
v -81.9392 -106.193 799.2
vn 0.241512 -0.709075 -0.662484
v -83.082 -102.912 758.4
vn 0.407313 0.849741 0.334718
v -83.0753 -101.438 771
vn 0.760495 0.647369 -0.0506014
v -81.9404 -103.313 776.7
vn 0.766995 0.62695 -0.136576
v -83.0782 -101.451 778.8
vn 0.638943 0.768358 -0.0371152
v -82.7789 -101.486 780.6
vn 0.760629 0.633823 -0.1404
v -82.2515 -101.891 780.9
vn 0.85282 0.500209 -0.149967
v -81.8537 -102.759 780.6
vn 0.731496 0.68037 -0.0448487
v -81.1678 -102.598 784.2
vn 0.404702 0.891369 0.204151
v -81.2297 -102.855 786.3
vn 0.487121 0.841043 0.235285
v -82.7535 -102.809 788.4
vn 0.28468 0.898633 0.33379
v -82.3669 -103.876 790.744
vn 0.240859 0.919779 0.309829
v -81.4773 -104.02 790.8
vn -0.736647 -0.0114317 -0.676181
v -82.7558 -103.794 872.4
vn -0.676115 0.395992 -0.621337
v -82.4732 -102.934 872.245
vn 0.0944222 -0.718978 -0.688589
v -81.7432 -100.942 755.763
vn 0.333574 -0.551683 -0.764444
v -81.5155 -99.8709 755.4
vn 0.0998819 -0.668813 -0.73669
v -80.6757 -100.249 755.745
vn 0.366189 -0.498647 -0.785657
v -80.5509 -99.6619 755.36
vn 0.23559 0.801658 0.549401
v -82.2887 -99.1799 765.9
vn 0.117399 0.85136 0.511277
v -81.0301 -100.473 767.7
vn 0.380007 0.798827 0.466337
v -80.7366 -100.535 767.7
vn 0.242504 0.878422 0.411784
v -82.9993 -101.08 770.1
vn 0.376647 0.820023 0.430928
v -82.584 -100.569 768.9
vn 0.234676 0.851361 0.46916
v -81.6735 -100.614 768
vn 0.306405 0.834947 0.457142
v -80.9481 -101.53 769.5
vn -0.597129 0.610459 -0.520362
v -81.4816 -101.155 873
vn 0.230756 0.814136 0.532856
v -81.3567 -99.124 765.6
vn 0.75699 -0.54768 0.356388
v -79.9074 -97.3451 924
vn 0.600432 -0.68558 0.411658
v -81.5256 -97.0333 927.3
vn 0.878402 -0.328814 0.34683
v -79.5772 -95.8817 925.2
vn 0.821302 -0.404487 0.402309
v -80.2678 -96.0417 927.3
vn 0.862992 -0.269454 0.427363
v -79.911 -95.1974 926.4
vn 0.863871 -0.179098 0.470797
v -80.9225 -95.2891 928.8
vn 0.601643 -0.268609 -0.752246
v -80.4052 -92.9454 753.9
vn 0.819626 -0.00950808 -0.572819
v -79.3035 -93.793 755.886
vn 0.0465645 0.751453 0.658141
v -81.1889 -94.0056 759.063
vn -0.255987 0.582638 0.771365
v -80.1498 -93.4461 758.7
vn 0.572334 -0.718067 0.395997
v -79.0892 -93.2252 928.2
vn 0.518574 -0.738841 0.430343
v -80.7157 -93.2227 930
vn 0.577689 -0.721317 0.382071
v -79.9862 -92.6767 930.6
vn 0.793795 0.0551892 -0.605677
v -80.1153 -90.8601 754.5
vn -0.645424 0.273847 0.713047
v -80.147 -90.5467 757.005
vn -0.467467 0.383674 0.79641
v -79.7472 -91.5518 757.704
vn -0.419885 0.362852 0.831887
v -79.6224 -90.9649 757.568
vn 0.910375 0.230048 -0.34394
v -79.0095 -92.0153 756
vn 0.012923 0.560625 0.827969
v -79.1603 -91.6765 758.027
vn 0.405172 0.614353 0.677057
v -78.6532 -92.091 758.1
vn 0.837321 -0.455281 0.302677
v -79.4537 -91.6142 931.09
vn 0.699815 -0.511679 0.498442
v -80.0795 -91.4811 932.7
vn 0.911047 -0.232173 0.340718
v -79.9337 -90.592 933.3
vn 0.794126 -0.415421 0.44361
v -79.9006 -89.9857 933.3
vn 0.487944 -0.744905 0.455003
v -80.1327 -91.9227 932.1
vn 0.850208 -0.281742 0.44471
v -79.6843 -90.9518 932.4
vn 0.810894 -0.442058 0.383452
v -79.6531 -91.5718 932.1
vn 0.892874 -0.315996 0.320816
v -79.5311 -91.291 931.8
vn 0.71507 -0.551337 0.429769
v -79.0157 -90.1738 932.1
vn 0.207909 0.978148 9.71199e-006
v -80.2317 -88.9951 755.7
vn -0.55824 0.331117 0.760743
v -80.4844 -89.2481 756.297
vn 0.207909 0.978148 9.71199e-006
v -80.1285 -89.0171 756.355
vn 0.549547 -0.696908 0.460779
v -79.6039 -89.4353 933.598
vn 0.457774 -0.70851 0.537082
v -79.3695 -89.7751 933
vn 0.950909 -0.131598 0.280095
v -80.0675 -89.6435 934.2
vn 0.609107 -0.641583 0.466219
v -79.8072 -88.472 935.7
vn 0.533155 -0.697304 0.479075
v -78.6355 -89.0278 933.6
vn 0.542183 -0.74111 0.395973
v -77.0291 -83.8486 937.8
vn 0.581262 -0.65167 0.487299
v -78.7123 -83.7975 940.228
vn 0.363194 -0.849244 0.383243
v -77.7126 -83.423 939.6
vn 0.257444 -0.896956 0.359434
v -77.346 -83.1415 940.2
vn 0.435257 -0.856527 0.277334
v -77.1007 -83.4302 939
vn -0.435015 0.77382 -0.460396
v -78.3522 -82.1033 897
vn 0.750286 -0.450013 0.484314
v -76.8741 -82.9614 940.2
vn 0.922421 -0.00813223 0.386101
v -76.7796 -82.6748 939.6
vn -0.415549 0.804983 -0.423465
v -76.662 -78.4802 901.8
vn 0.712075 -0.397041 0.579058
v -76.5117 -79.9714 941.7
vn 0.519984 -0.546774 0.656243
v -78.513 -79.974 943.5
vn 0.528806 -0.546401 0.649469
v -78.2833 -79.2882 944.1
vn -0.378271 0.849437 -0.367924
v -75.773 -77.1836 903.6
vn 0.74419 -0.444607 0.498504
v -75.8412 -77.967 941.7
vn 0.424064 -0.629812 0.650773
v -77.9893 -77.5104 944.932
vn -0.34258 0.892188 -0.294347
v -75.4612 -74.2739 911.4
vn 0.645748 -0.483304 0.591124
v -77.1974 -75.5319 945.6
vn 0.617989 -0.486489 0.61759
v -76.5916 -73.8204 946.695
vn 0.612109 -0.486255 0.623601
v -76.2342 -71.136 947.7
vn -0.366473 0.913944 -0.174365
v -75.6008 -70.6022 930.3
vn 0.283014 -0.707796 0.647246
v -74.7941 -71.1355 947.175
vn 0.88999 -0.0344852 0.454675
v -74.3176 -70.0099 947.1
vn 0.778733 -0.294549 0.55391
v -74.1314 -69.7428 946.8
vn 0.392192 -0.679464 0.620092
v -76.1234 -70.1748 948.6
vn 0.656783 -0.544617 0.521563
v -75.3441 -67.9515 949.701
vn 0.407173 -0.716265 0.566723
v -74.5696 -67.1937 949.8
vn 0.61999 0.356167 0.699111
v -75.3772 -65.2215 953.1
vn -0.358095 0.859323 0.365146
v -75.0138 -64.9547 952.817
vn 0.416263 -0.739876 0.528497
v -74.4269 -65.0795 953.132
vn -0.445298 0.867742 -0.220757
v -73.6529 -64.3239 952.986
vn 0.499598 -0.860818 0.096924
v -88.694 -139.415 859.8
vn 0.262959 -0.964141 -0.0358437
v -87.4716 -137.993 836.7
vn 0.360709 -0.93224 -0.0285982
v -86.7833 -137.641 835.8
vn 0.272443 -0.962169 -0.00213095
v -87.456 -137.919 837.6
vn 0.168355 -0.983429 -0.0672658
v -86.833 -137.874 838.8
vn 0.169289 -0.98464 -0.0427191
v -86.8652 -138.026 845.4
vn 0.25532 -0.965607 -0.0491498
v -88.3382 -139.184 858
vn 0.547968 -0.831705 0.0894297
v -87.4248 -138.686 858
vn -0.535994 -0.795838 -0.281696
v -86.7016 -135.813 817.8
vn 0.127895 -0.990783 -0.044635
v -86.3242 -136.923 827.7
vn 0.129512 -0.987012 -0.0950468
v -86.3505 -137.047 829.8
vn 0.446207 -0.868203 0.21708
v -86.9354 -136.913 868.8
vn 0.286504 -0.950804 0.117843
v -86.4276 -135.967 871.2
vn 0.576484 -0.743727 0.338433
v -85.5634 -134.787 874.496
vn 0.557884 -0.781633 0.278955
v -85.777 -134.349 876
vn 0.563668 -0.769484 0.300287
v -86.0223 -133.463 879.3
vn 0.8671 0.182338 0.463562
v -85.2712 -131.169 882.3
vn 0.865681 0.0717262 0.49543
v -86.8825 -131.133 885.3
vn 0.285392 -0.918503 0.273685
v -86.1754 -130.452 885
vn 0.720412 -0.618717 0.31336
v -85.8773 -131.654 883.8
vn 0.255891 -0.933022 0.252962
v -86.697 -130.02 887.4
vn -0.329107 -0.822522 -0.463838
v -84.6928 -129.248 801
vn 0.491119 -0.784937 0.377725
v -84.9119 -130.019 885.3
vn 0.4812 -0.76711 0.42425
v -84.2853 -129.845 884.7
vn 0.310652 -0.905425 0.28931
v -86.0361 -129.796 887.4
vn 0.544555 -0.709688 0.446994
v -84.7151 -129.354 885.9
vn 0.81479 -0.0900262 0.572723
v -84.6094 -128.856 887.025
vn 0.828444 -0.178087 0.531004
v -84.409 -128.285 886.8
vn 0.784175 -0.379164 0.491227
v -86.2119 -128.515 889.8
vn -0.571539 -0.715796 -0.401223
v -85.3442 -126.541 796.8
vn -0.491497 -0.737183 -0.463673
v -85.8559 -127.506 799.5
vn 0.589009 -0.700233 0.403415
v -83.6817 -126.6 888.6
vn 0.768316 -0.430905 0.473298
v -84.451 -125.823 890.7
vn -0.0299496 -0.846442 -0.531638
v -83.4911 -123.595 790.5
vn -0.366728 -0.801388 -0.472533
v -84.7847 -125.352 794.1
vn -0.148138 -0.846263 -0.511756
v -83.8195 -125.14 793.2
vn 0.580767 -0.700826 0.414189
v -84.888 -124.395 893.4
vn -0.181878 -0.826566 -0.532644
v -82.9877 -121.226 787.189
vn 0.270316 0.898726 0.345284
v -83.2996 -122.694 826.765
vn 0.312527 0.949409 -0.0308218
v -83.4199 -123.26 831.6
vn 0.310596 0.945403 -0.0987071
v -84.7088 -122.109 837.3
vn 0.249589 0.959362 -0.131643
v -83.9123 -122.69 836.1
vn 0.00408735 0.984131 -0.177396
v -82.9832 -122.648 837
vn 0.0925397 0.972655 -0.213022
v -84.0157 -121.734 840.9
vn 0.21797 0.962424 -0.161956
v -83.8247 -120.835 844.2
vn 0.233482 0.95767 -0.168386
v -83.5371 -120.925 845.1
vn 0.862308 -0.279785 0.422074
v -83.3523 -122.683 893.4
vn 0.870412 0.20366 0.448225
v -84.9295 -122.347 897
vn 0.879707 0.165649 0.445732
v -84.9355 -121.733 896.773
vn 0.497972 -0.798363 0.338585
v -83.5677 -121.103 897.3
vn 0.169841 -0.961708 0.21511
v -83.3693 -121.579 895.2
vn 0.0516014 -0.982755 0.177567
v -84.5173 -121.208 897.765
vn 0.453591 0.756025 0.471891
v -83.2627 -119.635 821.689
vn 0.126586 0.988154 -0.0867678
v -84.3492 -120.417 847.2
vn -0.642537 0.719759 -0.262854
v -84.3472 -120.408 847.8
vn -0.181812 0.968066 -0.172605
v -84.0226 -120.324 847.5
vn -0.135655 0.929814 -0.342117
v -82.3322 -119.585 849
vn -0.182913 0.929118 -0.321376
v -83.5685 -119.63 850.2
vn -0.244378 0.924089 -0.293833
v -83.4056 -118.864 851.7
vn 0.451635 0.891163 -0.0430661
v -83.1287 -119.004 851.7
vn 0.0413655 0.974891 -0.218806
v -82.5642 -119.234 850.5
vn -0.549366 0.811444 -0.199386
v -84.2453 -118.812 854.1
vn -0.422487 0.888677 -0.178208
v -83.389 -118.786 852.3
vn -0.179404 0.921694 -0.343939
v -83.3163 -118.444 853.2
vn -0.553279 0.803477 -0.219787
v -83.9062 -118.333 854.4
vn 0.65845 -0.628548 0.41397
v -83.5561 -119.572 899.775
vn 0.721355 -0.584886 0.370885
v -82.6992 -120.061 897.6
vn -0.211121 -0.844052 -0.492955
v -82.0565 -116.845 779.1
vn 0.0246387 0.832554 0.553396
v -84.1232 -117.911 819.6
vn 0.0252968 0.820677 0.570832
v -83.7688 -117.687 819.333
vn 0.034416 0.846686 0.530978
v -83.4983 -117.857 819.6
vn 0.397388 0.752606 0.52504
v -82.8885 -117.874 818.534
vn -0.419054 0.888854 -0.185291
v -83.1533 -117.677 855.6
vn -0.219476 0.919523 -0.326049
v -82.5741 -117.838 854.4
vn -0.441008 0.852427 -0.280856
v -82.3813 -117.368 855.6
vn -0.711305 0.655358 -0.254068
v -82.291 -117.081 856.2
vn -0.752374 0.57634 -0.319008
v -81.8554 -117.173 855
vn -0.631815 0.767824 -0.106093
v -82.9751 -117.242 857.7
vn -0.777565 0.577931 -0.247768
v -83.7188 -116.471 863.1
vn 0.761115 -0.515624 0.393492
v -81.5592 -116.93 900
vn 0.663708 -0.631238 0.401285
v -83.8132 -116.453 905.1
vn -0.482641 -0.767805 -0.421347
v -82.3102 -113.71 774
vn -0.26691 -0.83502 -0.481145
v -81.7842 -114.121 774.083
vn -0.0803955 0.986323 0.143886
v -82.173 -114.039 810.6
vn 0.00376225 0.935223 0.35404
v -82.0362 -113.864 809.7
vn 0.0130981 0.920498 0.390527
v -82.1064 -114.194 812.1
vn 0.223395 0.93308 0.281878
v -83.5376 -115.589 815.7
vn 0.269627 0.862749 0.427745
v -82.4309 -115.721 815.4
vn 0.100431 0.907905 0.406967
v -82.3111 -115.157 813.6
vn 0.112861 0.932651 0.342673
v -82.0722 -115.476 814.5
vn 0.361389 0.789483 0.496099
v -81.9274 -116.238 815.863
vn 0.128042 0.874428 0.467953
v -81.8026 -115.651 814.826
vn 0.00383706 0.940806 0.338923
v -81.4648 -115.505 814.5
vn 0.384408 0.789753 0.478038
v -83.0968 -115.968 816.3
vn 0.914396 -0.232844 0.331154
v -83.2547 -115.956 904.5
vn 0.643907 -0.645519 0.410718
v -82.4615 -115.865 903
vn 0.738148 -0.593017 0.321664
v -83.5023 -115.903 905.4
vn 0.888929 -0.245613 0.386626
v -83.472 -115.603 905.1
vn -0.251926 -0.84322 -0.474883
v -82.5043 -111.738 770.4
vn -0.242854 -0.85271 -0.462501
v -82.7636 -112.957 773.1
vn 0.0942608 0.734307 0.672241
v -80.9337 -113.006 808.2
vn -0.797887 0.493809 -0.345729
v -80.8977 -111.856 862.8
vn 0.692717 -0.621534 0.365839
v -80.8318 -113.711 904.2
vn 0.617556 -0.678082 0.398534
v -82.4118 -113.681 906.6
vn 0.801214 -0.417757 0.42841
v -82.1586 -111.588 909.3
vn -0.162266 -0.848232 -0.504155
v -81.8454 -110.081 767.4
vn 0.328133 -0.752564 -0.570943
v -81.4241 -109.541 767.1
vn 0.623711 -0.656682 0.423974
v -81.4598 -111.152 908.7
vn 0.570601 -0.666833 0.47932
v -82.0783 -109.458 912.3
vn 0.510979 -0.648986 -0.563665
v -81.4171 -108.065 765.326
vn -0.532547 -0.727744 -0.432183
v -80.8755 -108.403 765.3
vn 0.235122 -0.777633 -0.583099
v -80.1186 -107.728 764.619
vn -0.0897353 0.934484 0.344511
v -81.1382 -106.898 801
vn 0.31874 0.910689 0.262773
v -80.8356 -106.773 800.7
vn 0.65396 0.716597 0.242539
v -80.0739 -107.518 801
vn 0.136512 0.902697 0.408048
v -81.6096 -107.529 802.5
vn 0.0559679 0.911932 0.406506
v -80.9365 -107.247 802.146
vn 0.247106 0.799077 0.548101
v -80.2282 -108.244 803.7
vn 0.445857 0.847769 0.287227
v -80.1112 -107.694 802.5
vn 0.168987 0.766983 0.619015
v -82.0444 -108.131 804
vn 0.197632 0.766823 0.610676
v -80.9009 -108.523 804.3
vn 0.0784509 -0.801403 -0.592957
v -79.4509 -106.03 762.351
vn -0.0776463 -0.781689 -0.618816
v -81.4476 -106.525 763.2
vn 0.717233 0.681792 0.143999
v -79.972 -105.612 775.8
vn 0.660575 0.750551 0.0177193
v -80.3318 -104.402 782.1
vn 0.814965 0.578118 -0.0401513
v -79.6366 -105.461 787.8
vn 0.886704 0.460994 -0.0352326
v -79.5962 -105.079 789.6
vn 0.353942 0.915521 0.191171
v -80.9507 -105.871 796.2
vn 0.638683 -0.611497 0.46707
v -80.0898 -106.15 913.5
vn 0.373729 -0.640922 -0.670481
v -80.5878 -102.721 757.913
vn 0.389535 -0.620036 -0.681042
v -80.1676 -102.504 758.1
vn 0.0900609 -0.725736 -0.682053
v -79.6451 -102.615 758.376
vn 0.174865 -0.755481 -0.631403
v -79.4324 -104.5 760.655
vn 0.290416 -0.639405 -0.711913
v -78.785 -102.897 758.7
vn 0.419223 0.710543 0.565138
v -79.1103 -102.985 769.8
vn 0.516658 0.543952 0.661196
v -78.8895 -103.389 770.046
vn 0.205987 0.762851 0.612885
v -78.7399 -102.685 769.2
vn 0.559696 0.693278 0.453989
v -80.065 -103.446 771.6
vn 0.635211 0.725603 0.264588
v -80.8202 -103.815 773.4
vn 0.905726 0.410569 -0.105322
v -80.7249 -103.919 784.2
vn 0.941682 0.289954 -0.170769
v -80.7974 -103.29 784.8
vn 0.608018 0.759027 0.232793
v -80.5063 -103.781 788.7
vn 0.928259 0.364105 0.0759152
v -80.1197 -104.047 788.1
vn 0.827611 0.514491 0.224409
v -80.2148 -103.852 788.1
vn 0.477905 0.862802 0.164861
v -80.1671 -103.731 787.8
vn 0.964524 0.245628 -0.0967482
v -80.0193 -104.375 787.896
vn -0.748754 0.38948 -0.536352
v -79.2008 -104.549 868.2
vn 0.485743 -0.501906 -0.715642
v -80.6799 -101.712 757.2
vn -0.050875 0.743719 0.666554
v -79.6853 -99.8459 765.9
vn 0.29919 0.785607 0.541578
v -79.6267 -101.085 767.332
vn -0.610564 0.528186 -0.590111
v -79.1026 -101.81 869.7
vn 0.730786 -0.524702 0.436623
v -79.9443 -100.404 919.8
vn 0.646342 -0.149738 -0.748211
v -77.968 -97.7573 756.6
vn -0.542712 0.660545 -0.518791
v -78.7748 -98.5207 873.3
vn 0.933316 0.203091 -0.2961
v -77.4334 -97.5642 758.4
vn 0.0597091 0.65575 0.752613
v -77.5612 -95.6968 760.92
vn 0.741925 -0.540088 0.397305
v -78.3732 -95.831 922.8
vn 0.789757 -0.0937863 -0.606209
v -78.75 -93.2972 756.3
vn 0.823811 -0.0489795 -0.564745
v -78.4383 -94.897 757.2
vn 0.933749 0.323788 -0.152559
v -78.165 -93.1149 757.8
vn 0.774727 -0.506869 0.377997
v -77.0901 -93.6501 924
vn 0.846381 -0.384494 0.368515
v -77.0791 -92.4256 925.2
vn -0.342546 0.802247 -0.48894
v -77.3399 -87.4414 887.4
vn 0.63029 -0.62474 0.460906
v -76.7856 -84.8334 936.3
vn 0.700702 -0.584498 0.40912
v -76.414 -83.0854 938.4
vn 0.630257 -0.600705 0.491863
v -75.5627 -83.2402 937.2
vn 0.839961 -0.32059 0.43782
v -74.8336 -81.8616 937.5
vn 0.8166 -0.489634 0.305653
v -76.599 -83.0199 939
vn 0.747397 -0.443986 0.494242
v -76.2834 -82.1669 939
vn 0.697034 -0.525303 0.488059
v -75.8034 -81.6555 939.09
vn -0.300579 0.830477 -0.468999
v -74.5504 -78.6463 899.7
vn 0.92644 -0.16879 0.33648
v -74.9188 -80.6167 938.1
vn 0.904807 -0.0539551 0.422389
v -75.4626 -79.2743 940.2
vn 0.845693 -0.314034 0.431492
v -75.4731 -78.6587 940.441
vn 0.934636 0.0478174 0.352375
v -75.2783 -80.2336 939.9
vn 0.954869 -0.0470161 0.293283
v -75.3044 -79.308 939.693
vn 0.322769 -0.78183 0.533443
v -73.9868 -78.8811 938.4
vn -0.289316 0.878926 -0.379191
v -74.1284 -76.661 903.3
vn 0.424126 -0.708802 0.563665
v -74.3632 -77.766 940.5
vn 0.562276 -0.623292 0.543465
v -75.4991 -77.3383 942
vn -0.249998 0.908489 -0.334887
v -73.2296 -75.3185 906
vn 0.517522 -0.604708 0.605391
v -73.4852 -74.4807 942.9
vn 0.454502 -0.647476 0.611721
v -72.6781 -73.1187 943.8
vn -0.32755 0.925022 -0.192472
v -72.4465 -71.6344 916.854
vn -0.35266 0.921639 -0.161902
v -71.9521 -70.206 925.5
vn 0.471011 -0.599717 0.646907
v -72.3748 -71.297 943.8
vn -0.468376 0.855552 -0.220576
v -73.0894 -68.7375 934.5
vn 0.3536 -0.710316 0.60862
v -73.521 -68.0323 948.314
vn 0.671956 -0.516243 0.531007
v -72.6787 -67.598 948
vn 0.44233 -0.724073 0.529209
v -73.1044 -66.0722 950.7
vn -0.0785647 0.824482 0.560408
v -72.6288 -63.8347 952.5
vn 0.475635 -0.698964 0.53406
v -72.3544 -63.9865 952.762
vn 0.49335 -0.702091 0.513492
v -72.0609 -64.0489 952.41
vn -0.0478211 0.841543 0.53807
v -71.9986 -63.7554 952.432
vn -0.0835405 -0.988689 -0.124562
v -85.7082 -138.13 846
vn 0.322259 -0.946651 -0.000186067
v -85.9108 -137.864 857.7
vn 0.181108 -0.983375 -0.0131605
v -85.6232 -137.954 858.6
vn -0.435357 -0.83395 -0.339105
v -84.4974 -135.543 813.3
vn -0.257866 -0.955548 -0.142943
v -83.8354 -136.758 816.9
vn -0.772968 -0.631707 -0.0588779
v -84.0508 -136.328 822.3
vn 0.249841 -0.968231 0.0103917
v -84.6621 -136.318 826.2
vn 0.163147 -0.98516 -0.0533265
v -83.9279 -137.193 838.2
vn -0.0795105 -0.981952 -0.171605
v -83.946 -137.278 839.135
vn -0.0611191 -0.991066 -0.118547
v -84.932 -137.588 841.8
vn -0.0195088 -0.995815 -0.0892819
v -84.0566 -137.798 841.2
vn 0.0167483 -0.999316 -0.0329776
v -84.751 -137.72 842.4
vn 0.397022 -0.912386 0.0996285
v -83.6179 -137.178 845.1
vn 0.519654 -0.844521 0.129397
v -84.3218 -137.603 852.6
vn -0.144925 -0.974474 -0.171459
v -84.2945 -137.475 854.4
vn 0.0578221 -0.99832 0.00378029
v -85.1885 -135.909 869.4
vn 0.351149 -0.924856 0.146069
v -83.9348 -135.783 869.1
vn 0.482029 -0.835473 0.263879
v -85.1013 -135.499 872.452
vn 0.617283 -0.714454 0.32942
v -84.071 -135.105 871.5
vn 0.369186 -0.898668 0.236851
v -83.0596 -133.108 874.5
vn 0.461998 -0.847924 0.259967
v -82.7232 -132.969 874.8
vn 0.530938 -0.823186 0.201172
v -84.8334 -132.796 878.225
vn 0.271442 -0.938841 0.211888
v -83.5549 -131.11 880.2
vn 0.431522 -0.847405 0.309345
v -83.8099 -130.866 881.944
vn 0.510995 -0.772458 0.377086
v -83.4517 -129.102 885.3
vn 0.857088 -0.0299816 0.514296
v -83.2719 -128.527 885.3
vn 0.416088 -0.826791 0.378534
v -84.0212 -129.288 885.6
vn 0.866931 0.0110109 0.498307
v -83.3379 -128.206 885.3
vn 0.818783 -0.0391977 0.572763
v -83.5419 -128.163 885.62
vn 0.829494 -0.205004 0.519531
v -83.4172 -127.576 885.626
vn 0.417449 -0.843374 0.338314
v -83.0928 -127.338 885.9
vn 0.233152 -0.822144 -0.519346
v -82.2686 -123.615 790.8
vn 0.110449 -0.823925 -0.555832
v -82.0819 -124.179 791.714
vn -0.0642966 -0.833761 -0.548369
v -81.7256 -123.946 791.4
vn 0.0264668 -0.850846 -0.524749
v -82.4561 -125.94 794.125
vn -0.0849361 -0.877135 -0.472674
v -81.3755 -125.185 793.5
vn -0.370378 -0.799205 -0.473383
v -81.4371 -122.589 788.4
vn 0.20677 -0.866712 -0.453935
v -82.2286 -123.427 790.5
vn 0.0333268 -0.862635 -0.504728
v -81.9303 -123.466 790.8
vn 0.146166 -0.87145 -0.4682
v -81.8777 -123.219 790.2
vn -0.429995 -0.806119 -0.406542
v -81.6496 -123.588 790.8
vn -0.547077 -0.760166 -0.350505
v -81.3376 -123.564 790.2
vn 0.314163 0.872942 0.373194
v -81.6993 -122.38 825.3
vn 0.297214 0.86401 0.406387
v -82.3145 -122.388 825.9
vn 0.114253 0.952062 0.283769
v -80.9593 -123.227 826.8
vn 0.256326 0.955333 0.14709
v -82.5201 -123.355 828.9
vn 0.106432 0.99165 -0.0728172
v -81.6515 -123.598 829.8
vn 0.261171 0.917628 0.29958
v -81.5969 -123.341 828
vn 0.0994909 0.981416 0.164084
v -81.0422 -123.617 828.3
vn -0.10763 0.990853 0.0814031
v -80.6816 -123.557 828.3
vn 0.442818 0.888314 -0.121701
v -81.1933 -122.885 837
vn -0.0284159 0.998469 -0.0474629
v -80.9584 -123.223 835.5
vn 0.0497194 0.9775 -0.204993
v -82.3301 -122.461 837.6
vn 0.350555 0.925315 -0.144583
v -82.4695 -121.674 840.9
vn 0.85793 -0.28855 0.425082
v -80.8901 -123.206 887.7
vn 0.649387 -0.639236 0.411915
v -80.7865 -122.921 887.7
vn 0.820978 -0.399002 0.408402
v -81.8135 -122.703 890.1
vn 0.516337 -0.789445 0.331923
v -81.3604 -122.228 890.1
vn 0.392758 -0.844838 0.363303
v -80.506 -122.538 888
vn 0.0377804 0.819692 0.571557
v -81.3773 -119.422 819.945
vn -0.0356121 0.805316 0.591776
v -80.6886 -119.067 819.6
vn 0.352302 0.817572 0.455476
v -82.3068 -120.909 822.9
vn 0.17519 0.839232 0.514779
v -81.3728 -120.844 822.3
vn 0.0307807 0.827992 0.559894
v -80.6066 -120.125 821.1
vn -0.0725918 0.926007 -0.370461
v -81.7515 -121.183 845.459
vn -0.0433825 0.941323 -0.334707
v -81.4607 -119.814 848.4
vn -0.536568 0.729982 -0.423346
v -81.3149 -119.128 848.886
vn 0.120911 0.80697 0.578084
v -81.0835 -118.039 818.1
vn 0.21094 0.732491 0.647272
v -79.8293 -117.911 817.929
vn 0.220538 0.820555 0.527308
v -80.6389 -118.834 819.3
vn 0.253266 0.770598 0.584838
v -80.5707 -118.513 818.7
vn 0.504655 0.762684 0.404521
v -80.3437 -119.028 819.3
vn 0.370706 0.752819 0.543912
v -80.0715 -119.05 819
vn -0.403647 0.770047 -0.49406
v -79.7853 -119.147 847.442
vn -0.350139 0.904459 -0.243631
v -81.4861 -118.491 851.1
vn -0.580473 0.73561 -0.349183
v -80.4653 -118.389 849.6
vn -0.48607 0.817641 -0.308542
v -81.7254 -118.174 852.9
vn -0.805557 0.501419 -0.315685
v -81.4272 -117.571 853.2
vn -0.0453433 -0.844693 -0.533327
v -79.9304 -115.5 776.4
vn 0.0201967 -0.861821 -0.50681
v -79.3927 -115.857 776.813
vn 0.0165471 0.881936 0.47108
v -79.169 -114.804 812.4
vn -0.0113066 0.855145 0.518266
v -80.6108 -115.816 815.4
vn 0.0778276 0.94056 0.33059
v -79.2782 -115.318 813.9
vn 0.268466 0.86549 0.42291
v -79.3074 -115.455 814.5
vn 0.356007 0.824657 0.439546
v -79.0101 -115.499 814.2
vn -0.287218 0.865079 -0.411271
v -79.5666 -116.675 851.4
vn -0.303541 0.881365 -0.362019
v -80.0288 -115.963 853.8
vn -0.691048 0.64927 -0.317649
v -81.1749 -116.091 854.7
vn -0.664806 0.667422 -0.335532
v -80.8264 -114.632 858
vn 0.752158 -0.5468 0.367788
v -80.8599 -115.545 900.86
vn 0.752243 -0.576274 0.319434
v -78.3507 -112.398 900.582
vn -0.193628 -0.839627 -0.507478
v -80.2602 -111.28 769.8
vn -0.46305 -0.796646 -0.38851
v -80.1218 -110.629 768.3
vn 0.542125 -0.655984 -0.525153
v -79.4014 -110.126 768
vn 0.582345 -0.669222 -0.461537
v -78.9114 -110.132 768.6
vn 0.686824 -0.576054 -0.443209
v -78.27 -110.575 770.118
vn 0.792283 -0.432691 -0.430193
v -78.226 -111.811 771.477
vn 0.918666 0.351788 0.179716
v -79.8634 -109.414 804.6
vn 0.16757 0.696493 0.697723
v -79.4944 -110.563 805.8
vn 0.336798 0.771462 0.539827
v -79.4423 -110.318 805.5
vn 0.197729 0.68694 0.699298
v -78.6258 -110.806 805.877
vn 0.363825 0.762664 0.534767
v -78.5468 -110.434 805.5
vn 0.435238 0.682287 0.587411
v -78.3328 -110.87 805.8
vn 0.328687 0.743112 0.58288
v -78.1453 -111.431 806.4
vn 0.660335 -0.657263 0.363268
v -79.9866 -111.437 905.664
vn 0.535926 -0.782488 0.317011
v -78.3445 -110.925 904.8
vn 0.703667 -0.599356 0.381608
v -77.7192 -110.385 904.8
vn 0.214555 -0.830696 -0.513722
v -78.6859 -108.203 766.2
vn 0.412196 -0.745017 -0.524446
v -78.3878 -109.629 768.6
vn 0.80824 0.582672 -0.0850969
v -78.5266 -107.453 779.719
vn 0.780554 0.621896 -0.0630982
v -77.229 -108.342 783.6
vn 0.902349 0.414099 -0.119533
v -77.4193 -107.688 786
vn 0.640343 0.760502 0.10769
v -77.6068 -107.454 791.7
vn 0.66581 0.739406 0.0998741
v -77.8908 -107.588 795.9
vn 0.636971 0.754468 0.158261
v -78.4822 -107.244 797.1
vn 0.523761 0.817451 0.239682
v -77.9977 -107.851 797.1
vn 0.693315 0.671562 0.26138
v -77.6788 -109.236 800.7
vn 0.298139 0.861433 0.411152
v -79.0953 -108.686 802.2
vn 0.49268 0.805891 0.328338
v -78.7766 -108.629 801.9
vn 0.53398 -0.74934 0.391606
v -77.4151 -107.996 906.92
vn 0.636717 -0.623146 0.454181
v -79.3936 -109.109 909.3
vn 0.855034 -0.337223 0.39395
v -78.3537 -108.41 908.4
vn 0.888936 -0.278998 0.363254
v -78.1859 -108.139 908.1
vn 0.826351 -0.411922 0.384012
v -77.9658 -108.186 907.5
vn 0.67264 -0.623537 0.398444
v -78.002 -107.871 907.95
vn 0.717773 -0.529929 0.451637
v -78.8498 -107.384 910.2
vn -0.024918 -0.843184 -0.537047
v -78.4677 -105.733 762.3
vn 0.0141789 -0.804046 -0.594398
v -78.109 -105.488 761.7
vn 0.0579088 -0.863977 -0.50019
v -78.1708 -107.222 764.801
vn -0.0658712 0.820135 0.568365
v -77.5542 -105.764 772.2
vn -0.305741 0.776099 0.551537
v -77.1409 -105.263 771.6
vn -0.325707 0.723261 0.608941
v -76.8538 -105.355 771.918
vn 0.440655 0.787985 0.430002
v -78.2396 -106.103 773.1
vn 0.526082 0.790045 0.31475
v -77.8759 -107.277 775.2
vn 0.748774 0.655953 -0.0952003
v -78.7514 -105.625 783
vn 0.889123 0.418992 -0.184133
v -78.5617 -106.175 782.4
vn 0.764498 0.643964 -0.0291996
v -77.9715 -106.284 785.7
vn 0.931961 0.33863 -0.129529
v -77.5173 -107.034 786.3
vn 0.686492 0.726082 0.0391699
v -79.1345 -105.984 789
vn 0.556715 0.822626 0.115564
v -78.0085 -106.459 787.8
vn 0.469926 0.839583 0.272523
v -79.3236 -106.874 798
vn -0.694438 0.574644 -0.433058
v -77.0194 -107.16 861.6
vn 0.576139 -0.693107 0.433205
v -78.4018 -106.866 910.523
vn 0.77416 -0.461438 0.433303
v -77.5654 -105.817 910.717
vn 0.294942 0.433765 0.851386
v -78.3473 -103.504 769.8
vn 0.252771 0.625841 0.737855
v -78.5337 -103.158 769.673
vn 0.461967 0.603019 0.65035
v -78.4897 -104.394 770.398
vn 0.0061385 0.720416 0.693515
v -78.1442 -102.768 769.2
vn 0.014356 0.473184 0.880847
v -77.9468 -103.282 769.666
vn -0.0148965 0.435091 0.900263
v -77.7781 -103.932 769.84
vn -0.134975 0.398886 0.907013
v -77.6534 -103.345 769.713
vn -0.0546642 0.659822 0.749431
v -77.5286 -102.758 769.345
vn -0.363249 0.625892 0.690152
v -77.2536 -104.35 770.257
vn -0.222122 0.483509 0.846688
v -77.0665 -103.47 769.906
vn 0.0522087 0.777568 0.626628
v -77.9228 -104.613 770.4
vn -0.349917 0.62688 0.696118
v -76.8569 -104.127 770.4
vn 0.70326 -0.545149 0.456331
v -78.4442 -103.177 915.3
vn 0.570724 -0.383908 -0.725871
v -77.4478 -100.935 758.323
vn -0.597115 0.581239 -0.552824
v -76.8169 -102.296 866.896
vn 0.868111 -0.35541 0.346508
v -76.5235 -102.358 912.25
vn 0.824394 0.035492 -0.564902
v -77.4069 -98.1833 757.2
vn 0.72212 -0.173902 -0.669552
v -77.2519 -98.8296 757.5
vn 0.927641 0.284904 -0.241479
v -77.0887 -98.5576 757.8
vn 0.890454 0.446579 0.0875166
v -76.9172 -98.9007 759
vn 0.949642 0.303824 -0.0766233
v -76.7577 -99.548 759.9
vn 0.844889 -0.102358 -0.525058
v -76.5968 -98.9688 760.2
vn 0.889142 -0.0861495 -0.449449
v -76.4762 -99.9146 758.7
vn 0.920556 0.390586 0.0043399
v -76.334 -99.9448 759.3
vn 0.923273 0.0693346 -0.377835
v -75.8374 -99.1302 761.25
vn 0.832732 -0.194166 -0.518515
v -75.5665 -100.415 762
vn 0.152094 0.708609 0.689015
v -75.4242 -99.8315 764.7
vn -0.459569 0.702358 -0.543589
v -75.9331 -98.1379 871.2
vn 0.904828 0.0822651 -0.417755
v -76.9455 -96.4411 759.6
vn 0.39434 0.667303 0.631824
v -76.9912 -95.9008 760.8
vn 0.938379 0.340431 -0.0595936
v -76.566 -96.7861 760.8
vn 0.846495 -0.412725 0.336311
v -75.4671 -95.5286 917.4
vn 0.942198 -0.331036 -0.0517478
v -74.0364 -92.7656 906.9
vn 0.966884 -0.214468 0.138339
v -74.1969 -92.7315 908.4
vn 0.98886 -0.0990651 0.111094
v -74.0649 -93.373 907.8
vn 0.988672 -0.133208 -0.0691627
v -73.9796 -93.0844 907.2
vn 0.946449 -0.278889 -0.162647
v -73.9264 -92.789 907.2
vn 0.956534 -0.2645 0.122807
v -73.9355 -92.7871 907.5
vn 0.963695 -0.25877 0.0658004
v -74.0878 -93.3681 914.4
vn 0.854845 -0.373231 0.360469
v -74.8462 -92.9002 918
vn 0.749632 -0.580035 0.318765
v -74.6572 -92.327 918.3
vn 0.846739 -0.414577 0.333406
v -74.3895 -92.6906 917.4
vn 0.810772 -0.56104 0.166983
v -74.0281 -91.8473 918
vn 0.810654 -0.492737 0.316307
v -75.9323 -92.3627 922.689
vn 0.653611 -0.719608 0.234429
v -73.2192 -89.2589 923.1
vn 0.675904 -0.635663 0.372943
v -74.5162 -87.143 929.598
vn 0.781616 -0.473085 0.406531
v -72.7145 -84.7657 930.3
vn 0.885171 -0.220597 0.409645
v -72.7626 -83.2219 931.195
vn 0.760387 -0.462393 0.456075
v -73.1968 -82.2096 932.7
vn 0.381583 -0.802632 0.45845
v -72.282 -82.404 931.526
vn 0.188304 -0.910938 0.367062
v -72.1178 -81.6314 933
vn -0.225038 0.827624 -0.514195
v -73.4374 -80.6249 895.859
vn 0.0855174 -0.884066 0.459472
v -72.6818 -81.3989 933.446
vn 0.102902 -0.900656 0.422172
v -71.9658 -80.9161 934.8
vn 0.932893 -0.269845 0.238525
v -71.3498 -80.1485 934.8
vn 0.0962188 -0.81745 0.567906
v -72.6522 -79.8166 936.9
vn 0.323661 -0.680458 0.657434
v -72.5176 -79.1835 937.5
vn 0.517468 -0.537008 0.666221
v -72.1625 -79.3624 937.2
vn 0.545356 -0.678101 0.492713
v -71.8552 -80.0411 936.3
vn 0.898452 -0.211544 0.384751
v -71.4359 -79.5168 936.3
vn -0.128321 0.880176 -0.456972
v -71.7516 -77.0224 901.2
vn 0.0692056 0.879057 -0.471667
v -71.2699 -77.6424 900
vn 0.974614 -0.0582457 0.216184
v -71.3506 -79.2282 935.4
vn 0.934478 -0.201269 0.293671
v -71.2401 -78.945 935.231
vn 0.706687 -0.420541 0.568981
v -72.2891 -78.1087 938.171
vn 0.703936 -0.519852 0.483972
v -71.7485 -76.9968 938.1
vn 0.859224 -0.128972 0.495076
v -71.827 -78.8203 937.065
vn 0.934222 -0.0890433 0.345399
v -71.6569 -78.5497 936.6
vn 0.39381 0.795339 -0.460814
v -70.7709 -76.7373 901.8
vn 0.0966083 0.901516 -0.421825
v -70.8109 -75.4828 904.2
vn 0.0103715 0.933436 -0.358594
v -70.6199 -74.5841 906.3
vn 0.481194 0.834047 -0.269848
v -70.3294 -74.6603 906.3
vn 0.607802 -0.574382 0.548326
v -70.9542 -75.0187 939.9
vn 0.0439973 0.934833 -0.352353
v -70.7525 -73.7652 908.7
vn 0.574474 0.731409 -0.367453
v -70.4601 -73.8322 908.7
vn 0.134884 0.88727 -0.441087
v -70.3334 -73.2361 909.9
vn 0.752114 -0.307625 0.58283
v -71.6217 -73.65 941.7
vn 0.818051 -0.242563 0.521494
v -69.4767 -71.6523 941.7
vn 0.89752 0.0511168 0.438001
v -69.4162 -71.0518 941.4
vn 0.468528 -0.700216 0.538682
v -70.1684 -68.1315 944.379
vn 0.570391 -0.592655 0.568695
v -68.8075 -67.5007 944.391
vn 0.462566 -0.740901 0.486928
v -70.3847 -66.2454 947.7
vn 0.838841 -0.327988 0.434476
v -69.591 -65.494 947.4
vn 0.588784 -0.655508 0.472908
v -70.5262 -65.4861 948.9
vn 0.629182 -0.651519 0.423855
v -69.6176 -64.8749 948
vn 0.266461 -0.128167 0.955286
v -69.9884 -62.9559 951.979
vn -0.290842 0.956764 -0.00372086
v -69.5961 -62.5531 951.6
vn 0.719369 0.267292 0.641142
v -69.3037 -62.6204 951.3
vn 0.564017 -0.655929 0.501639
v -69.0457 -62.8496 951.106
vn -0.426026 0.899345 -0.0983891
v -68.9419 -62.3612 949.8
vn 0.767963 -0.330225 0.548803
v -67.9782 -62.1563 950.358
vn 0.397114 0.814208 0.423517
v -67.9105 -61.8377 949.8
vn -0.370098 0.91914 0.13494
v -69.3348 -62.4814 951
vn -0.414241 0.878214 0.239049
v -68.9236 -62.2621 951
vn 0.0385369 -0.620049 0.783616
v -68.9833 -62.5561 951.335
vn 0.599136 -0.629821 0.494329
v -68.4858 -62.6618 950.7
vn -0.299348 -0.898379 -0.321414
v -82.2522 -136.524 813.3
vn 0.0396615 -0.932748 -0.358341
v -81.3913 -136.803 813.3
vn -0.841491 -0.503697 -0.195402
v -82.721 -137.287 815.4
vn -0.261192 -0.948953 -0.176823
v -82.5851 -136.647 814.461
vn -0.706739 -0.65304 -0.272135
v -82.3818 -137.134 815.1
vn -0.496832 -0.83784 -0.226235
v -81.7812 -137.194 815.4
vn -0.544799 -0.808819 -0.221373
v -81.7345 -136.974 814.5
vn -0.320703 -0.914074 -0.248231
v -81.6896 -136.763 813.6
vn -0.611929 -0.751606 -0.246233
v -81.481 -137.225 814.5
vn 0.471505 -0.828796 -0.301299
v -81.0878 -136.818 813.9
vn -0.962606 -0.262553 -0.0667478
v -83.0973 -137.152 817.8
vn -0.879263 -0.464123 -0.10717
v -83.1873 -136.826 816.3
vn -0.851345 -0.522296 -0.0491715
v -83.0729 -137.5 817.8
vn -0.853996 -0.498167 -0.150067
v -83.0238 -137.268 817.2
vn -0.233149 -0.963493 -0.131612
v -82.7892 -137.608 817.5
vn 0.339245 -0.940671 -0.00719785
v -82.1602 -137.534 817.8
vn -0.0170023 -0.987748 -0.155127
v -82.1229 -137.359 816.61
vn -0.195158 -0.97948 -0.0503145
v -81.8254 -137.402 816.3
vn 0.309586 -0.950871 0.000236498
v -81.8089 -137.324 816.9
vn 0.198878 -0.97995 -0.0120834
v -81.519 -137.18 816
vn -0.948045 -0.317425 -0.0212518
v -83.1385 -137.143 818.4
vn -0.893098 -0.44771 -0.0439499
v -83.1881 -137.132 819.6
vn -0.838561 -0.539883 0.0730875
v -83.0517 -137.4 818.4
vn -0.253304 -0.959597 0.122515
v -82.7873 -137.599 818.7
vn 0.415145 -0.897043 0.151552
v -81.7602 -137.095 820.2
vn 0.567411 -0.819208 0.0833208
v -81.3981 -136.835 820.2
vn -0.119819 -0.99103 0.0591944
v -81.093 -136.842 820.2
vn -0.229403 -0.965682 0.121789
v -83.1481 -136.41 824.1
vn -0.259636 -0.944514 0.201202
v -80.9595 -136.214 823.8
vn 0.176539 -0.972701 0.150621
v -82.4861 -136.182 825.6
vn 0.2717 -0.958904 -0.0817488
v -81.9948 -136.756 836.1
vn 0.50113 -0.865372 -0.000130268
v -81.2893 -136.323 835.8
vn 0.419365 -0.907689 0.0153051
v -83.0671 -137.472 840
vn 0.512662 -0.858349 0.0203517
v -81.6477 -136.566 840
vn 0.0223362 -0.987087 -0.158621
v -81.1105 -136.925 841.5
vn 0.140792 -0.987675 -0.0683849
v -81.1563 -137.14 842.7
vn 0.364753 -0.928188 0.0736297
v -82.0776 -137.146 846.9
vn -0.135129 -0.975489 -0.173671
v -81.8144 -137.35 850.5
vn 0.328906 -0.943024 0.050255
v -82.1628 -137.044 855.3
vn 0.420539 -0.890582 0.173235
v -82.679 -137.241 858.3
vn 0.244176 -0.968022 0.0575428
v -82.9863 -135.649 864.3
vn 0.250561 -0.967768 0.0253749
v -83.0116 -135.768 866.4
vn -0.0302167 -0.874303 -0.48444
v -81.3622 -135.223 810.3
vn 0.131161 -0.981428 0.139988
v -81.483 -135.791 825.3
vn 0.0840719 -0.992827 0.0850145
v -81.4713 -135.736 827.7
vn -0.147069 -0.983349 0.106749
v -81.1827 -135.821 825.6
vn 0.17689 -0.983624 0.0345606
v -80.7655 -135.302 863.1
vn 0.305999 -0.946734 0.100301
v -81.9978 -135.327 865.5
vn 0.648016 -0.68332 0.336376
v -80.6459 -134.299 865.8
vn 0.377489 -0.909873 0.172139
v -80.7577 -135.265 864.3
vn 0.599951 -0.743746 0.294789
v -80.6812 -134.905 865.302
vn 0.0393001 -0.862641 -0.504288
v -81.8508 -131.75 804.6
vn 0.712164 -0.557283 0.426918
v -80.9255 -132.706 872.7
vn 0.804643 -0.377316 0.458457
v -80.604 -131.656 873
vn 0.735906 -0.422718 0.528916
v -81.2936 -132.014 873.765
vn 0.470377 -0.853555 0.22403
v -80.5649 -131.472 873.6
vn 0.402632 -0.869932 0.28479
v -79.7626 -131.113 873.9
vn 0.540478 -0.76402 0.352358
v -79.7896 -129.267 878.237
vn -0.214336 -0.86016 -0.462801
v -79.3592 -128.685 799.2
vn 0.891109 -0.0030341 0.45378
v -81.4878 -128.599 881.722
vn 0.497839 -0.769 0.400993
v -81.076 -128.105 882
vn 0.622692 -0.633594 0.459144
v -80.4694 -126.976 883.5
vn -0.304034 -0.84296 -0.443827
v -80.658 -124.695 791.4
vn -0.272023 -0.828918 -0.488773
v -79.3458 -124.294 790.8
vn -0.258436 -0.854328 -0.450926
v -79.2868 -124.467 791.1
vn -0.0537402 -0.905905 -0.420057
v -79.0904 -124.535 791.1
vn -0.0386235 -0.869426 -0.492551
v -79.068 -124.429 790.8
vn 0.327036 -0.829303 -0.453105
v -78.7693 -124.467 791.1
vn -0.466845 -0.815817 -0.341318
v -80.7828 -125.282 792.9
vn -0.304256 -0.877906 -0.369742
v -79.9785 -125.827 793.5
vn -0.0576583 -0.877366 -0.476345
v -79.686 -125.894 793.5
vn 0.382626 0.922964 0.0416469
v -78.7414 -124.336 831.3
vn 0.801903 -0.303906 0.514385
v -78.8966 -125.777 882.6
vn 0.687257 -0.555608 0.467951
v -78.6482 -126.749 881.4
vn 0.739591 -0.468793 0.482948
v -79.5248 -125.643 883.5
vn 0.829645 -0.256805 0.495723
v -79.1066 -125.118 883.2
vn 0.0126306 -0.834311 -0.55115
v -80.2165 -122.618 788.1
vn -0.0507873 -0.855552 -0.51522
v -79.6096 -124.091 790.538
vn -0.0151317 -0.813444 -0.581447
v -79.2538 -123.86 790.122
vn 0.406152 -0.738939 -0.537595
v -78.6669 -123.985 790.478
vn 0.122656 0.894151 0.430638
v -80.2516 -122.783 825.3
vn 0.0777618 0.869007 0.488651
v -79.8032 -122.117 824.1
vn 0.122491 0.935609 0.331108
v -79.3206 -122.732 825.3
vn 0.331706 0.828536 0.451109
v -79.1734 -122.04 823.8
vn 0.467177 0.808051 0.358887
v -78.7639 -122.999 825
vn 0.288276 0.837361 0.464459
v -78.3457 -122.474 823.8
vn 0.405505 0.794643 0.451783
v -77.9992 -122.287 823.306
vn 0.385358 0.908385 0.162282
v -78.9384 -123.82 827.7
vn 0.538572 0.830033 0.144864
v -79.806 -123.573 829.2
vn 0.521175 0.85202 0.0493871
v -79.8362 -123.715 831.6
vn 0.386756 0.915126 -0.113859
v -80.389 -123.43 837.3
vn 0.190467 0.94877 -0.252107
v -79.4034 -123.122 840
vn 0.743101 -0.454094 0.491528
v -78.6668 -123.985 882.832
vn 0.558131 -0.724125 0.405133
v -79.0666 -122.98 885.286
vn 0.410977 -0.836055 0.363468
v -80.2048 -122.563 887.7
vn 0.390157 -0.864118 0.317929
v -80.1814 -122.453 888
vn 0.351909 -0.807214 -0.473884
v -78.0431 -121.051 786.809
vn 0.105274 0.812207 0.573792
v -79.1355 -120.418 820.5
vn 0.151681 0.803414 0.575777
v -78.495 -120.291 820.5
vn 0.504544 0.707898 0.494283
v -78.1782 -120.243 820.2
vn 0.30402 0.820799 0.483591
v -79.8038 -120.676 821.72
vn 0.46225 0.790416 0.401954
v -79.5089 -120.732 821.4
vn -0.386148 0.769315 -0.508965
v -79.8134 -120.981 845.1
vn 0.835893 -0.39921 0.376715
v -77.6873 -120.82 886.148
vn 0.109556 -0.868934 -0.482651
v -79.1669 -117.68 780.3
vn 0.186076 0.739096 0.647389
v -79.4295 -118.916 818.808
vn -0.194516 0.840102 -0.506352
v -78.4902 -118.826 847.2
vn -0.431398 0.714621 -0.550647
v -77.0012 -117.592 848.883
vn 0.338906 -0.80438 -0.487971
v -77.8517 -115.877 777.3
vn 0.72107 -0.529501 -0.446864
v -76.8063 -116.1 778.8
vn 0.638832 -0.572877 -0.513522
v -76.444 -116.177 779.4
vn 0.750874 -0.447125 -0.486074
v -76.5646 -115.538 778.713
vn 0.647558 -0.518059 -0.558823
v -76.5022 -115.244 778.521
vn 0.336168 0.790677 0.511684
v -78.3189 -115.134 813.3
vn 0.142317 0.888207 0.436845
v -78.2312 -114.721 812.4
vn 0.449207 0.762489 0.465643
v -77.6371 -115.003 812.4
vn 0.470358 0.692244 0.547321
v -78.9057 -116.451 815.4
vn -0.0724479 0.918846 -0.38791
v -78.9846 -116.823 851.1
vn -0.309785 0.816547 -0.487119
v -78.4026 -116.97 850.5
vn -0.579245 0.651084 -0.490475
v -77.0891 -115.119 851.641
vn 0.795153 -0.485758 0.363003
v -76.7668 -117.335 889.5
vn 0.745673 -0.555996 0.367207
v -77.2821 -115.385 892.5
vn 0.877059 -0.320588 0.357758
v -77.1208 -116.34 891.3
vn 0.875558 -0.358481 0.323867
v -78.4499 -115.75 895.179
vn 0.783113 -0.530587 0.324363
v -77.8369 -115.267 893.7
vn 0.713109 -0.640563 0.284878
v -77.7653 -114.976 894.3
vn 0.34868 -0.76943 -0.535164
v -78.068 -113.953 774
vn 0.791301 -0.439345 -0.425227
v -77.6278 -113.471 774.3
vn -0.101952 -0.879091 -0.465622
v -76.8782 -112.684 773.7
vn 0.712711 -0.549571 -0.435907
v -77.1948 -114.174 776.1
vn 0.176203 -0.856937 -0.484367
v -76.6402 -114.45 777
vn 0.0813136 0.901581 0.4249
v -77.8423 -112.891 808.5
vn 0.449383 0.804432 0.388515
v -77.5216 -112.825 808.2
vn 0.508702 0.76808 0.388941
v -76.961 -113.074 807.6
vn 0.392043 0.820184 0.416653
v -76.8489 -112.547 806.4
vn 0.176063 0.868048 0.464214
v -76.0778 -113.247 807.6
vn -0.0219736 0.968641 0.247492
v -78.2576 -113.402 810
vn 0.173446 0.862417 0.475556
v -78.3068 -113.634 810.839
vn 0.438443 0.818881 0.370407
v -77.6249 -113.311 809.4
vn 0.154876 0.822661 0.547031
v -78.1591 -114.382 811.8
vn 0.664675 -0.694953 0.274314
v -76.9736 -114.576 893.7
vn 0.761219 -0.571906 0.305726
v -77.326 -114.149 895.8
vn -0.214643 -0.866334 -0.450991
v -77.3257 -111.904 772.5
vn 0.0266393 -0.862636 -0.505122
v -76.9787 -111.714 771.9
vn 0.870929 -0.330734 -0.363453
v -77.823 -112.203 772.8
vn 0.169593 -0.830516 -0.530548
v -77.4081 -112.291 773.238
vn 0.775417 0.630736 -0.0300183
v -75.5255 -110.649 784.8
vn 0.718948 0.658593 0.222191
v -75.9311 -110.765 799.8
vn 0.610784 0.686531 0.394485
v -77.3457 -111.998 806.211
vn 0.565197 0.762934 0.313821
v -76.3406 -111.598 804.362
vn 0.111419 0.816741 0.566145
v -77.9949 -112.167 807.237
vn 0.479489 0.765552 0.428976
v -77.6767 -112.112 807
vn 0.778956 -0.559704 0.282769
v -76.6629 -112.45 896.1
vn 0.62904 -0.752081 0.196679
v -75.3699 -111.191 897.3
vn 0.544933 -0.804542 0.236137
v -76.3498 -111.642 897.9
vn 0.730477 -0.637569 0.244763
v -75.5047 -110.856 898.8
vn 0.587376 -0.769541 0.250593
v -76.2456 -111.005 900.3
vn 0.859345 -0.415074 0.29873
v -75.7976 -110.487 900.431
vn -0.177179 -0.886496 -0.427473
v -77.1398 -108.143 766.2
vn 0.129772 -0.853955 -0.503905
v -76.5451 -108.231 766.2
vn 0.0737715 -0.866572 -0.493569
v -76.7458 -109.176 768.3
vn 0.661661 0.736818 0.138941
v -76.7829 -109.35 780.3
vn 0.757942 0.652268 -0.00839422
v -76.1989 -109.488 787.8
vn 0.7724 0.63354 0.0450064
v -77.011 -107.537 789.9
vn 0.81222 0.580213 0.0604213
v -76.6854 -108.891 795.3
vn 0.591445 0.779559 0.206106
v -76.4202 -109.087 795
vn 0.657962 0.746919 0.09591
v -77.1641 -108.258 796.8
vn 0.645057 0.748072 0.155853
v -76.6864 -108.896 798.9
vn 0.383053 0.844803 0.373602
v -76.8296 -109.57 801
vn 0.856767 0.494043 0.14789
v -76.037 -110.129 800.7
vn 0.737836 -0.589904 0.328042
v -76.3575 -109.141 903
vn 0.514992 -0.800953 0.30538
v -76.0103 -108.601 903.95
vn 0.936751 -0.250005 0.244938
v -75.8603 -108.02 903.6
vn 0.809576 -0.38004 -0.447387
v -74.8213 -106.4 765.6
vn -0.170782 0.714186 0.678801
v -76.3293 -105.773 772.573
vn 0.0745878 0.817114 0.571631
v -76.0957 -107.56 774.6
vn -0.0921859 0.774966 0.625243
v -75.523 -107.478 774.6
vn 0.0140401 0.7725 0.63486
v -75.2564 -106.497 773.4
vn -0.516455 0.663581 -0.541234
v -75.8474 -107.102 860.1
vn 0.977062 -0.141158 0.159452
v -75.1597 -107.249 901.5
vn 0.944678 -0.224147 0.239461
v -75.5384 -107.475 903.3
vn 0.706627 -0.595341 0.382422
v -76.6553 -107.544 906.9
vn 0.855633 -0.421433 0.300476
v -76.1802 -105.805 906.6
vn 0.93295 -0.232277 0.275047
v -76.4443 -106.055 907.2
vn 0.51508 -0.597132 -0.614919
v -76.4902 -105.087 762
vn 0.746635 -0.322841 -0.581644
v -76.0614 -103.07 761.003
vn 0.64511 -0.525493 -0.554699
v -75.5501 -103.178 761.7
vn 0.971975 0.104557 -0.210551
v -74.95 -103.613 764.55
vn 0.895737 -0.18474 -0.404384
v -74.2945 -103.415 765.6
vn 0.0635752 0.738918 0.67079
v -76.1861 -103.657 770.073
vn -0.232177 0.738195 0.633374
v -76.4945 -105.108 771.9
vn 0.958048 -0.218225 0.185801
v -74.2122 -104.076 894.6
vn 0.989545 -0.0856215 0.116062
v -74.9633 -104.837 897.3
vn 0.95427 -0.276447 0.113777
v -74.8697 -103.63 898.8
vn 0.999097 -0.0220211 0.0363247
v -75.0577 -103.59 901.8
vn 0.791066 -0.513814 0.331977
v -75.0747 -104.2 906.45
vn 0.914359 0.0866176 -0.395531
v -75.8087 -102.817 761.4
vn 0.929404 0.240557 -0.279894
v -75.6895 -102.842 761.7
vn 0.957001 0.201881 -0.208312
v -75.6162 -102.858 762
vn 0.969268 0.168854 -0.17891
v -75.5736 -102.218 762.3
vn 0.908995 -0.0637933 -0.411897
v -75.5314 -102.02 762.9
vn 0.966301 0.111233 -0.232143
v -74.6381 -102.145 764.686
vn 0.959152 -0.00587287 0.28283
v -73.8233 -103.239 891
vn 0.99585 0.0465746 0.0781923
v -74.2488 -102.535 894.6
vn 0.939744 -0.265094 0.215885
v -74.1185 -101.336 893.7
vn 0.93536 -0.307918 0.174033
v -74.7191 -101.208 905.7
vn 0.989185 -0.0689154 0.129477
v -75.3474 -102.608 907.2
vn 0.324332 0.779453 0.535969
v -75.4794 -100.332 765.6
vn 0.927169 -0.142528 0.346473
v -73.272 -99.6756 889.2
vn 0.551108 -0.550855 0.626769
v -73.0716 -99.1048 889.355
vn 0.977632 -0.0656429 0.199817
v -73.7222 -98.6598 891.9
vn 0.992959 0.0511292 0.106856
v -73.5738 -100.532 891.6
vn 0.992361 0.0632029 0.105946
v -73.9185 -99.5382 894.9
vn 0.947203 -0.239665 0.212998
v -73.8993 -100.462 894.6
vn 0.98249 -0.103172 0.155143
v -73.6379 -100.518 893.1
vn 0.982451 -0.142713 0.120094
v -74.2826 -100.688 895.8
vn 0.99994 0.0104203 0.00326411
v -74.1881 -98.8675 899.1
vn 0.982006 -0.174544 0.072104
v -74.4036 -100.355 905.4
vn 0.844266 -0.384274 0.373561
v -73.2884 -98.4453 890.4
vn 0.944097 -0.275762 0.180657
v -74.0504 -97.3632 894.9
vn 0.988982 0.136285 -0.0577952
v -74.3998 -97.9023 898.8
vn 0.996306 -0.050654 0.0693373
v -74.4677 -97.2745 897.9
vn 0.996544 -0.0791071 0.0253596
v -74.3796 -96.6798 901.8
vn 0.982127 -0.151311 0.111941
v -74.3971 -97.5962 910.5
vn 0.873735 -0.440887 0.205441
v -73.8119 -95.8804 897
vn 0.821871 -0.51533 0.242823
v -72.6554 -93.9793 896.7
vn 0.991337 -0.130066 -0.0182709
v -74.275 -95.782 900.6
vn 0.934289 -0.321793 0.153469
v -74.0567 -93.9882 904.8
vn -0.380552 0.76835 -0.514605
v -71.9406 -93.7838 873.9
vn 0.880881 -0.449916 0.147053
v -73.4302 -92.2811 903.3
vn 0.75807 -0.626871 0.179897
v -72.8351 -91.4875 903.9
vn 0.840418 -0.485826 0.240146
v -74.003 -93.3862 905.571
vn 0.825782 -0.556328 0.0926531
v -73.8036 -92.448 906.9
vn 0.94085 -0.329284 0.0798345
v -73.3385 -92.3006 905.4
vn 0.924255 -0.381726 0.00613541
v -73.1881 -91.4125 906
vn 0.90249 -0.428306 -0.0454429
v -73.8237 -92.5425 907.2
vn 0.858542 -0.489271 0.153361
v -73.6778 -92.2285 907.2
vn 0.839995 -0.486362 0.240542
v -73.4082 -91.3657 907.8
vn 0.855152 -0.485869 0.180683
v -73.1239 -91.4261 907.2
vn 0.795542 -0.577787 0.182414
v -71.9418 -90.7572 902.1
vn 0.70828 -0.68685 0.163023
v -72.8561 -90.2562 909
vn 0.832254 -0.537387 0.136267
v -72.3581 -90.0554 907.5
vn 0.804339 -0.583889 0.110058
v -72.1435 -89.1809 908.4
vn 0.832832 -0.549524 0.0664363
v -73.299 -90.4688 909.9
vn 0.765727 -0.639901 0.0647242
v -72.4975 -89.719 910.5
vn 0.892917 -0.450185 0.0056329
v -72.2765 -89.1526 911.7
vn 0.793132 -0.608977 -0.00942317
v -72.4516 -89.7288 914.1
vn 0.622682 -0.773929 0.115331
v -72.4385 -89.4249 919.5
vn 0.496893 -0.853427 0.157355
v -72.4673 -89.0474 921.3
vn 0.699169 -0.694592 0.169427
v -70.6221 -88.5842 905.1
vn 0.783315 -0.617536 0.071175
v -70.9192 -87.9076 910.2
vn 0.880137 -0.465037 0.095392
v -70.5441 -87.0672 910.2
vn 0.729499 -0.683982 -9.63959e-006
v -71.7926 -88.3353 912.3
vn 0.899461 -0.436915 0.00864625
v -70.645 -87.0458 912.3
vn 0.662684 -0.743662 -0.0884154
v -70.9919 -87.8777 915.3
vn 0.899977 -0.424584 -0.0988459
v -70.6065 -87.3607 914.7
vn 0.73625 -0.675491 -0.0405822
v -71.7097 -88.9664 917.7
vn 0.736665 -0.672276 -0.0732773
v -70.6533 -87.9641 916.8
vn 0.996861 0.050293 -0.0611487
v -70.3194 -87.115 916.8
vn 0.69356 -0.716744 0.0724817
v -71.4089 -88.7236 919.8
vn 0.905089 -0.41756 0.0803627
v -70.5147 -87.3802 920.4
vn 0.629571 -0.741017 0.233525
v -71.8949 -88.6203 922.2
vn -0.0678258 0.859422 -0.506748
v -70.3073 -84.6567 888.3
vn 0.645918 -0.756564 0.101982
v -70.0984 -86.5486 909.3
vn 0.99832 -0.0224693 -0.0534097
v -70.4927 -86.4647 916.8
vn 0.980446 -0.195737 -0.0203317
v -70.4377 -86.4764 918.6
vn 0.796099 -0.602455 -0.0572288
v -70.3845 -86.181 917.1
vn 0.999889 -0.00985194 -0.0111895
v -70.3671 -86.7981 918.3
vn 0.998001 -0.0574216 -0.0264081
v -70.3946 -86.7923 918.9
vn 0.797878 -0.597176 -0.0822972
v -70.2377 -86.2122 917.7
vn 0.682054 -0.727486 -0.0746073
v -70.0994 -85.9349 918.6
vn 0.856522 -0.238722 0.457583
v -70.4963 -85.8506 921.3
vn 0.889268 -0.456408 -0.0299076
v -70.1947 -86.5281 919.8
vn 0.997244 0.012007 0.0732091
v -70.3276 -86.4998 921.3
vn 0.949573 -0.2117 0.231287
v -70.2744 -86.2044 920.7
vn 0.531965 -0.812365 0.238906
v -69.8856 -85.367 921.3
vn 0.965652 -0.234089 -0.112777
v -70.3404 -85.8837 921.9
vn 0.868694 -0.459652 0.184637
v -70.3863 -85.874 923.4
vn 0.998103 -0.061156 0.00715978
v -70.3414 -86.4969 921.6
vn 0.712636 -0.701149 0.0232366
v -70.0231 -85.3378 921.9
vn 0.718038 -0.684511 0.125958
v -70.046 -85.3329 923.1
vn 0.754325 -0.575423 0.316042
v -70.3303 -85.2725 924.3
vn 0.296159 0.801661 -0.519259
v -69.8881 -84.1276 889.2
vn 0.710538 -0.546979 0.442661
v -71.7406 -83.7459 929.1
vn 0.582445 -0.695825 0.420221
v -71.4865 -82.5731 930.6
vn 0.581353 -0.730648 0.358026
v -71.5266 -81.7359 932.1
vn 0.413522 0.787818 -0.456445
v -69.2322 -81.0419 894
vn -0.0330862 0.865424 -0.499946
v -70.1911 -79.7814 896.135
vn 0.532033 -0.79972 0.278188
v -71.4643 -81.4425 932.7
vn 0.620505 -0.69826 0.356942
v -70.9179 -81.1604 931.8
vn 0.455445 -0.788716 0.412913
v -69.8107 -80.7824 931.2
vn 0.491911 -0.725121 0.481895
v -69.6007 -79.8899 932.7
vn 0.421082 -0.856478 0.298555
v -71.3947 -81.1151 933.9
vn 0.358582 0.867679 -0.344314
v -69.7032 -78.9291 897.9
vn 0.623715 0.654888 -0.426735
v -70.0938 -77.3485 901.8
vn 0.57072 0.759396 -0.312404
v -70.1273 -78.0386 900.6
vn 0.473789 0.840643 -0.262379
v -69.0598 -78.7879 900.9
vn 0.462996 0.779359 -0.422177
v -68.9896 -78.4577 901.8
vn 0.262009 0.887275 -0.379597
v -68.7566 -78.8044 901.2
vn 0.63426 0.690689 -0.347365
v -68.6066 -76.6558 904.8
vn 0.676178 0.721504 -0.149048
v -69.5202 -75.1821 908.1
vn 0.553753 0.770556 -0.315597
v -69.2345 -75.2812 908.7
vn 0.578033 0.802002 -0.150564
v -68.731 -75.7979 907.65
vn 0.342498 0.802466 -0.488614
v -68.2918 -75.1748 909.6
vn 0.614483 0.618321 -0.489989
v -69.7616 -73.432 910.163
vn 0.589187 0.644919 -0.486763
v -69.1127 -74.708 909.9
vn 0.624749 0.610361 -0.48698
v -67.9166 -73.4096 912.6
vn 0.807967 0.394551 -0.437628
v -67.4135 -73.6243 913.2
vn 0.424175 -0.696064 0.579284
v -69.5855 -74.0468 939.6
vn 0.56492 -0.67975 0.467766
v -69.2994 -74.1436 939.218
vn 0.318044 -0.82701 0.463575
v -69.237 -73.8502 939.785
vn 0.543712 -0.759569 0.356977
v -68.8588 -73.9306 939
vn -0.0666486 0.898618 -0.433639
v -69.4249 -71.8478 912.9
vn 0.291556 0.796146 -0.530233
v -69.1563 -72.0271 912.67
vn -0.175606 0.92386 -0.340066
v -69.0174 -71.3737 913.8
vn 0.571005 0.619146 -0.539084
v -68.8945 -72.2385 912.6
vn 0.226848 0.872765 -0.432227
v -68.7064 -71.3536 913.8
vn -0.150755 0.95701 -0.247798
v -69.2387 -70.9721 915.3
vn 0.729325 0.56625 -0.383988
v -67.5511 -71.6902 914.7
vn 0.480853 0.836339 -0.263282
v -67.9265 -70.5705 917.4
vn 0.824068 0.531241 -0.196712
v -67.6493 -70.7091 918
vn 0.86988 0.463405 -0.169012
v -67.0879 -72.16 917.7
vn 0.27736 -0.776217 0.566178
v -68.1615 -70.233 940.5
vn 0.773377 -0.342816 0.533258
v -68.0067 -71.6581 938.7
vn 0.142873 -0.786798 0.600446
v -67.0599 -70.6325 939.6
vn 0.0162106 -0.853458 0.52091
v -67.0608 -70.8264 939.3
vn 0.740431 0.605894 -0.290954
v -67.6527 -69.2821 921.3
vn -0.104878 0.960199 -0.258881
v -67.9139 -69.0684 921.9
vn -0.314364 0.932614 -0.177217
v -67.8409 -68.7245 923.4
vn -0.108583 0.975098 -0.193372
v -67.1994 -68.5925 923.4
vn -0.372564 0.911219 -0.175714
v -68.7621 -68.73 925.8
vn -0.231282 0.962768 -0.139948
v -67.8077 -68.5686 924.3
vn -0.0910905 0.971461 -0.219011
v -67.7483 -68.2889 926.1
vn 0.255278 0.959758 -0.117039
v -67.486 -68.498 924.9
vn 0.568089 0.768178 -0.295257
v -67.1555 -68.3862 926.1
vn 0.7916 0.607991 -0.0609647
v -66.9337 -68.8191 925.2
vn 0.901407 0.389592 -0.188898
v -66.8649 -68.8337 926.1
vn -0.295856 0.938349 -0.178801
v -67.719 -68.1514 926.7
vn -0.0507054 0.968964 -0.241946
v -67.062 -67.946 927
vn 0.849486 0.443358 -0.28602
v -66.8454 -68.3701 926.7
vn 0.9493 0.301374 0.0894579
v -66.6695 -68.5686 927.9
vn 0.884137 0.46111 -0.0753633
v -66.7669 -68.2412 927.3
vn 0.893759 0.435591 -0.107033
v -66.5953 -69.5044 926.4
vn 0.950726 0.298863 -0.0824658
v -66.5054 -69.2168 927.3
vn 0.952614 0.244489 -0.180976
v -66.5926 -69.1983 927.9
vn 0.9197 0.141749 -0.366142
v -66.2725 -68.3463 928.8
vn 0.893389 -0.139599 0.427045
v -66.4082 -68.6241 939.6
vn 0.861355 -0.117745 0.49417
v -67.6296 -68.0578 942.6
vn -0.216864 0.953833 -0.207781
v -67.3403 -67.8126 928.031
vn -0.076998 0.963622 -0.255937
v -67.0469 -67.8749 927.666
vn 0.847269 0.384625 -0.36633
v -66.3976 -67.7062 928.902
vn -0.271607 0.920868 -0.279698
v -66.735 -66.4077 931.722
vn 0.459808 0.870437 -0.175828
v -66.1002 -65.9292 933.3
vn 0.799812 0.522722 -0.295064
v -66.1008 -66.3101 931.8
vn 0.0480222 0.973558 -0.223337
v -66.5883 -65.7177 933.9
vn 0.245604 -0.847015 0.471427
v -67.3711 -66.5145 942.9
vn 0.253308 -0.843118 0.474328
v -66.4381 -66.4541 942.9
vn 0.895534 -0.0782772 0.438053
v -68.2174 -67.0127 943.5
vn 0.681164 -0.546195 0.487531
v -68.2646 -66.3893 943.836
vn 0.281292 -0.856423 0.432913
v -68.0419 -65.3416 945.9
vn -0.130252 0.937194 -0.323578
v -67.3839 -65.1317 936.6
vn 0.555776 0.808977 -0.191492
v -65.9186 -65.4527 936.9
vn -0.294676 0.905778 -0.304519
v -66.8312 -63.9744 939.3
vn 0.0323573 0.933283 -0.357681
v -66.1985 -63.8836 939.3
vn 0.899717 0.428714 -0.0819309
v -65.6788 -64.3248 940.5
vn -0.194964 0.947154 -0.254732
v -66.7249 -63.4746 940.8
vn 0.111434 0.964116 -0.240961
v -66.1262 -63.5438 940.8
vn 0.676184 -0.586646 0.445669
v -66.2014 -65.3403 944.4
vn 0.769219 0.627127 -0.122531
v -65.8485 -63.6801 943.8
vn 0.956286 -0.00728857 0.292343
v -65.7587 -63.8549 945
vn 0.889913 -0.296699 0.346447
v -65.7115 -64.4784 944.545
vn 0.970132 -0.000128121 0.242576
v -65.468 -64.2234 943.8
vn -0.161462 0.959616 -0.230361
v -66.8322 -62.5365 944.7
vn -0.0356655 0.973131 -0.227471
v -66.5734 -62.7617 943.527
vn -0.0185549 0.97512 -0.220899
v -66.5388 -62.5989 944.4
vn 0.825721 0.549875 -0.125783
v -66.3423 -63.1175 943.815
vn 0.842764 0.532633 -0.0777876
v -66.028 -62.8776 945.3
vn -0.269975 0.933252 -0.236969
v -67.3148 -61.9212 947.7
vn -0.0770241 0.97115 -0.225688
v -67.0029 -61.8964 947.7
vn -0.13856 0.967004 -0.213786
v -66.7289 -62.0505 946.5
vn 0.878599 0.433998 0.199274
v -66.7421 -62.1124 947.836
vn 0.834447 -0.314749 0.452362
v -67.2313 -62.6218 948.9
vn 0.876411 -0.207017 0.434796
v -67.329 -61.9876 949.399
vn -0.375934 0.899037 -0.224513
v -67.2666 -61.6942 948.394
vn 0.403979 -0.9051 -0.13265
v -80.7986 -136.9 814.5
vn -0.350696 -0.926297 -0.137793
v -80.512 -136.994 814.8
vn -0.162168 -0.930947 -0.327169
v -79.6258 -137.154 813.9
vn -0.774517 -0.628675 0.0699341
v -80.5296 -137.697 817.8
vn -0.973921 -0.20842 -0.0896562
v -80.4122 -137.416 816.9
vn -0.481336 -0.812082 -0.329905
v -80.3776 -137.805 816.6
vn -0.842417 -0.537695 0.0348826
v -80.3984 -137.903 817.8
vn 0.222516 -0.973938 0.0439543
v -79.4542 -137.79 817.8
vn 0.209965 -0.975616 -0.0639395
v -78.8 -137.598 818.1
vn 0.0405502 -0.98747 0.152508
v -79.4006 -137.537 820.2
vn -0.376594 -0.92623 -0.0166028
v -78.8039 -137.616 818.4
vn -0.360945 -0.91262 0.191948
v -80.2838 -137.364 820.8
vn 0.45991 -0.887933 -0.00764551
v -80.8078 -137.025 843
vn 0.311758 -0.950138 -0.006653
v -80.0531 -136.279 843.9
vn -0.220627 -0.949676 -0.222348
v -80.7615 -136.726 847.2
vn -0.0908893 -0.976557 -0.195129
v -80.4895 -136.889 847.5
vn 0.294146 -0.955752 -0.00407577
v -79.8968 -136.986 848.7
vn 0.192709 -0.890837 -0.411428
v -80.3902 -134.979 810.3
vn -0.248601 -0.849713 -0.464957
v -79.7862 -135.095 810.3
vn 0.145627 -0.85834 -0.491981
v -78.3585 -135.521 810.3
vn 0.399332 -0.862901 0.309735
v -78.5095 -136.231 824.1
vn 0.428365 -0.847845 0.312509
v -78.4584 -135.991 824.54
vn 0.154315 -0.959334 0.236356
v -79.3656 -135.93 826.2
vn 0.253543 -0.958498 0.130377
v -79.3051 -135.646 827.4
vn 0.285367 -0.952559 0.105812
v -78.6422 -135.413 826.8
vn 0.210789 -0.976615 0.0423311
v -78.6432 -135.417 827.4
vn 0.172113 -0.959595 0.22261
v -78.3371 -135.42 826.2
vn 0.227414 -0.973786 -0.00479305
v -79.5508 -135.358 830.1
vn 0.402441 -0.914163 -0.0484456
v -79.3763 -135.98 837
vn 0.32915 -0.94391 -0.026359
v -79.387 -136.031 839.4
vn 0.480801 -0.876827 0.00198665
v -79.7229 -136.168 840
vn 0.0676825 -0.98703 -0.145569
v -79.6102 -136.359 844.5
vn 0.364231 -0.931013 0.0234453
v -78.8315 -136.303 849.9
vn 0.425419 -0.891191 0.157474
v -80.006 -136.057 857.7
vn 0.39938 -0.893374 0.205863
v -78.8704 -134.983 858.9
vn 0.453226 -0.863794 0.220105
v -78.7345 -135.319 857.4
vn 0.625286 -0.725803 0.286753
v -79.1878 -134.609 862.5
vn -0.158019 -0.847974 -0.505935
v -79.7382 -131.911 805.2
vn -0.305284 -0.835175 -0.457476
v -79.1148 -131.864 804.377
vn 0.176635 -0.85754 -0.483141
v -77.687 -132.362 804.9
vn -0.0590312 -0.854809 -0.515574
v -79.5207 -133.774 807.9
vn -0.0682029 -0.853725 -0.516238
v -78.5794 -133.818 807.9
vn 0.304279 -0.937657 0.167967
v -79.5197 -133.769 865.8
vn 0.342693 -0.918648 0.196588
v -78.0193 -133.925 864.3
vn 0.596842 -0.706709 0.379924
v -79.4876 -132.705 869.7
vn 0.38722 -0.850831 0.355172
v -79.434 -131.923 871.2
vn 0.548308 -0.754569 0.360532
v -77.5852 -131.883 869.085
vn 0.502188 -0.802217 0.322885
v -78.7405 -130.104 874.195
vn 0.498582 -0.791813 0.352771
v -78.0788 -129.631 874.8
vn 0.196393 -0.849133 -0.490309
v -77.8111 -128.617 798.9
vn 0.16653 0.984705 0.0512162
v -76.9807 -124.71 829.8
vn 0.150606 0.988419 -0.0186095
v -77.2868 -124.707 832.8
vn 0.803262 -0.333417 0.493561
v -78.2047 -124.697 881.819
vn 0.81304 -0.266155 0.517811
v -77.8218 -124.778 881.1
vn 0.628203 -0.642138 -0.439341
v -77.1826 -123.687 792
vn 0.547809 -0.710746 -0.441299
v -76.3423 -123.149 792.3
vn -0.114336 -0.871837 -0.476263
v -75.9435 -124.159 794.1
vn 0.286409 -0.805 -0.519562
v -76.0882 -124.84 795.338
vn 0.268592 0.866299 0.421169
v -76.8434 -122.621 822.6
vn 0.250349 0.904818 0.344427
v -77.1806 -124.208 826.5
vn 0.0231206 0.976793 -0.212936
v -76.8784 -124.229 837.3
vn -0.146454 0.877305 -0.457042
v -77.8305 -122.936 840.341
vn 0.749005 -0.363153 0.554176
v -75.9346 -124.873 878.7
vn 0.591682 -0.681717 0.43032
v -75.767 -124.295 879
vn 0.723033 -0.476559 0.500115
v -77.7136 -124.494 881.1
vn 0.61608 -0.624181 0.480461
v -77.7865 -124.172 881.715
vn 0.160519 -0.873304 -0.459972
v -76.1251 -120.684 786.9
vn 0.467255 0.73798 0.486886
v -77.0512 -120.713 819.3
vn 0.159234 0.837078 0.523397
v -75.8794 -120.971 819
vn -0.219154 0.796388 -0.563682
v -75.6955 -121.55 842.063
vn 0.00960042 0.841764 -0.539761
v -75.2635 -121.642 841.8
vn -0.0588634 0.85591 -0.513763
v -76.2781 -121.404 842.4
vn -0.174349 0.833736 -0.523914
v -76.0329 -120.251 844.517
vn -0.19766 0.876162 -0.439625
v -75.9266 -121.194 842.831
vn -0.347658 0.830002 -0.436156
v -75.5956 -121.08 842.7
vn -0.0432824 0.920791 -0.387648
v -75.5708 -120.963 843.102
vn -0.345304 0.756105 -0.555941
v -75.5084 -120.669 843.621
vn 0.174633 0.886109 -0.429319
v -75.3158 -121.206 842.7
vn 0.675503 -0.603997 0.422947
v -77.022 -122.188 883.8
vn 0.837919 -0.339933 0.42701
v -76.8693 -121.3 883.785
vn 0.753649 -0.519754 0.40233
v -76.7129 -121.027 883.8
vn 0.434201 -0.769253 -0.468742
v -76.1377 -119.301 784.2
vn 0.644221 -0.62599 -0.43945
v -75.7211 -118.784 783.968
vn 0.38432 -0.790788 -0.476395
v -75.2172 -119.198 785.4
vn 0.248758 0.774453 0.581671
v -76.0257 -118.774 816
vn -0.737311 0.439883 -0.512714
v -75.3537 -120.089 843.9
vn -0.639181 0.576093 -0.509474
v -76.0856 -118.706 846.6
vn -0.10761 0.792923 -0.599745
v -74.754 -118.563 845.7
vn 0.752619 -0.538404 0.37906
v -76.5771 -119.215 886.2
vn 0.275021 -0.781333 -0.560253
v -76.0055 -115.793 779.4
vn 0.518342 -0.704568 -0.48467
v -76.1525 -116.485 780.3
vn 0.0637467 -0.850892 -0.521459
v -75.5043 -116.321 780.3
vn 0.348051 0.789557 0.505432
v -75.2674 -116.65 813
vn 0.458634 0.738515 0.494218
v -76.4928 -116.643 813.6
vn -0.510205 0.647034 -0.566602
v -76.2129 -116.769 848.7
vn -0.233494 0.71834 -0.655339
v -74.6352 -116.561 848.093
vn 0.915163 -0.172813 0.364159
v -74.7415 -115.618 885.663
vn 0.198012 -0.831626 -0.518834
v -75.1147 -113.392 775.5
vn 0.225888 -0.793699 -0.564815
v -74.4921 -114.445 777.317
vn 0.416134 -0.720944 -0.554141
v -74.2475 -113.294 776.1
vn 0.00870448 -0.85233 -0.522932
v -75.853 -115.075 778.233
vn 0.621734 0.721318 0.3052
v -75.3671 -112.79 803.4
vn 0.379921 0.857333 0.347333
v -74.5984 -113.502 803.85
vn 0.456643 0.83551 0.305613
v -73.6454 -113.347 802.5
vn 0.884275 0.458665 0.0876528
v -75.6923 -112.877 804.9
vn 0.676955 0.720392 0.150888
v -75.2374 -113.622 804.9
vn 0.468046 0.800346 0.374671
v -75.523 -113.523 807.9
vn 0.79477 0.603324 0.0658871
v -74.8019 -114.072 807.3
vn 0.682377 0.722672 0.110033
v -74.495 -114.444 807.3
vn 0.571608 0.786735 0.233051
v -73.9807 -114.925 807.9
vn 0.625268 0.72234 0.295406
v -74.5793 -114.855 809.1
vn 0.648444 -0.660861 0.377866
v -74.0249 -114.544 886.8
vn 0.902291 -0.296927 0.312577
v -73.7616 -113.68 887.4
vn 0.767305 -0.569171 0.295445
v -76.0523 -115.033 889.5
vn 0.790598 -0.533938 0.299775
v -75.6928 -113.883 891.3
vn 0.565871 0.701104 0.433869
v -73.8683 -111.51 779.397
vn 0.165278 0.704244 0.690452
v -73.2225 -111.358 778.8
vn 0.736427 0.655428 0.167597
v -74.7228 -111.202 780.9
vn 0.752518 0.637779 0.164182
v -73.7927 -112.597 780.9
vn 0.793058 0.606466 -0.0570716
v -73.7547 -112.419 786.3
vn 0.776295 0.630264 0.0115538
v -73.7147 -112.231 798.3
vn 0.520099 0.804493 0.28686
v -74.6711 -112.401 801
vn 0.566587 0.792256 0.226517
v -74.2246 -111.744 799.2
vn -0.394307 0.705727 -0.588619
v -74.8127 -111.625 853.5
vn 0.971861 -0.0339789 0.233092
v -74.1429 -111.145 888.9
vn 0.673 -0.684612 0.279959
v -75.585 -112.372 893.25
vn 0.769642 -0.592343 0.238288
v -75.0609 -111.563 894.3
vn 0.968144 -0.198924 0.152074
v -74.7986 -111.006 894.3
vn 0.89181 -0.413361 0.183865
v -75.1195 -110.938 897.3
vn 0.493792 -0.712909 -0.497925
v -73.8895 -109.665 770.7
vn 0.867726 -0.275028 -0.414019
v -72.3895 -108.757 773.4
vn 0.42418 0.765171 0.484341
v -74.8275 -110.386 778.8
vn 0.157668 0.75692 0.634202
v -73.9069 -110.249 778.2
vn 0.161954 0.703055 0.692449
v -73.2801 -110.186 777.9
vn 0.934647 -0.165918 0.314494
v -73.2203 -109.194 887.7
vn 0.987039 -0.10849 0.118253
v -74.6637 -109.808 892.2
vn 0.933387 -0.277792 0.227204
v -74.3657 -109.871 890.4
vn 0.96835 -0.206261 0.140555
v -74.3867 -108.64 893.1
vn 0.981132 -0.15654 0.113467
v -75.0076 -109.735 897.3
vn 0.971139 -0.179944 0.156555
v -74.6829 -108.883 897.3
vn 0.970097 0.12443 -0.208396
v -73.9194 -105.979 768.476
vn 0.863684 -0.280374 -0.418857
v -73.8754 -107.215 768.323
vn 0.962615 0.0723656 -0.261028
v -73.7466 -106.936 768.6
vn 0.95583 0.230702 -0.182117
v -73.1973 -107.666 770.7
vn 0.974824 0.158165 -0.157167
v -72.9496 -106.185 770.7
vn 0.893553 -0.186766 0.408266
v -73.0652 -108.307 887.1
vn 0.920918 -0.105651 0.375163
v -72.2408 -107.562 886.2
vn 0.936559 0.0734308 0.342731
v -72.2628 -106.944 886.2
vn 0.913173 -0.232211 0.334951
v -73.7506 -106.628 889.772
vn 0.891066 -0.279979 0.357229
v -73.431 -106.083 889.8
vn 0.911835 -0.188881 0.364529
v -73.3898 -107.625 888.6
vn 0.836293 -0.34359 0.42727
v -73.0881 -106.769 888.6
vn 0.280243 0.779731 0.559897
v -73.4734 -105.324 771.3
vn 0.934283 -0.0935166 0.344048
v -72.9596 -105.263 887.7
vn 0.726301 -0.35479 0.588736
v -72.5745 -105.344 887.1
vn 0.772802 -0.434354 0.462725
v -72.7019 -104.704 887.7
vn 0.861973 -0.213131 0.459976
v -72.5203 -104.436 887.7
vn 0.788041 -0.259318 0.558343
v -72.248 -104.8 887.1
vn 0.891088 4.42905e-005 0.45383
v -72.0224 -104.235 886.8
vn 0.923673 -0.238418 0.299975
v -73.2108 -104.596 889.2
vn 0.966114 0.204324 0.157722
v -72.8982 -105.582 888
vn 0.857657 -0.336731 0.388634
v -72.6579 -104.407 888
vn 0.973289 0.0608539 0.221372
v -73.5199 -104.223 890.7
vn 0.921451 0.0545713 0.384642
v -72.5487 -103.51 887.7
vn 0.781584 -0.124556 0.611238
v -71.827 -102.743 885.9
vn 0.946744 -0.0863889 0.310181
v -73.4675 -103.008 890.4
vn 0.953172 0.0303487 0.300902
v -71.3728 -99.4659 886.5
vn 0.977071 0.160451 0.139959
v -71.4416 -99.4512 887.1
vn 0.950324 0.00928499 0.311124
v -71.5196 -99.4347 887.7
vn 0.820073 -0.241724 0.518699
v -70.7162 -98.992 885.3
vn 0.931982 -0.167707 0.321379
v -71.6708 -97.869 887.7
vn 0.905709 -0.301529 0.297945
v -71.4268 -97.3075 887.7
vn 0.849999 -0.230242 0.473803
v -70.5809 -97.4873 885.792
vn 0.518225 -0.552561 0.652778
v -72.6534 -98.5803 889.699
vn 0.835935 -0.311037 0.452181
v -72.3604 -97.4157 890.1
vn 0.963488 -0.0437287 0.264157
v -72.0468 -97.7891 889.2
vn 0.903838 -0.0721715 0.421745
v -70.0953 -96.3637 884.4
vn 0.945283 -0.203535 0.254979
v -70.3767 -94.4637 886.8
vn 0.801174 -0.504048 0.322576
v -71.0323 -94.3243 889.5
vn 0.909213 -0.355843 0.216118
v -71.2891 -94.2697 890.4
vn 0.948512 -0.241845 0.204537
v -70.3088 -93.558 887.1
vn 0.850953 -0.346596 0.394652
v -69.6453 -93.0856 885.839
vn 0.95373 -0.278629 0.112987
v -70.4106 -94.1497 888
vn 0.929774 -0.35458 0.0989613
v -71.3652 -93.0267 894
vn 0.957639 -0.28077 0.064003
v -71.2817 -92.4311 893.7
vn 0.708918 -0.633394 0.310237
v -70.9883 -91.88 893.7
vn 0.75999 -0.554412 0.33918
v -69.0523 -90.758 886.8
vn 0.926544 -0.347466 0.144166
v -69.3695 -89.7705 889.8
vn 0.93903 -0.333772 0.0825811
v -69.8593 -90.5865 890.4
vn 0.962955 -0.265994 0.0443305
v -69.4658 -89.75 891.3
vn 0.676933 -0.666175 0.313007
v -70.3824 -90.782 895.158
vn 0.756491 -0.582564 0.297222
v -70.051 -91.4659 893.4
vn 0.761465 -0.616475 0.200324
v -70.7029 -90.4072 896.7
vn 0.915195 -0.402133 -0.0265831
v -70.7809 -90.3906 897.3
vn 0.794323 -0.575994 0.193084
v -69.9564 -89.6458 896.7
vn 0.86034 -0.459595 0.220427
v -69.84 -89.9772 895.2
vn 0.910711 -0.411044 0.0406104
v -70.6919 -90.7162 897.9
vn 0.89068 -0.452915 -0.0394509
v -70.4039 -89.8573 898.2
vn -0.0946803 0.887734 -0.450516
v -69.8835 -88.4344 880.82
vn 0.496731 -0.822088 0.27826
v -68.4316 -88.8185 890.1
vn 0.997011 -0.0769521 0.00691964
v -69.4713 -88.8288 892.8
vn 0.726288 -0.642969 0.243099
v -69.385 -87.927 893.7
vn 0.959499 -0.273835 0.0661441
v -69.463 -89.4439 894.3
vn 0.471162 -0.850729 0.232952
v -69.1094 -87.6789 893.898
vn 0.134191 -0.924545 0.356663
v -68.8477 -87.8903 893.4
vn -0.0492826 -0.955846 0.289707
v -68.816 -87.7412 893.882
vn 0.304425 -0.922351 0.237896
v -68.7531 -87.4455 894.9
vn 0.983004 -0.182461 -0.0202829
v -69.263 -87.6462 895.2
vn 0.510926 -0.842614 0.170164
v -68.7122 -87.2529 895.5
vn 0.828918 -0.552726 0.0859577
v -69.7904 -89.0676 898.2
vn 0.813032 -0.566831 0.132976
v -70.0793 -89.0062 901.2
vn 0.844507 -0.516381 0.141985
v -70.3213 -88.3414 904.8
vn 0.764287 -0.626091 0.154515
v -69.9274 -87.1983 905.365
vn 0.826549 -0.561662 -0.0367795
v -70.2832 -87.4294 916.95
vn 0.0160913 0.892595 -0.450571
v -69.5038 -86.6486 884.4
vn 0.148892 0.891183 -0.428513
v -69.2885 -85.6353 886.2
vn 0.476509 0.782867 -0.400074
v -67.8807 -86.2268 885.9
vn 0.506739 0.815831 -0.278632
v -67.7727 -85.8161 886.8
vn 0.272119 0.887419 -0.372074
v -69.7097 -84.7311 888.3
vn 0.404974 0.876501 -0.260275
v -68.0075 -85.3804 888.3
vn 0.842258 -0.514523 0.160833
v -67.8242 -87.032 894.3
vn 0.71071 -0.692674 0.122857
v -67.7664 -86.7375 895.2
vn 0.716633 -0.678589 0.161104
v -67.6315 -85.5394 903.9
vn 0.75251 -0.645191 0.13213
v -68.9878 -86.1712 906.3
vn 0.81343 -0.556366 0.169673
v -68.5531 -85.3435 906.6
vn 0.572852 -0.811898 0.112532
v -69.4916 -86.591 907.2
vn 0.672343 -0.73015 0.121806
v -69.4224 -86.2654 909
vn 0.756063 -0.63705 0.150118
v -69.13 -86.141 908.7
vn 0.870244 -0.455293 0.188104
v -69.0236 -85.5502 909.6
vn 0.925884 -0.377764 -0.00569075
v -69.0327 -85.5483 910.8
vn 0.602076 -0.797358 0.0415408
v -69.3068 -85.7214 913.2
vn 0.865726 -0.500217 -0.0173431
v -68.7475 -84.9955 913.5
vn 0.56097 -0.827815 -0.00593272
v -69.9582 -85.9003 917.4
vn 0.493264 -0.869587 0.0225533
v -69.2721 -85.5582 918.9
vn 0.733216 -0.621394 0.276159
v -69.8911 -85.9792 920.1
vn 0.635479 -0.77167 -0.0263109
v -69.5939 -85.7357 919.2
vn 0.564657 -0.814102 0.135646
v -69.4562 -84.9814 922.5
vn 0.378716 0.818343 -0.432306
v -68.1923 -84.8068 889.779
vn 0.278362 0.872216 -0.402187
v -67.8438 -84.8809 889.8
vn 0.42132 0.773868 -0.472882
v -67.5246 -83.1085 892.991
vn 0.711206 0.617924 -0.335194
v -67.1468 -82.7743 894
vn 0.773203 -0.550504 0.314804
v -67.4572 -84.0429 906.9
vn 0.929749 -0.31421 0.191933
v -68.1202 -84.2087 908.7
vn 0.952007 -0.221429 0.211312
v -68.0258 -83.9221 908.4
vn 0.931794 -0.24814 0.264929
v -68.0515 -84.2233 908.4
vn 0.78179 -0.614255 0.107211
v -68.0007 -83.9055 908.7
vn 0.843599 -0.459176 0.278386
v -67.6801 -84.3023 907.2
vn 0.669013 -0.72941 0.142767
v -67.6493 -83.6954 908.359
vn 0.903304 -0.428168 0.0267051
v -68.8089 -84.6757 910.5
vn 0.702551 -0.704609 0.0997413
v -68.3642 -84.7703 920.1
vn 0.620188 -0.720441 0.310373
v -69.217 -84.589 923.4
vn 0.734003 -0.655713 0.176862
v -67.4003 -82.8282 923.4
vn 0.817926 0.531207 -0.220944
v -66.9801 -81.9901 896.4
vn 0.952912 0.25631 -0.162063
v -66.7455 -82.0473 899.4
vn 0.7027 -0.707628 0.0739874
v -66.9867 -82.3027 921.3
vn 0.711364 -0.702667 0.0148663
v -66.6905 -82.059 920.4
vn 0.713907 -0.607253 0.348684
v -67.1544 -81.0403 926.7
vn 0.640758 -0.656533 0.397987
v -68.5639 -80.434 930.6
vn 0.579244 0.77577 -0.250313
v -68.6318 -79.66 897.9
vn 0.37481 0.825186 -0.422593
v -68.3496 -78.3326 902.311
vn 0.482274 0.821568 -0.304035
v -67.9835 -79.4959 900
vn 0.769627 0.59021 -0.243572
v -67.7036 -78.1632 903.9
vn 0.71922 0.631264 -0.29022
v -66.8361 -78.4267 906.6
vn 0.853915 0.459348 -0.244597
v -65.9621 -78.2267 908.4
vn 0.719566 -0.59954 0.350396
v -66.9872 -79.1374 928.8
vn 0.626905 0.7037 -0.334359
v -67.6196 -76.3409 908.318
vn 0.838555 0.483754 -0.250616
v -67.2514 -77.0325 908.1
vn 0.744128 0.571575 -0.345796
v -66.9079 -75.8787 911.974
vn 0.667176 0.663508 -0.338575
v -66.1246 -76.5221 911.7
vn 0.819184 0.505095 -0.271692
v -65.6883 -76.4447 913.5
vn 0.7464 -0.534888 0.395957
v -65.8665 -76.7508 931.2
vn 0.878072 -0.370158 0.30327
v -65.576 -76.1619 931.2
vn 0.855571 0.435095 -0.280519
v -67.4173 -74.5437 912
vn 0.798467 0.440094 -0.410814
v -67.0826 -74.6148 913.2
vn 0.879497 0.335365 -0.33766
v -66.4883 -74.4344 914.1
vn 0.643269 0.644082 -0.413961
v -66.4897 -75.3542 913.139
vn 0.837521 0.478994 -0.262912
v -66.2918 -75.3963 913.5
vn 0.95161 0.245166 -0.185288
v -66.3452 -73.8514 915.3
vn 0.965621 0.216096 -0.144491
v -66.2911 -74.4763 915.6
vn 0.863521 0.463098 -0.199681
v -66.149 -75.4266 914.4
vn 0.869523 -0.420634 0.258837
v -65.121 -74.1116 932.7
vn 0.97521 -0.101418 0.196671
v -64.8862 -73.5481 932.1
vn 0.612029 -0.624983 0.484579
v -66.1536 -74.5056 933.9
vn 0.864899 0.475769 -0.159979
v -66.8825 -72.8171 915.3
vn 0.905511 0.402016 -0.135769
v -67.0357 -72.4779 915
vn 0.838677 0.494626 -0.22796
v -65.8838 -72.7227 920.4
vn 0.492622 0.795911 -0.351922
v -65.3887 -73.0603 920.7
vn 0.844229 0.472361 -0.253283
v -66.3901 -70.5568 921.6
vn 0.657684 0.714633 -0.238224
v -65.3567 -71.4666 925.2
vn 0.990716 -0.0965834 0.095671
v -64.8018 -72.3393 931.8
vn 0.988517 -0.140661 0.0552072
v -64.5762 -71.7738 933
vn 0.978473 0.106113 0.177002
v -64.9672 -71.0773 935.269
vn 0.987384 -0.150108 0.0504092
v -64.7358 -72.66 933.6
vn 0.925123 -0.348298 0.151115
v -64.8366 -72.6386 934.8
vn 0.677933 -0.603793 0.419334
v -64.9856 -72.6069 935.471
vn 0.958535 -0.11517 0.260666
v -64.8339 -72.3325 935.4
vn 0.513418 -0.645351 0.565619
v -66.9192 -72.8093 936.3
vn 0.325888 -0.753712 0.570714
v -66.1862 -72.4835 936.3
vn 0.951089 0.16128 0.263475
v -65.1786 -71.3391 936.3
vn 0.189608 -0.842664 0.50395
v -66.8526 -71.29 938.492
vn 0.204741 -0.79887 0.565586
v -66.7606 -70.8571 939.3
vn 0.554224 -0.552712 0.622371
v -66.6873 -70.5123 939.6
vn 0.583802 -0.609011 0.536918
v -66.1066 -70.8351 938.7
vn 0.871245 0.482196 -0.0917595
v -65.9663 -70.5582 924.9
vn 0.739112 0.635358 -0.223681
v -66.006 -70.1928 927.3
vn 0.679608 0.689024 -0.251752
v -64.5719 -70.6605 928.5
vn 0.804614 0.471255 -0.361268
v -66.0625 -69.0043 929.4
vn 0.825927 0.508571 -0.243309
v -65.7234 -68.8631 930.3
vn 0.937336 0.303871 -0.170482
v -64.985 -69.2333 931.8
vn 0.992829 0.115196 -0.0319567
v -64.9208 -69.247 933.3
vn 0.906864 0.415455 -0.0706777
v -64.8943 -69.866 931.2
vn 0.807173 0.58924 -0.0356062
v -64.7604 -70.2012 932.1
vn 0.492822 0.850928 -0.18179
v -64.5242 -70.4359 932.4
vn 0.813803 0.553895 -0.175856
v -64.8933 -69.2528 935.1
vn 0.440624 0.851554 -0.284089
v -64.3527 -69.6289 935.1
vn 0.95435 0.169642 0.245839
v -65.8461 -69.9704 937.5
vn 0.79836 -0.382732 0.464905
v -65.7701 -69.0831 938.1
vn 0.710611 -0.462212 0.530464
v -65.367 -70.0722 936.666
vn 0.60536 0.757173 -0.245417
v -64.7849 -68.6625 936.9
vn 0.367044 -0.681543 0.63307
v -64.836 -69.265 937.5
vn 0.965741 0.132175 0.223323
v -64.5652 -68.7091 937.5
vn 0.32641 -0.763819 0.55681
v -64.7617 -68.6674 938.241
vn 0.350736 0.876195 -0.330556
v -64.534 -69.0392 936.3
vn 0.351391 -0.665113 0.6589
v -64.371 -69.3638 937.2
vn 0.460909 0.864019 -0.202567
v -64.5155 -68.9521 936.6
vn 0.918463 0.280282 0.279048
v -64.4958 -68.8594 937.2
vn 0.498429 -0.573559 0.650076
v -64.5306 -69.0232 937.479
vn 0.57494 0.788136 -0.219742
v -64.2409 -69.1033 936.3
vn 0.878387 0.197374 0.435293
v -64.2367 -69.0833 936.9
vn 0.914043 -0.0697565 0.399574
v -66.3918 -69.8544 939.6
vn 0.585425 -0.613495 0.530001
v -66.2167 -68.2982 939.6
vn 0.232024 -0.831731 0.50437
v -65.3163 -68.5495 938.7
vn 0.912825 0.341486 -0.223914
v -65.6717 -66.9404 931.8
vn 0.629761 0.758557 -0.167313
v -65.6036 -66.3415 933.3
vn 0.974563 0.0697549 -0.21298
v -65.6635 -67.5556 931.5
vn 0.994978 0.0718151 -0.0697304
v -65.6085 -67.5673 933.3
vn 0.994154 0.0711386 -0.0812281
v -65.4425 -66.9892 933.3
vn 0.996868 0.0756204 -0.023166
v -65.4638 -66.0645 935.4
vn 0.822227 0.529862 -0.207819
v -65.4855 -67.7439 933.6
vn 0.998571 0.0494727 -0.0201863
v -64.8667 -68.3384 934.5
vn 0.907086 0.394499 -0.146851
v -64.925 -67.9929 934.5
vn 0.916922 0.382932 -0.112327
v -65.5534 -66.0455 937.2
vn 0.906776 0.406125 -0.113224
v -65.3847 -66.6947 937.2
vn 0.877342 0.461286 -0.132236
v -65.0445 -67.9939 937.8
vn 0.991647 -0.0135732 0.128262
v -65.3251 -66.7074 940.5
vn 0.991593 0.0598253 0.114739
v -65.1536 -67.0506 939.9
vn 0.950125 0.0983795 0.295947
v -64.9464 -68.0147 938.4
vn 0.59019 -0.443771 0.674347
v -64.9928 -68.3116 938.573
vn 0.292159 -0.812213 0.504928
v -65.6998 -66.9345 941.7
vn 0.903128 -0.316828 0.289792
v -65.1498 -64.5978 942.6
vn 0.101102 -0.935093 -0.339676
v -78.299 -136.684 813
vn 0.129037 -0.971187 -0.200364
v -78.121 -137.289 815.133
vn 0.346292 -0.914993 -0.207049
v -77.7404 -136.941 815.1
vn -0.0348567 -0.990242 -0.134932
v -76.2614 -137.198 815.7
vn -0.466903 -0.878681 -0.0996031
v -78.5241 -137.743 818.1
vn -0.48892 -0.758606 -0.430666
v -78.1936 -137.631 817.5
vn -0.492781 -0.823881 -0.279976
v -78.2458 -137.876 817.95
vn -0.341673 -0.861092 -0.376537
v -78.121 -137.289 816.75
vn -0.487582 -0.760598 -0.428666
v -77.9255 -137.813 817.5
vn -0.42347 -0.778135 -0.463874
v -77.8632 -137.519 816.9
vn 0.0385985 -0.997154 -0.0647645
v -77.5497 -137.487 816.6
vn 0.460457 -0.87912 -0.122994
v -77.5581 -137.527 817.2
vn 0.106781 -0.933389 -0.342611
v -77.4937 -137.224 816
vn 0.515658 -0.826941 -0.224199
v -77.1993 -137.179 816.3
vn -0.138951 -0.98848 0.059991
v -76.2809 -137.29 817.8
vn -0.164478 -0.96905 0.184092
v -78.5144 -137.697 819.3
vn -0.35441 -0.934823 -0.0223298
v -78.256 -137.924 818.4
vn 0.226609 -0.970725 0.0796289
v -77.9707 -137.935 818.7
vn 0.351778 -0.933975 0.0628012
v -77.2183 -137.371 819.3
vn 0.293515 -0.830185 -0.473964
v -77.8633 -134.634 809.4
vn 0.404019 -0.836557 -0.370054
v -77.666 -135.149 810.6
vn 0.660472 -0.70301 -0.263728
v -77.9223 -136.355 813
vn 0.071778 -0.910873 -0.406396
v -77.1526 -135.619 811.8
vn -0.354137 -0.874259 -0.33205
v -76.9615 -136.163 812.7
vn -0.610291 -0.710182 -0.350978
v -76.8933 -135.842 811.8
vn 0.148692 -0.899991 -0.409764
v -76.3814 -136.32 813
vn 0.186598 -0.92022 -0.344059
v -77.3193 -136.403 813.9
vn -0.0557817 -0.949141 -0.309871
v -76.4964 -136.861 814.2
vn -0.0611291 -0.973315 0.221182
v -76.2225 -137.015 819.9
vn 0.166294 -0.943287 0.287327
v -77.8876 -136.191 823.5
vn 0.103463 -0.994223 0.0285504
v -78.0173 -135.359 827.4
vn 0.132919 -0.982719 0.128828
v -77.391 -135.298 827.09
vn 0.198013 -0.978207 -0.062473
v -77.2589 -134.676 832.5
vn 0.206784 -0.975517 -0.0748756
v -76.6642 -134.764 833.7
vn 0.434053 -0.900884 0.00236265
v -76.6336 -134.845 835.8
vn 0.342817 -0.937932 -0.0525379
v -77.3963 -135.323 838.2
vn 0.587514 -0.809189 -0.00637726
v -76.6671 -134.778 839.4
vn 0.405393 -0.911689 -0.0669378
v -77.7976 -135.768 843.6
vn 0.339972 -0.936285 -0.0882567
v -76.4965 -135.418 843.9
vn 0.438811 -0.893879 0.0917838
v -75.8852 -135.428 851.1
vn 0.311431 -0.933792 0.176192
v -77.9998 -135.276 856.2
vn 0.44323 -0.868709 0.221113
v -76.7451 -135.145 855
vn 0.427439 -0.762282 -0.486027
v -75.8869 -132.55 806.726
vn 0.129412 -0.880703 -0.455647
v -76.907 -134.464 809.4
vn 0.34868 -0.817719 -0.457992
v -75.9053 -134.08 809.053
vn 0.282564 -0.827099 -0.485865
v -75.5495 -133.849 809.069
vn 0.131997 -0.97551 0.175944
v -75.6894 -134.507 828.3
vn 0.185118 -0.982716 -0.0008852
v -76.2727 -134.615 832.5
vn 0.416352 -0.908824 -0.0262616
v -75.5792 -133.989 838.2
vn 0.505531 -0.843179 0.182997
v -75.8508 -134.398 855
vn 0.486809 -0.820295 0.300222
v -76.8788 -132.888 865.8
vn 0.606197 -0.728771 0.318463
v -75.935 -132.54 864.9
vn 0.21709 -0.822281 -0.526048
v -75.7813 -130.61 803.7
vn 0.664957 -0.645976 0.374897
v -76.4036 -131.52 867.3
vn 0.443978 -0.738012 -0.508156
v -76.3458 -127.494 798.6
vn 0.121251 -0.817954 -0.56236
v -75.5105 -126.451 797.7
vn -0.0550553 -0.865927 -0.497131
v -74.3047 -125.106 795.3
vn 0.413254 0.910415 0.0191226
v -74.8594 -124.83 830.1
vn 0.0931862 0.992476 0.0794172
v -74.5542 -124.838 828
vn 0.0523796 0.997369 -0.0501086
v -75.4746 -124.664 831.3
vn 0.0503667 0.994603 -0.0907091
v -75.1343 -124.681 831.3
vn 0.57591 0.817386 -0.01444
v -74.872 -124.89 831.3
vn 0.480975 0.876238 -0.0295072
v -74.601 -125.058 831.3
vn -0.215309 0.971091 -0.103073
v -74.2776 -124.979 831.3
vn 0.303789 0.949681 -0.0762737
v -75.108 -124.557 833.1
vn 0.00326504 0.992532 -0.121939
v -74.5094 -124.627 834.3
vn -0.201328 0.950759 -0.235637
v -74.1214 -124.244 836.4
vn 0.697602 -0.596573 0.396803
v -73.6319 -124.749 874.8
vn 0.514385 -0.806522 0.291428
v -73.2601 -124.214 875.1
vn 0.55183 -0.762044 0.33878
v -74.1312 -124.029 877.5
vn 0.138441 -0.873926 -0.465927
v -74.5224 -120.359 787.8
vn 0.185395 -0.851278 -0.49087
v -74.9395 -122.321 790.5
vn 0.403584 0.819927 0.406004
v -72.8397 -121.1 817.2
vn 0.154467 0.861569 0.48357
v -75.0463 -121.381 819.652
vn 0.407982 0.793077 0.452304
v -73.9574 -122.03 819.9
vn -0.154332 0.833752 -0.530132
v -74.027 -122.357 840.6
vn -0.245181 0.733511 -0.633915
v -74.6281 -120.856 842.709
vn 0.757732 -0.490633 0.430257
v -73.6767 -121.059 878.7
vn 0.0962893 -0.883688 -0.458065
v -72.4308 -119.177 785.105
vn 0.303136 0.788342 0.535374
v -74.4849 -118.74 815.696
vn 0.0129012 0.820938 -0.570872
v -74.0087 -119.385 844.5
vn -0.202981 0.767976 -0.607463
v -72.6179 -120.057 843.612
vn 0.0416964 0.808474 -0.587053
v -74.1569 -118.64 845.7
vn -0.184085 0.734306 -0.653381
v -73.8357 -118.571 845.765
vn 0.346368 -0.768366 -0.538185
v -72.8122 -116.642 780.869
vn 0.256363 -0.800135 -0.542274
v -71.9942 -117.122 782.526
vn 0.651691 0.673446 0.348955
v -73.6066 -116.166 810
vn 0.654158 0.681101 0.328904
v -72.521 -118.158 811.2
vn 0.907921 -0.296648 0.296105
v -71.6407 -116.891 878.7
vn 0.775818 -0.446654 0.445652
v -73.8796 -117.335 883.172
vn 0.762015 -0.476506 0.438492
v -73.2743 -115.93 883.825
vn 0.844719 0.525224 -0.102901
v -72.6805 -114.523 786.6
vn 0.593513 0.79233 0.141263
v -72.4189 -114.792 785.7
vn 0.31955 0.888084 0.330446
v -71.8603 -115.05 785.7
vn 0.881755 0.420524 -0.213701
v -72.4393 -114.268 788.1
vn 0.868402 0.471717 -0.152845
v -71.9533 -114.371 789.9
vn 0.547721 0.789519 0.276877
v -72.0115 -114.318 801.3
vn 0.536446 0.807374 0.245708
v -71.4421 -114.525 801.3
vn 0.829889 0.557802 -0.0118402
v -71.4175 -114.409 799.5
vn 0.718951 0.660753 0.215674
v -72.0875 -114.675 802.5
vn 0.57258 0.766609 0.290625
v -72.7387 -114.853 805.5
vn 0.596751 0.726713 0.340259
v -73.4766 -115.439 807.6
vn 0.907565 -0.21071 0.363217
v -72.7941 -113.885 884.7
vn 0.5806 -0.632531 -0.512648
v -72.7808 -112.165 775.5
vn 0.945952 0.324251 -0.00595406
v -70.7592 -111.864 778.8
vn 0.347076 0.831487 0.433782
v -73.2614 -112.983 780.9
vn -0.0450236 0.855237 0.516277
v -72.3225 -112.895 780.6
vn 0.127969 0.870459 0.475316
v -71.5392 -113.539 782.145
vn 0.058383 0.800602 0.596345
v -71.0318 -112.595 780.6
vn 0.629843 0.772632 0.0796046
v -73.1707 -112.557 796.2
vn 0.876051 -0.221842 0.428159
v -71.6927 -113.506 882.6
vn 0.916149 -0.13142 0.378682
v -71.5817 -112.916 882.6
vn 0.797111 -0.310462 0.517907
v -71.1025 -111.485 882.868
vn 0.929927 0.00319515 0.36773
v -72.9894 -112.617 885.3
vn 0.876465 -0.188256 0.443135
v -73.0503 -111.991 885.383
vn 0.831888 -0.245594 0.497641
v -72.1621 -111.566 884.4
vn 0.965546 0.092027 -0.243419
v -72.207 -109.41 773.1
vn 0.775805 -0.445955 -0.446375
v -72.252 -110.32 773.7
vn 0.934605 -0.104396 -0.340022
v -71.9906 -108.842 774.3
vn 0.371273 0.774559 0.512069
v -72.1268 -109.089 776.1
vn 0.952378 0.286631 -0.10401
v -71.6468 -110.449 775.5
vn 0.958636 -0.077423 -0.273905
v -71.699 -110.131 775.8
vn 0.973376 -0.0302457 -0.22721
v -71.4927 -110.175 776.4
vn 0.895703 -0.300601 -0.327652
v -71.5679 -109.852 775.8
vn 0.988907 -0.0842803 -0.122308
v -71.4991 -109.867 776.1
vn 0.932205 -0.147529 -0.330498
v -71.5055 -109.559 775.8
vn 0.484464 0.74932 0.451458
v -71.6087 -109.537 776.288
vn 0.993421 0.110192 -0.0311824
v -71.3487 -110.512 777
vn 0.960465 0.266937 0.0790702
v -71.3625 -110.509 777.3
vn 0.482631 0.746734 0.457663
v -71.421 -110.097 777
vn 0.977317 0.0700654 -0.199857
v -71.3336 -111.129 776.51
vn 0.223148 0.769143 0.598853
v -71.5964 -110.922 778.5
vn 0.671271 0.647089 0.361484
v -71.4892 -110.418 777.6
vn 0.847908 -0.240256 0.472577
v -70.4922 -111.308 881.7
vn 0.879673 -0.186838 0.43734
v -72.4463 -109.972 885.6
vn 0.868681 0.492742 0.0509795
v -71.8451 -108.566 774.9
vn 0.788583 -0.133055 0.600361
v -69.9358 -107.439 882.97
vn 0.824752 -0.160491 0.542242
v -71.8364 -107.035 885.3
vn 0.842459 -0.172253 0.510482
v -71.5292 -108.634 884.7
vn 0.757817 -0.252946 0.601442
v -70.8083 -106.64 884.4
vn 0.621336 -0.242489 0.745077
v -69.614 -105.974 882.9
vn 0.855045 -0.239568 0.459897
v -71.4286 -104.361 885.434
vn 0.810912 -0.169263 0.560153
v -71.0302 -104.753 884.4
vn 0.75653 -0.308894 0.576408
v -70.9008 -104.167 884.7
vn 0.88065 0.0316296 0.47271
v -70.757 -106.038 884.4
vn 0.778158 -0.0426153 0.626622
v -70.0857 -106.487 883.2
vn 0.883861 0.227707 0.408581
v -69.6206 -102.292 882.9
vn 0.664804 -0.102415 0.739964
v -68.8131 -102.157 881.866
vn 0.769024 -0.136986 0.624369
v -70.9962 -103.533 885
vn 0.904616 0.0566898 0.422442
v -70.6999 -101.756 885.3
vn 0.665367 -0.33316 0.66805
v -70.8233 -102.956 885.007
vn 0.669811 -0.261901 0.69481
v -70.5158 -103.942 884.4
vn 0.734964 -0.141944 0.663084
v -69.5687 -101.383 882.489
vn 0.589288 -0.402768 0.700369
v -69.3923 -100.553 882.9
vn 0.483625 -0.368407 0.793967
v -68.884 -101.047 882.3
vn 0.563252 -0.345118 0.75076
v -68.6548 -100.657 882.3
vn 0.532345 -0.298001 0.792341
v -68.6736 -101.5 882
vn -0.0440399 0.902151 -0.429166
v -67.3111 -90.7615 875.7
vn 0.272568 0.896571 -0.349094
v -66.6355 -90.469 876.6
vn 0.93272 -0.259007 0.250896
v -66.4901 -90.3825 882.3
vn 0.723111 -0.56825 0.392686
v -68.1913 -91.5545 884.7
vn 0.334749 0.883015 -0.32898
v -66.7321 -89.4805 879
vn 0.246045 0.918086 -0.310774
v -67.3054 -87.8491 882.3
vn 0.943612 0.327038 0.0514126
v -66.6551 -88.814 882.9
vn 0.674207 0.722096 -0.154993
v -66.779 -88.2586 881.7
vn 0.920381 0.37973 0.093293
v -66.689 -88.5 882.3
vn 0.992628 0.118317 0.0262675
v -66.4497 -89.471 882.9
vn 0.971171 0.230346 0.0613792
v -66.5203 -89.1493 882.3
vn 0.991232 0.0741669 0.109354
v -66.4066 -89.7869 882.3
vn 0.27611 0.903192 -0.328645
v -67.8367 -87.463 883.2
vn 0.663395 0.735123 -0.139648
v -67.5345 -87.4841 883.8
vn 0.73459 -0.605956 0.305279
v -67.6253 -88.9144 888.3
vn 0.394628 0.844883 -0.361167
v -67.7753 -87.1741 884.1
vn 0.55517 0.789641 -0.261253
v -67.5181 -85.9637 887.4
vn 0.845175 0.496727 -0.197339
v -66.8361 -86.9353 886.5
vn 0.988264 -0.126199 0.086068
v -66.7467 -87.261 887.7
vn 0.584155 0.728243 -0.358365
v -67.3231 -85.0466 889.8
vn 0.983075 0.159264 -0.0905442
v -66.7769 -86.0277 889.8
vn 0.8802 -0.44577 0.162902
v -66.9932 -86.3805 892.5
vn 0.800511 -0.588054 0.115651
v -67.5711 -86.4724 894.3
vn 0.685335 -0.723645 0.0815709
v -67.3345 -86.2159 894.9
vn 0.764509 -0.613223 0.198706
v -66.232 -83.6899 904.2
vn 0.837977 -0.54346 0.0494474
v -66.8143 -82.653 909.9
vn 0.986865 0.11213 -0.116295
v -65.888 -80.6961 906.3
vn 0.963695 -0.26091 0.0567288
v -65.7047 -82.2685 906.3
vn 0.833456 -0.527652 0.16412
v -66.0389 -81.8908 908.539
vn 0.809211 -0.566482 0.155809
v -65.9765 -81.5973 909.177
vn 0.972911 -0.227878 0.0389255
v -65.756 -81.3375 907.8
vn 0.782062 -0.603673 0.154783
v -66.2162 -81.2821 910.8
vn 0.917259 -0.397566 -0.0240137
v -66.419 -81.5033 912.3
vn 0.642852 -0.765908 0.0112145
v -66.2017 -81.8562 915.6
vn 0.62726 -0.778621 0.0171349
v -65.9009 -81.6134 920.4
vn 0.947868 -0.318484 0.0106631
v -65.2369 -80.8344 920.4
vn 0.696097 -0.705396 0.133661
v -65.8064 -81.3268 922.2
vn 0.782132 -0.575172 0.239681
v -65.8467 -80.7048 924.6
vn 0.834712 -0.539686 0.10952
v -65.578 -80.4552 911.7
vn 0.881153 -0.472777 0.00715107
v -65.4441 -79.8703 913.8
vn 0.980337 -0.193473 -0.0388307
v -65.1789 -79.2877 913.2
vn 0.925576 -0.378563 0.000359792
v -65.656 -80.4387 915
vn 0.990187 -0.114835 -0.0796451
v -65.5597 -80.4591 918.3
vn 0.920739 -0.390162 -0.00361327
v -64.9406 -79.0572 916.8
vn 0.847353 -0.522397 0.0953673
v -65.2799 -78.9851 919.8
vn 0.998564 0.0320338 -0.0429503
v -65.2497 -80.2183 920.7
vn 0.958178 -0.283056 0.0421153
v -65.2285 -78.3826 922.2
vn 0.9223 -0.353256 0.156758
v -65.511 -78.6293 926.7
vn 0.977529 0.176346 -0.115496
v -65.6265 -77.6846 911.4
vn 0.977975 0.116972 -0.172866
v -65.4632 -77.4126 913.8
vn 0.950491 0.178302 -0.254509
v -65.1473 -76.253 914.881
vn 0.982844 0.129929 -0.130909
v -64.9846 -77.8211 915.9
vn 0.990269 -0.0433851 -0.132233
v -65.0409 -77.1957 916.425
vn 0.9709 0.204919 -0.123938
v -64.825 -76.9349 918.6
vn 0.988812 -0.126833 -0.0785094
v -64.6223 -76.3646 918.3
vn 0.759736 -0.639252 0.118989
v -64.6985 -78.1886 921
vn 0.996602 -0.0310946 -0.0762774
v -64.4894 -77.9263 919.5
vn 0.711076 -0.688301 0.143572
v -64.858 -77.5413 924
vn 0.735937 -0.657791 0.160335
v -64.0629 -76.4835 925.8
vn 0.918411 -0.381782 0.103744
v -65.278 -77.7587 926.4
vn 0.978777 -0.172029 0.111358
v -65.3 -77.1406 928.5
vn 0.719188 -0.65948 0.218756
v -64.4416 -76.7097 926.4
vn 0.691856 -0.649224 0.315981
v -65.588 -77.9995 928.8
vn 0.918235 -0.343999 0.196237
v -65.3972 -77.7334 928.8
vn 0.804783 -0.53232 0.262602
v -65.1472 -76.253 928.926
vn 0.657449 0.661678 -0.360477
v -64.9734 -73.9921 919.2
vn 0.955376 0.246193 -0.163236
v -64.7065 -74.5064 919.2
vn 0.997944 -0.0385057 -0.0512269
v -64.5159 -75.7738 920.4
vn 0.999846 -0.0175181 0.000578373
v -64.2939 -74.5942 926.7
vn 0.921919 -0.341618 0.182652
v -64.2471 -73.9907 927.3
vn 0.919553 -0.369281 0.134362
v -64.015 -73.7333 926.7
vn 0.988646 0.143501 -0.0445641
v -64.1463 -75.5456 926.7
vn 0.999391 -0.0340226 0.00779395
v -64.1646 -75.5417 927.9
vn 0.990317 0.114932 -0.0778606
v -64.1866 -74.9237 927.6
vn 0.62182 -0.698435 0.3543
v -64.2508 -74.91 930
vn 0.984558 0.0479947 0.168352
v -64.1444 -74.3192 930
vn 0.672596 -0.675879 0.301333
v -64.2609 -75.5213 928.8
vn 0.993559 -0.1037 0.0456917
v -64.0995 -74.9422 928.8
vn 0.867326 -0.367879 0.335278
v -64.9523 -74.7609 931.5
vn 0.502055 0.808232 -0.307736
v -64.817 -73.2562 920.811
vn 0.64171 0.716113 -0.274574
v -64.4871 -71.7041 926.4
vn 0.877607 -0.426119 0.219612
v -64.1086 -73.4067 927.9
vn 0.971031 -0.23493 0.0436627
v -63.838 -73.4642 926.4
vn 0.723401 -0.650439 0.23156
v -64.3891 -72.427 930.3
vn 0.996786 -0.0294804 0.0744954
v -64.3974 -73.3453 929.4
vn 0.981732 0.0725502 0.175895
v -64.4479 -73.3346 930.3
vn 0.998136 0.0584339 -0.0175884
v -63.616 -71.3645 930
vn 0.936386 -0.337518 0.0962438
v -63.6674 -71.3536 930.9
vn 0.566856 -0.816268 0.111265
v -64.1556 -71.5877 932.7
vn 0.832858 -0.540763 0.117993
v -63.782 -71.3292 931.8
vn 0.475913 -0.850647 0.223398
v -63.7453 -71.337 933
vn 0.688428 0.718618 -0.098264
v -64.0245 -70.971 929.946
vn 0.453793 0.878935 -0.146781
v -64.0084 -70.8953 930.6
vn 0.993725 0.0583485 -0.0954235
v -63.7148 -71.0368 930.6
vn 0.440493 0.89157 -0.10521
v -64.2561 -70.6175 931.8
vn 0.304265 0.915301 -0.263908
v -64.2288 -70.4891 932.4
vn 0.606334 0.795079 -0.0144513
v -63.9782 -70.7532 931.8
vn 0.662865 0.724712 -0.188154
v -63.9539 -70.6386 932.4
vn 0.971812 -0.228898 0.0564576
v -63.5683 -71.068 931.2
vn 0.625279 0.780051 -0.0233884
v -63.6942 -70.8597 931.2
vn 0.982602 -0.171816 0.0705186
v -63.7311 -71.0334 931.773
vn 0.983017 0.174068 -0.0581151
v -63.6967 -71.0407 932.7
vn 0.420126 -0.815479 0.398106
v -64.2463 -70.5716 935.1
vn 0.923053 0.384552 0.0096244
v -63.8397 -70.0902 935.1
vn 0.416607 -0.85009 0.322159
v -63.7128 -70.4238 934.8
vn 0.437298 -0.833682 0.337262
v -63.8998 -70.3841 935.241
vn 0.349585 0.887877 -0.299106
v -63.8268 -70.041 934.2
vn 0.372997 -0.792299 0.482841
v -64.1265 -70.0077 936.3
vn 0.561832 -0.669527 0.485879
v -63.8553 -69.7802 936.3
vn 0.479544 -0.872286 -0.0956822
v -75.7111 -137.495 817.607
vn 0.204587 -0.877582 -0.433582
v -74.2796 -135.089 811.5
vn 0.26409 -0.902659 -0.339798
v -75.8618 -136.849 814.5
vn 0.272467 -0.92835 -0.25284
v -74.6061 -136.625 814.8
vn 0.409325 -0.904362 -0.120758
v -75.3194 -137.095 817.2
vn 0.289003 -0.95207 -0.100198
v -74.9844 -136.962 816.9
vn -0.279933 -0.947064 -0.157188
v -74.4072 -137.132 816.9
vn -0.0743686 -0.935722 0.34481
v -75.9125 -136.999 820.2
vn -0.193704 -0.910288 0.365862
v -75.6487 -137.201 819.923
vn 0.0281436 -0.89669 0.441763
v -75.6073 -137.007 820.2
vn 0.396234 -0.917023 0.045468
v -75.3529 -137.252 818.4
vn 0.253684 -0.965932 0.0511873
v -75.0272 -137.163 818.7
vn 0.144725 -0.952732 0.267125
v -74.9502 -136.801 820.5
vn 0.280435 -0.955276 -0.0938299
v -75.158 -134.893 845.7
vn 0.0369215 -0.86809 -0.495032
v -74.8315 -133.357 808.2
vn 0.367592 -0.922077 0.121033
v -74.4152 -134.284 830.1
vn 0.21895 -0.952084 0.213536
v -74.1315 -134.392 828.9
vn 0.344086 -0.937721 0.0477959
v -75.0381 -134.329 832.5
vn 0.2917 -0.954796 0.0572243
v -73.2459 -133.112 834.65
vn 0.257775 -0.964564 -0.056296
v -72.9549 -133.185 836.7
vn 0.371142 -0.92465 -0.0852971
v -74.3947 -134.188 841.8
vn 0.481432 -0.876293 -0.0182886
v -72.8016 -133.513 841.2
vn 0.481254 -0.876374 -0.0190721
v -74.5198 -134.776 845.7
vn 0.450955 -0.892512 -0.00784971
v -73.0171 -133.467 844.8
vn 0.378867 -0.925309 0.0162145
v -73.4121 -133.893 848.4
vn 0.568649 -0.821181 0.0479637
v -74.4954 -134.38 849.9
vn 0.442033 -0.891568 0.0985544
v -74.0228 -133.867 851.4
vn 0.226334 -0.971565 0.0695331
v -74.3051 -133.766 853.8
vn 0.341514 -0.935239 0.0932474
v -73.6695 -133.662 853.8
vn 0.163135 -0.829226 -0.534576
v -74.0205 -132.427 806.7
vn 0.465036 -0.844193 0.266607
v -73.848 -131.616 863.1
vn 0.624188 -0.743702 0.239369
v -72.5979 -130.796 863.7
vn 0.457938 -0.867818 0.192835
v -73.4619 -131.242 864.3
vn 0.517906 -0.797687 0.308982
v -74.2765 -130.746 867.576
vn 0.089196 -0.839582 -0.53586
v -72.2971 -128.648 801.9
vn 0.739426 -0.609345 0.286266
v -72.1416 -129.359 865.379
vn 0.370961 -0.913473 0.167198
v -72.1138 -129.229 866.1
vn 0.620193 -0.727926 0.292378
v -73.0382 -129.249 867.9
vn 0.616354 -0.712501 0.335336
v -72.6647 -128.021 869.4
vn 0.630099 -0.677088 0.380168
v -72.6992 -126.211 873
vn 0.260692 0.873498 0.411145
v -71.8402 -123.613 822
vn 0.232229 0.937789 0.258111
v -71.0057 -124.015 822.3
vn -0.0415461 0.998816 -0.0253116
v -71.148 -124.685 829.2
vn 0.00123037 0.983895 -0.178745
v -72.3159 -124.408 831.9
vn 0.30901 0.947789 -0.0787981
v -72.0166 -124.443 832.2
vn -0.0817927 0.992808 -0.0874148
v -72.586 -124.235 832.8
vn 0.28719 0.955373 -0.0691634
v -72.2769 -124.224 832.8
vn 0.275533 0.961016 0.0230326
v -72.2838 -124.256 833.4
vn 0.0634716 0.996323 -0.0575537
v -72.2818 -124.247 834.6
vn 0.243461 0.968623 -0.04996
v -72.0098 -124.411 833.1
vn -0.264395 0.941216 -0.210256
v -71.966 -124.204 834.6
vn 0.493267 -0.827808 0.267248
v -71.8882 -124.199 872.7
vn 0.728421 -0.502296 0.465942
v -71.7759 -125.757 872.1
vn 0.868667 -0.23153 0.437962
v -73.1353 -123.934 875.808
vn 0.528754 0.787634 0.316309
v -70.844 -121.812 815.7
vn 0.561747 0.75172 0.345481
v -71.4865 -121.948 817.2
vn -0.321128 0.828012 -0.459645
v -72.4053 -121.942 840.657
vn 0.853763 -0.364772 0.371524
v -71.6996 -122.399 873.3
vn 0.937472 -0.192309 0.290111
v -70.5607 -121.414 871.2
vn 0.877392 -0.234754 0.418419
v -72.6956 -122.801 875.4
vn 0.736498 -0.55698 0.383854
v -72.0059 -121.721 874.8
vn 0.821077 -0.474275 0.31764
v -71.4483 -121.532 873.9
vn -0.37371 -0.734901 -0.565917
v -70.6702 -119.551 786.786
vn -0.257013 -0.813889 -0.521084
v -70.5344 -119.273 786.3
vn -0.397283 -0.771432 -0.497051
v -70.4185 -119.81 786.9
vn 0.81243 -0.447384 -0.373906
v -70.0232 -119.382 786.9
vn 0.699075 -0.523033 -0.487577
v -70.2143 -118.849 786
vn 0.0271886 -0.861239 -0.507472
v -71.0138 -119.725 787.2
vn 0.167104 -0.892753 -0.418411
v -70.5015 -120.2 788.105
vn 0.602385 0.728628 0.325935
v -70.7896 -118.67 809.1
vn 0.652943 0.708462 0.267857
v -70.3119 -119.32 809.7
vn 0.436756 0.783707 0.441642
v -71.98 -118.498 811.2
vn 0.503784 0.781272 0.368531
v -70.2222 -120.329 812.1
vn 0.967016 -0.107659 0.230845
v -70.2928 -120.244 870.3
vn 0.827766 -0.424423 0.366973
v -71.6128 -119.657 877.256
vn 0.294955 -0.737109 -0.608007
v -71.6009 -116.715 782.1
vn 0.440722 -0.697362 -0.5652
v -71.5483 -116.467 781.8
vn 0.675324 -0.524379 -0.518618
v -70.9025 -117.048 783
vn 0.330546 -0.766876 -0.550129
v -70.8925 -117.97 783.9
vn 0.678738 -0.557528 -0.477993
v -70.0121 -116.624 783.9
vn 0.841131 -0.383342 -0.381507
v -69.9645 -118.474 786.3
vn 0.688173 -0.575009 -0.442473
v -69.3528 -117.377 785.7
vn 0.770808 -0.464615 -0.435876
v -69.2188 -116.792 785.1
vn 0.427551 0.825294 0.368904
v -70.081 -116.779 787.8
vn 0.86736 0.490438 -0.0846073
v -69.5036 -116.948 796.8
vn 0.72069 0.688295 0.0827952
v -69.4961 -116.913 798.9
vn 0.823161 0.562596 0.0767549
v -70.3134 -116.429 800.7
vn 0.630757 0.697012 0.341058
v -71.5321 -117.834 809.654
vn -0.291462 0.727995 -0.620542
v -71.1231 -117.001 846
vn 0.9194 -0.335468 0.205341
v -69.3609 -116.762 871.5
vn 0.659678 -0.530489 -0.532359
v -71.1876 -116.067 781.8
vn 0.337443 0.865997 0.369028
v -69.6697 -116.287 786.3
vn 0.426627 0.804982 0.412302
v -69.5001 -115.489 784.8
vn 0.894359 -0.271919 -0.355222
v -69.068 -115.904 784.8
vn 0.719017 0.688678 0.0934747
v -71.1554 -116.062 789
vn 0.759282 0.650579 0.015422
v -70.5276 -115.994 798.9
vn 0.170478 0.867345 0.4676
v -71.3494 -115.532 803.1
vn 0.257371 0.876907 0.405949
v -71.2812 -115.211 802.5
vn 0.339474 0.815249 0.469176
v -71.0843 -115.727 803.4
vn 0.87457 0.482394 0.0492367
v -70.9797 -115.235 802.2
vn 0.0980562 0.907525 0.408391
v -71.0064 -115.361 802.8
vn 0.882536 0.462785 0.0834307
v -70.7172 -115.86 802.8
vn 0.72518 0.622154 0.295023
v -70.802 -115.842 803.213
vn -0.223733 0.741396 -0.632674
v -70.0772 -115.318 847.8
vn 0.817158 -0.493135 0.298447
v -70.028 -115.087 876.28
vn 0.655371 0.672693 0.343471
v -70.5512 -112.829 780.6
vn 0.926627 -0.180014 -0.330085
v -70.4245 -113.469 780.3
vn 0.871479 -0.418083 0.25638
v -69.0801 -113.141 877.2
vn 0.807847 -0.410697 0.422742
v -70.8583 -113.684 880.5
vn 0.888361 -0.2417 0.39038
v -69.9705 -112.032 880.2
vn 0.839184 -0.412445 0.354484
v -69.722 -113.005 879.3
vn 0.897101 -0.247688 0.365869
v -69.3818 -112.464 878.7
vn 0.698171 -0.483752 0.52777
v -70.7248 -112.594 881.4
vn 0.877109 -0.209911 0.431991
v -70.3373 -111.954 881.4
vn 0.842433 -0.326292 0.428766
v -70.2924 -112.577 880.8
vn -0.318437 0.67469 -0.665876
v -68.3647 -110.147 852
vn 0.779145 -0.451389 0.434949
v -69.5729 -111.503 880.087
vn 0.958761 -0.116823 0.259094
v -68.3757 -109.917 879.3
vn 0.878422 -0.321524 0.353549
v -68.2785 -110.858 878.7
vn 0.764856 -0.321264 0.558377
v -69.4358 -110.305 881.1
vn 0.883861 -0.327989 0.333485
v -68.2958 -108.708 879.9
vn 0.709649 -0.556347 0.432292
v -68.0271 -108.458 879.6
vn 0.754848 -0.44682 0.480164
v -68.2376 -108.107 880.427
vn 0.795922 -0.451556 0.403243
v -68.0859 -109.366 878.4
vn 0.686569 -0.506617 0.521499
v -67.696 -107.915 879.9
vn 0.823613 -0.270228 0.498636
v -67.3063 -107.998 879.3
vn 0.761808 -0.21555 0.61089
v -68.6763 -107.093 881.7
vn 0.860413 -0.287515 0.420743
v -68.6965 -108.316 881.1
vn 0.818371 -0.0275464 0.574029
v -68.7642 -104.621 882.3
vn 0.843667 -0.0767123 0.531357
v -67.0709 -104.061 879.568
vn 0.833488 0.171373 0.52529
v -68.7921 -103.501 882
vn -0.329192 0.757561 -0.563679
v -66.6966 -95.0853 868.2
vn 0.353686 0.773973 -0.525235
v -65.1485 -95.0166 868.2
vn 0.032077 0.828736 -0.55872
v -65.8115 -93.8071 869.7
vn 0.927907 -0.0722831 0.365738
v -65.6806 -94.8484 877.5
vn 0.871987 -0.281569 0.400446
v -65.3211 -93.698 876.6
vn 0.979901 0.100786 0.172153
v -65.3202 -94.6183 876.3
vn -0.158077 0.856558 -0.491244
v -66.1557 -92.5406 871.8
vn 0.491914 0.789789 -0.366406
v -65.5562 -92.6058 871.8
vn 0.876143 0.466727 -0.120579
v -64.6297 -92.5758 875.4
vn 0.760098 0.64509 -0.0781663
v -65.7001 -90.3971 878.1
vn 0.844077 -0.245835 0.47655
v -65.2843 -92.1723 877.8
vn 0.804158 -0.321401 0.500031
v -64.8057 -92.5808 876.9
vn 0.959151 0.238576 0.152023
v -64.7158 -92.2932 876.6
vn 0.959297 0.10089 0.263764
v -65.8803 -90.5122 879.3
vn 0.950728 -0.0972907 0.294364
v -65.9444 -91.5464 879.6
vn 0.902034 0.430707 0.0287572
v -65.9463 -90.1914 879
vn 0.274499 -0.956875 0.0950795
v -71.7634 -136.237 819
vn 0.252337 -0.922202 0.293037
v -72.8592 -135.621 824.1
vn 0.356452 -0.872726 -0.333602
v -71.5344 -135.16 813.6
vn 0.357206 -0.883201 0.303909
v -72.7461 -135.089 825.3
vn 0.481944 -0.838602 0.253924
v -71.9127 -134.054 827.7
vn 0.357843 -0.919223 0.164251
v -72.0414 -133.217 831.3
vn 0.34898 -0.820907 -0.452023
v -71.321 -132.713 808.5
vn 0.252654 -0.846673 -0.468306
v -70.5343 -131.898 807.9
vn 0.454026 -0.851046 0.263783
v -70.7954 -133.126 828.3
vn 0.379305 -0.924931 0.0251211
v -71.0129 -132.707 839.4
vn 0.379205 -0.925016 -0.023426
v -71.7148 -133.123 845.1
vn 0.573282 -0.791 0.213699
v -71.9372 -131.284 860.4
vn -0.074257 -0.848728 -0.52359
v -71.661 -128.541 801.715
vn -0.054623 -0.89136 -0.449992
v -71.3817 -128.67 801.9
vn 0.0745174 -0.861127 -0.502899
v -71.0532 -128.567 801.6
vn 0.130308 -0.86325 -0.487666
v -70.8017 -128.827 802.2
vn 0.686447 -0.694296 0.216204
v -70.0283 -130.115 857.4
vn 0.740626 -0.624022 0.249139
v -71.3617 -130.752 860.4
vn 0.501884 -0.840841 0.202729
v -70.9678 -129.609 861.779
vn 0.222118 -0.963784 0.147593
v -70.9303 -129.432 862.8
vn 0.381329 -0.90803 0.173407
v -70.5998 -129.32 863.1
vn 0.563576 -0.796974 0.217289
v -69.8201 -128.933 862.5
vn 0.473306 -0.844649 0.2501
v -71.2901 -128.927 865.8
vn 0.0811047 -0.83236 -0.548269
v -71.2199 -127.909 800.7
vn 0.324837 -0.782812 -0.530742
v -69.1428 -126.794 799.8
vn 0.928177 -0.281589 0.243302
v -69.6339 -128.665 861.9
vn 0.855574 -0.43582 0.279382
v -69.6433 -128.357 862.5
vn 0.493508 -0.8247 0.276259
v -70.012 -127.998 864.6
vn 0.670682 -0.663839 0.330912
v -69.8889 -127.419 866.1
vn 0.862651 -0.33748 0.376751
v -70.3344 -126.37 868.5
vn 0.113968 0.986929 0.113942
v -70.1702 -124.413 824.4
vn 0.84753 -0.393317 0.356364
v -69.3797 -124.426 866.1
vn 0.942566 -0.0219859 0.333297
v -68.7195 -126.1 864.3
vn 0.908935 0.178153 0.376961
v -70.2798 -125.461 868.5
vn 0.602153 -0.730187 0.322861
v -69.8071 -124.948 867
vn 0.431948 -0.760438 -0.484928
v -69.4743 -122.582 793.2
vn 0.75555 -0.502127 -0.420729
v -67.9362 -122.279 794.4
vn 0.438609 0.840675 0.317627
v -70.0543 -122.425 815.7
vn 0.295703 0.871552 0.391098
v -69.4709 -122.566 815.596
vn 0.573817 0.762382 0.299177
v -68.8572 -122.565 815.1
vn 0.446098 0.859539 0.24938
v -69.5883 -123.119 817.5
vn 0.364751 0.882986 0.295454
v -69.2949 -123.181 817.2
vn 0.391742 0.896034 0.208953
v -68.5052 -123.794 817.8
vn 0.298906 0.911459 0.282663
v -70.5018 -123.087 818.4
vn -0.284766 0.889902 -0.356346
v -69.025 -121.741 837.3
vn 0.891772 0.435627 0.122359
v -69.2837 -121.686 865.752
vn 0.885309 0.446522 0.12979
v -68.9477 -122.371 866.1
vn 0.882282 -0.110308 0.457614
v -68.8839 -122.691 866.356
vn 0.956628 -0.0701834 0.282732
v -68.4744 -121.858 864
vn 0.852784 -0.185171 0.488336
v -68.5497 -123.069 865.8
vn 0.891226 0.444075 0.0922685
v -69.8155 -121.302 867.9
vn 0.886705 -0.251976 0.387636
v -69.1696 -123.55 866.7
vn 0.957595 0.1585 0.240603
v -69.7858 -121.579 869.1
vn 0.742232 -0.526921 -0.414061
v -69.5372 -119.485 788.4
vn 0.630615 -0.672606 -0.387203
v -69.5409 -120.404 789.6
vn 0.675435 0.674968 0.296995
v -68.524 -119.554 791.4
vn 0.90146 0.414466 0.124848
v -68.2011 -120.076 791.4
vn -0.0754494 0.869067 -0.488906
v -68.1978 -119.463 841.543
vn 0.948462 -0.0876168 0.304537
v -67.8251 -120.156 861.9
vn 0.987434 0.119406 0.103515
v -68.9732 -119.605 866.1
vn 0.967359 -0.0705282 0.243399
v -68.8109 -119.946 864.6
vn 0.891644 -0.291462 -0.346441
v -68.9483 -116.85 786
vn 0.643624 0.743408 0.181914
v -69.1101 -116.54 786.3
vn 0.38201 0.86988 0.312053
v -69.1296 -116.632 786.9
vn 0.601748 0.789962 0.117728
v -68.6401 -116.915 786.9
vn 0.667316 -0.610151 -0.42709
v -68.8439 -119.019 788.7
vn 0.487734 0.717348 0.497521
v -68.8565 -118.233 789.3
vn 0.704723 -0.598243 -0.381406
v -68.4028 -118.499 788.7
vn 0.626686 0.674081 0.390999
v -68.5029 -118.478 789.3
vn 0.799752 0.433119 0.415698
v -68.5353 -118.164 788.872
vn 0.802928 -0.42186 -0.421118
v -68.3835 -117.89 787.8
vn 0.355868 0.803638 0.476994
v -68.4729 -117.871 788.571
vn 0.950344 -0.2315 -0.207976
v -68.4404 -119.105 789.6
vn 0.716223 0.661965 0.220968
v -69.6027 -118.858 806.663
vn -0.163459 0.789999 -0.590917
v -69.1596 -118.216 843.6
vn -0.176904 0.730011 -0.660144
v -67.4576 -117.423 844.5
vn 0.214369 0.448936 -0.867469
v -66.8419 -117.298 844.8
vn 0.902988 -0.266166 0.337296
v -67.7883 -117.096 863.7
vn 0.96987 -0.129944 0.206074
v -69.35 -118.605 868.2
vn 0.97968 -0.132716 0.150378
v -69.251 -118.319 867.3
vn 0.893005 -0.349958 0.282967
v -66.4988 -115.224 862.5
vn -0.232046 0.726524 -0.646775
v -67.14 -113.043 848.7
vn -0.75562 0.359843 -0.547313
v -66.7013 -112.727 849
vn -0.8461 0.339977 -0.410525
v -66.4331 -112.784 848.4
vn -0.40231 0.671222 -0.622581
v -66.3011 -113.425 847.817
vn -0.0989374 0.809242 -0.579085
v -66.114 -112.545 848.641
vn 0.935975 -0.269217 0.226875
v -66.2704 -114.352 861.3
vn 0.86639 -0.436112 0.243261
v -68.0476 -114.281 867.9
vn 0.893872 -0.418575 0.160584
v -66.6252 -112.436 867.9
vn -0.627221 0.511763 -0.587105
v -66.3451 -112.189 848.943
vn 0.0471274 0.472835 -0.87989
v -65.9063 -111.568 849.3
vn -0.466814 0.582773 -0.665177
v -66.7847 -111.789 849.6
vn 0.853486 -0.454692 0.254591
v -65.7063 -111.405 864.9
vn 0.987971 -0.139575 0.0665806
v -66.4381 -111.556 868.5
vn 0.837554 -0.50649 0.204868
v -66.2647 -110.673 867.9
vn 0.983603 -0.175785 0.0403007
v -66.4344 -110.637 869.1
vn 0.990618 -0.136275 0.0102411
v -66.2986 -110.359 871.2
vn 0.826816 -0.508971 0.239424
v -67.6238 -111.611 875.1
vn 0.893785 -0.326996 0.306956
v -67.7466 -110.971 876.6
vn 0.897753 -0.415576 0.146072
v -65.3623 -109.944 866.7
vn 0.82526 -0.532817 0.187224
v -65.2407 -108.437 871.073
vn 0.97592 -0.203454 0.0786528
v -64.9441 -107.886 869.7
vn 0.87985 -0.448128 0.158256
v -66.095 -109.175 872.1
vn 0.973955 -0.189214 0.124939
v -66.183 -108.237 875.1
vn 0.955175 -0.272075 0.116686
v -66.2472 -109.756 873.9
vn 0.732734 -0.547506 0.404152
v -67.2697 -109.539 877.2
vn 0.692421 -0.567547 0.44547
v -66.9634 -108.684 878.1
vn 0.918885 -0.197602 0.341472
v -66.591 -108.15 877.8
vn 0.855037 -0.429435 0.290685
v -66.5278 -108.777 876.9
vn 0.977396 -0.133675 0.163794
v -66.3068 -108.21 876.6
vn 0.97494 -0.206966 0.0815923
v -64.9495 -106.965 870.9
vn 0.899006 -0.380949 0.216023
v -64.7459 -105.782 873
vn 0.969644 -0.217113 0.112484
v -64.9237 -106.945 873.3
vn 0.837865 -0.446015 0.314726
v -65.8262 -107.392 875.1
vn 0.945157 -0.106041 0.308922
v -65.2108 -105.376 875.7
vn 0.803091 -0.501099 0.322404
v -65.275 -106.896 874.8
vn 0.919483 -0.209979 0.332354
v -65.1246 -106.008 875.4
vn 0.972445 -0.132824 0.191597
v -65.0044 -105.42 874.5
vn 0.936332 -0.164043 0.310439
v -66.4213 -106.652 877.5
vn 0.825757 -0.375494 0.420868
v -65.9307 -106.757 876
vn 0.850447 -0.38465 0.358866
v -64.8476 -104.84 874.5
vn 0.89636 -0.199354 0.395975
v -64.7049 -103.03 875.677
vn 0.919642 -0.203393 0.335992
v -64.1011 -104.079 873.9
vn 0.867069 -0.196761 0.457686
v -66.1709 -104.865 877.8
vn -0.129877 0.762072 -0.634332
v -64.9989 -101.528 859.5
vn 0.432203 0.746256 -0.506263
v -64.0699 -101.485 859.8
vn 0.95634 0.11309 0.26949
v -63.5186 -101.135 867.3
vn 0.908479 -0.0230964 0.417291
v -64.7199 -100.88 876.3
vn 0.662493 0.629513 -0.405976
v -63.7531 -99.9952 862.2
vn 0.955881 0.286326 -0.0656339
v -63.5305 -99.906 863.1
vn 0.788924 0.527029 -0.315973
v -63.3076 -99.3423 866.1
vn 0.890636 0.419184 -0.176218
v -63.7321 -98.3296 866.7
vn 0.94356 -0.0893047 0.318933
v -63.7877 -100.158 868.165
vn 0.636939 -0.493592 0.592179
v -63.598 -99.5849 868.5
vn 0.719589 -0.490389 0.491641
v -64.1338 -98.5509 870
vn 0.975019 0.191115 0.113198
v -64.0266 -100.414 868.8
vn 0.825743 0.506163 -0.248892
v -63.8619 -100.449 869.4
vn 0.670649 -0.531988 0.516932
v -63.5808 -98.3618 869.4
vn 0.865529 0.445361 -0.229155
v -64.0398 -98.4583 872.1
vn 0.983612 0.134735 0.119812
v -63.7496 -99.246 872.4
vn 0.951446 0.012532 0.30756
v -63.8065 -100.461 872.7
vn 0.848755 0.484009 -0.212957
v -64.5807 -96.0023 867.3
vn 0.633788 -0.551266 0.542604
v -63.6835 -98.0332 870
vn 0.978796 0.201316 -0.0378158
v -63.6074 -97.7427 869.7
vn 0.947282 0.313928 0.0640859
v -63.5047 -98.0713 869.1
vn 0.62626 -0.619599 0.473176
v -63.4451 -98.0839 869.7
vn 0.91973 0.369807 -0.131681
v -64.6381 -96.9102 873.3
vn 0.963723 -0.134363 0.230617
v -64.6445 -96.6022 873
vn 0.964532 -0.149921 0.217259
v -64.6207 -97.5273 871.8
vn 0.710683 -0.502036 0.492839
v -64.4441 -96.0314 873.101
vn 0.602853 -0.574698 0.553435
v -64.0883 -95.8003 873.035
vn 0.956379 0.291401 0.0206136
v -64.032 -97.9592 873.3
vn 0.972853 0.229348 -0.0309142
v -63.6779 -95.8875 872.4
vn 0.958993 0.244195 0.143882
v -64.5986 -96.6119 874.8
vn 0.944286 0.0180899 0.328628
v -64.2979 -97.9026 874.2
vn 0.257013 -0.903986 -0.341691
v -69.5061 -134.213 813.3
vn 0.300293 -0.900091 -0.31569
v -70.2631 -134.951 814.8
vn 0.238711 -0.934331 0.264656
v -70.3299 -135.265 823.11
vn 0.354207 -0.849567 -0.390862
v -70.2437 -133.417 811.2
vn 0.164651 -0.898242 -0.407494
v -69.6699 -133.565 811.8
vn 0.293091 -0.883951 0.364318
v -70.2281 -133.343 827.1
vn 0.0203946 -0.92282 0.38469
v -69.6344 -133.436 826.8
vn 0.213111 -0.931762 0.293945
v -68.371 -133.264 827.1
vn 0.16011 -0.961352 0.223978
v -70.119 -132.83 828.3
vn 0.177397 -0.980636 0.0829653
v -69.7924 -132.736 829.5
vn 0.0677262 -0.959945 0.27188
v -69.1967 -132.82 828.6
vn 0.352966 -0.916373 0.188878
v -67.8466 -132.239 829.5
vn 0.38082 -0.922704 0.0599454
v -68.776 -132.222 833.1
vn 0.4233 -0.904295 0.0553817
v -69.4104 -132.393 837.3
vn 0.423871 -0.903327 0.0658322
v -68.3272 -131.615 836.7
vn 0.542165 -0.836747 0.0768946
v -69.9598 -132.081 849.3
vn 0.238873 -0.861169 -0.448696
v -69.4308 -131.035 806.4
vn 0.508705 -0.856637 0.0859788
v -67.9753 -131.402 838.2
vn 0.734801 -0.670492 0.102512
v -67.4956 -130.96 838.8
vn 0.739972 -0.670451 0.0541914
v -67.1131 -129.815 847.5
vn 0.639161 -0.751842 0.161887
v -68.4052 -130.46 850.8
vn 0.490063 -0.85551 0.167157
v -69.4182 -129.533 858
vn 0.350598 -0.923353 0.156525
v -68.265 -128.436 858.6
vn 0.416992 -0.900539 0.123077
v -67.8731 -128.426 858
vn 0.100787 -0.985598 0.135785
v -67.9526 -128.409 858.825
vn 0.831236 -0.524467 0.184337
v -67.3303 -127.928 858.3
vn 0.845952 -0.461599 0.267006
v -68.8499 -128.832 859.2
vn 0.210981 -0.964029 0.161664
v -68.2514 -128.372 859.2
vn 0.586403 -0.771257 0.247578
v -67.8902 -128.116 859.79
vn 0.913531 -0.269303 0.304855
v -67.9575 -127.182 861.6
vn 0.181164 0.982937 -0.0318651
v -67.4162 -124.443 823.5
vn 0.966162 0.0225642 0.256948
v -66.2114 -125.099 856.5
vn 0.972019 0.140568 0.188202
v -67.2265 -124.577 860.1
vn 0.942417 -0.170914 0.28747
v -67.2665 -125.182 860.154
vn 0.929826 -0.130906 0.34393
v -68.3398 -125.26 863.1
vn 0.805138 -0.483157 0.343965
v -68.3897 -124.694 863.7
vn 0.975297 0.149807 0.16234
v -67.5062 -124.517 861.9
vn 0.969473 -0.073841 -0.233814
v -67.6996 -122.022 794.7
vn 0.878686 -0.287092 -0.381432
v -67.497 -122.986 795.9
vn 0.940042 0.325935 -0.100441
v -67.3461 -122.67 796.5
vn 0.666581 -0.593571 -0.450936
v -67.3104 -123.945 797.39
vn 0.974314 -0.0582435 -0.21753
v -66.9541 -123.408 797.4
vn 0.918954 -0.27886 -0.278857
v -66.9546 -123.714 797.856
vn 0.982598 0.153801 -0.104145
v -66.9192 -123.548 798
vn 0.959799 0.237037 -0.150331
v -67.1549 -122.752 799.5
vn 0.605356 0.707917 0.363864
v -67.0371 -122.659 810.6
vn 0.378563 0.816483 0.435942
v -66.7699 -122.845 810.6
vn 0.37548 0.793862 0.478329
v -66.7261 -122.639 810.3
vn 0.46044 0.809147 0.365069
v -66.1806 -122.959 810.45
vn 0.713336 0.645921 0.271915
v -67.5179 -122.368 811.2
vn 0.500205 0.819222 0.280481
v -67.1901 -123.379 812.4
vn 0.462494 0.847212 0.261401
v -66.3906 -123.947 813.3
vn 0.364387 0.873222 0.323583
v -66.3302 -123.663 812.4
vn 0.555811 0.771858 0.308723
v -66.0358 -123.72 812.1
vn 0.467557 0.87237 0.142692
v -67.0642 -124.23 816
vn -0.0938345 0.987103 -0.129704
v -66.7523 -124.205 826.2
vn -0.250624 0.932754 -0.259149
v -67.4504 -123.161 831.6
vn 0.200568 0.929553 -0.309361
v -67.4972 -121.938 835.8
vn 0.212058 0.943914 -0.253095
v -66.9552 -122.274 835.8
vn 0.919943 0.369767 0.130301
v -68.0188 -123.795 863.4
vn 0.956698 0.1379 0.256343
v -68.0178 -123.182 862.2
vn 0.939173 0.304822 0.158235
v -67.5906 -124.193 861.9
vn 0.774606 -0.504692 0.381145
v -68.0261 -124.1 864
vn 0.87509 0.473942 0.0979609
v -67.7542 -121.704 794.85
vn 0.949165 0.219928 -0.225206
v -66.1792 -122.039 802.8
vn 0.654808 0.720614 0.227909
v -67.4457 -120.253 805.8
vn 0.0810543 0.923861 -0.374046
v -67.6294 -121.117 838.252
vn 0.14374 0.890634 -0.431404
v -66.4649 -121.41 838.5
vn 0.0128017 0.863135 -0.50481
v -65.4505 -120.967 839.151
vn 0.867356 -0.34741 0.35637
v -65.5463 -120.64 854.1
vn 0.893269 -0.271615 0.358183
v -65.495 -121.571 853.2
vn 0.978709 -0.0456466 0.200113
v -65.9351 -119.944 856.5
vn 0.978929 0.00550989 0.204125
v -65.8324 -120.272 855.3
vn 0.965064 -0.156103 0.210435
v -65.8021 -119.972 855.3
vn 0.884808 -0.280315 0.372208
v -65.417 -120.054 854.4
vn 0.98033 0.192998 0.0412963
v -65.4602 -121.272 854.4
vn 0.218461 0.797165 -0.562852
v -67.0056 -118.183 843.792
vn 0.411609 0.73272 -0.541939
v -66.8809 -117.596 844.68
vn -0.141727 0.84383 -0.517557
v -66.7965 -118.642 843
vn -0.601589 0.682455 -0.415147
v -66.3999 -118.005 843.9
vn 0.300348 0.808028 -0.506836
v -66.6339 -117.877 844.5
vn -0.435803 0.724933 -0.53343
v -66.0712 -118.116 843.3
vn 0.81532 -0.413258 0.40555
v -65.5384 -118.495 856.613
vn 0.757241 -0.474346 0.448979
v -64.8997 -119.244 855
vn 0.968436 -0.152511 0.197162
v -66.366 -118.319 858.9
vn 0.998646 -0.0203671 0.0478743
v -66.3312 -118.02 858.3
vn 0.798049 -0.47906 0.365541
v -65.8029 -117.518 858.3
vn 0.93472 -0.190991 0.299702
v -65.4224 -117.599 857.1
vn 0.870685 -0.402616 0.282505
v -66.2316 -117.427 859.343
vn -0.197498 0.567846 -0.79909
v -66.4003 -116.778 845.13
vn -0.530798 0.625598 -0.571735
v -66.1 -116.842 844.8
vn -0.485886 0.629661 -0.60617
v -65.5742 -115.777 845.7
vn -0.51067 0.62003 -0.595634
v -65.2081 -115.498 845.486
vn 0.834762 -0.368977 0.408692
v -64.3521 -116.6 854.4
vn 0.889817 -0.286314 0.355318
v -64.1439 -115.417 855
vn 0.917407 -0.277061 0.285661
v -65.082 -115.525 857.7
vn 0.987887 -0.0685976 0.139187
v -66.2668 -114.966 861.6
vn -0.331991 0.654544 -0.679231
v -64.7715 -113.444 847.13
vn -0.199669 0.670025 -0.714982
v -64.2999 -114.111 846.3
vn -0.218878 0.69222 -0.687695
v -65.8506 -112.749 848.1
vn 0.961282 -0.120794 0.247681
v -64.8518 -114.96 856.8
vn 0.973352 -0.164216 0.160059
v -65.4552 -113.605 860.7
vn 0.757728 -0.532412 0.377341
v -65.4955 -112.983 859.8
vn 0.999173 0.00268905 -0.0405818
v -65.4359 -112.996 860.7
vn 0.989187 0.0701687 0.128782
v -65.2378 -113.958 859.2
vn 0.760481 -0.533828 0.369723
v -66.0035 -113.795 861.6
vn -0.0109953 0.691252 -0.722531
v -65.7582 -112.314 848.913
vn 0.0496361 0.465844 -0.883474
v -65.6958 -112.021 849.068
vn -0.251093 0.716975 -0.650307
v -64.8778 -112.501 848.224
vn -0.261274 0.570611 -0.778549
v -64.7531 -111.914 848.641
vn -0.0205372 0.693582 -0.720085
v -63.8538 -112.012 848.4
vn 0.762738 -0.535406 0.362726
v -64.2812 -110.788 861.3
vn 0.970422 -0.222285 0.0941812
v -65.4083 -111.468 862.8
vn 0.00210983 0.697426 -0.716654
v -63.9914 -109.773 850.5
vn 0.504435 0.615125 -0.605943
v -63.1513 -110.414 850.2
vn 0.88201 0.381683 -0.276363
v -62.5277 -108.4 853.2
vn 0.733646 -0.56383 0.379289
v -63.8603 -109.957 861.3
vn 0.270594 0.696769 -0.664298
v -63.8799 -107.806 852.489
vn -0.0339267 0.729068 -0.683599
v -64.3342 -105.615 854.7
vn 0.969658 0.179298 -0.166178
v -62.491 -106.874 856.8
vn 0.995236 -0.0967578 -0.0119432
v -63.9417 -107.793 865.8
vn 0.660368 -0.678588 0.32161
v -63.9316 -107.182 865.8
vn 0.828729 -0.490653 0.269198
v -63.7592 -106.912 866.1
vn 0.628182 -0.669462 0.396495
v -63.684 -107.234 865.2
vn 0.719376 -0.62505 0.303003
v -63.6927 -106.926 865.893
vn 0.721007 -0.592328 0.359578
v -63.0962 -106.746 865.2
vn 0.969531 -0.174187 0.172242
v -62.7587 -106.511 864.6
vn 0.817023 -0.526293 0.235559
v -64.6423 -107.644 867.9
vn 0.98856 -0.150803 -0.0027093
v -63.8537 -107.198 866.4
vn 0.963072 -0.220453 0.154574
v -63.8372 -106.895 866.4
vn 0.992114 -0.125253 -0.00469567
v -63.7096 -106.002 868.5
vn 0.697562 -0.66236 0.273288
v -63.9325 -106.261 870
vn 0.945634 -0.296198 0.134325
v -63.6427 -105.709 870.3
vn 0.247334 0.742063 -0.623032
v -64.0102 -104.091 856.5
vn 0.509437 0.654163 -0.559056
v -63.4248 -104.222 856.74
vn 0.987761 0.15102 -0.0390045
v -62.666 -104.384 858.9
vn 0.899394 0.374243 -0.225902
v -62.6421 -103.775 858.9
vn 0.999352 0.0280489 0.0225445
v -62.6651 -105.304 857.7
vn 0.982643 0.136406 -0.125725
v -62.688 -105.299 858.3
vn 0.846494 0.464412 -0.260326
v -62.3232 -104.456 860.1
vn 0.749025 0.493773 -0.441758
v -62.3451 -104.914 859.5
vn 0.975999 -0.130845 0.174087
v -62.7568 -105.284 863.7
vn 0.840425 -0.416243 0.347025
v -62.3974 -105.667 861.9
vn 0.955811 -0.166167 0.242516
v -61.9314 -103.926 862.8
vn 0.887889 0.411628 -0.205463
v -61.9461 -103.616 861.9
vn 0.867526 -0.41534 0.273664
v -63.1713 -104.89 868.2
vn 0.957006 -0.266211 0.115198
v -63.5473 -104.81 870
vn 0.780769 -0.537245 0.31901
v -64.0892 -105.308 872.4
vn 0.958099 -0.213795 0.190623
v -63.7169 -104.774 871.8
vn 0.762501 0.559241 -0.325334
v -63.0208 -102.322 859.8
vn 0.709659 0.630965 -0.313475
v -62.9882 -102.168 860.45
vn 0.855533 0.457527 -0.242345
v -63.2876 -101.491 862.8
vn 0.843052 0.477089 -0.248293
v -62.6651 -102.091 863.1
vn 0.908027 -0.210065 0.362437
v -62.5971 -102.865 864.9
vn 0.797796 -0.384203 0.464661
v -62.3724 -101.379 865.8
vn 0.900007 -0.271314 0.34114
v -62.3165 -102.311 864.6
vn 0.948017 0.252549 0.193605
v -63.272 -101.801 867
vn 0.742845 -0.345728 0.573284
v -62.9718 -101.252 866.7
vn 0.979656 0.191016 0.0615311
v -63.0727 -102.566 867
vn 0.94831 0.305357 -0.0864063
v -63.2216 -101.812 868.8
vn 0.98329 -0.0616852 0.171279
v -63.2803 -102.719 871.2
vn 0.936642 0.350188 -0.00841139
v -62.8216 -99.75 867.6
vn 0.663364 -0.434343 0.609339
v -62.8116 -100.672 867
vn 0.88429 0.438917 -0.159319
v -62.8001 -99.8406 866.7
vn 0.384773 -0.916028 0.113328
v -67.8035 -134.923 819.3
vn 0.0700178 -0.980357 0.184382
v -67.6398 -134.152 822.6
vn 0.106174 -0.978721 0.175593
v -67.3492 -134.228 822
vn 0.0781048 -0.973712 0.213974
v -67.9235 -134.044 823.2
vn 0.495864 -0.817811 -0.292068
v -66.9145 -133.626 813.9
vn 0.508304 -0.853412 -0.115387
v -66.3492 -133.852 816.3
vn 0.30064 -0.927826 0.220803
v -67.3146 -134.066 823.185
vn 0.572763 -0.805954 0.149601
v -66.21 -133.074 822.9
vn 0.265473 -0.921036 0.284986
v -67.5852 -133.896 823.8
vn 0.564896 -0.772885 0.289035
v -67.0317 -133.512 824.1
vn 0.261658 -0.949835 0.171317
v -66.0839 -132.604 825
vn 0.321509 -0.928569 0.185449
v -65.4103 -132.321 826.2
vn 0.228475 -0.952227 0.20264
v -66.463 -132.1 828
vn 0.437542 -0.801237 -0.408137
v -66.7435 -130.813 808.2
vn 0.707325 -0.612266 -0.3533
v -65.0774 -130.247 809.7
vn 0.460528 -0.86301 0.20767
v -66.1318 -131.387 830.7
vn 0.568435 -0.804839 0.170636
v -65.5909 -130.138 834.9
vn 0.513678 -0.846178 0.141838
v -67.3703 -131.442 835.8
vn 0.582269 -0.790991 0.187873
v -66.5038 -130.251 836.939
vn 0.704663 -0.701865 0.104089
v -66.838 -129.873 839.7
vn 0.3528 -0.923006 0.153597
v -66.3846 -129.69 839.1
vn 0.325066 -0.930356 0.169615
v -65.7936 -129.796 837.9
vn 0.805722 -0.591473 0.0311726
v -66.916 -129.857 842.7
vn 0.626942 -0.760688 0.168222
v -66.9115 -129.283 851.7
vn 0.466115 -0.747254 -0.473654
v -66.8486 -128.987 804.9
vn 0.985941 0.0458343 -0.160682
v -64.3675 -127.945 809.4
vn 0.573384 -0.812998 0.101319
v -64.7299 -128.788 841.8
vn 0.683142 -0.713508 0.155639
v -64.5999 -128.509 844.325
vn 0.853412 -0.514671 0.0824765
v -64.3885 -128.247 842.4
vn 0.896452 -0.413453 0.15947
v -64.2042 -127.673 843.3
vn 0.611812 -0.786067 0.0882283
v -66.1552 -128.791 845.4
vn 0.363892 -0.915347 0.172404
v -65.198 -128.437 845.4
vn 0.617091 -0.758619 0.209035
v -64.8355 -128.174 845.7
vn 0.870899 -0.461639 0.168594
v -64.6059 -127.894 845.7
vn 0.810067 -0.560108 0.173407
v -64.9222 -127.827 848.1
vn 0.853844 -0.512897 0.0888091
v -66.4372 -128.732 851.7
vn 0.856382 -0.502268 0.119735
v -66.1978 -128.169 851.4
vn 0.726696 -0.654085 0.209966
v -65.4908 -127.706 850.2
vn 0.874228 -0.436593 0.212394
v -66.2537 -127.237 853.5
vn 0.730921 -0.544743 -0.411107
v -65.82 -127.023 803.7
vn 0.912759 -0.261403 -0.31391
v -65.267 -126.833 804.6
vn 0.936215 0.351427 0.00113836
v -64.194 -125.528 811.2
vn 0.677251 0.728201 0.105142
v -65.0754 -124.974 814.5
vn 0.491306 0.862145 -0.123792
v -64.8697 -125.449 820.2
vn 0.194009 0.969009 -0.152913
v -65.91 -124.571 824.1
vn 0.561682 0.816994 -0.130514
v -63.8744 -125.095 826.2
vn 0.948399 -0.20183 0.244548
v -65.4448 -126.182 852.3
vn 0.945705 -0.229554 0.230102
v -66.0748 -125.742 855.9
vn 0.879236 0.476343 -0.00636264
v -65.3939 -122.819 806.1
vn 0.974553 0.09646 -0.202343
v -65.0743 -123.807 806.7
vn 0.679804 0.70239 0.210985
v -65.4733 -123.96 811.5
vn 0.321797 0.916555 -0.23743
v -64.1786 -123.641 832.2
vn 0.690841 0.691007 -0.212716
v -63.5917 -123.765 832.8
vn 0.472858 0.862582 -0.179885
v -63.5264 -123.458 833.7
vn 0.356204 0.902346 -0.242672
v -64.321 -122.868 835.2
vn 0.112975 0.898333 -0.42454
v -64.2411 -122.492 836.4
vn 0.607217 0.780593 -0.148195
v -63.7963 -123.159 835.5
vn 0.95055 -0.214166 0.224915
v -63.7941 -125 846.9
vn 0.975217 0.0635537 0.211927
v -63.6767 -124.718 846.6
vn 0.958447 0.25051 0.136472
v -64.1435 -124.005 848.1
vn 0.981927 0.167078 0.0889098
v -63.9812 -124.346 848.4
vn 0.941116 -0.236882 0.24122
v -64.2911 -124.587 850.2
vn 0.979362 0.150484 0.134927
v -64.1068 -124.013 849.9
vn 0.868798 -0.311261 0.385106
v -65.5602 -123.704 854.1
vn 0.956312 -0.0973769 0.275656
v -65.3002 -123.146 854.133
vn -0.182675 0.807391 -0.561026
v -64.2577 -121.127 839.1
vn -0.331652 0.704528 -0.627413
v -63.9163 -120.964 839.1
vn -0.321699 0.732783 -0.599616
v -63.5651 -120.754 839.153
vn -0.202582 0.780602 -0.591288
v -63.0294 -121.12 838.5
vn 0.562499 0.686864 -0.460232
v -62.9202 -120.606 839.7
vn -0.178758 0.78359 -0.595006
v -64.3777 -120.249 840.3
vn 0.788433 -0.456715 0.41205
v -64.7917 -122.027 851.1
vn 0.949655 0.309914 0.0459217
v -65.3419 -121.91 853.5
vn 0.492585 -0.703427 0.512397
v -64.8013 -120.798 852.962
vn 0.805912 -0.452771 0.38145
v -64.2193 -120.946 852
vn -0.275083 0.720832 -0.636185
v -63.8533 -119.224 841.2
vn 0.49905 0.652254 -0.570539
v -63.3103 -119.555 840.6
vn 0.745481 0.507408 -0.432198
v -63.0517 -119.782 840.6
vn 0.750006 -0.481501 0.453483
v -62.6686 -119.411 849
vn 0.955535 0.220422 0.195876
v -62.7103 -118.176 848.738
vn 0.882714 -0.221524 0.414418
v -62.5008 -119.14 849
vn 0.921001 0.29361 0.256027
v -62.466 -118.841 848.7
vn 0.780262 -0.386848 0.491467
v -63.4084 -118.027 851.7
vn 0.826138 -0.371825 0.42337
v -63.1712 -119.611 849.6
vn 0.758832 -0.484417 0.435333
v -63.0712 -118.712 850.5
vn 0.976943 0.0463441 0.208411
v -62.8208 -118.459 850.2
vn 0.955074 0.291 0.0561444
v -62.9143 -118.132 849.9
vn 0.775708 -0.486888 0.401518
v -62.8685 -118.142 850.8
vn -0.2729 0.641653 -0.716803
v -63.7786 -115.987 844.5
vn -0.203773 0.721088 -0.6622
v -63.7842 -117.456 843
vn 0.0474301 0.735344 -0.676032
v -63.1724 -117.464 843.034
vn 0.79184 0.471445 -0.388238
v -62.1128 -116.769 845.4
vn 0.597071 -0.594376 0.538724
v -62.7896 -117.545 849.3
vn 0.955091 0.131259 0.265654
v -63.2206 -117.454 851.4
vn 0.974143 0.181376 0.134718
v -63.1564 -117.468 850.8
vn 0.747533 0.444778 -0.493322
v -62.9685 -113.619 847.2
vn 0.638642 -0.628008 0.444681
v -62.6291 -114.908 852.6
vn 0.91399 -0.307934 0.264194
v -61.7917 -114.384 852.3
vn 0.785978 0.393398 -0.476944
v -61.9377 -113.098 849.3
vn 0.728232 -0.548888 0.410365
v -62.4134 -113.025 855.3
vn 0.964066 -0.165038 0.208181
v -62.273 -111.215 857.1
vn 0.990044 -0.0679691 0.123258
v -61.6118 -110.742 852.3
vn 0.905919 -0.329661 0.265772
v -62.2024 -110.015 856.2
vn 0.99342 0.0279893 0.111059
v -62.4096 -110.572 856.8
vn 0.698849 -0.584132 0.412794
v -62.7285 -109.604 860.4
vn 0.503862 0.667867 -0.547792
v -62.0384 -106.357 857.954
vn 0.934683 -0.287525 0.20904
v -61.7858 -107.638 858.3
vn 0.695539 0.562899 -0.446509
v -61.6852 -106.138 858.6
vn 0.933683 -0.265948 0.239805
v -61.8646 -106.701 859.8
vn 0.670512 0.63832 -0.378102
v -61.8332 -105.392 859.2
vn 0.746499 0.608181 -0.269919
v -61.6974 -105.51 859.5
vn 0.984768 0.17142 -0.0291175
v -61.8091 -105.278 860.4
vn 0.520227 -0.847619 0.104436
v -64.8722 -132.675 822
vn 0.78606 -0.573985 -0.22946
v -64.12 -131.064 813.9
vn 0.844388 -0.5228 -0.117002
v -63.8092 -131.744 817.8
vn 0.748009 -0.663681 0.00329929
v -63.9037 -132.03 819.3
vn 0.976707 -0.20725 -0.055593
v -63.2415 -130.944 820.2
vn 0.648625 -0.734654 0.19892
v -64.3434 -131.63 826.17
vn 0.901864 -0.340102 -0.266405
v -64.3813 -129.475 810.3
vn 0.976931 -0.154608 -0.147315
v -63.8935 -129.886 812.7
vn 0.994622 -0.0308963 -0.0988547
v -63.6806 -128.704 815.7
vn 0.995852 0.0459002 -0.0785562
v -63.556 -129.651 816.3
vn 0.98095 -0.0607014 -0.184531
v -62.8837 -127.953 820.2
vn 0.848226 -0.525765 0.0639061
v -62.9627 -130.083 825.9
vn 0.997097 -0.0719101 0.0250341
v -62.4234 -128.358 826.5
vn 0.967398 -0.245475 0.0623104
v -62.8012 -127.971 831.9
vn 0.642081 -0.742342 0.191468
v -64.1951 -129.208 834.6
vn 0.83131 -0.541112 0.126973
v -63.1047 -128.52 832.8
vn 0.981189 0.176987 -0.0771013
v -63.8089 -127.143 813.6
vn 0.70521 0.633903 -0.317562
v -63.3295 -126.632 820.5
vn 0.864058 0.48229 -0.144224
v -63.1143 -127.291 819.45
vn 0.888812 0.335677 -0.311985
v -62.9629 -127.323 820.2
vn 0.678211 0.70193 -0.217544
v -63.2104 -126.3 821.4
vn 0.803541 0.514765 -0.298896
v -62.8196 -127.047 820.8
vn 0.92506 -0.359074 -0.123815
v -62.5664 -127.407 821.1
vn 0.853668 0.511879 -0.096076
v -62.5104 -126.806 822.9
vn 0.869321 0.490203 -0.0631066
v -62.2133 -127.482 823.8
vn 0.973477 0.216663 -0.0734859
v -62.603 -125.866 831.3
vn 0.833732 -0.542594 0.102387
v -62.9424 -127.327 837.3
vn 0.985068 -0.155701 -0.0734788
v -62.4993 -125.581 836.4
vn 0.958469 -0.283385 0.0321047
v -62.6241 -126.168 838.2
vn 0.736817 -0.636158 0.228916
v -63.3981 -126.924 842.7
vn 0.942101 -0.30424 0.141011
v -62.7112 -126.15 842.7
vn 0.875565 -0.351539 0.33137
v -63.4209 -125.386 845.4
vn 0.898464 0.433457 -0.0698347
v -62.9521 -125.085 830.4
vn 0.759129 0.623295 -0.18769
v -62.985 -123.797 834.3
vn 0.846131 0.510926 -0.151715
v -62.4506 -124.058 837.3
vn 0.945198 -0.326254 -0.0126014
v -62.0417 -124.759 838.8
vn 0.889968 0.351556 -0.290457
v -61.9977 -124.461 838.2
vn 0.927174 -0.33754 0.162527
v -62.2893 -124.706 840.9
vn 0.989573 -0.119116 -0.0809773
v -61.9062 -124.481 840.9
vn 0.782857 0.588989 -0.200568
v -61.8105 -123.581 841.2
vn 0.849885 0.120204 0.513076
v -63.0165 -124.858 844.5
vn 0.965743 0.0423051 0.256029
v -62.8716 -124.582 844.2
vn 0.874749 -0.137713 0.464596
v -63.0046 -124.554 844.5
vn 0.928843 -0.236762 0.284947
v -62.9027 -123.962 844.5
vn 0.997295 -0.0354152 0.0644097
v -62.7533 -125.221 843
vn 0.995913 0.0835779 0.0342239
v -62.7442 -125.223 843.6
vn 0.943007 -0.0304947 0.331373
v -62.7946 -125.212 844.2
vn 0.750443 -0.569866 0.334797
v -62.1174 -123.516 843.6
vn 0.915874 0.0386915 0.399596
v -63.2595 -124.806 844.8
vn 0.857006 -0.357427 0.371197
v -63.2035 -124.205 845.1
vn 0.797109 -0.497683 0.341948
v -63.0439 -123.319 845.7
vn 0.901516 0.127976 0.413389
v -63.0972 -125.148 844.8
vn 0.676512 -0.667328 0.311455
v -62.7184 -123.388 844.8
vn 0.608868 -0.68408 0.40164
v -62.6698 -123.092 845.4
vn 0.923779 0.117601 -0.364421
v -62.9302 -122.423 837.9
vn 0.872962 0.371954 -0.315575
v -62.4789 -121.292 839.7
vn 0.968393 0.0606961 -0.241931
v -62.1433 -122.283 840
vn 0.996126 -0.00652373 -0.0876918
v -61.9554 -122.323 841.8
vn 0.981189 0.11076 -0.158117
v -61.727 -121.452 842.1
vn 0.950109 0.246127 -0.191612
v -61.8784 -122.953 841.8
vn 0.82879 -0.461389 0.316588
v -62.1787 -122.889 844.596
vn 0.987953 0.0887272 -0.126793
v -61.8912 -122.337 842.4
vn 0.986582 -0.157887 0.041559
v -61.8508 -121.425 843.9
vn 0.870945 -0.388592 0.300752
v -61.7582 -122.365 844.2
vn 0.906096 0.367611 -0.209411
v -61.6393 -121.795 844.2
vn 0.753312 -0.518418 0.404677
v -61.6981 -122.071 844.595
vn 0.925607 0.268561 -0.266695
v -61.5207 -123.029 842.7
vn 0.759317 -0.463517 0.456716
v -62.7656 -122.765 845.941
vn 0.914696 -0.248829 0.318456
v -62.2928 -121.025 846.6
vn 0.594135 -0.727475 0.343196
v -62.3415 -122.855 845.4
vn 0.907684 -0.265039 0.325368
v -62.1599 -122.587 844.8
vn 0.830976 -0.358749 0.425179
v -62.3474 -122.24 845.588
vn 0.982011 -0.0749292 0.173322
v -61.8094 -121.152 844.8
vn 0.902667 0.330482 -0.275635
v -62.2735 -120.416 841.8
vn 0.919978 0.231359 -0.316407
v -62.145 -118.909 843.3
vn 0.958835 0.217355 -0.182736
v -61.8471 -120.506 843.3
vn 0.985366 -0.152197 0.0767468
v -61.6976 -120.231 844.8
vn 0.920203 -0.322434 0.221952
v -61.8461 -119.893 846.3
vn 0.930623 -0.281072 0.234393
v -61.5994 -119.025 846.6
vn 0.99313 -0.0811444 -0.0843161
v -61.4499 -118.75 846.3
vn 0.937287 -0.225171 0.266066
v -62.1735 -119.517 847.8
vn 0.816425 -0.419067 0.397283
v -62.3339 -119.483 848.4
vn 0.953312 -0.0135598 0.301681
v -62.2074 -119.203 848.4
vn 0.946803 0.186976 0.261922
v -62.1725 -118.903 847.8
vn 0.590118 -0.563138 0.578477
v -61.6713 -118.397 847.5
vn 0.679232 -0.528395 0.509355
v -61.8184 -116.865 849.3
vn 0.968913 0.241347 -0.054398
v -61.2774 -116.947 847.8
vn 0.93939 0.303661 -0.159172
v -61.431 -116.486 848.4
vn 0.971704 -0.0686477 0.226008
v -61.4259 -116.609 848.7
vn 0.459237 -0.684255 0.566477
v -61.2582 -117.871 847.8
vn 0.979483 0.103776 -0.172752
v -61.2462 -117.567 847.2
vn 0.942797 0.165495 -0.289388
v -61.3764 -115.699 849.3
vn -0.90547 -0.298514 0.301684
v -115.456 -125.367 930
vn -0.588943 -0.808174 -0.000839422
v -115.456 -125.367 930
vn -0.588943 -0.808174 -0.000839422
v -115.458 -125.366 931.136
vn -0.617891 -0.415398 0.667574
v -115.458 -125.366 931.136
vn 0.477442 -0.697149 0.534819
v -115.458 -125.366 931.136
vn -0.631822 -0.290607 0.718574
v -115.48 -124.748 931.5
vn 0.703563 -0.41172 0.579211
v -115.333 -124.779 931.616
vn -0.561139 -0.162938 0.811526
v -115.43 -123.532 931.8
vn -0.989522 0.129365 -0.0641216
v -115.43 -123.532 931.8
vn -0.759467 -0.48017 0.438915
v -115.43 -123.532 931.8
vn -0.711818 -0.697472 0.0827542
v -115.378 -122.929 932.1
vn -0.711818 -0.697472 0.0827542
v -115.258 -122.981 932.7
vn -0.759467 -0.48017 0.438915
v -115.258 -122.981 932.7
vn -0.222175 -0.82061 0.526534
v -115.258 -122.981 932.7
vn -0.759467 -0.48017 0.438915
v -115.146 -123.899 931.89
vn -0.244292 -0.658526 0.711804
v -115.146 -123.899 931.89
vn 0.576482 -0.600461 0.554179
v -115.146 -123.899 931.89
vn -0.711818 -0.697472 0.0827542
v -115.491 -122.636 933.6
vn -0.000679392 -0.908864 0.417092
v -115.491 -122.636 933.6
vn -0.893582 -0.316253 0.318585
v -115.491 -122.636 933.6
vn -0.774416 -0.376276 0.508622
v -115.331 -121.881 934.8
vn -0.230578 -0.441503 0.867127
v -115.294 -120.187 935.7
vn -0.876495 -0.310206 0.368142
v -115.522 -121.34 934.8
vn -0.985318 0.105043 0.134591
v -115.403 -120.777 935.455
vn 0.61682 -0.424068 0.663099
v -115.109 -120.84 935.611
vn 0.527052 -0.452679 0.719234
v -114.984 -120.253 935.726
vn 0.507949 -0.607919 0.610265
v -114.922 -119.959 935.958
vn -0.202527 -0.650863 -0.731683
v -114.922 -119.959 935.958
vn 0.087301 -0.946042 -0.312063
v -114.922 -119.959 935.958
vn 0.407527 -0.689241 -0.599057
v -115.574 -120.14 936.3
vn 0.334024 -0.564927 0.75451
v -115.574 -120.14 936.3
vn -0.570367 0.121234 0.812394
v -115.574 -120.14 936.3
vn 0.255557 -0.844553 -0.470554
v -115.571 -120.128 936.288
vn -0.202527 -0.650863 -0.731683
v -115.571 -120.128 936.288
vn 0.416228 -0.599261 0.683843
v -115.558 -120.131 936.3
vn -0.0823633 -0.685859 0.723059
v -115.397 -119.858 936
vn -0.202527 -0.650863 -0.731683
v -115.397 -119.858 936
vn -0.570367 0.121234 0.812394
v -115.415 -119.394 936.3
vn -0.661093 -0.745938 0.0808237
v -115.415 -119.394 936.3
vn -0.661093 -0.745938 0.0808237
v -115.404 -119.34 936.9
vn -0.0743276 -0.78164 0.619286
v -115.404 -119.34 936.9
vn -0.570367 0.121234 0.812394
v -115.153 -119.603 936.515
vn -0.661093 -0.745938 0.0808237
v -115.153 -119.603 936.515
vn 0.304338 -0.786643 0.537188
v -114.168 -118.586 935.7
vn 0.275555 0.194887 0.941323
v -115.146 -118.071 937.2
vn -0.844664 0.344467 0.409738
v -115.146 -118.071 937.2
vn -0.331588 0.707964 0.623567
v -115.146 -118.071 937.2
vn -0.331588 0.707964 0.623567
v -115.084 -117.778 936.9
vn -0.584437 -0.537015 0.608315
v -115.084 -117.778 936.9
vn -0.0673016 -0.707754 0.703246
v -115.28 -118.755 937.5
vn 0.633928 -0.329007 0.699921
v -115.28 -118.755 937.5
vn 0.422597 0.293689 0.857414
v -115.28 -118.755 937.5
vn -0.757059 -0.52585 0.387741
v -115.015 -117.513 937.2
vn 0.81735 -0.220264 0.532374
v -114.904 -118.43 937.203
vn -0.331588 0.707964 0.623567
v -114.779 -117.843 937.136
vn -0.677107 -0.574498 0.459867
v -114.779 -117.843 937.136
vn -0.0310768 -0.855918 0.516176
v -114.779 -117.843 937.136
vn 0.289614 0.0482962 0.955924
v -114.485 -117.905 937.05
vn 0.764283 -0.485314 0.424667
v -114.485 -117.905 937.05
vn 0.161902 -0.79465 0.58508
v -114.911 -116.895 938.7
vn -0.989179 -0.145815 -0.0162217
v -114.854 -114.76 940.5
vn -0.612402 0.687183 -0.390823
v -114.854 -114.76 940.5
vn -0.892785 0.338325 0.297442
v -114.854 -114.76 940.5
vn -0.981028 0.164744 -0.102192
v -115.068 -116.555 938.7
vn -0.937036 -0.348928 -0.014606
v -114.798 -115.079 939.9
vn -0.604505 0.678322 -0.417675
v -114.798 -115.079 939.9
vn -0.743639 -0.334374 0.578961
v -114.798 -115.079 939.9
vn -0.710064 -0.445238 0.545502
v -114.804 -115.077 940.306
vn 0.0780785 -0.705634 0.704262
v -114.804 -115.077 940.306
vn 0.151476 -0.862529 0.482803
v -114.767 -114.9 940.5
vn 0.555583 0.661925 -0.503173
v -114.454 -114.845 940.5
vn 0.745914 -0.40267 0.530536
v -114.454 -114.845 940.5
vn 0.788701 0.132183 0.600399
v -114.454 -114.845 940.5
vn -0.222333 -0.264889 0.938297
v -114.454 -114.845 940.5
vn 0.555583 0.661925 -0.503173
v -114.709 -114.631 940.5
vn -0.953675 0.272829 0.126757
v -114.709 -114.631 940.5
vn -0.222333 -0.264889 0.938297
v -114.709 -114.631 940.5
vn 0.555583 0.661925 -0.503173
v -114.68 -114.49 940.718
vn -0.892785 0.338325 0.297442
v -114.68 -114.49 940.718
vn 0.788701 0.132183 0.600399
v -114.68 -114.49 940.718
vn -0.74067 -0.337775 0.580789
v -114.573 -115.433 939.983
vn -0.843685 -0.536696 -0.0123481
v -114.573 -115.433 939.983
vn 0.0249853 -0.662622 0.748537
v -114.573 -115.433 939.983
vn -0.892785 0.338325 0.297442
v -114.742 -114.784 940.864
vn 0.165594 -0.942922 0.288922
v -114.742 -114.784 940.864
vn 0.788701 0.132183 0.600399
v -114.742 -114.784 940.864
vn 0.757141 0.418137 -0.501895
v -114.623 -114.222 941.1
vn 0.757141 0.418137 -0.501895
v -114.639 -114.192 941.1
vn -0.576115 0.570824 0.585022
v -114.475 -113.307 941.7
vn 0.757141 0.418137 -0.501895
v -114.617 -114.197 941.129
vn -0.576115 0.570824 0.585022
v -114.415 -113.247 941.7
vn -0.576115 0.570824 0.585022
v -114.43 -113.316 941.753
vn -0.15927 -0.773017 0.614066
v -114.219 -113.055 940.8
vn 0.560793 -0.399462 -0.725218
v -114.181 -112.143 942.234
vn -0.970223 0.225552 -0.0882763
v -114.181 -112.143 942.234
vn -0.864285 -0.258489 0.431502
v -114.181 -112.143 942.234
vn -0.913852 0.219539 0.34158
v -114.012 -112.792 941.184
vn -0.222333 -0.264889 0.938297
v -114.012 -112.792 941.184
vn -0.15927 -0.773017 0.614066
v -114.012 -112.792 941.184
vn -0.737885 -0.475755 0.47873
v -114.12 -111.235 942.9
vn -0.978149 0.207906 7.43456e-006
v -114.118 -111.849 942.121
vn 0.656898 0.391547 -0.644342
v -114.118 -111.849 942.121
vn 0.560793 -0.399462 -0.725218
v -113.917 -111.892 942.3
vn 0.675947 0.395268 -0.62198
v -113.917 -111.892 942.3
vn 0.656979 0.391595 -0.64423
v -114.072 -111.632 942.3
vn 0.696633 0.388375 -0.603214
v -114.056 -111.556 942.363
vn 0.590926 -0.643349 0.486732
v -113.838 -111.602 942.6
vn 0.722674 0.372829 -0.582015
v -113.999 -111.289 942.6
vn 0.741542 0.394648 -0.542557
v -113.994 -111.262 942.625
vn 0.632974 -0.615114 0.470083
v -113.775 -111.309 942.9
vn 0.742964 0.424278 -0.51768
v -113.942 -111.018 942.9
vn 0.726744 0.415861 -0.546719
v -113.931 -110.969 942.955
vn -0.552151 -0.665012 0.50288
v -114.027 -110.642 943.8
vn 0.721497 0.410515 -0.557602
v -113.713 -111.015 943.2
vn 0.826531 0.314248 0.467005
v -113.713 -111.015 943.2
vn 0.723978 0.406426 -0.557381
v -113.878 -110.721 943.2
vn -0.676645 -0.54599 0.49401
v -113.898 -110.976 943.5
vn -0.15927 -0.773017 0.614066
v -113.898 -110.976 943.5
vn -0.992616 0.118255 0.0269908
v -113.898 -110.976 943.5
vn 0.390979 -0.757406 0.522945
v -113.898 -110.976 943.5
vn 0.826531 0.314248 0.467005
v -113.898 -110.976 943.5
vn 0.826531 0.314248 0.467005
v -113.869 -110.675 943.247
vn 0.727809 0.408576 -0.550782
v -113.869 -110.675 943.247
vn -0.918946 0.347418 0.186651
v -113.806 -110.382 944.373
vn 0.579177 -0.581205 0.571625
v -113.806 -110.382 944.373
vn 0.332961 0.501089 0.798778
v -113.806 -110.382 944.373
vn -0.925033 0.330604 0.187123
v -113.744 -110.089 944.163
vn 0.332961 0.501089 0.798778
v -113.744 -110.089 944.163
vn 0.0629486 -0.427351 0.901892
v -113.744 -110.089 944.163
vn -0.366638 0.234754 0.900259
v -113.744 -110.089 944.163
vn 0.332961 0.501089 0.798778
v -113.457 -110.179 944.1
vn 0.0629486 -0.427351 0.901892
v -113.457 -110.179 944.1
vn -0.366638 0.234754 0.900259
v -113.388 -109.857 944.248
vn 0.356772 -0.49052 0.79505
v -113.388 -109.857 944.248
vn -0.833786 -0.126054 0.537505
v -113.388 -109.857 944.248
vn -0.366638 0.234754 0.900259
v -113.534 -109.52 944.1
vn 0.229845 -0.444452 0.865814
v -113.023 -107.788 945.3
vn -0.301522 0.134072 0.943986
v -113.023 -107.788 945.3
vn 0.779047 -0.458322 0.427817
v -112.874 -108.88 944.7
vn -0.301522 0.134072 0.943986
v -112.15 -105.827 945.3
vn -0.924079 0.0236882 0.381468
v -112.15 -105.827 945.3
vn 0.418494 -0.616438 0.666983
v -112.115 -106.754 945.443
vn -0.301522 0.134072 0.943986
v -112.115 -106.754 945.443
vn -0.924079 0.0236882 0.381468
v -112.115 -106.754 945.443
vn -0.924079 0.0236882 0.381468
v -111.75 -104.685 946.2
vn 0.294467 -0.373794 0.879527
v -111.75 -104.685 946.2
vn -0.730989 -0.535593 0.422842
v -111.75 -104.685 946.2
vn -0.541516 0.824473 -0.16433
v -111.641 -104.401 946.2
vn -0.12889 0.633934 0.762571
v -111.641 -104.401 946.2
vn 0.20791 0.978148 4.4782e-007
v -111.641 -104.401 946.2
vn -0.541516 0.824473 -0.16433
v -111.504 -104.431 945.6
vn -0.730989 -0.535593 0.422842
v -111.605 -104.409 946.8
vn 0.20791 0.978148 4.4782e-007
v -111.605 -104.409 946.8
vn -0.93255 0.355741 0.0616387
v -111.605 -104.409 946.8
vn 0.79965 0.46445 -0.380587
v -111.491 -103.82 947.37
vn 0.79965 0.46445 -0.380587
v -111.475 -103.823 947.4
vn 0.79965 0.46445 -0.380587
v -111.488 -103.802 947.4
vn -0.12889 0.633934 0.762571
v -111.323 -104.469 946.31
vn 0.20791 0.978148 4.4782e-007
v -111.323 -104.469 946.31
vn 0.438998 0.500289 0.746318
v -111.323 -104.469 946.31
vn -0.541516 0.824473 -0.16433
v -111.26 -104.176 946.077
vn -0.12889 0.633934 0.762571
v -111.26 -104.176 946.077
vn 0.438998 0.500289 0.746318
v -111.26 -104.176 946.077
vn 0.109353 -0.390734 0.913985
v -111.26 -104.176 946.077
vn -0.0238933 -0.201424 0.979213
v -111.108 -103.595 946.2
vn -0.753126 -0.515793 0.408362
v -111.108 -103.595 946.2
vn 0.438998 0.500289 0.746318
v -110.967 -104.238 945.946
vn -0.672104 -0.581145 0.458854
v -110.905 -103.945 946.133
vn -0.506521 -0.5558 -0.659183
v -110.685 -102.91 947.7
vn 0.546729 -0.815988 0.187754
v -110.685 -102.91 947.7
vn -0.694357 -0.442265 0.567689
v -111.445 -103.523 948.3
vn -0.146366 -0.688771 -0.71005
v -111.445 -103.523 948.3
vn -0.207862 -0.978158 -4.67315e-005
v -111.445 -103.523 948.3
vn -0.5438 0.8374 0.0551571
v -111.41 -103.224 948.3
vn -0.0494703 0.998327 -0.0299426
v -111.41 -103.224 948.3
vn -0.990295 0.11534 0.0775412
v -111.387 -103.229 948.6
vn -0.5438 0.8374 0.0551571
v -111.387 -103.229 948.6
vn 0 0 1
v -111.387 -103.229 948.6
vn -0.146366 -0.688771 -0.71005
v -111.413 -103.53 948.3
vn -0.207862 -0.978158 -4.67315e-005
v -111.413 -103.53 948.3
vn 0.444327 -0.672568 -0.591798
v -111.413 -103.53 948.3
vn 0.45387 -0.687013 0.567463
v -111.413 -103.53 948.3
vn -0.207862 -0.978158 -4.67315e-005
v -111.429 -103.526 948.317
vn 0.453766 -0.68682 0.56778
v -111.429 -103.526 948.317
vn 0.453361 -0.686996 0.567892
v -111.371 -103.254 948.6
vn 0 0 1
v -111.371 -103.254 948.6
vn 0.426731 -0.693827 -0.58009
v -111.364 -103.234 948
vn 0.669445 0.467252 -0.577511
v -111.364 -103.234 948
vn -0.982499 0.114432 -0.146975
v -111.366 -103.231 948
vn -0.0494703 0.998327 -0.0299426
v -111.366 -103.231 948
vn -0.146366 -0.688771 -0.71005
v -111.366 -103.231 948
vn 0.694457 -0.0430723 -0.718243
v -111.366 -103.231 948
vn 0.669445 0.467252 -0.577511
v -111.366 -103.231 948
vn -0.573282 0.819086 -0.0211327
v -111.366 -103.231 948
vn 0 0 1
v -111.346 -103.237 948.6
vn 0.691951 0.449136 0.565226
v -111.346 -103.237 948.6
vn -0.0494703 0.998327 -0.0299426
v -111.362 -103.212 948.6
vn 0.719586 0.208955 0.662219
v -111.362 -103.212 948.6
vn -0.573282 0.819086 -0.0211327
v -111.362 -103.212 948.6
vn 0 0 1
v -111.362 -103.212 948.6
vn 0.694457 -0.0430723 -0.718243
v -111.041 -102.995 948.3
vn 0.69839 -0.0454055 0.714276
v -111.041 -102.995 948.3
vn -0.573282 0.819086 -0.0211327
v -111.041 -102.995 948.3
vn -0.310399 0.0714252 0.947919
v -111.041 -102.995 948.3
vn 0.453746 -0.687137 0.567413
v -111.076 -103.307 948.3
vn -0.978011 0.088177 -0.188995
v -111.073 -103.295 948.287
vn 0.694457 -0.0430723 -0.718243
v -111.073 -103.295 948.287
vn 0.669445 0.467252 -0.577511
v -111.073 -103.295 948.287
vn 0.520535 -0.59675 0.610682
v -111.062 -103.298 948.3
vn 0.719586 0.208955 0.662219
v -111.073 -103.295 948.312
vn -0.148013 0.041419 0.988118
v -111.073 -103.295 948.312
vn 0.430218 -0.716385 -0.549277
v -110.964 -103.012 948
vn 0.426258 -0.899927 0.0918406
v -110.964 -103.012 948
vn 0.578913 -0.49766 0.645905
v -110.67 -102.842 948.3
vn 0.514841 -0.853122 0.0843923
v -110.67 -102.842 948.3
vn 0.0186473 0.0102164 0.999774
v -110.67 -102.842 948.3
vn -0.625197 -0.342532 0.701285
v -110.67 -102.842 948.3
vn 0.595677 -0.533491 0.600463
v -110.67 -102.842 948.3
vn -0.969507 0.197829 -0.144636
v -110.894 -102.72 947.7
vn -0.506521 -0.5558 -0.659183
v -110.894 -102.72 947.7
vn 0.0711813 -0.723307 -0.686848
v -110.894 -102.72 947.7
vn -0.148013 0.041419 0.988118
v -110.907 -102.411 948.3
vn -0.748399 -0.165403 0.642293
v -110.907 -102.411 948.3
vn -0.834156 0.0200012 0.551166
v -110.483 -101.274 948.9
vn -0.859977 0.0300466 0.509448
v -110.483 -101.274 948.9
vn -0.202447 0.0667045 0.977019
v -110.483 -101.274 948.9
vn -0.293601 -0.654054 0.697145
v -110.483 -101.274 948.9
vn 0.596163 -0.533475 0.599995
v -110.468 -101.89 948.945
vn -0.202447 0.0667045 0.977019
v -110.468 -101.89 948.945
vn -0.900075 0.0155895 0.435457
v -109.901 -99.8642 949.8
vn -0.979806 0.0664901 -0.188573
v -114.615 -133.519 919.8
vn -0.830816 -0.486744 0.269859
v -114.615 -133.519 919.8
vn -0.830816 -0.486744 0.269859
v -114.956 -131.607 922.2
vn -0.432938 -0.253642 0.865003
v -114.956 -131.607 922.2
vn -0.394137 -0.745055 0.538098
v -114.956 -131.607 922.2
vn -0.830816 -0.486744 0.269859
v -114.722 -132.006 922.2
vn -0.432938 -0.253642 0.865003
v -114.722 -132.006 922.2
vn 0.611402 -0.575449 0.543181
v -114.722 -132.006 922.2
vn 0.762349 -0.367903 0.53242
v -114.722 -132.006 922.2
vn -0.394137 -0.745055 0.538098
v -114.651 -131.672 922.334
vn 0.576894 -0.491851 0.652131
v -114.651 -131.672 922.334
vn 0.0471993 -0.838826 0.54235
v -114.236 -131.76 921.9
vn -0.839495 -0.543055 0.0184395
v -114.863 -131.013 922.2
vn -0.394137 -0.745055 0.538098
v -114.841 -131.018 923.1
vn 0.528107 -0.577242 0.622811
v -114.841 -131.018 923.1
vn -0.839495 -0.543055 0.0184395
v -114.841 -131.018 923.1
vn 0.158397 -0.885355 0.437101
v -114.841 -131.018 923.1
vn -0.372073 -0.628982 0.682601
v -114.819 -129.489 925.5
vn -0.0124201 -0.905843 0.423432
v -114.819 -129.489 925.5
vn 0.584073 -0.658319 0.474843
v -114.819 -129.489 925.5
vn 0.44746 -0.790168 0.418825
v -115.049 -130.655 924.3
vn -0.995753 -0.0454326 -0.0800685
v -115.049 -130.655 924.3
vn -0.372073 -0.628982 0.682601
v -115.049 -130.655 924.3
vn -0.0124201 -0.905843 0.423432
v -115.393 -129.06 926.4
vn -0.917337 -0.286897 0.276014
v -115.393 -129.06 926.4
vn -0.974784 0.144746 -0.169835
v -115.393 -129.06 926.4
vn -0.862007 -0.308281 -0.402377
v -115.264 -128.781 925.91
vn -0.372073 -0.628982 0.682601
v -115.264 -128.781 925.91
vn -0.981743 0.0894811 -0.16785
v -115.449 -126.901 928.5
vn -0.986948 0.144995 -0.0700746
v -115.411 -128.136 927.3
vn -0.542917 -0.545904 0.638145
v -115.411 -128.136 927.3
vn -0.617786 -0.564746 0.547176
v -115.306 -127.539 927.9
vn 0.718582 -0.489525 0.493969
v -115.201 -128.488 927.631
vn -0.894881 -0.131816 0.426395
v -115.201 -128.488 927.631
vn -0.639692 -0.569627 0.516061
v -115.077 -127.901 927.786
vn 0.746311 -0.431124 0.507101
v -115.077 -127.901 927.786
vn -0.588943 -0.808174 -0.000839422
v -115.192 -125.559 930.6
vn 0.500852 -0.712332 0.491661
v -115.192 -125.559 930.6
vn 0.854331 -0.29257 0.429559
v -113.924 -125.692 928.8
vn -0.730989 -0.535593 0.422842
v -111.096 -106.288 945.3
vn -0.202447 0.0667045 0.977019
v -110.05 -101.366 948.996
vn -0.293601 -0.654054 0.697145
v -110.05 -101.366 948.996
vn -0.293601 -0.654054 0.697145
v -109.863 -100.486 949.901
vn 0.163859 -0.603669 0.780214
v -109.863 -100.486 949.901
vn -0.828398 0.560066 -0.00911813
v -109.554 -99.0353 950.7
vn -0.0629319 -0.471355 0.879696
v -109.554 -99.0353 950.7
vn -0.553814 0.365879 0.747946
v -109.554 -99.0353 950.7
vn -0.553814 0.365879 0.747946
v -109.133 -98.4939 950.748
vn -0.672437 -0.215045 0.708226
v -109.133 -98.4939 950.748
vn -0.553814 0.365879 0.747946
v -108.842 -98.5705 951
vn -0.7741 -0.180386 0.60682
v -108.842 -98.5705 951
vn -0.865695 0.486576 -0.117538
v -108.824 -97.6394 951.3
vn 0.0984614 -0.49284 0.864531
v -108.714 -97.9694 951.396
vn -0.718325 0.0498926 0.693917
v -107.123 -94.8128 952.5
vn -0.0427067 -0.417661 0.907599
v -106.842 -94.931 952.8
vn 0.0605232 -0.454388 0.888745
v -106.249 -93.5862 953.483
vn -0.720034 0.596177 0.355141
v -106.249 -93.5862 953.483
vn 0.106465 0.211467 0.971569
v -106.249 -93.5862 953.483
vn -0.790523 0.286343 0.541369
v -106.184 -93.279 953.1
vn 0.106465 0.211467 0.971569
v -105.988 -93.335 953.4
vn -0.78508 0.260192 0.562094
v -105.988 -93.335 953.4
vn -0.183323 -0.364126 0.913129
v -105.988 -93.335 953.4
vn -0.317938 -0.912776 -0.256429
v -113.258 -138.102 911.729
vn -0.840469 -0.428462 0.331711
v -113.258 -138.102 911.729
vn 0.0474985 -0.878178 0.475969
v -113.258 -138.102 911.729
vn -0.317938 -0.912776 -0.256429
v -112.973 -137.856 910.5
vn -0.986102 -0.0691631 -0.151061
v -113.657 -136.79 914.1
vn -0.840469 -0.428462 0.331711
v -113.398 -137.152 912.6
vn -0.399931 -0.795868 -0.454587
v -113.398 -137.152 912.6
vn -0.703325 -0.638733 0.312016
v -113.432 -137.478 913.2
vn -0.263559 -0.910165 -0.319588
v -113.432 -137.478 913.2
vn 0.157068 -0.929623 0.333363
v -113.432 -137.478 913.2
vn 0.252283 -0.837601 0.484538
v -113.364 -137.159 914.005
vn -0.263559 -0.910165 -0.319588
v -113.122 -137.462 912.9
vn 0.14037 -0.855565 0.498303
v -113.122 -137.462 912.9
vn -0.980793 -0.025605 -0.193363
v -113.827 -136.45 914.7
vn -0.226728 -0.938651 -0.259863
v -113.827 -136.45 914.7
vn -0.453403 -0.695221 0.557757
v -113.86 -136.608 915.3
vn -0.226728 -0.938651 -0.259863
v -113.86 -136.608 915.3
vn 0.313283 -0.857429 0.408251
v -113.86 -136.608 915.3
vn -0.226728 -0.938651 -0.259863
v -113.552 -136.599 915
vn 0.280808 -0.882993 0.376126
v -113.552 -136.599 915
vn -0.453403 -0.695221 0.557757
v -114.144 -135.46 916.5
vn -0.793281 -0.604553 -0.0722562
v -114.144 -135.46 916.5
vn 0.378256 -0.794389 0.475255
v -113.725 -135.974 916.2
vn -0.793281 -0.604553 -0.0722562
v -113.725 -135.974 916.2
vn -0.785274 -0.617512 0.0449777
v -114.244 -135.132 917.1
vn -0.997371 -0.0243999 0.0682372
v -114.203 -135.141 917.7
vn -0.632828 -0.76749 0.102409
v -114.395 -134.793 919.118
vn 0.457529 -0.728381 0.510028
v -114.395 -134.793 919.118
vn -0.47867 -0.477627 0.736714
v -114.395 -134.793 919.118
vn -0.267527 -0.8435 0.465764
v -114.226 -135.442 917.25
vn -0.793281 -0.604553 -0.0722562
v -114.226 -135.442 917.25
vn 0.599703 -0.557395 0.574167
v -114.145 -133.619 920.041
vn 0.909071 -0.256874 0.328033
v -113.149 -128.311 924.6
vn 0.69 -0.464819 0.554836
v -110.809 -117.46 933.3
vn 0.589828 -0.654927 0.472412
v -109.861 -117.355 931.8
vn 0.540936 -0.615453 0.573242
v -107.287 -100.42 947.1
vn 0.106465 0.211467 0.971569
v -105.622 -93.5194 953.4
vn -0.183323 -0.364126 0.913129
v -105.622 -93.5194 953.4
vn -0.183323 -0.364126 0.913129
v -105.413 -92.5371 953.834
vn 0.336923 -0.520015 0.7849
v -105.413 -92.5371 953.834
vn -0.742481 0.239727 0.625503
v -104.098 -90.6696 954.6
vn -0.319377 -0.184175 0.929558
v -104.098 -90.6696 954.6
vn -0.785171 0.614164 -0.0794378
v -104.242 -90.3324 954.3
vn -0.895097 -0.44199 -0.0586959
v -112.409 -144.208 889.2
vn -0.99407 0.0958954 0.0512689
v -112.513 -144.701 891.375
vn -0.898656 -0.417473 0.134661
v -112.513 -144.701 891.375
vn -0.881614 -0.444957 0.157386
v -111.986 -144.506 895.5
vn -0.964433 0.253728 0.0740954
v -111.986 -144.506 895.5
vn -0.489754 -0.866356 0.0978216
v -111.986 -144.506 895.5
vn -0.74248 -0.518897 -0.423639
v -112.977 -141.842 886.8
vn -0.61881 -0.645557 -0.447582
v -112.859 -143.441 888.3
vn -0.864651 -0.50235 0.00483811
v -112.859 -143.441 888.3
vn -0.864292 -0.502141 -0.0292177
v -112.677 -143.746 889.2
vn -0.974666 0.221445 0.0314482
v -111.859 -144.226 897
vn -0.995287 -0.0903314 -0.0352777
v -112.081 -142.339 903.9
vn -0.969259 -0.23063 0.0857142
v -112.032 -142.434 904.2
vn 0.59197 -0.739625 0.320198
v -112.032 -142.434 904.2
vn -0.644022 -0.561803 0.519242
v -112.032 -142.434 904.2
vn -0.986479 0.0531284 -0.155035
v -111.941 -142.369 903
vn 0.525557 -0.769108 0.36368
v -111.745 -142.528 903.3
vn -0.90118 -0.0538089 -0.430091
v -112.886 -140.941 886.2
vn -0.397341 -0.914697 -0.0738212
v -112.405 -141.043 906.3
vn 0.0590784 -0.900215 0.431419
v -112.405 -141.043 906.3
vn -0.587374 -0.691575 0.420376
v -112.405 -141.043 906.3
vn -0.995287 -0.0903314 -0.0352777
v -112.249 -141.077 905.4
vn -0.728141 -0.638114 0.250244
v -112.249 -141.077 905.4
vn -0.752711 -0.656617 -0.0477548
v -112.249 -141.077 905.4
vn -0.644022 -0.561803 0.519242
v -112.249 -141.077 905.4
vn -0.393038 -0.904792 0.163928
v -112.295 -141.067 906
vn -0.752711 -0.656617 -0.0477548
v -112.295 -141.067 906
vn 0.0590784 -0.900215 0.431419
v -112.069 -141.165 906
vn 0.569198 -0.662587 0.486818
v -112.069 -141.165 906
vn -0.366473 -0.843638 0.392392
v -111.842 -141.543 905.4
vn -0.752711 -0.656617 -0.0477548
v -111.842 -141.543 905.4
vn -0.644022 -0.561803 0.519242
v -111.842 -141.543 905.4
vn -0.995667 -0.0542462 -0.07553
v -112.92 -139.4 909.598
vn 0.39479 -0.833171 0.387255
v -112.92 -139.4 909.598
vn -0.819058 -0.483797 0.308356
v -112.627 -139.463 909.254
vn 0.192473 -0.813391 0.548953
v -112.627 -139.463 909.254
vn -0.587374 -0.691575 0.420376
v -112.486 -140.245 907.5
vn 0.0136419 -0.973538 -0.22812
v -112.486 -140.245 907.5
vn -0.819058 -0.483797 0.308356
v -112.516 -140.386 908.1
vn 0.0223892 -0.779826 0.625596
v -112.516 -140.386 908.1
vn 0.0136419 -0.973538 -0.22812
v -112.516 -140.386 908.1
vn 0.579361 -0.676737 0.454277
v -112.516 -140.386 908.1
vn 0.603299 -0.677959 0.420001
v -112.194 -140.311 907.8
vn -0.587374 -0.691575 0.420376
v -112.194 -140.311 907.8
vn 0.0136419 -0.973538 -0.22812
v -112.194 -140.311 907.8
vn -0.982675 -0.00230584 -0.185323
v -112.814 -139.116 909.3
vn -0.819058 -0.483797 0.308356
v -112.814 -139.116 909.3
vn 0.236702 -0.906841 0.348729
v -112.972 -138.469 910.8
vn -0.317938 -0.912776 -0.256429
v -112.964 -138.164 911.588
vn 0.209452 -0.882976 0.420099
v -112.964 -138.164 911.588
vn 0.5991 -0.674665 0.431169
v -112.812 -138.889 910.8
vn 0.460434 -0.771019 0.439919
v -112.671 -138.227 911.226
vn 0.322751 -0.859313 0.396753
v -112.512 -137.481 912.6
vn 0.662191 -0.513453 0.545774
v -107.937 -120.831 927.3
vn 0.627445 -0.418359 0.656726
v -103.054 -98.7528 946.2
vn -0.23749 -0.206881 0.949104
v -102.035 -88.1906 955.8
vn -0.754672 0.226022 0.615942
v -101.8 -87.0841 956.1
vn -0.279478 -0.123508 0.952175
v -101.8 -87.0841 956.1
vn -0.641109 0.420455 0.642026
v -101.8 -87.0841 956.1
vn -0.641109 0.420455 0.642026
v -100.626 -85.8871 956.489
vn -0.978144 0.20793 6.81182e-006
v -100.626 -85.8871 956.489
vn -0.404413 -0.532464 0.743594
v -100.626 -85.8871 956.489
vn -0.297709 -0.476949 0.826976
v -100.572 -85.6334 956.7
vn -0.407646 0.34507 0.84543
v -100.572 -85.6334 956.7
vn -0.817596 0.573016 -0.0564802
v -100.563 -85.5937 956.359
vn -0.027544 -0.544515 0.838298
v -100.332 -85.9495 956.604
vn -0.407646 0.34507 0.84543
v -100.162 -85.1496 956.7
vn -0.800797 -0.272089 0.533564
v -100.162 -85.1496 956.7
vn -0.90173 0.216906 0.373945
v -100.162 -85.1496 956.7
vn -0.32403 0.172576 0.930173
v -99.7658 -84.5364 957.3
vn -0.69445 0.690703 -0.201663
v -99.7658 -84.5364 957.3
vn -0.570116 0.58823 0.573545
v -99.7658 -84.5364 957.3
vn -0.407646 0.34507 0.84543
v -99.9139 -85.425 956.932
vn -0.800797 -0.272089 0.533564
v -99.9139 -85.425 956.932
vn -0.90173 0.216906 0.373945
v -99.7892 -84.8381 957.419
vn -0.266348 0.370409 0.889863
v -99.7892 -84.8381 957.419
vn 0.199594 -0.650154 0.733118
v -99.7892 -84.8381 957.419
vn 0.0872947 -0.178172 0.98012
v -99.7892 -84.8381 957.419
vn -0.739997 0.552472 0.383639
v -99.371 -84.3136 957.464
vn -0.434821 -0.442232 0.78445
v -99.371 -84.3136 957.464
vn 0.449546 -0.89305 0.0192239
v -111.997 -145.158 893.4
vn -0.898656 -0.417473 0.134661
v -111.997 -145.158 893.4
vn -0.474725 -0.839771 0.263479
v -111.997 -145.158 893.4
vn -0.489754 -0.866356 0.0978216
v -111.599 -144.725 895.5
vn -0.490885 -0.868358 -0.0706112
v -111.617 -144.812 896.7
vn -0.0631659 -0.989846 0.12734
v -111.617 -144.812 896.7
vn -0.992434 0.115801 -0.0408045
v -111.751 -143.998 899.4
vn -0.605322 -0.750999 0.263791
v -111.751 -143.998 899.4
vn 0.493581 -0.811016 0.314054
v -111.473 -144.134 899.4
vn 0.650871 -0.563211 0.509077
v -109.023 -131.334 913.2
vn 0.776815 -0.628382 -0.0411709
v -99.1131 -88.0488 952.2
vn 0.562145 -0.58465 0.584959
v -98.3638 -86.9813 952.2
vn 0.890227 -0.382529 0.247319
v -98.3638 -86.9813 952.2
vn 0.87947 -0.390808 0.271662
v -98.9618 -88.081 952.8
vn 0.0919189 -0.158218 0.983116
v -99.1399 -84.6694 957.391
vn -0.434821 -0.442232 0.78445
v -99.1399 -84.6694 957.391
vn 0.60091 -0.687937 0.407001
v -99.1399 -84.6694 957.391
vn 0.182475 -0.650476 0.737282
v -99.1399 -84.6694 957.391
vn 0.327897 0.925671 -0.188724
v -97.823 -82.8024 956.925
vn -0.476188 0.369092 0.798133
v -97.823 -82.8024 956.925
vn 0.883992 -0.46342 0.0616435
v -97.5295 -82.8648 957.129
vn 0.327897 0.925671 -0.188724
v -97.5295 -82.8648 957.129
vn 0.866139 0.364183 0.342306
v -97.5295 -82.8648 957.129
vn -0.543083 0.368642 0.754429
v -97.5295 -82.8648 957.129
vn -0.543083 0.368642 0.754429
v -97.4479 -82.4807 957
vn -0.741853 -0.338892 0.578624
v -97.4479 -82.4807 957
vn -0.260552 0.110947 0.959064
v -97.296 -82.301 957.3
vn -0.747416 0.664074 -0.0193445
v -97.296 -82.301 957.3
vn -0.60651 0.365839 0.705909
v -97.1643 -82.5894 957.3
vn -0.741853 -0.338892 0.578624
v -97.1643 -82.5894 957.3
vn -0.175252 -0.0800583 0.981263
v -97.1643 -82.5894 957.3
vn -0.313077 0.362389 0.877871
v -96.8376 -81.7851 957.3
vn -0.628179 0.776886 -0.0428993
v -96.4945 -81.5513 957.3
vn 0.426166 -0.59839 0.678463
v -96.3997 -81.8781 957.495
vn 0.691542 0.0712998 0.718809
v -96.3997 -81.8781 957.495
vn 0.691542 0.0712998 0.718809
v -96.3373 -81.5847 957.406
vn -0.193144 -0.551825 0.811286
v -96.3373 -81.5847 957.406
vn -0.434821 -0.442232 0.78445
v -98.5782 -83.2553 958.5
vn 0.182475 -0.650476 0.737282
v -98.5782 -83.2553 958.5
vn -0.987183 -0.0907327 0.131289
v -98.5782 -83.2553 958.5
vn -0.207915 -0.978147 -1.14303e-005
v -98.5782 -83.2553 958.5
vn -0.857211 0.378273 -0.349427
v -98.5662 -82.9511 958.8
vn -0.2944 0.9378 -0.184009
v -98.5662 -82.9511 958.8
vn 0.0145992 0.0686838 0.997532
v -98.5662 -82.9511 958.8
vn 0.147014 0.691645 0.707117
v -98.5662 -82.9511 958.8
vn -0.207915 -0.978147 -1.14303e-005
v -98.5346 -83.2646 958.821
vn 0.430041 -0.819368 0.379078
v -98.5346 -83.2646 958.821
vn 0.0145992 0.0686838 0.997532
v -98.5346 -83.2646 958.821
vn 0.182475 -0.650476 0.737282
v -98.2412 -83.3269 958.353
vn -0.207915 -0.978147 -1.14303e-005
v -98.2412 -83.3269 958.353
vn 0.0145992 0.0686838 0.997532
v -98.1054 -83.0491 958.8
vn 0.147014 0.691645 0.707117
v -98.1054 -83.0491 958.8
vn 0.860753 -0.320835 0.395183
v -98.1054 -83.0491 958.8
vn 0.147014 0.691645 0.707117
v -97.8719 -82.792 958.5
vn 0.860753 -0.320835 0.395183
v -97.8719 -82.792 958.5
vn 0.967078 0.228668 0.111673
v -97.8719 -82.792 958.5
vn 0.926121 0.299502 0.229345
v -97.7226 -83.1305 957.9
vn 0.860753 -0.320835 0.395183
v -97.7226 -83.1305 957.9
vn 0.327897 0.925671 -0.188724
v -97.7958 -82.6744 957.6
vn 0.926121 0.299502 0.229345
v -97.7958 -82.6744 957.6
vn -0.0178812 -0.929825 0.367568
v -96.657 -78.7591 735
vn 0.569658 0.74685 0.343082
v -96.4714 -79.4092 734.4
vn 0.569658 0.74685 0.343082
v -96.4861 -79.398 734.4
vn 0.569658 0.74685 0.343082
v -96.4877 -79.4058 734.42
vn -0.674277 -0.4137 -0.611721
v -96.3826 -79.4281 734.7
vn -0.379578 0.736867 -0.559418
v -96.3826 -79.4281 734.7
vn 0.45963 0.448741 -0.766402
v -96.3826 -79.4281 734.7
vn -0.815667 -0.453072 0.359742
v -96.3826 -79.4281 734.7
vn 0.908739 0.248961 0.334979
v -96.2298 -79.7673 734.4
vn 0.908739 0.248961 0.334979
v -96.2456 -79.7095 734.4
vn 0.908739 0.248961 0.334979
v -96.2567 -79.7616 734.469
vn -0.716658 -0.680547 0.152506
v -96.2364 -79.6663 734.7
vn -0.0309532 -0.669349 -0.742303
v -96.2364 -79.6663 734.7
vn -0.379578 0.736867 -0.559418
v -96.1943 -79.4681 734.52
vn 0.819851 0.342744 -0.458662
v -96.1943 -79.4681 734.52
vn -0.0309532 -0.669349 -0.742303
v -96.1943 -79.4681 734.52
vn -0.866467 0.00452636 -0.499214
v -95.8034 -80.1646 735
vn -0.51891 0.384935 -0.763254
v -95.8034 -80.1646 735
vn -0.866467 0.00452636 -0.499214
v -95.9632 -79.824 735.281
vn -0.51891 0.384935 -0.763254
v -95.9632 -79.824 735.281
vn 0.842458 0.538159 0.0254855
v -95.6997 -79.2666 736.2
vn -0.366804 0.630604 0.683954
v -95.6997 -79.2666 736.2
vn -0.694701 -0.404378 0.594869
v -96.5964 -78.4626 735.6
vn -0.439894 0.690727 -0.573926
v -96.5964 -78.4626 735.6
vn -0.439894 0.690727 0.573926
v -96.5964 -78.4626 735.6
vn -0.0178812 -0.929825 0.367568
v -96.6431 -78.7593 735
vn -0.0178812 -0.929825 0.367568
v -96.6564 -78.7565 735.007
vn -0.737418 -0.548078 0.394748
v -96.5426 -78.7807 735.3
vn -0.366804 0.630604 0.683954
v -96.5426 -78.7807 735.3
vn -0.694701 -0.404378 0.594869
v -96.5946 -78.4656 735.6
vn 0.325819 -0.678343 -0.658553
v -96.5946 -78.4656 735.6
vn 0.325819 -0.678343 0.658553
v -96.5946 -78.4656 735.6
vn -0.439894 0.690727 -0.573926
v -96.5941 -78.4631 735.598
vn 0.325819 -0.678343 -0.658553
v -96.5941 -78.4631 735.598
vn 0.563424 0.534751 -0.629758
v -96.5941 -78.4631 735.598
vn 0.325819 -0.678343 0.658553
v -96.5907 -78.4638 735.6
vn 0.563424 0.534751 -0.629758
v -96.5907 -78.4638 735.6
vn 0.563424 0.534751 0.629758
v -96.5907 -78.4638 735.6
vn -0.439894 0.690727 0.573926
v -96.5936 -78.4608 735.6
vn 0.563424 0.534751 -0.629758
v -96.5936 -78.4608 735.6
vn 0.563424 0.534751 0.629758
v -96.5936 -78.4608 735.6
vn -0.439894 0.690727 0.573926
v -96.5941 -78.4631 735.602
vn 0.325819 -0.678343 0.658553
v -96.5941 -78.4631 735.602
vn 0.563424 0.534751 0.629758
v -96.5941 -78.4631 735.602
vn 0.44565 0.588733 -0.674381
v -96.363 -78.8189 735.069
vn 0.419075 0.712086 -0.563303
v -96.3284 -78.6561 735.3
vn 0.664209 0.746352 0.0422538
v -96.3284 -78.6561 735.3
vn -0.366804 0.630604 0.683954
v -96.3284 -78.6561 735.3
vn 0.44565 0.588733 -0.674381
v -96.0695 -78.8812 735.208
vn 0.809414 0.55771 -0.183872
v -96.0695 -78.8812 735.208
vn 0.784202 -0.515849 0.344858
v -107.927 -143.222 892.8
vn 0.521154 -0.698559 0.490321
v -105.367 -132.725 906.966
vn 0.432478 -0.778588 0.454713
v -105.282 -126.609 915.3
vn 0.281772 -0.867664 0.40959
v -100.412 -112.922 928.2
vn 0.424978 -0.659446 0.620101
v -99.086 -104.617 937.796
vn -0.434437 0.258942 -0.862678
v -95.1788 -81.9051 736.2
vn -0.976724 -0.209039 0.0480978
v -95.1788 -81.9051 736.2
vn 0.838249 -0.0738477 -0.540264
v -95.1788 -81.9051 736.2
vn 0.75194 0.0419651 -0.657894
v -95.0856 -81.8507 736.5
vn -0.69854 -0.531544 -0.479064
v -95.0856 -81.8507 736.5
vn -0.946292 -0.295334 -0.131569
v -95.0856 -81.8507 736.5
vn 0.791206 -0.0153226 -0.611358
v -94.9326 -82.1899 736.653
vn -0.69854 -0.531544 -0.479064
v -94.9326 -82.1899 736.653
vn 0.195296 -0.51766 -0.832999
v -94.9326 -82.1899 736.653
vn -0.989883 -0.114744 0.0834574
v -95.0523 -82.4712 736.8
vn 0.195296 -0.51766 -0.832999
v -95.0523 -82.4712 736.8
vn -0.301284 -0.714693 -0.631222
v -95.0523 -82.4712 736.8
vn -0.69854 -0.531544 -0.479064
v -95.0527 -82.1644 736.8
vn -0.994495 -0.0825821 -0.0644996
v -95.0527 -82.1644 736.8
vn -0.961201 -0.275384 -0.0160052
v -95.1637 -81.8341 736.815
vn -0.27208 -0.718199 -0.640439
v -94.5328 -83.195 737.372
vn 0.732097 -0.209351 -0.648233
v -94.5328 -83.195 737.372
vn -0.627653 0.217878 0.747382
v -94.6392 -82.2523 739.678
vn -0.368816 0.786454 0.495444
v -94.2506 -83.8684 741.9
vn -0.81697 0.467615 0.337485
v -94.2506 -83.8684 741.9
vn 0.691542 0.0712998 0.718809
v -96.1063 -81.9405 957.219
vn -0.193144 -0.551825 0.811286
v -96.1063 -81.9405 957.219
vn -0.508475 0.430345 0.745825
v -95.9953 -81.4184 957.6
vn 0.50734 -0.69553 0.508767
v -95.9953 -81.4184 957.6
vn 0.368787 0.08702 0.925432
v -95.9953 -81.4184 957.6
vn -0.912831 -0.311671 0.26382
v -95.8053 -80.5239 735
vn -0.866467 0.00452636 -0.499214
v -95.8053 -80.5239 735
vn 0.851001 -0.180889 -0.493028
v -95.8053 -80.5239 735
vn 0.560105 -0.758321 0.333514
v -95.8053 -80.5239 735
vn -0.838145 -0.260137 -0.479419
v -95.7388 -80.2109 735.6
vn 0.560105 -0.758321 0.333514
v -95.7388 -80.2109 735.6
vn -0.51891 0.384935 -0.763254
v -95.699 -80.0239 735
vn -0.0309532 -0.669349 -0.742303
v -95.699 -80.0239 735
vn -0.57108 -0.819591 0.0462318
v -95.699 -80.0239 735
vn 0.876007 0.0209644 -0.481843
v -95.699 -80.0239 735
vn 0.833899 -0.134531 -0.53527
v -95.5659 -80.2151 735.3
vn 0.560105 -0.758321 0.333514
v -95.5659 -80.2151 735.3
vn 0.659668 -0.736031 -0.151976
v -95.4157 -81.4738 735.6
vn -0.146254 -0.021726 -0.989008
v -95.3829 -81.1741 735.9
vn -0.918459 -0.285064 0.274174
v -95.5457 -80.8328 735.6
vn 0.703658 -0.291737 -0.647886
v -95.5457 -80.8328 735.6
vn 0.142153 -0.820755 0.553311
v -95.5457 -80.8328 735.6
vn -0.119716 -0.0300227 -0.992354
v -95.5203 -80.6261 735.9
vn 0.142153 -0.820755 0.553311
v -95.5203 -80.6261 735.9
vn 0.936849 0.314404 0.153178
v -95.4387 -80.2421 736.606
vn -0.736339 0.659751 0.15011
v -95.3763 -79.9487 735.623
vn 0.89542 0.423318 -0.137929
v -95.3763 -79.9487 735.623
vn 0.659668 -0.736031 -0.151976
v -95.3886 -81.4496 735.6
vn 0.659668 -0.736031 -0.151976
v -95.3948 -81.4783 735.713
vn -0.172677 -0.0134121 -0.984887
v -95.3688 -81.356 735.9
vn 0.537733 -0.809156 0.236875
v -95.3688 -81.356 735.9
vn 0.836427 -0.203681 -0.508825
v -95.3688 -81.356 735.9
vn -0.978791 -0.166696 0.119084
v -95.3253 -81.1515 736.5
vn 0.537733 -0.809156 0.236875
v -95.3253 -81.1515 736.5
vn 0.852342 -0.0885993 -0.515424
v -95.2076 -80.598 735.862
vn 0.142153 -0.820755 0.553311
v -95.2076 -80.598 735.862
vn 0.537733 -0.809156 0.236875
v -94.9766 -80.9538 736.384
vn 0.87196 -0.0589741 -0.486011
v -94.9766 -80.9538 736.384
vn 0.866455 0.459086 -0.196204
v -94.9178 -80.0462 738.3
vn -0.589875 0.567129 -0.574815
v -94.9178 -80.0462 738.3
vn 0.644847 0.103912 -0.757215
v -94.9178 -80.0462 738.3
vn -0.706976 0.309708 0.635819
v -94.9845 -79.5483 738.3
vn -0.942819 0.0940459 0.319761
v -94.9157 -79.7399 738.6
vn -0.64527 0.626143 -0.43769
v -94.9157 -79.7399 738.6
vn -0.706976 0.309708 0.635819
v -94.9581 -79.4242 738.269
vn -0.706976 0.309708 0.635819
v -94.9325 -79.4296 738.3
vn -0.905934 0.291834 0.306786
v -94.7724 -79.4637 738.9
vn 0.800758 0.336297 -0.495673
v -94.6647 -79.4866 738.592
vn 0.649045 -0.758051 -0.0640355
v -94.452 -81.372 737.255
vn 0.837826 -0.0753207 -0.540717
v -94.452 -81.372 737.255
vn -0.635676 0.0936315 0.766256
v -94.4872 -79.5243 739.8
vn -0.96021 0.274748 -0.0501069
v -94.1394 -79.5982 740.1
vn 0.831354 0.434932 0.345954
v -94.1394 -79.5982 740.1
vn 0.668483 -0.278552 0.689593
v -93.8628 -79.9637 739.8
vn 0.926807 0.360864 0.103949
v -93.8628 -79.9637 739.8
vn 0.549841 0.74874 0.370221
v -93.8628 -79.9637 739.8
vn 0.666072 -0.27768 0.692273
v -94.1402 -79.9047 740.093
vn 0.542742 0.746526 0.384876
v -94.1402 -79.9047 740.093
vn 0.926807 0.360864 0.103949
v -93.993 -79.6293 739.8
vn 0.967053 -0.222317 0.124028
v -93.993 -79.6293 739.8
vn -0.945029 0.270404 -0.18385
v -94.0576 -79.5161 739.8
vn 0.831354 0.434932 0.345954
v -94.0576 -79.5161 739.8
vn 0.926807 0.360864 0.103949
v -94.0297 -79.6215 740.1
vn 0.967053 -0.222317 0.124028
v -94.0297 -79.6215 740.1
vn 0.585916 -0.470533 0.659774
v -94.0778 -79.6113 740.15
vn 0 0 1
v -94.0193 -79.3362 740.4
vn 0.478688 -0.644407 0.596319
v -94.0193 -79.3362 740.4
vn -0.475483 0.568099 0.671699
v -95.9036 -80.9868 957.3
vn -0.915024 0.40337 -0.00490277
v -95.5682 -80.8519 956.4
vn -0.417101 0.576939 0.702259
v -95.5633 -80.8291 957.373
vn -0.915024 0.40337 -0.00490277
v -95.5633 -80.8291 957.373
vn 0.368787 0.08702 0.925432
v -95.5633 -80.8291 957.373
vn -0.52434 -0.441811 0.727922
v -95.5633 -80.8291 957.373
vn 0.368787 0.08702 0.925432
v -95.2956 -81.1927 957.3
vn -0.50158 -0.508868 0.699622
v -95.2956 -81.1927 957.3
vn 0.513147 0.378801 0.770188
v -94.6737 -80.7115 955.8
vn 0.693686 0.512073 -0.506539
v -94.8688 -80.4473 955.8
vn 0.513147 0.378801 0.770188
v -94.8688 -80.4473 955.8
vn -0.296765 -0.545528 0.783792
v -94.4854 -80.7515 955.2
vn -0.296765 -0.545528 0.783792
v -94.53 -80.2963 955.5
vn 0.946467 -0.107787 0.304274
v -94.53 -80.2963 955.5
vn 0.513147 0.378801 0.770188
v -94.53 -80.2963 955.5
vn -0.256368 0.932444 -0.254605
v -94.4837 -80.0786 956.7
vn 0.927316 0.30334 -0.219249
v -94.3102 -80.1754 957.3
vn 0.820011 0.42921 0.378631
v -94.3102 -80.1754 957.3
vn 0.871744 0.456288 -0.178505
v -94.4482 -79.9117 957.3
vn 0.657842 0.577773 0.483139
v -94.4482 -79.9117 957.3
vn -0.863029 -0.505146 -0.00290002
v -94.2662 -79.878 956.1
vn -0.783259 0.616537 -0.0799159
v -94.2662 -79.878 956.1
vn -0.26967 -0.169092 0.947991
v -94.2753 -79.8761 956.4
vn -0.805582 0.5918 -0.0284644
v -94.2753 -79.8761 956.4
vn -0.475684 0.580067 0.661246
v -94.2753 -79.8761 956.4
vn -0.296765 -0.545528 0.783792
v -94.1729 -80.0595 955.8
vn -0.658437 0.721534 0.214124
v -94.1729 -80.0595 955.8
vn -0.935437 0.0862936 -0.342798
v -94.1729 -80.0595 955.8
vn -0.877915 -0.478526 0.0166522
v -94.1729 -80.0595 955.8
vn 0.183247 -0.982783 0.0236431
v -94.1729 -80.0595 955.8
vn -0.215807 -0.878075 0.427096
v -94.1729 -80.0595 955.8
vn -0.26967 -0.169092 0.947991
v -94.1697 -80.0444 956.4
vn 0.183247 -0.982783 0.0236431
v -94.1697 -80.0444 956.4
vn 0.520568 -0.741817 0.422749
v -94.1697 -80.0444 956.4
vn -0.935437 0.0862936 -0.342798
v -93.9149 -79.646 955.2
vn -0.475684 0.580067 0.661246
v -94.0777 -79.6114 956.31
vn -0.668236 -0.352969 0.654884
v -94.0777 -79.6114 956.31
vn 0.0979835 -0.875611 0.472974
v -93.852 -79.9924 956.1
vn -0.475684 0.580067 0.661246
v -93.7842 -79.6738 956.576
vn 0.229484 -0.834152 0.501524
v -93.7842 -79.6738 956.576
vn -0.829302 -0.303232 0.46937
v -93.7842 -79.6738 956.576
vn -0.635822 -0.434964 0.637602
v -95.4408 -80.5484 957.6
vn -0.626571 0.776312 -0.068905
v -95.4408 -80.5484 957.6
vn -0.577169 0.572122 0.582711
v -95.4408 -80.5484 957.6
vn 0.381501 -0.684599 0.621112
v -95.2548 -80.8204 957.6
vn -0.577169 0.572122 0.582711
v -95.2075 -80.598 957.88
vn 0.422019 -0.68512 0.593726
v -95.2075 -80.598 957.88
vn 0.0465845 0.152519 0.987202
v -95.2075 -80.598 957.88
vn 0.276338 0.0985509 0.955994
v -94.8517 -80.367 957.827
vn 0.456668 0.692079 0.559
v -94.7893 -80.0735 957.779
vn -0.577169 0.572122 0.582711
v -94.7893 -80.0735 957.779
vn 0.276338 0.0985509 0.955994
v -94.7893 -80.0735 957.779
vn 0.657842 0.577773 0.483139
v -94.4661 -80.1422 957.6
vn 0.490431 0.0389975 0.870607
v -94.4661 -80.1422 957.6
vn 0.740842 -0.637 -0.213036
v -94.0847 -79.6099 957.9
vn -0.96974 -0.0706545 0.233691
v -94.0847 -79.6099 957.9
vn 0.81859 -0.50735 0.26927
v -94.0847 -79.6099 957.9
vn -0.588122 0.292689 0.753953
v -94.2757 -79.0992 739.8
vn 0.812778 0.425213 -0.398227
v -94.2757 -79.0992 739.8
vn 0.831354 0.434932 0.345954
v -94.2757 -79.0992 739.8
vn -0.337934 0.922404 -0.187009
v -94.2757 -79.0992 739.8
vn 0.208028 0.978123 -2.22174e-005
v -94.0567 -79.3091 740.1
vn 0.95356 0.24663 -0.172904
v -94.0567 -79.3091 740.1
vn -0.957975 0.274108 0.0845454
v -94.0317 -79.3144 740.4
vn 0 0 1
v -94.0317 -79.3144 740.4
vn 0.208028 0.978123 -2.22174e-005
v -94.0317 -79.3144 740.4
vn 0.90674 0.367131 -0.207453
v -93.9991 -79.3213 740.4
vn 0.967053 -0.222317 0.124028
v -93.9991 -79.3213 740.4
vn 0.475444 -0.645629 0.597592
v -93.9991 -79.3213 740.4
vn 0.208028 0.978123 -2.22174e-005
v -93.9991 -79.3213 740.4
vn -0.723247 0.690589 -0.00107253
v -93.8296 -79.3574 956.7
vn 0.740842 -0.637 -0.213036
v -94.0153 -79.3179 957.268
vn -0.590153 0.784621 -0.18997
v -94.0153 -79.3179 957.268
vn 0.866202 0.463526 -0.186646
v -94.0153 -79.3179 957.268
vn 0.272609 -0.780439 0.562672
v -93.7219 -79.3803 957.076
vn -0.798045 0.542889 0.261526
v -93.7219 -79.3803 957.076
vn -0.438427 -0.0419928 0.897785
v -93.7219 -79.3803 957.076
vn -0.696083 0.709709 -0.10854
v -94.1739 -79.2842 957.9
vn -0.88806 -0.243231 0.390113
v -94.1739 -79.2842 957.9
vn -0.758579 0.596822 -0.261461
v -93.9832 -79.0181 958.5
vn -0.752346 0.0185688 0.658506
v -93.9646 -79.022 958.8
vn 0.894084 -0.426735 0.136052
v -93.9646 -79.022 958.8
vn 0.659301 -0.343248 0.668957
v -93.9646 -79.022 958.8
vn -0.997754 0.0246257 0.0622914
v -93.9571 -78.7169 958.8
vn -0.752346 0.0185688 0.658506
v -93.9571 -78.7169 958.8
vn 0.163092 0.767413 -0.620063
v -93.9571 -78.7169 958.8
vn 0.207879 0.978155 8.39609e-006
v -93.9571 -78.7169 958.8
vn 0.928468 0.355196 -0.108547
v -93.8617 -79.3506 957.9
vn 0.697816 -0.600005 0.391212
v -93.8617 -79.3506 957.9
vn 0.936117 0.230662 -0.26548
v -93.9231 -79.0308 958.5
vn 0.919116 0.312099 -0.240456
v -93.9399 -78.963 958.5
vn 0.163092 0.767413 -0.620063
v -93.9399 -78.963 958.5
vn 0.878887 -0.45757 0.134858
v -93.8208 -78.7459 958.8
vn 0.659301 -0.343248 0.668957
v -93.8208 -78.7459 958.8
vn 0.163092 0.767413 -0.620063
v -93.8208 -78.7459 958.8
vn 0.207879 0.978155 8.39609e-006
v -93.8208 -78.7459 958.8
vn 0.659301 -0.343248 0.668957
v -93.8906 -78.731 958.876
vn 0.207879 0.978155 8.39609e-006
v -93.8906 -78.731 958.876
vn 0.648522 -0.706398 0.283585
v -105.011 -142.593 886.2
vn 0.793126 -0.583331 0.175143
v -104.136 -141.574 889.8
vn 0.637429 -0.701405 0.318928
v -104.2 -140.027 891.3
vn -0.93453 0.104993 -0.340045
v -103.526 -131.276 872.794
vn 0.867844 -0.128853 0.479838
v -99.4446 -114.048 926.1
vn -0.859961 0.510203 0.0126731
v -93.866 -89.4708 754.5
vn -0.97499 0.192975 0.110248
v -94.0284 -90.0497 756.3
vn -0.748124 0.340227 0.569698
v -93.2177 -89.9153 762
vn 0.207807 -0.695539 -0.687781
v -93.6454 -87.6775 741.452
vn -0.624762 -0.512884 -0.588746
v -93.8889 -88.2391 742.2
vn -0.99525 -0.0432449 0.0872198
v -93.8889 -88.2391 742.2
vn -0.971056 0.237447 0.0258504
v -93.6638 -89.2071 746.61
vn 0.122155 0.967286 0.222341
v -92.7308 -87.7036 753.9
vn 0.536187 0.823038 0.187382
v -92.901 -88.5042 758.1
vn -0.760541 0.644481 0.0788724
v -93.3653 -88.9638 760.5
vn -0.216894 0.956063 0.197232
v -93.3653 -88.9638 760.5
vn -0.516812 0.810518 -0.275619
v -93.3653 -88.9638 760.5
vn -0.0970579 0.984533 0.145856
v -93.2333 -88.6244 759
vn -0.516812 0.810518 -0.275619
v -92.9663 -88.8114 760.2
vn 0.850747 0.399287 -0.341759
v -92.9663 -88.8114 760.2
vn 0.67239 0.729122 0.127565
v -92.9663 -88.8114 760.2
vn -0.855704 0.462728 0.231635
v -93.4735 -89.2475 761.1
vn -0.799588 0.583677 0.141355
v -92.8898 -88.4515 761.115
vn 0.751914 0.589663 -0.294828
v -92.8898 -88.4515 761.115
vn 0.62617 0.113035 -0.77145
v -92.8898 -88.4515 761.115
vn -0.0680084 0.931675 -0.356871
v -92.8898 -88.4515 761.115
vn -0.584617 0.704604 0.40219
v -92.6005 -88.2063 761.7
vn -0.989167 -0.146567 0.00813882
v -93.9287 -86.1244 740.4
vn 0.493419 -0.497477 -0.713481
v -93.627 -86.1479 740.313
vn -0.755972 0.599359 0.263203
v -93.8823 -85.1735 744.6
vn -0.41832 0.859568 0.293516
v -93.7333 -85.2052 745.277
vn 0.863016 0.092632 -0.496611
v -92.2307 -83.3777 739.8
vn 0.846867 0.404294 -0.345489
v -93.2558 -80.7061 740.4
vn 0.451408 0.84463 0.287803
v -93.3846 -80.6788 740.522
vn -0.67444 0.083315 0.733614
v -92.7977 -80.8035 741.219
vn -0.67444 0.083315 0.733614
v -92.7121 -80.8217 741.3
vn -0.67444 0.083315 0.733614
v -92.6752 -80.5228 741.3
vn 0.719532 0.286197 -0.632744
v -91.7731 -81.6347 741.9
vn -0.545056 0.837448 0.0399277
v -91.7731 -81.6347 741.9
vn 0.45411 0.887831 0.0744309
v -91.7487 -81.6399 742.343
vn -0.540451 0.824351 0.168399
v -91.7487 -81.6399 742.343
vn -0.540451 0.824351 0.168399
v -91.3929 -81.4088 742.354
vn 0.480891 -0.628995 0.610827
v -90.5895 -77.6294 744.9
vn -0.666619 0.0358235 -0.744537
v -90.5895 -77.6294 744.9
vn 0.126954 -0.166052 -0.977911
v -90.5895 -77.6294 744.9
vn 0.829042 0.528831 -0.181733
v -91.8937 -77.9287 957.3
vn 0.110403 -0.314373 0.942858
v -91.8937 -77.9287 957.3
vn 0.713477 0.655678 -0.247055
v -92.1115 -77.5757 957.443
vn 0.110403 -0.314373 0.942858
v -92.1115 -77.5757 957.443
vn -0.141663 0.634291 0.760004
v -92.1115 -77.5757 957.443
vn -0.611368 -0.0585572 0.789177
v -92.2101 -77.5547 957.9
vn -0.502425 0.658984 0.55974
v -92.2101 -77.5547 957.9
vn 0.386401 -0.719014 0.577679
v -92.1781 -77.8889 957.9
vn 0.777284 -0.381564 0.500238
v -92.1781 -77.8889 957.9
vn 0.875647 0.47554 -0.0842866
v -92.0113 -77.597 957.9
vn 0.72187 0.402141 0.563194
v -92.0113 -77.597 957.9
vn -0.597993 0.78433 -0.165017
v -92.0871 -77.461 957.9
vn -0.502425 0.658984 0.55974
v -92.0871 -77.461 957.9
vn 0.72187 0.402141 0.563194
v -92.0871 -77.461 957.9
vn -0.502425 0.658984 0.55974
v -92.1115 -77.5757 958.013
vn 0.657799 -0.375689 0.652808
v -92.1115 -77.5757 958.013
vn 0.72187 0.402141 0.563194
v -92.1115 -77.5757 958.013
vn -0.00174709 -0.293509 -0.955955
v -91.631 -76.7577 744.228
vn -0.838671 -0.544638 0
v -91.631 -76.7577 744.228
vn 0.18889 0.676026 -0.712256
v -91.631 -76.7577 744.228
vn 0.18889 0.676026 -0.712256
v -91.6157 -76.6855 744.3
vn 0.0971287 0.671767 0.734367
v -91.6157 -76.6855 744.3
vn 0.43535 0.900261 0
v -91.6157 -76.6855 744.3
vn -0.838671 -0.544638 0
v -91.631 -76.7577 744.368
vn -0.0926635 -0.147837 0.984661
v -91.631 -76.7577 744.368
vn 0.0971287 0.671767 0.734367
v -91.631 -76.7577 744.368
vn -0.838671 -0.544638 0
v -91.3999 -77.1135 744.336
vn -0.0926635 -0.147837 0.984661
v -91.3999 -77.1135 744.336
vn 0.978149 -0.207903 0
v -91.3999 -77.1135 744.336
vn 0.18889 0.676026 -0.712256
v -91.3376 -76.82 744.246
vn 0.978149 -0.207903 0
v -91.3376 -76.82 744.246
vn 0.43535 0.900261 0
v -91.3376 -76.82 744.246
vn 0.0971287 0.671767 0.734367
v -91.3376 -76.82 744.386
vn 0.978149 -0.207903 0
v -91.3376 -76.82 744.386
vn 0.43535 0.900261 0
v -91.3376 -76.82 744.386
vn -0.609954 -0.386877 0.69158
v -91.1596 -76.8579 744.6
vn -0.324203 0.718295 -0.615585
v -91.1596 -76.8579 744.6
vn -0.322333 0.714152 0.62136
v -91.1596 -76.8579 744.6
vn -0.609954 -0.386877 0.69158
v -91.0692 -77.0004 744.6
vn 0.349299 -0.612125 -0.709431
v -91.0692 -77.0004 744.6
vn 0.346631 -0.60745 0.714739
v -91.0692 -77.0004 744.6
vn -0.324203 0.718295 -0.615585
v -91.0441 -76.8824 744.511
vn 0.349299 -0.612125 -0.709431
v -91.0441 -76.8824 744.511
vn 0.544435 0.551201 -0.632272
v -91.0441 -76.8824 744.511
vn 0.346631 -0.60745 0.714739
v -90.9117 -76.9106 744.6
vn 0.544435 0.551201 -0.632272
v -90.9117 -76.9106 744.6
vn 0.541124 0.547849 0.638002
v -90.9117 -76.9106 744.6
vn -0.322333 0.714152 0.62136
v -91.0261 -76.7976 744.6
vn 0.544435 0.551201 -0.632272
v -91.0261 -76.7976 744.6
vn 0.541124 0.547849 0.638002
v -91.0261 -76.7976 744.6
vn -0.322333 0.714152 0.62136
v -91.0441 -76.8824 744.688
vn 0.346631 -0.60745 0.714739
v -91.0441 -76.8824 744.688
vn 0.541124 0.547849 0.638002
v -91.0441 -76.8824 744.688
vn -0.662554 0.0627946 -0.746377
v -90.5712 -77.2896 744.9
vn -0.608007 0.0901053 0.788802
v -90.5712 -77.2896 744.9
vn -0.591159 0.0806056 0.802517
v -90.5306 -76.9916 744.9
vn 0.616804 0.139132 -0.774723
v -90.5306 -76.9916 744.9
vn 0.126954 -0.166052 -0.977911
v -90.5517 -77.6005 744.9
vn 0.96983 -0.13543 -0.202703
v -90.5517 -77.6005 744.9
vn 0.599735 -0.415497 0.683871
v -90.582 -77.594 744.931
vn -0.624514 0.0995542 0.774643
v -90.582 -77.594 744.931
vn 0.126954 -0.166052 -0.977911
v -90.5196 -77.3006 744.853
vn 0.96983 -0.13543 -0.202703
v -90.5196 -77.3006 744.853
vn 0.616804 0.139132 -0.774723
v -90.5196 -77.3006 744.853
vn 0.679572 -0.174974 0.712436
v -90.4572 -77.0072 744.956
vn 0.96983 -0.13543 -0.202703
v -90.4572 -77.0072 744.956
vn 0.616804 0.139132 -0.774723
v -90.4572 -77.0072 744.956
vn -0.141663 0.634291 0.760004
v -91.7557 -77.3446 957.317
vn -0.64402 0.543341 0.538533
v -91.7557 -77.3446 957.317
vn -0.370661 -0.186708 0.909808
v -91.7557 -77.3446 957.317
vn 0.110403 -0.314373 0.942858
v -91.4622 -77.407 957.423
vn -0.141663 0.634291 0.760004
v -91.4622 -77.407 957.423
vn -0.370661 -0.186708 0.909808
v -91.4622 -77.407 957.423
vn 0.411104 -0.334817 0.847875
v -91.4622 -77.407 957.423
vn -0.370661 -0.186708 0.909808
v -91.3998 -77.1136 957.509
vn -0.107703 0.299774 0.947911
v -91.3998 -77.1136 957.509
vn 0.411104 -0.334817 0.847875
v -91.3998 -77.1136 957.509
vn -0.571007 0.680485 0.459229
v -91.3375 -76.8201 957.507
vn -0.64402 0.543341 0.538533
v -90.931 -76.3506 957.3
vn -0.206253 0.374453 0.904016
v -90.931 -76.3506 957.3
vn -0.46997 0.853231 0.226108
v -90.931 -76.3506 957.3
vn 0.0225729 -0.680163 0.732714
v -90.5836 -76.1593 957.3
vn -0.600029 0.790781 0.120958
v -90.5836 -76.1593 957.3
vn -0.968361 0.245955 -0.0422189
v -90.2604 -75.8222 956.7
vn -0.669221 0.727279 -0.15234
v -90.2604 -75.8222 956.7
vn 0.356733 0.82138 -0.445058
v -90.2604 -75.8222 956.7
vn -0.279895 0.380294 0.881496
v -90.2604 -75.8222 956.7
vn -0.00729911 0.219935 0.975487
v -90.1806 -76.1459 957.3
vn 0.827008 -0.40844 0.38631
v -90.1806 -76.1459 957.3
vn 0.0225729 -0.680163 0.732714
v -90.1806 -76.1459 957.3
vn -0.571007 0.680485 0.459229
v -91.3537 -76.8964 957.6
vn -0.571007 0.680485 0.459229
v -91.2779 -76.8328 957.6
vn -0.710964 0.703127 0.011952
v -90.2479 -75.8249 957.6
vn -0.999592 0.024923 0.0139532
v -90.2479 -75.8249 957.6
vn 0.890489 -0.196854 0.410216
v -90.2479 -75.8249 957.6
vn -0.147001 -0.691643 0.707121
v -90.2479 -75.8249 957.6
vn 0.560971 -0.7642 0.318291
v -90.2479 -75.8249 957.6
vn -0.943197 0.224957 0.244487
v -90.2361 -75.5207 957.9
vn -0.151393 -0.712311 0.685341
v -90.2361 -75.5207 957.9
vn 0.560971 -0.7642 0.318291
v -90.0559 -75.559 957.9
vn 0.933171 0.17813 -0.312187
v -90.0559 -75.559 957.9
vn 0.953937 -0.178745 0.240946
v -90.0559 -75.559 957.9
vn 0.356733 0.82138 -0.445058
v -90.0944 -75.2441 957.9
vn 0.984488 0.120363 -0.127658
v -90.0944 -75.2441 957.9
vn -0.44671 0.692529 -0.56644
v -90.0944 -75.2441 957.9
vn -0.867107 0.444365 -0.225088
v -90.0229 -74.9526 958.2
vn -0.445645 0.693828 -0.565689
v -90.0229 -74.9526 958.2
vn -0.0956142 0.149498 0.984128
v -90.0229 -74.9526 958.2
vn -0.155647 -0.732324 0.66293
v -90.0829 -75.2466 958.239
vn 0.0263988 0.12458 0.991858
v -90.0829 -75.2466 958.239
vn 0.953937 -0.178745 0.240946
v -90.0829 -75.2466 958.239
vn -0.445645 0.693828 -0.565689
v -90.0205 -74.9531 958.198
vn 0.953937 -0.178745 0.240946
v -90.0182 -74.9536 958.2
vn 0.148001 0.0977211 0.984147
v -90.0182 -74.9536 958.2
vn 0.0263988 0.12458 0.991858
v -90.02 -74.9508 958.2
vn 0.688409 0.454539 -0.565232
v -90.02 -74.9508 958.2
vn 0.42066 -0.879259 0.223493
v -101.676 -141.333 882.3
vn 0.782937 -0.299592 0.54521
v -101.385 -137.558 894.6
vn 0.410951 -0.864537 0.289301
v -99.8722 -133.893 896.7
vn 0.398059 -0.874327 0.27767
v -100.672 -133.723 898.575
vn -0.637983 0.768131 0.0543409
v -101.199 -130.237 855.6
vn -0.870159 0.492302 -0.0214842
v -100.229 -128.603 837.3
vn 0.853327 -0.195395 0.483378
v -98.122 -117.396 919.675
vn 0.897808 0.0950399 0.430009
v -96.9174 -115.505 921.3
vn 0.864158 -0.0244614 0.502626
v -97.392 -115.404 922.054
vn 0.916358 0.00321305 -0.400346
v -92.1375 -89.8382 761.7
vn 0.87131 -0.368332 -0.324268
v -91.9907 -89.8694 762.3
vn 0.313354 0.935948 -0.160656
v -92.2758 -88.4488 762.3
vn -0.665053 0.742273 -0.0820691
v -92.1493 -88.6089 762.6
vn -0.0680084 0.931675 -0.356871
v -92.2184 -88.1784 761.7
vn 0.112882 0.901787 0.417179
v -92.2184 -88.1784 761.7
vn 0.878915 0.47481 -0.0454345
v -92.2184 -88.1784 761.7
vn 0.345915 0.924534 -0.159936
v -91.9895 -88.5446 762.3
vn 0.288675 0.862234 0.416195
v -91.9895 -88.5446 762.3
vn 0.383665 0.907941 -0.168654
v -91.9793 -88.4965 762.6
vn -0.546106 0.826594 -0.136055
v -91.9793 -88.4965 762.6
vn 0.45717 0.870114 -0.184112
v -91.9426 -88.3242 763.5
vn 0.431215 0.884933 -0.175918
v -91.6668 -88.4692 763.5
vn 0.866987 0.417488 -0.272097
v -91.3426 -88.3871 764.7
vn -0.465673 0.850163 0.245708
v -91.3426 -88.3871 764.7
vn 0.368464 0.884566 0.285968
v -91.3426 -88.3871 764.7
vn 0.368464 0.884566 0.285968
v -91.4373 -88.8326 766.2
vn 0.666143 0.69582 -0.26849
v -91.4373 -88.8326 766.2
vn 0.209751 0.939617 0.270416
v -91.4373 -88.8326 766.2
vn -0.757215 0.326262 0.565843
v -90.7966 -81.4896 743.4
vn -0.757215 0.326262 0.565843
v -90.7436 -81.2401 743.327
vn -0.757215 0.326262 0.565843
v -90.6937 -81.2507 743.4
vn -0.526822 0.797489 0.294058
v -90.4501 -81.3025 743.754
vn 0.545625 0.723902 -0.422208
v -90.4501 -81.3025 743.754
vn 0.632325 0.605844 0.482823
v -90.4501 -81.3025 743.754
vn 0.632325 0.605844 0.482823
v -90.1916 -81.5291 743.7
vn 0.0491524 0.833435 0.550427
v -90.1916 -81.5291 743.7
vn 0.632325 0.605844 0.482823
v -90.2191 -81.6583 743.898
vn 0.0491524 0.833435 0.550427
v -90.2191 -81.6583 743.898
vn 0.273776 0.28205 -0.919508
v -90.2191 -81.6583 743.898
vn -0.867557 0.241394 0.434827
v -90.2191 -81.6583 743.898
vn -0.544646 0.838666 0
v -90.2191 -81.6583 743.898
vn 0.0491524 0.833435 0.550427
v -89.7813 -81.7514 744
vn 0.273776 0.28205 -0.919508
v -89.7813 -81.7514 744
vn -0.544646 0.838666 0
v -89.8633 -81.4272 744.075
vn 0.730694 0.323906 -0.600975
v -89.8633 -81.4272 744.075
vn 0.570209 0.821499 0
v -89.8633 -81.4272 744.075
vn -0.756305 0.266932 0.597285
v -89.8633 -81.4272 744.45
vn 0.52638 0.843678 -0.105508
v -89.8633 -81.4272 744.45
vn 0.556026 0.525623 -0.64386
v -89.8633 -81.4272 744.45
vn 0.207901 0.97815 1.2216e-005
v -89.8633 -81.4272 744.45
vn 0.52638 0.843678 -0.105508
v -89.596 -81.6128 744.3
vn -0.0156159 0.998804 0.0463287
v -88.9829 -81.6144 745.058
vn -0.0911446 0.995283 -0.0332472
v -88.893 -81.6335 745.5
vn 0.0665878 0.727694 -0.682662
v -88.893 -81.6335 745.5
vn -0.804349 0.119015 0.582116
v -88.6842 -81.3712 745.8
vn 0.20791 0.978148 -1.45851e-006
v -88.6842 -81.3712 745.8
vn 0.66105 -0.244824 0.709278
v -90.0575 -78.0122 745.188
vn 0.00811666 0.0381795 -0.999238
v -90.0575 -78.0122 745.188
vn -0.661744 -0.452959 0.59743
v -89.7665 -78.0741 745.5
vn -0.494432 0.604636 -0.624462
v -89.7665 -78.0741 745.5
vn -0.484335 0.592289 0.643905
v -89.7665 -78.0741 745.5
vn -0.661744 -0.452959 0.59743
v -89.7645 -78.0769 745.5
vn 0.449139 -0.68955 -0.568151
v -89.7645 -78.0769 745.5
vn 0.441507 -0.677832 0.58789
v -89.7645 -78.0769 745.5
vn -0.494432 0.604636 -0.624462
v -89.764 -78.0746 745.498
vn 0.449139 -0.68955 -0.568151
v -89.764 -78.0746 745.498
vn 0.71459 0.338086 -0.61242
v -89.764 -78.0746 745.498
vn 0.441507 -0.677832 0.58789
v -89.7617 -78.0751 745.5
vn 0.71459 0.338086 -0.61242
v -89.7617 -78.0751 745.5
vn 0.700539 0.331438 0.631977
v -89.7617 -78.0751 745.5
vn -0.484335 0.592289 0.643905
v -89.7634 -78.0716 745.5
vn 0.71459 0.338086 -0.61242
v -89.7634 -78.0716 745.5
vn 0.700539 0.331438 0.631977
v -89.7634 -78.0716 745.5
vn -0.484335 0.592289 0.643905
v -89.764 -78.0746 745.502
vn 0.441507 -0.677832 0.58789
v -89.764 -78.0746 745.502
vn 0.700539 0.331438 0.631977
v -89.764 -78.0746 745.502
vn -0.69735 -0.246659 -0.67295
v -89.4559 -78.7535 745.8
vn -0.603567 0.362428 -0.710178
v -89.4559 -78.7535 745.8
vn -0.69735 -0.246659 -0.67295
v -89.3386 -79.0851 745.8
vn 0.809244 -0.337168 -0.481084
v -89.3386 -79.0851 745.8
vn 0.83491 -0.347861 0.426519
v -89.3386 -79.0851 745.8
vn 0.809244 -0.337168 -0.481084
v -89.3019 -78.7862 745.652
vn 0.557399 0.0454269 -0.829001
v -89.3019 -78.7862 745.652
vn -0.603567 0.362428 -0.710178
v -89.3019 -78.7862 745.652
vn 0.798385 -0.238455 0.55292
v -89.3019 -78.7862 745.972
vn -0.7828 0.252861 0.568582
v -89.1415 -78.8203 746.1
vn 0.194049 -0.461957 -0.865413
v -89.1415 -78.8203 746.1
vn -0.830564 -0.350929 0.432449
v -89.1415 -78.8203 746.1
vn 0.794293 -0.138919 0.591439
v -89.1039 -78.5216 745.8
vn 0.557399 0.0454269 -0.829001
v -89.1039 -78.5216 745.8
vn 0.752274 -0.0302129 0.658158
v -89.2395 -78.4928 745.956
vn 0.759555 0.0619022 0.64749
v -89.1293 -78.2095 745.8
vn -0.603567 0.362428 -0.710178
v -89.1293 -78.2095 745.8
vn -0.81453 0.489106 0.311955
v -89.1293 -78.2095 745.8
vn -0.75876 0.157254 0.632103
v -89.0198 -78.2328 746.1
vn 0.207929 0.978144 -1.30461e-005
v -89.0198 -78.2328 746.1
vn 0.100848 0.474409 -0.874509
v -89.0198 -78.2328 746.1
vn 0.507658 0.0643175 -0.859154
v -88.9461 -78.5552 745.934
vn 0.100848 0.474409 -0.874509
v -88.9461 -78.5552 745.934
vn 0.271883 -0.647251 -0.712142
v -88.9461 -78.5552 745.934
vn 0.974494 0.123463 -0.187401
v -88.6567 -78.6167 746.1
vn -0.692574 0.330615 -0.64112
v -88.6567 -78.6167 746.1
vn 0.194049 -0.461957 -0.865413
v -88.6567 -78.6167 746.1
vn 0.744188 0.0322248 -0.667192
v -88.6567 -78.6167 746.1
vn -0.666985 -0.616978 0.417695
v -88.6567 -78.6167 746.1
vn 0.974494 0.123463 -0.187401
v -88.6966 -78.3015 746.1
vn 0.207929 0.978144 -1.30461e-005
v -88.6966 -78.3015 746.1
vn 0.100848 0.474409 -0.874509
v -88.6966 -78.3015 746.1
vn 0.755824 0.0855624 -0.649161
v -88.5903 -78.3241 746.179
vn -0.530933 0.665847 0.524174
v -88.7759 -78.2846 746.4
vn -0.666985 -0.616978 0.417695
v -88.7759 -78.2846 746.4
vn 0.974494 0.123463 -0.187401
v -88.5903 -78.3241 746.638
vn 0.207929 0.978144 -1.30461e-005
v -88.5903 -78.3241 746.638
vn -0.530933 0.665847 0.524174
v -88.5903 -78.3241 746.638
vn -0.666985 -0.616978 0.417695
v -88.5903 -78.3241 746.638
vn -0.0353016 0.86001 -0.509054
v -88.5903 -78.3241 746.638
vn 0.417225 0.61611 0.668081
v -88.5903 -78.3241 746.638
vn -0.0353016 0.86001 -0.509054
v -88.2968 -78.3865 746.513
vn 0.417225 0.61611 0.668081
v -88.2968 -78.3865 746.513
vn 0.00811666 0.0381795 -0.999238
v -90.0311 -77.7111 745.2
vn 0.207945 0.978141 4.81289e-005
v -90.0311 -77.7111 745.2
vn 0.00811666 0.0381795 -0.999238
v -89.9638 -77.7254 745.2
vn 0.207945 0.978141 4.81289e-005
v -89.9638 -77.7254 745.2
vn 0.66105 -0.244824 0.709278
v -89.9951 -77.7188 745.232
vn 0.207945 0.978141 4.81289e-005
v -89.9951 -77.7188 745.232
vn -0.641325 0.452295 -0.619783
v -88.5279 -78.0307 746.329
vn 0.755582 0.162847 -0.63449
v -88.5279 -78.0307 746.329
vn 0.417225 0.61611 0.668081
v -88.5279 -78.0307 746.329
vn 0.356733 0.82138 -0.445058
v -89.9142 -75.8958 956.842
vn 0.560971 -0.7642 0.318291
v -89.9142 -75.8958 956.842
vn 0.98823 0.12082 0.0938265
v -89.9142 -75.8958 956.842
vn -0.279895 0.380294 0.881496
v -89.9142 -75.8958 956.842
vn -0.68554 0.72248 0.0897598
v -89.44 -75.1079 957
vn -0.935783 -0.0977904 0.338742
v -89.3075 -75.1047 956.1
vn -0.68554 0.72248 0.0897598
v -89.4336 -75.0779 956.807
vn -0.68554 0.72248 0.0897598
v -89.413 -75.0823 957
vn -0.279895 0.380294 0.881496
v -89.1043 -74.9714 956.7
vn -0.592616 0.805188 0.0218776
v -89.1043 -74.9714 956.7
vn -0.935783 -0.0977904 0.338742
v -89.1043 -74.9714 956.7
vn -0.140509 -0.647426 0.749064
v -88.9587 -74.2864 957.3
vn -0.715821 0.668058 -0.203223
v -88.9587 -74.2864 957.3
vn -0.468697 0.269111 0.841369
v -88.9587 -74.2864 957.3
vn 0.569466 -0.581189 0.581316
v -88.3076 -74.0904 957.6
vn -0.468697 0.269111 0.841369
v -88.3076 -74.0904 957.6
vn 0.136512 -0.0783807 0.987533
v -88.3076 -74.0904 957.6
vn -0.761532 -0.40816 0.503463
v -87.5298 -73.3356 957.552
vn 0.136512 -0.0783807 0.987533
v -87.5298 -73.3356 957.552
vn -0.138582 0.818811 0.557086
v -87.1249 -72.5016 957.3
vn -0.539351 0.805205 -0.246465
v -87.6798 -72.997 957.6
vn -0.761532 -0.40816 0.503463
v -87.6798 -72.997 957.6
vn 0.136512 -0.0783807 0.987533
v -87.6798 -72.997 957.6
vn -0.373202 0.832047 0.410388
v -87.6798 -72.997 957.6
vn 0.651772 -0.555856 0.515962
v -87.3413 -73.069 957.6
vn 0.851951 0.435887 0.290141
v -87.3413 -73.069 957.6
vn -0.816101 0.566495 -0.114291
v -87.4344 -72.887 957.6
vn 0.225488 0.115367 0.967391
v -87.4344 -72.887 957.6
vn -0.373202 0.832047 0.410388
v -87.4344 -72.887 957.6
vn 0.851951 0.435887 0.290141
v -87.4344 -72.887 957.6
vn -0.112569 0.665115 0.738208
v -87.4344 -72.887 957.6
vn -0.373202 0.832047 0.410388
v -87.456 -73.0446 957.9
vn 0.74178 -0.583361 0.330837
v -87.456 -73.0446 957.9
vn 0.851951 0.435887 0.290141
v -87.456 -73.0446 957.9
vn 0.404182 -0.89895 0.168899
v -100.194 -141.571 880.2
vn 0.359105 -0.891351 0.276654
v -99.0354 -140.818 882.6
vn 0.423462 -0.861065 0.28151
v -100.918 -140.111 885.9
vn 0.45877 -0.799025 0.388701
v -99.7695 -134.221 895.8
vn 0.609608 -0.619831 0.494153
v -97.9836 -132.147 897.3
vn 0.0782445 0.969163 0.233668
v -97.9961 -128.347 858
vn 0.240198 0.886635 0.395199
v -97.879 -129.239 861.3
vn -0.554538 0.832055 -0.0130854
v -97.879 -129.239 861.3
vn 0.186619 0.957414 0.2203
v -97.879 -129.239 861.3
vn 0.851416 -0.19509 0.486857
v -94.3073 -118.207 912.613
vn 0.829386 -0.263692 0.49253
v -95.165 -116.798 916.8
vn 0.560563 -0.676588 0.477491
v -93.0059 -108.669 924.6
vn 0.48546 -0.74399 -0.459137
v -89.7698 -92.1817 770.1
vn 0.983166 0.165429 0.0775781
v -89.1324 -90.7837 769.5
vn 0.912178 0.409532 0.0146392
v -89.0976 -90.4844 768.9
vn 0.900644 0.424012 0.0951537
v -89.186 -90.4656 769.5
vn 0.195884 0.938392 0.284694
v -90.3143 -90.7637 771.9
vn 0.327484 0.897969 0.293948
v -90.2404 -90.4164 770.7
vn 0.153439 0.912877 0.378302
v -89.0495 -92.0281 775.171
vn 0.368464 0.884566 0.285968
v -89.5556 -90.0803 767.635
vn 0.676114 -0.611538 -0.410964
v -89.5556 -90.0803 767.635
vn 0.919397 -0.125186 -0.372877
v -89.5556 -90.0803 767.635
vn 0.792856 0.562531 -0.234391
v -89.5556 -90.0803 767.635
vn 0.212744 0.937588 0.275078
v -90.4237 -89.8359 768.9
vn -0.239002 0.969787 -0.0488989
v -88.6685 -81.5782 745.5
vn 0.20791 0.978148 -1.45851e-006
v -88.4231 -81.4267 746.1
vn -0.858947 0.43269 -0.273843
v -88.4231 -81.4267 746.1
vn -0.228223 0.617988 0.752333
v -88.4231 -81.4267 746.1
vn 0.183924 0.865353 0.466193
v -88.4231 -81.4267 746.1
vn -0.147018 -0.691711 0.707051
v -88.4231 -81.4267 746.1
vn -0.80402 -0.0520364 0.592322
v -88.4231 -81.4267 746.1
vn 0.93078 0.128596 -0.342216
v -88.2835 -81.1496 746.1
vn 0.146954 0.691727 -0.707049
v -88.2835 -81.1496 746.1
vn 0.475421 0.854428 -0.209587
v -88.4584 -82.0326 745.169
vn 0.489752 0.61131 -0.621645
v -88.4584 -82.0326 745.169
vn 0.0665878 0.727694 -0.682662
v -88.3337 -81.4457 745.755
vn 0.20791 0.978148 -1.45851e-006
v -88.3337 -81.4457 745.755
vn 0.282983 0.64671 -0.708298
v -88.3337 -81.4457 745.755
vn -0.86517 0.435825 -0.248068
v -88.3337 -81.4457 745.755
vn 0.873069 0.367144 -0.320866
v -88.3337 -81.4457 745.755
vn 0.183924 0.865353 0.466193
v -88.2399 -81.4656 746.1
vn -0.147018 -0.691711 0.707051
v -88.2399 -81.4656 746.1
vn 0.989049 -0.132516 0.0649729
v -88.2399 -81.4656 746.1
vn -0.398237 0.722651 -0.564963
v -87.9559 -81.8327 746.1
vn 0.146954 0.691727 -0.707049
v -88.2392 -80.8523 746.4
vn -0.80402 -0.0520364 0.592322
v -88.2392 -80.8523 746.4
vn 0 0 1
v -88.2392 -80.8523 746.4
vn 0.989049 -0.132516 0.0649729
v -88.2191 -81.1633 746.4
vn -0.80402 -0.0520364 0.592322
v -88.2191 -81.1633 746.4
vn 0 0 1
v -88.2191 -81.1633 746.4
vn 0.989049 -0.132516 0.0649729
v -88.1791 -80.8651 746.4
vn 0.146954 0.691727 -0.707049
v -88.1791 -80.8651 746.4
vn 0 0 1
v -88.1791 -80.8651 746.4
vn 0.790363 0.611483 -0.0376146
v -88.0731 -81.6627 746.4
vn 0.183924 0.865353 0.466193
v -88.0731 -81.6627 746.4
vn -0.867559 0.062566 0.493383
v -88.0731 -81.6627 746.4
vn -0.398237 0.722651 -0.564963
v -88.0731 -81.6627 746.4
vn -0.839349 -0.10716 0.532926
v -87.7142 -81.417 747
vn 0.694308 0.354557 -0.626279
v -87.622 -80.9835 746.951
vn -0.398237 0.722651 -0.564963
v -87.622 -80.9835 746.951
vn -0.873555 0.234103 0.42673
v -87.622 -80.9835 746.951
vn 0.298903 0.141966 -0.943664
v -87.622 -80.9835 746.951
vn 0.715405 0.0534209 -0.696665
v -88.0842 -80.2719 746.586
vn 0.392146 -0.719327 -0.573403
v -88.0842 -80.2719 746.586
vn -0.782927 -0.585817 0.20939
v -88.0842 -80.2719 746.586
vn -0.82682 -0.418099 0.376246
v -87.8572 -80.3201 747.3
vn -0.979535 -0.19642 -0.0439467
v -87.8165 -80.4558 747
vn -0.739495 -0.645332 0.191555
v -87.8165 -80.4558 747
vn -0.563509 -0.649839 -0.510065
v -87.8165 -80.4558 747
vn -0.979535 -0.19642 -0.0439467
v -87.793 -80.6405 747.3
vn -0.611534 -0.694294 -0.37945
v -87.793 -80.6405 747.3
vn -0.82013 -0.225303 0.525952
v -87.793 -80.6405 747.3
vn 0.612219 0.015918 -0.790528
v -87.7907 -80.3343 746.865
vn -0.503457 -0.591516 -0.629794
v -87.7907 -80.3343 746.865
vn 0.298903 0.141966 -0.943664
v -87.5596 -80.6901 747.015
vn 0.66858 0.0971949 -0.737261
v -87.5596 -80.6901 747.015
vn -0.563509 -0.649839 -0.510065
v -87.5596 -80.6901 747.015
vn -0.266364 0.931182 0.248899
v -86.8296 -78.6983 749.742
vn 0.095387 0.126296 0.987396
v -86.8296 -78.6983 749.742
vn -0.665008 0.157052 0.730136
v -86.8296 -78.6983 749.742
vn 0.095387 0.126296 0.987396
v -86.5054 -78.6163 749.7
vn 0.760449 0.606545 -0.231992
v -86.5054 -78.6163 749.7
vn -0.485991 0.629162 0.606604
v -86.4816 -78.504 750.3
vn 0.873235 0.445965 -0.196407
v -86.211 -78.6739 750.3
vn -0.257204 0.933508 0.249818
v -86.211 -78.6739 750.3
vn 0.781593 0.330551 0.529006
v -86.211 -78.6739 750.3
vn -0.665008 0.157052 0.730136
v -86.074 -79.4724 750.597
vn 0.781593 0.330551 0.529006
v -86.074 -79.4724 750.597
vn -0.228991 0.839516 0.492724
v -86.074 -79.4724 750.597
vn 0.781593 0.330551 0.529006
v -85.996 -79.1822 750.3
vn -0.20053 0.72609 0.657709
v -85.996 -79.1822 750.3
vn -0.775921 0.462694 0.42879
v -87.716 -77.8965 747.3
vn 0.551375 0.462427 -0.694368
v -87.716 -77.8965 747.3
vn 0.745456 0.655828 -0.119098
v -87.716 -77.8965 747.3
vn 0.7661 0.642512 -0.0163812
v -87.403 -78.2698 747.3
vn 0.095387 0.126296 0.987396
v -86.7924 -78.3995 749.7
vn 0.601428 0.796315 -0.0645472
v -86.7924 -78.3995 749.7
vn -0.485991 0.629162 0.606604
v -86.4738 -78.4673 750.268
vn -0.485991 0.629162 0.606604
v -86.4426 -78.4739 750.3
vn -0.156681 0.925749 0.344151
v -86.6137 -72.3035 957
vn -0.819862 0.0237229 0.572069
v -86.6137 -72.3035 957
vn -0.570453 -0.441325 0.692687
v -86.6137 -72.3035 957
vn 0.668122 0.599764 -0.440337
v -86.3004 -71.7567 957.3
vn 0.940536 0.333764 -0.0632001
v -86.3004 -71.7567 957.3
vn 0.207898 0.978151 1.18192e-005
v -86.3004 -71.7567 957.3
vn 0.785679 -0.466217 0.406633
v -86.4066 -72.38 957.3
vn -0.138582 0.818811 0.557086
v -86.4066 -72.38 957.3
vn -0.819862 0.0237229 0.572069
v -86.4066 -72.38 957.3
vn 0.67897 -0.318397 0.661531
v -86.4066 -72.38 957.3
vn 0.740144 0.664417 -0.103619
v -86.325 -71.9964 956.7
vn -0.509774 0.749065 0.423122
v -86.325 -71.9964 956.7
vn 0.715192 0.642018 -0.276249
v -86.2045 -72.0838 957
vn -0.509774 0.749065 0.423122
v -86.2045 -72.0838 957
vn 0.940536 0.333764 -0.0632001
v -86.2045 -72.0838 957
vn 0.414468 -0.606082 0.678882
v -86.2045 -72.0838 957
vn -0.0741212 0.697911 0.712339
v -86.2045 -72.0838 957
vn 0.715192 0.642018 -0.276249
v -86.317 -71.9585 957
vn 0.486138 -0.57509 0.657983
v -86.2619 -72.0716 957.3
vn -0.655575 -0.39733 0.642145
v -86.3376 -72.0555 957.385
vn 0.612574 -0.474538 0.632113
v -86.3376 -72.0555 957.385
vn -0.509774 0.749065 0.423122
v -85.9664 -71.7523 956.7
vn -0.136305 0.630854 0.763835
v -85.9664 -71.7523 956.7
vn -0.325507 0.920149 0.21765
v -85.9664 -71.7523 956.7
vn -0.136305 0.630854 0.763835
v -85.6883 -71.8868 956.861
vn 0.566061 0.196643 0.800566
v -85.6883 -71.8868 956.861
vn -0.325507 0.920149 0.21765
v -85.6185 -71.5583 956.4
vn -0.497146 -0.114374 0.860096
v -85.6185 -71.5583 956.4
vn 0.271089 0.956989 0.103354
v -85.6185 -71.5583 956.4
vn -0.196987 0.556848 0.806917
v -85.558 -71.6078 956.7
vn 0.566061 0.196643 0.800566
v -85.558 -71.6078 956.7
vn 0.271089 0.956989 0.103354
v -85.558 -71.6078 956.7
vn 0.566061 0.196643 0.800566
v -85.3325 -71.6558 956.552
vn -0.497146 -0.114374 0.860096
v -85.3325 -71.6558 956.552
vn 0.271089 0.956989 0.103354
v -85.3325 -71.6558 956.552
vn -0.860253 0.509008 -0.0295927
v -86.3096 -71.7548 957.6
vn 0.207898 0.978151 1.18192e-005
v -86.3096 -71.7548 957.6
vn 0.36909 -0.682946 0.630363
v -86.2848 -71.807 957.6
vn 0.965913 -0.173689 0.191947
v -86.2752 -71.7621 957.647
vn 0.940536 0.333764 -0.0632001
v -86.2752 -71.7621 957.647
vn -0.775902 -0.369078 0.511623
v -86.2752 -71.7621 957.647
vn 0.207898 0.978151 1.18192e-005
v -86.2752 -71.7621 957.647
vn 0.360752 0.918193 -0.163646
v -85.2558 -71.2948 956.1
vn 0 0 1
v -85.2558 -71.2948 956.1
vn -0.175941 0.913724 0.36627
v -85.2558 -71.2948 956.1
vn 0.360752 0.918193 -0.163646
v -85.2453 -71.2454 956.4
vn 0.656305 0.639507 0.400368
v -85.2453 -71.2454 956.4
vn 0.691691 -0.2584 0.674383
v -85.2701 -71.3623 956.628
vn -0.611222 0.72909 0.307955
v -85.2701 -71.3623 956.628
vn 0.656305 0.639507 0.400368
v -85.2701 -71.3623 956.628
vn 0.360752 0.918193 -0.163646
v -84.8644 -71.4486 956.1
vn 0.656305 0.639507 0.400368
v -84.8644 -71.4486 956.1
vn 0 0 1
v -84.8644 -71.4486 956.1
vn 0 0 1
v -84.6729 -71.1825 956.1
vn 0.850843 0.351191 0.390807
v -84.6729 -71.1825 956.1
vn -0.175941 0.913724 0.36627
v -84.6729 -71.1825 956.1
vn -0.0165748 -0.250263 0.968036
v -84.5096 -70.9106 955.5
vn 0.850843 0.351191 0.390807
v -84.5096 -70.9106 955.5
vn -0.287098 0.792364 0.538269
v -84.5096 -70.9106 955.5
vn -0.175941 0.913724 0.36627
v -84.5096 -70.9106 955.5
vn -0.550431 0.679488 0.485099
v -84.5053 -70.6499 956.4
vn -0.550431 0.679488 0.485099
v -84.4961 -70.6067 956.35
vn -0.550431 0.679488 0.485099
v -84.4612 -70.6142 956.4
vn -0.0165748 -0.250263 0.968036
v -84.3274 -71.256 955.414
vn 0.850843 0.351191 0.390807
v -84.3274 -71.256 955.414
vn 0.579022 -0.751902 0.315241
v -98.6918 -140.278 882.109
vn 0.813032 0.121454 0.569411
v -98.3489 -140.657 881.7
vn 0.830998 -0.495684 0.252468
v -98.3489 -140.657 881.7
vn 0.400388 -0.890277 0.217016
v -97.0375 -139.709 880.043
vn 0.452041 -0.803441 0.387482
v -97.1509 -134.471 892.42
vn -0.492819 0.861095 0.125078
v -96.1058 -128.111 857.7
vn -0.762807 0.625899 0.162409
v -95.1734 -126.611 853.797
vn -0.290101 0.936834 0.195404
v -96.0098 -127.66 856.483
vn -0.485419 0.864745 0.128783
v -95.6662 -127.486 855.6
vn -0.184225 0.903023 0.388087
v -95.6662 -127.486 855.6
vn -0.120796 0.982142 0.144239
v -94.9253 -126.886 857.7
vn -0.064386 0.983502 0.169053
v -93.7839 -121.516 836.1
vn 0.510428 -0.72006 0.470082
v -92.9648 -119.106 909.93
vn 0.528187 -0.700947 0.479262
v -91.8345 -116.674 912.9
vn 0.273193 -0.890038 0.364962
v -91.3799 -114.535 914.315
vn -0.52146 0.776335 0.354094
v -90.9018 -113.729 812.1
vn 0.459253 0.79368 0.398947
v -88.9913 -101.855 790.764
vn -0.385673 0.736383 0.555875
v -89.2211 -98.6073 784.8
vn -0.159138 -0.728736 -0.666048
v -88.2684 -95.5678 750.265
vn 0.772189 -0.0149293 -0.635217
v -85.7338 -87.8256 747.6
vn 0.298903 0.141966 -0.943664
v -85.991 -84.0905 747
vn 0.73953 0.280477 -0.611905
v -85.991 -84.0905 747
vn -0.228991 0.839516 0.492724
v -85.7489 -79.3857 750.6
vn 0.671301 0.68099 0.292588
v -85.7489 -79.3857 750.6
vn -0.248087 0.918609 0.307589
v -85.7806 -79.5347 751.02
vn -0.392881 -0.159716 0.905613
v -85.7806 -79.5347 751.02
vn 0.671301 0.68099 0.292588
v -85.7806 -79.5347 751.02
vn -0.392881 -0.159716 0.905613
v -85.6119 -80.184 750.978
vn -0.000519586 0.802191 0.597067
v -85.6119 -80.184 750.978
vn -0.392881 -0.159716 0.905613
v -85.0335 -80.3488 751.2
vn -0.000519586 0.802191 0.597067
v -85.0335 -80.3488 751.2
vn 0.671301 0.68099 0.292588
v -85.0335 -80.3488 751.2
vn 0.619714 0.579412 0.529373
v -85.0335 -80.3488 751.2
vn -0.000519586 0.802191 0.597067
v -85.0873 -80.6022 751.541
vn 0.689023 0.609565 0.392018
v -85.0873 -80.6022 751.541
vn -0.0920086 0.335718 0.937458
v -85.0873 -80.6022 751.541
vn 0.481066 -0.598628 0.640484
v -82.5729 -74.0826 951
vn -0.287098 0.792364 0.538269
v -83.9092 -70.7315 955.557
vn 0.605252 -0.61885 0.500695
v -83.9092 -70.7315 955.557
vn 0.652349 0.480365 0.586251
v -83.9092 -70.7315 955.557
vn -0.287098 0.792364 0.538269
v -83.7971 -70.4486 955.2
vn 0.652349 0.480365 0.586251
v -83.7971 -70.4486 955.2
vn -0.669361 -0.314779 0.672956
v -83.7971 -70.4486 955.2
vn 0.652349 0.480365 0.586251
v -83.5995 -70.717 955.2
vn -0.610928 -0.449864 0.651452
v -83.5995 -70.717 955.2
vn 0.286681 -0.569598 0.770306
v -83.5278 -70.3799 955.5
vn -0.634098 0.77302 0.0189673
v -83.4911 -70.207 955.583
vn 0.335482 -0.231878 0.913063
v -83.4911 -70.207 955.583
vn -0.805462 0.485246 -0.340245
v -83.1976 -70.2693 955.459
vn -0.845294 0.158152 0.510359
v -83.1976 -70.2693 955.459
vn -0.939092 0.230048 0.25531
v -81.2273 -68.5412 954.9
vn -0.845294 0.158152 0.510359
v -82.834 -69.4265 955.8
vn -0.507642 0.768432 0.389632
v -82.834 -69.4265 955.8
vn 0.390281 0.0109376 0.920631
v -82.6093 -69.4743 955.2
vn -0.507642 0.768432 0.389632
v -82.6918 -69.3326 955.8
vn 0.598618 0.596729 0.534388
v -82.6918 -69.3326 955.8
vn 0.441558 -0.66147 0.606205
v -82.717 -69.4514 956.001
vn -0.507642 0.768432 0.389632
v -82.717 -69.4514 956.001
vn 0.587097 0.662896 0.464636
v -82.717 -69.4514 956.001
vn 0.598618 0.596729 0.534388
v -82.195 -69.5623 955.5
vn 0.0769575 0.0668295 0.994792
v -82.195 -69.5623 955.5
vn 0.604527 0.524968 0.599129
v -82.3869 -69.3413 955.5
vn -0.354121 0.765774 0.536832
v -82.3869 -69.3413 955.5
vn 0.0769575 0.0668295 0.994792
v -82.3869 -69.3413 955.5
vn 0.819671 0.479452 0.313471
v -82.0342 -68.9831 955.8
vn 0.819671 0.479452 0.313471
v -82.0121 -69.0209 955.8
vn 0.819671 0.479452 0.313471
v -82.0054 -68.9892 955.734
vn -0.939092 0.230048 0.25531
v -81.1498 -68.5577 955.2
vn -0.68614 -0.333578 0.646481
v -81.1498 -68.5577 955.2
vn -0.939092 0.230048 0.25531
v -81.0008 -68.2827 955.5
vn -0.68614 -0.333578 0.646481
v -81.0008 -68.2827 955.5
vn 0.497088 0.681531 0.537047
v -81.0008 -68.2827 955.5
vn 0.437401 -0.410687 0.800011
v -81.0008 -68.2827 955.5
vn 0.420808 -0.885648 0.196338
v -94.8452 -136.802 884.7
vn 0.811888 -0.31835 0.489378
v -91.1715 -126.541 899.263
vn 0.231201 0.945312 0.230066
v -92.3159 -121.825 844.8
vn 0.396042 0.873719 0.282431
v -92.3524 -121.996 845.75
vn -0.608791 0.739112 0.288249
v -91.2433 -122.539 846.9
vn -0.990779 -0.0970476 -0.0945488
v -91.2433 -122.539 846.9
vn -0.458847 0.613059 0.643131
v -91.3019 -121.913 846.6
vn -0.979825 -0.153299 -0.128227
v -91.3019 -121.913 846.6
vn -0.594032 0.793679 0.131148
v -91.3019 -121.913 846.6
vn -0.549725 0.585895 0.595423
v -91.1786 -122.246 847.005
vn -0.678181 0.722773 0.132925
v -91.0711 -121.74 846.6
vn 0.28366 0.92006 0.270236
v -91.0711 -121.74 846.6
vn -0.264775 0.71495 0.647102
v -90.8009 -121.912 846.9
vn 0.316969 0.642632 0.697535
v -90.8009 -121.912 846.9
vn -0.15526 0.936444 0.31459
v -90.5357 -122.107 846.6
vn 0.349294 0.820863 0.45186
v -92.6019 -123.17 848.628
vn -0.569731 0.75809 0.317342
v -91.7328 -123.41 848.1
vn -0.979086 0.193449 0.0629864
v -91.2644 -122.841 847.5
vn 0.316969 0.642632 0.697535
v -90.9475 -122.602 847.602
vn 0.316969 0.642632 0.697535
v -90.5917 -122.371 847.228
vn -0.134058 0.913964 0.383013
v -90.5917 -122.371 847.228
vn 0.0565052 0.967814 0.245241
v -91.7471 -120.591 832.042
vn -0.99063 0.121617 -0.0621462
v -91.1158 -121.646 844.2
vn -0.667484 0.710486 0.222879
v -91.258 -121.309 842.7
vn -0.92353 0.381311 -0.0411576
v -90.9829 -121.325 843.6
vn -0.153961 0.978712 0.135718
v -90.9829 -121.325 843.6
vn 0.427029 0.901757 -0.0669338
v -90.9829 -121.325 843.6
vn -0.823034 0.565104 0.0572087
v -90.9657 -121.244 844.8
vn -0.037317 0.985155 0.167565
v -90.1735 -121.846 845.147
vn -0.556432 0.818023 0.145677
v -90.1735 -121.846 845.147
vn 0.750517 0.373833 0.544952
v -90.8667 -120.779 906.168
vn 0.165639 0.929122 0.330599
v -90.1655 -118.922 825.6
vn 0.205398 0.877964 0.432424
v -90.4012 -112.817 811.2
vn -0.228223 0.617988 0.752333
v -83.8767 -86.6869 751.8
vn -0.257689 0.0513378 0.964863
v -82.4392 -85.4589 753.598
vn 0.79636 -0.560177 0.228063
v -82.4392 -85.4589 753.598
vn -0.304245 0.843051 0.443509
v -82.4392 -85.4589 753.598
vn 0.79636 -0.560177 0.228063
v -82.1774 -85.2078 753.3
vn -0.304245 0.843051 0.443509
v -82.1774 -85.2078 753.3
vn 0.965962 0.108306 0.23492
v -82.1774 -85.2078 753.3
vn -0.304245 0.843051 0.443509
v -82.1618 -85.5179 753.9
vn 0.38586 0.264759 0.88375
v -82.1618 -85.5179 753.9
vn 0.795865 0.546086 0.261512
v -82.1618 -85.5179 753.9
vn -0.0109679 -0.00122975 0.999939
v -82.2522 -85.192 753.6
vn 0.965962 0.108306 0.23492
v -82.2522 -85.192 753.6
vn 0.965962 0.108306 0.23492
v -82.2972 -84.7905 753.6
vn 0.854747 0.519004 0.00657297
v -82.2972 -84.7905 753.6
vn -0.238128 0.294049 0.925651
v -84.0007 -82.7046 752.4
vn 0.754065 0.61493 0.230752
v -83.675 -82.6153 752.4
vn 0.649157 -0.393275 0.651099
v -82.551 -75.885 950.4
vn -0.858657 -0.120875 0.498094
v -81.3955 -71.8916 942.9
vn 0.415427 0.686395 -0.596893
v -81.3955 -71.8916 942.9
vn 0.497088 0.681531 0.537047
v -80.5914 -68.1085 954.9
vn -0.385643 0.652718 0.652103
v -80.5914 -68.1085 954.9
vn -0.456998 0.888622 -0.0387776
v -80.153 -67.8495 954.9
vn 0.0597814 0.457707 0.887091
v -80.153 -67.8495 954.9
vn -0.927737 0.26926 0.258464
v -80.2263 -67.8339 955.132
vn 0.0769575 0.0668295 0.994792
v -81.0003 -68.5895 955.342
vn -0.68614 -0.333578 0.646481
v -81.0003 -68.5895 955.342
vn 0.436669 -0.40783 0.80187
v -81.0003 -68.5895 955.342
vn 0.497088 0.681531 0.537047
v -80.5434 -68.3799 955.2
vn -0.385643 0.652718 0.652103
v -80.5434 -68.3799 955.2
vn 0.0597814 0.457707 0.887091
v -80.5434 -68.3799 955.2
vn -0.927737 0.26926 0.258464
v -80.2783 -68.0784 955.2
vn -0.927737 0.26926 0.258464
v -80.2084 -67.8377 955.2
vn -0.935321 -0.189741 0.298619
v -79.329 -67.4112 954.3
vn -0.83806 -0.326292 0.437252
v -79.1938 -67.1332 954.9
vn 0 0 1
v -79.1938 -67.1332 954.9
vn 0.865474 0.0702857 0.495998
v -79.0337 -67.7807 954
vn 0.860594 0.455201 -0.228407
v -79.0337 -67.7807 954
vn 0.940975 -0.200008 0.273063
v -79.0337 -67.7807 954
vn -0.483302 0.49886 0.719415
v -79.0337 -67.7807 954
vn -0.360357 0.793577 0.490283
v -79.2212 -67.4341 953.825
vn 0.432824 0.871805 -0.22939
v -79.2212 -67.4341 953.825
vn 0.865474 0.0702857 0.495998
v -79.0591 -67.4686 954
vn 0.432824 0.871805 -0.22939
v -79.0591 -67.4686 954
vn 0.432824 0.871805 -0.22939
v -79.1972 -67.3211 954.3
vn 0.919231 0.0746513 0.386577
v -79.1972 -67.3211 954.3
vn 0.860594 0.455201 -0.228407
v -79.1972 -67.3211 954.3
vn -0.464329 0.87729 0.121492
v -79.2212 -67.4341 954.623
vn 0.651434 -0.545751 0.527057
v -79.2212 -67.4341 954.623
vn -0.83806 -0.326292 0.437252
v -79.2212 -67.4341 954.623
vn 0 0 1
v -79.1664 -67.1762 954.9
vn 0.508972 -0.677963 0.53039
v -79.1664 -67.1762 954.9
vn 0.940975 -0.200008 0.273063
v -79.1664 -67.1762 954.9
vn 0 0 1
v -79.1516 -67.1063 954.9
vn 0.860594 0.455201 -0.228407
v -79.1516 -67.1063 954.9
vn 0.940975 -0.200008 0.273063
v -79.1516 -67.1063 954.9
vn -0.360357 0.793577 0.490283
v -78.8654 -67.203 953.713
vn 0.798838 0.0648741 0.598038
v -78.8654 -67.203 953.713
vn -0.483302 0.49886 0.719415
v -78.8654 -67.203 953.713
vn -0.161086 -0.986934 -0.00349836
v -91.5187 -132.503 889.8
vn 0.459173 -0.783597 0.418493
v -90.341 -132.734 888.3
vn -0.781716 0.593012 0.193018
v -89.5963 -122.275 847.8
vn -0.562961 0.777261 0.280964
v -87.914 -122.633 850.8
vn -0.685943 0.685345 0.244509
v -88.019 -122.611 852.9
vn -0.382264 0.920447 0.081563
v -88.3787 -122.534 860.1
vn -0.807036 0.580927 0.10591
v -89.0244 -120.863 845.7
vn -0.729935 0.643739 0.229773
v -88.7503 -120.922 846.93
vn -0.13581 0.973411 0.184462
v -87.5078 -120.848 844.8
vn -0.747653 0.663709 0.0224725
v -87.5078 -120.848 844.8
vn -0.169061 0.953826 -0.248263
v -87.5078 -120.848 844.8
vn -0.742136 0.631851 0.223603
v -87.9484 -121.478 847.8
vn -0.978946 -0.092796 -0.181807
v -87.5265 -121.489 849
vn -0.955181 -0.195504 -0.222278
v -87.5192 -121.183 848.7
vn -0.580535 0.801934 0.141
v -87.7381 -121.137 849.6
vn -0.717146 0.662966 0.214891
v -87.743 -122.056 851.1
vn 0.539085 -0.708236 0.455839
v -87.7769 -121.742 901.8
vn 0.825108 -0.172364 0.53804
v -87.5141 -120.878 901.032
vn 0.792974 0.40928 0.451313
v -89.2688 -121.118 904.2
vn -0.202591 -0.976947 0.0673157
v -88.5753 -120.099 903.6
vn 0.632542 0.708816 0.312203
v -88.3576 -117.631 822.102
vn 0.0828346 -0.938633 0.334823
v -89.0692 -118.094 908.167
vn 0.676563 0.663358 0.319717
v -88.0891 -116.368 819
vn 0.617394 0.685945 0.385103
v -87.907 -114.068 814.2
vn 0.829499 -0.297834 0.472469
v -87.4683 -113.527 914.1
vn -0.847644 0.413 0.333062
v -86.4425 -110.064 806.564
vn -0.245965 -0.795052 -0.554431
v -84.7385 -100.605 755.7
vn 0.863055 0.467925 -0.190217
v -81.6442 -93.2954 752.7
vn -0.081826 0.966254 0.244248
v -81.8708 -87.1132 754.276
vn -0.325516 -0.335898 0.883862
v -81.8708 -87.1132 754.276
vn -0.338337 0.683021 0.64731
v -81.4086 -87.8249 754.875
vn 0.880661 0.465984 0.0854122
v -81.2584 -87.1179 754.5
vn 0.766435 0.610678 0.199123
v -81.2584 -87.1179 754.5
vn -0.325516 -0.335898 0.883862
v -81.2584 -87.1179 754.5
vn -0.081826 0.966254 0.244248
v -81.2839 -87.238 754.966
vn 0.659763 0.627962 0.412767
v -81.2839 -87.238 754.966
vn 0.515272 0.609251 0.60275
v -80.8412 -88.0413 755.4
vn -0.4139 0.644125 0.643265
v -80.8412 -88.0413 755.4
vn 0.597222 0.706147 -0.38037
v -80.8412 -88.0413 755.4
vn -0.479579 0.681986 0.552177
v -80.7374 -88.2742 755.7
vn 0.207909 0.978148 9.71199e-006
v -80.7154 -88.8923 755.942
vn 0.411275 -0.17091 0.895345
v -80.7154 -88.8923 755.942
vn 0.659763 0.627962 0.412767
v -80.5813 -88.2612 755.4
vn 0.851087 0.349487 0.391802
v -80.4463 -88.3361 755.7
vn 0.74265 0.579029 -0.336446
v -80.5522 -88.1242 755.7
vn 0.829624 0.414543 0.374003
v -80.5522 -88.1242 755.7
vn -0.590233 0.728669 0.34737
v -80.5976 -88.304 756
vn 0.411275 -0.17091 0.895345
v -80.5976 -88.304 756
vn 0.851087 0.349487 0.391802
v -80.5976 -88.304 756
vn -0.643349 0.449837 0.619474
v -81.9409 -86.4849 754.2
vn 0.38586 0.264759 0.88375
v -81.9771 -86.1705 754.015
vn -0.916826 0.118917 0.381168
v -81.9771 -86.1705 754.015
vn -0.542276 0.379165 0.74978
v -81.9771 -86.1705 754.015
vn 0.176327 0.983542 0.0394293
v -81.9771 -86.1705 754.015
vn 0.176327 0.983542 0.0394293
v -81.7542 -86.2179 754.2
vn 0.772405 0.538017 0.337532
v -81.7542 -86.2179 754.2
vn -0.723713 0.506029 0.469227
v -81.746 -86.5263 754.545
vn -0.325516 -0.335898 0.883862
v -81.746 -86.5263 754.545
vn 0.699586 0.54099 0.466807
v -81.746 -86.5263 754.545
vn 0.38586 0.264759 0.88375
v -81.6807 -86.2191 753.9
vn 0.176327 0.983542 0.0394293
v -81.6807 -86.2191 753.9
vn 0.572784 -0.510879 0.641032
v -78.6823 -80.7369 943.2
vn 0.827089 -0.178209 0.533072
v -78.6823 -80.7369 943.2
vn 0.413843 -0.676237 0.609457
v -79.5997 -79.3151 944.721
vn 0.813682 0.0243165 0.580802
v -80.7735 -79.0656 946.31
vn 0.503183 -0.715815 0.484166
v -80.7735 -79.0656 946.31
vn 0.822738 0.0628987 0.56493
v -80.3113 -79.7772 945.716
vn 0.415502 -0.679148 0.605076
v -76.4514 -67.7162 951.6
vn -0.837687 -0.534563 0.111906
v -77.4287 -65.9749 954.6
vn -0.4589 0.718955 -0.522029
v -77.4287 -65.9749 954.6
vn -0.534753 0.837794 0.110187
v -77.4287 -65.9749 954.6
vn -0.837687 -0.534563 0.111906
v -77.3903 -66.035 954.6
vn 0.461479 -0.710618 -0.531093
v -77.3903 -66.035 954.6
vn 0.541161 -0.833318 0.112809
v -77.3903 -66.035 954.6
vn -0.4589 0.718955 -0.522029
v -77.3798 -65.9853 954.543
vn 0.461479 -0.710618 -0.531093
v -77.3798 -65.9853 954.543
vn 0.706353 0.474758 -0.525043
v -77.3798 -65.9853 954.543
vn 0.541161 -0.833318 0.112809
v -77.3301 -65.9959 954.6
vn 0.706353 0.474758 -0.525043
v -77.3301 -65.9959 954.6
vn 0.82482 0.554382 0.111054
v -77.3301 -65.9959 954.6
vn -0.534753 0.837794 0.110187
v -77.3695 -65.9372 954.6
vn 0.706353 0.474758 -0.525043
v -77.3695 -65.9372 954.6
vn 0.82482 0.554382 0.111054
v -77.3695 -65.9372 954.6
vn -0.534753 0.837794 0.110187
v -77.3798 -65.9853 954.917
vn 0.541161 -0.833318 0.112809
v -77.3798 -65.9853 954.917
vn 0.82482 0.554382 0.111054
v -77.3798 -65.9853 954.917
vn -0.551469 0.807571 -0.20907
v -77.0863 -66.0477 954.107
vn 0.466228 -0.583085 0.665314
v -77.0863 -66.0477 954.107
vn -0.0395983 0.73528 0.676606
v -77.0863 -66.0477 954.107
vn 0.837546 -0.453653 0.304493
v -76.2422 -65.9204 953.7
vn 0.882605 0.391248 0.260642
v -76.2422 -65.9204 953.7
vn 0.142759 -0.102314 -0.984455
v -76.2422 -65.9204 953.7
vn -0.858657 -0.120875 0.498094
v -76.1867 -65.6255 953.4
vn -0.471913 -0.0709921 0.878782
v -76.1867 -65.6255 953.4
vn -0.798093 -0.120061 -0.590451
v -76.1867 -65.6255 953.4
vn 0.207929 0.978144 -4.72535e-006
v -76.1867 -65.6255 953.4
vn -0.0395983 0.73528 0.676606
v -76.3747 -65.5855 953.646
vn 0.882605 0.391248 0.260642
v -76.3747 -65.5855 953.646
vn 0.415427 0.686395 -0.596893
v -76.3747 -65.5855 953.646
vn 0.142759 -0.102314 -0.984455
v -76.3747 -65.5855 953.646
vn -0.798093 -0.120061 -0.590451
v -76.3747 -65.5855 953.646
vn -0.437018 -0.700811 0.563808
v -76.3747 -65.5855 953.646
vn 0.207929 0.978144 -4.72535e-006
v -76.3747 -65.5855 953.646
vn -0.858657 -0.120875 0.498094
v -76.1436 -65.9414 953.398
vn -0.471913 -0.0709921 0.878782
v -76.1436 -65.9414 953.398
vn 0.882605 0.391248 0.260642
v -76.1436 -65.9414 953.398
vn 0.415427 0.686395 -0.596893
v -76.1436 -65.9414 953.398
vn 0.198988 -0.227863 0.953143
v -76.1436 -65.9414 953.398
vn -0.798093 -0.120061 -0.590451
v -76.141 -65.9291 953.4
vn -0.437018 -0.700811 0.563808
v -76.141 -65.9291 953.4
vn 0.198988 -0.227863 0.953143
v -76.141 -65.9291 953.4
vn 0.603013 -0.690514 0.399457
v -76.141 -65.9291 953.4
vn -0.437018 -0.700811 0.563808
v -76.0957 -65.716 953.7
vn 0.662586 -0.516422 0.542483
v -76.0957 -65.716 953.7
vn 0.198988 -0.227863 0.953143
v -75.8703 -65.6928 953.4
vn 0.685803 -0.553737 0.472281
v -75.8703 -65.6928 953.4
vn 0.819987 0.311088 0.480464
v -75.8703 -65.6928 953.4
vn -0.994876 0.061835 0.079983
v -75.8703 -65.6928 953.4
vn -0.0395983 0.73528 0.676606
v -76.0813 -65.6479 953.731
vn 0.207929 0.978144 -4.72535e-006
v -76.0813 -65.6479 953.731
vn -0.388899 0.902504 0.185054
v -76.0813 -65.6479 953.731
vn 0.819987 0.311088 0.480464
v -76.0813 -65.6479 953.731
vn 0.819987 0.311088 0.480464
v -75.8057 -65.3998 953.1
vn -0.986365 0.061306 -0.152724
v -75.8057 -65.3998 953.1
vn -0.503078 0.841374 -0.19749
v -75.8057 -65.3998 953.1
vn -0.359616 0.864054 0.352261
v -75.8057 -65.3998 953.1
vn -0.626745 0.776579 0.0641546
v -75.8515 -65.3901 953.4
vn 0.753102 0.432636 0.495644
v -75.5863 -65.4464 953.4
vn -0.357305 0.856883 0.371599
v -75.5863 -65.4464 953.4
vn 0.244152 -0.0632075 0.967675
v -75.5863 -65.4464 953.4
vn 0.753102 0.432636 0.495644
v -75.6924 -65.2617 953.4
vn -0.608662 0.754172 0.246485
v -75.7254 -65.4169 953.793
vn 0.629506 -0.725861 0.277213
v -75.7254 -65.4169 953.793
vn 0.837288 0.480999 0.259977
v -75.7254 -65.4169 953.793
vn 0.617861 -0.745639 0.24954
v -90.943 -139.895 864.3
vn -0.379666 -0.919307 -0.103578
v -90.402 -138.793 851.4
vn 0.359515 -0.933049 0.0129935
v -89.8517 -139.09 851.625
vn 0.467794 -0.883776 -0.0104423
v -89.1415 -138.634 854.1
vn -0.024744 -0.990614 -0.134434
v -89.1415 -138.634 854.1
vn 0.192009 -0.98122 -0.0184223
v -89.1415 -138.634 854.1
vn 0.460023 -0.876735 0.140411
v -89.1415 -138.634 854.1
vn -0.13643 -0.973577 -0.183126
v -89.8317 -138.996 857.4
vn 0.34092 -0.915515 0.213555
v -90.1522 -134.732 882.46
vn 0.68421 -0.530073 0.500879
v -88.9268 -128.967 892.2
vn -0.148622 0.981763 -0.118544
v -87.1393 -120.557 846.9
vn -0.670053 0.728091 -0.14461
v -85.2997 -120.56 849.6
vn -0.0681821 0.989712 0.12578
v -86.4062 -121.437 855.9
vn -0.900008 0.422796 -0.105968
v -86.4062 -121.437 855.9
vn -0.982128 -0.0193668 -0.187213
v -86.278 -120.834 856.212
vn -0.963934 -0.173529 -0.20179
v -86.9359 -120.694 858.9
vn -0.976038 -0.0223294 -0.21645
v -86.6971 -121.363 858.6
vn 0.227301 -0.92945 0.290614
v -85.5127 -121.303 897.9
vn 0.806277 -0.249283 0.536447
v -86.9896 -121.296 900.079
vn 0.0241074 0.99421 -0.104711
v -85.5093 -120.103 848.4
vn 0.533599 0.795518 0.287094
v -85.5093 -120.103 848.4
vn -0.226065 0.94201 -0.248018
v -85.1958 -119.53 850.8
vn -0.7905 0.608572 -0.0689186
v -85.1958 -119.53 850.8
vn -0.105266 0.922719 -0.37082
v -84.6141 -119.961 849.6
vn 0.91328 -0.0957143 0.395928
v -83.9333 -115.812 906.3
vn 0.922358 -0.0841278 0.377065
v -84.6201 -115.052 908.4
vn 0.597477 -0.591238 -0.541719
v -82.8683 -106.235 761.7
vn 0.409572 -0.722431 -0.557085
v -82.5909 -107.816 764.027
vn -0.0376452 -0.799152 -0.599949
v -82.4668 -104.346 760.5
vn 0.0457848 -0.785039 -0.617752
v -82.0584 -106.089 762.6
vn 0.111029 0.952837 0.282443
v -81.9392 -106.193 799.2
vn -0.147242 -0.819946 -0.55318
v -83.082 -102.912 758.4
vn 0.603283 -0.386129 -0.69782
v -81.7432 -100.942 755.763
vn 0.725764 -0.018283 -0.6877
v -80.4052 -92.9454 753.9
vn 0.917804 0.266037 -0.294721
v -80.4052 -92.9454 753.9
vn 0.903001 0.428671 0.0288245
v -78.6532 -92.091 758.1
vn 0.411275 -0.17091 0.895345
v -80.2317 -88.9951 755.7
vn 0.918824 0.335047 -0.208579
v -80.2317 -88.9951 755.7
vn 0.868287 0.282681 0.407639
v -80.2317 -88.9951 755.7
vn -0.133993 0.529663 0.837557
v -80.1285 -89.0171 756.355
vn 0.915169 0.386567 -0.114153
v -80.1285 -89.0171 756.355
vn 0.694414 -0.617017 0.370242
v -80.0675 -89.6435 934.2
vn -0.370013 0.889034 -0.269645
v -75.3772 -65.2215 953.1
vn -0.319802 0.8594 0.398946
v -75.3772 -65.2215 953.1
vn -0.463621 0.856816 -0.22566
v -75.0138 -64.9547 952.817
vn 0.204501 -0.0204687 0.978652
v -74.4269 -65.0795 953.132
vn -0.431739 0.852457 0.29482
v -73.6529 -64.3239 952.986
vn 0.204501 -0.0204687 0.978652
v -73.6529 -64.3239 952.986
vn -0.109172 0.805991 0.581773
v -73.6529 -64.3239 952.986
vn 0.468196 -0.817288 0.335906
v -85.2712 -131.169 882.3
vn 0.897144 -0.368567 0.243496
v -85.2712 -131.169 882.3
vn 0.595973 -0.711075 0.37308
v -85.2712 -131.169 882.3
vn 0.843926 0.220614 0.488998
v -85.8773 -131.654 883.8
vn 0.712821 -0.515513 0.475535
v -86.0361 -129.796 887.4
vn 0.571406 -0.689671 0.444802
v -84.6094 -128.856 887.025
vn 0.624833 -0.675519 0.391482
v -84.9295 -122.347 897
vn 0.618529 -0.646725 0.446284
v -84.9355 -121.733 896.773
vn 0.529314 -0.78194 0.329238
v -83.3693 -121.579 895.2
vn -0.0761196 0.995617 -0.0543419
v -84.3472 -120.408 847.8
vn 0.350292 0.931378 -0.0991469
v -83.4056 -118.864 851.7
vn -0.237012 0.900002 -0.365817
v -83.1287 -119.004 851.7
vn 0.448375 0.884732 -0.127318
v -83.389 -118.786 852.3
vn -0.029499 0.93516 -0.352995
v -83.389 -118.786 852.3
vn -0.364283 0.883618 -0.294137
v -83.3163 -118.444 853.2
vn -0.770164 0.4695 -0.431761
v -83.3163 -118.444 853.2
vn 0.694477 0.584756 0.41924
v -83.4983 -117.857 819.6
vn 0.937178 0.10665 0.332149
v -83.5023 -115.903 905.4
vn 0.476662 -0.68734 -0.548048
v -81.8454 -110.081 767.4
vn -0.333109 -0.785695 -0.52127
v -81.4171 -108.065 765.326
vn 0.0972744 -0.758702 -0.644135
v -80.8755 -108.403 765.3
vn 0.978791 0.199237 0.047675
v -80.0739 -107.518 801
vn 0.817824 0.488748 0.303791
v -80.2282 -108.244 803.7
vn 0.918666 0.351788 0.179716
v -80.1112 -107.694 802.5
vn 0.930887 0.354883 0.086647
v -80.1671 -103.731 787.8
vn 0.759812 -0.510243 0.402911
v -75.2783 -80.2336 939.9
vn -0.165161 -0.896139 0.411894
v -73.9868 -78.8811 938.4
vn 0.885417 -0.0631005 0.460495
v -72.6781 -73.1187 943.8
vn -0.468247 0.868846 -0.160785
v -72.6288 -63.8347 952.5
vn -0.0332444 0.581973 0.812529
v -72.6288 -63.8347 952.5
vn 0.164129 0.0223421 0.986186
v -72.3544 -63.9865 952.762
vn -0.0785647 0.824482 0.560408
v -72.3544 -63.9865 952.762
vn 0.733514 -0.204443 0.648197
v -72.3544 -63.9865 952.762
vn 0.733514 -0.204443 0.648197
v -72.0609 -64.0489 952.41
vn 0.266461 -0.128167 0.955286
v -72.0609 -64.0489 952.41
vn 0.733514 -0.204443 0.648197
v -71.9986 -63.7554 952.432
vn 0.266461 -0.128167 0.955286
v -71.9986 -63.7554 952.432
vn 0.0489839 0.396692 0.916644
v -71.9986 -63.7554 952.432
vn 0.439824 -0.895018 0.0741463
v -85.7082 -138.13 846
vn 0.476984 -0.874914 0.0837299
v -83.8354 -136.758 816.9
vn -0.23067 -0.97039 0.0716617
v -84.0508 -136.328 822.3
vn -0.0328627 -0.996421 0.0778796
v -84.0508 -136.328 822.3
vn 0.547563 -0.832126 0.0879829
v -84.0508 -136.328 822.3
vn -0.027017 -0.992247 -0.121313
v -83.6179 -137.178 845.1
vn 0.701348 -0.462233 0.542634
v -82.7232 -132.969 874.8
vn 0.567589 -0.752942 0.33305
v -84.8334 -132.796 878.225
vn 0.82245 -0.257038 0.507452
v -83.4517 -129.102 885.3
vn 0.430742 -0.824217 0.367598
v -83.4172 -127.576 885.626
vn -0.449688 -0.81428 -0.367053
v -81.8777 -123.219 790.2
vn 0.511106 0.859046 -0.0284747
v -80.9584 -123.223 835.5
vn -0.727118 0.492957 -0.4778
v -81.4607 -119.814 848.4
vn 0.507162 -0.686366 -0.521237
v -79.9304 -115.5 776.4
vn 0.243204 -0.769607 -0.590388
v -80.1218 -110.629 768.3
vn 0.0651639 -0.855885 -0.513045
v -78.27 -110.575 770.118
vn 0.493134 0.735496 0.464612
v -79.8634 -109.414 804.6
vn 0.207346 0.89077 0.404397
v -77.6788 -109.236 800.7
vn 0.922762 0.384265 0.0291758
v -75.4242 -99.8315 764.7
vn 0.456823 0.765296 0.453469
v -75.4242 -99.8315 764.7
vn 0.899496 0.432066 0.0650043
v -76.9912 -95.9008 760.8
vn 0.475345 -0.689188 0.54687
v -71.2401 -78.945 935.231
vn -0.0332444 0.581973 0.812529
v -69.9884 -62.9559 951.979
vn 0.50456 -0.708167 0.493882
v -69.9884 -62.9559 951.979
vn 0.677003 0.03175 0.735295
v -69.9884 -62.9559 951.979
vn -0.113746 0.737031 0.666218
v -69.5961 -62.5531 951.6
vn 0.704031 0.150773 0.69398
v -69.5961 -62.5531 951.6
vn 0.510033 0.799345 0.317668
v -69.5961 -62.5531 951.6
vn 0.510033 0.799345 0.317668
v -69.3037 -62.6204 951.3
vn 0.0385369 -0.620049 0.783616
v -69.3037 -62.6204 951.3
vn -0.32719 0.786093 0.524409
v -69.3037 -62.6204 951.3
vn 0.704031 0.150773 0.69398
v -69.0457 -62.8496 951.106
vn 0.0385369 -0.620049 0.783616
v -69.0457 -62.8496 951.106
vn 0.380027 0.745327 0.547784
v -67.9782 -62.1563 950.358
vn -0.450767 0.887983 -0.0910811
v -67.9105 -61.8377 949.8
vn 0.510033 0.799345 0.317668
v -69.3348 -62.4814 951
vn 0.310569 0.752438 0.580848
v -68.9236 -62.2621 951
vn 0.668683 -0.442629 0.597447
v -68.9833 -62.5561 951.335
vn -0.219271 0.752494 0.621026
v -68.9833 -62.5561 951.335
vn 0.366956 0.665886 0.649568
v -68.9833 -62.5561 951.335
vn -0.706739 -0.65304 -0.272135
v -82.2522 -136.524 813.3
vn 0.217944 -0.961916 -0.164979
v -82.721 -137.287 815.4
vn -0.139792 -0.808959 -0.571002
v -82.721 -137.287 815.4
vn -0.903163 -0.282638 -0.323128
v -82.5851 -136.647 814.461
vn -0.706739 -0.65304 -0.272135
v -82.5851 -136.647 814.461
vn -0.139792 -0.808959 -0.571002
v -82.5851 -136.647 814.461
vn -0.139792 -0.808959 -0.571002
v -82.3818 -137.134 815.1
vn 0.0670734 -0.969984 -0.233735
v -82.3818 -137.134 815.1
vn -0.0139113 -0.999483 0.0289798
v -81.7812 -137.194 815.4
vn 0.455554 -0.872005 -0.179102
v -81.7812 -137.194 815.4
vn 0.335807 -0.932688 -0.131632
v -81.481 -137.225 814.5
vn -0.151492 -0.987125 -0.0513183
v -83.1873 -136.826 816.3
vn 0.553442 -0.831437 -0.0491351
v -81.8254 -137.402 816.3
vn 0.635768 -0.767489 0.0822137
v -81.8089 -137.324 816.9
vn 0.553442 -0.831437 -0.0491351
v -81.519 -137.18 816
vn -0.558115 -0.82032 0.12483
v -83.1881 -137.132 819.6
vn -0.0906993 -0.98794 0.125494
v -81.3981 -136.835 820.2
vn -0.92243 -0.364718 -0.126897
v -81.093 -136.842 820.2
vn -0.610843 -0.777947 0.147203
v -81.093 -136.842 820.2
vn -0.177134 -0.969678 -0.16837
v -81.6477 -136.566 840
vn 0.412162 -0.861908 0.295359
v -80.604 -131.656 873
vn 0.612344 -0.77465 0.157962
v -81.2936 -132.014 873.765
vn 0.877883 -0.163814 0.449986
v -79.7896 -129.267 878.237
vn 0.557314 -0.707836 0.434014
v -81.4878 -128.599 881.722
vn -0.0562966 0.995782 0.0724513
v -79.806 -123.573 829.2
vn 0.114795 -0.8582 -0.500314
v -76.5022 -115.244 778.521
vn 0.446589 -0.695468 -0.562924
v -77.823 -112.203 772.8
vn 0.980347 0.195932 -0.0230501
v -75.9311 -110.765 799.8
vn 0.961862 -0.145518 0.231614
v -76.0103 -108.601 903.95
vn 0.925403 0.232751 -0.299092
v -75.5501 -103.178 761.7
vn 0.835821 -0.287802 -0.467517
v -74.95 -103.613 764.55
vn 0.994454 0.0642531 0.0832634
v -75.0747 -104.2 906.45
vn 0.964182 0.256951 -0.0658011
v -70.645 -87.0458 912.3
vn 0.97557 0.00940872 0.219487
v -70.2377 -86.2122 917.7
vn 0.977898 0.20908 0.00117574
v -70.4963 -85.8506 921.3
vn 0.596866 -0.753842 0.274723
v -70.4963 -85.8506 921.3
vn 0.838288 -0.487235 -0.244695
v -70.4963 -85.8506 921.3
vn 0.957224 -0.202938 0.206247
v -70.9179 -81.1604 931.8
vn 0.915966 -0.295405 0.271555
v -71.3947 -81.1151 933.9
vn 0.738427 -0.395435 0.546221
v -69.237 -73.8502 939.785
vn 0.844948 -0.275333 0.458536
v -68.8588 -73.9306 939
vn 0.124414 0.941804 -0.312292
v -67.6527 -69.2821 921.3
vn 0.827712 0.531543 -0.179872
v -67.1994 -68.5925 923.4
vn 0.486661 0.872763 0.0380266
v -67.1994 -68.5925 923.4
vn 0.750747 0.618945 -0.230838
v -67.062 -67.946 927
vn 0.874504 0.209274 -0.437546
v -66.6695 -68.5686 927.9
vn 0.806827 0.590184 0.0267091
v -67.0469 -67.8749 927.666
vn 0.843495 0.273944 -0.462029
v -67.0469 -67.8749 927.666
vn 0.579358 0.709535 -0.401129
v -67.0469 -67.8749 927.666
vn -0.032535 0.956004 -0.291544
v -66.1008 -66.3101 931.8
vn 0.626883 0.75509 -0.19198
v -66.1008 -66.3101 931.8
vn 0.891636 0.422962 -0.16152
v -66.1985 -63.8836 939.3
vn 0.858892 0.501285 -0.104964
v -66.1262 -63.5438 940.8
vn 0.816229 0.571625 -0.0837576
v -65.468 -64.2234 943.8
vn 0.819488 0.554532 -0.144683
v -66.5734 -62.7617 943.527
vn 0.662623 0.734024 -0.148796
v -66.5388 -62.5989 944.4
vn 0.628659 0.777152 0.0286866
v -67.0029 -61.8964 947.7
vn 0.692936 0.720735 -0.0195361
v -66.7289 -62.0505 946.5
vn 0.568355 0.752165 0.333497
v -67.329 -61.9876 949.399
vn 0.610358 0.771852 0.178065
v -67.2666 -61.6942 948.394
vn -0.237061 -0.952218 -0.192568
v -80.7986 -136.9 814.5
vn -0.93853 -0.344326 -0.024516
v -80.512 -136.994 814.8
vn -0.985956 -0.0714229 -0.150961
v -80.5296 -137.697 817.8
vn 0.120124 -0.983894 -0.13237
v -80.3776 -137.805 816.6
vn -0.841493 -0.537106 -0.0583632
v -80.3776 -137.805 816.6
vn -0.997482 -0.0495889 -0.0507086
v -80.3776 -137.805 816.6
vn 0.119286 -0.991761 0.0466984
v -80.3984 -137.903 817.8
vn -0.453003 -0.868621 -0.200716
v -78.8 -137.598 818.1
vn -0.063162 -0.88987 -0.45182
v -76.3423 -123.149 792.3
vn 0.840675 0.20127 0.502748
v -75.9346 -124.873 878.7
vn 0.38864 0.859343 -0.332398
v -75.5956 -121.08 842.7
vn -0.202747 0.779288 -0.592961
v -75.3537 -120.089 843.9
vn 0.553484 -0.692675 0.462446
v -74.7415 -115.618 885.663
vn 0.758417 0.611449 0.225683
v -73.6454 -113.347 802.5
vn 0.956972 0.245303 -0.155018
v -72.3895 -108.757 773.4
vn 0.67168 -0.722298 0.164715
v -74.6829 -108.883 897.3
vn 0.793741 -0.398896 -0.459192
v -73.9194 -105.979 768.476
vn 0.87638 0.474174 0.0843568
v -73.4734 -105.324 771.3
vn -0.18335 -0.938344 0.293074
v -69.1094 -87.6789 893.898
vn 0.514803 -0.847872 0.126848
v -69.263 -87.6462 895.2
vn 0.999096 0.0421737 -0.00530339
v -70.2832 -87.4294 916.95
vn 0.521851 -0.842399 0.134296
v -68.0258 -83.9221 908.4
vn 0.829824 -0.295338 0.473463
v -66.1536 -74.5056 933.9
vn 0.647862 -0.735757 0.197323
v -64.8018 -72.3393 931.8
vn 0.5117 -0.813085 0.277589
v -64.5762 -71.7738 933
vn 0.656828 -0.581619 0.479892
v -64.9672 -71.0773 935.269
vn 0.783555 -0.396865 0.478058
v -65.8461 -69.9704 937.5
vn 0.259229 -0.798319 0.543587
v -65.7701 -69.0831 938.1
vn 0.215975 -0.797289 0.563635
v -65.367 -70.0722 936.666
vn 0.804197 0.584371 -0.108523
v -64.5652 -68.7091 937.5
vn 0.552549 -0.348561 0.757096
v -64.7617 -68.6674 938.241
vn 0.935967 0.145812 0.320476
v -64.7617 -68.6674 938.241
vn 0.886613 0.0650908 0.457908
v -64.371 -69.3638 937.2
vn 0.717955 0.679961 -0.148977
v -64.4958 -68.8594 937.2
vn 0.93188 0.175697 0.317381
v -64.5306 -69.0232 937.479
vn 0.556008 0.824514 -0.105033
v -64.2367 -69.0833 936.9
vn 0.868638 0.494929 -0.0226457
v -64.2367 -69.0833 936.9
vn 0.713118 -0.418242 0.562615
v -65.3163 -68.5495 938.7
vn 0.950795 0.236595 -0.20003
v -65.6036 -66.3415 933.3
vn 0.705293 0.704227 -0.0814012
v -65.4638 -66.0645 935.4
vn 0.980243 -0.184064 0.0724137
v -65.5534 -66.0455 937.2
vn 0.983872 -0.0539136 0.170554
v -65.1536 -67.0506 939.9
vn 0.859145 0.496689 -0.123163
v -64.9464 -68.0147 938.4
vn 0.945549 0.0410467 0.322882
v -64.9928 -68.3116 938.573
vn 0.919508 -0.256402 0.297931
v -65.6998 -66.9345 941.7
vn 0.776918 0.628951 -0.0286128
v -65.1498 -64.5978 942.6
vn 0.963967 0.143124 -0.224239
v -65.1498 -64.5978 942.6
vn 0.607266 -0.73643 -0.298158
v -78.299 -136.684 813
vn 0.664374 -0.739553 -0.108023
v -78.121 -137.289 815.133
vn 0.0662533 -0.992608 -0.101688
v -78.2458 -137.876 817.95
vn 0.0586276 -0.993364 -0.0989501
v -77.9255 -137.813 817.5
vn 0.476745 -0.849657 -0.225381
v -77.9255 -137.813 817.5
vn 0.201536 -0.95226 -0.229313
v -77.8632 -137.519 816.9
vn -0.395758 -0.800843 -0.449474
v -77.5497 -137.487 816.6
vn 0.57899 -0.803507 -0.138375
v -77.5497 -137.487 816.6
vn -0.240785 -0.94863 -0.205239
v -77.1993 -137.179 816.3
vn -0.602751 -0.720953 -0.341933
v -77.1526 -135.619 811.8
vn 0.115975 -0.893511 -0.433807
v -76.8933 -135.842 811.8
vn -0.459398 -0.834573 -0.304041
v -77.3193 -136.403 813.9
vn -0.598349 -0.696285 -0.396442
v -76.907 -134.464 809.4
vn 0.623367 0.781881 -0.00871168
v -75.1343 -124.681 831.3
vn -0.236686 0.970952 -0.0351024
v -74.601 -125.058 831.3
vn 0.829366 0.360535 0.42681
v -73.6319 -124.749 874.8
vn 0.925719 0.332107 0.180967
v -71.5055 -109.559 775.8
vn 0.937017 0.327947 0.120206
v -71.6087 -109.537 776.288
vn 0.983707 0.178893 -0.0178163
v -71.421 -110.097 777
vn 0.964943 0.0511932 -0.257418
v -71.8451 -108.566 774.9
vn 0.496529 0.747168 0.441813
v -71.8451 -108.566 774.9
vn 0.877393 0.450353 0.165422
v -71.8451 -108.566 774.9
vn 0.9129 0.114667 0.391745
v -68.6548 -100.657 882.3
vn 0.679446 0.669635 -0.299903
v -66.6551 -88.814 882.9
vn 0.579995 -0.802931 0.137506
v -66.9932 -86.3805 892.5
vn 0.92733 -0.373372 0.0255289
v -66.232 -83.6899 904.2
vn 0.994273 -0.00148266 -0.106863
v -66.232 -83.6899 904.2
vn 0.952649 -0.293382 -0.079917
v -66.2017 -81.8562 915.6
vn 0.941774 -0.335763 0.0180509
v -64.825 -76.9349 918.6
vn 0.999007 0.0443188 0.00451896
v -64.0629 -76.4835 925.8
vn 0.951349 -0.203146 0.231663
v -64.2508 -74.91 930
vn 0.96792 -0.22335 0.11509
v -64.2609 -75.5213 928.8
vn 0.960806 0.224608 -0.162487
v -64.817 -73.2562 920.811
vn 0.978767 -0.10888 0.17367
v -64.3891 -72.427 930.3
vn 0.71999 0.660721 -0.21228
v -63.616 -71.3645 930
vn 0.986458 -0.163777 -0.00881276
v -63.7453 -71.337 933
vn 0.520018 0.826062 -0.217265
v -63.7148 -71.0368 930.6
vn 0.841957 0.508947 -0.179113
v -63.7148 -71.0368 930.6
vn 0.855709 0.51726 0.0143168
v -63.5683 -71.068 931.2
vn 0.804231 0.590571 0.0666221
v -63.7311 -71.0334 931.773
vn 0.98852 0.107585 0.106086
v -63.7128 -70.4238 934.8
vn 0.969568 -0.0887943 0.228154
v -63.8998 -70.3841 935.241
vn 0.897629 0.438487 -0.0446167
v -63.8268 -70.041 934.2
vn 0.866771 0.493866 -0.0693155
v -63.8553 -69.7802 936.3
vn 0.880237 0.0788656 0.467934
v -63.8553 -69.7802 936.3
vn 0.983173 -0.173375 0.0575479
v -63.8553 -69.7802 936.3
vn -0.325556 -0.944586 0.0420772
v -75.7111 -137.495 817.607
vn -0.277696 -0.939497 -0.200576
v -74.6061 -136.625 814.8
vn -0.279933 -0.947064 -0.157188
v -74.9844 -136.962 816.9
vn 0.32267 -0.942185 -0.0903989
v -74.4072 -137.132 816.9
vn 0.404591 -0.907983 0.108961
v -75.6487 -137.201 819.923
vn -0.281625 -0.952789 -0.113494
v -75.0272 -137.163 818.7
vn 0.310436 -0.936608 0.162466
v -72.1416 -129.359 865.379
vn 0.883648 -0.248031 0.397048
v -72.6647 -128.021 869.4
vn 0.892074 -0.251987 0.375109
v -71.8882 -124.199 872.7
vn 0.828999 0.342749 0.441908
v -71.7759 -125.757 872.1
vn 0.923606 -0.0555507 0.379298
v -71.7759 -125.757 872.1
vn 0.575868 -0.762042 0.296088
v -73.1353 -123.934 875.808
vn 0.403223 -0.71177 -0.575148
v -70.5344 -119.273 786.3
vn 0.550264 -0.65398 -0.519153
v -70.4185 -119.81 786.9
vn 0.244321 -0.92729 -0.283622
v -70.4185 -119.81 786.9
vn 0.954675 0.258217 -0.148053
v -69.068 -115.904 784.8
vn 0.77133 0.583113 0.255009
v -69.068 -115.904 784.8
vn 0.374327 0.875789 0.304751
v -70.9797 -115.235 802.2
vn 0.783582 0.56252 0.263764
v -71.0064 -115.361 802.8
vn 0.666738 0.693683 0.272515
v -70.5512 -112.829 780.6
vn 0.923336 -0.237717 0.301564
v -69.8201 -128.933 862.5
vn 0.889568 -0.226571 0.396655
v -71.2901 -128.927 865.8
vn 0.373213 -0.910182 0.17967
v -69.6433 -128.357 862.5
vn 0.936296 -0.0435537 0.3485
v -69.8071 -124.948 867
vn 0.905047 -0.244019 0.348346
v -69.2837 -121.686 865.752
vn 0.907624 0.357183 0.220543
v -68.8839 -122.691 866.356
vn 0.914451 0.374954 0.152279
v -68.5497 -123.069 865.8
vn 0.947705 -0.176198 0.266101
v -69.8155 -121.302 867.9
vn 0.953004 -0.186042 -0.239107
v -68.2011 -120.076 791.4
vn 0.875163 0.483064 -0.0272038
v -68.9483 -116.85 786
vn 0.943473 -0.0536718 -0.327076
v -68.6401 -116.915 786.9
vn 0.935534 0.338745 0.10014
v -68.6401 -116.915 786.9
vn 0.960951 0.196049 0.195288
v -68.4028 -118.499 788.7
vn 0.982348 0.174836 0.0665184
v -68.5029 -118.478 789.3
vn 0.96568 0.237057 0.106142
v -68.3835 -117.89 787.8
vn 0.910723 0.284981 0.298947
v -68.4729 -117.871 788.571
vn 0.328414 0.415895 -0.848042
v -67.4576 -117.423 844.5
vn -0.140668 0.776855 -0.613766
v -66.7013 -112.727 849
vn -0.216802 0.717934 -0.661489
v -66.4331 -112.784 848.4
vn -0.888434 0.194736 -0.415648
v -66.3011 -113.425 847.817
vn 0.0677122 0.575421 -0.815049
v -66.3451 -112.189 848.943
vn -0.32727 0.602219 -0.728166
v -65.9063 -111.568 849.3
vn 0.65228 -0.331402 0.681692
v -63.5186 -101.135 867.3
vn 0.588195 -0.493636 0.640585
v -63.7877 -100.158 868.165
vn 0.940741 0.090855 0.326728
v -63.5808 -98.3618 869.4
vn 0.932332 -0.347516 -0.0999525
v -63.5808 -98.3618 869.4
vn 0.983681 -0.135267 0.118634
v -63.6835 -98.0332 870
vn 0.758829 0.360937 0.542128
v -63.6835 -98.0332 870
vn 0.758829 0.360937 0.542128
v -63.6074 -97.7427 869.7
vn 0.932332 -0.347516 -0.0999525
v -63.5047 -98.0713 869.1
vn 0.932332 -0.347516 -0.0999525
v -63.4451 -98.0839 869.7
vn 0.906841 0.41589 -0.0683676
v -63.4451 -98.0839 869.7
vn 0.758829 0.360937 0.542128
v -63.4451 -98.0839 869.7
vn 0.673578 -0.53433 0.51067
v -63.6779 -95.8875 872.4
vn 0.670428 -0.731507 0.124194
v -67.9526 -128.409 858.825
vn 0.750237 -0.583553 0.310822
v -67.5062 -124.517 861.9
vn 0.511749 0.826423 -0.234816
v -67.4504 -123.161 831.6
vn 0.946975 0.274237 0.167427
v -68.0261 -124.1 864
vn 0.985479 0.160595 0.0551476
v -65.5463 -120.64 854.1
vn 0.954902 0.29349 -0.0450161
v -65.495 -121.571 853.2
vn 0.648996 -0.626118 0.432181
v -65.8021 -119.972 855.3
vn 0.468129 -0.738568 0.485153
v -65.417 -120.054 854.4
vn 0.206734 0.385501 -0.89925
v -66.8809 -117.596 844.68
vn -0.0538768 0.505445 -0.861175
v -66.6339 -117.877 844.5
vn -0.626298 0.616069 -0.477713
v -66.6339 -117.877 844.5
vn 0.718267 -0.545106 0.43238
v -66.3312 -118.02 858.3
vn 0.993348 0.11492 0.00733326
v -65.4955 -112.983 859.8
vn -0.47045 0.489098 -0.73448
v -65.7582 -112.314 848.913
vn -0.432564 0.448171 -0.782324
v -65.6958 -112.021 849.068
vn 0.999523 -0.0165489 0.0260601
v -63.8603 -109.957 861.3
vn 0.626514 0.618574 -0.474179
v -62.491 -106.874 856.8
vn 0.743246 -0.619645 0.252239
v -63.9417 -107.793 865.8
vn 0.98436 -0.157522 -0.0788839
v -63.9316 -107.182 865.8
vn 0.894304 -0.428755 -0.12802
v -63.7592 -106.912 866.1
vn 0.993463 -0.0518851 0.101681
v -62.6421 -103.775 858.9
vn 0.583775 0.635079 -0.505847
v -62.3232 -104.456 860.1
vn 0.651473 0.708727 -0.270719
v -62.3451 -104.914 859.5
vn 0.939105 0.320866 -0.122992
v -62.9882 -102.168 860.45
vn 0.97407 -0.0162204 0.225665
v -62.9882 -102.168 860.45
vn 0.942684 0.308878 -0.126259
v -62.3724 -101.379 865.8
vn 0.940755 0.327844 -0.0865886
v -62.3165 -102.311 864.6
vn 0.820157 -0.145937 0.553213
v -63.272 -101.801 867
vn 0.661387 -0.443892 0.604588
v -62.8216 -99.75 867.6
vn 0.67927 -0.729871 0.0766866
v -67.3492 -134.228 822
vn 0.0672361 0.817107 -0.572552
v -63.7963 -123.159 835.5
vn 0.923571 0.110414 -0.367186
v -63.7963 -123.159 835.5
vn 0.259822 0.810024 -0.525694
v -63.5651 -120.754 839.153
vn 0.131037 0.907055 -0.4001
v -63.0294 -121.12 838.5
vn 0.869498 0.339377 -0.358882
v -63.0294 -121.12 838.5
vn -0.156294 0.746438 -0.64684
v -63.3103 -119.555 840.6
vn 0.668927 -0.391938 0.631601
v -62.7103 -118.176 848.738
vn 0.940035 0.341078 -0.000123254
v -62.8685 -118.142 850.8
vn 0.856843 -0.0109979 0.515461
v -62.8685 -118.142 850.8
vn 0.364799 0.665927 -0.65074
v -63.7786 -115.987 844.5
vn 0.608768 0.616065 -0.499865
v -63.1724 -117.464 843.034
vn 0.969089 -0.0573338 0.239956
v -62.7896 -117.545 849.3
vn 0.996574 0.0815929 -0.0135201
v -61.9377 -113.098 849.3
vn 0.798688 0.466184 -0.380486
v -61.6118 -110.742 852.3
vn 0.914042 0.299496 -0.27355
v -61.7858 -107.638 858.3
vn 0.909071 0.0222192 -0.416048
v -61.6852 -106.138 858.6
vn 0.989752 -0.101516 0.100432
v -61.6852 -106.138 858.6
vn 0.852094 0.522608 -0.0285665
v -61.6974 -105.51 859.5
vn 0.986761 -0.108021 0.120976
v -61.6974 -105.51 859.5
vn 0.91814 0.29395 -0.265729
v -62.5664 -127.407 821.1
vn 0.977774 -0.208749 -0.0195566
v -62.2133 -127.482 823.8
vn 0.505226 -0.859168 0.0810983
v -62.0417 -124.759 838.8
vn 0.977821 -0.203533 -0.0494037
v -61.9977 -124.461 838.2
vn 0.496008 -0.843493 0.206144
v -62.2893 -124.706 840.9
vn 0.583222 -0.771803 0.253322
v -61.9062 -124.481 840.9
vn 0.979593 0.0615817 -0.191325
v -61.8105 -123.581 841.2
vn 0.911074 0.363329 -0.194773
v -61.8508 -121.425 843.9
vn 0.980506 -0.0687196 0.184083
v -61.6393 -121.795 844.2
vn 0.992191 -0.0443559 0.116574
v -61.6981 -122.071 844.595
vn 0.878464 -0.390783 0.274937
v -61.5207 -123.029 842.7
vn 0.915657 -0.153471 0.371509
v -62.3415 -122.855 845.4
vn 0.907107 0.389307 -0.159994
v -61.8094 -121.152 844.8
vn 0.637831 -0.606543 0.474634
v -61.5994 -119.025 846.6
vn 0.737458 -0.412975 0.534422
v -62.1725 -118.903 847.8
vn 0.97883 -0.142912 0.146519
v -61.2582 -117.871 847.8
vn 0.9766 0.210756 0.0428178
v -61.3764 -115.699 849.3
vn 0.877048 -0.332347 0.346888
v -61.3764 -115.699 849.3
f 1//1 2//2 3//3
f 3//3 171//171 1//1
f 153//153 4491//4491 148//148
f 4749//4749 1//1 171//171
f 4757//4757 4493//4493 4492//4492
f 2//2 4//4 3//3
f 4494//4494 5//5 4496//4496
f 4//4 6//6 3//3
f 5//5 4498//4498 4496//4496
f 3//3 4499//4499 171//171
f 4498//4498 5//5 9//9
f 7//7 11//11 15//15
f 171//171 7//7 15//15
f 7//7 171//171 4499//4499
f 4499//4499 8//8 7//7
f 4501//4501 4502//4502 4508//4508
f 4505//4505 4503//4503 4500//4500
f 4506//4506 10//10 4504//4504
f 10//10 4509//4509 4504//4504
f 10//10 12//12 4509//4509
f 4513//4513 4510//4510 4511//4511
f 4511//4511 16//16 4513//4513
f 163//163 20//20 12//12
f 4514//4514 14//14 15//15
f 4514//4514 13//13 14//14
f 15//15 14//14 171//171
f 13//13 25//25 14//14
f 25//25 26//26 14//14
f 14//14 26//26 171//171
f 16//16 4511//4511 17//17
f 17//17 4512//4512 16//16
f 4512//4512 17//17 18//18
f 4512//4512 18//18 19//19
f 20//20 4515//4515 12//12
f 20//20 4516//4516 4515//4515
f 4517//4517 4516//4516 20//20
f 21//21 4517//4517 20//20
f 30//30 4517//4517 21//21
f 21//21 20//20 165//165
f 26//26 23//23 22//22
f 36//36 32//32 27//27
f 27//27 32//32 26//26
f 4520//4520 4523//4523 24//24
f 4526//4526 4512//4512 19//19
f 4527//4527 4518//4518 4524//4524
f 24//24 4523//4523 4519//4519
f 4525//4525 4517//4517 28//28
f 4525//4525 28//28 4521//4521
f 4522//4522 4532//4532 4528//4528
f 23//23 26//26 25//25
f 4533//4533 4530//4530 4529//4529
f 28//28 29//29 4531//4531
f 4540//4540 4531//4531 29//29
f 4541//4541 29//29 38//38
f 4517//4517 30//30 28//28
f 30//30 29//29 28//28
f 38//38 29//29 30//30
f 30//30 21//21 38//38
f 171//171 26//26 35//35
f 31//31 21//21 175//175
f 175//175 174//174 4534//4534
f 175//175 21//21 165//165
f 32//32 33//33 26//26
f 4542//4542 39//39 4535//4535
f 32//32 36//36 4536//4536
f 33//33 34//34 26//26
f 35//35 26//26 34//34
f 34//34 37//37 35//35
f 42//42 46//46 4543//4543
f 37//37 4554//4554 35//35
f 35//35 4554//4554 47//47
f 4541//4541 38//38 4544//4544
f 40//40 4535//4535 39//39
f 4537//4537 4545//4545 4538//4538
f 4546//4546 4543//4543 4539//4539
f 4546//4546 42//42 4543//4543
f 21//21 4544//4544 38//38
f 41//41 4550//4550 4547//4547
f 41//41 43//43 4550//4550
f 53//53 43//43 180//180
f 4544//4544 21//21 31//31
f 39//39 4548//4548 40//40
f 177//177 43//43 41//41
f 4544//4544 31//31 4549//4549
f 41//41 4534//4534 174//174
f 174//174 177//177 41//41
f 177//177 180//180 43//43
f 42//42 4571//4571 46//46
f 53//53 4550//4550 43//43
f 171//171 57//57 185//185
f 171//171 35//35 57//57
f 47//47 57//57 35//35
f 4572//4572 48//48 4555//4555
f 4558//4558 49//49 45//45
f 48//48 4551//4551 4555//4555
f 4556//4556 4552//4552 51//51
f 45//45 49//49 55//55
f 52//52 51//51 4552//4552
f 4571//4571 4557//4557 46//46
f 4559//4559 4573//4573 50//50
f 4560//4560 4559//4559 50//50
f 4565//4565 4568//4568 4561//4561
f 180//180 54//54 4562//4562
f 180//180 4562//4562 53//53
f 4574//4574 4569//4569 4553//4553
f 56//56 60//60 58//58
f 4560//4560 50//50 4575//4575
f 4570//4570 4576//4576 4563//4563
f 57//57 47//47 195//195
f 47//47 4566//4566 63//63
f 54//54 44//44 181//181
f 77//77 65//65 181//181
f 181//181 44//44 179//179
f 62//62 59//59 61//61
f 4579//4579 4582//4582 4581//4581
f 4577//4577 4578//4578 4580//4580
f 4566//4566 4587//4587 63//63
f 4567//4567 4564//4564 4588//4588
f 68//68 82//82 64//64
f 4593//4593 4584//4584 67//67
f 54//54 181//181 65//65
f 4562//4562 54//54 65//65
f 47//47 63//63 195//195
f 4591//4591 4585//4585 69//69
f 70//70 69//69 4585//4585
f 70//70 4585//4585 66//66
f 4590//4590 4586//4586 4607//4607
f 70//70 66//66 72//72
f 73//73 72//72 66//66
f 73//73 66//66 75//75
f 76//76 75//75 66//66
f 76//76 66//66 78//78
f 76//76 78//78 81//81
f 4592//4592 4595//4595 4594//4594
f 4589//4589 4608//4608 4583//4583
f 4595//4595 4596//4596 4594//4594
f 4594//4594 4596//4596 71//71
f 68//68 4597//4597 82//82
f 4596//4596 4598//4598 71//71
f 4598//4598 4599//4599 71//71
f 71//71 4599//4599 74//74
f 4597//4597 4600//4600 82//82
f 80//80 82//82 4600//4600
f 4599//4599 4601//4601 74//74
f 4609//4609 83//83 63//63
f 4601//4601 4602//4602 74//74
f 74//74 4602//4602 4604//4604
f 4602//4602 4606//4606 4604//4604
f 63//63 83//83 84//84
f 65//65 87//87 4610//4610
f 87//87 65//65 77//77
f 4590//4590 4607//4607 4603//4603
f 4607//4607 85//85 4603//4603
f 83//83 81//81 78//78
f 84//84 83//83 78//78
f 78//78 79//79 84//84
f 4614//4614 79//79 78//78
f 84//84 79//79 86//86
f 4614//4614 4617//4617 79//79
f 4610//4610 87//87 4615//4615
f 4605//4605 4612//4612 4611//4611
f 4604//4604 4606//4606 4613//4613
f 87//87 88//88 4615//4615
f 4616//4616 4621//4621 4618//4618
f 89//89 4619//4619 4622//4622
f 86//86 90//90 84//84
f 4623//4623 4626//4626 4620//4620
f 88//88 87//87 4624//4624
f 92//92 4624//4624 87//87
f 4629//4629 87//87 77//77
f 195//195 63//63 84//84
f 77//77 93//93 4629//4629
f 90//90 4625//4625 91//91
f 84//84 90//90 91//91
f 4624//4624 92//92 4627//4627
f 84//84 91//91 94//94
f 92//92 95//95 4627//4627
f 4632//4632 4629//4629 93//93
f 189//189 4632//4632 93//93
f 187//187 189//189 93//93
f 195//195 84//84 200//200
f 4633//4633 4630//4630 4628//4628
f 94//94 96//96 98//98
f 189//189 192//192 4632//4632
f 4632//4632 192//192 191//191
f 191//191 196//196 107//107
f 4631//4631 4634//4634 4635//4635
f 200//200 84//84 127//127
f 94//94 127//127 84//84
f 94//94 98//98 127//127
f 97//97 98//98 96//96
f 191//191 4636//4636 4632//4632
f 99//99 191//191 104//104
f 4637//4637 4760//4760 4642//4642
f 98//98 105//105 106//106
f 4638//4638 4651//4651 4641//4641
f 4639//4639 4648//4648 4652//4652
f 4643//4643 4649//4649 4640//4640
f 97//97 96//96 4644//4644
f 100//100 101//101 102//102
f 106//106 103//103 98//98
f 4646//4646 4645//4645 4647//4647
f 103//103 127//127 98//98
f 116//116 113//113 117//117
f 191//191 107//107 104//104
f 4657//4657 4653//4653 4650//4650
f 107//107 108//108 4654//4654
f 108//108 4655//4655 4654//4654
f 4658//4658 128//128 4656//4656
f 4658//4658 109//109 128//128
f 103//103 106//106 131//131
f 106//106 4709//4709 131//131
f 125//125 4710//4710 4659//4659
f 285//285 4660//4660 108//108
f 4679//4679 110//110 111//111
f 114//114 115//115 112//112
f 114//114 112//112 4661//4661
f 110//110 4666//4666 111//111
f 4664//4664 4667//4667 119//119
f 4680//4680 4665//4665 4687//4687
f 4662//4662 4681//4681 4669//4669
f 4663//4663 4670//4670 4673//4673
f 121//121 4677//4677 122//122
f 121//121 4671//4671 4677//4677
f 124//124 118//118 4675//4675
f 4695//4695 124//124 4675//4675
f 4695//4695 4675//4675 4674//4674
f 4695//4695 4674//4674 4672//4672
f 4676//4676 4685//4685 4668//4668
f 129//129 4696//4696 120//120
f 129//129 4709//4709 4696//4696
f 4691//4691 4697//4697 4682//4682
f 4678//4678 4683//4683 4698//4698
f 4692//4692 4688//4688 4700//4700
f 4693//4693 4684//4684 4689//4689
f 4688//4688 4686//4686 4700//4700
f 4685//4685 4690//4690 4668//4668
f 120//120 130//130 129//129
f 4694//4694 4701//4701 4712//4712
f 121//121 122//122 123//123
f 4695//4695 4699//4699 124//124
f 122//122 4711//4711 4702//4702
f 122//122 4702//4702 123//123
f 123//123 4702//4702 126//126
f 4699//4699 4704//4704 124//124
f 4660//4660 4705//4705 4703//4703
f 4701//4701 4706//4706 4712//4712
f 103//103 131//131 127//127
f 129//129 131//131 4709//4709
f 130//130 131//131 129//129
f 4707//4707 133//133 4713//4713
f 130//130 132//132 131//131
f 133//133 4714//4714 4713//4713
f 131//131 132//132 134//134
f 4715//4715 201//201 4720//4720
f 4660//4660 285//285 4705//4705
f 198//198 4708//4708 4818//4818
f 4708//4708 198//198 4718//4718
f 4719//4719 4761//4761 4716//4716
f 4717//4717 4762//4762 4763//4763
f 4720//4720 201//201 203//203
f 137//137 135//135 243//243
f 244//244 4721//4721 140//140
f 136//136 141//141 140//140
f 140//140 4721//4721 136//136
f 4723//4723 4722//4722 4726//4726
f 138//138 4724//4724 4727//4727
f 4734//4734 4725//4725 4730//4730
f 4728//4728 139//139 4731//4731
f 4731//4731 139//139 4735//4735
f 140//140 171//171 244//244
f 140//140 146//146 171//171
f 4736//4736 144//144 4733//4733
f 142//142 4741//4741 4737//4737
f 4732//4732 142//142 4737//4737
f 4747//4747 143//143 145//145
f 140//140 4742//4742 146//146
f 4743//4743 4738//4738 4748//4748
f 151//151 4744//4744 4739//4739
f 4740//4740 4741//4741 142//142
f 4753//4753 4740//4740 247//247
f 4754//4754 149//149 4745//4745
f 4750//4750 150//150 147//147
f 147//147 150//150 4749//4749
f 147//147 4749//4749 171//171
f 4746//4746 4750//4750 147//147
f 4746//4746 147//147 146//146
f 146//146 147//147 171//171
f 4754//4754 152//152 149//149
f 4755//4755 4752//4752 4751//4751
f 4755//4755 148//148 4752//4752
f 251//251 4758//4758 4756//4756
f 4756//4756 4753//4753 251//251
f 148//148 4755//4755 153//153
f 156//156 251//251 374//374
f 154//154 4497//4497 4495//4495
f 154//154 4495//4495 4758//4758
f 4497//4497 154//154 155//155
f 154//154 4758//4758 251//251
f 154//154 4815//4815 4759//4759
f 157//157 154//154 4759//4759
f 157//157 155//155 154//154
f 158//158 155//155 157//157
f 157//157 160//160 158//158
f 4507//4507 4497//4497 155//155
f 159//159 4507//4507 155//155
f 159//159 155//155 158//158
f 158//158 161//161 159//159
f 161//161 4507//4507 159//159
f 161//161 163//163 4507//4507
f 160//160 162//162 158//158
f 162//162 161//161 158//158
f 162//162 160//160 257//257
f 162//162 257//257 161//161
f 163//163 161//161 257//257
f 10//10 163//163 12//12
f 20//20 163//163 258//258
f 4507//4507 163//163 10//10
f 260//260 169//169 258//258
f 164//164 20//20 258//258
f 258//258 169//169 164//164
f 169//169 167//167 164//164
f 164//164 167//167 166//166
f 164//164 166//166 165//165
f 165//165 166//166 168//168
f 167//167 172//172 166//166
f 172//172 168//168 166//166
f 169//169 170//170 167//167
f 170//170 172//172 167//167
f 170//170 169//169 260//260
f 260//260 172//172 170//170
f 20//20 164//164 165//165
f 168//168 175//175 165//165
f 252//252 244//244 185//185
f 171//171 185//185 244//244
f 176//176 168//168 172//172
f 173//173 176//176 172//172
f 177//177 174//174 175//175
f 176//176 177//177 175//175
f 175//175 168//168 176//176
f 173//173 177//177 176//176
f 180//180 177//177 262//262
f 262//262 264//264 180//180
f 44//44 180//180 178//178
f 178//178 179//179 44//44
f 264//264 178//178 180//180
f 4816//4816 265//265 178//178
f 179//179 178//178 265//265
f 180//180 44//44 54//54
f 269//269 181//181 179//179
f 272//272 181//181 269//269
f 276//276 183//183 181//181
f 183//183 77//77 181//181
f 77//77 183//183 182//182
f 182//182 186//186 187//187
f 77//77 182//182 187//187
f 186//186 183//183 184//184
f 183//183 186//186 182//182
f 184//184 183//183 274//274
f 273//273 186//186 184//184
f 185//185 57//57 190//190
f 195//195 190//190 57//57
f 273//273 187//187 186//186
f 77//77 187//187 93//93
f 188//188 187//187 273//273
f 273//273 279//279 188//188
f 189//189 187//187 188//188
f 278//278 277//277 185//185
f 185//185 190//190 278//278
f 188//188 192//192 189//189
f 191//191 192//192 193//193
f 191//191 193//193 196//196
f 279//279 192//192 188//188
f 279//279 193//193 192//192
f 193//193 279//279 194//194
f 190//190 195//195 284//284
f 197//197 196//196 193//193
f 107//107 196//196 197//197
f 108//108 107//107 197//197
f 193//193 194//194 197//197
f 197//197 194//194 282//282
f 197//197 282//282 108//108
f 285//285 108//108 282//282
f 199//199 284//284 195//195
f 195//195 200//200 199//199
f 4818//4818 202//202 198//198
f 199//199 286//286 284//284
f 127//127 207//207 200//200
f 127//127 131//131 207//207
f 131//131 134//134 207//207
f 4765//4765 207//207 134//134
f 202//202 4764//4764 198//198
f 205//205 4766//4766 4764//4764
f 4765//4765 204//204 207//207
f 4767//4767 4770//4770 4768//4768
f 4764//4764 202//202 205//205
f 208//208 4769//4769 4771//4771
f 204//204 4772//4772 207//207
f 4771//4771 209//209 208//208
f 205//205 210//210 4773//4773
f 202//202 210//210 205//205
f 202//202 293//293 210//210
f 286//286 199//199 206//206
f 206//206 199//199 200//200
f 206//206 200//200 207//207
f 207//207 4772//4772 211//211
f 4818//4818 293//293 202//202
f 207//207 211//211 206//206
f 211//211 4772//4772 212//212
f 4774//4774 208//208 213//213
f 213//213 208//208 209//209
f 211//211 212//212 216//216
f 214//214 4775//4775 4773//4773
f 4773//4773 210//210 214//214
f 211//211 216//216 397//397
f 293//293 294//294 210//210
f 210//210 294//294 214//214
f 213//213 215//215 4774//4774
f 4776//4776 4775//4775 214//214
f 4776//4776 214//214 304//304
f 4777//4777 216//216 212//212
f 4777//4777 217//217 216//216
f 4780//4780 4778//4778 4819//4819
f 4781//4781 305//305 4779//4779
f 218//218 221//221 219//219
f 354//354 355//355 219//219
f 4786//4786 4874//4874 4783//4783
f 227//227 228//228 220//220
f 221//221 223//223 222//222
f 4790//4790 224//224 220//220
f 222//222 223//223 4787//4787
f 224//224 227//227 220//220
f 231//231 219//219 221//221
f 221//221 222//222 231//231
f 225//225 4788//4788 4784//4784
f 4791//4791 4789//4789 4794//4794
f 4792//4792 226//226 4793//4793
f 226//226 235//235 4793//4793
f 4875//4875 359//359 4785//4785
f 359//359 4795//4795 4785//4785
f 360//360 4791//4791 4794//4794
f 4792//4792 4878//4878 226//226
f 4878//4878 442//442 226//226
f 4796//4796 229//229 232//232
f 4798//4798 233//233 4803//4803
f 230//230 228//228 227//227
f 4797//4797 4801//4801 4799//4799
f 234//234 4800//4800 4802//4802
f 4805//4805 4800//4800 234//234
f 230//230 227//227 224//224
f 235//235 4802//4802 4793//4793
f 4802//4802 235//235 234//234
f 219//219 231//231 352//352
f 4787//4787 231//231 222//222
f 4787//4787 4796//4796 231//231
f 236//236 232//232 239//239
f 232//232 236//236 244//244
f 4796//4796 232//232 231//231
f 231//231 232//232 244//244
f 4805//4805 234//234 235//235
f 362//362 4805//4805 235//235
f 362//362 235//235 442//442
f 450//450 4729//4729 444//444
f 236//236 238//238 4721//4721
f 236//236 4721//4721 244//244
f 4812//4812 240//240 237//237
f 236//236 239//239 4808//4808
f 240//240 4809//4809 237//237
f 4809//4809 4807//4807 237//237
f 242//242 4814//4814 4810//4810
f 4813//4813 4804//4804 4806//4806
f 4805//4805 240//240 4812//4812
f 241//241 240//240 4805//4805
f 241//241 242//242 240//240
f 242//242 4810//4810 240//240
f 444//444 241//241 4805//4805
f 242//242 241//241 444//444
f 242//242 444//444 4729//4729
f 135//135 4811//4811 243//243
f 242//242 4729//4729 4814//4814
f 352//352 231//231 361//361
f 244//244 361//361 231//231
f 139//139 364//364 369//369
f 369//369 245//245 139//139
f 139//139 245//245 142//142
f 247//247 4740//4740 142//142
f 249//249 142//142 245//245
f 247//247 142//142 249//249
f 245//245 246//246 249//249
f 248//248 249//249 250//250
f 246//246 250//250 249//249
f 371//371 250//250 246//246
f 251//251 247//247 248//248
f 247//247 249//249 248//248
f 251//251 248//248 250//250
f 250//250 374//374 251//251
f 247//247 251//251 4753//4753
f 373//373 4759//4759 374//374
f 373//373 253//253 254//254
f 4759//4759 373//373 157//157
f 157//157 373//373 254//254
f 244//244 252//252 361//361
f 253//253 255//255 254//254
f 160//160 157//157 254//254
f 254//254 257//257 160//160
f 255//255 257//257 254//254
f 257//257 255//255 256//256
f 256//256 163//163 257//257
f 253//253 256//256 255//255
f 260//260 163//163 256//256
f 256//256 259//259 260//260
f 260//260 258//258 163//163
f 361//361 252//252 372//372
f 266//266 261//261 263//263
f 173//173 262//262 177//177
f 262//262 266//266 264//264
f 376//376 172//172 260//260
f 376//376 173//173 172//172
f 173//173 4879//4879 262//262
f 265//265 4816//4816 4817//4817
f 266//266 262//262 261//261
f 4817//4817 267//267 265//265
f 268//268 267//267 4817//4817
f 270//270 267//267 268//268
f 263//263 270//270 268//268
f 263//263 268//268 4817//4817
f 267//267 179//179 265//265
f 270//270 179//179 267//267
f 270//270 269//269 179//179
f 272//272 269//269 270//270
f 270//270 271//271 272//272
f 271//271 276//276 272//272
f 273//273 276//276 271//271
f 377//377 271//271 270//270
f 377//377 273//273 271//271
f 181//181 272//272 276//276
f 185//185 277//277 252//252
f 276//276 274//274 183//183
f 276//276 275//275 274//274
f 184//184 275//275 273//273
f 184//184 274//274 275//275
f 276//276 273//273 275//275
f 379//379 277//277 278//278
f 278//278 380//380 379//379
f 279//279 280//280 285//285
f 280//280 281//281 4818//4818
f 475//475 4818//4818 281//281
f 279//279 282//282 194//194
f 279//279 285//285 282//282
f 278//278 283//283 380//380
f 284//284 278//278 190//190
f 476//476 4818//4818 475//475
f 283//283 478//478 380//380
f 278//278 284//284 283//283
f 283//283 284//284 381//381
f 290//290 381//381 284//284
f 284//284 286//286 290//290
f 4818//4818 288//288 293//293
f 288//288 287//287 293//293
f 477//477 289//289 288//288
f 289//289 287//287 288//288
f 382//382 287//287 289//289
f 289//289 477//477 382//382
f 381//381 290//290 384//384
f 290//290 286//286 390//390
f 384//384 290//290 390//390
f 390//390 286//286 297//297
f 297//297 286//286 206//206
f 382//382 291//291 287//287
f 291//291 292//292 296//296
f 292//292 300//300 296//296
f 292//292 291//291 388//388
f 383//383 292//292 388//388
f 295//295 294//294 293//293
f 296//296 299//299 294//294
f 287//287 291//291 293//293
f 295//295 293//293 291//291
f 295//295 296//296 294//294
f 295//295 291//291 296//296
f 390//390 297//297 395//395
f 297//297 206//206 307//307
f 307//307 206//206 298//298
f 206//206 211//211 298//298
f 307//307 298//298 312//312
f 294//294 299//299 301//301
f 300//300 299//299 296//296
f 301//301 299//299 300//300
f 300//300 306//306 301//301
f 306//306 294//294 301//301
f 303//303 311//311 306//306
f 306//306 300//300 302//302
f 302//302 303//303 306//306
f 300//300 391//391 302//302
f 391//391 303//303 302//302
f 294//294 304//304 214//214
f 4820//4820 4821//4821 4782//4782
f 309//309 4779//4779 305//305
f 216//216 4825//4825 397//397
f 304//304 306//306 4822//4822
f 304//304 294//294 306//306
f 306//306 310//310 4822//4822
f 395//395 297//297 307//307
f 298//298 211//211 397//397
f 409//409 397//397 4825//4825
f 311//311 303//303 393//393
f 310//310 308//308 4822//4822
f 4825//4825 313//313 409//409
f 305//305 4823//4823 309//309
f 4825//4825 410//410 313//313
f 309//309 4823//4823 4882//4882
f 310//310 311//311 308//308
f 311//311 406//406 308//308
f 4881//4881 4883//4883 4824//4824
f 311//311 310//310 306//306
f 406//406 311//311 399//399
f 312//312 298//298 396//396
f 298//298 397//397 396//396
f 314//314 316//316 315//315
f 322//322 4826//4826 4827//4827
f 316//316 425//425 315//315
f 559//559 4906//4906 316//316
f 4828//4828 4907//4907 317//317
f 427//427 433//433 325//325
f 4829//4829 427//427 325//325
f 318//318 320//320 319//319
f 331//331 332//332 318//318
f 331//331 319//319 323//323
f 430//430 314//314 4833//4833
f 4833//4833 4832//4832 430//430
f 319//319 320//320 321//321
f 323//323 319//319 321//321
f 4835//4835 4834//4834 4826//4826
f 4826//4826 322//322 4835//4835
f 322//322 324//324 321//321
f 322//322 4827//4827 324//324
f 321//321 324//324 323//323
f 323//323 324//324 333//333
f 316//316 314//314 431//431
f 4827//4827 334//334 324//324
f 4827//4827 4830//4830 334//334
f 4836//4836 334//334 4830//4830
f 4836//4836 4912//4912 334//334
f 4912//4912 326//326 334//334
f 4913//4913 330//330 329//329
f 4912//4912 337//337 326//326
f 329//329 328//328 327//327
f 4837//4837 4847//4847 4841//4841
f 4837//4837 4838//4838 4847//4847
f 328//328 329//329 330//330
f 4913//4913 329//329 4848//4848
f 437//437 4839//4839 4842//4842
f 319//319 331//331 318//318
f 332//332 331//331 350//350
f 4832//4832 4843//4843 565//565
f 351//351 350//350 331//331
f 351//351 331//331 323//323
f 323//323 333//333 351//351
f 334//334 326//326 449//449
f 326//326 337//337 361//361
f 326//326 361//361 449//449
f 437//437 340//340 4839//4839
f 338//338 335//335 336//336
f 336//336 335//335 352//352
f 336//336 352//352 337//337
f 335//335 344//344 352//352
f 344//344 335//335 346//346
f 4855//4855 339//339 4851//4851
f 4849//4849 4856//4856 4852//4852
f 4851//4851 339//339 4844//4844
f 4845//4845 4853//4853 348//348
f 336//336 337//337 338//338
f 4840//4840 4857//4857 4850//4850
f 342//342 4854//4854 340//340
f 4868//4868 4854//4854 342//342
f 437//437 341//341 340//340
f 341//341 342//342 340//340
f 438//438 342//342 341//341
f 353//353 345//345 343//343
f 346//346 347//347 344//344
f 352//352 344//344 4871//4871
f 344//344 347//347 4871//4871
f 4864//4864 4860//4860 4872//4872
f 358//358 4861//4861 4865//4865
f 4846//4846 4869//4869 4862//4862
f 4870//4870 4866//4866 4863//4863
f 4858//4858 356//356 354//354
f 358//358 4859//4859 4861//4861
f 358//358 4876//4876 4859//4859
f 349//349 565//565 4843//4843
f 349//349 332//332 350//350
f 351//351 333//333 443//443
f 351//351 443//443 350//350
f 361//361 337//337 352//352
f 4871//4871 4858//4858 352//352
f 4868//4868 358//358 4867//4867
f 441//441 358//358 4868//4868
f 354//354 219//219 4858//4858
f 352//352 4858//4858 219//219
f 354//354 356//356 357//357
f 4877//4877 359//359 4875//4875
f 4877//4877 4875//4875 4873//4873
f 4876//4876 358//358 441//441
f 4876//4876 441//441 4877//4877
f 441//441 359//359 4877//4877
f 442//442 4878//4878 359//359
f 442//442 359//359 441//441
f 359//359 4878//4878 4795//4795
f 235//235 226//226 442//442
f 444//444 362//362 578//578
f 577//577 578//578 362//362
f 362//362 444//444 4805//4805
f 361//361 372//372 449//449
f 363//363 4729//4729 450//450
f 363//363 451//451 4729//4729
f 364//364 4728//4728 451//451
f 366//366 364//364 451//451
f 364//364 366//366 369//369
f 366//366 451//451 452//452
f 139//139 4728//4728 364//364
f 454//454 365//365 368//368
f 454//454 367//367 365//365
f 246//246 369//369 366//366
f 370//370 246//246 368//368
f 366//366 368//368 246//246
f 452//452 455//455 366//366
f 366//366 455//455 368//368
f 365//365 367//367 370//370
f 368//368 365//365 370//370
f 245//245 369//369 246//246
f 367//367 371//371 370//370
f 371//371 246//246 370//370
f 458//458 250//250 371//371
f 459//459 250//250 458//458
f 374//374 250//250 459//459
f 374//374 460//460 373//373
f 460//460 462//462 373//373
f 253//253 373//373 462//462
f 259//259 253//253 375//375
f 256//256 253//253 259//259
f 375//375 253//253 465//465
f 259//259 375//375 260//260
f 375//375 465//465 376//376
f 375//375 376//376 260//260
f 4879//4879 602//602 262//262
f 602//602 603//603 262//262
f 261//261 262//262 603//603
f 263//263 261//261 603//603
f 466//466 270//270 263//263
f 466//466 377//377 270//270
f 377//377 466//466 467//467
f 277//277 372//372 252//252
f 468//468 377//377 467//467
f 469//469 273//273 377//377
f 273//273 471//471 279//279
f 471//471 273//273 469//469
f 377//377 468//468 469//469
f 277//277 379//379 372//372
f 471//471 378//378 279//279
f 473//473 279//279 378//378
f 473//473 280//280 279//279
f 473//473 475//475 280//280
f 281//281 280//280 475//475
f 478//478 283//283 381//381
f 476//476 288//288 4818//4818
f 4880//4880 383//383 291//291
f 383//383 385//385 292//292
f 383//383 387//387 385//385
f 381//381 480//480 478//478
f 482//482 381//381 384//384
f 482//482 480//480 381//381
f 386//386 389//389 385//385
f 387//387 386//386 385//385
f 386//386 620//620 391//391
f 483//483 391//391 620//620
f 389//389 300//300 292//292
f 291//291 383//383 388//388
f 385//385 389//389 292//292
f 389//389 391//391 300//300
f 386//386 391//391 389//389
f 487//487 482//482 384//384
f 482//482 487//487 627//627
f 487//487 384//384 390//390
f 390//390 394//394 487//487
f 391//391 483//483 392//392
f 393//393 303//303 391//391
f 390//390 395//395 394//394
f 392//392 393//393 391//391
f 393//393 392//392 398//398
f 399//399 311//311 393//393
f 395//395 407//407 394//394
f 395//395 307//307 407//407
f 307//307 408//408 407//407
f 312//312 408//408 307//307
f 396//396 408//408 312//312
f 505//505 396//396 397//397
f 491//491 400//400 398//398
f 491//491 492//492 400//400
f 398//398 399//399 393//393
f 402//402 399//399 401//401
f 398//398 400//400 399//399
f 399//399 400//400 401//401
f 403//403 402//402 401//401
f 404//404 401//401 400//400
f 416//416 402//402 403//403
f 495//495 400//400 492//492
f 400//400 495//495 404//404
f 495//495 496//496 404//404
f 496//496 401//401 404//404
f 496//496 405//405 401//401
f 401//401 405//405 403//403
f 405//405 416//416 403//403
f 402//402 415//415 406//406
f 402//402 406//406 399//399
f 416//416 415//415 402//402
f 396//396 504//504 408//408
f 396//396 505//505 504//504
f 397//397 409//409 505//505
f 313//313 410//410 409//409
f 4883//4883 4881//4881 414//414
f 411//411 4883//4883 414//414
f 4884//4884 4885//4885 413//413
f 406//406 415//415 4891//4891
f 409//409 410//410 4890//4890
f 4886//4886 412//412 4890//4890
f 4891//4891 4888//4888 4887//4887
f 4888//4888 4891//4891 419//419
f 4891//4891 415//415 419//419
f 4890//4890 412//412 417//417
f 4889//4889 4898//4898 4892//4892
f 4899//4899 420//420 4893//4893
f 418//418 4894//4894 4900//4900
f 4901//4901 421//421 4895//4895
f 507//507 4902//4902 419//419
f 417//417 409//409 4890//4890
f 409//409 417//417 423//423
f 4896//4896 423//423 417//417
f 4895//4895 421//421 422//422
f 423//423 4896//4896 424//424
f 4897//4897 4904//4904 424//424
f 415//415 507//507 419//419
f 4903//4903 4920//4920 421//421
f 422//422 421//421 4920//4920
f 424//424 522//522 423//423
f 522//522 424//424 4904//4904
f 4921//4921 4943//4943 4905//4905
f 432//432 4906//4906 561//561
f 562//562 4906//4906 432//432
f 562//562 426//426 4906//4906
f 4908//4908 4909//4909 4831//4831
f 4909//4909 4910//4910 4831//4831
f 562//562 428//428 426//426
f 426//426 428//428 4911//4911
f 428//428 429//429 4911//4911
f 429//429 428//428 562//562
f 4911//4911 434//434 4913//4913
f 429//429 434//434 4911//4911
f 430//430 4832//4832 741//741
f 557//557 314//314 430//430
f 559//559 431//431 557//557
f 314//314 557//557 431//431
f 559//559 316//316 431//431
f 561//561 4906//4906 559//559
f 562//562 435//435 429//429
f 562//562 436//436 435//435
f 564//564 436//436 562//562
f 570//570 436//436 564//564
f 330//330 4913//4913 434//434
f 436//436 4842//4842 4914//4914
f 4914//4914 429//429 435//435
f 436//436 4914//4914 435//435
f 436//436 570//570 437//437
f 436//436 437//437 4842//4842
f 574//574 565//565 573//573
f 4832//4832 565//565 741//741
f 334//334 333//333 324//324
f 570//570 439//439 437//437
f 438//438 437//437 439//439
f 439//439 572//572 438//438
f 439//439 570//570 572//572
f 341//341 437//437 438//438
f 572//572 342//342 438//438
f 565//565 349//349 573//573
f 575//575 440//440 572//572
f 342//342 441//441 4868//4868
f 440//440 342//342 572//572
f 441//441 342//342 440//440
f 440//440 442//442 441//441
f 575//575 442//442 440//440
f 581//581 349//349 446//446
f 446//446 349//349 350//350
f 447//447 446//446 350//350
f 443//443 447//447 350//350
f 333//333 334//334 448//448
f 333//333 448//448 443//443
f 449//449 448//448 334//334
f 442//442 575//575 577//577
f 578//578 582//582 444//444
f 362//362 442//442 577//577
f 581//581 446//446 445//445
f 445//445 446//446 591//591
f 591//591 446//446 447//447
f 448//448 591//591 447//447
f 443//443 448//448 447//447
f 591//591 448//448 449//449
f 450//450 444//444 451//451
f 582//582 451//451 444//444
f 452//452 589//589 455//455
f 363//363 450//450 451//451
f 452//452 451//451 582//582
f 4915//4915 589//589 453//453
f 453//453 367//367 4915//4915
f 453//453 456//456 367//367
f 456//456 371//371 367//367
f 454//454 368//368 455//455
f 589//589 454//454 455//455
f 371//371 456//456 592//592
f 592//592 458//458 371//371
f 458//458 592//592 457//457
f 457//457 593//593 460//460
f 457//457 459//459 458//458
f 460//460 459//459 457//457
f 460//460 374//374 459//459
f 461//461 595//595 462//462
f 460//460 461//461 462//462
f 595//595 461//461 593//593
f 593//593 461//461 460//460
f 599//599 253//253 462//462
f 463//463 253//253 599//599
f 463//463 465//465 253//253
f 599//599 464//464 463//463
f 464//464 465//465 463//463
f 465//465 464//464 601//601
f 602//602 465//465 601//601
f 465//465 602//602 376//376
f 466//466 1024//1024 604//604
f 467//467 609//609 468//468
f 607//607 467//467 466//466
f 609//609 467//467 607//607
f 469//469 468//468 609//609
f 471//471 472//472 378//378
f 470//470 471//471 469//469
f 379//379 380//380 612//612
f 372//372 379//379 612//612
f 472//472 473//473 378//378
f 613//613 473//473 472//472
f 474//474 473//473 613//613
f 474//474 475//475 473//473
f 476//476 475//475 474//474
f 617//617 380//380 478//478
f 614//614 477//477 288//288
f 476//476 614//614 288//288
f 615//615 477//477 614//614
f 615//615 382//382 477//477
f 616//616 4880//4880 5020//5020
f 478//478 480//480 617//617
f 4880//4880 616//616 618//618
f 383//383 4880//4880 479//479
f 479//479 481//481 383//383
f 618//618 479//479 4880//4880
f 481//481 387//387 383//383
f 386//386 387//387 481//481
f 386//386 481//481 620//620
f 486//486 392//392 483//483
f 620//620 485//485 483//483
f 486//486 483//483 485//485
f 488//488 486//486 484//484
f 484//484 486//486 485//485
f 484//484 625//625 488//488
f 625//625 622//622 488//488
f 486//486 488//488 392//392
f 627//627 626//626 482//482
f 490//490 392//392 488//488
f 392//392 490//490 398//398
f 490//490 488//488 489//489
f 489//489 398//398 490//490
f 629//629 398//398 489//489
f 627//627 487//487 394//394
f 629//629 630//630 491//491
f 398//398 629//629 491//491
f 630//630 493//493 491//491
f 491//491 493//493 492//492
f 492//492 493//493 494//494
f 501//501 492//492 494//494
f 498//498 493//493 630//630
f 494//494 493//493 4916//4916
f 499//499 494//494 4916//4916
f 501//501 494//494 499//499
f 492//492 496//496 495//495
f 496//496 492//492 501//501
f 508//508 496//496 4919//4919
f 405//405 496//496 508//508
f 394//394 407//407 497//497
f 4916//4916 500//500 499//499
f 4917//4917 498//498 630//630
f 499//499 500//500 501//501
f 502//502 4917//4917 632//632
f 416//416 405//405 508//508
f 4919//4919 4918//4918 508//508
f 4918//4918 502//502 508//508
f 632//632 506//506 502//502
f 503//503 497//497 407//407
f 407//407 408//408 503//503
f 504//504 503//503 408//408
f 409//409 686//686 505//505
f 502//502 509//509 508//508
f 506//506 509//509 502//502
f 635//635 509//509 506//506
f 509//509 635//635 518//518
f 415//415 416//416 508//508
f 409//409 423//423 510//510
f 423//423 522//522 525//525
f 529//529 4922//4922 415//415
f 529//529 415//415 508//508
f 526//526 4922//4922 529//529
f 510//510 423//423 511//511
f 530//530 511//511 423//423
f 525//525 530//530 423//423
f 513//513 508//508 509//509
f 529//529 508//508 4926//4926
f 513//513 509//509 518//518
f 4944//4944 4923//4923 4954//4954
f 4945//4945 524//524 523//523
f 4955//4955 4951//4951 4946//4946
f 685//685 503//503 504//504
f 409//409 510//510 686//686
f 512//512 510//510 511//511
f 512//512 511//511 530//530
f 4924//4924 4964//4964 4927//4927
f 4962//4962 4928//4928 4965//4965
f 510//510 512//512 514//514
f 4925//4925 4929//4929 4930//4930
f 516//516 513//513 518//518
f 4934//4934 4930//4930 4929//4929
f 4935//4935 515//515 4931//4931
f 4936//4936 520//520 4932//4932
f 510//510 514//514 517//517
f 514//514 4933//4933 517//517
f 4932//4932 520//520 4937//4937
f 4939//4939 516//516 518//518
f 519//519 4937//4937 520//520
f 519//519 520//520 521//521
f 510//510 517//517 689//689
f 689//689 517//517 4938//4938
f 4939//4939 518//518 649//649
f 4940//4940 5041//5041 4941//4941
f 650//650 4942//4942 5042//5042
f 5043//5043 519//519 521//521
f 522//522 4947//4947 525//525
f 525//525 4948//4948 528//528
f 526//526 527//527 4952//4952
f 4953//4953 4956//4956 4949//4949
f 4957//4957 4959//4959 4950//4950
f 529//529 527//527 526//526
f 525//525 528//528 530//530
f 4960//4960 4958//4958 4963//4963
f 4961//4961 4962//4962 4965//4965
f 532//532 534//534 533//533
f 531//531 546//546 545//545
f 4991//4991 4992//4992 4966//4966
f 535//535 547//547 553//553
f 539//539 4970//4970 540//540
f 4967//4967 4968//4968 4969//4969
f 555//555 4979//4979 4971//4971
f 5014//5014 4972//4972 5010//5010
f 543//543 4993//4993 4973//4973
f 538//538 537//537 536//536
f 4974//4974 4975//4975 4976//4976
f 4977//4977 542//542 4973//4973
f 4973//4973 542//542 543//543
f 660//660 4980//4980 5015//5015
f 660//660 5015//5015 4986//4986
f 653//653 651//651 541//541
f 5046//5046 652//652 542//542
f 5047//5047 4984//4984 4982//4982
f 652//652 659//659 542//542
f 4983//4983 4985//4985 5052//5052
f 4981//4981 5053//5053 4978//4978
f 5054//5054 542//542 4977//4977
f 543//543 542//542 659//659
f 5055//5055 4980//4980 660//660
f 688//688 689//689 4938//4938
f 519//519 5043//5043 5108//5108
f 549//549 548//548 544//544
f 4995//4995 552//552 4988//4988
f 4998//4998 4989//4989 551//551
f 4990//4990 5007//5007 5004//5004
f 553//553 547//547 554//554
f 4996//4996 4999//4999 550//550
f 5001//5001 5008//5008 4997//4997
f 5002//5002 5000//5000 5005//5005
f 5003//5003 5006//5006 5009//5009
f 5014//5014 5010//5010 5011//5011
f 4986//4986 5015//5015 5012//5012
f 5013//5013 4994//4994 4987//4987
f 430//430 741//741 556//556
f 430//430 556//556 557//557
f 558//558 557//557 556//556
f 558//558 742//742 560//560
f 560//560 559//559 557//557
f 558//558 560//560 557//557
f 560//560 561//561 559//559
f 561//561 560//560 747//747
f 566//566 561//561 747//747
f 432//432 561//561 563//563
f 432//432 563//563 562//562
f 568//568 5016//5016 566//566
f 563//563 561//561 566//566
f 562//562 567//567 564//564
f 562//562 5016//5016 568//568
f 562//562 568//568 567//567
f 567//567 570//570 564//564
f 738//738 574//574 758//758
f 565//565 574//574 738//738
f 741//741 565//565 738//738
f 742//742 745//745 560//560
f 745//745 747//747 560//560
f 569//569 566//566 748//748
f 568//568 566//566 569//569
f 567//567 569//569 570//570
f 567//567 568//568 569//569
f 755//755 569//569 754//754
f 755//755 571//571 569//569
f 571//571 570//570 569//569
f 571//571 572//572 570//570
f 573//573 758//758 574//574
f 764//764 572//572 571//571
f 576//576 577//577 575//575
f 349//349 580//580 573//573
f 576//576 578//578 577//577
f 578//578 576//576 772//772
f 582//582 578//578 772//772
f 771//771 580//580 776//776
f 580//580 349//349 579//579
f 579//579 581//581 583//583
f 579//579 349//349 581//581
f 584//584 581//581 445//445
f 778//778 584//584 445//445
f 452//452 582//582 773//773
f 773//773 774//774 452//452
f 776//776 580//580 579//579
f 579//579 583//583 776//776
f 581//581 584//584 583//583
f 585//585 778//778 445//445
f 587//587 585//585 445//445
f 585//585 587//587 586//586
f 590//590 586//586 587//587
f 791//791 590//590 587//587
f 778//778 585//585 590//590
f 586//586 590//590 585//585
f 591//591 587//587 445//445
f 587//587 591//591 791//791
f 589//589 774//774 588//588
f 589//589 452//452 774//774
f 588//588 453//453 589//589
f 5017//5017 456//456 453//453
f 791//791 787//787 590//590
f 5017//5017 592//592 456//456
f 592//592 593//593 457//457
f 594//594 5018//5018 593//593
f 1005//1005 594//594 593//593
f 1011//1011 795//795 1005//1005
f 795//795 594//594 1005//1005
f 462//462 5018//5018 596//596
f 596//596 5018//5018 598//598
f 598//598 5018//5018 594//594
f 795//795 598//598 594//594
f 596//596 597//597 462//462
f 597//597 599//599 462//462
f 598//598 597//597 596//596
f 599//599 597//597 598//598
f 599//599 598//598 795//795
f 599//599 600//600 464//464
f 591//591 449//449 797//797
f 372//372 797//797 449//449
f 600//600 796//796 601//601
f 601//601 464//464 600//600
f 796//796 602//602 601//601
f 603//603 602//602 796//796
f 372//372 1042//1042 797//797
f 1023//1023 263//263 603//603
f 466//466 263//263 1023//1023
f 798//798 604//604 1024//1024
f 799//799 605//605 798//798
f 605//605 604//604 798//798
f 606//606 466//466 604//604
f 606//606 607//607 466//466
f 607//607 606//606 605//605
f 606//606 604//604 605//605
f 610//610 607//607 608//608
f 607//607 800//800 608//608
f 610//610 469//469 609//609
f 610//610 609//609 607//607
f 469//469 610//610 608//608
f 372//372 612//612 1042//1042
f 469//469 5019//5019 470//470
f 802//802 470//470 5019//5019
f 611//611 470//470 802//802
f 801//801 802//802 5019//5019
f 470//470 611//611 471//471
f 611//611 472//472 471//471
f 613//613 472//472 611//611
f 1042//1042 612//612 380//380
f 474//474 613//613 803//803
f 803//803 476//476 474//474
f 803//803 614//614 476//476
f 804//804 615//615 614//614
f 807//807 5020//5020 804//804
f 807//807 616//616 5020//5020
f 616//616 807//807 808//808
f 616//616 808//808 618//618
f 619//619 481//481 618//618
f 481//481 619//619 620//620
f 619//619 618//618 620//620
f 810//810 620//620 618//618
f 479//479 618//618 481//481
f 812//812 617//617 480//480
f 620//620 621//621 485//485
f 623//623 621//621 620//620
f 623//623 1053//1053 624//624
f 626//626 812//812 480//480
f 1077//1077 812//812 626//626
f 624//624 622//622 623//623
f 622//622 621//621 623//623
f 621//621 622//622 625//625
f 488//488 622//622 624//624
f 624//624 489//489 488//488
f 1053//1053 813//813 624//624
f 813//813 489//489 624//624
f 485//485 621//621 484//484
f 621//621 625//625 484//484
f 846//846 1077//1077 626//626
f 482//482 626//626 480//480
f 846//846 626//626 627//627
f 489//489 813//813 629//629
f 813//813 1056//1056 629//629
f 628//628 629//629 1056//1056
f 629//629 628//628 630//630
f 630//630 628//628 632//632
f 628//628 631//631 632//632
f 827//827 631//631 628//628
f 627//627 865//865 846//846
f 627//627 394//394 865//865
f 631//631 633//633 632//632
f 631//631 850//850 633//633
f 632//632 4917//4917 630//630
f 632//632 636//636 506//506
f 632//632 637//637 636//636
f 633//633 637//637 632//632
f 634//634 648//648 637//637
f 634//634 637//637 633//633
f 635//635 506//506 636//636
f 637//637 635//635 636//636
f 648//648 635//635 637//637
f 638//638 639//639 644//644
f 666//666 5021//5021 664//664
f 5022//5022 5035//5035 5073//5073
f 5035//5035 643//643 5073//5073
f 642//642 640//640 641//641
f 5024//5024 675//675 5027//5027
f 5025//5025 5028//5028 5033//5033
f 639//639 638//638 5089//5089
f 5030//5030 643//643 5034//5034
f 5026//5026 643//643 5035//5035
f 5026//5026 5034//5034 643//643
f 643//643 5030//5030 646//646
f 5031//5031 5029//5029 645//645
f 5032//5032 5036//5036 851//851
f 5037//5037 5027//5027 675//675
f 5038//5038 863//863 874//874
f 5233//5233 647//647 5030//5030
f 863//863 5038//5038 5039//5039
f 647//647 646//646 5030//5030
f 865//865 394//394 497//497
f 503//503 883//883 497//497
f 685//685 883//883 503//503
f 504//504 505//505 686//686
f 634//634 867//867 648//648
f 693//693 648//648 700//700
f 867//867 700//700 648//648
f 867//867 687//687 700//700
f 518//518 635//635 648//648
f 648//648 649//649 518//518
f 5044//5044 649//649 694//694
f 649//649 648//648 692//692
f 694//694 649//649 692//692
f 648//648 693//693 692//692
f 654//654 657//657 5050//5050
f 5060//5060 658//658 652//652
f 5055//5055 5056//5056 5048//5048
f 5051//5051 5049//5049 5057//5057
f 658//658 659//659 652//652
f 5055//5055 660//660 5056//5056
f 5065//5065 660//660 4986//4986
f 662//662 661//661 655//655
f 656//656 663//663 5073//5073
f 665//665 5070//5070 5059//5059
f 665//665 5059//5059 5063//5063
f 656//656 5073//5073 658//658
f 5056//5056 5075//5075 5061//5061
f 5076//5076 5064//5064 5062//5062
f 660//660 5075//5075 5056//5056
f 658//658 5073//5073 659//659
f 5066//5066 659//659 668//668
f 5068//5068 5069//5069 5058//5058
f 5074//5074 5071//5071 5077//5077
f 5075//5075 5078//5078 5072//5072
f 5078//5078 5075//5075 660//660
f 5079//5079 675//675 5067//5067
f 5090//5090 5023//5023 5078//5078
f 660//660 5090//5090 5078//5078
f 668//668 659//659 667//667
f 643//643 667//667 659//659
f 659//659 5073//5073 643//643
f 667//667 646//646 676//676
f 670//670 668//668 667//667
f 667//667 676//676 5083//5083
f 671//671 672//672 669//669
f 674//674 5080//5080 5084//5084
f 674//674 5084//5084 673//673
f 5083//5083 676//676 5087//5087
f 5086//5086 5085//5085 5082//5082
f 646//646 667//667 643//643
f 722//722 5087//5087 676//676
f 872//872 675//675 5079//5079
f 5091//5091 5038//5038 679//679
f 679//679 677//677 5091//5091
f 5091//5091 677//677 5165//5165
f 5166//5166 681//681 5088//5088
f 679//679 683//683 677//677
f 723//723 5101//5101 5092//5092
f 5167//5167 5093//5093 5102//5102
f 683//683 684//684 724//724
f 683//683 724//724 677//677
f 5092//5092 5171//5171 723//723
f 5106//5106 725//725 5172//5172
f 679//679 5038//5038 874//874
f 5088//5088 681//681 680//680
f 5088//5088 680//680 678//678
f 5097//5097 5094//5094 682//682
f 5103//5103 5095//5095 5099//5099
f 5097//5097 682//682 5105//5105
f 681//681 5174//5174 680//680
f 5100//5100 5175//5175 5104//5104
f 5107//5107 5105//5105 682//682
f 5107//5107 682//682 5176//5176
f 5096//5096 5098//5098 873//873
f 5081//5081 5088//5088 872//872
f 678//678 875//875 5088//5088
f 5098//5098 5239//5239 873//873
f 5238//5238 875//875 678//678
f 685//685 504//504 686//686
f 686//686 919//919 1160//1160
f 510//510 697//697 686//686
f 697//697 919//919 686//686
f 919//919 697//697 710//710
f 687//687 712//712 700//700
f 712//712 687//687 886//886
f 690//690 689//689 688//688
f 5110//5110 5108//5108 5043//5043
f 5109//5109 5111//5111 715//715
f 5044//5044 694//694 691//691
f 5114//5114 5112//5112 5045//5045
f 697//697 510//510 689//689
f 716//716 5113//5113 5115//5115
f 716//716 5149//5149 5113//5113
f 689//689 5150//5150 696//696
f 699//699 5152//5152 691//691
f 698//698 696//696 5150//5150
f 698//698 5150//5150 719//719
f 702//702 692//692 693//693
f 702//702 694//694 692//692
f 699//699 694//694 702//702
f 691//691 694//694 699//699
f 696//696 697//697 689//689
f 5117//5117 703//703 695//695
f 697//697 696//696 701//701
f 710//710 697//697 701//701
f 5123//5123 696//696 698//698
f 5123//5123 698//698 705//705
f 705//705 698//698 719//719
f 693//693 700//700 695//695
f 693//693 695//695 702//702
f 708//708 700//700 712//712
f 5133//5133 5120//5120 5119//5119
f 5121//5121 695//695 700//700
f 5116//5116 5122//5122 5118//5118
f 695//695 703//703 702//702
f 701//701 5134//5134 710//710
f 702//702 704//704 699//699
f 718//718 699//699 720//720
f 720//720 699//699 704//704
f 5135//5135 706//706 5142//5142
f 5136//5136 709//709 5128//5128
f 5128//5128 709//709 707//707
f 5139//5139 714//714 5130//5130
f 5124//5124 702//702 703//703
f 5126//5126 5124//5124 703//703
f 5160//5160 5125//5125 5127//5127
f 5157//5157 5160//5160 5127//5127
f 710//710 5129//5129 711//711
f 711//711 5129//5129 5131//5131
f 5132//5132 5146//5146 5143//5143
f 5137//5137 713//713 5140//5140
f 5147//5147 5141//5141 5145//5145
f 5148//5148 726//726 5144//5144
f 5148//5148 728//728 726//726
f 712//712 5145//5145 5138//5138
f 888//888 5145//5145 712//712
f 888//888 5147//5147 5145//5145
f 888//888 5182//5182 5147//5147
f 716//716 717//717 5149//5149
f 5151//5151 5153//5153 5158//5158
f 5154//5154 5152//5152 699//699
f 5159//5159 5155//5155 5156//5156
f 718//718 5154//5154 699//699
f 5156//5156 5161//5161 5159//5159
f 727//727 721//721 729//729
f 5179//5179 733//733 5162//5162
f 5168//5168 674//674 673//673
f 5169//5169 5173//5173 5177//5177
f 681//681 5170//5170 5174//5174
f 5180//5180 5185//5185 735//735
f 892//892 710//710 711//711
f 5178//5178 5183//5183 895//895
f 892//892 711//711 5178//5178
f 5184//5184 896//896 5256//5256
f 895//895 892//892 5178//5178
f 5163//5163 730//730 5186//5186
f 5185//5185 5187//5187 735//735
f 730//730 5163//5163 731//731
f 735//735 5187//5187 732//732
f 5191//5191 730//730 731//731
f 5188//5188 737//737 5192//5192
f 5195//5195 5181//5181 5198//5198
f 5164//5164 5196//5196 734//734
f 5189//5189 5164//5164 734//734
f 5197//5197 5195//5195 5198//5198
f 5198//5198 736//736 5197//5197
f 734//734 5200//5200 5189//5189
f 5190//5190 5201//5201 5204//5204
f 5202//5202 5199//5199 5193//5193
f 5203//5203 5194//5194 5205//5205
f 941//941 558//558 556//556
f 941//941 742//742 558//558
f 738//738 949//949 739//739
f 741//741 739//739 740//740
f 739//739 741//741 738//738
f 740//740 939//939 741//741
f 741//741 939//939 556//556
f 941//941 556//556 939//939
f 743//743 742//742 941//941
f 743//743 940//940 943//943
f 744//744 742//742 743//743
f 744//744 746//746 742//742
f 743//743 944//944 744//744
f 943//943 944//944 743//743
f 944//944 746//746 744//744
f 748//748 5206//5206 944//944
f 746//746 747//747 745//745
f 745//745 742//742 746//746
f 748//748 747//747 5206//5206
f 752//752 748//748 944//944
f 748//748 566//566 747//747
f 753//753 752//752 948//948
f 948//948 749//749 753//753
f 753//753 749//749 750//750
f 749//749 948//948 951//951
f 751//751 749//749 951//951
f 749//749 751//751 5207//5207
f 951//951 759//759 751//751
f 759//759 5207//5207 751//751
f 748//748 752//752 569//569
f 569//569 752//752 754//754
f 753//753 754//754 752//752
f 757//757 754//754 750//750
f 753//753 750//750 754//754
f 756//756 757//757 762//762
f 757//757 5207//5207 762//762
f 757//757 755//755 754//754
f 756//756 755//755 757//757
f 571//571 755//755 756//756
f 766//766 954//954 758//758
f 758//758 949//949 738//738
f 949//949 758//758 954//954
f 756//756 762//762 760//760
f 762//762 761//761 760//760
f 5208//5208 952//952 764//764
f 759//759 762//762 5207//5207
f 761//761 762//762 763//763
f 952//952 5208//5208 763//763
f 953//953 764//764 952//952
f 762//762 759//759 763//763
f 756//756 760//760 571//571
f 764//764 571//571 5208//5208
f 571//571 760//760 5208//5208
f 953//953 572//572 764//764
f 768//768 572//572 953//953
f 576//576 575//575 572//572
f 572//572 768//768 576//576
f 766//766 765//765 954//954
f 758//758 573//573 766//766
f 573//573 771//771 766//766
f 768//768 953//953 956//956
f 958//958 768//768 956//956
f 767//767 769//769 962//962
f 958//958 963//963 769//769
f 769//769 963//963 962//962
f 769//769 576//576 768//768
f 769//769 768//768 958//958
f 967//967 772//772 769//769
f 967//967 769//769 767//767
f 769//769 772//772 576//576
f 969//969 954//954 765//765
f 765//765 770//770 969//969
f 770//770 765//765 766//766
f 766//766 771//771 770//770
f 580//580 771//771 573//573
f 772//772 967//967 582//582
f 582//582 967//967 773//773
f 773//773 967//967 1209//1209
f 774//774 773//773 968//968
f 969//969 770//770 784//784
f 770//770 771//771 982//982
f 771//771 775//775 982//982
f 5371//5371 776//776 777//777
f 771//771 776//776 775//775
f 775//775 776//776 982//982
f 776//776 583//583 777//777
f 584//584 777//777 583//583
f 777//777 778//778 785//785
f 584//584 778//778 777//777
f 778//778 788//788 779//779
f 790//790 779//779 788//788
f 590//590 788//788 778//778
f 588//588 774//774 975//975
f 975//975 783//783 5017//5017
f 782//782 783//783 780//780
f 782//782 780//780 781//781
f 783//783 782//782 5017//5017
f 5017//5017 782//782 792//792
f 782//782 781//781 792//792
f 770//770 1002//1002 784//784
f 987//987 785//785 988//988
f 777//777 785//785 987//987
f 785//785 990//990 988//988
f 778//778 786//786 785//785
f 990//990 785//785 991//991
f 785//785 786//786 991//991
f 786//786 778//778 991//991
f 992//992 779//779 790//790
f 791//791 789//789 787//787
f 789//789 790//790 788//788
f 788//788 787//787 789//789
f 992//992 789//789 791//791
f 992//992 790//790 789//789
f 5209//5209 590//590 787//787
f 1010//1010 992//992 791//791
f 791//791 591//591 794//794
f 781//781 993//993 792//792
f 993//993 1224//1224 792//792
f 792//792 592//592 5017//5017
f 1224//1224 592//592 792//792
f 794//794 1010//1010 791//791
f 797//797 794//794 591//591
f 593//593 592//592 793//793
f 599//599 1011//1011 600//600
f 1011//1011 599//599 795//795
f 1536//1536 796//796 600//600
f 1023//1023 603//603 1019//1019
f 1024//1024 466//466 1023//1023
f 1024//1024 799//799 798//798
f 608//608 800//800 1040//1040
f 1041//1041 5019//5019 1040//1040
f 799//799 607//607 605//605
f 607//607 799//799 800//800
f 1041//1041 802//802 801//801
f 1041//1041 801//801 5019//5019
f 611//611 1044//1044 613//613
f 1044//1044 803//803 613//613
f 1047//1047 805//805 803//803
f 614//614 803//803 804//804
f 804//804 803//803 805//805
f 804//804 805//805 807//807
f 807//807 805//805 808//808
f 805//805 806//806 808//808
f 618//618 808//808 1312//1312
f 1049//1049 809//809 1312//1312
f 809//809 810//810 618//618
f 809//809 618//618 1312//1312
f 810//810 811//811 620//620
f 617//617 812//812 1052//1052
f 623//623 620//620 811//811
f 623//623 811//811 1053//1053
f 1077//1077 1052//1052 812//812
f 1053//1053 1056//1056 813//813
f 1064//1064 814//814 831//831
f 831//831 814//814 833//833
f 814//814 815//815 833//833
f 815//815 814//814 1057//1057
f 815//815 816//816 5217//5217
f 816//816 815//815 817//817
f 819//819 816//816 817//817
f 816//816 819//819 818//818
f 818//818 819//819 820//820
f 816//816 5211//5211 835//835
f 5211//5211 836//836 835//835
f 5211//5211 5212//5212 836//836
f 820//820 819//819 1068//1068
f 819//819 817//817 1068//1068
f 5212//5212 838//838 839//839
f 843//843 838//838 822//822
f 822//822 821//821 843//843
f 1069//1069 1062//1062 821//821
f 824//824 823//823 825//825
f 824//824 825//825 826//826
f 826//826 829//829 824//824
f 847//847 829//829 826//826
f 628//628 1056//1056 827//827
f 631//631 827//827 828//828
f 1056//1056 823//823 827//827
f 823//823 824//824 828//828
f 827//827 823//823 828//828
f 828//828 824//824 631//631
f 829//829 631//631 824//824
f 851//851 830//830 5215//5215
f 852//852 830//830 851//851
f 5214//5214 832//832 831//831
f 832//832 1064//1064 831//831
f 5214//5214 1081//1081 832//832
f 5216//5216 834//834 855//855
f 5216//5216 5217//5217 834//834
f 5217//5217 816//816 834//834
f 834//834 816//816 835//835
f 834//834 835//835 857//857
f 835//835 836//836 837//837
f 5218//5218 5219//5219 1082//1082
f 5212//5212 839//839 836//836
f 841//841 836//836 839//839
f 836//836 5223//5223 837//837
f 838//838 840//840 839//839
f 838//838 5227//5227 840//840
f 841//841 839//839 5220//5220
f 837//837 5223//5223 842//842
f 5223//5223 5221//5221 842//842
f 5224//5224 5222//5222 844//844
f 840//840 5227//5227 5228//5228
f 5225//5225 5229//5229 1083//1083
f 1083//1083 5230//5230 1087//1087
f 5213//5213 1084//1084 5227//5227
f 5380//5380 5231//5231 845//845
f 5232//5232 5228//5228 5227//5227
f 1084//1084 5232//5232 5227//5227
f 829//829 850//850 631//631
f 850//850 829//829 847//847
f 848//848 850//850 847//847
f 633//633 850//850 849//849
f 851//851 5036//5036 852//852
f 860//860 5234//5234 5037//5037
f 5234//5234 860//860 1101//1101
f 5233//5233 5216//5216 647//647
f 5216//5216 853//853 647//647
f 854//854 5040//5040 5235//5235
f 854//854 5235//5235 5236//5236
f 5216//5216 855//855 853//853
f 854//854 856//856 5039//5039
f 854//854 5236//5236 856//856
f 5236//5236 857//857 856//856
f 856//856 864//864 5039//5039
f 857//857 5236//5236 834//834
f 633//633 849//849 858//858
f 849//849 1105//1105 858//858
f 867//867 634//634 858//858
f 634//634 633//633 858//858
f 867//867 858//858 1105//1105
f 675//675 860//860 5037//5037
f 860//860 675//675 859//859
f 859//859 675//675 872//872
f 859//859 872//872 861//861
f 859//859 5237//5237 860//860
f 860//860 5237//5237 1101//1101
f 5237//5237 5238//5238 881//881
f 1101//1101 5237//5237 862//862
f 862//862 5237//5237 881//881
f 863//863 1111//1111 880//880
f 863//863 1112//1112 1111//1111
f 864//864 863//863 5039//5039
f 868//868 687//687 867//867
f 869//869 687//687 868//868
f 687//687 869//869 870//870
f 868//868 867//867 1105//1105
f 868//868 866//866 869//869
f 866//866 868//868 1105//1105
f 866//866 871//871 869//869
f 869//869 871//871 870//870
f 870//870 871//871 884//884
f 884//884 871//871 1107//1107
f 875//875 861//861 872//872
f 5088//5088 875//875 872//872
f 878//878 877//877 876//876
f 5241//5241 5242//5242 5240//5240
f 5237//5237 875//875 5238//5238
f 874//874 863//863 880//880
f 873//873 5239//5239 5245//5245
f 879//879 873//873 5245//5245
f 5238//5238 5243//5243 881//881
f 5243//5243 882//882 881//881
f 5247//5247 5244//5244 5246//5246
f 5246//5246 5398//5398 5247//5247
f 497//497 883//883 865//865
f 1448//1448 1149//1149 883//883
f 883//883 685//685 1448//1448
f 685//685 686//686 1160//1160
f 885//885 870//870 884//884
f 886//886 687//687 887//887
f 887//887 687//687 885//885
f 887//887 888//888 886//886
f 888//888 712//712 886//886
f 687//687 870//870 885//885
f 885//885 889//889 887//887
f 889//889 888//888 887//887
f 889//889 891//891 888//888
f 1124//1124 891//891 889//889
f 890//890 916//916 913//913
f 5248//5248 915//915 5310//5310
f 710//710 892//892 919//919
f 891//891 1124//1124 1153//1153
f 891//891 1153//1153 1161//1161
f 891//891 5258//5258 5182//5182
f 895//895 894//894 892//892
f 891//891 5182//5182 888//888
f 891//891 893//893 5259//5259
f 5259//5259 893//893 898//898
f 5251//5251 5253//5253 897//897
f 5251//5251 897//897 5260//5260
f 920//920 892//892 894//894
f 5253//5253 899//899 897//897
f 893//893 891//891 921//921
f 5252//5252 5321//5321 5254//5254
f 5255//5255 5322//5322 5318//5318
f 891//891 1161//1161 921//921
f 896//896 900//900 5256//5256
f 894//894 895//895 5262//5262
f 5257//5257 5265//5265 5263//5263
f 5259//5259 898//898 5266//5266
f 5260//5260 897//897 899//899
f 5261//5261 5264//5264 5267//5267
f 901//901 903//903 902//902
f 904//904 5268//5268 905//905
f 5274//5274 5269//5269 5277//5277
f 5275//5275 5278//5278 906//906
f 5280//5280 5270//5270 5271//5271
f 5283//5283 5272//5272 5276//5276
f 5284//5284 5279//5279 5281//5281
f 909//909 908//908 907//907
f 5289//5289 912//912 5286//5286
f 5292//5292 5287//5287 911//911
f 5282//5282 5273//5273 5285//5285
f 5288//5288 5301//5301 5298//5298
f 5290//5290 5293//5293 910//910
f 5291//5291 5295//5295 5302//5302
f 5296//5296 5294//5294 5299//5299
f 5297//5297 5300//5300 5303//5303
f 917//917 5249//5249 5304//5304
f 5311//5311 918//918 5305//5305
f 914//914 917//917 5304//5304
f 5305//5305 918//918 5306//5306
f 5312//5312 5308//5308 5250//5250
f 5310//5310 915//915 5315//5315
f 5309//5309 5313//5313 5316//5316
f 5314//5314 5307//5307 5317//5317
f 920//920 924//924 892//892
f 5329//5329 5319//5319 922//922
f 5325//5325 5320//5320 5323//5323
f 5326//5326 925//925 5330//5330
f 5324//5324 927//927 5327//5327
f 925//925 5326//5326 5338//5338
f 929//929 928//928 923//923
f 921//921 1161//1161 5339//5339
f 5340//5340 930//930 5332//5332
f 5331//5331 5333//5333 926//926
f 5333//5333 5343//5343 926//926
f 933//933 5334//5334 931//931
f 931//931 5334//5334 5344//5344
f 1163//1163 5339//5339 1161//1161
f 924//924 5335//5335 892//892
f 5345//5345 5339//5339 1163//1163
f 1166//1166 892//892 5335//5335
f 5336//5336 5353//5353 5495//5495
f 5341//5341 5342//5342 5328//5328
f 935//935 934//934 5348//5348
f 931//931 5356//5356 933//933
f 5349//5349 5346//5346 932//932
f 5350//5350 5347//5347 5496//5496
f 5349//5349 932//932 5359//5359
f 5354//5354 5351//5351 5497//5497
f 936//936 5351//5351 5354//5354
f 5362//5362 5355//5355 5357//5357
f 5362//5362 5357//5357 938//938
f 5358//5358 5360//5360 5365//5365
f 5351//5351 936//936 937//937
f 5352//5352 5363//5363 5361//5361
f 937//937 936//936 5366//5366
f 5364//5364 5365//5365 5360//5360
f 949//949 1184//1184 739//739
f 1184//1184 1181//1181 739//739
f 1181//1181 1182//1182 739//739
f 1182//1182 939//939 739//739
f 739//739 939//939 740//740
f 1182//1182 941//941 939//939
f 941//941 1182//1182 1185//1185
f 941//941 1185//1185 940//940
f 941//941 940//940 743//743
f 942//942 944//944 940//940
f 1183//1183 944//944 942//942
f 945//945 944//944 1183//1183
f 1183//1183 942//942 940//940
f 945//945 1183//1183 1188//1188
f 1188//1188 1189//1189 945//945
f 940//940 944//944 943//943
f 946//946 944//944 945//945
f 752//752 944//944 946//946
f 946//946 948//948 752//752
f 947//947 948//948 946//946
f 948//948 947//947 1195//1195
f 954//954 1203//1203 949//949
f 947//947 946//946 950//950
f 945//945 5367//5367 946//946
f 1195//1195 947//947 950//950
f 952//952 951//951 1199//1199
f 948//948 1197//1197 951//951
f 951//951 1197//1197 1199//1199
f 952//952 763//763 759//759
f 952//952 759//759 951//951
f 953//953 952//952 1200//1200
f 957//957 960//960 955//955
f 960//960 958//958 961//961
f 957//957 959//959 960//960
f 960//960 5368//5368 958//958
f 1207//1207 955//955 960//960
f 958//958 1495//1495 961//961
f 961//961 1207//1207 960//960
f 963//963 955//955 962//962
f 962//962 955//955 767//767
f 963//963 958//958 5368//5368
f 959//959 957//957 963//963
f 955//955 963//963 957//957
f 767//767 955//955 965//965
f 964//964 969//969 1204//1204
f 964//964 1204//1204 954//954
f 954//954 969//969 964//964
f 1207//1207 1208//1208 955//955
f 965//965 967//967 767//767
f 1209//1209 967//967 965//965
f 965//965 955//955 1208//1208
f 1209//1209 965//965 1208//1208
f 973//973 966//966 970//970
f 966//966 968//968 1209//1209
f 968//968 966//966 973//973
f 968//968 976//976 774//774
f 968//968 773//773 1209//1209
f 968//968 977//977 976//976
f 969//969 980//980 1212//1212
f 1212//1212 1204//1204 969//969
f 1215//1215 970//970 966//966
f 1215//1215 971//971 970//970
f 970//970 971//971 973//973
f 968//968 972//972 977//977
f 973//973 977//977 972//972
f 5370//5370 975//975 977//977
f 974//974 975//975 5370//5370
f 968//968 973//973 972//972
f 974//974 1216//1216 975//975
f 5370//5370 5369//5369 974//974
f 774//774 976//976 977//977
f 977//977 975//975 774//774
f 1216//1216 783//783 975//975
f 780//780 783//783 1216//1216
f 781//781 780//780 1218//1218
f 1218//1218 993//993 781//781
f 978//978 999//999 1221//1221
f 978//978 980//980 981//981
f 980//980 979//979 981//981
f 980//980 978//978 1212//1212
f 1000//1000 979//979 784//784
f 784//784 1002//1002 5372//5372
f 979//979 969//969 784//784
f 979//979 980//980 969//969
f 983//983 5371//5371 777//777
f 983//983 1233//1233 5371//5371
f 983//983 986//986 1233//1233
f 983//983 777//777 987//987
f 987//987 984//984 983//983
f 983//983 984//984 986//986
f 984//984 987//987 988//988
f 986//986 984//984 988//988
f 985//985 986//986 988//988
f 989//989 988//988 992//992
f 988//988 1003//1003 985//985
f 988//988 989//989 1003//1003
f 990//990 991//991 988//988
f 988//988 991//991 992//992
f 989//989 992//992 1229//1229
f 991//991 778//778 992//992
f 778//778 779//779 992//992
f 993//993 1218//1218 994//994
f 993//993 994//994 1224//1224
f 593//593 793//793 1004//1004
f 592//592 1223//1223 793//793
f 1004//1004 793//793 1223//1223
f 995//995 997//997 1007//1007
f 1007//1007 997//997 998//998
f 1221//1221 999//999 995//995
f 1221//1221 995//995 1007//1007
f 979//979 1000//1000 996//996
f 999//999 996//996 995//995
f 996//996 997//997 995//995
f 979//979 996//996 999//999
f 978//978 981//981 999//999
f 981//981 979//979 999//999
f 1002//1002 998//998 5372//5372
f 996//996 1000//1000 997//997
f 5372//5372 998//998 997//997
f 998//998 1002//1002 1001//1001
f 998//998 1001//1001 1008//1008
f 1001//1001 1002//1002 1008//1008
f 770//770 1009//1009 1002//1002
f 770//770 982//982 1009//1009
f 5371//5371 1233//1233 1009//1009
f 986//986 985//985 1233//1233
f 1233//1233 985//985 1225//1225
f 1003//1003 989//989 1228//1228
f 989//989 1229//1229 1228//1228
f 1237//1237 992//992 1010//1010
f 1514//1514 1230//1230 1004//1004
f 1223//1223 1514//1514 1004//1004
f 1005//1005 593//593 1004//1004
f 1230//1230 1005//1005 1004//1004
f 1006//1006 1221//1221 1007//1007
f 1007//1007 998//998 1013//1013
f 998//998 1008//1008 1013//1013
f 1002//1002 1009//1009 1008//1008
f 1011//1011 1709//1709 600//600
f 1012//1012 1006//1006 1014//1014
f 1007//1007 1014//1014 1006//1006
f 1007//1007 1013//1013 1014//1014
f 794//794 1245//1245 1010//1010
f 1017//1017 794//794 797//797
f 1246//1246 796//796 1536//1536
f 1246//1246 603//603 796//796
f 1019//1019 603//603 1246//1246
f 1020//1020 1012//1012 1014//1014
f 1013//1013 1015//1015 1014//1014
f 1020//1020 1014//1014 1015//1015
f 1015//1015 1013//1013 1016//1016
f 1016//1016 1013//1013 1250//1250
f 1250//1250 1013//1013 1008//1008
f 1022//1022 1017//1017 797//797
f 1019//1019 1246//1246 1252//1252
f 1252//1252 1255//1255 1018//1018
f 1023//1023 1019//1019 1018//1018
f 1019//1019 1252//1252 1018//1018
f 1020//1020 1256//1256 1263//1263
f 1020//1020 1015//1015 1256//1256
f 1015//1015 1016//1016 1256//1256
f 1259//1259 1021//1021 1022//1022
f 1022//1022 1021//1021 1017//1017
f 1027//1027 1022//1022 797//797
f 1260//1260 1023//1023 1018//1018
f 1023//1023 1260//1260 1025//1025
f 1260//1260 1261//1261 1025//1025
f 1018//1018 1255//1255 1260//1260
f 1025//1025 1024//1024 1023//1023
f 1024//1024 1025//1025 1030//1030
f 1025//1025 1261//1261 1026//1026
f 1025//1025 1026//1026 1030//1030
f 1276//1276 1788//1788 1022//1022
f 1028//1028 1022//1022 1027//1027
f 1042//1042 1028//1028 1027//1027
f 1022//1022 1028//1028 1276//1276
f 797//797 1042//1042 1027//1027
f 1029//1029 1030//1030 1267//1267
f 1267//1267 1268//1268 1029//1029
f 1029//1029 1024//1024 1030//1030
f 1029//1029 799//799 1024//1024
f 799//799 1029//1029 1031//1031
f 1031//1031 1032//1032 1033//1033
f 1031//1031 1037//1037 799//799
f 1037//1037 1031//1031 1033//1033
f 1028//1028 1042//1042 1276//1276
f 5374//5374 1034//1034 1038//1038
f 1038//1038 1034//1034 1039//1039
f 5374//5374 1032//1032 1034//1034
f 1032//1032 1039//1039 1034//1034
f 1035//1035 1040//1040 1039//1039
f 1039//1039 1032//1032 1271//1271
f 1036//1036 1035//1035 1039//1039
f 1271//1271 1036//1036 1039//1039
f 1274//1274 1035//1035 1036//1036
f 1037//1037 800//800 799//799
f 5374//5374 1038//1038 5375//5375
f 5375//5375 1038//1038 5210//5210
f 1038//1038 1039//1039 5210//5210
f 1040//1040 800//800 1039//1039
f 1043//1043 611//611 1041//1041
f 611//611 1043//1043 1044//1044
f 1044//1044 1043//1043 1278//1278
f 802//802 1041//1041 611//611
f 1047//1047 803//803 1044//1044
f 380//380 617//617 1042//1042
f 1301//1301 1046//1046 806//806
f 806//806 1047//1047 1045//1045
f 1045//1045 1047//1047 1300//1300
f 1300//1300 1301//1301 1045//1045
f 806//806 1045//1045 1301//1301
f 1309//1309 806//806 1046//1046
f 1304//1304 1309//1309 1046//1046
f 805//805 1047//1047 806//806
f 806//806 1309//1309 1312//1312
f 806//806 1312//1312 808//808
f 1312//1312 1324//1324 1049//1049
f 1049//1049 1324//1324 1330//1330
f 1049//1049 1050//1050 809//809
f 1330//1330 1050//1050 1049//1049
f 811//811 1050//1050 1330//1330
f 809//809 1050//1050 810//810
f 1050//1050 811//811 810//810
f 1325//1325 1051//1051 1055//1055
f 1326//1326 1051//1051 1325//1325
f 1051//1051 1048//1048 1333//1333
f 1053//1053 811//811 1330//1330
f 1054//1054 1331//1331 1060//1060
f 1325//1325 1060//1060 1331//1331
f 1060//1060 1325//1325 1061//1061
f 1054//1054 1339//1339 1331//1331
f 1055//1055 1051//1051 1062//1062
f 1051//1051 1333//1333 1062//1062
f 1056//1056 1610//1610 1063//1063
f 1056//1056 1053//1053 1610//1610
f 1058//1058 815//815 1057//1057
f 1341//1341 1058//1058 1057//1057
f 1067//1067 1058//1058 1341//1341
f 1341//1341 1059//1059 1067//1067
f 1341//1341 1337//1337 1059//1059
f 1059//1059 1060//1060 1068//1068
f 1059//1059 1337//1337 1060//1060
f 1069//1069 1061//1061 1055//1055
f 1325//1325 1055//1055 1061//1061
f 1062//1062 1364//1364 1363//1363
f 1056//1056 1063//1063 825//825
f 1610//1610 825//825 1063//1063
f 825//825 823//823 1056//1056
f 1066//1066 1065//1065 832//832
f 1065//1065 1064//1064 832//832
f 1368//1368 1064//1064 1065//1065
f 1064//1064 1368//1368 1367//1367
f 1368//1368 1065//1065 1066//1066
f 814//814 1064//1064 1057//1057
f 1057//1057 1064//1064 1367//1367
f 1058//1058 817//817 815//815
f 1067//1067 1068//1068 817//817
f 1058//1058 1067//1067 817//817
f 1068//1068 1067//1067 1059//1059
f 5212//5212 1060//1060 838//838
f 1060//1060 1061//1061 838//838
f 820//820 1068//1068 1060//1060
f 822//822 838//838 1061//1061
f 1069//1069 822//822 1061//1061
f 821//821 822//822 1069//1069
f 5219//5219 1070//1070 1072//1072
f 1070//1070 1071//1071 1072//1072
f 5377//5377 5376//5376 1088//1088
f 5219//5219 1072//1072 1371//1371
f 1072//1072 1071//1071 1073//1073
f 1073//1073 1071//1071 1092//1092
f 5377//5377 1088//1088 1092//1092
f 1055//1055 1062//1062 1069//1069
f 1062//1062 1093//1093 821//821
f 1073//1073 1092//1092 1097//1097
f 1097//1097 1074//1074 1073//1073
f 1072//1072 1073//1073 1074//1074
f 1062//1062 1363//1363 1075//1075
f 1374//1374 1074//1074 1097//1097
f 1074//1074 1374//1374 1373//1373
f 1075//1075 1363//1363 1076//1076
f 1395//1395 1075//1075 1383//1383
f 1075//1075 1076//1076 1383//1383
f 1615//1615 1078//1078 826//826
f 826//826 1078//1078 1080//1080
f 1080//1080 847//847 826//826
f 1079//1079 1080//1080 1078//1078
f 1615//1615 1079//1079 1078//1078
f 1080//1080 848//848 847//847
f 1080//1080 1079//1079 849//849
f 5234//5234 1081//1081 5214//5214
f 1081//1081 1066//1066 832//832
f 5234//5234 1101//1101 1081//1081
f 1101//1101 1066//1066 1081//1081
f 857//857 1622//1622 1102//1102
f 1622//1622 857//857 1082//1082
f 5218//5218 1082//1082 857//857
f 1393//1393 1082//1082 5219//5219
f 1082//1082 1393//1393 1622//1622
f 1371//1371 1393//1393 5219//5219
f 5225//5225 1083//1083 5376//5376
f 1085//1085 1084//1084 5213//5213
f 5232//5232 1084//1084 1085//1085
f 5232//5232 1085//1085 5381//5381
f 5219//5219 5226//5226 1070//1070
f 5376//5376 1083//1083 1088//1088
f 5213//5213 1086//1086 1085//1085
f 1087//1087 1088//1088 1083//1083
f 1088//1088 1087//1087 1091//1091
f 1091//1091 5382//5382 1089//1089
f 1085//1085 1086//1086 1090//1090
f 5378//5378 5385//5385 5383//5383
f 5386//5386 5379//5379 1094//1094
f 1085//1085 5384//5384 5381//5381
f 1095//1095 1091//1091 1089//1089
f 5385//5385 5388//5388 5383//5383
f 5388//5388 5385//5385 5387//5387
f 1088//1088 1091//1091 1092//1092
f 5379//5379 821//821 1094//1094
f 1093//1093 1094//1094 821//821
f 1096//1096 5388//5388 5387//5387
f 1091//1091 1095//1095 5389//5389
f 1094//1094 1093//1093 5390//5390
f 1092//1092 1091//1091 1097//1097
f 1091//1091 5389//5389 1098//1098
f 1097//1097 1091//1091 1098//1098
f 1394//1394 1098//1098 5389//5389
f 1098//1098 1394//1394 1097//1097
f 1062//1062 1075//1075 1093//1093
f 1093//1093 1075//1075 1099//1099
f 5390//5390 1093//1093 1099//1099
f 5391//5391 5392//5392 5548//5548
f 1099//1099 1075//1075 1395//1395
f 846//846 1405//1405 1100//1100
f 1077//1077 846//846 1100//1100
f 1079//1079 1397//1397 849//849
f 1080//1080 849//849 848//848
f 850//850 848//848 849//849
f 856//856 857//857 1102//1102
f 856//856 1102//1102 864//864
f 864//864 1103//1103 863//863
f 864//864 1102//1102 1103//1103
f 1112//1112 863//863 1103//1103
f 1105//1105 1397//1397 866//866
f 849//849 1397//1397 1105//1105
f 1104//1104 866//866 1397//1397
f 1402//1402 881//881 1120//1120
f 865//865 1405//1405 846//846
f 1405//1405 865//865 1423//1423
f 1106//1106 866//866 1104//1104
f 1406//1406 1106//1106 1104//1104
f 1106//1106 1406//1406 1408//1408
f 1106//1106 1408//1408 885//885
f 885//885 1408//1408 1125//1125
f 866//866 1106//1106 871//871
f 1107//1107 885//885 884//884
f 871//871 1106//1106 1107//1107
f 885//885 1107//1107 1106//1106
f 1109//1109 1110//1110 1108//1108
f 5399//5399 1113//1113 882//882
f 5397//5397 5396//5396 5395//5395
f 1114//1114 1111//1111 1112//1112
f 5401//5401 5400//5400 5403//5403
f 882//882 1116//1116 881//881
f 1116//1116 882//882 1113//1113
f 5408//5408 5402//5402 5404//5404
f 5409//5409 5405//5405 1117//1117
f 1112//1112 1115//1115 5406//5406
f 5410//5410 5407//5407 1118//1118
f 5413//5413 5406//5406 1115//1115
f 1120//1120 881//881 1116//1116
f 1116//1116 5411//5411 1119//1119
f 5417//5417 5412//5412 5414//5414
f 1120//1120 1116//1116 1413//1413
f 1413//1413 1116//1116 1119//1119
f 5562//5562 5417//5417 5414//5414
f 1409//1409 1122//1122 5413//5413
f 1115//1115 1409//1409 5413//5413
f 5563//5563 5415//5415 1121//1121
f 5419//5419 5418//5418 5416//5416
f 5563//5563 1121//1121 1410//1410
f 5419//5419 5553//5553 5418//5418
f 1414//1414 5553//5553 5419//5419
f 5564//5564 5420//5420 1123//1123
f 5421//5421 1122//1122 1409//1409
f 1409//1409 1411//1411 5421//5421
f 5422//5422 5554//5554 5565//5565
f 1423//1423 865//865 1439//1439
f 1154//1154 1152//1152 1125//1125
f 1406//1406 1154//1154 1125//1125
f 1406//1406 1150//1150 1154//1154
f 885//885 1125//1125 889//889
f 1124//1124 889//889 1125//1125
f 1156//1156 1126//1126 1158//1158
f 1129//1129 1128//1128 1127//1127
f 5428//5428 1132//1132 5425//5425
f 1157//1157 5490//5490 5423//5423
f 5426//5426 1131//1131 5431//5431
f 5427//5427 5440//5440 5437//5437
f 5429//5429 5432//5432 1130//1130
f 5430//5430 5434//5434 5441//5441
f 5435//5435 5433//5433 5438//5438
f 5436//5436 5439//5439 5442//5442
f 1136//1136 1139//1139 1133//1133
f 1133//1133 1134//1134 1136//1136
f 1135//1135 5445//5445 5443//5443
f 1138//1138 5446//5446 5448//5448
f 5447//5447 5455//5455 5451//5451
f 5455//5455 5457//5457 5451//5451
f 1137//1137 1141//1141 1142//1142
f 5452//5452 1147//1147 5461//5461
f 1140//1140 5456//5456 5449//5449
f 5455//5455 5458//5458 5457//5457
f 5459//5459 5450//5450 5444//5444
f 5460//5460 1133//1133 1139//1139
f 1144//1144 1143//1143 5464//5464
f 5467//5467 5472//5472 5478//5478
f 5473//5473 5462//5462 5479//5479
f 5468//5468 1146//1146 1145//1145
f 5476//5476 5480//5480 1159//1159
f 1146//1146 5492//5492 1145//1145
f 5474//5474 5465//5465 5463//5463
f 5453//5453 5466//5466 5469//5469
f 1148//1148 5470//5470 5475//5475
f 5493//5493 1148//1148 5475//5475
f 5469//5469 1425//1425 5453//5453
f 1148//1148 5591//5591 5470//5470
f 5471//5471 5481//5481 5477//5477
f 1441//1441 5484//5484 5482//5482
f 1147//1147 1431//1431 5620//5620
f 1431//1431 1147//1147 5452//5452
f 1149//1149 865//865 883//883
f 1152//1152 1124//1124 1125//1125
f 1153//1153 1124//1124 1152//1152
f 1152//1152 1154//1154 1153//1153
f 1155//1155 1153//1153 1154//1154
f 1155//1155 1161//1161 1153//1153
f 1161//1161 1155//1155 1151//1151
f 1151//1151 1155//1155 1154//1154
f 1150//1150 1151//1151 1154//1154
f 5488//5488 5424//5424 5486//5486
f 5489//5489 5487//5487 5491//5491
f 5485//5485 5494//5494 5483//5483
f 685//685 1160//1160 1448//1448
f 1166//1166 1164//1164 919//919
f 1151//1151 1162//1162 1161//1161
f 1171//1171 1161//1161 1162//1162
f 919//919 892//892 1166//1166
f 1161//1161 1169//1169 1163//1163
f 5498//5498 5503//5503 5337//5337
f 1161//1161 1171//1171 1169//1169
f 1160//1160 919//919 1164//1164
f 5335//5335 5504//5504 1166//1166
f 1167//1167 1168//1168 1165//1165
f 5501//5501 5499//5499 5502//5502
f 5505//5505 1170//1170 5500//5500
f 1169//1169 1171//1171 1172//1172
f 5506//5506 1169//1169 1172//1172
f 1174//1174 5506//5506 1172//1172
f 1172//1172 1171//1171 1449//1449
f 5509//5509 1172//1172 1173//1173
f 1173//1173 1172//1172 1449//1449
f 1164//1164 1166//1166 5507//5507
f 5509//5509 1173//1173 1175//1175
f 5508//5508 5510//5510 1177//1177
f 5515//5515 1164//1164 5507//5507
f 1164//1164 5515//5515 1179//1179
f 1176//1176 1164//1164 5521//5521
f 1178//1178 1452//1452 5522//5522
f 1164//1164 1176//1176 1450//1450
f 1175//1175 1173//1173 5519//5519
f 1173//1173 5634//5634 5519//5519
f 5514//5514 5635//5635 5628//5628
f 5512//5512 1180//1180 5516//5516
f 5517//5517 5511//5511 5513//5513
f 5523//5523 5518//5518 5526//5526
f 5527//5527 1175//1175 5519//5519
f 5528//5528 5520//5520 5524//5524
f 5525//5525 5635//5635 5514//5514
f 1182//1182 1181//1181 1185//1185
f 945//945 1189//1189 1191//1191
f 1488//1488 1489//1489 1184//1184
f 949//949 1203//1203 1184//1184
f 1488//1488 1184//1184 1203//1203
f 1478//1478 1184//1184 1489//1489
f 1184//1184 1478//1478 1181//1181
f 1479//1479 1185//1185 1181//1181
f 1479//1479 940//940 1185//1185
f 940//940 1186//1186 1183//1183
f 1189//1189 1186//1186 1187//1187
f 1189//1189 1482//1482 1191//1191
f 1186//1186 1188//1188 1183//1183
f 1187//1187 1482//1482 1189//1189
f 1186//1186 1189//1189 1188//1188
f 1191//1191 5367//5367 945//945
f 950//950 1190//1190 1195//1195
f 950//950 1191//1191 1190//1190
f 5529//5529 1482//1482 1195//1195
f 1190//1190 1191//1191 1482//1482
f 1482//1482 1196//1196 1195//1195
f 1482//1482 1192//1192 1196//1196
f 1197//1197 1193//1193 1194//1194
f 1483//1483 1197//1197 1194//1194
f 1196//1196 1192//1192 5530//5530
f 1194//1194 1193//1193 1192//1192
f 948//948 1195//1195 1196//1196
f 1197//1197 948//948 1196//1196
f 1201//1201 1200//1200 1198//1198
f 1197//1197 1196//1196 5530//5530
f 1199//1199 1197//1197 1483//1483
f 1491//1491 5531//5531 5693//5693
f 1198//1198 5531//5531 1491//1491
f 1491//1491 1201//1201 1198//1198
f 952//952 5531//5531 1200//1200
f 5531//5531 1198//1198 1200//1200
f 1200//1200 1201//1201 1202//1202
f 956//956 953//953 1202//1202
f 1202//1202 953//953 1200//1200
f 1204//1204 1205//1205 1203//1203
f 1203//1203 1205//1205 1488//1488
f 1492//1492 1201//1201 1491//1491
f 1492//1492 1202//1202 1201//1201
f 1202//1202 1495//1495 956//956
f 1495//1495 958//958 956//956
f 1207//1207 1495//1495 1206//1206
f 961//961 1495//1495 1207//1207
f 1204//1204 1496//1496 1205//1205
f 1487//1487 1205//1205 1496//1496
f 954//954 1204//1204 1203//1203
f 1206//1206 1497//1497 1207//1207
f 1210//1210 1497//1497 1498//1498
f 1207//1207 1497//1497 1208//1208
f 1208//1208 1210//1210 1209//1209
f 1497//1497 1210//1210 1208//1208
f 1209//1209 1210//1210 966//966
f 966//966 1210//1210 1211//1211
f 966//966 1211//1211 1499//1499
f 1499//1499 1215//1215 966//966
f 1211//1211 1210//1210 1498//1498
f 1221//1221 1220//1220 1212//1212
f 1212//1212 1220//1220 1502//1502
f 1204//1204 1212//1212 1496//1496
f 1504//1504 1215//1215 1505//1505
f 1505//1505 1215//1215 1499//1499
f 1213//1213 5532//5532 5697//5697
f 1213//1213 1507//1507 1214//1214
f 1507//1507 1216//1216 1214//1214
f 1213//1213 5369//5369 5532//5532
f 5369//5369 1213//1213 974//974
f 1214//1214 974//974 1213//1213
f 1216//1216 974//974 1214//1214
f 1222//1222 1219//1219 1510//1510
f 1219//1219 1217//1217 1510//1510
f 1217//1217 780//780 1216//1216
f 1218//1218 780//780 1217//1217
f 1218//1218 1217//1217 1219//1219
f 1219//1219 1222//1222 1218//1218
f 1218//1218 1222//1222 994//994
f 1509//1509 1502//1502 1220//1220
f 1212//1212 978//978 1221//1221
f 1510//1510 1701//1701 5533//5533
f 5533//5533 1511//1511 994//994
f 1224//1224 1511//1511 1704//1704
f 1704//1704 592//592 1224//1224
f 1511//1511 1224//1224 994//994
f 1231//1231 1220//1220 1221//1221
f 1509//1509 1220//1220 1231//1231
f 1233//1233 1225//1225 1234//1234
f 1225//1225 1227//1227 1234//1234
f 1234//1234 5535//5535 1235//1235
f 1521//1521 1235//1235 1513//1513
f 1235//1235 5535//5535 1513//1513
f 5536//5536 1526//1526 5698//5698
f 1526//1526 5536//5536 1229//1229
f 1003//1003 1225//1225 985//985
f 1003//1003 1228//1228 5534//5534
f 1228//1228 1226//1226 5534//5534
f 5534//5534 1226//1226 5537//5537
f 1226//1226 1228//1228 5537//5537
f 1228//1228 1229//1229 5537//5537
f 1229//1229 992//992 1237//1237
f 1230//1230 1011//1011 1005//1005
f 1709//1709 1011//1011 1230//1230
f 1231//1231 1006//1006 1249//1249
f 1231//1231 1221//1221 1006//1006
f 1232//1232 1242//1242 1009//1009
f 1009//1009 1233//1233 1232//1232
f 1232//1232 1233//1233 1515//1515
f 1516//1516 1232//1232 1515//1515
f 1233//1233 1234//1234 1515//1515
f 1515//1515 1234//1234 1520//1520
f 1234//1234 1521//1521 1520//1520
f 1521//1521 1234//1234 1235//1235
f 1529//1529 1229//1229 1237//1237
f 1237//1237 1010//1010 1236//1236
f 1237//1237 1236//1236 1244//1244
f 1236//1236 1010//1010 1245//1245
f 1245//1245 1244//1244 1236//1236
f 1238//1238 1709//1709 1531//1531
f 1238//1238 600//600 1709//1709
f 1238//1238 1239//1239 600//600
f 1238//1238 1530//1530 1239//1239
f 1239//1239 1536//1536 600//600
f 1240//1240 1231//1231 1249//1249
f 1231//1231 1240//1240 1532//1532
f 1012//1012 1249//1249 1006//1006
f 1008//1008 1242//1242 1549//1549
f 1008//1008 1009//1009 1242//1242
f 1549//1549 1242//1242 1232//1232
f 1232//1232 1540//1540 1549//1549
f 1232//1232 1243//1243 1540//1540
f 1017//1017 1245//1245 794//794
f 1017//1017 1244//1244 1245//1245
f 1239//1239 1530//1530 1536//1536
f 1739//1739 1252//1252 1246//1246
f 1247//1247 1249//1249 1248//1248
f 1248//1248 1249//1249 1264//1264
f 1249//1249 1247//1247 1240//1240
f 1240//1240 1247//1247 1532//1532
f 1537//1537 1532//1532 1247//1247
f 1264//1264 1249//1249 1012//1012
f 1264//1264 1012//1012 1020//1020
f 1251//1251 1250//1250 1241//1241
f 1250//1250 1251//1251 1265//1265
f 1008//1008 1241//1241 1250//1250
f 1241//1241 1008//1008 1251//1251
f 1549//1549 1251//1251 1008//1008
f 1547//1547 1253//1253 1252//1252
f 1253//1253 1260//1260 1252//1252
f 1547//1547 1254//1254 1253//1253
f 1254//1254 1260//1260 1253//1253
f 1247//1247 1248//1248 1262//1262
f 1248//1248 1275//1275 1262//1262
f 1256//1256 1270//1270 1263//1263
f 1256//1256 1016//1016 1250//1250
f 1270//1270 1256//1256 1250//1250
f 1270//1270 1250//1250 1265//1265
f 1251//1251 1553//1553 1265//1265
f 1258//1258 1257//1257 1550//1550
f 1257//1257 2000//2000 1550//1550
f 1017//1017 1021//1021 1258//1258
f 1021//1021 1259//1259 1258//1258
f 1258//1258 1259//1259 1257//1257
f 1266//1266 1257//1257 1259//1259
f 1022//1022 1266//1266 1259//1259
f 1788//1788 1266//1266 1022//1022
f 1260//1260 1254//1254 1261//1261
f 1260//1260 1255//1255 1252//1252
f 1030//1030 1026//1026 1261//1261
f 1275//1275 1264//1264 1283//1283
f 1264//1264 1275//1275 1248//1248
f 1264//1264 1263//1263 1283//1283
f 1264//1264 1020//1020 1263//1263
f 1265//1265 1562//1562 1270//1270
f 1265//1265 1553//1553 1562//1562
f 5373//5373 1261//1261 5538//5538
f 1267//1267 1556//1556 1268//1268
f 1269//1269 1268//1268 1555//1555
f 1268//1268 1031//1031 1029//1029
f 1269//1269 1031//1031 1268//1268
f 1032//1032 1031//1031 5539//5539
f 1271//1271 1032//1032 5539//5539
f 1284//1284 1270//1270 1562//1562
f 1559//1559 1274//1274 1565//1565
f 1565//1565 1273//1273 1271//1271
f 1274//1274 1273//1273 1565//1565
f 1272//1272 1274//1274 1568//1568
f 1277//1277 1272//1272 1569//1569
f 1271//1271 1273//1273 1036//1036
f 1273//1273 1274//1274 1036//1036
f 1274//1274 1040//1040 1035//1035
f 1041//1041 1040//1040 1274//1274
f 1277//1277 1041//1041 1274//1274
f 1277//1277 1274//1274 1272//1272
f 1277//1277 1278//1278 1041//1041
f 1278//1278 1277//1277 1579//1579
f 1044//1044 1579//1579 1279//1279
f 1579//1579 1044//1044 1278//1278
f 1041//1041 1278//1278 1043//1043
f 1580//1580 1572//1572 1280//1280
f 1281//1281 1280//1280 1572//1572
f 1282//1282 1291//1291 1280//1280
f 1291//1291 1282//1282 1283//1283
f 1281//1281 1275//1275 1282//1282
f 1275//1275 1281//1281 1572//1572
f 1280//1280 1281//1281 1282//1282
f 1275//1275 1283//1283 1282//1282
f 1283//1283 1263//1263 1285//1285
f 1283//1283 1285//1285 1284//1284
f 1263//1263 1270//1270 1285//1285
f 1285//1285 1270//1270 1284//1284
f 1284//1284 1562//1562 1293//1293
f 1294//1294 1276//1276 1042//1042
f 1279//1279 1286//1286 1044//1044
f 1047//1047 1044//1044 1286//1286
f 1287//1287 1296//1296 1047//1047
f 1286//1286 1295//1295 1287//1287
f 1047//1047 1286//1286 1287//1287
f 1289//1289 1288//1288 1280//1280
f 1280//1280 1288//1288 1580//1580
f 1290//1290 1305//1305 1289//1289
f 1283//1283 1290//1290 1291//1291
f 1291//1291 1289//1289 1280//1280
f 1291//1291 1290//1290 1289//1289
f 1290//1290 1283//1283 1305//1305
f 1283//1283 1284//1284 1292//1292
f 1283//1283 1292//1292 1305//1305
f 1292//1292 1293//1293 1305//1305
f 1305//1305 1583//1583 1306//1306
f 1293//1293 1583//1583 1305//1305
f 1583//1583 1319//1319 1306//1306
f 1583//1583 1584//1584 1319//1319
f 1293//1293 1292//1292 1284//1284
f 617//617 1307//1307 1042//1042
f 1047//1047 1296//1296 1300//1300
f 1287//1287 1297//1297 1296//1296
f 1296//1296 1297//1297 1300//1300
f 1297//1297 1287//1287 1295//1295
f 1295//1295 1298//1298 5540//5540
f 5540//5540 1301//1301 1300//1300
f 5540//5540 1302//1302 1301//1301
f 1303//1303 1301//1301 1302//1302
f 1301//1301 1303//1303 1046//1046
f 1303//1303 1304//1304 1046//1046
f 1302//1302 1304//1304 1303//1303
f 1302//1302 1299//1299 1304//1304
f 5540//5540 1298//1298 1302//1302
f 1298//1298 1299//1299 1302//1302
f 1304//1304 1586//1586 1309//1309
f 1304//1304 1299//1299 1586//1586
f 1316//1316 1288//1288 1315//1315
f 1315//1315 1288//1288 1289//1289
f 1327//1327 1315//1315 1289//1289
f 1289//1289 1048//1048 1327//1327
f 1289//1289 1305//1305 1048//1048
f 1306//1306 1319//1319 1305//1305
f 1042//1042 1307//1307 1294//1294
f 1307//1307 1322//1322 1294//1294
f 1586//1586 1311//1311 1308//1308
f 1309//1309 1308//1308 1310//1310
f 1586//1586 1308//1308 1309//1309
f 1311//1311 1310//1310 1308//1308
f 1312//1312 1311//1311 1594//1594
f 1310//1310 1312//1312 1309//1309
f 1311//1311 1312//1312 1310//1310
f 1587//1587 1317//1317 1313//1313
f 1317//1317 1587//1587 1316//1316
f 1314//1314 1315//1315 1313//1313
f 1314//1314 1316//1316 1315//1315
f 1313//1313 1317//1317 1314//1314
f 1317//1317 1316//1316 1314//1314
f 1318//1318 1305//1305 1319//1319
f 1320//1320 1318//1318 1319//1319
f 1318//1318 1320//1320 1333//1333
f 1584//1584 1320//1320 1319//1319
f 1320//1320 1596//1596 1321//1321
f 1320//1320 1321//1321 1333//1333
f 1596//1596 1333//1333 1321//1321
f 617//617 1052//1052 1307//1307
f 1052//1052 1322//1322 1307//1307
f 1312//1312 1323//1323 1324//1324
f 1591//1591 1592//1592 1338//1338
f 1592//1592 1587//1587 1325//1325
f 1587//1587 1313//1313 1325//1325
f 1313//1313 1326//1326 1325//1325
f 1315//1315 1326//1326 1313//1313
f 1326//1326 1327//1327 1328//1328
f 1327//1327 1326//1326 1315//1315
f 1327//1327 1048//1048 1328//1328
f 1328//1328 1048//1048 1051//1051
f 1048//1048 1305//1305 1333//1333
f 1333//1333 1305//1305 1318//1318
f 1333//1333 1329//1329 1334//1334
f 1329//1329 1333//1333 1596//1596
f 1322//1322 1052//1052 1335//1335
f 1609//1609 1330//1330 1323//1323
f 1599//1599 1609//1609 1323//1323
f 1330//1330 1324//1324 1323//1323
f 1600//1600 1591//1591 1336//1336
f 1338//1338 1592//1592 1339//1339
f 1331//1331 1339//1339 1592//1592
f 1325//1325 1331//1331 1592//1592
f 1326//1326 1328//1328 1051//1051
f 1333//1333 1332//1332 1364//1364
f 1333//1333 1334//1334 1332//1332
f 1334//1334 1329//1329 1332//1332
f 1335//1335 1806//1806 1322//1322
f 1608//1608 1806//1806 1335//1335
f 1609//1609 1053//1053 1330//1330
f 1609//1609 1610//1610 1053//1053
f 1336//1336 1341//1341 1600//1600
f 1600//1600 1342//1342 1605//1605
f 1337//1337 1341//1341 1336//1336
f 1054//1054 1060//1060 1337//1337
f 1336//1336 1338//1338 1337//1337
f 1339//1339 1337//1337 1338//1338
f 1339//1339 1054//1054 1337//1337
f 1606//1606 1349//1349 1362//1362
f 1333//1333 1364//1364 1062//1062
f 1332//1332 1365//1365 1364//1364
f 1365//1365 1816//1816 1391//1391
f 1608//1608 1335//1335 1366//1366
f 1335//1335 1052//1052 1366//1366
f 1366//1366 1052//1052 1077//1077
f 1057//1057 1367//1367 1340//1340
f 1368//1368 1340//1340 1367//1367
f 1369//1369 1612//1612 1368//1368
f 1368//1368 1612//1612 1340//1340
f 1342//1342 1057//1057 1340//1340
f 1342//1342 1341//1341 1057//1057
f 1341//1341 1342//1342 1600//1600
f 1074//1074 1345//1345 1348//1348
f 1348//1348 1345//1345 1346//1346
f 1348//1348 1346//1346 1352//1352
f 1348//1348 1352//1352 1344//1344
f 1346//1346 1345//1345 1347//1347
f 1346//1346 1347//1347 1352//1352
f 1347//1347 1345//1345 1375//1375
f 1347//1347 1354//1354 1352//1352
f 1348//1348 1344//1344 1349//1349
f 1349//1349 1344//1344 1350//1350
f 1074//1074 1348//1348 1343//1343
f 1349//1349 1343//1343 1348//1348
f 1606//1606 1343//1343 1349//1349
f 1344//1344 1352//1352 1350//1350
f 1350//1350 1352//1352 1353//1353
f 1350//1350 1353//1353 1351//1351
f 1351//1351 1353//1353 1356//1356
f 1352//1352 1354//1354 1353//1353
f 1355//1355 1353//1353 1354//1354
f 1350//1350 1351//1351 1359//1359
f 1356//1356 1353//1353 1355//1355
f 1350//1350 1362//1362 1349//1349
f 1350//1350 1359//1359 1362//1362
f 1359//1359 1351//1351 1357//1357
f 1351//1351 1356//1356 1357//1357
f 1358//1358 1357//1357 1356//1356
f 1355//1355 1358//1358 1356//1356
f 1357//1357 1358//1358 1361//1361
f 1362//1362 1359//1359 1360//1360
f 1359//1359 1357//1357 1360//1360
f 1360//1360 1357//1357 1361//1361
f 1364//1364 1385//1385 1363//1363
f 1364//1364 1387//1387 1385//1385
f 1360//1360 1361//1361 1389//1389
f 1361//1361 1358//1358 1389//1389
f 1387//1387 1364//1364 1365//1365
f 1365//1365 1391//1391 1388//1388
f 1611//1611 826//826 825//825
f 1610//1610 1611//1611 825//825
f 1611//1611 1615//1615 826//826
f 1066//1066 1369//1369 1368//1368
f 1101//1101 1369//1369 1066//1066
f 1393//1393 1371//1371 1370//1370
f 1072//1072 1343//1343 1371//1371
f 1072//1072 1074//1074 1343//1343
f 1074//1074 1373//1373 1372//1372
f 5549//5549 1374//1374 1097//1097
f 1372//1372 1345//1345 1074//1074
f 1374//1374 5549//5549 1373//1373
f 1345//1345 1372//1372 1373//1373
f 1375//1375 1345//1345 1373//1373
f 1354//1354 1347//1347 1376//1376
f 1355//1355 1354//1354 5541//5541
f 1373//1373 1376//1376 1375//1375
f 1375//1375 1376//1376 1347//1347
f 1373//1373 1377//1377 1376//1376
f 1379//1379 1380//1380 1377//1377
f 1373//1373 1379//1379 1377//1377
f 5549//5549 1379//1379 1373//1373
f 1396//1396 5546//5546 1381//1381
f 1377//1377 1380//1380 1378//1378
f 5542//5542 5543//5543 1381//1381
f 1379//1379 5550//5550 1380//1380
f 1381//1381 5543//5543 1396//1396
f 1378//1378 1376//1376 1377//1377
f 1382//1382 1363//1363 1385//1385
f 1382//1382 1385//1385 1387//1387
f 1076//1076 1363//1363 1382//1382
f 1383//1383 1076//1076 1382//1382
f 5546//5546 5545//5545 1381//1381
f 1381//1381 5545//5545 1386//1386
f 1355//1355 5541//5541 1358//1358
f 1376//1376 1378//1378 1384//1384
f 1384//1384 5542//5542 1381//1381
f 1358//1358 1376//1376 1384//1384
f 1384//1384 1381//1381 1389//1389
f 1387//1387 1386//1386 5545//5545
f 1381//1381 1386//1386 5547//5547
f 1386//1386 1387//1387 5547//5547
f 1388//1388 1389//1389 5544//5544
f 1358//1358 1384//1384 1389//1389
f 1390//1390 1389//1389 1388//1388
f 1365//1365 5547//5547 1387//1387
f 1388//1388 1391//1391 1390//1390
f 1400//1400 1366//1366 1077//1077
f 1397//1397 1079//1079 1392//1392
f 1616//1616 1392//1392 1615//1615
f 1392//1392 1621//1621 1397//1397
f 1616//1616 1621//1621 1392//1392
f 1079//1079 1615//1615 1392//1392
f 1369//1369 1619//1619 1618//1618
f 1101//1101 1619//1619 1369//1369
f 2084//2084 1619//1619 1101//1101
f 1627//1627 1102//1102 1622//1622
f 1396//1396 5551//5551 5393//5393
f 1396//1396 5394//5394 5552//5552
f 1396//1396 5552//5552 5546//5546
f 1396//1396 5543//5543 5551//5551
f 1400//1400 1077//1077 1100//1100
f 862//862 1398//1398 1101//1101
f 862//862 1399//1399 1398//1398
f 2084//2084 1101//1101 1398//1398
f 1398//1398 1399//1399 2084//2084
f 1102//1102 1627//1627 1103//1103
f 1103//1103 1627//1627 1112//1112
f 1100//1100 1405//1405 1400//1400
f 1397//1397 1623//1623 1104//1104
f 1401//1401 1104//1104 1623//1623
f 1628//1628 1104//1104 1401//1401
f 1406//1406 1104//1104 1628//1628
f 862//862 881//881 1402//1402
f 1402//1402 1120//1120 1403//1403
f 1403//1403 1120//1120 1630//1630
f 1402//1402 1399//1399 862//862
f 1399//1399 1402//1402 1624//1624
f 1624//1624 1626//1626 1399//1399
f 1871//1871 1400//1400 1404//1404
f 1404//1404 1400//1400 1405//1405
f 1628//1628 1407//1407 1406//1406
f 1406//1406 1407//1407 1633//1633
f 1406//1406 1125//1125 1408//1408
f 1409//1409 1115//1115 1854//1854
f 1854//1854 1411//1411 1409//1409
f 1410//1410 5566//5566 5563//5563
f 1412//1412 5567//5567 5555//5555
f 1417//1417 1412//1412 5555//5555
f 1413//1413 1630//1630 1120//1120
f 1630//1630 1413//1413 1416//1416
f 1420//1420 5556//5556 5799//5799
f 1413//1413 5568//5568 1416//1416
f 1415//1415 1416//1416 5568//5568
f 1416//1416 1415//1415 5582//5582
f 5569//5569 5557//5557 5583//5583
f 5568//5568 5560//5560 1415//1415
f 1418//1418 5558//5558 5570//5570
f 5560//5560 1419//1419 1415//1415
f 5571//5571 5579//5579 5576//5576
f 5580//5580 5561//5561 5573//5573
f 5559//5559 5577//5577 5574//5574
f 5575//5575 5578//5578 5581//5581
f 1430//1430 1422//1422 1428//1428
f 1428//1428 1422//1422 1421//1421
f 1854//1854 5586//5586 5584//5584
f 1630//1630 1416//1416 5587//5587
f 5588//5588 5572//5572 5585//5585
f 5584//5584 5586//5586 5589//5589
f 5590//5590 5603//5603 5713//5713
f 5714//5714 5604//5604 1640//1640
f 1878//1878 1405//1405 1423//1423
f 1150//1150 1406//1406 1424//1424
f 1424//1424 1151//1151 1150//1150
f 1406//1406 1633//1633 1424//1424
f 1424//1424 1633//1633 1634//1634
f 1151//1151 1424//1424 1634//1634
f 1440//1440 1151//1151 1634//1634
f 1634//1634 1636//1636 1440//1440
f 1872//1872 1440//1440 1636//1636
f 1429//1429 1427//1427 5592//5592
f 5595//5595 5598//5598 1426//1426
f 5593//5593 5596//5596 5594//5594
f 5593//5593 5594//5594 5454//5454
f 5591//5591 1148//1148 5601//5601
f 5604//5604 1148//1148 1442//1442
f 1148//1148 5621//5621 1442//1442
f 5597//5597 5602//5602 5605//5605
f 5605//5605 5599//5599 5597//5597
f 5600//5600 1637//1637 5594//5594
f 5600//5600 5586//5586 1637//1637
f 5454//5454 5594//5594 1637//1637
f 1148//1148 5604//5604 5601//5601
f 1640//1640 5623//5623 5622//5622
f 1640//1640 5604//5604 1442//1442
f 1431//1431 1443//1443 5620//5620
f 1431//1431 1432//1432 1443//1443
f 1637//1637 1431//1431 5454//5454
f 1637//1637 1432//1432 1431//1431
f 1433//1433 5606//5606 1434//1434
f 5609//5609 5624//5624 5607//5607
f 1637//1637 1639//1639 1437//1437
f 1637//1637 1437//1437 1432//1432
f 5608//5608 5615//5615 1436//1436
f 5612//5612 1640//1640 5610//5610
f 5613//5613 1433//1433 1434//1434
f 1444//1444 1445//1445 1435//1435
f 5606//5606 5613//5613 1434//1434
f 5627//5627 5626//5626 5611//5611
f 1640//1640 5612//5612 1438//1438
f 5618//5618 5614//5614 5616//5616
f 1640//1640 1438//1438 1638//1638
f 5619//5619 5617//5617 5715//5715
f 5715//5715 5617//5617 5717//5717
f 1149//1149 1439//1439 865//865
f 1644//1644 1649//1649 1440//1440
f 5622//5622 5625//5625 5610//5610
f 1640//1640 5622//5622 5610//5610
f 1648//1648 1149//1149 1448//1448
f 1439//1439 1149//1149 1648//1648
f 1440//1440 1162//1162 1151//1151
f 1162//1162 1440//1440 1446//1446
f 1440//1440 1649//1649 1446//1446
f 1654//1654 1446//1446 1649//1649
f 1171//1171 1162//1162 1449//1449
f 1447//1447 1449//1449 1162//1162
f 1447//1447 1162//1162 1446//1446
f 1654//1654 1447//1447 1446//1446
f 1654//1654 1449//1449 1447//1447
f 1449//1449 1654//1654 1652//1652
f 1160//1160 1164//1164 1891//1891
f 1449//1449 1652//1652 1657//1657
f 1661//1661 1463//1463 1657//1657
f 1458//1458 5634//5634 1173//1173
f 1164//1164 1450//1450 1453//1453
f 5636//5636 1457//1457 5629//5629
f 1453//1453 1450//1450 1455//1455
f 1451//1451 1455//1455 1450//1450
f 5647//5647 1466//1466 1465//1465
f 5647//5647 1465//1465 5630//5630
f 1450//1450 5663//5663 1451//1451
f 1458//1458 1449//1449 1657//1657
f 1173//1173 1449//1449 1458//1458
f 1458//1458 1454//1454 5634//5634
f 5634//5634 1454//1454 1456//1456
f 5637//5637 5646//5646 5648//5648
f 5645//5645 5640//5640 5638//5638
f 5645//5645 5631//5631 5640//5640
f 5665//5665 5648//5648 5646//5646
f 5665//5665 5646//5646 1467//1467
f 5666//5666 1456//1456 1454//1454
f 1164//1164 1453//1453 1459//1459
f 5649//5649 5639//5639 5641//5641
f 5667//5667 5642//5642 5632//5632
f 1463//1463 1458//1458 1657//1657
f 1458//1458 1460//1460 5643//5643
f 1459//1459 1461//1461 1164//1164
f 5650//5650 5644//5644 5652//5652
f 5654//5654 5651//5651 1462//1462
f 5650//5650 5652//5652 5657//5657
f 1464//1464 1458//1458 1463//1463
f 1460//1460 1458//1458 1464//1464
f 5660//5660 5658//5658 5653//5653
f 1468//1468 1164//1164 1461//1461
f 5655//5655 5661//5661 1470//1470
f 5656//5656 5659//5659 5662//5662
f 1463//1463 1471//1471 5675//5675
f 1464//1464 1463//1463 5675//5675
f 1463//1463 1661//1661 1471//1471
f 1471//1471 1661//1661 1472//1472
f 1466//1466 5668//5668 1465//1465
f 5664//5664 5669//5669 5633//5633
f 1665//1665 1672//1672 1164//1164
f 1473//1473 1665//1665 1164//1164
f 1468//1468 1461//1461 1469//1469
f 1461//1461 5676//5676 1469//1469
f 1473//1473 1164//1164 1468//1468
f 5678//5678 5670//5670 5673//5673
f 5679//5679 5674//5674 5677//5677
f 5671//5671 5680//5680 5681//5681
f 1661//1661 1477//1477 1472//1472
f 1664//1664 5684//5684 5691//5691
f 5692//5692 5685//5685 5682//5682
f 5686//5686 5730//5730 5733//5733
f 5683//5683 5687//5687 5672//5672
f 1475//1475 1476//1476 1474//1474
f 5688//5688 5690//5690 5689//5689
f 1477//1477 1666//1666 5731//5731
f 1687//1687 1181//1181 1478//1478
f 1687//1687 1683//1683 1181//1181
f 1683//1683 1479//1479 1181//1181
f 1479//1479 1688//1688 1480//1480
f 1186//1186 940//940 1479//1479
f 1187//1187 1186//1186 1479//1479
f 1187//1187 1481//1481 1482//1482
f 1187//1187 1479//1479 1481//1481
f 1482//1482 1481//1481 1684//1684
f 1480//1480 1481//1481 1479//1479
f 1480//1480 1688//1688 1481//1481
f 1688//1688 1684//1684 1481//1481
f 1482//1482 1684//1684 1192//1192
f 1485//1485 1192//1192 1684//1684
f 1691//1691 1485//1485 1684//1684
f 1484//1484 1194//1194 1192//1192
f 1485//1485 1484//1484 1192//1192
f 1486//1486 1483//1483 5694//5694
f 5694//5694 1483//1483 1194//1194
f 1483//1483 1486//1486 1490//1490
f 1486//1486 5695//5695 1485//1485
f 1691//1691 1486//1486 1485//1485
f 1490//1490 1486//1486 1691//1691
f 1205//1205 1487//1487 1488//1488
f 1487//1487 1489//1489 1488//1488
f 1685//1685 1478//1478 1489//1489
f 1687//1687 1478//1478 1685//1685
f 1491//1491 5693//5693 5696//5696
f 1491//1491 1692//1692 1492//1492
f 1692//1692 1493//1493 1492//1492
f 1491//1491 5696//5696 1692//1692
f 1493//1493 1692//1692 1920//1920
f 1493//1493 1202//1202 1492//1492
f 1493//1493 1494//1494 1202//1202
f 1494//1494 1493//1493 1920//1920
f 1495//1495 1494//1494 1920//1920
f 1495//1495 1202//1202 1494//1494
f 1206//1206 1495//1495 1695//1695
f 1696//1696 1206//1206 1695//1695
f 1212//1212 1693//1693 1496//1496
f 1206//1206 1501//1501 1497//1497
f 1930//1930 1505//1505 1500//1500
f 1211//1211 1498//1498 1499//1499
f 1501//1501 1498//1498 1497//1497
f 1498//1498 1500//1500 1499//1499
f 1500//1500 1498//1498 1501//1501
f 1500//1500 1505//1505 1499//1499
f 1500//1500 1501//1501 1930//1930
f 1700//1700 1509//1509 1698//1698
f 1509//1509 1700//1700 1503//1503
f 1503//1503 1212//1212 1502//1502
f 1503//1503 1502//1502 1509//1509
f 1693//1693 1503//1503 1700//1700
f 1503//1503 1693//1693 1212//1212
f 1932//1932 1507//1507 1506//1506
f 1504//1504 1505//1505 1506//1506
f 1506//1506 1507//1507 5697//5697
f 1931//1931 1506//1506 1505//1505
f 1213//1213 5697//5697 1507//1507
f 1216//1216 1507//1507 1508//1508
f 1508//1508 1217//1217 1216//1216
f 1217//1217 1508//1508 1510//1510
f 1511//1511 5533//5533 1701//1701
f 1508//1508 1701//1701 1510//1510
f 1223//1223 592//592 1704//1704
f 1702//1702 1509//1509 1512//1512
f 1512//1512 1509//1509 1231//1231
f 1523//1523 5700//5700 5698//5698
f 1231//1231 1532//1532 1512//1512
f 1516//1516 1544//1544 1232//1232
f 1544//1544 1516//1516 1519//1519
f 1517//1517 1519//1519 1516//1516
f 5699//5699 1518//1518 1519//1519
f 1519//1519 1518//1518 1525//1525
f 1515//1515 1520//1520 1522//1522
f 1520//1520 1521//1521 1522//1522
f 5701//5701 5700//5700 1523//1523
f 1515//1515 1522//1522 1516//1516
f 1523//1523 5699//5699 5701//5701
f 1516//1516 5702//5702 1517//1517
f 5699//5699 1523//1523 1524//1524
f 1523//1523 1527//1527 1524//1524
f 5699//5699 1524//1524 1518//1518
f 1524//1524 1525//1525 1518//1518
f 1524//1524 1527//1527 1525//1525
f 1526//1526 1523//1523 5698//5698
f 1523//1523 1526//1526 1527//1527
f 1526//1526 1528//1528 1527//1527
f 5703//5703 1529//1529 1706//1706
f 1525//1525 5703//5703 1706//1706
f 1229//1229 1528//1528 1526//1526
f 5703//5703 1528//1528 1529//1529
f 1706//1706 1529//1529 1714//1714
f 1714//1714 1529//1529 1237//1237
f 1529//1529 1528//1528 1229//1229
f 1238//1238 1531//1531 1530//1530
f 1531//1531 1708//1708 1530//1530
f 1708//1708 1950//1950 1530//1530
f 1530//1530 1950//1950 1536//1536
f 1952//1952 1710//1710 1548//1548
f 1533//1533 1512//1512 1532//1532
f 1533//1533 1532//1532 1537//1537
f 1537//1537 1710//1710 1533//1533
f 1537//1537 1548//1548 1710//1710
f 1533//1533 1710//1710 1512//1512
f 1544//1544 1519//1519 1534//1534
f 1544//1544 1534//1534 1546//1546
f 1525//1525 1534//1534 1519//1519
f 1244//1244 1535//1535 1237//1237
f 1244//1244 1017//1017 1535//1535
f 1950//1950 1715//1715 1536//1536
f 1246//1246 1536//1536 1715//1715
f 1548//1548 1537//1537 1247//1247
f 1549//1549 1538//1538 1763//1763
f 5704//5704 1541//1541 1539//1539
f 1538//1538 1549//1549 1540//1540
f 1541//1541 1538//1538 1540//1540
f 1539//1539 1541//1541 1542//1542
f 1544//1544 1540//1540 1243//1243
f 1544//1544 1541//1541 1540//1540
f 1542//1542 1541//1541 1544//1544
f 1543//1543 1747//1747 1542//1542
f 1747//1747 1543//1543 1716//1716
f 1243//1243 1232//1232 1544//1544
f 1543//1543 1544//1544 1545//1545
f 1542//1542 1544//1544 1543//1543
f 1543//1543 1717//1717 1716//1716
f 1717//1717 1545//1545 1719//1719
f 1543//1543 1545//1545 1717//1717
f 1546//1546 1545//1545 1544//1544
f 1546//1546 1720//1720 1545//1545
f 1719//1719 1545//1545 1720//1720
f 1534//1534 1730//1730 1546//1546
f 1546//1546 1730//1730 1720//1720
f 1535//1535 1550//1550 1737//1737
f 1738//1738 1737//1737 1550//1550
f 1017//1017 1550//1550 1535//1535
f 1252//1252 1739//1739 1547//1547
f 1560//1560 1952//1952 1548//1548
f 1548//1548 1275//1275 1560//1560
f 1552//1552 1548//1548 1247//1247
f 1275//1275 1548//1548 1552//1552
f 1745//1745 5704//5704 1539//1539
f 1550//1550 1017//1017 1258//1258
f 2000//2000 1257//1257 1554//1554
f 1554//1554 1257//1257 1266//1266
f 1254//1254 1758//1758 1551//1551
f 1267//1267 5705//5705 1759//1759
f 1261//1261 1254//1254 1551//1551
f 1552//1552 1247//1247 1262//1262
f 1275//1275 1552//1552 1262//1262
f 1553//1553 1561//1561 1562//1562
f 1549//1549 1763//1763 1768//1768
f 1553//1553 1251//1251 1549//1549
f 1561//1561 1553//1553 1549//1549
f 1261//1261 1551//1551 5538//5538
f 1556//1556 1555//1555 1268//1268
f 5539//5539 1555//1555 1557//1557
f 1271//1271 1557//1557 1558//1558
f 1271//1271 5539//5539 1557//1557
f 1558//1558 2020//2020 1271//1271
f 1271//1271 5878//5878 1565//1565
f 1555//1555 1558//1558 1557//1557
f 2020//2020 1558//1558 1555//1555
f 1560//1560 1275//1275 1572//1572
f 1561//1561 1549//1549 1768//1768
f 1788//1788 1554//1554 1266//1266
f 5878//5878 1559//1559 1565//1565
f 1564//1564 1563//1563 1566//1566
f 1274//1274 5706//5706 1568//1568
f 1563//1563 1567//1567 1566//1566
f 1568//1568 5706//5706 1564//1564
f 1567//1567 5707//5707 1578//1578
f 1568//1568 1564//1564 1566//1566
f 1567//1567 1272//1272 1566//1566
f 1272//1272 1567//1567 1569//1569
f 1567//1567 1578//1578 1569//1569
f 1578//1578 1579//1579 1569//1569
f 1579//1579 1277//1277 1569//1569
f 1566//1566 1272//1272 1568//1568
f 1570//1570 1571//1571 1580//1580
f 1570//1570 1767//1767 1571//1571
f 1571//1571 1560//1560 1580//1580
f 1560//1560 1572//1572 1580//1580
f 1560//1560 1571//1571 1767//1767
f 1293//1293 1573//1573 1585//1585
f 1293//1293 1562//1562 1573//1573
f 1573//1573 1576//1576 1585//1585
f 1576//1576 1574//1574 1585//1585
f 1786//1786 1574//1574 1779//1779
f 1561//1561 1575//1575 1562//1562
f 1576//1576 1562//1562 1575//1575
f 1562//1562 1576//1576 1573//1573
f 1576//1576 1575//1575 1577//1577
f 1575//1575 1561//1561 1771//1771
f 1576//1576 1577//1577 1574//1574
f 1780//1780 5708//5708 1575//1575
f 1779//1779 1574//1574 5708//5708
f 5708//5708 1780//1780 1779//1779
f 5707//5707 1784//1784 1578//1578
f 1784//1784 1579//1579 1578//1578
f 5707//5707 1783//1783 1784//1784
f 2033//2033 1279//1279 1579//1579
f 1288//1288 1587//1587 1570//1570
f 1288//1288 1570//1570 1580//1580
f 1581//1581 1286//1286 1279//1279
f 1581//1581 1279//1279 2037//2037
f 1581//1581 1789//1789 1295//1295
f 2033//2033 2037//2037 1279//1279
f 1286//1286 1582//1582 1295//1295
f 1581//1581 1582//1582 1286//1286
f 1581//1581 1295//1295 1582//1582
f 1587//1587 1288//1288 1316//1316
f 1585//1585 1583//1583 1293//1293
f 1583//1583 1585//1585 1584//1584
f 1590//1590 1276//1276 1294//1294
f 1788//1788 1276//1276 1796//1796
f 1276//1276 1590//1590 1796//1796
f 1295//1295 1789//1789 1586//1586
f 1298//1298 1295//1295 1586//1586
f 1586//1586 1299//1299 1298//1298
f 1584//1584 1588//1588 1320//1320
f 1588//1588 1596//1596 1320//1320
f 1588//1588 1792//1792 1596//1596
f 1584//1584 1585//1585 1588//1588
f 1792//1792 1588//1588 1585//1585
f 1797//1797 1589//1589 1593//1593
f 1322//1322 1589//1589 1294//1294
f 1294//1294 1589//1589 1590//1590
f 1589//1589 1796//1796 1590//1590
f 1589//1589 1322//1322 1593//1593
f 1594//1594 1311//1311 1586//1586
f 1592//1592 1591//1591 1587//1587
f 1597//1597 1596//1596 1792//1792
f 1806//1806 1593//1593 1322//1322
f 1594//1594 1323//1323 1312//1312
f 1599//1599 1323//1323 1594//1594
f 1808//1808 1599//1599 1594//1594
f 1809//1809 1591//1591 1600//1600
f 1602//1602 5709//5709 1595//1595
f 1595//1595 1604//1604 1602//1602
f 1604//1604 1810//1810 1815//1815
f 1598//1598 1595//1595 5709//5709
f 1598//1598 1604//1604 1595//1595
f 1800//1800 1598//1598 5709//5709
f 1598//1598 1800//1800 1810//1810
f 1604//1604 1598//1598 1810//1810
f 1600//1600 1605//1605 1809//1809
f 1591//1591 1338//1338 1336//1336
f 1332//1332 5710//5710 1601//1601
f 1601//1601 1365//1365 1332//1332
f 1329//1329 1597//1597 1332//1332
f 1329//1329 1596//1596 1597//1597
f 1332//1332 1597//1597 5710//5710
f 1604//1604 1603//1603 5710//5710
f 5710//5710 1603//1603 1601//1601
f 1815//1815 1601//1601 1603//1603
f 1603//1603 1604//1604 1815//1815
f 1816//1816 1601//1601 1815//1815
f 1605//1605 1342//1342 1340//1340
f 1612//1612 1817//1817 5711//5711
f 1818//1818 5711//5711 1817//1817
f 1809//1809 5711//5711 1818//1818
f 1614//1614 1371//1371 1606//1606
f 1812//1812 1826//1826 1606//1606
f 1362//1362 1360//1360 1607//1607
f 1607//1607 1360//1360 1832//1832
f 1607//1607 1831//1831 1362//1362
f 1813//1813 1362//1362 1831//1831
f 1607//1607 1832//1832 1814//1814
f 1607//1607 1814//1814 1831//1831
f 1601//1601 1816//1816 1365//1365
f 1816//1816 1834//1834 1391//1391
f 1611//1611 1610//1610 1609//1609
f 1611//1611 1609//1609 1840//1840
f 1369//1369 1618//1618 1612//1612
f 1340//1340 1612//1612 5711//5711
f 1825//1825 1618//1618 1841//1841
f 1393//1393 1614//1614 1613//1613
f 1370//1370 1371//1371 1614//1614
f 1370//1370 1614//1614 1393//1393
f 1343//1343 1606//1606 1371//1371
f 1360//1360 1389//1389 1832//1832
f 1390//1390 1832//1832 1389//1389
f 1834//1834 1390//1390 1391//1391
f 1833//1833 1832//1832 1390//1390
f 1834//1834 1833//1833 1390//1390
f 2086//2086 1608//1608 1847//1847
f 1366//1366 1847//1847 1608//1608
f 1615//1615 1611//1611 1840//1840
f 1840//1840 1617//1617 1615//1615
f 1615//1615 1617//1617 1616//1616
f 1617//1617 1621//1621 1616//1616
f 1841//1841 1618//1618 1619//1619
f 1619//1619 2539//2539 1841//1841
f 1622//1622 1393//1393 1620//1620
f 1843//1843 1622//1622 1620//1620
f 1397//1397 1621//1621 1844//1844
f 2539//2539 1619//1619 2084//2084
f 1366//1366 1400//1400 1847//1847
f 1845//1845 1623//1623 1397//1397
f 1848//1848 1623//1623 1845//1845
f 1850//1850 1623//1623 1848//1848
f 2084//2084 1399//1399 5712//5712
f 1624//1624 1629//1629 2084//2084
f 1846//1846 2084//2084 1629//1629
f 1625//1625 1846//1846 1629//1629
f 1631//1631 1625//1625 1629//1629
f 1624//1624 5884//5884 1626//1626
f 1631//1631 1846//1846 1625//1625
f 1112//1112 1627//1627 2090//2090
f 1847//1847 1400//1400 1871//1871
f 1623//1623 1850//1850 1628//1628
f 1850//1850 1856//1856 1628//1628
f 1628//1628 1856//1856 1407//1407
f 1623//1623 1628//1628 1401//1401
f 1855//1855 1633//1633 1407//1407
f 1624//1624 1402//1402 1629//1629
f 1402//1402 1403//1403 1629//1629
f 1630//1630 1629//1629 1403//1403
f 1631//1631 1629//1629 1630//1630
f 1630//1630 1859//1859 1631//1631
f 1115//1115 1112//1112 1854//1854
f 1404//1404 1873//1873 1871//1871
f 2115//2115 1636//1636 1635//1635
f 1632//1632 1870//1870 1640//1640
f 1404//1404 1405//1405 1873//1873
f 1405//1405 1878//1878 1873//1873
f 1633//1633 1635//1635 1634//1634
f 1635//1635 1636//1636 1634//1634
f 1868//1868 1637//1637 5586//5586
f 1637//1637 1641//1641 1639//1639
f 1868//1868 1643//1643 1637//1637
f 1643//1643 1641//1641 1637//1637
f 1638//1638 1642//1642 1640//1640
f 5722//5722 5718//5718 5720//5720
f 5726//5726 5723//5723 5721//5721
f 5719//5719 5724//5724 5716//5716
f 1642//1642 1632//1632 1640//1640
f 5727//5727 1632//1632 5725//5725
f 1872//1872 1874//1874 1644//1644
f 1646//1646 1874//1874 1875//1875
f 1646//1646 1875//1875 1650//1650
f 1645//1645 1649//1649 1644//1644
f 1440//1440 1872//1872 1644//1644
f 1649//1649 1645//1645 1651//1651
f 1874//1874 1646//1646 1644//1644
f 1645//1645 1644//1644 1646//1646
f 1645//1645 1646//1646 1650//1650
f 1651//1651 1645//1645 1650//1650
f 1883//1883 1647//1647 1648//1648
f 1423//1423 1439//1439 1647//1647
f 1648//1648 1647//1647 1439//1439
f 1652//1652 1649//1649 1651//1651
f 1655//1655 1652//1652 1881//1881
f 1651//1651 1653//1653 1652//1652
f 1653//1653 1651//1651 1650//1650
f 1653//1653 1881//1881 1652//1652
f 1653//1653 1650//1650 1879//1879
f 1879//1879 1881//1881 1653//1653
f 1649//1649 1652//1652 1654//1654
f 1884//1884 1883//1883 1648//1648
f 1448//1448 1884//1884 1648//1648
f 1884//1884 1448//1448 1889//1889
f 1891//1891 1889//1889 1448//1448
f 1881//1881 1656//1656 1655//1655
f 1656//1656 1657//1657 1655//1655
f 1656//1656 1658//1658 1657//1657
f 1888//1888 1658//1658 1656//1656
f 1655//1655 1657//1657 1652//1652
f 1658//1658 1661//1661 1657//1657
f 1658//1658 1888//1888 1661//1661
f 5815//5815 1659//1659 1661//1661
f 1661//1661 1659//1659 1662//1662
f 1659//1659 1660//1660 1662//1662
f 1663//1663 1662//1662 5729//5729
f 1661//1661 1666//1666 1477//1477
f 1661//1661 1662//1662 1666//1666
f 1662//1662 1663//1663 1666//1666
f 1672//1672 1891//1891 1164//1164
f 1663//1663 1675//1675 1666//1666
f 1675//1675 1669//1669 1666//1666
f 5734//5734 5732//5732 5736//5736
f 5737//5737 1667//1667 5735//5735
f 1667//1667 1668//1668 5735//5735
f 1665//1665 5739//5739 1672//1672
f 1666//1666 1669//1669 5738//5738
f 5738//5738 1669//1669 5740//5740
f 1672//1672 5741//5741 1671//1671
f 1669//1669 5746//5746 5740//5740
f 5742//5742 1674//1674 5744//5744
f 1669//1669 1675//1675 5749//5749
f 1672//1672 1676//1676 1680//1680
f 1670//1670 1672//1672 1680//1680
f 1672//1672 1895//1895 1891//1891
f 1672//1672 1670//1670 1895//1895
f 1681//1681 1670//1670 1680//1680
f 1682//1682 1895//1895 1670//1670
f 5762//5762 5743//5743 5760//5760
f 1672//1672 1671//1671 1673//1673
f 5745//5745 5750//5750 5747//5747
f 5752//5752 5754//5754 5748//5748
f 1673//1673 1676//1676 1672//1672
f 5752//5752 5748//5748 5751//5751
f 1678//1678 1677//1677 1679//1679
f 1680//1680 5755//5755 1899//1899
f 5756//5756 5753//5753 5823//5823
f 5758//5758 5759//5759 5757//5757
f 1681//1681 1680//1680 1899//1899
f 5824//5824 5763//5763 5761//5761
f 1688//1688 1683//1683 1914//1914
f 1683//1683 1688//1688 1479//1479
f 1689//1689 1690//1690 1688//1688
f 1688//1688 1690//1690 1684//1684
f 1487//1487 1685//1685 1489//1489
f 1487//1487 1686//1686 1685//1685
f 1685//1685 1686//1686 1687//1687
f 1687//1687 1686//1686 1914//1914
f 1687//1687 1914//1914 1683//1683
f 1914//1914 1915//1915 1688//1688
f 1691//1691 1684//1684 1919//1919
f 5696//5696 1691//1691 1919//1919
f 5696//5696 1920//1920 1692//1692
f 1495//1495 1920//1920 1694//1694
f 1694//1694 1695//1695 1495//1495
f 1693//1693 1700//1700 1699//1699
f 1927//1927 1693//1693 1699//1699
f 1693//1693 1487//1487 1496//1496
f 1697//1697 1206//1206 5766//5766
f 1928//1928 1697//1697 5766//5766
f 1697//1697 1501//1501 1206//1206
f 1697//1697 1926//1926 1501//1501
f 1926//1926 1930//1930 1501//1501
f 1937//1937 1699//1699 1698//1698
f 1936//1936 1927//1927 1699//1699
f 1698//1698 1699//1699 1700//1700
f 1931//1931 1932//1932 1506//1506
f 1507//1507 1932//1932 1933//1933
f 1933//1933 1508//1508 1507//1507
f 1934//1934 1509//1509 1702//1702
f 1937//1937 1698//1698 1934//1934
f 1698//1698 1509//1509 1934//1934
f 1701//1701 1704//1704 1511//1511
f 1223//1223 1703//1703 1514//1514
f 1704//1704 1703//1703 1223//1223
f 1703//1703 2191//2191 1514//1514
f 1514//1514 2191//2191 1230//1230
f 1705//1705 1512//1512 1710//1710
f 1512//1512 1705//1705 1702//1702
f 1708//1708 1707//1707 1948//1948
f 1709//1709 1707//1707 1708//1708
f 1948//1948 1707//1707 1709//1709
f 1531//1531 1709//1709 1708//1708
f 1952//1952 1705//1705 1710//1710
f 1711//1711 1735//1735 1534//1534
f 1534//1534 1525//1525 1711//1711
f 1711//1711 1712//1712 1735//1735
f 1712//1712 1713//1713 1735//1735
f 1712//1712 1706//1706 1713//1713
f 1956//1956 1735//1735 1713//1713
f 1713//1713 1706//1706 1953//1953
f 1713//1713 1953//1953 1956//1956
f 1525//1525 1706//1706 1711//1711
f 1712//1712 1711//1711 1706//1706
f 1954//1954 1953//1953 1706//1706
f 1714//1714 1237//1237 1535//1535
f 1745//1745 1539//1539 1542//1542
f 1747//1747 1745//1745 1542//1542
f 1716//1716 1748//1748 1747//1747
f 1717//1717 5768//5768 1722//1722
f 1716//1716 1717//1717 1718//1718
f 1750//1750 1718//1718 1723//1723
f 1717//1717 1723//1723 1718//1718
f 1723//1723 1717//1717 1722//1722
f 1750//1750 1723//1723 1732//1732
f 1749//1749 5789//5789 5782//5782
f 1722//1722 5768//5768 5769//5769
f 5769//5769 1731//1731 1721//1721
f 1721//1721 1723//1723 5769//5769
f 1731//1731 1723//1723 1721//1721
f 5769//5769 1723//1723 1722//1722
f 1731//1731 1732//1732 1723//1723
f 1724//1724 1726//1726 1725//1725
f 5782//5782 5770//5770 1749//1749
f 5772//5772 5775//5775 1727//1727
f 5788//5788 5771//5771 1754//1754
f 1754//1754 5771//5771 5773//5773
f 1754//1754 5774//5774 5776//5776
f 1734//1734 1727//1727 5775//5775
f 1755//1755 5777//5777 1728//1728
f 1734//1734 5778//5778 1727//1727
f 1729//1729 1728//1728 1736//1736
f 1755//1755 1728//1728 1729//1729
f 5784//5784 5785//5785 5779//5779
f 5780//5780 5786//5786 1956//1956
f 1731//1731 5769//5769 5781//5781
f 1731//1731 5781//5781 1534//1534
f 1732//1732 1731//1731 1735//1735
f 5782//5782 1735//1735 1733//1733
f 5782//5782 1733//1733 5770//5770
f 1734//1734 5775//5775 1733//1733
f 5783//5783 1726//1726 1724//1724
f 1956//1956 1733//1733 1735//1735
f 1734//1734 1733//1733 1956//1956
f 1734//1734 1956//1956 5786//5786
f 1956//1956 1955//1955 5780//5780
f 1735//1735 1731//1731 1534//1534
f 1974//1974 1737//1737 1738//1738
f 1535//1535 1737//1737 1972//1972
f 1972//1972 1737//1737 1974//1974
f 2199//2199 1254//1254 1547//1547
f 1740//1740 1764//1764 1742//1742
f 1742//1742 1741//1741 1740//1740
f 1742//1742 1743//1743 1741//1741
f 1741//1741 1743//1743 1744//1744
f 5787//5787 1763//1763 5704//5704
f 5797//5797 1763//1763 5787//5787
f 5787//5787 5704//5704 1745//1745
f 1743//1743 1742//1742 1745//1745
f 1743//1743 1745//1745 1744//1744
f 1744//1744 1745//1745 1978//1978
f 1745//1745 1750//1750 1746//1746
f 1745//1745 1746//1746 1978//1978
f 1747//1747 1748//1748 1745//1745
f 1746//1746 1750//1750 1752//1752
f 1752//1752 1979//1979 1746//1746
f 1748//1748 1716//1716 1718//1718
f 1745//1745 1748//1748 1750//1750
f 1748//1748 1718//1718 1750//1750
f 5789//5789 1749//1749 1751//1751
f 5788//5788 1754//1754 5790//5790
f 1752//1752 1750//1750 5791//5791
f 5790//5790 1754//1754 5793//5793
f 1752//1752 5791//5791 1753//1753
f 1755//1755 1753//1753 5792//5792
f 1753//1753 1756//1756 1752//1752
f 1979//1979 1752//1752 1756//1756
f 1754//1754 5776//5776 5793//5793
f 1755//1755 1729//1729 1756//1756
f 1755//1755 1756//1756 1753//1753
f 2000//2000 1738//1738 1550//1550
f 2000//2000 1554//1554 2001//2001
f 1551//1551 1758//1758 1757//1757
f 1759//1759 1766//1766 1556//1556
f 1254//1254 2004//2004 1758//1758
f 2003//2003 1759//1759 5705//5705
f 5875//5875 1757//1757 5796//5796
f 2003//2003 2006//2006 1759//1759
f 1767//1767 2010//2010 1952//1952
f 1767//1767 1952//1952 1560//1560
f 1773//1773 1768//1768 1763//1763
f 1773//1773 1763//1763 1760//1760
f 1760//1760 1761//1761 1776//1776
f 1761//1761 1762//1762 2022//2022
f 1760//1760 1763//1763 1761//1761
f 1765//1765 1761//1761 1764//1764
f 1761//1761 1765//1765 1762//1762
f 1765//1765 2014//2014 2012//2012
f 1762//1762 1765//1765 2012//2012
f 1762//1762 2013//2013 2022//2022
f 2013//2013 1762//1762 2012//2012
f 1761//1761 1763//1763 5797//5797
f 1765//1765 1764//1764 1740//1740
f 2001//2001 1554//1554 2024//2024
f 1759//1759 1556//1556 1267//1267
f 1555//1555 1556//1556 1766//1766
f 2020//2020 1555//1555 1766//1766
f 1769//1769 1768//1768 1770//1770
f 1771//1771 1561//1561 1769//1769
f 1769//1769 1561//1561 1768//1768
f 1770//1770 1768//1768 1774//1774
f 1769//1769 1770//1770 1771//1771
f 1770//1770 1774//1774 1775//1775
f 1770//1770 1775//1775 1772//1772
f 1772//1772 1771//1771 1770//1770
f 1771//1771 1772//1772 1782//1782
f 1772//1772 1776//1776 1782//1782
f 1782//1782 1776//1776 2023//2023
f 2023//2023 1776//1776 2022//2022
f 1768//1768 1773//1773 1760//1760
f 1768//1768 1760//1760 1774//1774
f 1775//1775 1774//1774 1760//1760
f 1775//1775 1760//1760 1776//1776
f 1772//1772 1775//1775 1776//1776
f 1776//1776 1761//1761 2022//2022
f 2025//2025 5706//5706 2020//2020
f 1564//1564 2025//2025 1563//1563
f 2025//2025 1783//1783 5707//5707
f 1564//1564 5706//5706 2025//2025
f 2025//2025 1777//1777 1783//1783
f 2025//2025 2026//2026 1777//1777
f 1587//1587 1767//1767 1570//1570
f 1787//1787 5798//5798 1778//1778
f 1778//1778 5798//5798 2027//2027
f 2027//2027 2250//2250 1778//1778
f 1575//1575 1782//1782 1780//1780
f 5798//5798 1780//1780 1781//1781
f 1780//1780 1782//1782 1781//1781
f 1782//1782 2029//2029 1781//1781
f 1575//1575 1771//1771 1782//1782
f 1782//1782 2023//2023 2029//2029
f 2026//2026 1784//1784 1777//1777
f 2026//2026 2030//2030 1784//1784
f 1777//1777 1784//1784 1783//1783
f 2033//2033 1579//1579 1784//1784
f 2030//2030 2033//2033 1784//1784
f 1794//1794 1585//1585 1786//1786
f 1585//1585 1574//1574 1786//1786
f 1794//1794 1786//1786 1785//1785
f 1786//1786 1787//1787 1785//1785
f 1785//1785 1787//1787 1778//1778
f 1786//1786 5798//5798 1787//1787
f 1788//1788 2053//2053 2024//2024
f 2037//2037 1586//1586 1789//1789
f 2037//2037 1789//1789 1581//1581
f 2039//2039 2038//2038 1794//1794
f 1794//1794 2038//2038 2052//2052
f 1794//1794 1785//1785 2039//2039
f 1788//1788 1796//1796 2053//2053
f 1586//1586 2281//2281 1807//1807
f 1586//1586 2037//2037 2281//2281
f 1792//1792 1794//1794 1802//1802
f 1792//1792 1585//1585 1794//1794
f 1802//1802 1794//1794 1791//1791
f 1791//1791 2052//2052 1793//1793
f 1791//1791 1794//1794 2052//2052
f 1797//1797 1804//1804 1795//1795
f 1795//1795 2305//2305 2053//2053
f 2305//2305 1795//1795 1804//1804
f 1797//1797 1593//1593 1804//1804
f 1589//1589 1798//1798 1796//1796
f 1798//1798 2053//2053 1796//1796
f 1798//1798 1589//1589 1797//1797
f 1798//1798 1795//1795 2053//2053
f 1795//1795 1798//1798 1797//1797
f 1586//1586 1807//1807 1594//1594
f 1790//1790 1591//1591 1799//1799
f 1587//1587 1591//1591 1790//1790
f 1800//1800 5709//5709 1802//1802
f 1800//1800 1802//1802 1791//1791
f 1800//1800 1791//1791 1810//1810
f 1791//1791 1801//1801 1810//1810
f 5709//5709 1792//1792 1802//1802
f 1791//1791 1793//1793 1801//1801
f 2050//2050 1810//1810 1801//1801
f 1803//1803 1810//1810 2050//2050
f 2059//2059 2305//2305 1804//1804
f 1805//1805 2059//2059 1804//1804
f 1804//1804 1593//1593 1805//1805
f 1806//1806 1805//1805 1593//1593
f 1808//1808 1594//1594 1807//1807
f 1809//1809 1818//1818 2056//2056
f 1818//1818 2062//2062 2056//2056
f 1809//1809 1799//1799 1591//1591
f 2057//2057 1799//1799 1809//1809
f 2057//2057 1809//1809 2056//2056
f 2057//2057 2054//2054 1799//1799
f 1815//1815 1803//1803 1816//1816
f 1834//1834 1816//1816 1803//1803
f 1803//1803 2289//2289 1834//1834
f 1803//1803 1815//1815 1810//1810
f 1808//1808 2061//2061 1599//1599
f 2061//2061 1609//1609 1599//1599
f 1818//1818 1820//1820 1819//1819
f 1818//1818 1819//1819 1811//1811
f 1811//1811 1825//1825 2064//2064
f 1818//1818 1811//1811 2062//2062
f 2068//2068 2069//2069 1828//1828
f 1362//1362 1812//1812 1606//1606
f 1362//1362 1830//1830 1812//1812
f 1612//1612 1825//1825 1823//1823
f 1612//1612 1823//1823 1817//1817
f 1817//1817 1820//1820 1818//1818
f 1821//1821 1820//1820 1817//1817
f 1823//1823 1821//1821 1817//1817
f 1824//1824 1819//1819 1820//1820
f 1824//1824 1811//1811 1819//1819
f 1822//1822 1824//1824 1820//1820
f 1821//1821 1822//1822 1820//1820
f 1824//1824 1822//1822 1825//1825
f 1823//1823 1822//1822 1821//1821
f 1822//1822 1823//1823 1825//1825
f 1811//1811 1824//1824 1825//1825
f 1614//1614 1826//1826 1827//1827
f 1606//1606 1826//1826 1614//1614
f 1614//1614 1827//1827 1613//1613
f 1827//1827 1828//1828 1613//1613
f 1828//1828 1829//1829 1837//1837
f 1829//1829 2075//2075 1837//1837
f 1827//1827 1826//1826 2067//2067
f 1812//1812 2067//2067 1826//1826
f 1827//1827 2068//2068 1828//1828
f 2067//2067 2068//2068 1827//1827
f 1813//1813 1830//1830 1362//1362
f 1814//1814 1813//1813 1831//1831
f 1814//1814 1833//1833 1834//1834
f 1814//1814 1832//1832 1833//1833
f 1834//1834 2072//2072 1814//1814
f 1806//1806 2060//2060 1805//1805
f 1825//1825 1612//1612 1618//1618
f 1393//1393 1839//1839 1842//1842
f 1839//1839 1843//1843 1842//1842
f 1613//1613 1828//1828 1835//1835
f 1828//1828 1837//1837 1835//1835
f 1837//1837 1836//1836 1835//1835
f 1839//1839 1393//1393 1836//1836
f 1613//1613 1836//1836 1393//1393
f 1836//1836 1613//1613 1835//1835
f 1836//1836 1838//1838 1839//1839
f 1837//1837 1838//1838 1836//1836
f 2075//2075 2076//2076 1837//1837
f 2076//2076 1839//1839 1838//1838
f 2076//2076 1838//1838 1837//1837
f 2086//2086 2060//2060 1608//1608
f 1608//1608 2060//2060 1806//1806
f 1621//1621 1617//1617 1840//1840
f 1840//1840 1844//1844 1621//1621
f 2085//2085 1627//1627 2081//2081
f 1622//1622 2081//2081 1627//1627
f 1393//1393 1842//1842 1620//1620
f 1842//1842 1843//1843 1620//1620
f 2081//2081 1622//1622 1843//1843
f 1844//1844 2092//2092 1845//1845
f 1845//1845 1397//1397 1844//1844
f 2085//2085 2090//2090 1627//1627
f 1848//1848 1851//1851 1850//1850
f 1845//1845 2093//2093 1848//1848
f 1849//1849 1851//1851 1848//1848
f 1849//1849 1848//1848 2093//2093
f 1858//1858 1851//1851 1849//1849
f 2093//2093 1855//1855 1849//1849
f 1631//1631 1852//1852 1846//1846
f 1859//1859 1852//1852 1631//1631
f 1853//1853 1852//1852 1859//1859
f 1859//1859 1862//1862 1853//1853
f 1853//1853 1862//1862 2094//2094
f 1853//1853 2326//2326 1852//1852
f 1847//1847 1871//1871 2091//2091
f 1849//1849 1855//1855 1858//1858
f 1407//1407 1856//1856 1857//1857
f 1407//1407 1857//1857 1855//1855
f 1851//1851 1856//1856 1850//1850
f 1857//1857 1856//1856 1858//1858
f 1855//1855 1857//1857 1858//1858
f 1851//1851 1858//1858 1856//1856
f 1860//1860 1640//1640 1861//1861
f 1859//1859 5714//5714 1860//1860
f 1859//1859 1860//1860 1862//1862
f 1860//1860 1861//1861 2094//2094
f 1860//1860 2094//2094 1862//1862
f 1861//1861 1870//1870 2094//2094
f 1868//1868 5586//5586 1863//1863
f 5586//5586 1854//1854 1863//1863
f 5813//5813 5800//5800 1867//1867
f 1854//1854 2108//2108 1863//1863
f 2108//2108 1865//1865 1863//1863
f 1870//1870 1864//1864 2101//2101
f 1866//1866 5801//5801 5803//5803
f 5806//5806 5804//5804 5802//5802
f 5809//5809 1867//1867 5800//5800
f 5810//5810 5805//5805 5811//5811
f 1633//1633 1855//1855 1635//1635
f 1635//1635 1855//1855 2115//2115
f 5714//5714 1640//1640 1860//1860
f 1861//1861 1640//1640 1870//1870
f 1869//1869 5728//5728 5813//5813
f 5814//5814 5812//5812 1632//1632
f 1869//1869 5813//5813 1867//1867
f 5814//5814 1632//1632 5727//5727
f 1870//1870 1632//1632 1864//1864
f 1632//1632 5812//5812 1864//1864
f 1873//1873 2117//2117 1871//1871
f 1872//1872 1636//1636 2115//2115
f 1874//1874 1872//1872 2114//2114
f 2115//2115 2114//2114 1872//1872
f 1874//1874 2116//2116 2119//2119
f 1650//1650 1875//1875 1879//1879
f 1876//1876 1875//1875 1874//1874
f 2119//2119 1876//1876 1874//1874
f 1876//1876 2119//2119 1877//1877
f 2119//2119 2120//2120 1877//1877
f 2130//2130 1877//1877 2120//2120
f 2131//2131 1878//1878 1882//1882
f 1878//1878 1423//1423 1647//1647
f 1879//1879 1875//1875 1880//1880
f 1875//1875 1876//1876 1880//1880
f 1876//1876 1877//1877 1880//1880
f 2128//2128 1880//1880 1877//1877
f 2128//2128 1879//1879 1880//1880
f 2129//2129 1885//1885 1879//1879
f 2130//2130 2128//2128 1877//1877
f 2128//2128 2129//2129 1879//1879
f 1647//1647 1882//1882 1878//1878
f 1882//1882 1647//1647 1883//1883
f 1882//1882 1883//1883 2133//2133
f 1884//1884 2133//2133 1883//1883
f 1886//1886 1656//1656 1881//1881
f 1888//1888 1656//1656 1886//1886
f 1659//1659 2127//2127 1660//1660
f 1886//1886 1881//1881 1885//1885
f 1888//1888 1886//1886 1885//1885
f 5815//5815 1885//1885 1659//1659
f 1885//1885 2127//2127 1659//1659
f 1887//1887 1890//1890 5729//5729
f 1881//1881 1879//1879 1885//1885
f 1884//1884 1889//1889 2134//2134
f 1891//1891 1448//1448 1160//1160
f 5729//5729 1890//1890 1663//1663
f 1893//1893 1892//1892 2132//2132
f 1891//1891 2573//2573 1889//1889
f 1675//1675 1892//1892 1893//1893
f 1675//1675 1663//1663 1892//1892
f 1675//1675 1893//1893 1894//1894
f 1675//1675 2137//2137 1900//1900
f 2132//2132 2135//2135 1893//1893
f 2135//2135 1894//1894 1893//1893
f 2137//2137 1675//1675 1894//1894
f 2135//2135 2137//2137 1894//1894
f 1907//1907 1891//1891 1895//1895
f 1895//1895 1682//1682 1896//1896
f 5818//5818 5764//5764 5826//5826
f 1896//1896 1907//1907 1895//1895
f 5827//5827 1897//1897 5819//5819
f 1902//1902 1901//1901 1898//1898
f 1907//1907 1896//1896 1903//1903
f 1896//1896 5820//5820 1903//1903
f 5828//5828 1910//1910 5821//5821
f 5820//5820 5845//5845 1903//1903
f 5846//5846 1900//1900 2137//2137
f 1907//1907 1903//1903 1904//1904
f 2137//2137 1906//1906 5846//5846
f 1900//1900 5765//5765 5825//5825
f 1900//1900 5825//5825 1675//1675
f 5829//5829 5830//5830 5822//5822
f 1903//1903 5845//5845 1904//1904
f 1909//1909 1907//1907 1904//1904
f 1909//1909 1904//1904 1905//1905
f 5847//5847 1911//1911 5832//5832
f 5847//5847 5832//5832 5831//5831
f 1909//1909 1905//1905 1912//1912
f 5833//5833 5848//5848 5851//5851
f 1891//1891 1907//1907 1913//1913
f 5838//5838 1908//1908 5854//5854
f 5834//5834 5855//5855 5840//5840
f 5839//5839 5842//5842 5841//5841
f 5834//5834 5840//5840 5843//5843
f 5849//5849 5846//5846 1906//1906
f 5852//5852 5835//5835 5844//5844
f 5836//5836 5853//5853 5850//5850
f 5837//5837 2146//2146 5856//5856
f 1913//1913 5943//5943 1891//1891
f 2170//2170 1914//1914 2168//2168
f 2170//2170 2160//2160 1914//1914
f 1914//1914 2160//2160 1915//1915
f 1689//1689 2174//2174 1916//1916
f 2160//2160 2174//2174 1689//1689
f 2160//2160 1689//1689 1688//1688
f 1688//1688 1915//1915 2160//2160
f 1690//1690 1689//1689 1916//1916
f 1690//1690 1916//1916 1684//1684
f 1917//1917 1684//1684 1916//1916
f 2162//2162 1684//1684 1917//1917
f 1918//1918 1684//1684 5991//5991
f 1918//1918 1919//1919 1684//1684
f 1918//1918 2177//2177 1919//1919
f 1920//1920 2163//2163 1922//1922
f 1920//1920 1919//1919 2163//2163
f 5696//5696 1919//1919 1920//1920
f 1923//1923 1920//1920 1922//1922
f 1923//1923 1694//1694 1920//1920
f 1693//1693 1927//1927 1921//1921
f 2165//2165 1921//1921 1927//1927
f 2165//2165 1927//1927 2180//2180
f 1487//1487 1693//1693 1921//1921
f 1921//1921 1686//1686 1487//1487
f 1921//1921 1914//1914 1686//1686
f 1922//1922 1925//1925 1923//1923
f 1925//1925 1922//1922 2179//2179
f 1923//1923 1925//1925 1694//1694
f 1925//1925 1695//1695 1694//1694
f 1924//1924 1695//1695 1925//1925
f 1695//1695 1924//1924 1696//1696
f 1925//1925 2179//2179 1924//1924
f 1928//1928 1696//1696 1924//1924
f 2179//2179 1928//1928 1924//1924
f 1936//1936 2395//2395 1927//1927
f 2181//2181 1928//1928 2179//2179
f 1929//1929 1926//1926 1928//1928
f 2598//2598 1926//1926 1929//1929
f 1928//1928 1926//1926 1697//1697
f 1931//1931 1930//1930 2183//2183
f 1930//1930 1931//1931 1505//1505
f 1932//1932 1931//1931 5999//5999
f 5999//5999 1933//1933 1932//1932
f 1935//1935 1946//1946 1945//1945
f 1934//1934 1935//1935 1937//1937
f 1946//1946 1935//1935 1934//1934
f 1945//1945 1936//1936 1935//1935
f 1935//1935 1936//1936 1937//1937
f 2395//2395 1936//1936 1945//1945
f 1699//1699 1937//1937 1936//1936
f 2187//2187 1508//1508 1933//1933
f 1508//1508 2187//2187 2186//2186
f 2189//2189 1941//1941 1938//1938
f 1701//1701 1939//1939 1704//1704
f 1508//1508 2186//2186 1701//1701
f 1701//1701 2186//2186 1940//1940
f 1940//1940 5857//5857 1701//1701
f 1940//1940 1941//1941 5857//5857
f 5858//5858 1704//1704 1939//1939
f 1938//1938 1940//1940 2186//2186
f 1938//1938 1941//1941 1940//1940
f 1704//1704 5858//5858 2192//2192
f 1952//1952 1942//1942 1943//1943
f 1952//1952 2190//2190 1942//1942
f 1702//1702 1705//1705 1946//1946
f 1943//1943 1944//1944 1946//1946
f 1944//1944 1943//1943 1942//1942
f 1943//1943 1946//1946 1705//1705
f 1944//1944 1945//1945 1946//1946
f 1944//1944 1942//1942 1945//1945
f 1702//1702 1946//1946 1934//1934
f 2192//2192 1703//1703 1704//1704
f 1947//1947 1230//1230 2191//2191
f 1230//1230 1947//1947 1949//1949
f 1949//1949 1947//1947 2193//2193
f 1948//1948 1949//1949 6000//6000
f 1230//1230 1949//1949 1709//1709
f 1948//1948 1709//1709 1949//1949
f 1948//1948 2194//2194 1708//1708
f 2194//2194 1950//1950 1708//1708
f 1715//1715 1950//1950 1951//1951
f 1943//1943 1705//1705 1952//1952
f 1953//1953 1954//1954 1965//1965
f 1965//1965 1954//1954 1966//1966
f 1714//1714 1954//1954 1706//1706
f 1966//1966 1954//1954 1714//1714
f 1956//1956 1957//1957 5859//5859
f 1956//1956 1953//1953 1960//1960
f 1960//1960 1957//1957 1956//1956
f 1958//1958 1987//1987 1960//1960
f 1963//1963 1997//1997 1959//1959
f 1953//1953 1961//1961 1960//1960
f 1965//1965 1961//1961 1953//1953
f 1958//1958 1960//1960 1961//1961
f 1958//1958 1961//1961 5860//5860
f 1962//1962 1961//1961 1965//1965
f 1959//1959 1961//1961 1963//1963
f 1961//1961 1962//1962 1963//1963
f 1963//1963 1964//1964 1997//1997
f 1963//1963 1962//1962 1964//1964
f 1962//1962 1999//1999 5861//5861
f 1962//1962 1965//1965 1966//1966
f 1966//1966 1968//1968 1962//1962
f 1962//1962 1968//1968 2212//2212
f 1714//1714 1967//1967 1966//1966
f 1966//1966 1967//1967 1968//1968
f 1967//1967 1714//1714 1535//1535
f 1971//1971 1967//1967 1535//1535
f 1969//1969 1967//1967 1971//1971
f 1973//1973 5862//5862 1971//1971
f 1967//1967 1969//1969 1968//1968
f 1970//1970 5862//5862 1973//1973
f 1973//1973 1974//1974 1970//1970
f 1974//1974 2220//2220 1970//1970
f 1971//1971 1535//1535 1972//1972
f 1972//1972 1973//1973 1971//1971
f 1738//1738 2000//2000 1974//1974
f 1974//1974 1973//1973 1972//1972
f 1739//1739 2199//2199 1547//1547
f 1975//1975 1765//1765 1740//1740
f 1765//1765 1975//1975 2015//2015
f 1975//1975 1976//1976 2015//2015
f 1976//1976 2018//2018 2015//2015
f 1740//1740 1741//1741 1975//1975
f 1975//1975 1741//1741 1976//1976
f 1976//1976 1741//1741 1977//1977
f 1741//1741 1744//1744 1977//1977
f 1744//1744 1978//1978 1977//1977
f 2201//2201 1977//1977 1978//1978
f 1978//1978 1746//1746 1979//1979
f 1979//1979 1981//1981 1980//1980
f 1978//1978 1979//1979 1980//1980
f 1978//1978 1980//1980 1982//1982
f 1978//1978 1982//1982 2202//2202
f 1980//1980 1981//1981 1982//1982
f 1979//1979 1983//1983 1981//1981
f 1986//1986 1982//1982 1981//1981
f 1955//1955 5794//5794 5780//5780
f 5795//5795 1983//1983 1979//1979
f 1984//1984 1983//1983 5795//5795
f 5795//5795 5859//5859 1984//1984
f 5859//5859 1990//1990 1984//1984
f 1983//1983 1984//1984 1985//1985
f 1984//1984 5864//5864 1985//1985
f 1984//1984 1990//1990 5864//5864
f 1983//1983 1985//1985 1981//1981
f 1981//1981 1985//1985 5863//5863
f 5864//5864 5863//5863 1985//1985
f 1987//1987 1991//1991 1988//1988
f 1982//1982 1986//1986 1987//1987
f 1988//1988 1982//1982 1987//1987
f 1991//1991 1989//1989 1988//1988
f 5865//5865 1991//1991 1992//1992
f 1988//1988 1989//1989 1982//1982
f 2206//2206 5866//5866 1993//1993
f 1990//1990 5859//5859 1957//1957
f 1957//1957 5864//5864 1990//1990
f 1957//1957 1960//1960 5864//5864
f 1958//1958 1991//1991 1987//1987
f 1958//1958 5860//5860 5868//5868
f 1958//1958 1992//1992 1991//1991
f 5868//5868 1995//1995 1993//1993
f 5868//5868 1993//1993 5866//5866
f 1995//1995 2207//2207 1993//1993
f 5868//5868 1994//1994 1995//1995
f 5868//5868 5860//5860 1994//1994
f 1998//1998 5869//5869 1959//1959
f 5869//5869 1996//1996 5870//5870
f 5869//5869 1998//1998 1996//1996
f 2207//2207 1995//1995 5871//5871
f 1993//1993 2207//2207 2231//2231
f 1998//1998 1997//1997 1996//1996
f 5872//5872 2209//2209 5871//5871
f 1998//1998 1959//1959 1997//1997
f 1999//1999 1962//1962 2212//2212
f 5861//5861 1999//1999 5872//5872
f 2216//2216 5862//5862 1970//1970
f 2220//2220 2216//2216 1970//1970
f 2001//2001 2222//2222 1974//1974
f 2001//2001 1974//1974 2000//2000
f 2225//2225 2005//2005 2007//2007
f 5874//5874 2005//2005 6009//6009
f 2225//2225 2002//2002 2223//2223
f 2225//2225 2007//2007 2002//2002
f 6009//6009 2224//2224 5874//5874
f 2226//2226 2003//2003 6008//6008
f 1551//1551 1757//1757 2005//2005
f 5875//5875 2005//2005 1757//1757
f 2007//2007 2005//2005 5875//5875
f 1551//1551 2005//2005 5874//5874
f 1254//1254 5873//5873 2004//2004
f 5875//5875 2002//2002 2007//2007
f 2226//2226 2006//2006 2003//2003
f 2226//2226 2008//2008 5876//5876
f 2226//2226 2228//2228 2008//2008
f 2228//2228 2009//2009 2008//2008
f 2009//2009 1766//1766 2008//2008
f 2008//2008 1759//1759 5876//5876
f 2008//2008 1766//1766 1759//1759
f 2249//2249 1766//1766 2009//2009
f 2019//2019 2245//2245 2021//2021
f 2022//2022 2013//2013 2011//2011
f 2013//2013 2016//2016 2011//2011
f 2013//2013 2012//2012 2014//2014
f 2014//2014 2015//2015 2016//2016
f 2013//2013 2014//2014 2016//2016
f 2016//2016 2015//2015 2018//2018
f 2018//2018 2017//2017 2016//2016
f 2011//2011 2016//2016 2017//2017
f 2017//2017 2018//2018 5877//5877
f 1976//1976 2019//2019 2018//2018
f 2014//2014 1765//1765 2015//2015
f 2248//2248 2242//2242 2001//2001
f 2248//2248 2001//2001 2024//2024
f 2020//2020 1766//1766 2249//2249
f 2025//2025 2020//2020 2249//2249
f 5880//5880 2021//2021 2028//2028
f 2023//2023 2022//2022 2011//2011
f 2021//2021 5880//5880 5879//5879
f 5879//5879 5877//5877 2018//2018
f 5879//5879 2018//2018 2021//2021
f 2019//2019 2021//2021 2018//2018
f 1554//1554 1788//1788 2024//2024
f 2248//2248 2024//2024 2533//2533
f 2249//2249 2026//2026 2025//2025
f 2030//2030 2026//2026 2249//2249
f 1781//1781 2029//2029 2028//2028
f 5798//5798 1781//1781 2027//2027
f 2027//2027 1781//1781 2028//2028
f 2028//2028 2253//2253 2252//2252
f 2031//2031 5881//5881 2260//2260
f 2032//2032 2031//2031 2260//2260
f 2031//2031 2033//2033 5881//5881
f 2032//2032 2033//2033 2031//2031
f 1778//1778 2034//2034 1785//1785
f 1778//1778 2046//2046 2034//2034
f 1778//1778 2250//2250 2046//2046
f 2266//2266 2046//2046 2250//2250
f 2533//2533 2024//2024 2053//2053
f 2032//2032 2035//2035 2033//2033
f 2035//2035 2032//2032 2264//2264
f 2267//2267 2035//2035 2264//2264
f 2036//2036 2035//2035 2267//2267
f 2036//2036 2037//2037 2033//2033
f 2036//2036 2033//2033 2035//2035
f 2048//2048 2037//2037 2036//2036
f 2036//2036 2268//2268 2048//2048
f 2038//2038 2042//2042 2052//2052
f 1785//1785 2034//2034 2039//2039
f 2039//2039 2034//2034 2045//2045
f 2039//2039 2040//2040 2038//2038
f 2039//2039 2045//2045 2040//2040
f 2042//2042 2038//2038 2040//2040
f 2041//2041 2042//2042 2040//2040
f 2041//2041 2040//2040 5882//5882
f 2052//2052 2042//2042 2043//2043
f 2041//2041 2043//2043 2042//2042
f 2046//2046 2043//2043 2041//2041
f 2044//2044 2270//2270 2051//2051
f 2046//2046 2270//2270 2043//2043
f 2043//2043 2270//2270 2044//2044
f 2051//2051 2270//2270 2272//2272
f 2046//2046 2045//2045 2034//2034
f 2046//2046 2041//2041 2045//2045
f 2266//2266 2273//2273 2046//2046
f 2047//2047 2275//2275 2274//2274
f 2048//2048 2281//2281 2037//2037
f 2048//2048 2047//2047 2281//2281
f 2047//2047 2274//2274 2281//2281
f 2050//2050 1801//1801 2051//2051
f 2051//2051 1801//1801 1793//1793
f 2050//2050 2051//2051 2272//2272
f 2050//2050 2272//2272 1803//1803
f 2051//2051 1793//1793 2043//2043
f 1793//1793 2052//2052 2043//2043
f 2043//2043 2044//2044 2051//2051
f 2054//2054 2049//2049 1799//1799
f 2054//2054 2285//2285 2284//2284
f 2049//2049 1790//1790 1799//1799
f 2054//2054 2284//2284 2049//2049
f 1807//1807 2281//2281 2055//2055
f 2281//2281 2061//2061 2055//2055
f 1807//1807 2055//2055 1808//1808
f 1808//1808 2055//2055 2061//2061
f 2056//2056 2054//2054 2057//2057
f 2056//2056 2062//2062 2054//2054
f 2062//2062 2293//2293 2054//2054
f 2296//2296 1812//1812 2297//2297
f 2296//2296 2297//2297 2298//2298
f 1813//1813 2302//2302 2071//2071
f 2072//2072 2288//2288 2302//2302
f 2072//2072 2289//2289 2288//2288
f 1834//1834 2289//2289 2072//2072
f 2060//2060 2306//2306 2059//2059
f 1805//1805 2060//2060 2059//2059
f 2061//2061 2281//2281 2073//2073
f 2737//2737 2073//2073 2281//2281
f 2073//2073 1609//1609 2061//2061
f 2063//2063 2062//2062 1811//1811
f 1811//1811 2064//2064 5883//5883
f 2062//2062 2063//2063 2293//2293
f 6022//6022 5883//5883 2064//2064
f 2069//2069 2068//2068 2067//2067
f 2294//2294 2067//2067 2058//2058
f 2315//2315 2069//2069 2314//2314
f 2069//2069 2067//2067 2294//2294
f 2314//2314 2069//2069 2294//2294
f 2315//2315 2079//2079 2069//2069
f 2067//2067 1812//1812 2058//2058
f 2070//2070 1830//1830 1813//1813
f 2070//2070 1812//1812 1830//1830
f 2071//2071 2070//2070 1813//1813
f 2070//2070 2297//2297 1812//1812
f 2070//2070 2071//2071 2297//2297
f 2072//2072 1813//1813 1814//1814
f 1813//1813 2072//2072 2302//2302
f 2737//2737 1609//1609 2073//2073
f 2737//2737 2538//2538 1609//1609
f 1840//1840 1609//1609 2538//2538
f 1841//1841 2074//2074 1825//1825
f 2065//2065 2064//2064 1825//1825
f 1825//1825 2074//2074 2065//2065
f 2074//2074 2308//2308 2065//2065
f 2079//2079 2075//2075 1829//1829
f 2079//2079 2076//2076 2075//2075
f 2079//2079 2080//2080 2076//2076
f 2066//2066 2076//2076 2080//2080
f 2076//2076 2077//2077 1839//1839
f 2080//2080 2315//2315 2066//2066
f 2077//2077 2076//2076 2066//2066
f 2077//2077 2082//2082 1839//1839
f 2319//2319 2082//2082 2077//2077
f 1828//1828 2078//2078 1829//1829
f 2079//2079 1829//1829 2078//2078
f 2078//2078 1828//1828 2069//2069
f 2069//2069 2079//2079 2078//2078
f 2080//2080 2079//2079 2315//2315
f 1839//1839 2082//2082 1843//1843
f 1843//1843 2082//2082 2083//2083
f 1843//1843 2083//2083 2081//2081
f 2536//2536 2083//2083 2082//2082
f 2536//2536 2081//2081 2083//2083
f 2088//2088 1844//1844 1840//1840
f 1846//1846 2539//2539 2084//2084
f 1846//1846 6024//6024 2539//2539
f 2328//2328 2085//2085 2081//2081
f 2329//2329 2085//2085 2328//2328
f 2324//2324 2087//2087 2088//2088
f 2092//2092 2088//2088 2087//2087
f 2088//2088 2092//2092 1844//1844
f 1852//1852 2326//2326 1846//1846
f 1112//1112 2090//2090 2334//2334
f 2085//2085 2329//2329 2090//2090
f 2334//2334 2350//2350 2102//2102
f 2086//2086 1847//1847 2091//2091
f 2342//2342 2107//2107 2341//2341
f 2092//2092 2093//2093 1845//1845
f 2341//2341 1855//1855 2093//2093
f 1855//1855 2341//2341 2107//2107
f 2326//2326 1853//1853 2094//2094
f 2094//2094 1870//1870 2101//2101
f 2089//2089 6025//6025 2094//2094
f 2089//2089 2094//2094 2101//2101
f 1854//1854 2096//2096 2095//2095
f 1854//1854 2095//2095 2108//2108
f 2334//2334 2096//2096 1854//1854
f 1112//1112 2334//2334 1854//1854
f 2098//2098 2095//2095 2096//2096
f 2096//2096 2099//2099 2098//2098
f 5885//5885 5891//5891 2097//2097
f 2101//2101 5888//5888 2103//2103
f 5899//5899 5892//5892 5893//5893
f 5892//5892 5899//5899 5889//5889
f 2334//2334 2102//2102 2096//2096
f 2100//2100 2096//2096 2102//2102
f 5894//5894 5887//5887 5896//5896
f 2102//2102 2106//2106 2100//2100
f 5894//5894 5896//5896 2105//2105
f 5895//5895 5901//5901 2103//2103
f 5896//5896 5903//5903 2105//2105
f 2349//2349 5897//5897 2351//2351
f 6027//6027 5904//5904 5898//5898
f 6028//6028 2101//2101 2104//2104
f 5905//5905 6029//6029 5900//5900
f 2104//2104 2101//2101 2103//2103
f 5901//5901 2104//2104 2103//2103
f 5905//5905 5900//5900 5902//5902
f 2102//2102 2350//2350 6030//6030
f 2107//2107 2355//2355 1855//1855
f 2115//2115 1855//1855 2355//2355
f 1864//1864 2113//2113 2101//2101
f 2108//2108 2110//2110 1865//1865
f 5807//5807 5907//5907 5916//5916
f 5808//5808 2113//2113 1864//1864
f 2108//2108 2109//2109 5908//5908
f 2108//2108 2095//2095 2109//2109
f 2095//2095 2112//2112 2109//2109
f 2111//2111 5909//5909 5906//5906
f 5911//5911 5917//5917 5910//5910
f 5906//5906 5913//5913 2111//2111
f 5886//5886 5890//5890 5914//5914
f 5888//5888 5912//5912 5915//5915
f 5888//5888 2101//2101 2113//2113
f 5912//5912 5888//5888 2113//2113
f 2091//2091 1871//1871 2117//2117
f 2114//2114 2115//2115 2355//2355
f 2355//2355 2356//2356 2114//2114
f 2114//2114 2116//2116 1874//1874
f 2116//2116 2114//2114 2118//2118
f 2117//2117 1873//1873 2122//2122
f 2118//2118 2120//2120 2116//2116
f 2118//2118 2363//2363 2120//2120
f 2116//2116 2120//2120 2119//2119
f 2130//2130 2120//2120 2123//2123
f 2123//2123 2120//2120 2363//2363
f 2124//2124 2123//2123 2121//2121
f 2121//2121 2123//2123 2363//2363
f 2122//2122 1873//1873 2131//2131
f 2122//2122 2131//2131 2365//2365
f 2131//2131 1873//1873 1878//1878
f 5921//5921 2123//2123 2124//2124
f 5921//5921 5923//5923 2123//2123
f 5920//5920 2125//2125 5922//5922
f 2368//2368 1885//1885 2125//2125
f 2126//2126 2125//2125 5920//5920
f 5918//5918 2126//2126 5920//5920
f 2125//2125 2126//2126 2368//2368
f 2367//2367 2126//2126 5918//5918
f 2368//2368 2366//2366 2127//2127
f 2368//2368 2127//2127 1885//1885
f 2127//2127 2366//2366 2371//2371
f 2125//2125 2129//2129 2128//2128
f 2125//2125 1885//1885 2129//2129
f 2131//2131 1882//1882 2372//2372
f 2127//2127 2371//2371 1887//1887
f 2127//2127 1887//1887 1660//1660
f 2371//2371 1890//1890 1887//1887
f 2132//2132 1890//1890 2371//2371
f 2373//2373 2132//2132 2371//2371
f 1890//1890 2132//2132 1663//1663
f 2134//2134 2133//2133 1884//1884
f 2570//2570 2133//2133 2134//2134
f 2373//2373 2374//2374 2137//2137
f 2373//2373 2566//2566 2374//2374
f 2373//2373 2137//2137 2135//2135
f 2132//2132 1892//1892 1663//1663
f 2135//2135 2132//2132 2373//2373
f 2136//2136 2570//2570 2134//2134
f 1889//1889 2136//2136 2134//2134
f 1889//1889 2376//2376 2136//2136
f 2137//2137 2375//2375 2138//2138
f 2380//2380 2138//2138 2375//2375
f 1906//1906 2138//2138 2380//2380
f 2137//2137 2138//2138 1906//1906
f 2573//2573 1891//1891 2148//2148
f 2153//2153 2139//2139 2381//2381
f 1906//1906 5924//5924 5944//5944
f 2141//2141 2140//2140 2142//2142
f 5928//5928 2145//2145 5925//5925
f 5931//5931 5926//5926 2144//2144
f 5927//5927 5940//5940 5937//5937
f 5932//5932 2143//2143 5929//5929
f 5930//5930 5934//5934 5941//5941
f 5935//5935 5933//5933 5938//5938
f 5936//5936 5939//5939 5942//5942
f 5944//5944 5924//5924 2147//2147
f 5944//5944 2147//2147 2154//2154
f 2150//2150 5946//5946 2139//2139
f 2139//2139 2153//2153 2150//2150
f 2155//2155 2573//2573 2148//2148
f 2149//2149 1891//1891 5943//5943
f 5945//5945 5975//5975 5953//5953
f 5816//5816 5960//5960 5949//5949
f 2151//2151 5950//5950 5961//5961
f 5962//5962 5954//5954 5947//5947
f 5963//5963 5817//5817 5955//5955
f 5948//5948 5956//5956 2152//2152
f 5951//5951 5965//5965 5957//5957
f 5969//5969 5958//5958 5966//5966
f 2147//2147 5970//5970 2154//2154
f 5952//5952 5959//5959 5976//5976
f 5967//5967 5964//5964 5971//5971
f 5970//5970 5968//5968 5972//5972
f 2154//2154 5970//5970 5972//5972
f 2155//2155 2148//2148 5977//5977
f 5978//5978 5973//5973 5979//5979
f 5980//5980 5974//5974 2156//2156
f 5974//5974 2159//2159 2156//2156
f 5981//5981 5983//5983 2158//2158
f 2158//2158 5983//5983 5988//5988
f 2153//2153 2157//2157 5989//5989
f 5984//5984 2383//2383 5987//5987
f 2158//2158 6033//6033 5981//5981
f 5990//5990 5984//5984 5987//5987
f 5982//5982 6034//6034 2384//2384
f 5992//5992 2172//2172 2160//2160
f 2160//2160 2172//2172 2174//2174
f 1916//1916 2174//2174 2176//2176
f 2161//2161 5998//5998 2393//2393
f 2161//2161 2393//2393 2387//2387
f 1916//1916 2176//2176 1917//1917
f 2161//2161 1917//1917 5998//5998
f 2177//2177 5991//5991 2161//2161
f 2161//2161 2162//2162 1917//1917
f 2161//2161 2387//2387 2177//2177
f 2177//2177 1918//1918 5991//5991
f 2180//2180 2164//2164 2165//2165
f 2165//2165 2166//2166 1921//1921
f 2165//2165 2164//2164 2166//2166
f 2166//2166 2164//2164 2167//2167
f 2167//2167 1921//1921 2166//2166
f 2167//2167 2168//2168 1921//1921
f 2167//2167 2388//2388 2168//2168
f 2168//2168 1914//1914 1921//1921
f 2390//2390 2169//2169 2168//2168
f 2390//2390 2391//2391 2169//2169
f 2170//2170 2168//2168 2169//2169
f 2169//2169 2391//2391 2171//2171
f 2169//2169 2171//2171 5992//5992
f 2172//2172 5992//5992 2171//2171
f 2175//2175 2173//2173 2171//2171
f 2171//2171 2173//2173 2172//2172
f 2173//2173 2174//2174 2172//2172
f 5994//5994 2174//2174 2173//2173
f 2176//2176 2174//2174 5994//5994
f 5995//5995 2393//2393 5998//5998
f 2177//2177 2387//2387 2394//2394
f 2177//2177 2163//2163 1919//1919
f 2179//2179 2163//2163 2178//2178
f 2178//2178 2163//2163 2177//2177
f 2179//2179 1922//1922 2163//2163
f 2178//2178 2181//2181 2179//2179
f 1927//1927 2395//2395 2180//2180
f 1929//1929 1928//1928 2598//2598
f 2181//2181 2598//2598 1928//1928
f 2598//2598 1930//1930 1926//1926
f 1930//1930 2598//2598 2184//2184
f 1930//1930 2184//2184 2183//2183
f 1933//1933 5999//5999 2185//2185
f 2184//2184 2182//2182 2183//2183
f 2182//2182 2185//2185 5999//5999
f 2190//2190 1945//1945 1942//1942
f 1945//1945 2190//2190 2395//2395
f 2182//2182 2402//2402 2185//2185
f 2185//2185 2402//2402 1933//1933
f 2188//2188 2189//2189 2186//2186
f 2602//2602 2188//2188 2186//2186
f 1933//1933 2402//2402 2187//2187
f 2189//2189 2188//2188 2602//2602
f 2186//2186 2189//2189 1938//1938
f 5858//5858 2189//2189 2192//2192
f 2189//2189 2406//2406 2192//2192
f 2192//2192 2191//2191 1703//1703
f 2191//2191 2192//2192 2404//2404
f 2191//2191 2404//2404 2403//2403
f 2191//2191 6040//6040 1947//1947
f 2405//2405 2407//2407 1947//1947
f 2407//2407 2411//2411 1947//1947
f 2190//2190 1952//1952 2197//2197
f 2411//2411 2193//2193 1947//1947
f 2412//2412 6000//6000 6044//6044
f 2607//2607 2194//2194 2412//2412
f 1948//1948 6000//6000 2194//2194
f 2194//2194 6000//6000 2412//2412
f 2607//2607 2195//2195 2194//2194
f 2607//2607 2196//2196 2195//2195
f 2415//2415 2196//2196 2607//2607
f 2194//2194 2195//2195 1950//1950
f 2195//2195 1951//1951 1950//1950
f 2196//2196 1715//1715 1951//1951
f 2196//2196 1951//1951 2195//2195
f 2196//2196 2415//2415 5767//5767
f 5767//5767 2415//2415 2414//2414
f 2197//2197 1952//1952 2010//2010
f 5767//5767 2414//2414 2610//2610
f 2418//2418 2198//2198 1715//1715
f 1715//1715 2611//2611 2418//2418
f 2198//2198 1246//1246 1715//1715
f 1739//1739 1246//1246 2198//2198
f 2198//2198 2199//2199 1739//1739
f 2010//2010 2229//2229 2416//2416
f 1254//1254 2199//2199 2423//2423
f 2423//2423 5873//5873 1254//1254
f 1977//1977 2201//2201 1976//1976
f 1976//1976 2201//2201 2200//2200
f 2200//2200 2201//2201 1978//1978
f 2200//2200 1978//1978 2202//2202
f 2427//2427 2200//2200 2202//2202
f 2427//2427 2202//2202 2430//2430
f 2204//2204 2430//2430 2202//2202
f 1982//1982 1989//1989 2202//2202
f 2202//2202 1989//1989 2203//2203
f 2203//2203 2204//2204 2202//2202
f 1989//1989 2204//2204 2203//2203
f 2204//2204 1989//1989 2430//2430
f 2430//2430 5867//5867 2205//2205
f 5867//5867 6001//6001 2205//2205
f 2206//2206 1993//1993 2231//2231
f 6010//6010 2205//2205 6001//6001
f 2231//2231 2207//2207 2210//2210
f 5871//5871 2210//2210 2207//2207
f 2208//2208 2231//2231 2210//2210
f 2232//2232 2208//2208 2211//2211
f 2208//2208 2210//2210 2211//2211
f 2441//2441 6002//6002 2235//2235
f 6049//6049 2232//2232 2211//2211
f 6049//6049 2440//2440 2232//2232
f 2209//2209 2210//2210 5871//5871
f 5872//5872 1999//1999 2209//2209
f 2212//2212 2209//2209 1999//1999
f 2213//2213 2210//2210 2209//2209
f 2212//2212 2213//2213 2209//2209
f 2210//2210 6003//6003 2211//2211
f 6004//6004 2235//2235 6002//6002
f 2212//2212 2216//2216 2213//2213
f 2219//2219 2214//2214 2215//2215
f 6004//6004 6005//6005 2235//2235
f 2235//2235 6005//6005 2233//2233
f 2214//2214 2239//2239 2233//2233
f 2214//2214 2219//2219 2239//2239
f 1968//1968 2216//2216 2212//2212
f 1969//1969 2216//2216 1968//1968
f 2213//2213 2216//2216 2218//2218
f 6005//6005 6007//6007 2217//2217
f 2217//2217 6007//6007 6006//6006
f 6005//6005 2217//2217 6006//6006
f 2219//2219 2215//2215 2238//2238
f 6007//6007 6005//6005 6004//6004
f 2218//2218 2216//2216 2220//2220
f 6007//6007 2220//2220 2221//2221
f 2220//2220 2222//2222 2221//2221
f 2221//2221 2222//2222 6006//6006
f 2215//2215 2222//2222 2238//2238
f 6007//6007 2221//2221 6006//6006
f 2238//2238 2222//2222 2241//2241
f 2247//2247 2241//2241 2222//2222
f 2222//2222 2220//2220 1974//1974
f 2247//2247 2222//2222 2242//2242
f 2242//2242 2222//2222 2001//2001
f 2223//2223 2434//2434 2435//2435
f 2434//2434 2223//2223 2002//2002
f 2224//2224 6009//6009 6047//6047
f 6008//6008 2437//2437 2438//2438
f 5873//5873 2423//2423 6046//6046
f 2435//2435 2225//2225 2223//2223
f 6047//6047 6048//6048 2224//2224
f 6008//6008 2438//2438 2226//2226
f 2438//2438 2227//2227 2226//2226
f 2226//2226 2227//2227 2228//2228
f 2228//2228 2227//2227 2438//2438
f 2010//2010 1767//1767 2229//2229
f 2019//2019 2230//2230 2245//2245
f 2230//2230 2019//2019 1976//1976
f 2230//2230 1976//1976 2439//2439
f 2205//2205 6010//6010 2232//2232
f 2208//2208 2232//2232 6011//6011
f 2205//2205 2232//2232 2440//2440
f 2234//2234 2236//2236 2235//2235
f 2233//2233 2234//2234 2235//2235
f 2235//2235 2236//2236 2441//2441
f 2445//2445 6014//6014 6012//6012
f 6012//6012 2237//2237 2445//2445
f 2233//2233 2239//2239 2234//2234
f 6013//6013 2239//2239 2237//2237
f 2239//2239 2240//2240 2237//2237
f 2448//2448 2237//2237 2240//2240
f 2448//2448 2240//2240 2451//2451
f 2219//2219 2238//2238 2239//2239
f 2239//2239 2238//2238 2464//2464
f 2240//2240 2239//2239 2464//2464
f 2451//2451 2240//2240 2464//2464
f 2247//2247 2464//2464 2241//2241
f 2241//2241 2464//2464 2238//2238
f 2009//2009 2228//2228 2249//2249
f 1587//1587 2229//2229 1767//1767
f 2243//2243 2021//2021 2245//2245
f 2243//2243 2028//2028 2021//2021
f 2028//2028 2243//2243 2254//2254
f 2243//2243 2245//2245 2244//2244
f 2244//2244 2254//2254 2243//2243
f 2244//2244 2245//2245 2246//2246
f 2244//2244 2256//2256 2254//2254
f 2246//2246 2256//2256 2244//2244
f 2246//2246 2257//2257 2256//2256
f 2480//2480 2257//2257 2246//2246
f 2230//2230 2246//2246 2245//2245
f 2230//2230 2455//2455 2246//2246
f 2465//2465 2242//2242 2248//2248
f 2247//2247 2242//2242 2465//2465
f 2467//2467 2030//2030 2249//2249
f 2030//2030 2467//2467 2261//2261
f 2471//2471 2250//2250 2027//2027
f 2028//2028 2252//2252 2251//2251
f 2027//2027 2028//2028 2251//2251
f 2251//2251 2471//2471 2027//2027
f 2472//2472 2251//2251 2252//2252
f 2254//2254 2253//2253 2028//2028
f 2252//2252 2253//2253 2255//2255
f 2254//2254 2255//2255 2253//2253
f 2255//2255 2254//2254 2256//2256
f 2473//2473 2255//2255 2257//2257
f 2255//2255 2256//2256 2257//2257
f 2488//2488 2465//2465 2248//2248
f 2258//2258 2261//2261 2467//2467
f 6016//6016 2484//2484 2262//2262
f 2263//2263 2262//2262 2484//2484
f 6015//6015 2259//2259 6016//6016
f 2259//2259 2484//2484 6016//6016
f 2490//2490 2263//2263 2484//2484
f 2260//2260 6016//6016 2262//2262
f 2262//2262 2263//2263 2260//2260
f 2490//2490 2260//2260 2263//2263
f 2260//2260 2264//2264 2032//2032
f 6016//6016 2260//2260 5881//5881
f 2490//2490 2264//2264 2260//2260
f 2229//2229 1587//1587 1790//1790
f 2487//2487 2273//2273 2266//2266
f 2487//2487 2266//2266 2250//2250
f 2471//2471 2487//2487 2250//2250
f 2490//2490 2267//2267 2264//2264
f 2267//2267 2268//2268 2036//2036
f 2268//2268 2047//2047 2048//2048
f 2490//2490 2268//2268 2267//2267
f 2047//2047 2268//2268 2269//2269
f 2269//2269 2268//2268 2490//2490
f 2265//2265 2277//2277 2485//2485
f 2492//2492 2485//2485 2277//2277
f 2270//2270 2046//2046 2271//2271
f 2272//2272 2270//2270 2271//2271
f 2273//2273 2271//2271 2046//2046
f 2506//2506 2273//2273 2487//2487
f 2275//2275 2047//2047 2269//2269
f 2274//2274 2275//2275 2491//2491
f 2495//2495 2274//2274 2494//2494
f 2491//2491 2275//2275 2269//2269
f 2491//2491 2494//2494 2274//2274
f 2281//2281 2274//2274 2495//2495
f 2276//2276 2277//2277 2284//2284
f 6018//6018 6017//6017 2278//2278
f 2278//2278 6017//6017 2286//2286
f 2287//2287 2278//2278 2286//2286
f 2229//2229 1790//1790 2049//2049
f 2229//2229 2049//2049 2265//2265
f 2265//2265 2284//2284 2277//2277
f 2265//2265 2049//2049 2284//2284
f 6018//6018 2278//2278 6058//6058
f 2278//2278 2496//2496 6058//6058
f 2278//2278 2287//2287 2496//2496
f 2506//2506 2279//2279 2280//2280
f 1803//1803 2272//2272 2280//2280
f 2272//2272 2271//2271 2280//2280
f 2273//2273 2280//2280 2271//2271
f 2506//2506 2280//2280 2273//2273
f 2054//2054 2293//2293 2282//2282
f 2285//2285 2054//2054 2282//2282
f 2283//2283 2282//2282 2293//2293
f 6022//6022 2508//2508 6019//6019
f 2284//2284 2285//2285 2276//2276
f 6017//6017 2285//2285 2286//2286
f 2282//2282 2283//2283 2285//2285
f 2285//2285 2283//2283 2286//2286
f 2286//2286 2283//2283 2287//2287
f 2509//2509 6020//6020 6019//6019
f 6019//6019 2508//2508 2509//2509
f 2288//2288 2289//2289 2290//2290
f 2303//2303 2288//2288 2290//2290
f 2303//2303 2290//2290 2304//2304
f 1803//1803 2291//2291 2289//2289
f 2291//2291 2290//2290 2289//2289
f 2292//2292 2290//2290 2291//2291
f 1803//1803 2279//2279 2291//2291
f 2291//2291 2279//2279 2292//2292
f 1803//1803 2280//2280 2279//2279
f 2053//2053 2305//2305 2533//2533
f 2508//2508 6022//6022 2064//2064
f 2064//2064 2307//2307 2516//2516
f 2534//2534 2516//2516 6023//6023
f 2294//2294 2058//2058 2525//2525
f 2525//2525 2524//2524 2294//2294
f 2058//2058 1812//1812 2295//2295
f 2525//2525 2058//2058 2295//2295
f 2296//2296 2295//2295 1812//1812
f 2299//2299 2296//2296 2298//2298
f 2295//2295 2296//2296 2299//2299
f 2295//2295 2299//2299 2511//2511
f 2071//2071 2300//2300 2297//2297
f 2298//2298 2297//2297 2300//2300
f 2299//2299 2298//2298 2300//2300
f 2299//2299 2300//2300 2527//2527
f 2302//2302 2301//2301 2071//2071
f 2071//2071 2301//2301 2300//2300
f 2531//2531 2301//2301 2528//2528
f 2300//2300 2301//2301 2531//2531
f 2288//2288 2303//2303 2302//2302
f 2303//2303 2304//2304 2302//2302
f 2304//2304 2301//2301 2302//2302
f 2304//2304 2514//2514 2301//2301
f 2318//2318 2306//2306 2060//2060
f 2306//2306 2305//2305 2059//2059
f 2306//2306 2533//2533 2305//2305
f 2318//2318 2537//2537 2306//2306
f 2515//2515 2737//2737 2281//2281
f 2064//2064 2065//2065 2307//2307
f 2308//2308 6023//6023 2065//2065
f 2308//2308 2534//2534 6023//6023
f 2310//2310 2308//2308 2074//2074
f 2309//2309 2518//2518 2308//2308
f 2310//2310 2309//2309 2308//2308
f 2310//2310 2520//2520 2309//2309
f 2534//2534 2308//2308 2518//2518
f 2309//2309 2520//2520 2518//2518
f 2315//2315 2316//2316 2066//2066
f 2316//2316 2311//2311 2066//2066
f 2311//2311 2316//2316 2319//2319
f 2316//2316 2312//2312 2319//2319
f 2536//2536 2319//2319 2313//2313
f 2319//2319 2312//2312 2313//2313
f 2317//2317 2315//2315 2314//2314
f 2316//2316 2315//2315 2317//2317
f 2312//2312 2316//2316 2317//2317
f 2312//2312 2317//2317 2313//2313
f 1841//1841 2310//2310 2074//2074
f 2310//2310 1841//1841 2738//2738
f 2077//2077 2066//2066 2311//2311
f 2077//2077 2311//2311 2319//2319
f 2319//2319 2536//2536 2082//2082
f 2081//2081 2536//2536 2328//2328
f 2320//2320 2321//2321 2538//2538
f 2320//2320 2323//2323 2321//2321
f 2321//2321 1840//1840 2538//2538
f 1841//1841 2539//2539 2738//2738
f 2086//2086 2540//2540 2060//2060
f 2322//2322 2543//2543 2324//2324
f 2320//2320 2322//2322 2323//2323
f 2324//2324 2543//2543 2331//2331
f 1840//1840 2321//2321 2323//2323
f 2323//2323 2325//2325 1840//1840
f 2324//2324 2088//2088 2325//2325
f 2323//2323 2324//2324 2325//2325
f 2322//2322 2324//2324 2323//2323
f 1840//1840 2325//2325 2088//2088
f 2327//2327 2541//2541 6025//6025
f 2335//2335 2329//2329 2338//2338
f 2328//2328 2751//2751 2542//2542
f 2328//2328 2542//2542 2329//2329
f 2540//2540 2086//2086 2091//2091
f 2331//2331 2087//2087 2324//2324
f 2092//2092 2087//2087 2331//2331
f 2332//2332 2092//2092 2331//2331
f 2330//2330 2332//2332 2331//2331
f 2332//2332 2344//2344 2092//2092
f 2101//2101 2337//2337 2333//2333
f 6025//6025 2089//2089 2327//2327
f 2327//2327 2089//2089 2333//2333
f 2101//2101 2333//2333 2089//2089
f 2334//2334 2335//2335 2336//2336
f 2334//2334 2090//2090 2335//2335
f 2334//2334 2336//2336 2350//2350
f 2336//2336 6030//6030 2350//2350
f 2335//2335 2090//2090 2329//2329
f 2338//2338 2336//2336 2335//2335
f 2338//2338 6030//6030 2336//2336
f 2339//2339 6030//6030 2338//2338
f 2546//2546 2337//2337 6031//6031
f 6031//6031 6026//6026 2546//2546
f 2346//2346 2332//2332 2340//2340
f 2340//2340 2347//2347 2346//2346
f 2332//2332 2547//2547 2340//2340
f 2348//2348 2340//2340 2547//2547
f 2347//2347 2340//2340 2348//2348
f 2332//2332 2330//2330 2547//2547
f 2092//2092 2344//2344 2093//2093
f 2341//2341 2093//2093 2344//2344
f 2342//2342 2343//2343 2354//2354
f 2341//2341 2345//2345 2342//2342
f 2342//2342 2345//2345 2343//2343
f 2344//2344 2332//2332 2346//2346
f 2344//2344 2346//2346 2341//2341
f 2346//2346 2347//2347 2345//2345
f 2341//2341 2346//2346 2345//2345
f 2345//2345 2347//2347 2348//2348
f 2345//2345 2348//2348 2343//2343
f 2348//2348 2356//2356 2353//2353
f 2343//2343 2348//2348 2353//2353
f 2337//2337 6028//6028 6031//6031
f 6028//6028 2337//2337 2101//2101
f 2752//2752 2540//2540 2091//2091
f 2343//2343 2353//2353 2352//2352
f 2342//2342 2354//2354 2107//2107
f 2107//2107 6032//6032 2355//2355
f 2352//2352 2355//2355 6032//6032
f 6032//6032 2343//2343 2352//2352
f 2353//2353 2356//2356 2352//2352
f 2356//2356 2355//2355 2352//2352
f 2091//2091 2117//2117 2362//2362
f 2550//2550 2357//2357 2358//2358
f 2359//2359 2118//2118 2358//2358
f 2114//2114 2356//2356 2358//2358
f 2360//2360 2118//2118 2359//2359
f 2356//2356 2550//2550 2358//2358
f 2357//2357 2359//2359 2358//2358
f 2361//2361 2359//2359 2357//2357
f 2359//2359 2361//2361 2360//2360
f 2361//2361 2363//2363 2360//2360
f 2357//2357 2554//2554 2361//2361
f 2363//2363 2361//2361 2554//2554
f 2358//2358 2118//2118 2114//2114
f 2118//2118 2360//2360 2363//2363
f 2362//2362 2117//2117 2365//2365
f 2549//2549 2091//2091 2362//2362
f 2365//2365 2549//2549 2362//2362
f 2364//2364 2121//2121 2363//2363
f 5918//5918 2366//2366 2367//2367
f 2117//2117 2122//2122 2365//2365
f 2367//2367 2368//2368 2126//2126
f 2366//2366 2368//2368 2367//2367
f 2365//2365 2131//2131 2369//2369
f 2369//2369 2131//2131 2372//2372
f 2366//2366 2370//2370 2373//2373
f 2566//2566 2373//2373 2370//2370
f 2566//2566 2370//2370 2560//2560
f 2366//2366 2560//2560 2370//2370
f 2373//2373 2371//2371 2366//2366
f 2372//2372 1882//1882 2133//2133
f 2374//2374 2566//2566 2568//2568
f 2137//2137 2374//2374 2375//2375
f 2374//2374 2568//2568 2375//2375
f 2570//2570 2372//2372 2133//2133
f 2568//2568 2380//2380 2375//2375
f 2377//2377 2380//2380 2568//2568
f 2377//2377 2568//2568 2569//2569
f 2573//2573 2376//2376 1889//1889
f 5924//5924 2380//2380 2377//2377
f 2378//2378 6067//6067 2379//2379
f 2139//2139 2378//2378 2379//2379
f 2139//2139 6067//6067 2378//2378
f 5924//5924 1906//1906 2380//2380
f 2377//2377 2569//2569 5924//5924
f 2381//2381 2139//2139 2379//2379
f 2379//2379 2382//2382 2381//2381
f 2381//2381 2382//2382 2153//2153
f 2382//2382 2576//2576 2153//2153
f 2574//2574 2576//2576 2382//2382
f 6035//6035 2573//2573 2155//2155
f 2576//2576 2157//2157 2153//2153
f 2386//2386 2573//2573 6035//6035
f 5985//5985 2384//2384 6034//6034
f 2385//2385 2157//2157 2576//2576
f 6037//6037 2384//2384 5985//5985
f 6038//6038 5986//5986 6036//6036
f 2385//2385 2576//2576 2578//2578
f 6036//6036 6070//6070 6038//6038
f 6071//6071 2577//2577 6039//6039
f 2573//2573 2386//2386 6068//6068
f 2387//2387 2393//2393 2394//2394
f 2397//2397 2388//2388 2167//2167
f 2390//2390 2388//2388 2389//2389
f 2389//2389 2391//2391 2390//2390
f 2390//2390 2168//2168 2388//2388
f 2392//2392 2391//2391 2590//2590
f 2581//2581 5996//5996 2392//2392
f 2392//2392 5996//5996 5993//5993
f 5993//5993 2391//2391 2392//2392
f 5997//5997 6078//6078 2593//2593
f 5995//5995 6083//6083 2393//2393
f 2177//2177 2394//2394 2582//2582
f 2582//2582 2583//2583 2177//2177
f 2583//2583 2178//2178 2177//2177
f 2860//2860 2398//2398 2178//2178
f 2398//2398 2181//2181 2178//2178
f 2180//2180 2395//2395 2585//2585
f 2180//2180 2396//2396 2164//2164
f 2164//2164 2397//2397 2167//2167
f 2397//2397 2164//2164 2396//2396
f 2388//2388 2397//2397 2587//2587
f 2587//2587 2389//2389 2388//2388
f 2181//2181 2398//2398 2860//2860
f 2860//2860 2399//2399 2181//2181
f 2182//2182 2184//2184 2598//2598
f 2395//2395 2190//2190 2584//2584
f 2182//2182 2598//2598 2400//2400
f 2401//2401 2402//2402 2182//2182
f 6085//6085 2402//2402 2401//2401
f 2187//2187 2402//2402 6085//6085
f 2187//2187 6085//6085 2186//2186
f 2197//2197 2584//2584 2190//2190
f 2408//2408 2584//2584 2197//2197
f 1947//1947 6040//6040 2405//2405
f 6043//6043 2404//2404 2192//2192
f 2406//2406 2189//2189 2602//2602
f 2404//2404 6043//6043 2403//2403
f 2409//2409 2411//2411 2405//2405
f 2602//2602 6041//6041 2406//2406
f 2409//2409 2405//2405 2604//2604
f 2410//2410 2409//2409 2604//2604
f 2408//2408 2197//2197 2417//2417
f 2410//2410 2412//2412 2409//2409
f 2405//2405 2411//2411 2407//2407
f 2412//2412 6044//6044 2409//2409
f 2414//2414 2609//2609 2610//2610
f 2413//2413 2609//2609 2414//2414
f 6045//6045 2607//2607 2605//2605
f 2413//2413 6086//6086 2606//2606
f 2609//2609 2413//2413 2606//2606
f 6045//6045 2415//2415 2607//2607
f 2414//2414 2415//2415 2413//2413
f 2416//2416 2421//2421 2408//2408
f 2197//2197 2010//2010 2417//2417
f 2417//2417 2010//2010 2416//2416
f 2408//2408 2417//2417 2416//2416
f 6087//6087 2611//2611 1715//1715
f 2419//2419 2418//2418 2882//2882
f 2882//2882 2199//2199 2419//2419
f 2882//2882 2895//2895 2199//2199
f 2419//2419 2198//2198 2418//2418
f 2199//2199 2198//2198 2419//2419
f 2416//2416 2229//2229 2421//2421
f 2421//2421 2229//2229 2420//2420
f 2421//2421 2420//2420 2422//2422
f 2229//2229 2424//2424 2420//2420
f 2422//2422 2408//2408 2421//2421
f 2408//2408 2422//2422 2615//2615
f 2422//2422 2613//2613 2615//2615
f 2613//2613 2422//2422 2420//2420
f 2895//2895 2423//2423 2199//2199
f 1976//1976 2425//2425 2439//2439
f 2439//2439 2425//2425 2624//2624
f 2439//2439 2624//2624 2642//2642
f 1976//1976 2200//2200 2425//2425
f 2626//2626 2425//2425 2200//2200
f 2426//2426 2626//2626 2200//2200
f 2626//2626 2426//2426 2627//2627
f 2426//2426 2428//2428 2627//2627
f 2426//2426 2200//2200 2427//2427
f 2426//2426 2427//2427 2428//2428
f 2428//2428 2427//2427 2430//2430
f 2428//2428 2430//2430 2429//2429
f 2428//2428 2429//2429 2627//2627
f 2633//2633 2430//2430 2431//2431
f 2431//2431 2634//2634 2633//2633
f 2431//2431 2432//2432 2634//2634
f 2430//2430 2205//2205 2431//2431
f 2432//2432 2645//2645 2912//2912
f 2423//2423 2433//2433 6046//6046
f 2435//2435 2434//2434 2433//2433
f 3283//3283 6048//6048 2638//2638
f 6048//6048 6047//6047 2638//2638
f 2436//2436 2438//2438 2437//2437
f 2436//2436 6048//6048 2453//2453
f 2438//2438 2436//2436 2228//2228
f 3283//3283 2453//2453 6048//6048
f 2424//2424 2229//2229 2454//2454
f 2458//2458 2640//2640 2648//2648
f 2457//2457 2230//2230 2439//2439
f 2458//2458 2439//2439 2642//2642
f 2431//2431 2205//2205 2440//2440
f 2432//2432 2440//2440 2442//2442
f 2432//2432 2431//2431 2440//2440
f 6049//6049 6014//6014 2444//2444
f 6049//6049 2442//2442 2440//2440
f 2442//2442 6049//6049 2444//2444
f 2645//2645 2432//2432 2444//2444
f 2432//2432 2442//2442 2444//2444
f 2444//2444 2443//2443 2645//2645
f 2443//2443 2447//2447 2646//2646
f 2447//2447 2450//2450 2646//2646
f 2444//2444 6014//6014 2445//2445
f 2443//2443 2444//2444 2445//2445
f 6050//6050 2447//2447 2443//2443
f 2447//2447 6050//6050 2446//2446
f 2447//2447 6051//6051 2450//2450
f 2445//2445 2237//2237 2449//2449
f 2237//2237 2448//2448 2449//2449
f 2451//2451 6054//6054 2448//2448
f 6054//6054 2449//2449 2448//2448
f 2446//2446 6050//6050 6052//6052
f 6051//6051 6053//6053 2450//2450
f 2228//2228 2436//2436 2249//2249
f 2452//2452 2249//2249 2436//2436
f 2452//2452 2436//2436 2453//2453
f 2453//2453 2249//2249 2452//2452
f 2474//2474 2648//2648 2477//2477
f 2480//2480 2458//2458 2474//2474
f 2458//2458 2648//2648 2474//2474
f 2455//2455 2230//2230 2457//2457
f 2455//2455 2456//2456 2246//2246
f 2456//2456 2455//2455 2457//2457
f 2246//2246 2456//2456 2480//2480
f 2457//2457 2480//2480 2456//2456
f 6056//6056 2439//2439 2480//2480
f 2458//2458 2480//2480 2439//2439
f 2647//2647 6054//6054 2655//2655
f 2657//2657 2460//2460 2461//2461
f 2655//2655 6054//6054 2657//2657
f 2657//2657 6054//6054 2460//2460
f 2451//2451 2459//2459 2461//2461
f 2459//2459 2451//2451 2464//2464
f 6054//6054 2451//2451 2461//2461
f 2461//2461 2459//2459 2464//2464
f 2460//2460 6054//6054 2461//2461
f 2461//2461 2464//2464 2462//2462
f 2463//2463 2657//2657 2461//2461
f 2462//2462 2463//2463 2461//2461
f 2668//2668 2463//2463 2462//2462
f 2657//2657 2463//2463 2658//2658
f 2463//2463 2668//2668 2658//2658
f 2465//2465 2464//2464 2247//2247
f 2465//2465 2462//2462 2464//2464
f 2465//2465 2668//2668 2462//2462
f 2453//2453 2467//2467 2249//2249
f 2453//2453 2466//2466 2467//2467
f 2466//2466 2481//2481 2467//2467
f 2483//2483 2467//2467 2481//2481
f 2467//2467 2483//2483 2258//2258
f 2454//2454 2468//2468 2469//2469
f 2251//2251 2470//2470 2471//2471
f 2252//2252 2255//2255 2475//2475
f 2472//2472 2252//2252 2475//2475
f 2470//2470 2251//2251 2472//2472
f 2475//2475 2661//2661 2472//2472
f 2475//2475 2479//2479 2661//2661
f 2480//2480 2474//2474 2473//2473
f 2255//2255 2474//2474 2476//2476
f 2473//2473 2474//2474 2255//2255
f 2476//2476 2474//2474 2478//2478
f 2477//2477 2478//2478 2474//2474
f 2255//2255 2476//2476 2475//2475
f 2479//2479 2476//2476 2478//2478
f 2476//2476 2479//2479 2475//2475
f 2478//2478 2648//2648 2662//2662
f 2478//2478 2477//2477 2648//2648
f 2479//2479 2478//2478 2662//2662
f 2473//2473 2257//2257 2480//2480
f 2669//2669 2668//2668 2465//2465
f 2465//2465 2488//2488 2669//2669
f 2670//2670 2490//2490 2466//2466
f 2490//2490 2482//2482 2466//2466
f 2466//2466 2484//2484 2481//2481
f 2466//2466 2482//2482 2484//2484
f 2490//2490 2484//2484 2482//2482
f 2481//2481 2484//2484 6057//6057
f 2484//2484 2259//2259 6057//6057
f 6057//6057 2259//2259 6015//6015
f 2485//2485 2486//2486 2265//2265
f 2485//2485 2659//2659 2469//2469
f 2229//2229 2486//2486 2454//2454
f 2229//2229 2265//2265 2486//2486
f 2468//2468 2454//2454 2486//2486
f 2485//2485 2468//2468 2486//2486
f 2469//2469 2468//2468 2485//2485
f 2471//2471 2952//2952 2487//2487
f 2489//2489 2685//2685 2491//2491
f 2494//2494 2491//2491 2685//2685
f 2269//2269 2490//2490 2489//2489
f 2491//2491 2269//2269 2489//2489
f 2672//2672 2493//2493 2496//2496
f 6059//6059 2497//2497 2672//2672
f 2672//2672 2497//2497 2673//2673
f 2659//2659 2485//2485 2492//2492
f 6058//6058 2493//2493 6091//6091
f 2493//2493 2672//2672 2659//2659
f 2507//2507 2506//2506 2487//2487
f 2494//2494 2701//2701 2495//2495
f 2701//2701 2494//2494 2685//2685
f 2685//2685 2686//2686 2701//2701
f 6058//6058 2496//2496 2493//2493
f 6020//6020 2509//2509 6059//6059
f 6059//6059 2509//2509 2497//2497
f 6060//6060 2509//2509 2498//2498
f 2498//2498 2509//2509 2508//2508
f 2498//2498 6092//6092 6060//6060
f 6092//6092 2498//2498 2674//2674
f 2502//2502 2292//2292 2279//2279
f 6021//6021 2502//2502 2499//2499
f 6021//6021 2499//2499 2500//2500
f 2500//2500 2499//2499 2503//2503
f 2503//2503 2505//2505 2500//2500
f 2505//2505 2501//2501 2500//2500
f 2500//2500 2501//2501 2721//2721
f 2279//2279 2506//2506 2502//2502
f 2506//2506 2507//2507 2502//2502
f 2502//2502 2507//2507 2503//2503
f 2502//2502 2503//2503 2499//2499
f 2503//2503 2507//2507 2504//2504
f 2504//2504 2505//2505 2503//2503
f 6063//6063 2678//2678 6061//6061
f 6062//6062 2678//2678 6063//6063
f 2501//2501 6094//6094 2721//2721
f 2504//2504 2507//2507 6094//6094
f 2488//2488 2248//2248 2533//2533
f 2495//2495 2701//2701 2281//2281
f 2701//2701 2706//2706 2281//2281
f 2519//2519 2707//2707 2508//2508
f 2525//2525 2713//2713 2524//2524
f 2713//2713 2727//2727 2524//2524
f 2295//2295 2510//2510 2525//2525
f 2511//2511 2715//2715 2295//2295
f 2526//2526 2512//2512 2511//2511
f 2526//2526 2513//2513 2512//2512
f 2513//2513 2529//2529 2530//2530
f 2512//2512 2513//2513 2719//2719
f 2512//2512 2719//2719 2511//2511
f 2528//2528 2301//2301 2514//2514
f 2694//2694 2528//2528 2514//2514
f 2513//2513 2694//2694 2719//2719
f 2694//2694 2513//2513 2528//2528
f 6021//6021 2514//2514 2290//2290
f 2514//2514 2304//2304 2290//2290
f 2514//2514 2500//2500 2721//2721
f 6021//6021 2500//2500 2514//2514
f 2706//2706 2515//2515 2281//2281
f 2706//2706 2723//2723 2515//2515
f 2516//2516 2508//2508 2064//2064
f 2516//2516 2534//2534 2517//2517
f 2516//2516 2517//2517 2519//2519
f 2517//2517 2518//2518 2519//2519
f 2519//2519 2508//2508 2516//2516
f 2707//2707 2519//2519 2708//2708
f 2708//2708 2519//2519 2518//2518
f 2708//2708 2518//2518 2520//2520
f 2313//2313 2524//2524 2536//2536
f 2521//2521 2536//2536 2524//2524
f 2522//2522 2521//2521 2524//2524
f 2536//2536 2521//2521 2523//2523
f 2522//2522 2726//2726 2521//2521
f 2726//2726 2523//2523 2521//2521
f 2725//2725 2726//2726 2522//2522
f 2726//2726 2728//2728 2523//2523
f 2294//2294 2317//2317 2314//2314
f 2524//2524 2317//2317 2294//2294
f 2727//2727 2522//2522 2524//2524
f 2299//2299 2527//2527 2526//2526
f 2526//2526 2511//2511 2299//2299
f 2527//2527 2300//2300 6064//6064
f 2526//2526 2527//2527 2532//2532
f 2527//2527 6064//6064 2532//2532
f 6064//6064 2528//2528 2530//2530
f 2513//2513 2526//2526 2532//2532
f 6064//6064 2530//2530 2529//2529
f 6064//6064 2529//2529 2532//2532
f 2513//2513 2532//2532 2529//2529
f 2528//2528 2513//2513 2530//2530
f 2537//2537 2533//2533 2306//2306
f 2537//2537 2318//2318 2540//2540
f 2515//2515 2740//2740 2737//2737
f 2534//2534 2518//2518 2517//2517
f 2536//2536 2535//2535 2328//2328
f 2536//2536 2728//2728 2535//2535
f 2732//2732 2328//2328 2535//2535
f 2732//2732 2535//2535 2728//2728
f 2524//2524 2313//2313 2317//2317
f 2536//2536 2523//2523 2728//2728
f 2537//2537 2540//2540 2739//2739
f 2318//2318 2060//2060 2540//2540
f 6025//6025 2743//2743 2741//2741
f 2738//2738 2539//2539 2742//2742
f 2539//2539 6024//6024 2741//2741
f 2538//2538 2543//2543 2320//2320
f 2545//2545 2753//2753 2541//2541
f 2743//2743 6025//6025 2541//2541
f 2320//2320 2543//2543 2322//2322
f 2541//2541 2327//2327 2545//2545
f 2544//2544 2545//2545 2327//2327
f 2333//2333 2544//2544 2327//2327
f 2337//2337 2544//2544 2333//2333
f 2753//2753 2544//2544 2337//2337
f 2544//2544 2753//2753 2545//2545
f 2546//2546 2753//2753 2337//2337
f 2338//2338 2329//2329 2542//2542
f 2542//2542 2754//2754 2338//2338
f 2546//2546 6026//6026 2755//2755
f 2754//2754 2339//2339 2338//2338
f 2755//2755 2753//2753 2546//2546
f 6098//6098 2755//2755 6026//6026
f 2543//2543 2547//2547 2330//2330
f 2543//2543 2330//2330 2331//2331
f 2348//2348 2548//2548 2768//2768
f 2548//2548 2547//2547 2768//2768
f 2768//2768 2770//2770 2348//2348
f 2548//2548 2348//2348 2547//2547
f 2356//2356 2348//2348 2770//2770
f 3049//3049 2091//2091 2549//2549
f 2550//2550 2356//2356 2770//2770
f 2771//2771 2550//2550 2770//2770
f 2552//2552 2550//2550 2771//2771
f 2552//2552 2551//2551 2357//2357
f 2551//2551 2554//2554 2357//2357
f 2550//2550 2552//2552 2357//2357
f 2557//2557 2549//2549 2365//2365
f 2555//2555 2551//2551 2552//2552
f 2555//2555 2552//2552 2553//2553
f 2553//2553 2552//2552 2771//2771
f 2773//2773 2558//2558 2553//2553
f 2551//2551 2555//2555 2554//2554
f 2554//2554 2555//2555 2364//2364
f 2364//2364 2363//2363 2554//2554
f 2364//2364 2555//2555 5919//5919
f 2555//2555 2556//2556 5918//5918
f 5918//5918 2556//2556 2366//2366
f 2553//2553 2556//2556 2555//2555
f 2556//2556 2553//2553 2558//2558
f 2776//2776 2549//2549 2557//2557
f 2776//2776 2557//2557 2786//2786
f 2563//2563 2773//2773 2777//2777
f 2562//2562 2559//2559 2561//2561
f 2559//2559 2562//2562 2560//2560
f 2562//2562 2773//2773 2560//2560
f 2566//2566 2560//2560 2773//2773
f 6065//6065 2366//2366 2556//2556
f 6065//6065 2556//2556 2558//2558
f 2561//2561 2558//2558 2562//2562
f 2773//2773 2562//2562 2558//2558
f 2561//2561 2559//2559 2366//2366
f 2366//2366 2559//2559 2560//2560
f 2557//2557 2365//2365 2369//2369
f 2557//2557 2369//2369 2564//2564
f 2785//2785 2557//2557 2564//2564
f 2564//2564 2794//2794 2785//2785
f 2372//2372 2564//2564 2369//2369
f 2563//2563 2566//2566 2773//2773
f 2565//2565 2566//2566 2563//2563
f 2565//2565 2789//2789 2566//2566
f 2564//2564 2372//2372 2567//2567
f 2794//2794 2564//2564 2567//2567
f 2789//2789 2568//2568 2566//2566
f 2790//2790 2568//2568 2789//2789
f 2379//2379 6067//6067 2801//2801
f 2570//2570 2136//2136 2571//2571
f 2571//2571 2136//2136 2376//2376
f 2801//2801 2572//2572 2379//2379
f 2572//2572 2382//2382 2379//2379
f 2572//2572 2574//2574 2382//2382
f 2801//2801 3129//3129 2572//2572
f 2572//2572 3129//3129 2574//2574
f 2574//2574 3129//3129 3131//3131
f 3172//3172 2376//2376 2573//2573
f 2576//2576 2574//2574 2575//2575
f 2575//2575 2808//2808 2576//2576
f 2577//2577 6071//6071 2580//2580
f 2579//2579 2578//2578 2576//2576
f 6073//6073 6075//6075 6072//6072
f 2573//2573 6068//6068 2814//2814
f 2808//2808 2579//2579 2576//2576
f 6074//6074 2810//2810 6076//6076
f 6100//6100 6069//6069 6077//6077
f 2579//2579 2808//2808 6101//6101
f 2814//2814 6068//6068 2811//2811
f 6069//6069 6100//6100 6103//6103
f 2391//2391 2588//2588 2590//2590
f 2590//2590 2581//2581 2392//2392
f 2593//2593 6078//6078 2592//2592
f 2582//2582 2393//2393 2594//2594
f 2582//2582 2394//2394 2393//2393
f 2585//2585 2395//2395 2584//2584
f 2585//2585 2584//2584 2821//2821
f 2832//2832 2842//2842 2586//2586
f 6133//6133 2848//2848 6080//6080
f 6081//6081 2585//2585 6129//6129
f 2180//2180 2585//2585 2396//2396
f 2587//2587 6079//6079 6082//6082
f 2587//2587 6080//6080 2848//2848
f 2396//2396 6079//6079 2587//2587
f 2848//2848 2850//2850 2587//2587
f 2396//2396 2587//2587 2397//2397
f 2865//2865 3232//3232 2587//2587
f 2389//2389 2587//2587 2391//2391
f 2587//2587 3232//3232 2391//2391
f 2391//2391 2851//2851 2588//2588
f 2589//2589 2590//2590 2588//2588
f 2589//2589 2851//2851 2591//2591
f 2589//2589 2591//2591 2590//2590
f 2589//2589 2588//2588 2851//2851
f 2851//2851 2853//2853 2591//2591
f 2590//2590 2592//2592 2581//2581
f 2590//2590 2591//2591 2592//2592
f 2857//2857 2393//2393 6083//6083
f 2857//2857 2594//2594 2393//2393
f 2594//2594 3218//3218 2582//2582
f 3218//3218 2595//2595 2582//2582
f 2583//2583 2595//2595 2858//2858
f 2582//2582 2595//2595 2583//2583
f 2858//2858 3221//3221 2583//2583
f 3221//3221 2859//2859 2583//2583
f 2178//2178 2583//2583 2860//2860
f 3239//3239 2861//2861 2860//2860
f 2861//2861 2399//2399 2860//2860
f 2862//2862 2596//2596 2861//2861
f 2596//2596 2862//2862 2597//2597
f 2861//2861 2596//2596 2399//2399
f 2399//2399 2596//2596 2181//2181
f 2597//2597 2181//2181 2596//2596
f 2598//2598 2181//2181 2597//2597
f 2599//2599 2598//2598 2597//2597
f 2821//2821 2584//2584 2408//2408
f 2863//2863 2821//2821 2408//2408
f 2871//2871 2599//2599 2597//2597
f 2400//2400 2598//2598 2599//2599
f 2599//2599 2600//2600 2400//2400
f 2400//2400 2600//2600 6085//6085
f 2401//2401 2182//2182 2400//2400
f 2400//2400 6085//6085 2401//2401
f 2863//2863 2408//2408 2872//2872
f 2601//2601 6085//6085 2600//2600
f 6042//6042 6085//6085 2601//2601
f 2405//2405 6040//6040 2603//2603
f 2604//2604 2405//2405 2603//2603
f 2410//2410 2607//2607 2412//2412
f 2607//2607 2410//2410 2604//2604
f 2604//2604 2605//2605 2607//2607
f 2605//2605 2604//2604 2878//2878
f 6140//6140 2606//2606 6086//6086
f 2880//2880 2608//2608 2606//2606
f 6140//6140 2880//2880 2606//2606
f 2606//2606 2608//2608 2609//2609
f 2615//2615 2872//2872 2408//2408
f 2616//2616 2872//2872 2615//2615
f 2878//2878 2881//2881 6141//6141
f 6087//6087 6141//6141 2881//2881
f 2880//2880 2610//2610 2608//2608
f 2881//2881 2611//2611 6087//6087
f 2608//2608 2610//2610 2609//2609
f 2418//2418 2611//2611 2882//2882
f 2881//2881 2882//2882 2611//2611
f 2420//2420 2612//2612 2613//2613
f 2420//2420 2618//2618 2612//2612
f 2612//2612 2619//2619 2613//2613
f 2619//2619 2614//2614 2613//2613
f 2619//2619 2621//2621 2614//2614
f 2613//2613 2614//2614 2616//2616
f 2616//2616 2614//2614 2621//2621
f 2889//2889 2616//2616 2621//2621
f 2622//2622 2617//2617 2883//2883
f 2621//2621 2622//2622 2883//2883
f 2621//2621 2883//2883 2889//2889
f 2615//2615 2613//2613 2616//2616
f 2433//2433 2895//2895 2635//2635
f 2895//2895 2433//2433 2423//2423
f 2424//2424 2897//2897 2617//2617
f 2424//2424 2620//2620 2420//2420
f 2617//2617 6088//6088 2424//2424
f 2618//2618 2420//2420 2620//2620
f 2618//2618 2619//2619 2612//2612
f 2618//2618 2620//2620 2619//2619
f 2622//2622 2621//2621 6088//6088
f 6088//6088 2621//2621 2619//2619
f 2622//2622 6088//6088 2617//2617
f 2642//2642 2624//2624 2623//2623
f 2642//2642 2623//2623 2901//2901
f 2625//2625 2901//2901 2623//2623
f 2643//2643 2642//2642 2901//2901
f 2643//2643 2902//2902 2921//2921
f 2425//2425 2626//2626 2628//2628
f 2624//2624 2425//2425 2628//2628
f 2623//2623 2624//2624 2628//2628
f 2628//2628 2625//2625 2623//2623
f 2625//2625 2628//2628 2629//2629
f 2629//2629 2630//2630 2625//2625
f 2629//2629 2628//2628 2626//2626
f 2626//2626 2627//2627 2629//2629
f 2627//2627 2630//2630 2629//2629
f 2632//2632 2630//2630 2627//2627
f 2627//2627 2429//2429 2633//2633
f 2631//2631 2627//2627 2633//2633
f 2634//2634 2631//2631 2633//2633
f 2631//2631 6089//6089 2627//2627
f 6089//6089 2631//2631 2911//2911
f 6089//6089 2911//2911 2892//2892
f 2429//2429 2430//2430 2633//2633
f 2631//2631 2634//2634 2911//2911
f 2636//2636 2915//2915 2639//2639
f 2915//2915 2916//2916 2639//2639
f 2635//2635 2637//2637 2433//2433
f 2635//2635 2636//2636 2637//2637
f 2639//2639 2638//2638 2636//2636
f 2638//2638 2637//2637 2636//2636
f 2916//2916 2638//2638 2639//2639
f 2916//2916 3283//3283 2638//2638
f 2637//2637 2435//2435 2433//2433
f 2638//2638 6047//6047 2637//2637
f 2897//2897 2424//2424 2454//2454
f 2458//2458 2643//2643 2640//2640
f 2640//2640 2643//2643 2644//2644
f 2640//2640 2644//2644 2641//2641
f 2640//2640 2641//2641 2650//2650
f 2921//2921 2641//2641 2644//2644
f 2650//2650 2921//2921 2652//2652
f 2641//2641 2921//2921 2650//2650
f 2652//2652 2921//2921 2653//2653
f 2642//2642 2643//2643 2458//2458
f 2643//2643 2921//2921 2644//2644
f 2646//2646 2923//2923 2645//2645
f 2443//2443 2646//2646 2645//2645
f 2647//2647 6090//6090 6055//6055
f 6090//6090 2647//2647 2923//2923
f 2654//2654 2923//2923 2647//2647
f 2654//2654 2927//2927 2923//2923
f 2454//2454 2660//2660 2925//2925
f 2649//2649 2653//2653 2926//2926
f 2649//2649 2937//2937 2664//2664
f 2926//2926 2937//2937 2649//2649
f 2648//2648 2650//2650 2651//2651
f 2648//2648 2640//2640 2650//2650
f 2651//2651 2649//2649 2648//2648
f 2651//2651 2653//2653 2649//2649
f 2651//2651 2650//2650 2653//2653
f 2652//2652 2653//2653 2650//2650
f 2918//2918 2926//2926 2653//2653
f 2654//2654 2656//2656 2666//2666
f 2656//2656 2654//2654 2647//2647
f 2654//2654 2666//2666 2927//2927
f 2656//2656 2647//2647 2655//2655
f 2927//2927 2666//2666 2938//2938
f 2657//2657 2656//2656 2655//2655
f 2658//2658 2656//2656 2657//2657
f 2658//2658 2668//2668 2656//2656
f 2666//2666 2656//2656 2668//2668
f 2453//2453 2941//2941 2466//2466
f 2670//2670 2466//2466 2941//2941
f 2469//2469 2659//2659 2454//2454
f 2454//2454 2659//2659 2660//2660
f 2659//2659 2947//2947 2660//2660
f 2663//2663 2661//2661 2479//2479
f 2935//2935 2663//2663 2934//2934
f 2935//2935 2661//2661 2663//2663
f 2958//2958 2661//2661 2960//2960
f 2649//2649 2662//2662 2648//2648
f 2479//2479 2662//2662 2664//2664
f 2664//2664 2662//2662 2649//2649
f 2663//2663 2479//2479 2664//2664
f 2934//2934 2663//2663 2665//2665
f 2937//2937 2665//2665 2664//2664
f 2664//2664 2665//2665 2663//2663
f 2665//2665 2937//2937 2934//2934
f 2938//2938 2666//2666 2667//2667
f 2667//2667 2666//2666 2668//2668
f 2940//2940 2667//2667 2669//2669
f 2667//2667 2668//2668 2669//2669
f 2944//2944 2670//2670 2941//2941
f 2946//2946 2944//2944 2945//2945
f 2489//2489 2946//2946 2962//2962
f 2946//2946 2489//2489 2670//2670
f 2946//2946 2670//2670 2944//2944
f 2490//2490 2670//2670 2489//2489
f 2947//2947 2659//2659 2672//2672
f 2674//2674 2677//2677 2947//2947
f 2677//2677 2965//2965 2948//2948
f 2971//2971 2684//2684 2487//2487
f 2952//2952 2971//2971 2487//2487
f 2952//2952 2471//2471 2957//2957
f 2471//2471 2470//2470 2957//2957
f 2470//2470 2472//2472 2957//2957
f 2957//2957 2472//2472 2958//2958
f 2472//2472 2661//2661 2958//2958
f 2962//2962 2685//2685 2489//2489
f 2671//2671 2685//2685 2962//2962
f 2671//2671 2962//2962 2973//2973
f 2947//2947 6092//6092 2674//2674
f 2673//2673 2947//2947 2672//2672
f 2674//2674 2675//2675 2676//2676
f 2689//2689 2676//2676 2675//2675
f 6093//6093 2689//2689 2981//2981
f 2676//2676 2677//2677 2674//2674
f 2677//2677 2676//2676 2965//2965
f 2697//2697 2682//2682 2969//2969
f 2680//2680 6094//6094 2507//2507
f 2507//2507 2487//2487 2679//2679
f 2679//2679 2680//2680 2507//2507
f 6094//6094 2680//2680 2698//2698
f 2681//2681 2679//2679 2487//2487
f 2679//2679 2681//2681 2682//2682
f 2682//2682 2680//2680 2679//2679
f 2698//2698 2680//2680 2682//2682
f 2681//2681 2684//2684 2683//2683
f 2684//2684 2681//2681 2487//2487
f 2683//2683 2682//2682 2681//2681
f 2685//2685 2671//2671 2975//2975
f 2975//2975 2686//2686 2685//2685
f 2701//2701 2686//2686 2687//2687
f 2709//2709 2688//2688 2498//2498
f 2709//2709 2981//2981 2688//2688
f 2709//2709 2979//2979 2981//2981
f 2674//2674 2498//2498 2689//2689
f 2688//2688 2689//2689 2498//2498
f 2689//2689 2675//2675 2674//2674
f 2688//2688 2981//2981 2689//2689
f 2714//2714 2510//2510 2982//2982
f 2690//2690 2510//2510 2295//2295
f 2982//2982 3336//3336 2714//2714
f 2691//2691 2690//2690 2692//2692
f 2690//2690 2716//2716 2692//2692
f 2692//2692 2716//2716 2718//2718
f 2719//2719 2694//2694 2693//2693
f 2693//2693 2694//2694 2987//2987
f 2695//2695 2697//2697 2696//2696
f 2695//2695 2696//2696 2694//2694
f 6095//6095 2989//2989 2696//2696
f 2696//2696 2987//2987 2694//2694
f 2699//2699 2721//2721 2698//2698
f 2699//2699 2695//2695 2721//2721
f 2699//2699 2697//2697 2695//2695
f 2698//2698 2721//2721 6094//6094
f 2682//2682 2699//2699 2698//2698
f 2697//2697 2699//2699 2682//2682
f 2488//2488 2722//2722 2669//2669
f 2669//2669 2722//2722 2940//2940
f 2722//2722 2488//2488 2533//2533
f 2701//2701 2702//2702 2706//2706
f 2701//2701 2687//2687 2702//2702
f 2705//2705 2706//2706 2703//2703
f 2702//2702 2703//2703 2706//2706
f 2703//2703 2702//2702 2704//2704
f 2703//2703 2704//2704 2705//2705
f 2704//2704 2700//2700 2705//2705
f 2700//2700 3002//3002 2705//2705
f 2723//2723 2706//2706 2705//2705
f 2705//2705 3002//3002 2723//2723
f 2508//2508 2707//2707 2709//2709
f 2709//2709 2707//2707 2980//2980
f 2707//2707 2708//2708 2980//2980
f 2708//2708 3005//3005 2980//2980
f 2709//2709 2498//2498 2508//2508
f 2709//2709 2980//2980 2979//2979
f 2727//2727 2713//2713 2735//2735
f 2710//2710 2735//2735 2713//2713
f 2735//2735 2710//2710 2711//2711
f 2711//2711 2710//2710 2712//2712
f 2712//2712 2995//2995 3011//3011
f 2710//2710 2995//2995 2712//2712
f 2713//2713 2525//2525 2714//2714
f 2713//2713 2714//2714 2996//2996
f 2525//2525 2510//2510 2714//2714
f 2295//2295 2716//2716 2690//2690
f 2716//2716 2295//2295 2715//2715
f 2715//2715 2511//2511 2717//2717
f 2715//2715 2717//2717 2716//2716
f 2716//2716 2717//2717 2718//2718
f 2720//2720 2717//2717 2511//2511
f 2719//2719 2720//2720 2511//2511
f 2719//2719 2693//2693 2720//2720
f 2718//2718 2717//2717 2984//2984
f 2984//2984 2717//2717 2720//2720
f 2984//2984 2720//2720 2693//2693
f 2694//2694 2514//2514 2695//2695
f 2695//2695 2514//2514 2721//2721
f 2533//2533 2999//2999 2722//2722
f 2724//2724 3002//3002 3004//3004
f 3002//3002 2724//2724 2723//2723
f 2724//2724 3004//3004 2740//2740
f 2515//2515 2723//2723 2724//2724
f 2515//2515 2724//2724 2740//2740
f 2708//2708 2520//2520 3005//3005
f 3005//3005 2520//2520 2738//2738
f 2994//2994 3005//3005 3006//3006
f 3006//3006 3005//3005 2738//2738
f 2727//2727 2725//2725 2522//2522
f 2735//2735 2730//2730 2727//2727
f 2727//2727 2730//2730 2725//2725
f 2730//2730 2729//2729 2725//2725
f 2729//2729 2726//2726 2725//2725
f 2729//2729 2728//2728 2726//2726
f 2731//2731 2729//2729 2730//2730
f 2728//2728 2729//2729 2732//2732
f 2732//2732 2729//2729 2731//2731
f 2733//2733 2730//2730 2735//2735
f 2733//2733 2735//2735 2711//2711
f 2733//2733 2734//2734 2730//2730
f 2734//2734 2731//2731 2730//2730
f 2734//2734 2732//2732 2731//2731
f 2734//2734 2733//2733 2736//2736
f 2736//2736 3010//3010 2734//2734
f 3010//3010 2732//2732 2734//2734
f 2711//2711 3011//3011 2733//2733
f 2711//2711 2712//2712 3011//3011
f 2736//2736 2733//2733 3011//3011
f 2736//2736 3011//3011 3010//3010
f 2533//2533 2739//2739 2999//2999
f 3003//3003 3016//3016 2740//2740
f 2738//2738 2520//2520 2310//2310
f 3020//3020 2747//2747 2748//2748
f 3006//3006 2738//2738 2747//2747
f 3020//3020 2748//2748 2745//2745
f 3021//3021 2746//2746 2750//2750
f 3021//3021 2745//2745 2746//2746
f 3010//3010 2328//2328 2732//2732
f 2739//2739 2533//2533 2537//2537
f 2740//2740 2538//2538 2737//2737
f 2539//2539 2741//2741 2742//2742
f 2742//2742 2741//2741 2743//2743
f 2743//2743 2541//2541 2744//2744
f 2745//2745 2541//2541 2746//2746
f 2745//2745 2744//2744 2541//2541
f 2742//2742 2743//2743 2747//2747
f 2747//2747 2743//2743 2748//2748
f 2745//2745 2748//2748 2744//2744
f 2743//2743 2744//2744 2748//2748
f 2742//2742 2747//2747 2738//2738
f 2746//2746 2753//2753 2749//2749
f 2749//2749 2750//2750 2746//2746
f 2749//2749 2753//2753 2755//2755
f 3022//3022 2749//2749 2755//2755
f 3022//3022 2755//2755 6096//6096
f 3022//3022 2750//2750 2749//2749
f 3028//3028 2328//2328 3010//3010
f 2328//2328 3028//3028 6097//6097
f 2752//2752 2999//2999 2739//2739
f 2739//2739 2540//2540 2752//2752
f 2538//2538 2740//2740 2756//2756
f 2538//2538 2756//2756 2543//2543
f 2541//2541 2753//2753 2746//2746
f 2754//2754 2542//2542 2751//2751
f 2755//2755 6098//6098 6096//6096
f 2543//2543 2756//2756 2547//2547
f 3043//3043 2759//2759 3044//3044
f 2763//2763 2767//2767 2766//2766
f 2547//2547 2756//2756 2768//2768
f 3049//3049 2752//2752 2091//2091
f 3043//3043 2757//2757 2760//2760
f 2760//2760 2757//2757 2761//2761
f 3056//3056 2757//2757 3053//3053
f 3056//3056 2761//2761 2757//2757
f 3052//3052 3053//3053 2757//2757
f 3044//3044 2758//2758 2763//2763
f 3043//3043 2760//2760 2759//2759
f 2760//2760 2761//2761 2762//2762
f 2760//2760 2762//2762 2759//2759
f 2759//2759 2762//2762 2758//2758
f 2758//2758 3044//3044 2759//2759
f 3056//3056 2762//2762 2761//2761
f 3058//3058 2758//2758 2762//2762
f 3057//3057 3058//3058 3056//3056
f 3058//3058 2762//2762 3056//3056
f 3064//3064 2758//2758 3058//3058
f 2763//2763 2758//2758 3064//3064
f 3064//3064 2767//2767 2763//2763
f 2756//2756 2764//2764 2768//2768
f 2768//2768 2764//2764 2765//2765
f 2768//2768 2765//2765 2769//2769
f 2766//2766 2764//2764 2756//2756
f 2764//2764 2766//2766 2765//2765
f 2765//2765 2767//2767 2769//2769
f 2765//2765 2766//2766 2767//2767
f 2767//2767 3068//3068 2769//2769
f 3082//3082 2770//2770 2769//2769
f 3098//3098 2770//2770 3082//3082
f 2770//2770 2768//2768 2769//2769
f 3419//3419 2549//2549 3083//3083
f 3102//3102 2770//2770 3098//3098
f 3102//3102 2771//2771 2770//2770
f 2772//2772 2771//2771 3104//3104
f 2773//2773 2772//2772 3104//3104
f 2773//2773 2774//2774 2777//2777
f 2774//2774 2775//2775 2777//2777
f 2773//2773 3104//3104 2774//2774
f 3109//3109 2775//2775 2774//2774
f 3105//3105 2774//2774 3104//3104
f 3105//3105 3106//3106 2774//2774
f 3109//3109 2774//2774 3106//3106
f 2773//2773 2553//2553 2772//2772
f 2771//2771 2772//2772 2553//2553
f 3108//3108 2776//2776 2786//2786
f 3109//3109 3113//3113 2775//2775
f 2775//2775 3113//3113 2778//2778
f 3109//3109 3110//3110 3113//3113
f 2777//2777 2780//2780 6066//6066
f 2777//2777 2778//2778 2780//2780
f 2775//2775 2778//2778 2777//2777
f 2783//2783 2780//2780 2778//2778
f 2783//2783 2778//2778 3113//3113
f 2783//2783 6156//6156 2779//2779
f 2784//2784 2783//2783 2779//2779
f 2784//2784 2779//2779 2787//2787
f 2780//2780 2781//2781 2563//2563
f 2782//2782 2780//2780 2783//2783
f 2781//2781 2780//2780 2782//2782
f 2783//2783 2784//2784 2782//2782
f 2786//2786 2557//2557 2785//2785
f 2793//2793 2786//2786 2785//2785
f 2788//2788 2787//2787 2779//2779
f 2788//2788 2779//2779 6155//6155
f 2789//2789 2781//2781 2782//2782
f 2792//2792 2789//2789 2791//2791
f 2791//2791 2789//2789 2782//2782
f 2789//2789 2792//2792 2790//2790
f 2784//2784 2792//2792 2791//2791
f 2782//2782 2784//2784 2791//2791
f 2792//2792 2787//2787 2788//2788
f 2792//2792 2788//2788 2790//2790
f 2787//2787 2792//2792 2784//2784
f 2781//2781 2565//2565 2563//2563
f 2781//2781 2789//2789 2565//2565
f 2793//2793 2785//2785 2794//2794
f 2795//2795 2794//2794 2567//2567
f 3120//3120 2793//2793 2794//2794
f 2796//2796 3120//3120 2794//2794
f 2794//2794 2795//2795 2796//2796
f 2567//2567 2798//2798 2795//2795
f 2797//2797 3129//3129 2801//2801
f 2797//2797 2790//2790 3129//3129
f 2790//2790 2797//2797 2568//2568
f 2568//2568 2797//2797 2569//2569
f 2799//2799 2798//2798 2800//2800
f 2800//2800 2798//2798 2567//2567
f 2795//2795 2798//2798 2796//2796
f 2798//2798 2799//2799 2796//2796
f 3125//3125 2799//2799 2800//2800
f 2567//2567 2372//2372 2800//2800
f 6067//6067 2797//2797 2801//2801
f 3133//3133 2800//2800 2372//2372
f 2372//2372 2570//2570 3138//3138
f 3138//3138 2570//2570 2571//2571
f 2571//2571 3149//3149 3138//3138
f 3152//3152 3149//3149 2571//2571
f 2803//2803 3144//3144 2575//2575
f 6157//6157 2802//2802 2574//2574
f 2574//2574 2802//2802 2575//2575
f 2803//2803 2575//2575 2802//2802
f 3148//3148 3138//3138 3149//3149
f 3151//3151 2571//2571 2376//2376
f 3172//3172 3169//3169 2376//2376
f 3172//3172 2573//2573 3181//3181
f 3143//3143 2804//2804 3144//3144
f 2804//2804 2575//2575 3144//3144
f 2805//2805 2806//2806 2804//2804
f 2573//2573 3183//3183 3181//3181
f 3168//3168 3178//3178 2805//2805
f 3179//3179 2807//2807 3178//3178
f 3178//3178 2807//2807 2805//2805
f 2804//2804 2806//2806 2575//2575
f 2807//2807 2809//2809 2808//2808
f 2805//2805 2808//2808 2806//2806
f 2809//2809 3179//3179 3180//3180
f 2809//2809 2807//2807 3179//3179
f 2808//2808 2805//2805 2807//2807
f 2808//2808 2575//2575 2806//2806
f 3183//3183 2573//2573 3186//3186
f 3198//3198 3186//3186 2573//2573
f 2820//2820 2809//2809 3180//3180
f 2820//2820 2808//2808 2809//2809
f 2820//2820 2813//2813 2808//2808
f 2808//2808 2813//2813 6101//6101
f 6109//6109 6104//6104 6102//6102
f 2814//2814 2811//2811 2817//2817
f 6109//6109 2812//2812 6104//6104
f 6105//6105 6106//6106 6113//6113
f 6110//6110 2819//2819 6107//6107
f 6115//6115 2813//2813 2820//2820
f 3204//3204 3198//3198 2573//2573
f 2820//2820 3202//3202 2815//2815
f 3202//3202 3203//3203 2815//2815
f 6111//6111 6176//6176 2816//2816
f 2816//2816 6176//6176 6177//6177
f 3204//3204 2573//2573 2814//2814
f 2814//2814 6112//6112 3204//3204
f 2818//2818 2814//2814 2817//2817
f 2817//2817 6108//6108 2818//2818
f 6108//6108 6116//6116 2818//2818
f 2814//2814 2818//2818 6112//6112
f 2820//2820 2815//2815 6115//6115
f 2816//2816 6114//6114 6111//6111
f 6111//6111 6114//6114 6117//6117
f 2824//2824 2585//2585 2821//2821
f 2822//2822 2828//2828 2821//2821
f 3222//3222 2830//2830 2822//2822
f 3222//3222 3205//3205 2830//2830
f 2823//2823 2835//2835 2834//2834
f 2832//2832 2823//2823 2834//2834
f 6121//6121 2823//2823 2832//2832
f 6129//6129 2585//2585 2824//2824
f 6119//6119 2837//2837 2835//2835
f 6118//6118 2825//2825 6122//6122
f 6120//6120 6123//6123 6124//6124
f 6125//6125 2837//2837 6119//6119
f 2821//2821 2828//2828 6125//6125
f 6125//6125 2828//2828 2837//2837
f 2828//2828 2827//2827 2837//2837
f 2827//2827 2826//2826 2837//2837
f 2827//2827 2829//2829 2826//2826
f 6126//6126 6128//6128 2840//2840
f 2828//2828 2822//2822 2829//2829
f 2827//2827 2828//2828 2829//2829
f 6128//6128 3205//3205 2840//2840
f 2822//2822 2830//2830 6128//6128
f 6128//6128 2830//2830 3205//3205
f 2834//2834 2833//2833 2831//2831
f 2833//2833 2843//2843 2841//2841
f 2833//2833 2841//2841 2831//2831
f 2831//2831 2832//2832 2834//2834
f 2841//2841 2832//2832 2831//2831
f 2833//2833 2835//2835 2844//2844
f 2833//2833 2834//2834 2835//2835
f 2844//2844 2843//2843 2833//2833
f 2835//2835 2836//2836 2844//2844
f 2837//2837 2836//2836 2835//2835
f 2826//2826 2838//2838 2837//2837
f 2837//2837 2839//2839 2836//2836
f 2837//2837 2838//2838 2839//2839
f 6130//6130 6127//6127 6132//6132
f 6131//6131 6130//6130 6132//6132
f 2839//2839 2840//2840 3205//3205
f 2843//2843 2844//2844 6133//6133
f 2841//2841 2843//2843 2842//2842
f 2844//2844 2848//2848 6133//6133
f 2842//2842 2832//2832 2841//2841
f 2836//2836 2845//2845 2844//2844
f 2836//2836 2846//2846 2845//2845
f 2839//2839 2846//2846 2836//2836
f 2864//2864 2845//2845 2846//2846
f 2846//2846 2839//2839 3205//3205
f 6178//6178 2847//2847 6134//6134
f 2847//2847 2849//2849 6134//6134
f 2844//2844 2850//2850 2848//2848
f 2850//2850 2844//2844 2845//2845
f 2845//2845 2864//2864 2850//2850
f 6134//6134 2849//2849 2864//2864
f 2864//2864 2865//2865 2850//2850
f 2850//2850 2865//2865 2587//2587
f 2391//2391 3232//3232 2851//2851
f 2854//2854 2851//2851 2852//2852
f 3232//3232 2852//2852 2851//2851
f 2853//2853 2851//2851 2854//2854
f 2852//2852 3232//3232 2854//2854
f 2591//2591 2853//2853 2593//2593
f 2591//2591 2593//2593 2592//2592
f 2854//2854 2593//2593 2853//2853
f 6083//6083 6137//6137 2855//2855
f 3232//3232 2855//2855 6137//6137
f 3217//3217 2856//2856 2855//2855
f 2855//2855 3232//3232 3217//3217
f 6083//6083 2855//2855 2856//2856
f 2857//2857 6083//6083 2856//2856
f 2594//2594 2857//2857 3218//3218
f 3219//3219 2858//2858 2595//2595
f 3219//3219 2595//2595 3218//3218
f 2860//2860 2583//2583 2859//2859
f 2859//2859 3238//3238 2860//2860
f 3238//3238 3239//3239 2860//2860
f 2862//2862 2861//2861 2868//2868
f 2868//2868 2597//2597 2862//2862
f 2863//2863 2822//2822 2821//2821
f 2822//2822 2863//2863 3222//3222
f 2849//2849 2866//2866 2864//2864
f 2864//2864 2866//2866 2865//2865
f 2849//2849 3227//3227 2866//2866
f 3227//3227 2865//2865 2866//2866
f 2865//2865 3228//3228 3232//3232
f 2867//2867 2861//2861 3239//3239
f 3604//3604 2867//2867 3239//3239
f 2868//2868 2861//2861 2867//2867
f 2870//2870 2868//2868 2867//2867
f 2871//2871 2868//2868 2870//2870
f 3241//3241 2871//2871 2870//2870
f 2868//2868 2871//2871 2597//2597
f 2600//2600 2599//2599 2869//2869
f 2871//2871 2869//2869 2599//2599
f 2869//2869 3247//3247 2600//2600
f 2863//2863 2872//2872 3242//3242
f 2872//2872 2616//2616 3242//3242
f 2873//2873 2601//2601 3248//3248
f 2873//2873 2874//2874 2875//2875
f 2877//2877 2876//2876 6138//6138
f 2874//2874 2873//2873 3249//3249
f 3250//3250 6138//6138 3249//3249
f 3248//3248 2601//2601 2600//2600
f 2601//2601 2876//2876 6042//6042
f 6040//6040 2876//2876 2603//2603
f 2876//2876 2601//2601 6139//6139
f 6084//6084 2873//2873 2875//2875
f 6139//6139 6138//6138 2876//2876
f 2876//2876 2877//2877 2603//2603
f 2879//2879 3242//3242 2616//2616
f 3243//3243 3242//3242 2879//2879
f 2877//2877 3252//3252 2604//2604
f 3252//3252 2878//2878 2604//2604
f 3253//3253 2878//2878 3252//3252
f 2604//2604 2603//2603 2877//2877
f 3253//3253 2894//2894 2878//2878
f 2881//2881 2878//2878 2894//2894
f 2894//2894 2882//2882 2881//2881
f 2894//2894 2893//2893 2882//2882
f 2883//2883 2898//2898 2891//2891
f 2898//2898 2885//2885 2891//2891
f 2898//2898 2899//2899 2884//2884
f 2898//2898 2884//2884 2885//2885
f 2884//2884 2899//2899 2887//2887
f 2885//2885 2887//2887 2886//2886
f 2885//2885 2884//2884 2887//2887
f 2887//2887 2888//2888 2886//2886
f 2890//2890 2879//2879 2616//2616
f 2889//2889 2890//2890 2616//2616
f 2889//2889 2883//2883 2890//2890
f 2890//2890 2883//2883 2891//2891
f 2879//2879 2890//2890 2891//2891
f 2886//2886 2891//2891 2885//2885
f 2886//2886 2888//2888 2891//2891
f 2888//2888 3254//3254 2891//2891
f 2891//2891 3254//3254 2879//2879
f 2895//2895 2882//2882 2893//2893
f 2895//2895 2893//2893 2896//2896
f 2896//2896 2893//2893 2913//2913
f 3257//3257 2893//2893 3258//3258
f 2913//2913 2893//2893 3257//3257
f 2913//2913 2635//2635 2896//2896
f 2896//2896 2635//2635 2895//2895
f 2899//2899 2897//2897 2900//2900
f 2900//2900 2897//2897 2917//2917
f 2617//2617 2897//2897 2883//2883
f 2883//2883 2897//2897 2898//2898
f 2897//2897 2899//2899 2898//2898
f 2899//2899 2900//2900 2887//2887
f 2888//2888 2887//2887 2900//2900
f 2904//2904 2921//2921 2902//2902
f 2904//2904 2906//2906 2921//2921
f 2902//2902 2643//2643 2901//2901
f 2901//2901 2625//2625 2903//2903
f 2902//2902 2901//2901 2903//2903
f 2902//2902 2903//2903 2904//2904
f 2905//2905 2903//2903 2909//2909
f 2903//2903 2905//2905 2904//2904
f 2904//2904 2905//2905 2906//2906
f 2905//2905 3264//3264 2906//2906
f 2906//2906 3264//3264 2907//2907
f 2625//2625 2630//2630 2903//2903
f 2630//2630 6142//6142 2903//2903
f 2905//2905 2909//2909 2908//2908
f 2908//2908 3264//3264 2905//2905
f 2630//2630 2632//2632 6142//6142
f 2909//2909 2892//2892 2908//2908
f 2909//2909 2910//2910 2892//2892
f 2910//2910 6089//6089 2892//2892
f 2910//2910 2909//2909 6089//6089
f 2892//2892 2911//2911 3256//3256
f 3256//3256 2911//2911 3265//3265
f 2911//2911 2634//2634 2912//2912
f 3265//3265 2911//2911 2912//2912
f 3265//3265 2912//2912 3266//3266
f 2912//2912 2634//2634 2432//2432
f 3266//3266 2912//2912 2645//2645
f 2636//2636 2913//2913 2914//2914
f 2913//2913 3283//3283 2914//2914
f 2635//2635 2913//2913 2636//2636
f 3283//3283 2915//2915 2636//2636
f 2916//2916 2915//2915 3283//3283
f 3283//3283 2636//2636 2914//2914
f 2897//2897 2454//2454 2925//2925
f 2917//2917 2897//2897 2925//2925
f 2926//2926 2918//2918 2919//2919
f 2918//2918 2906//2906 2919//2919
f 2921//2921 2922//2922 2653//2653
f 2906//2906 2922//2922 2921//2921
f 2922//2922 2918//2918 2653//2653
f 2918//2918 2922//2922 2906//2906
f 2920//2920 2919//2919 2907//2907
f 2907//2907 2919//2919 2906//2906
f 2907//2907 3272//3272 2920//2920
f 3266//3266 2645//2645 2923//2923
f 2923//2923 2927//2927 3266//3266
f 3283//3283 2924//2924 2453//2453
f 3293//3293 2453//2453 2924//2924
f 3293//3293 2924//2924 3285//3285
f 2660//2660 3286//3286 2925//2925
f 2934//2934 2937//2937 2926//2926
f 2919//2919 2934//2934 2926//2926
f 2920//2920 2934//2934 2919//2919
f 2920//2920 3298//3298 2934//2934
f 2920//2920 3272//3272 3298//3298
f 2928//2928 2927//2927 2939//2939
f 3277//3277 2927//2927 2928//2928
f 2941//2941 2453//2453 3293//3293
f 3286//3286 2660//2660 2929//2929
f 2660//2660 2947//2947 2929//2929
f 2929//2929 2947//2947 2930//2930
f 2930//2930 2950//2950 2932//2932
f 2929//2929 2930//2930 3286//3286
f 2930//2930 2932//2932 2931//2931
f 3286//3286 2930//2930 2931//2931
f 2932//2932 2933//2933 2931//2931
f 2959//2959 3298//3298 2954//2954
f 3298//3298 2956//2956 2954//2954
f 2661//2661 2935//2935 2960//2960
f 2934//2934 2936//2936 2935//2935
f 3298//3298 2959//2959 2936//2936
f 2934//2934 3298//3298 2936//2936
f 2927//2927 2938//2938 2939//2939
f 2939//2939 2938//2938 2667//2667
f 2939//2939 2667//2667 2940//2940
f 2940//2940 2928//2928 2939//2939
f 2928//2928 2940//2940 3299//3299
f 2945//2945 2943//2943 2942//2942
f 2943//2943 3319//3319 2942//2942
f 2944//2944 2941//2941 2943//2943
f 2945//2945 2944//2944 2943//2943
f 2942//2942 2961//2961 2945//2945
f 2961//2961 2946//2946 2945//2945
f 2961//2961 2962//2962 2946//2946
f 2677//2677 2948//2948 2947//2947
f 2966//2966 2948//2948 6144//6144
f 2948//2948 2966//2966 2950//2950
f 2950//2950 2966//2966 2951//2951
f 2951//2951 2966//2966 2949//2949
f 2964//2964 2949//2949 2966//2966
f 2964//2964 2951//2951 2949//2949
f 2964//2964 3334//3334 3302//3302
f 2964//2964 3302//3302 2951//2951
f 2947//2947 2948//2948 2930//2930
f 2930//2930 2948//2948 2950//2950
f 2950//2950 2933//2933 2932//2932
f 2950//2950 2951//2951 6143//6143
f 3302//3302 6143//6143 2951//2951
f 2970//2970 3312//3312 3309//3309
f 2972//2972 2971//2971 2952//2952
f 2959//2959 2953//2953 2952//2952
f 2972//2972 2952//2952 2953//2953
f 2972//2972 2954//2954 2955//2955
f 2953//2953 2954//2954 2972//2972
f 2954//2954 2953//2953 2959//2959
f 2956//2956 2955//2955 2954//2954
f 2956//2956 2970//2970 2955//2955
f 2970//2970 2956//2956 3311//3311
f 2958//2958 2959//2959 2957//2957
f 2952//2952 2957//2957 2959//2959
f 2960//2960 2936//2936 2958//2958
f 2936//2936 2960//2960 2935//2935
f 2936//2936 2959//2959 2958//2958
f 3319//3319 2962//2962 2961//2961
f 3319//3319 3330//3330 2973//2973
f 2961//2961 2942//2942 3319//3319
f 3319//3319 3316//3316 3330//3330
f 3319//3319 2973//2973 2962//2962
f 2671//2671 2973//2973 2975//2975
f 6144//6144 6093//6093 2966//2966
f 2963//2963 2966//2966 6093//6093
f 2981//2981 2964//2964 6093//6093
f 2963//2963 2964//2964 2966//2966
f 2963//2963 6093//6093 2964//2964
f 3323//3323 3322//3322 2967//2967
f 2985//2985 3326//3326 2986//2986
f 2984//2984 2986//2986 3327//3327
f 3326//3326 2985//2985 2968//2968
f 3309//3309 3306//3306 2968//2968
f 2990//2990 3309//3309 6145//6145
f 2969//2969 2955//2955 2697//2697
f 2955//2955 2970//2970 2989//2989
f 3309//3309 2990//2990 2970//2970
f 2682//2682 2683//2683 2969//2969
f 2969//2969 2684//2684 2972//2972
f 2684//2684 2969//2969 2683//2683
f 2955//2955 2969//2969 2972//2972
f 2971//2971 2972//2972 2684//2684
f 2999//2999 3299//3299 2940//2940
f 3328//3328 3299//3299 2999//2999
f 3330//3330 3331//3331 2974//2974
f 2975//2975 2973//2973 3330//3330
f 2975//2975 3330//3330 2974//2974
f 2977//2977 2975//2975 2974//2974
f 2978//2978 2977//2977 2976//2976
f 2976//2976 2977//2977 2974//2974
f 3333//3333 2976//2976 2974//2974
f 2686//2686 2975//2975 2977//2977
f 2978//2978 2686//2686 2977//2977
f 2978//2978 2687//2687 2686//2686
f 2979//2979 2980//2980 2981//2981
f 2980//2980 3334//3334 2981//2981
f 2981//2981 3334//3334 2964//2964
f 2996//2996 3337//3337 2997//2997
f 3336//3336 2996//2996 2714//2714
f 3336//3336 3337//3337 2996//2996
f 2510//2510 2690//2690 2982//2982
f 2982//2982 3320//3320 3336//3336
f 3322//3322 2982//2982 2967//2967
f 2982//2982 2690//2690 2967//2967
f 2982//2982 3322//3322 3320//3320
f 2691//2691 2967//2967 2690//2690
f 2983//2983 2691//2691 2692//2692
f 2984//2984 2692//2692 2718//2718
f 2692//2692 2984//2984 3325//3325
f 2692//2692 3325//3325 2983//2983
f 2984//2984 2693//2693 2986//2986
f 2693//2693 2987//2987 2985//2985
f 2693//2693 2985//2985 2986//2986
f 2987//2987 2696//2696 2988//2988
f 2988//2988 2696//2696 2989//2989
f 2985//2985 2988//2988 2990//2990
f 2985//2985 2987//2987 2988//2988
f 6145//6145 2985//2985 2990//2990
f 6095//6095 2955//2955 2989//2989
f 2990//2990 2988//2988 2989//2989
f 2970//2970 2990//2990 2989//2989
f 2722//2722 2999//2999 2940//2940
f 2978//2978 3344//3344 2991//2991
f 2992//2992 2991//2991 6193//6193
f 2978//2978 3343//3343 3344//3344
f 2978//2978 2991//2991 2704//2704
f 2992//2992 2700//2700 2991//2991
f 3002//3002 2700//2700 2992//2992
f 6146//6146 3344//3344 2993//2993
f 2993//2993 3004//3004 6146//6146
f 2704//2704 2702//2702 2978//2978
f 2978//2978 2702//2702 2687//2687
f 2700//2700 2704//2704 2991//2991
f 6146//6146 3004//3004 3002//3002
f 2994//2994 2980//2980 3005//3005
f 2980//2980 2994//2994 3334//3334
f 2994//2994 3008//3008 3347//3347
f 3347//3347 3008//3008 3345//3345
f 2998//2998 3011//3011 2995//2995
f 2710//2710 2996//2996 2995//2995
f 2713//2713 2996//2996 2710//2710
f 2996//2996 2997//2997 2998//2998
f 2995//2995 2996//2996 2998//2998
f 2998//2998 2997//2997 3337//3337
f 2998//2998 3337//3337 3357//3357
f 3012//3012 3013//3013 3353//3353
f 3000//3000 3013//3013 3015//3015
f 3003//3003 3004//3004 3000//3000
f 3000//3000 3016//3016 3003//3003
f 3001//3001 2993//2993 3344//3344
f 3004//3004 2993//2993 3001//3001
f 3001//3001 3000//3000 3004//3004
f 3000//3000 3015//3015 6149//6149
f 3001//3001 3344//3344 3000//3000
f 3004//3004 3003//3003 2740//2740
f 2994//2994 3006//3006 3007//3007
f 6147//6147 3006//3006 3017//3017
f 3017//3017 3018//3018 6147//6147
f 6147//6147 3018//3018 3019//3019
f 6147//6147 3008//3008 2994//2994
f 6148//6148 3009//3009 6194//6194
f 2998//2998 3357//3357 3011//3011
f 3357//3357 3010//3010 3011//3011
f 3354//3354 3367//3367 3012//3012
f 3024//3024 3038//3038 3012//3012
f 3015//3015 3013//3013 3014//3014
f 3013//3013 3012//3012 3014//3014
f 3015//3015 3014//3014 3027//3027
f 3015//3015 3027//3027 6149//6149
f 3017//3017 3006//3006 2747//2747
f 2747//2747 3020//3020 3017//3017
f 3021//3021 3020//3020 2745//2745
f 3018//3018 3017//3017 3020//3020
f 3019//3019 3018//3018 3020//3020
f 3019//3019 3020//3020 3008//3008
f 3019//3019 3008//3008 6147//6147
f 3021//3021 3008//3008 3020//3020
f 6148//6148 3021//3021 3009//3009
f 3021//3021 3022//3022 3009//3009
f 2750//2750 3022//3022 3021//3021
f 3010//3010 3357//3357 3028//3028
f 6096//6096 3349//3349 3022//3022
f 3349//3349 6096//6096 6195//6195
f 3023//3023 3370//3370 3025//3025
f 3370//3370 3035//3035 3025//3025
f 3367//3367 3024//3024 3012//3012
f 3023//3023 3024//3024 3367//3367
f 3023//3023 3025//3025 3024//3024
f 3036//3036 3024//3024 3025//3025
f 3036//3036 3038//3038 3024//3024
f 3012//3012 3038//3038 3014//3014
f 3014//3014 3026//3026 3027//3027
f 2756//2756 3026//3026 3044//3044
f 3026//3026 3014//3014 3038//3038
f 3026//3026 3038//3038 3044//3044
f 2756//2756 2740//2740 3026//3026
f 2740//2740 6149//6149 3027//3027
f 3027//3027 3026//3026 2740//2740
f 3357//3357 6097//6097 3028//3028
f 3032//3032 3029//3029 3039//3039
f 3039//3039 3029//3029 3030//3030
f 3032//3032 3039//3039 3031//3031
f 3370//3370 3032//3032 3035//3035
f 3034//3034 3033//3033 3036//3036
f 3042//3042 3033//3033 3032//3032
f 3034//3034 3036//3036 3025//3025
f 3034//3034 3025//3025 3035//3035
f 3035//3035 3033//3033 3034//3034
f 3035//3035 3032//3032 3033//3033
f 3033//3033 3042//3042 3041//3041
f 3033//3033 3041//3041 3037//3037
f 3037//3037 3036//3036 3033//3033
f 3041//3041 3047//3047 3037//3037
f 3037//3037 3038//3038 3036//3036
f 3044//3044 3038//3038 3037//3037
f 3378//3378 3039//3039 3030//3030
f 3031//3031 3039//3039 3040//3040
f 3031//3031 3040//3040 3032//3032
f 3040//3040 3042//3042 3032//3032
f 3040//3040 3050//3050 3042//3042
f 3050//3050 3040//3040 3045//3045
f 3046//3046 3040//3040 3039//3039
f 3046//3046 3045//3045 3040//3040
f 3042//3042 3047//3047 3041//3041
f 3043//3043 3037//3037 3047//3047
f 3037//3037 3043//3043 3044//3044
f 3388//3388 3046//3046 3384//3384
f 3045//3045 3046//3046 3050//3050
f 3042//3042 3050//3050 3047//3047
f 3047//3047 3050//3050 3055//3055
f 3043//3043 3047//3047 3048//3048
f 3054//3054 3048//3048 3047//3047
f 3047//3047 3055//3055 3054//3054
f 3043//3043 3048//3048 2757//2757
f 3054//3054 3052//3052 3048//3048
f 3052//3052 2757//2757 3048//3048
f 2766//2766 3044//3044 2763//2763
f 3044//3044 2766//2766 2756//2756
f 3401//3401 3070//3070 3060//3060
f 3401//3401 3046//3046 3388//3388
f 3401//3401 3060//3060 3046//3046
f 3051//3051 3055//3055 3050//3050
f 3046//3046 3051//3051 3050//3050
f 3054//3054 3059//3059 3052//3052
f 3056//3056 3053//3053 3057//3057
f 3053//3053 3052//3052 3059//3059
f 3053//3053 3059//3059 3057//3057
f 3054//3054 3055//3055 3059//3059
f 3059//3059 3055//3055 3062//3062
f 3057//3057 3059//3059 3058//3058
f 2549//2549 3403//3403 3049//3049
f 3046//3046 3060//3060 3051//3051
f 3051//3051 3062//3062 3055//3055
f 3051//3051 3060//3060 3062//3062
f 3060//3060 3070//3070 3063//3063
f 3062//3062 3061//3061 3058//3058
f 3058//3058 3061//3061 3064//3064
f 3058//3058 3059//3059 3062//3062
f 3062//3062 3063//3063 3066//3066
f 3063//3063 3062//3062 3060//3060
f 3065//3065 3064//3064 3061//3061
f 3067//3067 3064//3064 3065//3065
f 3062//3062 3065//3065 3061//3061
f 3062//3062 3066//3066 3065//3065
f 3064//3064 3067//3067 2767//2767
f 3065//3065 3066//3066 3067//3067
f 2767//2767 3067//3067 3068//3068
f 3067//3067 3077//3077 3068//3068
f 3080//3080 3068//3068 3077//3077
f 3068//3068 3069//3069 2769//2769
f 3068//3068 3082//3082 3069//3069
f 3082//3082 3068//3068 3080//3080
f 3082//3082 2769//2769 3069//3069
f 3419//3419 3403//3403 2549//2549
f 3070//3070 3416//3416 3071//3071
f 3416//3416 3072//3072 3071//3071
f 3073//3073 3066//3066 3063//3063
f 3070//3070 3071//3071 3063//3063
f 3071//3071 3073//3073 3063//3063
f 3073//3073 3071//3071 3075//3075
f 3071//3071 3072//3072 3074//3074
f 3072//3072 3084//3084 3074//3074
f 3077//3077 3067//3067 3066//3066
f 3066//3066 3073//3073 3077//3077
f 3077//3077 3073//3073 3075//3075
f 3075//3075 3071//3071 3076//3076
f 3071//3071 3074//3074 3076//3076
f 3077//3077 3075//3075 3078//3078
f 3078//3078 3075//3075 3076//3076
f 3078//3078 3076//3076 3418//3418
f 3080//3080 3077//3077 3081//3081
f 3078//3078 3081//3081 3077//3077
f 3078//3078 3418//3418 3081//3081
f 6198//6198 3088//3088 3089//3089
f 6198//6198 3089//3089 3081//3081
f 6198//6198 3079//3079 3088//3088
f 3081//3081 3082//3082 3080//3080
f 3098//3098 3082//3082 3081//3081
f 3419//3419 3083//3083 3420//3420
f 3420//3420 3083//3083 3423//3423
f 3423//3423 3083//3083 3103//3103
f 3103//3103 3442//3442 3423//3423
f 3076//3076 3074//3074 3079//3079
f 6150//6150 3085//3085 3079//3079
f 3435//3435 3087//3087 3084//3084
f 3084//3084 3087//3087 3074//3074
f 3074//3074 3087//3087 3085//3085
f 3435//3435 3437//3437 3087//3087
f 3079//3079 6198//6198 3076//3076
f 3079//3079 3085//3085 3088//3088
f 3086//3086 3093//3093 3089//3089
f 3085//3085 3087//3087 3088//3088
f 3089//3089 3088//3088 3086//3086
f 3089//3089 3093//3093 3081//3081
f 3087//3087 3090//3090 3088//3088
f 3088//3088 6151//6151 3086//3086
f 3090//3090 3087//3087 3437//3437
f 3086//3086 3090//3090 3091//3091
f 3086//3086 3091//3091 3093//3093
f 3090//3090 3437//3437 3091//3091
f 3437//3437 3438//3438 3091//3091
f 3439//3439 3092//3092 3095//3095
f 3095//3095 6152//6152 3094//3094
f 3094//3094 6152//6152 3099//3099
f 3099//3099 6152//6152 3097//3097
f 3439//3439 3096//3096 6153//6153
f 3096//3096 3100//3100 6153//6153
f 3100//3100 3097//3097 6154//6154
f 3081//3081 3094//3094 3099//3099
f 3439//3439 3093//3093 3440//3440
f 3093//3093 3095//3095 3081//3081
f 3094//3094 3081//3081 3095//3095
f 3439//3439 3095//3095 3093//3093
f 3454//3454 3096//3096 3439//3439
f 3099//3099 3097//3097 3098//3098
f 3097//3097 3100//3100 3098//3098
f 3098//3098 3100//3100 3101//3101
f 3102//3102 3098//3098 3101//3101
f 3098//3098 3081//3081 3099//3099
f 3441//3441 3455//3455 3101//3101
f 3101//3101 3455//3455 3102//3102
f 3103//3103 3083//3083 3107//3107
f 3102//3102 3455//3455 3104//3104
f 3110//3110 3105//3105 3104//3104
f 2771//2771 3102//3102 3104//3104
f 3104//3104 3455//3455 3110//3110
f 3083//3083 2549//2549 2776//2776
f 3083//3083 2776//2776 3108//3108
f 3107//3107 3083//3083 3108//3108
f 3455//3455 3111//3111 3110//3110
f 3106//3106 3105//3105 3110//3110
f 3106//3106 3110//3110 3109//3109
f 3111//3111 3112//3112 3110//3110
f 3455//3455 3462//3462 3111//3111
f 3112//3112 3111//3111 3462//3462
f 6156//6156 6155//6155 2779//2779
f 3108//3108 3114//3114 3107//3107
f 3463//3463 3107//3107 3114//3114
f 3457//3457 3107//3107 3463//3463
f 3114//3114 3108//3108 2786//2786
f 3114//3114 2786//2786 3116//3116
f 3463//3463 3114//3114 3116//3116
f 3116//3116 2786//2786 2793//2793
f 3116//3116 2793//2793 3115//3115
f 3117//3117 3463//3463 3116//3116
f 3118//3118 3116//3116 3115//3115
f 3117//3117 3116//3116 3118//3118
f 3119//3119 3117//3117 3118//3118
f 3118//3118 3464//3464 3119//3119
f 3118//3118 3120//3120 3464//3464
f 3120//3120 3115//3115 2793//2793
f 3120//3120 3118//3118 3115//3115
f 3130//3130 3112//3112 3462//3462
f 3112//3112 3130//3130 6099//6099
f 3112//3112 6099//6099 3110//3110
f 3120//3120 2796//2796 3123//3123
f 3123//3123 3470//3470 3120//3120
f 3121//3121 2799//2799 3122//3122
f 3121//3121 3123//3123 2796//2796
f 3122//3122 3123//3123 3121//3121
f 3126//3126 3122//3122 2799//2799
f 3470//3470 3123//3123 3122//3122
f 3470//3470 3122//3122 3124//3124
f 3126//3126 3124//3124 3122//3122
f 2790//2790 6099//6099 3129//3129
f 6099//6099 3130//3130 3129//3129
f 2799//2799 3121//3121 2796//2796
f 2799//2799 3125//3125 3126//3126
f 3125//3125 2800//2800 3136//3136
f 3125//3125 3136//3136 3126//3126
f 3127//3127 3124//3124 3126//3126
f 3136//3136 3127//3127 3126//3126
f 3136//3136 3139//3139 3127//3127
f 3127//3127 3139//3139 3128//3128
f 3477//3477 3127//3127 3128//3128
f 3479//3479 3128//3128 3139//3139
f 3130//3130 3487//3487 3132//3132
f 6158//6158 6200//6200 3501//3501
f 3130//3130 3131//3131 3129//3129
f 3131//3131 3130//3130 3132//3132
f 6158//6158 2802//2802 6157//6157
f 3134//3134 3136//3136 2800//2800
f 3134//3134 2800//2800 3133//3133
f 3137//3137 3134//3134 3133//3133
f 3137//3137 3133//3133 3135//3135
f 3133//3133 2372//2372 3135//3135
f 3135//3135 2372//2372 3138//3138
f 3137//3137 3136//3136 3134//3134
f 3135//3135 3138//3138 3137//3137
f 3139//3139 3136//3136 3137//3137
f 3140//3140 3139//3139 3137//3137
f 3137//3137 3138//3138 3140//3140
f 3141//3141 3489//3489 3139//3139
f 3141//3141 3142//3142 3489//3489
f 3139//3139 3489//3489 3479//3479
f 3141//3141 3139//3139 3140//3140
f 3140//3140 3147//3147 3141//3141
f 3141//3141 3492//3492 3142//3142
f 3501//3501 3504//3504 3143//3143
f 2803//2803 2802//2802 3144//3144
f 3144//3144 2802//2802 6158//6158
f 6158//6158 3501//3501 3144//3144
f 3501//3501 3143//3143 3144//3144
f 3504//3504 3146//3146 3143//3143
f 3145//3145 2805//2805 3143//3143
f 3146//3146 3145//3145 3143//3143
f 3145//3145 3506//3506 2805//2805
f 3504//3504 3505//3505 3146//3146
f 3505//3505 3145//3145 3146//3146
f 3506//3506 3145//3145 3505//3505
f 3140//3140 3138//3138 6159//6159
f 6159//6159 3138//3138 3148//3148
f 3492//3492 3141//3141 3147//3147
f 6159//6159 3148//3148 3150//3150
f 3148//3148 3149//3149 3150//3150
f 3152//3152 3150//3150 3149//3149
f 6160//6160 3492//3492 3147//3147
f 2571//2571 3151//3151 3152//3152
f 3151//3151 3153//3153 3152//3152
f 3152//3152 3153//3153 3154//3154
f 3152//3152 3154//3154 3150//3150
f 3154//3154 3153//3153 3155//3155
f 6161//6161 3154//3154 3156//3156
f 3156//3156 3154//3154 3155//3155
f 3157//3157 3156//3156 3155//3155
f 6160//6160 3156//3156 3508//3508
f 3163//3163 3156//3156 3157//3157
f 3163//3163 3508//3508 3156//3156
f 3158//3158 3151//3151 2376//2376
f 3158//3158 3153//3153 3151//3151
f 3169//3169 3158//3158 2376//2376
f 3159//3159 3158//3158 3169//3169
f 3159//3159 3153//3153 3158//3158
f 3159//3159 3155//3155 3153//3153
f 3159//3159 3169//3169 3170//3170
f 3157//3157 3155//3155 3160//3160
f 3160//3160 3155//3155 6162//6162
f 3160//3160 6162//6162 3162//3162
f 3160//3160 3164//3164 3157//3157
f 3160//3160 3162//3162 3164//3164
f 3164//3164 3162//3162 3161//3161
f 3161//3161 3162//3162 6164//6164
f 6164//6164 3162//3162 6162//6162
f 3163//3163 3164//3164 3509//3509
f 3509//3509 3164//3164 3165//3165
f 3164//3164 3163//3163 3157//3157
f 3161//3161 3165//3165 3164//3164
f 6165//6165 3166//3166 6163//6163
f 6163//6163 3166//3166 3165//3165
f 3166//3166 6165//6165 3171//3171
f 3169//3169 3172//3172 3170//3170
f 3165//3165 3166//3166 3539//3539
f 3166//3166 3171//3171 3539//3539
f 3506//3506 3534//3534 3168//3168
f 2805//2805 3506//3506 3168//3168
f 3520//3520 3167//3167 3534//3534
f 3143//3143 2805//2805 2804//2804
f 3168//3168 3534//3534 3167//3167
f 3174//3174 3171//3171 6166//6166
f 3170//3170 3172//3172 6167//6167
f 3172//3172 3181//3181 3175//3175
f 6167//6167 3172//3172 3175//3175
f 6167//6167 3175//3175 3173//3173
f 6168//6168 3173//3173 3538//3538
f 3175//3175 3181//3181 3182//3182
f 3173//3173 3175//3175 3182//3182
f 3179//3179 3178//3178 3167//3167
f 3167//3167 3178//3178 3168//3168
f 3535//3535 3179//3179 3167//3167
f 3535//3535 3176//3176 3179//3179
f 3536//3536 3176//3176 3535//3535
f 3176//3176 3177//3177 3180//3180
f 3536//3536 3177//3177 3176//3176
f 3177//3177 3536//3536 3553//3553
f 3176//3176 3180//3180 3179//3179
f 3553//3553 3188//3188 3177//3177
f 3181//3181 3184//3184 3182//3182
f 3181//3181 3183//3183 3184//3184
f 3183//3183 3186//3186 3184//3184
f 3184//3184 3186//3186 3187//3187
f 6170//6170 3546//3546 6169//6169
f 6169//6169 3546//3546 3182//3182
f 3185//3185 3546//3546 6170//6170
f 3194//3194 3187//3187 3186//3186
f 3196//3196 6170//6170 6172//6172
f 6170//6170 3196//3196 3185//3185
f 3189//3189 3185//3185 3196//3196
f 3188//3188 3191//3191 3202//3202
f 3190//3190 3191//3191 3192//3192
f 3191//3191 3190//3190 3202//3202
f 3190//3190 3192//3192 3197//3197
f 3188//3188 6222//6222 3554//3554
f 3554//3554 3191//3191 3188//3188
f 3554//3554 3192//3192 3191//3191
f 3189//3189 6223//6223 3185//3185
f 3189//3189 6171//6171 6223//6223
f 3197//3197 6171//6171 3189//3189
f 3177//3177 2820//2820 3180//3180
f 2820//2820 3188//3188 3202//3202
f 3188//3188 2820//2820 3177//3177
f 3186//3186 3198//3198 3193//3193
f 3193//3193 3198//3198 3200//3200
f 3186//3186 3193//3193 3194//3194
f 3194//3194 3193//3193 3195//3195
f 3193//3193 3200//3200 3195//3195
f 3197//3197 6173//6173 6175//6175
f 6172//6172 3197//3197 3196//3196
f 6173//6173 3197//3197 6172//6172
f 3197//3197 3189//3189 3196//3196
f 3197//3197 3201//3201 3190//3190
f 3198//3198 3204//3204 3199//3199
f 3198//3198 3199//3199 3200//3200
f 3190//3190 3201//3201 3202//3202
f 3201//3201 3197//3197 6175//6175
f 6174//6174 3201//3201 6175//6175
f 3202//3202 3201//3201 3203//3203
f 6174//6174 6177//6177 3201//3201
f 6176//6176 3201//3201 6177//6177
f 3223//3223 6178//6178 3222//3222
f 3555//3555 3556//3556 3207//3207
f 3206//3206 6178//6178 3207//3207
f 3206//3206 3207//3207 3210//3210
f 3207//3207 3556//3556 6181//6181
f 2847//2847 6178//6178 3206//3206
f 6182//6182 3211//3211 3208//3208
f 6183//6183 3209//3209 6179//6179
f 6183//6183 6180//6180 3209//3209
f 6180//6180 6135//6135 3209//3209
f 6135//6135 6179//6179 3209//3209
f 3212//3212 6184//6184 6181//6181
f 3556//3556 3212//3212 6181//6181
f 3214//3214 3212//3212 3213//3213
f 3212//3212 6226//6226 3557//3557
f 3212//3212 3557//3557 3213//3213
f 6185//6185 3215//3215 3214//3214
f 3559//3559 3571//3571 6185//6185
f 6185//6185 3571//3571 3215//3215
f 3216//3216 2849//2849 6136//6136
f 3208//3208 3211//3211 3216//3216
f 3208//3208 3216//3216 6136//6136
f 6184//6184 3212//3212 3216//3216
f 3212//3212 3214//3214 3216//3216
f 3215//3215 3570//3570 3214//3214
f 3584//3584 3214//3214 3570//3570
f 3571//3571 3570//3570 3215//3215
f 3232//3232 3233//3233 3217//3217
f 3217//3217 3233//3233 3235//3235
f 3235//3235 3218//3218 3217//3217
f 2856//2856 3217//3217 2857//2857
f 3218//3218 2857//2857 3217//3217
f 3219//3219 3218//3218 3236//3236
f 3236//3236 3220//3220 3219//3219
f 3220//3220 3236//3236 3221//3221
f 3220//3220 3221//3221 2858//2858
f 3220//3220 2858//2858 3219//3219
f 2859//2859 3221//3221 3238//3238
f 3592//3592 3237//3237 3221//3221
f 3237//3237 3238//3238 3221//3221
f 3245//3245 3222//3222 2863//2863
f 3223//3223 3222//3222 3245//3245
f 3224//3224 3223//3223 3245//3245
f 3224//3224 3245//3245 3246//3246
f 3574//3574 3224//3224 3246//3246
f 3574//3574 3246//3246 3244//3244
f 6178//6178 3223//3223 3207//3207
f 3223//3223 3224//3224 3207//3207
f 3224//3224 3555//3555 3207//3207
f 3216//3216 3227//3227 2849//2849
f 3227//3227 3216//3216 3214//3214
f 3227//3227 3214//3214 3225//3225
f 3226//3226 3227//3227 3225//3225
f 3584//3584 3231//3231 3226//3226
f 3225//3225 3214//3214 3584//3584
f 3225//3225 3584//3584 3226//3226
f 2865//2865 3227//3227 3228//3228
f 3229//3229 3228//3228 3227//3227
f 3226//3226 3229//3229 3227//3227
f 3229//3229 3230//3230 3228//3228
f 3230//3230 3232//3232 3228//3228
f 3226//3226 3231//3231 3229//3229
f 3232//3232 3230//3230 3585//3585
f 3586//3586 3232//3232 3585//3585
f 3231//3231 3586//3586 3229//3229
f 3229//3229 3585//3585 3230//3230
f 3584//3584 3586//3586 3231//3231
f 3586//3586 3585//3585 3229//3229
f 3233//3233 3232//3232 3587//3587
f 3233//3233 3234//3234 3235//3235
f 3234//3234 3590//3590 3235//3235
f 3234//3234 3233//3233 3590//3590
f 3590//3590 3218//3218 3235//3235
f 3218//3218 3590//3590 3236//3236
f 3590//3590 3592//3592 3236//3236
f 3236//3236 3592//3592 3221//3221
f 3237//3237 3594//3594 3238//3238
f 3595//3595 3239//3239 3240//3240
f 3238//3238 3240//3240 3239//3239
f 3240//3240 3238//3238 3594//3594
f 3604//3604 3241//3241 2870//2870
f 3247//3247 2869//2869 3241//3241
f 3604//3604 2870//2870 2867//2867
f 3241//3241 3604//3604 3247//3247
f 3848//3848 3247//3247 3604//3604
f 3241//3241 2869//2869 2871//2871
f 2879//2879 3244//3244 3243//3243
f 3242//3242 3243//3243 3246//3246
f 3243//3243 3244//3244 3246//3246
f 3242//3242 3245//3245 2863//2863
f 3242//3242 3246//3246 3245//3245
f 3248//3248 2600//2600 3247//3247
f 3605//3605 3251//3251 3248//3248
f 3606//3606 3251//3251 3605//3605
f 3249//3249 3251//3251 3250//3250
f 3249//3249 2873//2873 3248//3248
f 3248//3248 3251//3251 3249//3249
f 6138//6138 3250//3250 2877//2877
f 2877//2877 3250//3250 3251//3251
f 3608//3608 3252//3252 3251//3251
f 3251//3251 3252//3252 2877//2877
f 3854//3854 3253//3253 3252//3252
f 3254//3254 3244//3244 2879//2879
f 3254//3254 3609//3609 3244//3244
f 3854//3854 3860//3860 3253//3253
f 2894//2894 3253//3253 3860//3860
f 3609//3609 3262//3262 3610//3610
f 2908//2908 3256//3256 3255//3255
f 3873//3873 2894//2894 3860//3860
f 2894//2894 3267//3267 3258//3258
f 2894//2894 3258//3258 2893//2893
f 3269//3269 3258//3258 3267//3267
f 3258//3258 3269//3269 3257//3257
f 2900//2900 3609//3609 2888//2888
f 3609//3609 2900//2900 3259//3259
f 2900//2900 2917//2917 3259//3259
f 3259//3259 2917//2917 3262//3262
f 3260//3260 3262//3262 2917//2917
f 6186//6186 2917//2917 3626//3626
f 2888//2888 3609//3609 3254//3254
f 3609//3609 3259//3259 3262//3262
f 3262//3262 6186//6186 3261//3261
f 3628//3628 3263//3263 3264//3264
f 2907//2907 3264//3264 3263//3263
f 3255//3255 3264//3264 2908//2908
f 3264//3264 3255//3255 3613//3613
f 3613//3613 3255//3255 3614//3614
f 3255//3255 3256//3256 3614//3614
f 3256//3256 3265//3265 3614//3614
f 3256//3256 2908//2908 2892//2892
f 3614//3614 3265//3265 3619//3619
f 3265//3265 3266//3266 3630//3630
f 3630//3630 3266//3266 3276//3276
f 3276//3276 3274//3274 3630//3630
f 3268//3268 3269//3269 3267//3267
f 3624//3624 3283//3283 3268//3268
f 3257//3257 3270//3270 2913//2913
f 3257//3257 3269//3269 3270//3270
f 3269//3269 3268//3268 3270//3270
f 3268//3268 3283//3283 3270//3270
f 3283//3283 2913//2913 3270//3270
f 2925//2925 3286//3286 3271//3271
f 2917//2917 2925//2925 3271//3271
f 3626//3626 2917//2917 3271//3271
f 3271//3271 3286//3286 3626//3626
f 3288//3288 3626//3626 3286//3286
f 3298//3298 3272//3272 3289//3289
f 3263//3263 3272//3272 2907//2907
f 3272//3272 3263//3263 3273//3273
f 3263//3263 3628//3628 3273//3273
f 3274//3274 3276//3276 3278//3278
f 3279//3279 3274//3274 3278//3278
f 3275//3275 3274//3274 3279//3279
f 3282//3282 3275//3275 6188//6188
f 3630//3630 3274//3274 3275//3275
f 3275//3275 3282//3282 3630//3630
f 3276//3276 3266//3266 2927//2927
f 3277//3277 3276//3276 2927//2927
f 3277//3277 3278//3278 3276//3276
f 3278//3278 3277//3277 3281//3281
f 3281//3281 3277//3277 3291//3291
f 3279//3279 3278//3278 3280//3280
f 3280//3280 3278//3278 3281//3281
f 6188//6188 3280//3280 3282//3282
f 3281//3281 3291//3291 3290//3290
f 3282//3282 3281//3281 3630//3630
f 3282//3282 3280//3280 3281//3281
f 3631//3631 3281//3281 3290//3290
f 3285//3285 3284//3284 3632//3632
f 3283//3283 3284//3284 2924//2924
f 3284//3284 3285//3285 2924//2924
f 3286//3286 3287//3287 3288//3288
f 3633//3633 3288//3288 3296//3296
f 3289//3289 3297//3297 3298//3298
f 3634//3634 3297//3297 3289//3289
f 3272//3272 3273//3273 3289//3289
f 3289//3289 3273//3273 3634//3634
f 6189//6189 3292//3292 3631//3631
f 3290//3290 3291//3291 3299//3299
f 6189//6189 3299//3299 3292//3292
f 3291//3291 3277//3277 2928//2928
f 2928//2928 3299//3299 3291//3291
f 3285//3285 3632//3632 3293//3293
f 3632//3632 3644//3644 3293//3293
f 2941//2941 3293//3293 3644//3644
f 2943//2943 2941//2941 3644//3644
f 2931//2931 3295//3295 3286//3286
f 3294//3294 3295//3295 2931//2931
f 2933//2933 3294//3294 2931//2931
f 6143//6143 3305//3305 3294//3294
f 3294//3294 3296//3296 3295//3295
f 3296//3296 3294//3294 3305//3305
f 3305//3305 3302//3302 3296//3296
f 3286//3286 3295//3295 3287//3287
f 3287//3287 3295//3295 3288//3288
f 3288//3288 3295//3295 3296//3296
f 2956//2956 3298//3298 3297//3297
f 3634//3634 3641//3641 3297//3297
f 3300//3300 3292//3292 3299//3299
f 3644//3644 3301//3301 2943//2943
f 3318//3318 2943//2943 3301//3301
f 3319//3319 2943//2943 3318//3318
f 3304//3304 3303//3303 3302//3302
f 3302//3302 3334//3334 3304//3304
f 3334//3334 3658//3658 3304//3304
f 3302//3302 3305//3305 6143//6143
f 3303//3303 3296//3296 3302//3302
f 3306//3306 3307//3307 3308//3308
f 3309//3309 3310//3310 3306//3306
f 3312//3312 3310//3310 3309//3309
f 3307//3307 3306//3306 3310//3310
f 3310//3310 3314//3314 3307//3307
f 3307//3307 3314//3314 3308//3308
f 2970//2970 3311//3311 3312//3312
f 3315//3315 3312//3312 3311//3311
f 3310//3310 3313//3313 3314//3314
f 3315//3315 3313//3313 3312//3312
f 3313//3313 3310//3310 3312//3312
f 3313//3313 3315//3315 3314//3314
f 3297//3297 3315//3315 3311//3311
f 3297//3297 3311//3311 2956//2956
f 3297//3297 3641//3641 3315//3315
f 3315//3315 3641//3641 3314//3314
f 3299//3299 3936//3936 3300//3300
f 3328//3328 3936//3936 3299//3299
f 6190//6190 3316//3316 3318//3318
f 3645//3645 3316//3316 6190//6190
f 3316//3316 3319//3319 3318//3318
f 3320//3320 3321//3321 3336//3336
f 3322//3322 3323//3323 3320//3320
f 3323//3323 3646//3646 3647//3647
f 3647//3647 3660//3660 3323//3323
f 3660//3660 3320//3320 3323//3323
f 3323//3323 2967//2967 3324//3324
f 3646//3646 3323//3323 3324//3324
f 2967//2967 2691//2691 3653//3653
f 3325//3325 3664//3664 2983//2983
f 2691//2691 2983//2983 3664//3664
f 3664//3664 3653//3653 2691//2691
f 3327//3327 3325//3325 2984//2984
f 3651//3651 3325//3325 3327//3327
f 3325//3325 3651//3651 3664//3664
f 3326//3326 2968//2968 3306//3306
f 3327//3327 2986//2986 3326//3326
f 3326//3326 3306//3306 3308//3308
f 3327//3327 3326//3326 3308//3308
f 3669//3669 3339//3339 3329//3329
f 3329//3329 3339//3339 3341//3341
f 3330//3330 3316//3316 3331//3331
f 3331//3331 3316//3316 3317//3317
f 3332//3332 3331//3331 3317//3317
f 3317//3317 3329//3329 3332//3332
f 3333//3333 2974//2974 3331//3331
f 3331//3331 3332//3332 3333//3333
f 3343//3343 3333//3333 3332//3332
f 3333//3333 3343//3343 2978//2978
f 3343//3343 3332//3332 3329//3329
f 2978//2978 2976//2976 3333//3333
f 3334//3334 3346//3346 3672//3672
f 3672//3672 3346//3346 3671//3671
f 3337//3337 3338//3338 3674//3674
f 3337//3337 3336//3336 3321//3321
f 3321//3321 3338//3338 3337//3337
f 3338//3338 3686//3686 3674//3674
f 3328//3328 2999//2999 3936//3936
f 3339//3339 3350//3350 3355//3355
f 3339//3339 3689//3689 3350//3350
f 3669//3669 3689//3689 3339//3339
f 3339//3339 3342//3342 3341//3341
f 3339//3339 3353//3353 3342//3342
f 3329//3329 3341//3341 3340//3340
f 3340//3340 3341//3341 3342//3342
f 3340//3340 3342//3342 3343//3343
f 3343//3343 3329//3329 3340//3340
f 3342//3342 3344//3344 3343//3343
f 3346//3346 2994//2994 3347//3347
f 3346//3346 3334//3334 2994//2994
f 3335//3335 3009//3009 3349//3349
f 3345//3345 3348//3348 3347//3347
f 3345//3345 6192//6192 3348//3348
f 3335//3335 3349//3349 3673//3673
f 3346//3346 3347//3347 3671//3671
f 3348//3348 3671//3671 3347//3347
f 6192//6192 3671//3671 3348//3348
f 6195//6195 3690//3690 3349//3349
f 3337//3337 3674//3674 3357//3357
f 3673//3673 3349//3349 6244//6244
f 3936//3936 2999//2999 4092//4092
f 3356//3356 3355//3355 3350//3350
f 3692//3692 3358//3358 3352//3352
f 3693//3693 3351//3351 3350//3350
f 3350//3350 3351//3351 3356//3356
f 3352//3352 3693//3693 3692//3692
f 3693//3693 3352//3352 3351//3351
f 3355//3355 3353//3353 3339//3339
f 3356//3356 3354//3354 3353//3353
f 3355//3355 3356//3356 3353//3353
f 3356//3356 3351//3351 3354//3354
f 3013//3013 3342//3342 3353//3353
f 3344//3344 3342//3342 3013//3013
f 3000//3000 3344//3344 3013//3013
f 3009//3009 3022//3022 3349//3349
f 6194//6194 3009//3009 3335//3335
f 3363//3363 3697//3697 3696//3696
f 3703//3703 3363//3363 3696//3696
f 3364//3364 3358//3358 3360//3360
f 3368//3368 3370//3370 3361//3361
f 3352//3352 3358//3358 3365//3365
f 3358//3358 3359//3359 3360//3360
f 3360//3360 3359//3359 3362//3362
f 3361//3361 3360//3360 3362//3362
f 3364//3364 3360//3360 3366//3366
f 3366//3366 3360//3360 3361//3361
f 3368//3368 3361//3361 3363//3363
f 3359//3359 3358//3358 3692//3692
f 3362//3362 3363//3363 3361//3361
f 3369//3369 3363//3363 3703//3703
f 3363//3363 3362//3362 3699//3699
f 3363//3363 3699//3699 3697//3697
f 3358//3358 3364//3364 3367//3367
f 3370//3370 3364//3364 3366//3366
f 3370//3370 3367//3367 3364//3364
f 3367//3367 3351//3351 3365//3365
f 3358//3358 3367//3367 3365//3365
f 3367//3367 3354//3354 3351//3351
f 3365//3365 3351//3351 3352//3352
f 3366//3366 3361//3361 3370//3370
f 3023//3023 3367//3367 3370//3370
f 3353//3353 3354//3354 3012//3012
f 3703//3703 3705//3705 3369//3369
f 3029//3029 3370//3370 3368//3368
f 3029//3029 3368//3368 3369//3369
f 3368//3368 3363//3363 3369//3369
f 3030//3030 3029//3029 3369//3369
f 3705//3705 3378//3378 3030//3030
f 3030//3030 3369//3369 3705//3705
f 3370//3370 3029//3029 3032//3032
f 3373//3373 3372//3372 3380//3380
f 3373//3373 3705//3705 3704//3704
f 3378//3378 3705//3705 3379//3379
f 3372//3372 3373//3373 3704//3704
f 3379//3379 3705//3705 3373//3373
f 3375//3375 3371//3371 3374//3374
f 3375//3375 3372//3372 3371//3371
f 3372//3372 3704//3704 3371//3371
f 3373//3373 3380//3380 3379//3379
f 3380//3380 3372//3372 3375//3375
f 3375//3375 3377//3377 3376//3376
f 3374//3374 3377//3377 3375//3375
f 3378//3378 3379//3379 3039//3039
f 3039//3039 3379//3379 3046//3046
f 3376//3376 3379//3379 3380//3380
f 3379//3379 3376//3376 3046//3046
f 3375//3375 3376//3376 3380//3380
f 2999//2999 2752//2752 3952//3952
f 3952//3952 2752//2752 3049//3049
f 3381//3381 3382//3382 3377//3377
f 3377//3377 3382//3382 3376//3376
f 3381//3381 3386//3386 3382//3382
f 3376//3376 3384//3384 3046//3046
f 3376//3376 3383//3383 3384//3384
f 3383//3383 3376//3376 3387//3387
f 3376//3376 3382//3382 3387//3387
f 3386//3386 3385//3385 3382//3382
f 3382//3382 3385//3385 3387//3387
f 3387//3387 3385//3385 3393//3393
f 3386//3386 3391//3391 3385//3385
f 3384//3384 3383//3383 3390//3390
f 3387//3387 3396//3396 3383//3383
f 3387//3387 3393//3393 3407//3407
f 3390//3390 3389//3389 3384//3384
f 3384//3384 3389//3389 3388//3388
f 3388//3388 3389//3389 3401//3401
f 3389//3389 3390//3390 3397//3397
f 3383//3383 3396//3396 3390//3390
f 3712//3712 3049//3049 3403//3403
f 3391//3391 3386//3386 3715//3715
f 3406//3406 3392//3392 3391//3391
f 3404//3404 3406//3406 3391//3391
f 3391//3391 3393//3393 3385//3385
f 3391//3391 3392//3392 3393//3393
f 3396//3396 3387//3387 3407//3407
f 3393//3393 3394//3394 3407//3407
f 3393//3393 3392//3392 3394//3394
f 3390//3390 3395//3395 3397//3397
f 3396//3396 3395//3395 3390//3390
f 3396//3396 3400//3400 3395//3395
f 3400//3400 3396//3396 3407//3407
f 3389//3389 3397//3397 3398//3398
f 3389//3389 3398//3398 3401//3401
f 3399//3399 3397//3397 3395//3395
f 3397//3397 3414//3414 3398//3398
f 3399//3399 3414//3414 3397//3397
f 3399//3399 3395//3395 3400//3400
f 3400//3400 3407//3407 3399//3399
f 3398//3398 3402//3402 3401//3401
f 3401//3401 3402//3402 3415//3415
f 3414//3414 3402//3402 3398//3398
f 3401//3401 3415//3415 3070//3070
f 3724//3724 3403//3403 3419//3419
f 3724//3724 3419//3419 3727//3727
f 3406//3406 3405//3405 3392//3392
f 3405//3405 3394//3394 3392//3392
f 3407//3407 3394//3394 3405//3405
f 3405//3405 3406//3406 3412//3412
f 3408//3408 6197//6197 3406//3406
f 3412//3412 3407//3407 3405//3405
f 3412//3412 3414//3414 3407//3407
f 3406//3406 3409//3409 3408//3408
f 6196//6196 3409//3409 3410//3410
f 3410//3410 3411//3411 6196//6196
f 3408//3408 3411//3411 6197//6197
f 3406//3406 3404//3404 3409//3409
f 3409//3409 3404//3404 3410//3410
f 3404//3404 3411//3411 3410//3410
f 3404//3404 3426//3426 3411//3411
f 3399//3399 3407//3407 3414//3414
f 3411//3411 3413//3413 6197//6197
f 6197//6197 3413//3413 3427//3427
f 3427//3427 3414//3414 3412//3412
f 3426//3426 3413//3413 3411//3411
f 3426//3426 3427//3427 3413//3413
f 3402//3402 3414//3414 3415//3415
f 3427//3427 3415//3415 3414//3414
f 3415//3415 3416//3416 3070//3070
f 3416//3416 3417//3417 3072//3072
f 3416//3416 3415//3415 3417//3417
f 3417//3417 3415//3415 3427//3427
f 3084//3084 3072//3072 3417//3417
f 3419//3419 3420//3420 3421//3421
f 3421//3421 3727//3727 3419//3419
f 3422//3422 3420//3420 3423//3423
f 3422//3422 3423//3423 3424//3424
f 3728//3728 3422//3422 3424//3424
f 3420//3420 3422//3422 3421//3421
f 3729//3729 3422//3422 3728//3728
f 3423//3423 3442//3442 3424//3424
f 3442//3442 3443//3443 3424//3424
f 3443//3443 3728//3728 3424//3424
f 3425//3425 3426//3426 3404//3404
f 3734//3734 3426//3426 3425//3425
f 3734//3734 3735//3735 3426//3426
f 3735//3735 3736//3736 3426//3426
f 3426//3426 3736//3736 3427//3427
f 3430//3430 3417//3417 3428//3428
f 3427//3427 3428//3428 3417//3417
f 3432//3432 3430//3430 3428//3428
f 3427//3427 3429//3429 3428//3428
f 3432//3432 3428//3428 3429//3429
f 3433//3433 3432//3432 3429//3429
f 3433//3433 3429//3429 3451//3451
f 3427//3427 3451//3451 3429//3429
f 3417//3417 3430//3430 3084//3084
f 3430//3430 3431//3431 3084//3084
f 3431//3431 3430//3430 3432//3432
f 3433//3433 3431//3431 3432//3432
f 3084//3084 3431//3431 3435//3435
f 3431//3431 3433//3433 3434//3434
f 3431//3431 3434//3434 3436//3436
f 3453//3453 3434//3434 3433//3433
f 3434//3434 3453//3453 3436//3436
f 3436//3436 3435//3435 3431//3431
f 3436//3436 3453//3453 3460//3460
f 3436//3436 3460//3460 3454//3454
f 3435//3435 3436//3436 3454//3454
f 3440//3440 3091//3091 3438//3438
f 3091//3091 3440//3440 3093//3093
f 3435//3435 3438//3438 3437//3437
f 3440//3440 3438//3438 3454//3454
f 3454//3454 3438//3438 3435//3435
f 3454//3454 3439//3439 3440//3440
f 3441//3441 3096//3096 3454//3454
f 3441//3441 3101//3101 3100//3100
f 3096//3096 3441//3441 3100//3100
f 3107//3107 3442//3442 3103//3103
f 3443//3443 3442//3442 3444//3444
f 3443//3443 3444//3444 3731//3731
f 3107//3107 3444//3444 3442//3442
f 3445//3445 3731//3731 3444//3444
f 3732//3732 3731//3731 3445//3445
f 3732//3732 3445//3445 3457//3457
f 3736//3736 3451//3451 3427//3427
f 3453//3453 3433//3433 3450//3450
f 3433//3433 3447//3447 3450//3450
f 3448//3448 3450//3450 3447//3447
f 3452//3452 3450//3450 6199//6199
f 3449//3449 3433//3433 3451//3451
f 3433//3433 3449//3449 3447//3447
f 3448//3448 3449//3449 3451//3451
f 3449//3449 3448//3448 3447//3447
f 3451//3451 3446//3446 3448//3448
f 3446//3446 3452//3452 6199//6199
f 3460//3460 3452//3452 3737//3737
f 3740//3740 3737//3737 3452//3452
f 3450//3450 3460//3460 3453//3453
f 3452//3452 3460//3460 3450//3450
f 3454//3454 3460//3460 3459//3459
f 3456//3456 3455//3455 3441//3441
f 3454//3454 3456//3456 3441//3441
f 3454//3454 3459//3459 3456//3456
f 3461//3461 3455//3455 3456//3456
f 3444//3444 3107//3107 3445//3445
f 3445//3445 3107//3107 3457//3457
f 3463//3463 3465//3465 3457//3457
f 3457//3457 3465//3465 3466//3466
f 3458//3458 3457//3457 3466//3466
f 3457//3457 3458//3458 3732//3732
f 3737//3737 3745//3745 3460//3460
f 3460//3460 3746//3746 3459//3459
f 3459//3459 3749//3749 3456//3456
f 3461//3461 3456//3456 3749//3749
f 3462//3462 3461//3461 3469//3469
f 3469//3469 3461//3461 3749//3749
f 3461//3461 3462//3462 3455//3455
f 3463//3463 3117//3117 3465//3465
f 3119//3119 3465//3465 3117//3117
f 3464//3464 3465//3465 3119//3119
f 3465//3465 3464//3464 3466//3466
f 3120//3120 3466//3466 3464//3464
f 3467//3467 3458//3458 3466//3466
f 3468//3468 3458//3458 3467//3467
f 3469//3469 3475//3475 3462//3462
f 3774//3774 3475//3475 3469//3469
f 3462//3462 3475//3475 3130//3130
f 3120//3120 3467//3467 3466//3466
f 3470//3470 3124//3124 3127//3127
f 3471//3471 3120//3120 3470//3470
f 3467//3467 3471//3471 3472//3472
f 3471//3471 3467//3467 3120//3120
f 3470//3470 3127//3127 3477//3477
f 3471//3471 3470//3470 3477//3477
f 3472//3472 3471//3471 3477//3477
f 3472//3472 3480//3480 3473//3473
f 3467//3467 3472//3472 3473//3473
f 3468//3468 3467//3467 3473//3473
f 3474//3474 3468//3468 3473//3473
f 3468//3468 3474//3474 3760//3760
f 3760//3760 3474//3474 3761//3761
f 3481//3481 3473//3473 3480//3480
f 3473//3473 3481//3481 3474//3474
f 3474//3474 3481//3481 3484//3484
f 3762//3762 3761//3761 3474//3474
f 3130//3130 3475//3475 3487//3487
f 3475//3475 3476//3476 3487//3487
f 3478//3478 3128//3128 3479//3479
f 3472//3472 3477//3477 3478//3478
f 3477//3477 3128//3128 3478//3478
f 3480//3480 3472//3472 3478//3478
f 3478//3478 3479//3479 3481//3481
f 3478//3478 3481//3481 3480//3480
f 3479//3479 3488//3488 3482//3482
f 3489//3489 3488//3488 3479//3479
f 3481//3481 3483//3483 3484//3484
f 3479//3479 3483//3483 3481//3481
f 3479//3479 3482//3482 3483//3483
f 3483//3483 3482//3482 3490//3490
f 3483//3483 3490//3490 3484//3484
f 3490//3490 3474//3474 3484//3484
f 3491//3491 3474//3474 3490//3490
f 3474//3474 3491//3491 3777//3777
f 3791//3791 3777//3777 3491//3491
f 3487//3487 3476//3476 3485//3485
f 3497//3497 3485//3485 3486//3486
f 3488//3488 3489//3489 3142//3142
f 3142//3142 3490//3490 3488//3488
f 3490//3490 3482//3482 3488//3488
f 3142//3142 3492//3492 3490//3490
f 3490//3490 3492//3492 3508//3508
f 3490//3490 3508//3508 3493//3493
f 3491//3491 3490//3490 3493//3493
f 3491//3491 3493//3493 3791//3791
f 3791//3791 3493//3493 3792//3792
f 3486//3486 3494//3494 3497//3497
f 3497//3497 3494//3494 3495//3495
f 3495//3495 3496//3496 3497//3497
f 3795//3795 3801//3801 6201//6201
f 6201//6201 3800//3800 6202//6202
f 3802//3802 3814//3814 6202//6202
f 3814//3814 6203//6203 6202//6202
f 3485//3485 3499//3499 3487//3487
f 3522//3522 6203//6203 3814//3814
f 3522//3522 6204//6204 6203//6203
f 3485//3485 3498//3498 3499//3499
f 3496//3496 3500//3500 3497//3497
f 3485//3485 3497//3497 3498//3498
f 3500//3500 3499//3499 3498//3498
f 3498//3498 3497//3497 3500//3500
f 3487//3487 3502//3502 3501//3501
f 3502//3502 3507//3507 3501//3501
f 3501//3501 3507//3507 3504//3504
f 3499//3499 3502//3502 3487//3487
f 3499//3499 3507//3507 3502//3502
f 3499//3499 3500//3500 3507//3507
f 3503//3503 3534//3534 3500//3500
f 3534//3534 3507//3507 3500//3500
f 3496//3496 3520//3520 3503//3503
f 3496//3496 3503//3503 3500//3500
f 3507//3507 3505//3505 3504//3504
f 3506//3506 3505//3505 3507//3507
f 3506//3506 3507//3507 3534//3534
f 6160//6160 3508//3508 3492//3492
f 3508//3508 3509//3509 3493//3493
f 3509//3509 3508//3508 3163//3163
f 3165//3165 3511//3511 3509//3509
f 3792//3792 3493//3493 3509//3509
f 3512//3512 3510//3510 3509//3509
f 3792//3792 3509//3509 3510//3510
f 3165//3165 3539//3539 3511//3511
f 3511//3511 3539//3539 3512//3512
f 3512//3512 3509//3509 3511//3511
f 3512//3512 3515//3515 3803//3803
f 3516//3516 3803//3803 3515//3515
f 3803//3803 3510//3510 3512//3512
f 3515//3515 3512//3512 3513//3513
f 3513//3513 3514//3514 3515//3515
f 3514//3514 3513//3513 3545//3545
f 3513//3513 3512//3512 3545//3545
f 3516//3516 3514//3514 3518//3518
f 3514//3514 3516//3516 3515//3515
f 3518//3518 3517//3517 3516//3516
f 3517//3517 3518//3518 3519//3519
f 3806//3806 3516//3516 3517//3517
f 3806//3806 3517//3517 3807//3807
f 3517//3517 3519//3519 3807//3807
f 3807//3807 3519//3519 3818//3818
f 3514//3514 3545//3545 3544//3544
f 3514//3514 3544//3544 3550//3550
f 3519//3519 3518//3518 3523//3523
f 6267//6267 3519//3519 3815//3815
f 3522//3522 3521//3521 6204//6204
f 3520//3520 3534//3534 3503//3503
f 3526//3526 6205//6205 6206//6206
f 3518//3518 3548//3548 3523//3523
f 3819//3819 6206//6206 3814//3814
f 3526//3526 6206//6206 3524//3524
f 3531//3531 3526//3526 3524//3524
f 6208//6208 3552//3552 6215//6215
f 3551//3551 6221//6221 6209//6209
f 3528//3528 6206//6206 3819//3819
f 3528//3528 3524//3524 6206//6206
f 3523//3523 3527//3527 3519//3519
f 3527//3527 3523//3523 3529//3529
f 3530//3530 3525//3525 6212//6212
f 6209//6209 6212//6212 3525//3525
f 6211//6211 3523//3523 3548//3548
f 6207//6207 6211//6211 3548//3548
f 3551//3551 6209//6209 3525//3525
f 3815//3815 3519//3519 3532//3532
f 3519//3519 3527//3527 3532//3532
f 3529//3529 3532//3532 3527//3527
f 6212//6212 6210//6210 3533//3533
f 3524//3524 3528//3528 3531//3531
f 6213//6213 3532//3532 3529//3529
f 3529//3529 3523//3523 6213//6213
f 6212//6212 3533//3533 3530//3530
f 6211//6211 6213//6213 3523//3523
f 3817//3817 3819//3819 3814//3814
f 3528//3528 3819//3819 3820//3820
f 3815//3815 3532//3532 6268//6268
f 3532//3532 6214//6214 6268//6268
f 6210//6210 6269//6269 3533//3533
f 6204//6204 3535//3535 3167//3167
f 6204//6204 3521//3521 3535//3535
f 3536//3536 3535//3535 6205//6205
f 3526//3526 3536//3536 6205//6205
f 3537//3537 3539//3539 3171//3171
f 3171//3171 3174//3174 3537//3537
f 3537//3537 3174//3174 3541//3541
f 6216//6216 3542//3542 3541//3541
f 6216//6216 3541//3541 3174//3174
f 3173//3173 6217//6217 3538//3538
f 3539//3539 3541//3541 3540//3540
f 3539//3539 3540//3540 3512//3512
f 3512//3512 3540//3540 3543//3543
f 3539//3539 3537//3537 3541//3541
f 3543//3543 3545//3545 3512//3512
f 3173//3173 3182//3182 6217//6217
f 3546//3546 6217//6217 3182//3182
f 3543//3543 3540//3540 3547//3547
f 3540//3540 3541//3541 6218//6218
f 3540//3540 3546//3546 3547//3547
f 3541//3541 3542//3542 6218//6218
f 3550//3550 3545//3545 3547//3547
f 3518//3518 3514//3514 3548//3548
f 3545//3545 3543//3543 3547//3547
f 3514//3514 3550//3550 3548//3548
f 3544//3544 3545//3545 3550//3550
f 3547//3547 3546//3546 3550//3550
f 6220//6220 6207//6207 3548//3548
f 6219//6219 6221//6221 3551//3551
f 3552//3552 3550//3550 6215//6215
f 3548//3548 3550//3550 6220//6220
f 6215//6215 3550//3550 6222//6222
f 3550//3550 3549//3549 6222//6222
f 3549//3549 3554//3554 6222//6222
f 3185//3185 3550//3550 3546//3546
f 3550//3550 3185//3185 3549//3549
f 3549//3549 3185//3185 6224//6224
f 3581//3581 3567//3567 3557//3557
f 3557//3557 3567//3567 3562//3562
f 3567//3567 3581//3581 3568//3568
f 3559//3559 3561//3561 3571//3571
f 6185//6185 3560//3560 3561//3561
f 3559//3559 6185//6185 3561//3561
f 3557//3557 3562//3562 3213//3213
f 3560//3560 6185//6185 3562//3562
f 3560//3560 3562//3562 3563//3563
f 3560//3560 3563//3563 3561//3561
f 6227//6227 6228//6228 3572//3572
f 6227//6227 3572//3572 3571//3571
f 3562//3562 3564//3564 3563//3563
f 6229//6229 6230//6230 3566//3566
f 6230//6230 3565//3565 3566//3566
f 3567//3567 6231//6231 3562//3562
f 6231//6231 3564//3564 3562//3562
f 3566//3566 6232//6232 3573//3573
f 3572//3572 6229//6229 3566//3566
f 3568//3568 6232//6232 3567//3567
f 3566//3566 3573//3573 3572//3572
f 6232//6232 3568//3568 3573//3573
f 3569//3569 3573//3573 3558//3558
f 6233//6233 3558//3558 3573//3573
f 3571//3571 3572//3572 3570//3570
f 3572//3572 3584//3584 3570//3570
f 3572//3572 3573//3573 3584//3584
f 3573//3573 3583//3583 3584//3584
f 3583//3583 3828//3828 3584//3584
f 3569//3569 3583//3583 3573//3573
f 3828//3828 3601//3601 3584//3584
f 3574//3574 3575//3575 3224//3224
f 3244//3244 3575//3575 3574//3574
f 3577//3577 3244//3244 3598//3598
f 3579//3579 6234//6234 6237//6237
f 6225//6225 3575//3575 3576//3576
f 3557//3557 6226//6226 3576//3576
f 6226//6226 6225//6225 3576//3576
f 6225//6225 3224//3224 3575//3575
f 3576//3576 3575//3575 3557//3557
f 3557//3557 3575//3575 3581//3581
f 3575//3575 3577//3577 3581//3581
f 3244//3244 3577//3577 3575//3575
f 6236//6236 6234//6234 3578//3578
f 3578//3578 6234//6234 3579//3579
f 3578//3578 6235//6235 3580//3580
f 3578//3578 3580//3580 3582//3582
f 3578//3578 6233//6233 6236//6236
f 3578//3578 3582//3582 6233//6233
f 6233//6233 3582//3582 3558//3558
f 3582//3582 3580//3580 3823//3823
f 3558//3558 3582//3582 3823//3823
f 3569//3569 3829//3829 3583//3583
f 3829//3829 3828//3828 3583//3583
f 3584//3584 3601//3601 3586//3586
f 3232//3232 3586//3586 3601//3601
f 3587//3587 3232//3232 3601//3601
f 3588//3588 3587//3587 3602//3602
f 3233//3233 3587//3587 3590//3590
f 3588//3588 3590//3590 3587//3587
f 3590//3590 3588//3588 3589//3589
f 3591//3591 3590//3590 3589//3589
f 3591//3591 3603//3603 3592//3592
f 3591//3591 3592//3592 3590//3590
f 3592//3592 3603//3603 3593//3593
f 3834//3834 3594//3594 3593//3593
f 3592//3592 3593//3593 3237//3237
f 3593//3593 3594//3594 3237//3237
f 3594//3594 3604//3604 3596//3596
f 3594//3594 3595//3595 3240//3240
f 3594//3594 3596//3596 3595//3595
f 3239//3239 3595//3595 3596//3596
f 3596//3596 3604//3604 3239//3239
f 3600//3600 3599//3599 3597//3597
f 3607//3607 3600//3600 3597//3597
f 3835//3835 3600//3600 3607//3607
f 3599//3599 3598//3598 3244//3244
f 3599//3599 6235//6235 3598//3598
f 3599//3599 3580//3580 6235//6235
f 3823//3823 3599//3599 3600//3600
f 3599//3599 3823//3823 3580//3580
f 3600//3600 3835//3835 3823//3823
f 3601//3601 3602//3602 3587//3587
f 3602//3602 3589//3589 3588//3588
f 3589//3589 3603//3603 3591//3591
f 3247//3247 3848//3848 3248//3248
f 3248//3248 3606//3606 3605//3605
f 3251//3251 3606//3606 3608//3608
f 3244//3244 3609//3609 3607//3607
f 3607//3607 3855//3855 3850//3850
f 3599//3599 3244//3244 3597//3597
f 3597//3597 3244//3244 3607//3607
f 3607//3607 3850//3850 3835//3835
f 3606//3606 3851//3851 3608//3608
f 3252//3252 3608//3608 3851//3851
f 3851//3851 3854//3854 3252//3252
f 3610//3610 3855//3855 3609//3609
f 3609//3609 3855//3855 3607//3607
f 3859//3859 3860//3860 3854//3854
f 3262//3262 3611//3611 3610//3610
f 3611//3611 3855//3855 3610//3610
f 2894//2894 3873//3873 3267//3267
f 3611//3611 6186//6186 3626//3626
f 3611//3611 3261//3261 6186//6186
f 3261//3261 3611//3611 3262//3262
f 3626//3626 3855//3855 3611//3611
f 3861//3861 3629//3629 3264//3264
f 3264//3264 3613//3613 3862//3862
f 3264//3264 3862//3862 3861//3861
f 3612//3612 3617//3617 3613//3613
f 3863//3863 3613//3613 3618//3618
f 3613//3613 6239//6239 3618//3618
f 3613//3613 3614//3614 3612//3612
f 3612//3612 3614//3614 3615//3615
f 3615//3615 3614//3614 3619//3619
f 3612//3612 6238//6238 3616//3616
f 3619//3619 3616//3616 6238//6238
f 3617//3617 3616//3616 3619//3619
f 3612//3612 3616//3616 3617//3617
f 3619//3619 3265//3265 3620//3620
f 3619//3619 3620//3620 3617//3617
f 3618//3618 6239//6239 3620//3620
f 3618//3618 3621//3621 3866//3866
f 3621//3621 3265//3265 3630//3630
f 3618//3618 3620//3620 3621//3621
f 3620//3620 3265//3265 3621//3621
f 3622//3622 3268//3268 3267//3267
f 3623//3623 3268//3268 3622//3622
f 6187//6187 6280//6280 6240//6240
f 3623//3623 3624//3624 3268//3268
f 3874//3874 3283//3283 3624//3624
f 3288//3288 3625//3625 3626//3626
f 3627//3627 3876//3876 3641//3641
f 3641//3641 3629//3629 3627//3627
f 3629//3629 3628//3628 3264//3264
f 3631//3631 3630//3630 3281//3281
f 3877//3877 3621//3621 3630//3630
f 3877//3877 3630//3630 3636//3636
f 3636//3636 3630//3630 3631//3631
f 3635//3635 3636//3636 3631//3631
f 3632//3632 3880//3880 3878//3878
f 3283//3283 3880//3880 3284//3284
f 3632//3632 3284//3284 3880//3880
f 3874//3874 3880//3880 3283//3283
f 3633//3633 3296//3296 3639//3639
f 3625//3625 3288//3288 3633//3633
f 3876//3876 3642//3642 3641//3641
f 3634//3634 3273//3273 3628//3628
f 3634//3634 3628//3628 3629//3629
f 3634//3634 3629//3629 3641//3641
f 3635//3635 3631//3631 3292//3292
f 3635//3635 3637//3637 3636//3636
f 3637//3637 3638//3638 3636//3636
f 3637//3637 3635//3635 3292//3292
f 3292//3292 3300//3300 3637//3637
f 3300//3300 3638//3638 3637//3637
f 3636//3636 3638//3638 3300//3300
f 3644//3644 3632//3632 3895//3895
f 3303//3303 3304//3304 3639//3639
f 3296//3296 3303//3303 3639//3639
f 3304//3304 3897//3897 3639//3639
f 3640//3640 3639//3639 3897//3897
f 3897//3897 3896//3896 3640//3640
f 3908//3908 3890//3890 3654//3654
f 3656//3656 3641//3641 3642//3642
f 3908//3908 3656//3656 3892//3892
f 3876//3876 3892//3892 3642//3642
f 3642//3642 3892//3892 3656//3656
f 3636//3636 3300//3300 3909//3909
f 3643//3643 3645//3645 3895//3895
f 3643//3643 3657//3657 3645//3645
f 3644//3644 3645//3645 6190//6190
f 3645//3645 3644//3644 3895//3895
f 3304//3304 3658//3658 3897//3897
f 3648//3648 3662//3662 3661//3661
f 3662//3662 3648//3648 3913//3913
f 3649//3649 3646//3646 3324//3324
f 3647//3647 3646//3646 3915//3915
f 3646//3646 3649//3649 3650//3650
f 3648//3648 3647//3647 3915//3915
f 3646//3646 3650//3650 3915//3915
f 3324//3324 3650//3650 3649//3649
f 2967//2967 3916//3916 3324//3324
f 3916//3916 2967//2967 3653//3653
f 3651//3651 3652//3652 3664//3664
f 3653//3653 3664//3664 3652//3652
f 3651//3651 3327//3327 3308//3308
f 3651//3651 3308//3308 3654//3654
f 3890//3890 3651//3651 3654//3654
f 3918//3918 3652//3652 3651//3651
f 3651//3651 3917//3917 3918//3918
f 3917//3917 3651//3651 3890//3890
f 3654//3654 3308//3308 3655//3655
f 3908//3908 3654//3654 3655//3655
f 3641//3641 3656//3656 3314//3314
f 3314//3314 3656//3656 6191//6191
f 3656//3656 3655//3655 3308//3308
f 3908//3908 3655//3655 3656//3656
f 3657//3657 3643//3643 3665//3665
f 3645//3645 3657//3657 3317//3317
f 3665//3665 3668//3668 3657//3657
f 3316//3316 3645//3645 3317//3317
f 3672//3672 3671//3671 3685//3685
f 3672//3672 3685//3685 3927//3927
f 3320//3320 3660//3660 3321//3321
f 3663//3663 3686//3686 3321//3321
f 3926//3926 3686//3686 3663//3663
f 3927//3927 3658//3658 3672//3672
f 3927//3927 3685//3685 3659//3659
f 3927//3927 3659//3659 3926//3926
f 3660//3660 3648//3648 3661//3661
f 3647//3647 3648//3648 3660//3660
f 3661//3661 3321//3321 3660//3660
f 3661//3661 3663//3663 3321//3321
f 3661//3661 3662//3662 3663//3663
f 3662//3662 3926//3926 3663//3663
f 3929//3929 3666//3666 3665//3665
f 3929//3929 3670//3670 3666//3666
f 3667//3667 3670//3670 3929//3929
f 3667//3667 3929//3929 3933//3933
f 3667//3667 3934//3934 3688//3688
f 3929//3929 3665//3665 3643//3643
f 3934//3934 3667//3667 3933//3933
f 3669//3669 3668//3668 3665//3665
f 3668//3668 3329//3329 3657//3657
f 3693//3693 3669//3669 3670//3670
f 3666//3666 3670//3670 3665//3665
f 3669//3669 3665//3665 3670//3670
f 3670//3670 3667//3667 3693//3693
f 3669//3669 3329//3329 3668//3668
f 3317//3317 3657//3657 3329//3329
f 3334//3334 3672//3672 3658//3658
f 3335//3335 3673//3673 3680//3680
f 3673//3673 6244//6244 3680//3680
f 3671//3671 6192//6192 3675//3675
f 3684//3684 3681//3681 3674//3674
f 6245//6245 3674//3674 3681//3681
f 6246//6246 6242//6242 6241//6241
f 3675//3675 6192//6192 3676//3676
f 3675//3675 3676//3676 3685//3685
f 3685//3685 3676//3676 3677//3677
f 3678//3678 3676//3676 3335//3335
f 3676//3676 3678//3678 3679//3679
f 3676//3676 3679//3679 3677//3677
f 3677//3677 3679//3679 6243//6243
f 3687//3687 3684//3684 3674//3674
f 3680//3680 3678//3678 3335//3335
f 3678//3678 3680//3680 3679//3679
f 3679//3679 6241//6241 6242//6242
f 6242//6242 6243//6243 3679//3679
f 3685//3685 3671//3671 3675//3675
f 3685//3685 3682//3682 3683//3683
f 3685//3685 3683//3683 3659//3659
f 3677//3677 6243//6243 3685//3685
f 3685//3685 6243//6243 3682//3682
f 6243//6243 3687//3687 3683//3683
f 6243//6243 3683//3683 3682//3682
f 3686//3686 3338//3338 3321//3321
f 3687//3687 3674//3674 3686//3686
f 3686//3686 3926//3926 3687//3687
f 3687//3687 3659//3659 3683//3683
f 3687//3687 3926//3926 3659//3659
f 3669//3669 3693//3693 3689//3689
f 3693//3693 3688//3688 3940//3940
f 3693//3693 3667//3667 3688//3688
f 3689//3689 3693//3693 3350//3350
f 3674//3674 6245//6245 3357//3357
f 3940//3940 3947//3947 3691//3691
f 3692//3692 3693//3693 3940//3940
f 3694//3694 3692//3692 3940//3940
f 3940//3940 3691//3691 3694//3694
f 3691//3691 3700//3700 3699//3699
f 3694//3694 3691//3691 3699//3699
f 3947//3947 3700//3700 3691//3691
f 3692//3692 3694//3694 3359//3359
f 3947//3947 3695//3695 3700//3700
f 3706//3706 3695//3695 3947//3947
f 3949//3949 3706//3706 3947//3947
f 3698//3698 3703//3703 3696//3696
f 3697//3697 3698//3698 3696//3696
f 3697//3697 3706//3706 3698//3698
f 3697//3697 3695//3695 3706//3706
f 3697//3697 3699//3699 3700//3700
f 3695//3695 3697//3697 3700//3700
f 3694//3694 3362//3362 3359//3359
f 3694//3694 3699//3699 3362//3362
f 3707//3707 3701//3701 3951//3951
f 3701//3701 3707//3707 3704//3704
f 3702//3702 3707//3707 3951//3951
f 3704//3704 3949//3949 3951//3951
f 3701//3701 3704//3704 3951//3951
f 3950//3950 3702//3702 3951//3951
f 3703//3703 3698//3698 3706//3706
f 3704//3704 3705//3705 3706//3706
f 3703//3703 3706//3706 3705//3705
f 3949//3949 3704//3704 3706//3706
f 3707//3707 3708//3708 3374//3374
f 3707//3707 3709//3709 3708//3708
f 3707//3707 3702//3702 3711//3711
f 3707//3707 3711//3711 3709//3709
f 3709//3709 3711//3711 3710//3710
f 3709//3709 3710//3710 3708//3708
f 3711//3711 3950//3950 3710//3710
f 3381//3381 6247//6247 3950//3950
f 4095//4095 3381//3381 3950//3950
f 3704//3704 3707//3707 3371//3371
f 3707//3707 3374//3374 3371//3371
f 3377//3377 3374//3374 3708//3708
f 3708//3708 3710//3710 3377//3377
f 4092//4092 2999//2999 3952//3952
f 3381//3381 3377//3377 6247//6247
f 3386//3386 3955//3955 3714//3714
f 3714//3714 3715//3715 3386//3386
f 3955//3955 3386//3386 3381//3381
f 3952//3952 3049//3049 3958//3958
f 3049//3049 3712//3712 3958//3958
f 3712//3712 3713//3713 3959//3959
f 3712//3712 3403//3403 3716//3716
f 3713//3713 3712//3712 3716//3716
f 3716//3716 3961//3961 3713//3713
f 3965//3965 3723//3723 3714//3714
f 3726//3726 3715//3715 3714//3714
f 3391//3391 3715//3715 3726//3726
f 3726//3726 3404//3404 3391//3391
f 3716//3716 3403//3403 3717//3717
f 3716//3716 3967//3967 3961//3961
f 3724//3724 3725//3725 3717//3717
f 3403//3403 3724//3724 3717//3717
f 3719//3719 3716//3716 3717//3717
f 3719//3719 3717//3717 3725//3725
f 3967//3967 3720//3720 3722//3722
f 3720//3720 3718//3718 3722//3722
f 3967//3967 3716//3716 3719//3719
f 3719//3719 3720//3720 3967//3967
f 3720//3720 3725//3725 3718//3718
f 3720//3720 3719//3719 3725//3725
f 3967//3967 3722//3722 3723//3723
f 3722//3722 3721//3721 3723//3723
f 3721//3721 3722//3722 3718//3718
f 3721//3721 3714//3714 3723//3723
f 3723//3723 3965//3965 3967//3967
f 3724//3724 3727//3727 3725//3725
f 3727//3727 3421//3421 3725//3725
f 6248//6248 3725//3725 3421//3421
f 3730//3730 3714//3714 3721//3721
f 3714//3714 3730//3730 3726//3726
f 3726//3726 3733//3733 3404//3404
f 6248//6248 3421//3421 3729//3729
f 3721//3721 3718//3718 3729//3729
f 3729//3729 3421//3421 3422//3422
f 3721//3721 3729//3729 3730//3730
f 3731//3731 3728//3728 3443//3443
f 3729//3729 3728//3728 3731//3731
f 3729//3729 3731//3731 3732//3732
f 3730//3730 3729//3729 3732//3732
f 3726//3726 3730//3730 3733//3733
f 3730//3730 3732//3732 3733//3733
f 3425//3425 3404//3404 3733//3733
f 3734//3734 3425//3425 3733//3733
f 6249//6249 3735//3735 3734//3734
f 6249//6249 3736//3736 3735//3735
f 6250//6250 3733//3733 3732//3732
f 3732//3732 3458//3458 6251//6251
f 3458//3458 3739//3739 6251//6251
f 3736//3736 3446//3446 3451//3451
f 3736//3736 3452//3452 3446//3446
f 3468//3468 3738//3738 3458//3458
f 3452//3452 3736//3736 3739//3739
f 3740//3740 3452//3452 3739//3739
f 3739//3739 3458//3458 3738//3738
f 3739//3739 3738//3738 3742//3742
f 3737//3737 3740//3740 3743//3743
f 3743//3743 3740//3740 3741//3741
f 3739//3739 3742//3742 3740//3740
f 3740//3740 3742//3742 3741//3741
f 3737//3737 3743//3743 3744//3744
f 3744//3744 3743//3743 3751//3751
f 3741//3741 3750//3750 3743//3743
f 3750//3750 3751//3751 3743//3743
f 3750//3750 3741//3741 3742//3742
f 3737//3737 3744//3744 6252//6252
f 3744//3744 3751//3751 6252//6252
f 6252//6252 3751//3751 3753//3753
f 6252//6252 3753//3753 3754//3754
f 3754//3754 3757//3757 3747//3747
f 3754//3754 3747//3747 6252//6252
f 3459//3459 3748//3748 3749//3749
f 3748//3748 3459//3459 3746//3746
f 3460//3460 3745//3745 3746//3746
f 3746//3746 3745//3745 3747//3747
f 3746//3746 3747//3747 3748//3748
f 3747//3747 3749//3749 3748//3748
f 3749//3749 3747//3747 3759//3759
f 3738//3738 3468//3468 3760//3760
f 3738//3738 3760//3760 3761//3761
f 3742//3742 3752//3752 3750//3750
f 3750//3750 3752//3752 3751//3751
f 3742//3742 3738//3738 3752//3752
f 3738//3738 3761//3761 3763//3763
f 3751//3751 3752//3752 3755//3755
f 3738//3738 3763//3763 3752//3752
f 3751//3751 3755//3755 3753//3753
f 3752//3752 3763//3763 3755//3755
f 3756//3756 3753//3753 3755//3755
f 3755//3755 3767//3767 3756//3756
f 3755//3755 3763//3763 3768//3768
f 3759//3759 3757//3757 3758//3758
f 3753//3753 3756//3756 3754//3754
f 3754//3754 3756//3756 3758//3758
f 3754//3754 3758//3758 3757//3757
f 3769//3769 3758//3758 3756//3756
f 3767//3767 3769//3769 3756//3756
f 3747//3747 3757//3757 3759//3759
f 3759//3759 3758//3758 3771//3771
f 3469//3469 3749//3749 3759//3759
f 3759//3759 3774//3774 3469//3469
f 3775//3775 3774//3774 3759//3759
f 3771//3771 3775//3775 3759//3759
f 3761//3761 3764//3764 3763//3763
f 3761//3761 3762//3762 3764//3764
f 3764//3764 3762//3762 3766//3766
f 3764//3764 3765//3765 3763//3763
f 3763//3763 3765//3765 3768//3768
f 3764//3764 3766//3766 6253//6253
f 6253//6253 3766//3766 3779//3779
f 3755//3755 3768//3768 3767//3767
f 3758//3758 3769//3769 3771//3771
f 3765//3765 3780//3780 3768//3768
f 3770//3770 3769//3769 3767//3767
f 3770//3770 3767//3767 3768//3768
f 3769//3769 3773//3773 3771//3771
f 3773//3773 3776//3776 3771//3771
f 3770//3770 3773//3773 3769//3769
f 3788//3788 3773//3773 3770//3770
f 6254//6254 3768//3768 3783//3783
f 6254//6254 3783//3783 3784//3784
f 6254//6254 3784//3784 6256//6256
f 3775//3775 3771//3771 3772//3772
f 3771//3771 3776//3776 3772//3772
f 3773//3773 3788//3788 3776//3776
f 3774//3774 3775//3775 3475//3475
f 3475//3475 3775//3775 3476//3476
f 3775//3775 3772//3772 3476//3476
f 3772//3772 3776//3776 3476//3476
f 3762//3762 3474//3474 3777//3777
f 3762//3762 3777//3777 3778//3778
f 3766//3766 3762//3762 3778//3778
f 3766//3766 3778//3778 3779//3779
f 6257//6257 3778//3778 3777//3777
f 3778//3778 6257//6257 3779//3779
f 3779//3779 6257//6257 3794//3794
f 6253//6253 3779//3779 3794//3794
f 3780//3780 3783//3783 3768//3768
f 3780//3780 6253//6253 3782//3782
f 6253//6253 3794//3794 3782//3782
f 3789//3789 3785//3785 3787//3787
f 3780//3780 3796//3796 3785//3785
f 3782//3782 3781//3781 3780//3780
f 3780//3780 3781//3781 3796//3796
f 3785//3785 3796//3796 3787//3787
f 3781//3781 3793//3793 3796//3796
f 3782//3782 3794//3794 3781//3781
f 3794//3794 3793//3793 3781//3781
f 3783//3783 3780//3780 3784//3784
f 3784//3784 3789//3789 6256//6256
f 3780//3780 3785//3785 3784//3784
f 3784//3784 3785//3785 3789//3789
f 3790//3790 3476//3476 3776//3776
f 3788//3788 3786//3786 3776//3776
f 3787//3787 3797//3797 3486//3486
f 3486//3486 3797//3797 3494//3494
f 3796//3796 3797//3797 3787//3787
f 3789//3789 6255//6255 6256//6256
f 3790//3790 3776//3776 3786//3786
f 6255//6255 3787//3787 3790//3790
f 3790//3790 3787//3787 3486//3486
f 3789//3789 3787//3787 6255//6255
f 3476//3476 3790//3790 3485//3485
f 3790//3790 3486//3486 3485//3485
f 3794//3794 6257//6257 3798//3798
f 3792//3792 6259//6259 3791//3791
f 3510//3510 3803//3803 6259//6259
f 3510//3510 6259//6259 3792//3792
f 3794//3794 3799//3799 3793//3793
f 3794//3794 3798//3798 3799//3799
f 6258//6258 3494//3494 3797//3797
f 3793//3793 3799//3799 3795//3795
f 3793//3793 6258//6258 3796//3796
f 6258//6258 3797//3797 3796//3796
f 3799//3799 3801//3801 3795//3795
f 3798//3798 3805//3805 3799//3799
f 3799//3799 3805//3805 3810//3810
f 3800//3800 6201//6201 3801//3801
f 3800//3800 3802//3802 6202//6202
f 3802//3802 3816//3816 3814//3814
f 3810//3810 3801//3801 3799//3799
f 3812//3812 3813//3813 6260//6260
f 3801//3801 3810//3810 3812//3812
f 3800//3800 3801//3801 3802//3802
f 6260//6260 3801//3801 3812//3812
f 3803//3803 3516//3516 3804//3804
f 3804//3804 3516//3516 3806//3806
f 6261//6261 6259//6259 3803//3803
f 3804//3804 6261//6261 3803//3803
f 6261//6261 3804//3804 3811//3811
f 3804//3804 3806//3806 3811//3811
f 3811//3811 6263//6263 6262//6262
f 3808//3808 3806//3806 3809//3809
f 3809//3809 3806//3806 3807//3807
f 3809//3809 3807//3807 3818//3818
f 3811//3811 3806//3806 3808//3808
f 3808//3808 3809//3809 6264//6264
f 6264//6264 3809//3809 3813//3813
f 6267//6267 3813//3813 3809//3809
f 6264//6264 6263//6263 3811//3811
f 3808//3808 6264//6264 3811//3811
f 3816//3816 3817//3817 3814//3814
f 6266//6266 3815//3815 6270//6270
f 6265//6265 3813//3813 6267//6267
f 6267//6267 3815//3815 6265//6265
f 6265//6265 3815//3815 6266//6266
f 6260//6260 3813//3813 6265//6265
f 3819//3819 3817//3817 3820//3820
f 3821//3821 3558//3558 3823//3823
f 3569//3569 3558//3558 6271//6271
f 6271//6271 3829//3829 3569//3569
f 3821//3821 3825//3825 3831//3831
f 6275//6275 3821//3821 3831//3831
f 3833//3833 6275//6275 3831//3831
f 3824//3824 3823//3823 3822//3822
f 3822//3822 3823//3823 3835//3835
f 3823//3823 3825//3825 3821//3821
f 3823//3823 3824//3824 3825//3825
f 3824//3824 3826//3826 3825//3825
f 6272//6272 3827//3827 6273//6273
f 3970//3970 6274//6274 3824//3824
f 3825//3825 3832//3832 3831//3831
f 3826//3826 3832//3832 3825//3825
f 3827//3827 6276//6276 6273//6273
f 3830//3830 3828//3828 3829//3829
f 3830//3830 3601//3601 3828//3828
f 3833//3833 3830//3830 3829//3829
f 3833//3833 3601//3601 3830//3830
f 3831//3831 3832//3832 3833//3833
f 6274//6274 4125//4125 3832//3832
f 4125//4125 3833//3833 3832//3832
f 4125//4125 3969//3969 3833//3833
f 3601//3601 3833//3833 3837//3837
f 3833//3833 3969//3969 3837//3837
f 3822//3822 3835//3835 3850//3850
f 3969//3969 3971//3971 3837//3837
f 3837//3837 3602//3602 3601//3601
f 3837//3837 3836//3836 3602//3602
f 3837//3837 3973//3973 3836//3836
f 3973//3973 3837//3837 3971//3971
f 3602//3602 3838//3838 3589//3589
f 3836//3836 3838//3838 3602//3602
f 3836//3836 3603//3603 3838//3838
f 3973//3973 3839//3839 3836//3836
f 3603//3603 3589//3589 3838//3838
f 3839//3839 3603//3603 3836//3836
f 3603//3603 3839//3839 3840//3840
f 3603//3603 3840//3840 3593//3593
f 3840//3840 3841//3841 3593//3593
f 3841//3841 3834//3834 3593//3593
f 3841//3841 3840//3840 3834//3834
f 3843//3843 3840//3840 3842//3842
f 3842//3842 3844//3844 3843//3843
f 3834//3834 3843//3843 3594//3594
f 3840//3840 3843//3843 3834//3834
f 3846//3846 3594//3594 3843//3843
f 3846//3846 3843//3843 3844//3844
f 3845//3845 3847//3847 3846//3846
f 3844//3844 3845//3845 3846//3846
f 3847//3847 3604//3604 3594//3594
f 3846//3846 3847//3847 3594//3594
f 3847//3847 3849//3849 3848//3848
f 3845//3845 3849//3849 3847//3847
f 3604//3604 3847//3847 3848//3848
f 3849//3849 3248//3248 3848//3848
f 3849//3849 3979//3979 3248//3248
f 3979//3979 3606//3606 3248//3248
f 3606//3606 3979//3979 3851//3851
f 3852//3852 3851//3851 3979//3979
f 3853//3853 3851//3851 3852//3852
f 3854//3854 3851//3851 3853//3853
f 3852//3852 3854//3854 3853//3853
f 3858//3858 3854//3854 3852//3852
f 3856//3856 3858//3858 3985//3985
f 3986//3986 3856//3856 3985//3985
f 6277//6277 3857//3857 3858//3858
f 3990//3990 3857//3857 6277//6277
f 3990//3990 3858//3858 3857//3857
f 3858//3858 3852//3852 3985//3985
f 3990//3990 3859//3859 3858//3858
f 3859//3859 3854//3854 3858//3858
f 3980//3980 3855//3855 3991//3991
f 3991//3991 3855//3855 3626//3626
f 3980//3980 3991//3991 3982//3982
f 3860//3860 3859//3859 3995//3995
f 3997//3997 3873//3873 3860//3860
f 3629//3629 3861//3861 3627//3627
f 3862//3862 3627//3627 3861//3861
f 3862//3862 3613//3613 3863//3863
f 3998//3998 3862//3862 3863//3863
f 3864//3864 3863//3863 3618//3618
f 3618//3618 3866//3866 3864//3864
f 3867//3867 3864//3864 3866//3866
f 3864//3864 3867//3867 3865//3865
f 3865//3865 3867//3867 3870//3870
f 3865//3865 3863//3863 3864//3864
f 3865//3865 3870//3870 3863//3863
f 3621//3621 3869//3869 3866//3866
f 3867//3867 3866//3866 3868//3868
f 3866//3866 3869//3869 3868//3868
f 3867//3867 3868//3868 3870//3870
f 3868//3868 3869//3869 3870//3870
f 3870//3870 3869//3869 3871//3871
f 3863//3863 3870//3870 3871//3871
f 3621//3621 3871//3871 3869//3869
f 4012//4012 3871//3871 3621//3621
f 3623//3623 3622//3622 4002//4002
f 3872//3872 3623//3623 4002//4002
f 6280//6280 4001//4001 6240//6240
f 6240//6240 4001//4001 6294//6294
f 3624//3624 3623//3623 3872//3872
f 3624//3624 3872//3872 6282//6282
f 6279//6279 3880//3880 3874//3874
f 6279//6279 4019//4019 3880//3880
f 3888//3888 3889//3889 3626//3626
f 3889//3889 4003//4003 3626//3626
f 3875//3875 4005//4005 3893//3893
f 3876//3876 3627//3627 3862//3862
f 4011//4011 4008//4008 3876//3876
f 4008//4008 3875//3875 3876//3876
f 3862//3862 4011//4011 3876//3876
f 3877//3877 4012//4012 3621//3621
f 3879//3879 4019//4019 4020//4020
f 4019//4019 3878//3878 3880//3880
f 3878//3878 3881//3881 3632//3632
f 3878//3878 3882//3882 3881//3881
f 3882//3882 3895//3895 3881//3881
f 3639//3639 3888//3888 3633//3633
f 3633//3633 3888//3888 3625//3625
f 3899//3899 3884//3884 3888//3888
f 3883//3883 3888//3888 3884//3884
f 3889//3889 3888//3888 3885//3885
f 3888//3888 3883//3883 3885//3885
f 6284//6284 6283//6283 3887//3887
f 3885//3885 3883//3883 3884//3884
f 3899//3899 3887//3887 6283//6283
f 6285//6285 4022//4022 3889//3889
f 6284//6284 3887//3887 3886//3886
f 6284//6284 3886//3886 4022//4022
f 4022//4022 3886//3886 4021//4021
f 3625//3625 3888//3888 3626//3626
f 3891//3891 3890//3890 3893//3893
f 3890//3890 3891//3891 4041//4041
f 4041//4041 3891//3891 3893//3893
f 3876//3876 3908//3908 3892//3892
f 3890//3890 3908//3908 3876//3876
f 3875//3875 3893//3893 3890//3890
f 3875//3875 3890//3890 3876//3876
f 3636//3636 3909//3909 4042//4042
f 3636//3636 4042//4042 3877//3877
f 3643//3643 3879//3879 3894//3894
f 4018//4018 3894//3894 4020//4020
f 4020//4020 3894//3894 3879//3879
f 3879//3879 3878//3878 4019//4019
f 3882//3882 3878//3878 3879//3879
f 3895//3895 3879//3879 3643//3643
f 3882//3882 3879//3879 3895//3895
f 3881//3881 3895//3895 3632//3632
f 3896//3896 3898//3898 3899//3899
f 3640//3640 3896//3896 3899//3899
f 3896//3896 3897//3897 3898//3898
f 3911//3911 3898//3898 3897//3897
f 3639//3639 3640//3640 3888//3888
f 3899//3899 3888//3888 3640//3640
f 3911//3911 3900//3900 3898//3898
f 3911//3911 3903//3903 3900//3900
f 3899//3899 3898//3898 3887//3887
f 3887//3887 3898//3898 3901//3901
f 3898//3898 3900//3900 3901//3901
f 3901//3901 3886//3886 3887//3887
f 3886//3886 3901//3901 4021//4021
f 3901//3901 3900//3900 4021//4021
f 4021//4021 3900//3900 3902//3902
f 3900//3900 3903//3903 3902//3902
f 3904//3904 4031//4031 3912//3912
f 3903//3903 4029//4029 3902//3902
f 3903//3903 3914//3914 4029//4029
f 3912//3912 4031//4031 4030//4030
f 3904//3904 3912//3912 3648//3648
f 3915//3915 4023//4023 3904//3904
f 4034//4034 3904//3904 4023//4023
f 3905//3905 3324//3324 3906//3906
f 3324//3324 3916//3916 3906//3906
f 3906//3906 3916//3916 3907//3907
f 3653//3653 3922//3922 3907//3907
f 3923//3923 4041//4041 3922//3922
f 4041//4041 3907//3907 3922//3922
f 3907//3907 4041//4041 3906//3906
f 3923//3923 3890//3890 4041//4041
f 3909//3909 3924//3924 4042//4042
f 4042//4042 3924//3924 4043//4043
f 4046//4046 4047//4047 3910//3910
f 4046//4046 3910//3910 3894//3894
f 3894//3894 3910//3910 3643//3643
f 3911//3911 3897//3897 3658//3658
f 3658//3658 3927//3927 3903//3903
f 3658//3658 3903//3903 3911//3911
f 3926//3926 3662//3662 3913//3913
f 3903//3903 3927//3927 3914//3914
f 6286//6286 3927//3927 3926//3926
f 3913//3913 6287//6287 6290//6290
f 3913//3913 3648//3648 3912//3912
f 4030//4030 3913//3913 3912//3912
f 4030//4030 6287//6287 3913//3913
f 3904//3904 3648//3648 3915//3915
f 3324//3324 3905//3905 3650//3650
f 3920//3920 3653//3653 3652//3652
f 3916//3916 3653//3653 3907//3907
f 3917//3917 3921//3921 3918//3918
f 3921//3921 3917//3917 3919//3919
f 3917//3917 3890//3890 3919//3919
f 3918//3918 3921//3921 6288//6288
f 6288//6288 3652//3652 3918//3918
f 3919//3919 3890//3890 3923//3923
f 6289//6289 3923//3923 3922//3922
f 3919//3919 3923//3923 6289//6289
f 3922//3922 3920//3920 6289//6289
f 3922//3922 3653//3653 3920//3920
f 3909//3909 3300//3300 3924//3924
f 3300//3300 3936//3936 3924//3924
f 3910//3910 4047//4047 3928//3928
f 4047//4047 4055//4055 3928//3928
f 3925//3925 3910//3910 3928//3928
f 3910//3910 3925//3925 3643//3643
f 3925//3925 3931//3931 3929//3929
f 3643//3643 3925//3925 3929//3929
f 3928//3928 3931//3931 3925//3925
f 3928//3928 3932//3932 3931//3931
f 3929//3929 3931//3931 3935//3935
f 3935//3935 3932//3932 3930//3930
f 3937//3937 3930//3930 3932//3932
f 3931//3931 3932//3932 3935//3935
f 3932//3932 3928//3928 3937//3937
f 3934//3934 3930//3930 3688//3688
f 3929//3929 3935//3935 3933//3933
f 3935//3935 3930//3930 3934//3934
f 3933//3933 3935//3935 3934//3934
f 3928//3928 4066//4066 3939//3939
f 3944//3944 3938//3938 4066//4066
f 3939//3939 4066//4066 3938//3938
f 3937//3937 3928//3928 3939//3939
f 3937//3937 3939//3939 3940//3940
f 3939//3939 3948//3948 3940//3940
f 3944//3944 3941//3941 3938//3938
f 3938//3938 3941//3941 3948//3948
f 3939//3939 3938//3938 3948//3948
f 3930//3930 3937//3937 3688//3688
f 3937//3937 3940//3940 3688//3688
f 3948//3948 3941//3941 3942//3942
f 3943//3943 3948//3948 3942//3942
f 3947//3947 3948//3948 3943//3943
f 3942//3942 3941//3941 3944//3944
f 3945//3945 3947//3947 3943//3943
f 3945//3945 3943//3943 3942//3942
f 4074//4074 3945//3945 3942//3942
f 3944//3944 4074//4074 3942//3942
f 4074//4074 3946//3946 3945//3945
f 3945//3945 3946//3946 3947//3947
f 3940//3940 3948//3948 3947//3947
f 3936//3936 4092//4092 4059//4059
f 3946//3946 3950//3950 3947//3947
f 3949//3949 3947//3947 3950//3950
f 3950//3950 3951//3951 3949//3949
f 4089//4089 4095//4095 3950//3950
f 3702//3702 3950//3950 3711//3711
f 4095//4095 3955//3955 3381//3381
f 3955//3955 4095//4095 4108//4108
f 3952//3952 3954//3954 4092//4092
f 3954//3954 3953//3953 4092//4092
f 3954//3954 3952//3952 3958//3958
f 3954//3954 3959//3959 3953//3953
f 4109//4109 3959//3959 4120//4120
f 4109//4109 3953//3953 3959//3959
f 3954//3954 3958//3958 3959//3959
f 3959//3959 3960//3960 4120//4120
f 4115//4115 3956//3956 3957//3957
f 4115//4115 4117//4117 3956//3956
f 3956//3956 4117//4117 3963//3963
f 3963//3963 4120//4120 3964//3964
f 4120//4120 3960//3960 3964//3964
f 3957//3957 3956//3956 3955//3955
f 3955//3955 3956//3956 3966//3966
f 3959//3959 3958//3958 3712//3712
f 3713//3713 3961//3961 3959//3959
f 3961//3961 3960//3960 3959//3959
f 3962//3962 3966//3966 3956//3956
f 3962//3962 3965//3965 3966//3966
f 3962//3962 3956//3956 3963//3963
f 3965//3965 3962//3962 3963//3963
f 3964//3964 3960//3960 3961//3961
f 3961//3961 3965//3965 3964//3964
f 3963//3963 3964//3964 3965//3965
f 3955//3955 3966//3966 3714//3714
f 3966//3966 3965//3965 3714//3714
f 3967//3967 3965//3965 3961//3961
f 3824//3824 3822//3822 3970//3970
f 4125//4125 6274//6274 3968//3968
f 3850//3850 3974//3974 3822//3822
f 4126//4126 3970//3970 3974//3974
f 4126//4126 4124//4124 3970//3970
f 3822//3822 3974//3974 3970//3970
f 4124//4124 6274//6274 3970//3970
f 4125//4125 3971//3971 3969//3969
f 4128//4128 3972//3972 3971//3971
f 3972//3972 4128//4128 3976//3976
f 3973//3973 3971//3971 3972//3972
f 3976//3976 3973//3973 3972//3972
f 3839//3839 3973//3973 4132//4132
f 3842//3842 3840//3840 3977//3977
f 3844//3844 3842//3842 3977//3977
f 3845//3845 3844//3844 3978//3978
f 4138//4138 3845//3845 3978//3978
f 3849//3849 3845//3845 4138//4138
f 3850//3850 3975//3975 3974//3974
f 3975//3975 3850//3850 3983//3983
f 3975//3975 4139//4139 4127//4127
f 3974//3974 3975//3975 4126//4126
f 4128//4128 4131//4131 3976//3976
f 4131//4131 3973//3973 3976//3976
f 4132//4132 3973//3973 4131//4131
f 3840//3840 4132//4132 4134//4134
f 4132//4132 3840//3840 3839//3839
f 4140//4140 4138//4138 3977//3977
f 3977//3977 3978//3978 3844//3844
f 3978//3978 3977//3977 4138//4138
f 3979//3979 3849//3849 4138//4138
f 4143//4143 3979//3979 4138//4138
f 4143//4143 3985//3985 3979//3979
f 3852//3852 3979//3979 3985//3985
f 3855//3855 3981//3981 3983//3983
f 3855//3855 3980//3980 3981//3981
f 3981//3981 3980//3980 3982//3982
f 3981//3981 3982//3982 3983//3983
f 3982//3982 4311//4311 3983//3983
f 3850//3850 3855//3855 3983//3983
f 4311//4311 4139//4139 3983//3983
f 4143//4143 3984//3984 3985//3985
f 3986//3986 3984//3984 4144//4144
f 4144//4144 4310//4310 3988//3988
f 3988//3988 4310//4310 3989//3989
f 3986//3986 3985//3985 3984//3984
f 3987//3987 6277//6277 3986//3986
f 3988//3988 3987//3987 3986//3986
f 3988//3988 6277//6277 3987//3987
f 4144//4144 3988//3988 3986//3986
f 6291//6291 3993//3993 3994//3994
f 3990//3990 6277//6277 3988//3988
f 3989//3989 3990//3990 3988//3988
f 6292//6292 6291//6291 6278//6278
f 6291//6291 3994//3994 6278//6278
f 3626//3626 4003//4003 3991//3991
f 3992//3992 3991//3991 4003//4003
f 3991//3991 3992//3992 3982//3982
f 3992//3992 4311//4311 3982//3982
f 4151//4151 3995//3995 6293//6293
f 3995//3995 3859//3859 6293//6293
f 4151//4151 3996//3996 3995//3995
f 3996//3996 4151//4151 4152//4152
f 3860//3860 3995//3995 3996//3996
f 3997//3997 3860//3860 3996//3996
f 3997//3997 3996//3996 4152//4152
f 4152//4152 4000//4000 3997//3997
f 4163//4163 4003//4003 4004//4004
f 3992//3992 4003//4003 4163//4163
f 3862//3862 3998//3998 4011//4011
f 4008//4008 4011//4011 3998//3998
f 4008//4008 3998//3998 4010//4010
f 3998//3998 4178//4178 4153//4153
f 3863//3863 4178//4178 3998//3998
f 4178//4178 3863//3863 3871//3871
f 4157//4157 6294//6294 4000//4000
f 4157//4157 4158//4158 3999//3999
f 4158//4158 4185//4185 3999//3999
f 4000//4000 6294//6294 4001//4001
f 4001//4001 3997//3997 4000//4000
f 4019//4019 6294//6294 3999//3999
f 3999//3999 6294//6294 4157//4157
f 6294//6294 4019//4019 6279//6279
f 3997//3997 4001//4001 6281//6281
f 4006//4006 3893//3893 4005//4005
f 4006//4006 4009//4009 4007//4007
f 4007//4007 3893//3893 4006//4006
f 4177//4177 4007//4007 4010//4010
f 4005//4005 3875//3875 4008//4008
f 4008//4008 4009//4009 4005//4005
f 4006//4006 4005//4005 4009//4009
f 4009//4009 4008//4008 4010//4010
f 4007//4007 4009//4009 4010//4010
f 4178//4178 3871//3871 4179//4179
f 4179//4179 3871//3871 4012//4012
f 4182//4182 4183//4183 4013//4013
f 6295//6295 4183//4183 4016//4016
f 4183//4183 4154//4154 4016//4016
f 4014//4014 4182//4182 4013//4013
f 4019//4019 3999//3999 4185//4185
f 4185//4185 4017//4017 4019//4019
f 4019//4019 4017//4017 4015//4015
f 6297//6297 4182//4182 4014//4014
f 6297//6297 4014//4014 6296//6296
f 6295//6295 4016//4016 4046//4046
f 6328//6328 4182//4182 6297//6297
f 4014//4014 4013//4013 4018//4018
f 4020//4020 4019//4019 4015//4015
f 6296//6296 4014//4014 4020//4020
f 4018//4018 4020//4020 4014//4014
f 4022//4022 4021//4021 4033//4033
f 4003//4003 3889//3889 4022//4022
f 4003//4003 4022//4022 4033//4033
f 4033//4033 4004//4004 4003//4003
f 4033//4033 4040//4040 4004//4004
f 4023//4023 3915//3915 4186//4186
f 4186//4186 4024//4024 4023//4023
f 4004//4004 4040//4040 6299//6299
f 4036//4036 4023//4023 4024//4024
f 6304//6304 6299//6299 4040//4040
f 3915//3915 3650//3650 4162//4162
f 4186//4186 3915//3915 4162//4162
f 4024//4024 4186//4186 4160//4160
f 4162//4162 3650//3650 3905//3905
f 4188//4188 3905//3905 3906//3906
f 4041//4041 4188//4188 3906//3906
f 3893//3893 4007//4007 4041//4041
f 4007//4007 4188//4188 4041//4041
f 4012//4012 3877//3877 4025//4025
f 4012//4012 4025//4025 4189//4189
f 4189//4189 4025//4025 4190//4190
f 3877//3877 4042//4042 4025//4025
f 4154//4154 4028//4028 4016//4016
f 4026//4026 4028//4028 4154//4154
f 4027//4027 4028//4028 4047//4047
f 4027//4027 4047//4047 4046//4046
f 4016//4016 4027//4027 4046//4046
f 4027//4027 4016//4016 4028//4028
f 3894//3894 6298//6298 6295//6295
f 6295//6295 4046//4046 3894//3894
f 6287//6287 4030//4030 6300//6300
f 6300//6300 4030//4030 4032//4032
f 4030//4030 4031//4031 4032//4032
f 4031//4031 3904//3904 4039//4039
f 4029//4029 4038//4038 3902//3902
f 4038//4038 4029//4029 6301//6301
f 4039//4039 4032//4032 4031//4031
f 4034//4034 4039//4039 3904//3904
f 3902//3902 4033//4033 4021//4021
f 4038//4038 4033//4033 3902//3902
f 4037//4037 4034//4034 4036//4036
f 4023//4023 4036//4036 4034//4034
f 4034//4034 4037//4037 6306//6306
f 6306//6306 6305//6305 6302//6302
f 4033//4033 4035//4035 4040//4040
f 4040//4040 6303//6303 6304//6304
f 4033//4033 4038//4038 4035//4035
f 4037//4037 6304//6304 6303//6303
f 6303//6303 6305//6305 6306//6306
f 6306//6306 4037//4037 6303//6303
f 4199//4199 4042//4042 4043//4043
f 4200//4200 4199//4199 4043//4043
f 6307//6307 4044//4044 6333//6333
f 4044//4044 6307//6307 4222//4222
f 4026//4026 4045//4045 4028//4028
f 4045//4045 4211//4211 4048//4048
f 4028//4028 4045//4045 4055//4055
f 4055//4055 4045//4045 4048//4048
f 3936//3936 4043//4043 3924//3924
f 4209//4209 4048//4048 4211//4211
f 4048//4048 4209//4209 4210//4210
f 4210//4210 4219//4219 4048//4048
f 4048//4048 4219//4219 4061//4061
f 4048//4048 4056//4056 4055//4055
f 4028//4028 4055//4055 4047//4047
f 4043//4043 3936//3936 4049//4049
f 4057//4057 4051//4051 4050//4050
f 4050//4050 4059//4059 4057//4057
f 4052//4052 4043//4043 4049//4049
f 4052//4052 4049//4049 6308//6308
f 4050//4050 4051//4051 6310//6310
f 6309//6309 6311//6311 4053//4053
f 4229//4229 4053//4053 6311//6311
f 4222//4222 4052//4052 6309//6309
f 6309//6309 4053//4053 4222//4222
f 4054//4054 4062//4062 4063//4063
f 4061//4061 4219//4219 4054//4054
f 4228//4228 4060//4060 4054//4054
f 4062//4062 4054//4054 4060//4060
f 4054//4054 4063//4063 4061//4061
f 4056//4056 4048//4048 4061//4061
f 4055//4055 4056//4056 4065//4065
f 4065//4065 3928//3928 4055//4055
f 4229//4229 6311//6311 4230//4230
f 4230//4230 6311//6311 4058//4058
f 6308//6308 4049//4049 3936//3936
f 3936//3936 4059//4059 4050//4050
f 4057//4057 4059//4059 6312//6312
f 4067//4067 4068//4068 4062//4062
f 4067//4067 4062//4062 4060//4060
f 4060//4060 4235//4235 4067//4067
f 4063//4063 4064//4064 4061//4061
f 4063//4063 4062//4062 4070//4070
f 4063//4063 4070//4070 4064//4064
f 4061//4061 4064//4064 4056//4056
f 4072//4072 4065//4065 4056//4056
f 4066//4066 3928//3928 4065//4065
f 4073//4073 4066//4066 4065//4065
f 4066//4066 4073//4073 3944//3944
f 4073//4073 4065//4065 4076//4076
f 4241//4241 6312//6312 4059//4059
f 4250//4250 4067//4067 4235//4235
f 4250//4250 4069//4069 4067//4067
f 4250//4250 4078//4078 4069//4069
f 4068//4068 4070//4070 4062//4062
f 4067//4067 4080//4080 4068//4068
f 4067//4067 4069//4069 4080//4080
f 4056//4056 4064//4064 4072//4072
f 4068//4068 4083//4083 4070//4070
f 4081//4081 4070//4070 4083//4083
f 4080//4080 4083//4083 4068//4068
f 4072//4072 4071//4071 4077//4077
f 4077//4077 4071//4071 4086//4086
f 4072//4072 4064//4064 4071//4071
f 4064//4064 4070//4070 4071//4071
f 4071//4071 4070//4070 4081//4081
f 3944//3944 4073//4073 4074//4074
f 4074//4074 4073//4073 4076//4076
f 4075//4075 4074//4074 4076//4076
f 4074//4074 4075//4075 3946//3946
f 4075//4075 4076//4076 4077//4077
f 4077//4077 4086//4086 4075//4075
f 4076//4076 4065//4065 4072//4072
f 4072//4072 4077//4077 4076//4076
f 4071//4071 4081//4081 4086//4086
f 4075//4075 3950//3950 3946//3946
f 4059//4059 4092//4092 4241//4241
f 4069//4069 4078//4078 4080//4080
f 4250//4250 4079//4079 4078//4078
f 4080//4080 4079//4079 4085//4085
f 4080//4080 4078//4078 4079//4079
f 4088//4088 4079//4079 4270//4270
f 4083//4083 4087//4087 4081//4081
f 4082//4082 4089//4089 4091//4091
f 4084//4084 4083//4083 4080//4080
f 4083//4083 4084//4084 4087//4087
f 4087//4087 4084//4084 4091//4091
f 4085//4085 4082//4082 4084//4084
f 4084//4084 4082//4082 4091//4091
f 4082//4082 4085//4085 4089//4089
f 4080//4080 4085//4085 4084//4084
f 4079//4079 4088//4088 4085//4085
f 4075//4075 4086//4086 3950//3950
f 4086//4086 4091//4091 3950//3950
f 4086//4086 4087//4087 4091//4091
f 4081//4081 4087//4087 4086//4086
f 4256//4256 4241//4241 4092//4092
f 4271//4271 4090//4090 4270//4270
f 4090//4090 4088//4088 4270//4270
f 4088//4088 4089//4089 4085//4085
f 4088//4088 4090//4090 4089//4089
f 4091//4091 4089//4089 3950//3950
f 4093//4093 4256//4256 4092//4092
f 4093//4093 4096//4096 4273//4273
f 4094//4094 4103//4103 4279//4279
f 4103//4103 4281//4281 4279//4279
f 6313//6313 6352//6352 4280//4280
f 4103//4103 4104//4104 4281//4281
f 4104//4104 4282//4282 4281//4281
f 4095//4095 4089//4089 4090//4090
f 4095//4095 4090//4090 4108//4108
f 4092//4092 3953//3953 4093//4093
f 4096//4096 3953//3953 4109//4109
f 4093//4093 3953//3953 4096//4096
f 4097//4097 4096//4096 4109//4109
f 4097//4097 4273//4273 4096//4096
f 4097//4097 4099//4099 4274//4274
f 4274//4274 4099//4099 4098//4098
f 4102//4102 4103//4103 4100//4100
f 4101//4101 4102//4102 6314//6314
f 4284//4284 4109//4109 4112//4112
f 4103//4103 4094//4094 4100//4100
f 4102//4102 4101//4101 4105//4105
f 4105//4105 4101//4101 6353//6353
f 4099//4099 4109//4109 4284//4284
f 6314//6314 6353//6353 4101//4101
f 4286//4286 4099//4099 4284//4284
f 4284//4284 4112//4112 6315//6315
f 4102//4102 4105//4105 4113//4113
f 6321//6321 6316//6316 6320//6320
f 4102//4102 4113//4113 4110//4110
f 4104//4104 4114//4114 4106//4106
f 4103//4103 4114//4114 4104//4104
f 4119//4119 4106//4106 4114//4114
f 4119//4119 4107//4107 4106//4106
f 4282//4282 4107//4107 4283//4283
f 4282//4282 4104//4104 4106//4106
f 4107//4107 4282//4282 4106//4106
f 4108//4108 4283//4283 4107//4107
f 4108//4108 4122//4122 3955//3955
f 4107//4107 4122//4122 4108//4108
f 4097//4097 4109//4109 4099//4099
f 6324//6324 4102//4102 4110//4110
f 4111//4111 4120//4120 6317//6317
f 4111//4111 4109//4109 4120//4120
f 4118//4118 4102//4102 6324//6324
f 4111//4111 6322//6322 4109//4109
f 4109//4109 6322//6322 4112//4112
f 6323//6323 6319//6319 6318//6318
f 4116//4116 4103//4103 4102//4102
f 4103//4103 4116//4116 4114//4114
f 4117//4117 4116//4116 4102//4102
f 4116//4116 4117//4117 4115//4115
f 4116//4116 4115//4115 4114//4114
f 4118//4118 4117//4117 4102//4102
f 4121//4121 3955//3955 4122//4122
f 4114//4114 4115//4115 3957//3957
f 3955//3955 4121//4121 3957//3957
f 4118//4118 3963//3963 4117//4117
f 4122//4122 4119//4119 4121//4121
f 4114//4114 4121//4121 4119//4119
f 4121//4121 4114//4114 3957//3957
f 4119//4119 4122//4122 4107//4107
f 4118//4118 6324//6324 3963//3963
f 4126//4126 4127//4127 4124//4124
f 4124//4124 4127//4127 4123//4123
f 4124//4124 4123//4123 4292//4292
f 4292//4292 6274//6274 4124//4124
f 4292//4292 4123//4123 4291//4291
f 6274//6274 4287//4287 3968//3968
f 6274//6274 4292//4292 4287//4287
f 4125//4125 3968//3968 4287//4287
f 4130//4130 4125//4125 4287//4287
f 4287//4287 4290//4290 4130//4130
f 4125//4125 4128//4128 3971//3971
f 4125//4125 4130//4130 4129//4129
f 4125//4125 4129//4129 4128//4128
f 3983//3983 4139//4139 3975//3975
f 3975//3975 4127//4127 4126//4126
f 4123//4123 4139//4139 4300//4300
f 4123//4123 4127//4127 4139//4139
f 4123//4123 4300//4300 4291//4291
f 4290//4290 4295//4295 4130//4130
f 4295//4295 4134//4134 4130//4130
f 4129//4129 4131//4131 4128//4128
f 4133//4133 4129//4129 4130//4130
f 4134//4134 4133//4133 4130//4130
f 4133//4133 4131//4131 4129//4129
f 4131//4131 4133//4133 4132//4132
f 4134//4134 4132//4132 4133//4133
f 4134//4134 4135//4135 3840//3840
f 4134//4134 4137//4137 4135//4135
f 4304//4304 4134//4134 4302//4302
f 4135//4135 4136//4136 3840//3840
f 3840//3840 4136//4136 3977//3977
f 4135//4135 4137//4137 4136//4136
f 4136//4136 4137//4137 4140//4140
f 3977//3977 4136//4136 4140//4140
f 4140//4140 4142//4142 4138//4138
f 4140//4140 4141//4141 4142//4142
f 4142//4142 4143//4143 4138//4138
f 4139//4139 4311//4311 4300//4300
f 4134//4134 4304//4304 4137//4137
f 4140//4140 4137//4137 4304//4304
f 4141//4141 4140//4140 4304//4304
f 4305//4305 4141//4141 4304//4304
f 4141//4141 4306//4306 4309//4309
f 4309//4309 4142//4142 4141//4141
f 4317//4317 4142//4142 4309//4309
f 4310//4310 4143//4143 4142//4142
f 4143//4143 4144//4144 3984//3984
f 4144//4144 4143//4143 4310//4310
f 4145//4145 4149//4149 4310//4310
f 4310//4310 4149//4149 6291//6291
f 6291//6291 4149//4149 3993//3993
f 3992//3992 4163//4163 4311//4311
f 4322//4322 4148//4148 4310//4310
f 4148//4148 4146//4146 4310//4310
f 4148//4148 4325//4325 4334//4334
f 4145//4145 3994//3994 4149//4149
f 6293//6293 4145//4145 4150//4150
f 4310//4310 4146//4146 4145//4145
f 4147//4147 4150//4150 4145//4145
f 4147//4147 4145//4145 4146//4146
f 4148//4148 6325//6325 4146//4146
f 4148//4148 4334//4334 4152//4152
f 3994//3994 3993//3993 4149//4149
f 4150//4150 4151//4151 6293//6293
f 4147//4147 4151//4151 4150//4150
f 4151//4151 6325//6325 4148//4148
f 4151//4151 4148//4148 4152//4152
f 4163//4163 4165//4165 4327//4327
f 4165//4165 4166//4166 4327//4327
f 4166//4166 4312//4312 4327//4327
f 4326//4326 4311//4311 4163//4163
f 4177//4177 4010//4010 4153//4153
f 4177//4177 4153//4153 4330//4330
f 4177//4177 4330//4330 4329//4329
f 4010//4010 3998//3998 4153//4153
f 4331//4331 4330//4330 4153//4153
f 4331//4331 4153//4153 4178//4178
f 4154//4154 4333//4333 4026//4026
f 4334//4334 4154//4154 4156//4156
f 4155//4155 4159//4159 4156//4156
f 4155//4155 4184//4184 4159//4159
f 4154//4154 4155//4155 4156//4156
f 4334//4334 4156//4156 4152//4152
f 4152//4152 4157//4157 4000//4000
f 4158//4158 4157//4157 4156//4156
f 6326//6326 4158//4158 4156//4156
f 4152//4152 4156//4156 4157//4157
f 4185//4185 4158//4158 6326//6326
f 6328//6328 4159//4159 4184//4184
f 4004//4004 6299//6299 4160//4160
f 4186//4186 4162//4162 4160//4160
f 4163//4163 4004//4004 4161//4161
f 4004//4004 4160//4160 4161//4161
f 4160//4160 4162//4162 4161//4161
f 4164//4164 4161//4161 4162//4162
f 4167//4167 4162//4162 3905//3905
f 4161//4161 4164//4164 4163//4163
f 4167//4167 4164//4164 4162//4162
f 4163//4163 4164//4164 4165//4165
f 4165//4165 4164//4164 4166//4166
f 4164//4164 4167//4167 4166//4166
f 4312//4312 4166//4166 4167//4167
f 4187//4187 4167//4167 3905//3905
f 4167//4167 4187//4187 4336//4336
f 4167//4167 4336//4336 4312//4312
f 3905//3905 4335//4335 4187//4187
f 4335//4335 3905//3905 4188//4188
f 4335//4335 4336//4336 4187//4187
f 4188//4188 4172//4172 4168//4168
f 4170//4170 4188//4188 4168//4168
f 4188//4188 4170//4170 4171//4171
f 4168//4168 4169//4169 4170//4170
f 4171//4171 4170//4170 4169//4169
f 4168//4168 4172//4172 4007//4007
f 4172//4172 4188//4188 4007//4007
f 4168//4168 4007//4007 4173//4173
f 4173//4173 4169//4169 4168//4168
f 4169//4169 4175//4175 4171//4171
f 4169//4169 4173//4173 4175//4175
f 4175//4175 4173//4173 4174//4174
f 4173//4173 4177//4177 4174//4174
f 4171//4171 4175//4175 4176//4176
f 4175//4175 4174//4174 4176//4176
f 4337//4337 4176//4176 4174//4174
f 4176//4176 4337//4337 4171//4171
f 4177//4177 4173//4173 4007//4007
f 4177//4177 4329//4329 4174//4174
f 4179//4179 4012//4012 4180//4180
f 6327//6327 4180//4180 4181//4181
f 4181//4181 4178//4178 4179//4179
f 4012//4012 4189//4189 4180//4180
f 4190//4190 4181//4181 4180//4180
f 4190//4190 4180//4180 4189//4189
f 4198//4198 4351//4351 4359//4359
f 4333//4333 4350//4350 4045//4045
f 4045//4045 4350//4350 4351//4351
f 4333//4333 4045//4045 4026//4026
f 4154//4154 4183//4183 4155//4155
f 4184//4184 4183//4183 4182//4182
f 4182//4182 6328//6328 4184//4184
f 4155//4155 4183//4183 4184//4184
f 4181//4181 4190//4190 4342//4342
f 4190//4190 4191//4191 4342//4342
f 4352//4352 4342//4342 4191//4191
f 4190//4190 4357//4357 4191//4191
f 4357//4357 4352//4352 4191//4191
f 4358//4358 4192//4192 4193//4193
f 6329//6329 4198//4198 6330//6330
f 6330//6330 4198//4198 4359//4359
f 4358//4358 4197//4197 4192//4192
f 4358//4358 4360//4360 6332//6332
f 6329//6329 4195//4195 4198//4198
f 4195//4195 4197//4197 4196//4196
f 4194//4194 4195//4195 4196//4196
f 4195//4195 4194//4194 4198//4198
f 4195//4195 4192//4192 4197//4197
f 4351//4351 4198//4198 4194//4194
f 4351//4351 4194//4194 4045//4045
f 4045//4045 4194//4194 4207//4207
f 4190//4190 4025//4025 4201//4201
f 4357//4357 4190//4190 4201//4201
f 4025//4025 4042//4042 4201//4201
f 4199//4199 4201//4201 4042//4042
f 4201//4201 4199//4199 4203//4203
f 4199//4199 4200//4200 4203//4203
f 6333//6333 4212//4212 6334//6334
f 4212//4212 6333//6333 4044//4044
f 6335//6335 4202//4202 4201//4201
f 4213//4213 4202//4202 6335//6335
f 4204//4204 4201//4201 4202//4202
f 4204//4204 4202//4202 4213//4213
f 4204//4204 4376//4376 4201//4201
f 4201//4201 4376//4376 4357//4357
f 4205//4205 4194//4194 4196//4196
f 4206//4206 4210//4210 4205//4205
f 6331//6331 4206//4206 4205//4205
f 4206//4206 6331//6331 6332//6332
f 4206//4206 6332//6332 4360//4360
f 4207//4207 4208//4208 4211//4211
f 6336//6336 4209//4209 4211//4211
f 6336//6336 4194//4194 4205//4205
f 4194//4194 4208//4208 4207//4207
f 6336//6336 4205//4205 4209//4209
f 4209//4209 4205//4205 4210//4210
f 4207//4207 4211//4211 4045//4045
f 6335//6335 4212//4212 4213//4213
f 4376//4376 4204//4204 4213//4213
f 4213//4213 4375//4375 4376//4376
f 4222//4222 4212//4212 4044//4044
f 4052//4052 4222//4222 4043//4043
f 4212//4212 4222//4222 4214//4214
f 4212//4212 4214//4214 4213//4213
f 4215//4215 4213//4213 4214//4214
f 4220//4220 4214//4214 4222//4222
f 4220//4220 4215//4215 4214//4214
f 4213//4213 4215//4215 4375//4375
f 4375//4375 4215//4215 4220//4220
f 4210//4210 4370//4370 4216//4216
f 4210//4210 4223//4223 4218//4218
f 4223//4223 4210//4210 4217//4217
f 4210//4210 4216//4216 4217//4217
f 4054//4054 4219//4219 4210//4210
f 4375//4375 4220//4220 4221//4221
f 6364//6364 4221//4221 4233//4233
f 4053//4053 4229//4229 4231//4231
f 4222//4222 4231//4231 4220//4220
f 4222//4222 4053//4053 4231//4231
f 4233//4233 4221//4221 4220//4220
f 4386//4386 4217//4217 4383//4383
f 4227//4227 4218//4218 4223//4223
f 4223//4223 4217//4217 4225//4225
f 6337//6337 4227//4227 4223//4223
f 4386//4386 4225//4225 4217//4217
f 4224//4224 4228//4228 4218//4218
f 4228//4228 4054//4054 4218//4218
f 4224//4224 6337//6337 4226//4226
f 6337//6337 4235//4235 4226//4226
f 4226//4226 4235//4235 4224//4224
f 4218//4218 4054//4054 4210//4210
f 4218//4218 4227//4227 4224//4224
f 4227//4227 6337//6337 4224//4224
f 4228//4228 4224//4224 4060//4060
f 6338//6338 6339//6339 4231//4231
f 4232//4232 6339//6339 6312//6312
f 4232//4232 6312//6312 4236//4236
f 6339//6339 4232//4232 4231//4231
f 4236//4236 4233//4233 4232//4232
f 4220//4220 4231//4231 4233//4233
f 4233//4233 4231//4231 4232//4232
f 4233//4233 4237//4237 6364//6364
f 4236//4236 4237//4237 4233//4233
f 4234//4234 4225//4225 4386//4386
f 4386//4386 4239//4239 4234//4234
f 4224//4224 4235//4235 4060//4060
f 4225//4225 4250//4250 4235//4235
f 4234//4234 4250//4250 4225//4225
f 4241//4241 4236//4236 6312//6312
f 4240//4240 4236//4236 4241//4241
f 4236//4236 4240//4240 4237//4237
f 4391//4391 4239//4239 4386//4386
f 4387//4387 4391//4391 4386//4386
f 4264//4264 4249//4249 4387//4387
f 4234//4234 4239//4239 4250//4250
f 4391//4391 4246//4246 4239//4239
f 4246//4246 4391//4391 4248//4248
f 4239//4239 4246//4246 4244//4244
f 6340//6340 6343//6343 4243//4243
f 4239//4239 6342//6342 4250//4250
f 4254//4254 4250//4250 6342//6342
f 4257//4257 4237//4237 4240//4240
f 4237//4237 4257//4257 4238//4238
f 4257//4257 4240//4240 4241//4241
f 4238//4238 4260//4260 4242//4242
f 4260//4260 4261//4261 4242//4242
f 4261//4261 4263//4263 6341//6341
f 4392//4392 6341//6341 4263//4263
f 4263//4263 4396//4396 4392//4392
f 4387//4387 4249//4249 4248//4248
f 4243//4243 6343//6343 4251//4251
f 4247//4247 4245//4245 4244//4244
f 6344//6344 4251//4251 6343//6343
f 4251//4251 4245//4245 4252//4252
f 4247//4247 4269//4269 4245//4245
f 4269//4269 4252//4252 4245//4245
f 4246//4246 4248//4248 4244//4244
f 4247//4247 4244//4244 4248//4248
f 4249//4249 4268//4268 4248//4248
f 4264//4264 4281//4281 4249//4249
f 4251//4251 4252//4252 4269//4269
f 4251//4251 4269//4269 4243//4243
f 4243//4243 4269//4269 4253//4253
f 4268//4268 4269//4269 4247//4247
f 4247//4247 4248//4248 4268//4268
f 4270//4270 4254//4254 4255//4255
f 4270//4270 4250//4250 4254//4254
f 4255//4255 4254//4254 6342//6342
f 4243//4243 4253//4253 4255//4255
f 4253//4253 4269//4269 4255//4255
f 4270//4270 4079//4079 4250//4250
f 4271//4271 4270//4270 4255//4255
f 4257//4257 4241//4241 4256//4256
f 4257//4257 4256//4256 4093//4093
f 4093//4093 4272//4272 4257//4257
f 4238//4238 4257//4257 4272//4272
f 4272//4272 6348//6348 4259//4259
f 6345//6345 4258//4258 4261//4261
f 4259//4259 4238//4238 4272//4272
f 6349//6349 4258//4258 6345//6345
f 4263//4263 4261//4261 4258//4258
f 6345//6345 4260//4260 4238//4238
f 4260//4260 6345//6345 4261//4261
f 4263//4263 4258//4258 4262//4262
f 4274//4274 4262//4262 4258//4258
f 4396//4396 6347//6347 4397//4397
f 6346//6346 4397//4397 6347//6347
f 4262//4262 4398//4398 6372//6372
f 4395//4395 4398//4398 4266//4266
f 4276//4276 4264//4264 4266//4266
f 4264//4264 4276//4276 4281//4281
f 4276//4276 4266//4266 4278//4278
f 4266//4266 4264//4264 4265//4265
f 4262//4262 4274//4274 4267//4267
f 4262//4262 4267//4267 4398//4398
f 4398//4398 4267//4267 4266//4266
f 6351//6351 4266//4266 4267//4267
f 4265//4265 4395//4395 4266//4266
f 4283//4283 4249//4249 4281//4281
f 4249//4249 4283//4283 4268//4268
f 4268//4268 4283//4283 4269//4269
f 4255//4255 4269//4269 4271//4271
f 4269//4269 4283//4283 4271//4271
f 4283//4283 4090//4090 4271//4271
f 4273//4273 4272//4272 4093//4093
f 4258//4258 6349//6349 4097//4097
f 4097//4097 4274//4274 4258//4258
f 4267//4267 4274//4274 4275//4275
f 4275//4275 6351//6351 4267//4267
f 4276//4276 4277//4277 4280//4280
f 4275//4275 6350//6350 6351//6351
f 4277//4277 4276//4276 4278//4278
f 4280//4280 4285//4285 6313//6313
f 4279//4279 4281//4281 4276//4276
f 4280//4280 6352//6352 4276//4276
f 4281//4281 4282//4282 4283//4283
f 4280//4280 4277//4277 4285//4285
f 4283//4283 4108//4108 4090//4090
f 4275//4275 4274//4274 4098//4098
f 4098//4098 4286//4286 4275//4275
f 6350//6350 4275//4275 4286//4286
f 6313//6313 4285//4285 6314//6314
f 6314//6314 4285//4285 6353//6353
f 4286//4286 4098//4098 4099//4099
f 4277//4277 6353//6353 4285//4285
f 4284//4284 6350//6350 4286//4286
f 4294//4294 4287//4287 4292//4292
f 4287//4287 4288//4288 4290//4290
f 4287//4287 4289//4289 4288//4288
f 4289//4289 4293//4293 4288//4288
f 4293//4293 4290//4290 4288//4288
f 6354//6354 4287//4287 4294//4294
f 4291//4291 4300//4300 4301//4301
f 4291//4291 4301//4301 4400//4400
f 4291//4291 4400//4400 4292//4292
f 4292//4292 4399//4399 4294//4294
f 4294//4294 4293//4293 6354//6354
f 4290//4290 4293//4293 4295//4295
f 4293//4293 4296//4296 4295//4295
f 4134//4134 4295//4295 4296//4296
f 4296//4296 4293//4293 4294//4294
f 4296//4296 4294//4294 4134//4134
f 4297//4297 4294//4294 4399//4399
f 4297//4297 4134//4134 4294//4294
f 4297//4297 4299//4299 4134//4134
f 4298//4298 4302//4302 4299//4299
f 4298//4298 4299//4299 4297//4297
f 4399//4399 4298//4298 4297//4297
f 4302//4302 4298//4298 4404//4404
f 4301//4301 4300//4300 4311//4311
f 4301//4301 4405//4405 4400//4400
f 4299//4299 4302//4302 4134//4134
f 4410//4410 4304//4304 4302//4302
f 4410//4410 4303//4303 4304//4304
f 4413//4413 4303//4303 4410//4410
f 4305//4305 4306//4306 4141//4141
f 4304//4304 4303//4303 4305//4305
f 4308//4308 4305//4305 4303//4303
f 4307//4307 4317//4317 4306//4306
f 4305//4305 4307//4307 4306//4306
f 4305//4305 4308//4308 4307//4307
f 4313//4313 4307//4307 4308//4308
f 4303//4303 4313//4313 4308//4308
f 4306//4306 4317//4317 4309//4309
f 4301//4301 4311//4311 4326//4326
f 4326//4326 4327//4327 4301//4301
f 4405//4405 4301//4301 4327//4327
f 4413//4413 4425//4425 4303//4303
f 4425//4425 4313//4313 4303//4303
f 4314//4314 4313//4313 4315//4315
f 4313//4313 4425//4425 4315//4315
f 4316//4316 4315//4315 4425//4425
f 4313//4313 4314//4314 4307//4307
f 4316//4316 4320//4320 4314//4314
f 4314//4314 4315//4315 4316//4316
f 4318//4318 4317//4317 4307//4307
f 4314//4314 4318//4318 4307//4307
f 4318//4318 4321//4321 4324//4324
f 4319//4319 4318//4318 4314//4314
f 4321//4321 4318//4318 4319//4319
f 4320//4320 4321//4321 4319//4319
f 4314//4314 4320//4320 4319//4319
f 4320//4320 4316//4316 4321//4321
f 4317//4317 4323//4323 4142//4142
f 4318//4318 4324//4324 4317//4317
f 4317//4317 4324//4324 4323//4323
f 4321//4321 4333//4333 4324//4324
f 4310//4310 4142//4142 4322//4322
f 4322//4322 4142//4142 4323//4323
f 4334//4334 4325//4325 4324//4324
f 4333//4333 4334//4334 4324//4324
f 4148//4148 4322//4322 4323//4323
f 4325//4325 4148//4148 4323//4323
f 4324//4324 4325//4325 4323//4323
f 4327//4327 4326//4326 4163//4163
f 4415//4415 4312//4312 4328//4328
f 4329//4329 4328//4328 4337//4337
f 4415//4415 4328//4328 4329//4329
f 4174//4174 4329//4329 4337//4337
f 4419//4419 4416//4416 4330//4330
f 4330//4330 4331//4331 4332//4332
f 4431//4431 4423//4423 4332//4332
f 4316//4316 4428//4428 4430//4430
f 4430//4430 4333//4333 4316//4316
f 4430//4430 4344//4344 4333//4333
f 4316//4316 4333//4333 4321//4321
f 4333//4333 4344//4344 4348//4348
f 4334//4334 4333//4333 4154//4154
f 4188//4188 4171//4171 4337//4337
f 4336//4336 4328//4328 4312//4312
f 4336//4336 4335//4335 4328//4328
f 4328//4328 4335//4335 4337//4337
f 4337//4337 4335//4335 4188//4188
f 4332//4332 4331//4331 4181//4181
f 4332//4332 4181//4181 4338//4338
f 4338//4338 4339//4339 4332//4332
f 4331//4331 4178//4178 4181//4181
f 4338//4338 4181//4181 4340//4340
f 4181//4181 4341//4341 4340//4340
f 4339//4339 4338//4338 4340//4340
f 4340//4340 4341//4341 4343//4343
f 4424//4424 4339//4339 4432//4432
f 4432//4432 4339//4339 4340//4340
f 4340//4340 4343//4343 4433//4433
f 4342//4342 4341//4341 4181//4181
f 4343//4343 4341//4341 4342//4342
f 4433//4433 4343//4343 4438//4438
f 4346//4346 4345//4345 4447//4447
f 4447//4447 4358//4358 4346//4346
f 4347//4347 4346//4346 4349//4349
f 4358//4358 4447//4447 4448//4448
f 4344//4344 4345//4345 4348//4348
f 4345//4345 4347//4347 4348//4348
f 4348//4348 4347//4347 4349//4349
f 4347//4347 4345//4345 4346//4346
f 4349//4349 4359//4359 4351//4351
f 4359//4359 4349//4349 4346//4346
f 4349//4349 4351//4351 4348//4348
f 4350//4350 4333//4333 4348//4348
f 4351//4351 4350//4350 4348//4348
f 6355//6355 4342//4342 4355//4355
f 4354//4354 4352//4352 4357//4357
f 4355//4355 4352//4352 4353//4353
f 4355//4355 4342//4342 4352//4352
f 4353//4353 4352//4352 4354//4354
f 4355//4355 4353//4353 4354//4354
f 6358//6358 6357//6357 4356//4356
f 6357//6357 4363//4363 4356//4356
f 6359//6359 4453//4453 6356//6356
f 4454//4454 4453//4453 6359//6359
f 4356//4356 4454//4454 6359//6359
f 4454//4454 4364//4364 4472//4472
f 4467//4467 4370//4370 4361//4361
f 4448//4448 4449//4449 4361//4361
f 4361//4361 4360//4360 4358//4358
f 4358//4358 4448//4448 4361//4361
f 4346//4346 6330//6330 4359//4359
f 4358//4358 4193//4193 4346//4346
f 4206//4206 4360//4360 4361//4361
f 4376//4376 4362//4362 4357//4357
f 4354//4354 4357//4357 4362//4362
f 6360//6360 4354//4354 4362//4362
f 4356//4356 4363//4363 4364//4364
f 4454//4454 4356//4356 4364//4364
f 4378//4378 4473//4473 4364//4364
f 4371//4371 4370//4370 4365//4365
f 4366//4366 4372//4372 4368//4368
f 4467//4467 4480//4480 4370//4370
f 4370//4370 4480//4480 4365//4365
f 4365//4365 4480//4480 4367//4367
f 4367//4367 4480//4480 4481//4481
f 4365//4365 4367//4367 4371//4371
f 4481//4481 4368//4368 4367//4367
f 4367//4367 4368//4368 4372//4372
f 4371//4371 4367//4367 4372//4372
f 4482//4482 4366//4366 4368//4368
f 4371//4371 4369//4369 4370//4370
f 4374//4374 4369//4369 4371//4371
f 4366//4366 4373//4373 4372//4372
f 4373//4373 6362//6362 4372//4372
f 4372//4372 4374//4374 4371//4371
f 4206//4206 4370//4370 4210//4210
f 4370//4370 4206//4206 4361//4361
f 4216//4216 4370//4370 4369//4369
f 4377//4377 4376//4376 4375//4375
f 6360//6360 4362//4362 4376//4376
f 4377//4377 6360//6360 4376//4376
f 4364//4364 4363//4363 6365//6365
f 4364//4364 6365//6365 4378//4378
f 4378//4378 6365//6365 6364//6364
f 4382//4382 4378//4378 6364//6364
f 4378//4378 4382//4382 4486//4486
f 4483//4483 6361//6361 6388//6388
f 6361//6361 4483//4483 4379//4379
f 4483//4483 4484//4484 4379//4379
f 4378//4378 4486//4486 4485//4485
f 4217//4217 4380//4380 4381//4381
f 4380//4380 4217//4217 4369//4369
f 4369//4369 4217//4217 4216//4216
f 6366//6366 4217//4217 4381//4381
f 4217//4217 4379//4379 4383//4383
f 4373//4373 4366//4366 4381//4381
f 4373//4373 4381//4381 6362//6362
f 4380//4380 6362//6362 4381//4381
f 6363//6363 4380//4380 4369//4369
f 4366//4366 6366//6366 4381//4381
f 4484//4484 4383//4383 4379//4379
f 4486//4486 4382//4382 4490//4490
f 4382//4382 4385//4385 4490//4490
f 6390//6390 6367//6367 4384//4384
f 4388//4388 4384//4384 6367//6367
f 6391//6391 4384//4384 4484//4484
f 4383//4383 4484//4484 4384//4384
f 4386//4386 4383//4383 4384//4384
f 6364//6364 4237//4237 4382//4382
f 4382//4382 4237//4237 4385//4385
f 4385//4385 4237//4237 6368//6368
f 4388//4388 4387//4387 4384//4384
f 4390//4390 4388//4388 4389//4389
f 4387//4387 4386//4386 4384//4384
f 4388//4388 4390//4390 4387//4387
f 4388//4388 4393//4393 4389//4389
f 4237//4237 4238//4238 6368//6368
f 6368//6368 4238//4238 6369//6369
f 6369//6369 4238//4238 4242//4242
f 4390//4390 4389//4389 4264//4264
f 4389//4389 4265//4265 4264//4264
f 4389//4389 4395//4395 4265//4265
f 4389//4389 4393//4393 4395//4395
f 4390//4390 4264//4264 4387//4387
f 4248//4248 4391//4391 4387//4387
f 4392//4392 4394//4394 6341//6341
f 4394//4394 4392//4392 4396//4396
f 4396//4396 4397//4397 4394//4394
f 6369//6369 4242//4242 6370//6370
f 4393//4393 6371//6371 4395//4395
f 4395//4395 6373//6373 4398//4398
f 4395//4395 6371//6371 6373//6373
f 4402//4402 4399//4399 4292//4292
f 4400//4400 4406//4406 4401//4401
f 4292//4292 4400//4400 4401//4401
f 4406//4406 4403//4403 4401//4401
f 4406//4406 4408//4408 4403//4403
f 4408//4408 4407//4407 4403//4403
f 4402//4402 4292//4292 4401//4401
f 4403//4403 4402//4402 4401//4401
f 4403//4403 4410//4410 4402//4402
f 4403//4403 4407//4407 4410//4410
f 4399//4399 4404//4404 4298//4298
f 4399//4399 4402//4402 4410//4410
f 4399//4399 4410//4410 4404//4404
f 4410//4410 4302//4302 4404//4404
f 4405//4405 4406//4406 4400//4400
f 4406//4406 4405//4405 4312//4312
f 4327//4327 4312//4312 4405//4405
f 4407//4407 4406//4406 4312//4312
f 4312//4312 4415//4415 4407//4407
f 4407//4407 4408//4408 4406//4406
f 4407//4407 4415//4415 4409//4409
f 4410//4410 4407//4407 4409//4409
f 4410//4410 4409//4409 4421//4421
f 4410//4410 4421//4421 6375//6375
f 4410//4410 6375//6375 4411//4411
f 4410//4410 4411//4411 4412//4412
f 4412//4412 4425//4425 4414//4414
f 4412//4412 4414//4414 4410//4410
f 4410//4410 4414//4414 4413//4413
f 4425//4425 4413//4413 4414//4414
f 4425//4425 4428//4428 4316//4316
f 4417//4417 4329//4329 4330//4330
f 4416//4416 4417//4417 4330//4330
f 4415//4415 4417//4417 4409//4409
f 4417//4417 4415//4415 4329//4329
f 4416//4416 4418//4418 4417//4417
f 4409//4409 4417//4417 4418//4418
f 4418//4418 4420//4420 6374//6374
f 4416//4416 4420//4420 4418//4418
f 4418//4418 6374//6374 4409//4409
f 4419//4419 4330//4330 4332//4332
f 4420//4420 4416//4416 4419//4419
f 4422//4422 4419//4419 4332//4332
f 4422//4422 4420//4420 4419//4419
f 6374//6374 4420//4420 4422//4422
f 6374//6374 4422//4422 4423//4423
f 4332//4332 4423//4423 4422//4422
f 6375//6375 4431//4431 4411//4411
f 4431//4431 4424//4424 4411//4411
f 4412//4412 4424//4424 4426//4426
f 4412//4412 4411//4411 4424//4424
f 4412//4412 4426//4426 4425//4425
f 4433//4433 4426//4426 4424//4424
f 4425//4425 4426//4426 4427//4427
f 4427//4427 4426//4426 4434//4434
f 4425//4425 4427//4427 4429//4429
f 4427//4427 4443//4443 4429//4429
f 4427//4427 4436//4436 4443//4443
f 4429//4429 4430//4430 4428//4428
f 4450//4450 4430//4430 4445//4445
f 4445//4445 4429//4429 4444//4444
f 4429//4429 4445//4445 4430//4430
f 4428//4428 4425//4425 4429//4429
f 4429//4429 4443//4443 4444//4444
f 4430//4430 4345//4345 4344//4344
f 4430//4430 4450//4450 4345//4345
f 4332//4332 4339//4339 4431//4431
f 4424//4424 4431//4431 4339//4339
f 4433//4433 4432//4432 4340//4340
f 4433//4433 4424//4424 4432//4432
f 4433//4433 4435//4435 4426//4426
f 6380//6380 6356//6356 4453//4453
f 4427//4427 4434//4434 4436//4436
f 4426//4426 6377//6377 4434//4434
f 4433//4433 4438//4438 4435//4435
f 6377//6377 4437//4437 4434//4434
f 6379//6379 6378//6378 6376//6376
f 6377//6377 6380//6380 4437//4437
f 6380//6380 4465//4465 4437//4437
f 6380//6380 4458//4458 4465//4465
f 4450//4450 4439//4439 4447//4447
f 4445//4445 4439//4439 4450//4450
f 4440//4440 4441//4441 4439//4439
f 4439//4439 4441//4441 4447//4447
f 4447//4447 4441//4441 4448//4448
f 4440//4440 4442//4442 4441//4441
f 4441//4441 4442//4442 4448//4448
f 4444//4444 4443//4443 4440//4440
f 4444//4444 4440//4440 4445//4445
f 4445//4445 4440//4440 4439//4439
f 4436//4436 4442//4442 4443//4443
f 4442//4442 4440//4440 4443//4443
f 4451//4451 4442//4442 4436//4436
f 6379//6379 4451//4451 6378//6378
f 4446//4446 4451//4451 6379//6379
f 4459//4459 4451//4451 4446//4446
f 4446//4446 4462//4462 4459//4459
f 6379//6379 6384//6384 4446//4446
f 4451//4451 4449//4449 4442//4442
f 4449//4449 4448//4448 4442//4442
f 4451//4451 4452//4452 4449//4449
f 4345//4345 4450//4450 4447//4447
f 4468//4468 4452//4452 4451//4451
f 4452//4452 4466//4466 4449//4449
f 4468//4468 4451//4451 4459//4459
f 4452//4452 4468//4468 4466//4466
f 4453//4453 4454//4454 4455//4455
f 4454//4454 4472//4472 4457//4457
f 4457//4457 4472//4472 4474//4474
f 4458//4458 6380//6380 4456//4456
f 6380//6380 4455//4455 4456//4456
f 6380//6380 4453//4453 4455//4455
f 4458//4458 4456//4456 4460//4460
f 4455//4455 4454//4454 4457//4457
f 4455//4455 4457//4457 4456//4456
f 4456//4456 4457//4457 4460//4460
f 4465//4465 4458//4458 4460//4460
f 4469//4469 4459//4459 4462//4462
f 4462//4462 4470//4470 4469//4469
f 4461//4461 4475//4475 4471//4471
f 4460//4460 4463//4463 4465//4465
f 4464//4464 4470//4470 4462//4462
f 4463//4463 4460//4460 6381//6381
f 4460//4460 4457//4457 4475//4475
f 4460//4460 4475//4475 4461//4461
f 6386//6386 4463//4463 6381//6381
f 4475//4475 4457//4457 4474//4474
f 4446//4446 6384//6384 4462//4462
f 4462//4462 6384//6384 6382//6382
f 4462//4462 6382//6382 6383//6383
f 4361//4361 4449//4449 4466//4466
f 4466//4466 4467//4467 4361//4361
f 4471//4471 4475//4475 4467//4467
f 4459//4459 4469//4469 6385//6385
f 4469//4469 4470//4470 6385//6385
f 4466//4466 6385//6385 4470//4470
f 4466//4466 4470//4470 4467//4467
f 4470//4470 4464//4464 4467//4467
f 6383//6383 6382//6382 4467//4467
f 4467//4467 6382//6382 4471//4471
f 4472//4472 4364//4364 4473//4473
f 4472//4472 4473//4473 4478//4478
f 4472//4472 4478//4478 4474//4474
f 4474//4474 4478//4478 4475//4475
f 4475//4475 4476//4476 4467//4467
f 4479//4479 4467//4467 4476//4476
f 4476//4476 4475//4475 4477//4477
f 4476//4476 4477//4477 4479//4479
f 4475//4475 4478//4478 4477//4477
f 4479//4479 4477//4477 4482//4482
f 4480//4480 4467//4467 4479//4479
f 4479//4479 4481//4481 4480//4480
f 4368//4368 4481//4481 4482//4482
f 4482//4482 4481//4481 4479//4479
f 4483//4483 6388//6388 6387//6387
f 4489//4489 4473//4473 4378//4378
f 4473//4473 4489//4489 4478//4478
f 4488//4488 4484//4484 4483//4483
f 6391//6391 4484//4484 4487//4487
f 4484//4484 6389//6389 4487//4487
f 4485//4485 4489//4489 4378//4378
f 4487//4487 4485//4485 4486//4486
f 4490//4490 4487//4487 4486//4486
f 4488//4488 4483//4483 6387//6387
f 6389//6389 4477//4477 4478//4478
f 4478//4478 4489//4489 6389//6389
f 4489//4489 4485//4485 6389//6389
f 4487//4487 6389//6389 4485//4485
