# Wavafront OBJ file of BodyParts3D
# BodyParts3D, Copyright(C) 2010-2011 The Database Center for Life Science licensed under CC Attribution-Share Alike 2.1 Japan.
vn -0.926396 -0.348513 -0.14258
v 12.5908 -102.212 986.996
vn -0.895201 -0.133474 -0.425206
v 12.5615 -101.866 986.753
vn -0.976641 -0.120363 -0.178001
v 12.1629 -101.117 987.491
vn -0.892598 0.169569 -0.41775
v 12.1639 -99.9306 987.703
vn -0.947367 -0.155931 0.279611
v 12.0933 -99.6929 988.049
vn -0.823144 -0.434088 0.366063
v 12.3124 -101.186 987.959
vn -0.794153 0.353367 -0.494422
v 12.4098 -99.5586 987.469
vn -0.0870255 -0.118549 0.989127
v 12.4665 -99.6873 988.225
vn -0.29431 0.0183123 0.955535
v 12.438 -99.3884 988.249
vn -0.8318 0.469387 -0.296284
v 12.427 -99.0161 987.871
vn -0.335252 0.152633 0.929682
v 12.4041 -98.9996 988.178
vn -0.826491 -0.481058 -0.292397
v 8.16581 -93.5779 1088.76
vn -0.512979 -0.185506 0.838117
v 8.64186 -94.4227 1089.22
vn -0.512979 -0.185506 0.838117
v 8.80037 -94.1297 1089.38
vn -0.947536 -0.0981063 -0.304221
v 7.23304 -90.4342 1088.39
vn -0.903251 -0.279483 -0.325618
v 7.31177 -91.6661 1088.48
vn -0.671732 -0.331534 0.662466
v 7.26431 -91.723 1088.77
vn -0.560513 -0.147011 0.814992
v 7.73178 -92.2284 1088.99
vn -0.19592 0.127841 0.972251
v 7.57226 -90.4137 1088.7
vn -0.655047 -0.218836 0.723204
v 7.15188 -89.8484 1088.49
vn -0.924869 0.0212768 -0.379691
v 7.16458 -89.4981 1088.25
vn -0.850232 0.503923 -0.152206
v 7.4096 -88.8295 1088.07
vn -0.855671 0.237325 -0.459895
v 7.6617 -88.9979 1087.43
vn -0.862481 0.445217 0.240643
v 7.4398 -88.8853 1088.4
vn -0.772483 0.626343 -0.104708
v 7.71214 -88.5305 1088.28
vn -0.81771 0.412259 -0.401737
v 8.13587 -88.5523 1086.91
vn -0.105236 0.256778 0.960724
v 8.0306 -88.754 1088.4
vn -0.205423 -0.947898 0.243498
v 15.2199 -105.317 984.345
vn -0.771664 0.0770286 -0.631349
v 15.1004 -103.619 983.123
vn -0.795393 -0.108591 -0.596287
v 15.0523 -103.14 983.241
vn -0.879905 -0.292535 -0.374421
v 13.4243 -103.408 985.575
vn -0.869182 -0.423593 -0.25513
v 13.6128 -103.984 985.475
vn -0.84011 -0.10177 -0.532783
v 14.1198 -103.727 984.309
vn -0.419412 -0.905502 0.0644999
v 14.4648 -104.987 984.698
vn -0.790675 -0.604596 -0.0964215
v 14.2289 -104.816 985.64
vn -0.161117 -0.777525 0.607862
v 14.1699 -104.359 986.171
vn 0.102999 -0.840222 0.53237
v 14.5184 -104.697 985.665
vn -0.869353 -0.424554 -0.252943
v 15.2269 -105.318 985.26
vn -0.774021 -0.631053 -0.0516126
v 15.1795 -105.474 986.111
vn -0.506162 -0.645572 0.571872
v 13.3984 -103.865 986.407
vn -0.541746 -0.814476 0.207701
v 14.5339 -104.353 986.337
vn -0.818889 -0.225542 -0.52778
v 14.2422 -102.721 983.881
vn -0.785798 0.256534 -0.562771
v 13.7559 -100.794 984.829
vn -0.433747 -0.55716 0.708121
v 13.3232 -102.286 987.82
vn -0.377635 -0.549553 0.745241
v 13.7862 -103.096 987.465
vn -0.0487356 0.0418236 0.997936
v 12.7084 -99.0568 988.256
vn -0.702759 0.662946 -0.258132
v 13.0222 -98.315 987.7
vn 0.0312036 -0.0464569 0.998433
v 13.5204 -98.0544 988.232
vn -0.913413 -0.342682 -0.219649
v 13.8065 -102.738 1021.67
vn -0.947239 0.0917471 0.307118
v 13.7921 -102.407 1021.52
vn 0.0224346 -0.00300977 0.999744
v 14.1166 -102.71 1021.68
vn -0.430193 0.343105 0.834993
v 14.0886 -102.405 1021.68
vn -0.97288 -0.117841 -0.199045
v 13.3243 -100.897 1021.38
vn -0.981012 -0.192888 0.0202612
v 13.3294 -100.949 1021.68
vn -0.873641 -0.400834 -0.275833
v 13.7152 -102.048 1021.18
vn -0.927492 -0.32636 -0.182341
v 13.5604 -101.765 1021.23
vn -0.98434 -0.075802 0.159153
v 13.3245 -100.615 1021.52
vn -0.452108 0.379823 0.807052
v 13.6272 -100.699 1021.72
vn -0.327412 0.798345 0.505417
v 13.6306 -97.5003 1021.38
vn -0.461846 -0.045072 0.885814
v 13.1844 -99.4268 1021.64
vn -0.953951 0.134519 -0.268108
v 13.2531 -99.0713 1021.4
vn -0.0262107 0.00415439 0.999648
v 13.5068 -99.4194 1021.78
vn -0.327412 0.798345 0.505417
v 13.6493 -97.667 1021.66
vn -0.544071 -0.120772 0.830302
v 11.9207 -96.2026 1054.51
vn -0.762391 -0.644441 -0.0587841
v 12.8617 -97.9478 1054.51
vn -0.905855 -0.139418 -0.399986
v 11.3915 -94.1271 1054.57
vn -0.544071 -0.120772 0.830302
v 12.1555 -95.9083 1054.7
vn 0.196378 0.054627 0.979005
v 11.9613 -93.7479 1054.5
vn -0.965752 0.0542323 -0.253735
v 11.5895 -92.4633 1053.95
vn -0.878953 0.370374 -0.300439
v 11.7484 -91.506 1053.82
vn 0.149241 0.132095 0.979938
v 11.7414 -91.5591 1054.12
vn -0.831888 0.549262 0.0792142
v 12.0341 -91.0847 1053.9
vn -0.585179 -0.776993 -0.232052
v 10.5127 -95.6102 1087.21
vn -0.700185 -0.702019 -0.130043
v 9.19088 -95.0028 1089.13
vn -0.532782 -0.814632 0.22917
v 9.82018 -95.5525 1089.34
vn -0.463252 -0.223208 0.857657
v 9.80566 -95.2977 1089.62
vn -0.256296 -0.964624 0.0617503
v 11.1117 -96.152 1088.95
vn -0.27871 -0.890284 0.360161
v 11.0949 -96.0778 1089.27
vn 0.0974814 -0.0444024 0.994246
v 11.3595 -95.7083 1089.35
vn -0.638595 -0.500027 -0.584953
v 11.4545 -92.798 1081.63
vn -0.792076 -0.492384 -0.360797
v 9.61368 -94.0522 1085.95
vn -0.389408 -0.919367 0.0559094
v 11.0913 -95.6982 1096.04
vn -0.807692 0.432139 -0.401111
v 10.8759 -95.2297 1096.73
vn -0.446446 -0.882796 0.146139
v 10.4106 -94.9812 1098.29
vn -0.695154 0.660352 -0.28407
v 10.5797 -94.6294 1098.36
vn -0.371937 -0.885781 -0.277588
v 10.367 -94.6343 1098.66
vn -0.371937 -0.885781 -0.277588
v 10.6807 -94.7604 1098.64
vn -0.731776 0.673832 -0.102242
v 10.6519 -94.4674 1098.69
vn -0.389344 -0.753189 0.530205
v 10.671 -94.6877 1098.73
vn -0.771137 -0.632888 0.0692908
v 10.9158 -94.7031 1098.96
vn -0.819756 -0.569706 0.0586096
v 10.7252 -94.4241 1099
vn -0.661499 -0.744659 0.0888943
v 10.5978 -94.3035 1099.94
vn -0.963261 -0.050133 -0.263847
v 10.0782 -90.0982 1081.18
vn -0.583309 -0.333592 -0.740585
v 10.5029 -89.8563 1080.05
vn -0.882352 0.40313 -0.242777
v 10.4962 -88.9595 1080.17
vn -0.871861 0.057445 -0.486372
v 10.7212 -88.8678 1079.77
vn -0.920355 -0.0397261 -0.389062
v 9.75609 -91.0886 1083.13
vn -0.914365 0.309889 -0.260587
v 9.93732 -89.4834 1082.81
vn -0.756761 -0.653044 -0.0291112
v 10.5011 -94.2531 1099.64
vn -0.925256 -0.206448 0.318246
v 10.568 -94.0055 1100.01
vn -0.760711 0.616935 -0.201768
v 10.9109 -94.0814 1098.9
vn -0.913347 -0.229147 0.336583
v 10.8265 -93.8209 1100.84
vn -0.629737 0.747157 -0.212573
v 10.795 -93.5339 1100.99
vn -0.80962 0.551402 -0.201177
v 10.4805 -88.7347 1082.34
vn -0.824081 0.403793 -0.397292
v 10.2223 -88.1117 1083.86
vn -0.654119 0.448011 0.609438
v 8.65823 -86.8286 1087.84
vn -0.0688785 0.208583 0.975576
v 8.78269 -87.0178 1088.11
vn 0.0782139 0.155187 0.984784
v 9.06791 -86.8295 1088.07
vn -0.784763 0.5196 -0.33788
v 9.11226 -85.8439 1087.71
vn -0.0267675 0.224653 0.974071
v 9.3661 -85.5237 1087.78
vn -0.689267 0.645259 -0.329473
v 9.75237 -85.1387 1087.55
vn -0.293201 0.742967 0.601692
v 10.127 -85.133 1087.72
vn -0.749584 -0.557042 -0.35753
v 17.7275 -106.356 973.528
vn -0.849217 0.128371 0.512202
v 17.1346 -106.793 975.659
vn -0.907628 -0.346487 -0.236976
v 17.1675 -105.972 974.503
vn -0.761619 -0.566832 -0.314067
v 17.5892 -106.527 974.41
vn -0.229687 -0.966248 -0.116653
v 17.7727 -107.031 975.237
vn -0.447107 -0.861005 -0.242417
v 17.9209 -107.351 975.791
vn -0.187352 -0.871202 -0.453769
v 18.3828 -107.01 974.944
vn -0.804676 -0.118664 0.581735
v 17.7476 -107.161 976.432
vn -0.828688 0.263352 0.493885
v 17.9545 -106.298 976.894
vn 0.11164 -0.936656 0.331981
v 18.3482 -107.096 976.312
vn 0.254386 -0.209686 0.944097
v 18.2556 -106.285 976.865
vn -0.802748 -0.0132447 -0.596171
v 17.9028 -106.98 980.588
vn -0.832457 -0.0300747 -0.553272
v 17.5909 -107.087 981.015
vn -0.531249 -0.833628 -0.151126
v 17.6022 -107.323 981.583
vn -0.367838 -0.923015 -0.112861
v 17.8972 -107.451 982.173
vn -0.507893 -0.85319 -0.118789
v 17.8699 -107.585 983.978
vn -0.590372 -0.805747 -0.047252
v 17.8405 -107.743 984.864
vn -0.998411 -0.0346009 -0.0444703
v 18.2831 -107.914 986.059
vn -0.963527 -0.24153 -0.115236
v 18.2605 -108.021 986.649
vn -0.958301 0.224994 -0.176171
v 18.3621 -101.967 966.398
vn -0.957002 0.255668 -0.137042
v 18.038 -102.556 967.812
vn -0.999961 -0.00233297 0.00856959
v 17.9126 -102.428 968.747
vn -0.576103 -0.813452 -0.0800099
v 18.1941 -102.68 968.097
vn -0.772469 -0.571292 -0.277339
v 18.2373 -102.992 968.651
vn -0.907436 -0.359111 -0.218171
v 18.1399 -103.21 969.83
vn -0.992623 0.120907 -0.00896552
v 18.0634 -102.624 969.933
vn -0.822832 -0.442953 -0.356006
v 18.3925 -104.775 970.163
vn -0.927067 -0.231853 -0.294603
v 17.1628 -104.82 973.185
vn -0.948419 0.305444 -0.0848789
v 17.6331 -103.328 971.935
vn -0.793045 0.439913 0.421373
v 17.1186 -105.331 974.312
vn -0.748791 -0.544068 -0.378553
v 17.2067 -106.076 980.886
vn -0.712435 -0.00590997 -0.701713
v 17.15 -105.306 980.413
vn -0.40315 0.180071 -0.897243
v 17.3816 -104.549 980.397
vn -0.757047 -0.504382 -0.415306
v 17.8564 -106.252 979.908
vn -0.803157 -0.351917 -0.480722
v 17.8305 -105.92 979.75
vn -0.784277 -0.454474 -0.42233
v 18.166 -106.088 979.156
vn -0.386147 -0.9192 -0.0772152
v 15.9202 -105.731 982.452
vn -0.282606 -0.952067 0.117054
v 15.9039 -105.802 983.189
vn -0.292602 -0.953741 -0.0690041
v 16.5945 -105.958 982.727
vn -0.847432 -0.056344 -0.527906
v 17.5098 -106.501 981.119
vn -0.724804 -0.67843 -0.119966
v 15.9839 -105.928 983.942
vn -0.647634 -0.761912 0.00782948
v 16.882 -106.995 984.374
vn 0.259332 -0.933049 0.24933
v 18.1037 -107.506 985.386
vn -0.722395 -0.671433 0.165296
v 16.9629 -106.222 987.866
vn -0.866823 -0.482228 0.126781
v 17.2633 -106.788 987.769
vn -0.728143 -0.354211 0.586807
v 17.3273 -106.518 988.011
vn 0.22157 -0.925459 0.307299
v 17.723 -107.128 986.801
vn -0.763657 -0.630922 -0.136987
v 17.9445 -107.213 987.094
vn -0.850874 -0.506877 -0.138163
v 17.8114 -107.383 987.976
vn -0.869939 -0.447008 0.208302
v 17.6787 -107.14 988.261
vn -0.963569 -0.152671 -0.219603
v 18.2592 -107.672 986.406
vn -0.828885 0.309838 0.465779
v 17.9137 -107.827 988.812
vn -0.875414 -0.481658 0.0406827
v 18.0568 -107.919 989.407
vn -0.913864 0.195614 -0.355792
v 17.3738 -106.726 992.659
vn -0.183514 -0.952725 0.242153
v 17.9407 -107.843 990.638
vn 0.186968 -0.928698 0.320256
v 17.7811 -107.066 994.433
vn -0.957319 0.271615 0.098822
v 18.0211 -102.174 969.099
vn -0.925029 0.373921 0.0671085
v 18.178 -101.81 968.862
vn -0.84013 0.522559 0.145307
v 18.1816 -102.316 969.99
vn -0.778288 0.619581 0.101915
v 18.0468 -102.726 972.963
vn -0.700981 0.00566186 -0.713157
v 16.4809 -102.931 981.133
vn -0.31882 0.126816 -0.939293
v 17.2662 -103.37 980.592
vn -0.625681 -0.420145 0.657268
v 16.3542 -105.604 987.495
vn -0.362378 -0.144376 0.920781
v 16.6203 -105.327 987.805
vn -0.69005 -0.718757 0.0849666
v 16.2304 -105.595 997.721
vn -0.0247158 -0.962278 0.270942
v 16.6924 -106.152 997.628
vn -0.645953 -0.760335 -0.0680801
v 17.5687 -105.968 997.979
vn -0.347535 -0.921448 0.173648
v 16.6134 -105.734 998.921
vn 0.0730828 -0.966927 0.24436
v 16.9316 -105.81 998.607
vn 0.330811 -0.93113 0.153499
v 17.4129 -106.602 1004.87
vn -0.0778287 -0.992107 0.0983224
v 16.4973 -106.773 1005.74
vn -0.686473 -0.716592 -0.123497
v 17.0369 -106.711 1007.59
vn -0.533856 -0.845206 0.0250148
v 16.003 -105.111 1001.77
vn -0.406734 -0.912838 0.0359877
v 16.528 -105.445 1000.8
vn -0.854629 -0.503937 -0.125132
v 16.0157 -105.582 1004.43
vn -0.999952 4.80887e-005 -0.0098359
v 15.9619 -105.08 1003.3
vn -0.415708 -0.906428 0.0746649
v 16.0118 -106.508 1007.92
vn -0.0351667 -0.97561 0.216675
v 16.3649 -106.58 1008.52
vn -0.119424 -0.990368 0.0700612
v 16.4237 -106.699 1007.89
vn -0.837562 -0.302012 0.455278
v 16.362 -106.306 1008.7
vn 0.0121197 -0.955455 0.294886
v 16.9558 -106.292 1008.95
vn -0.568494 -0.395206 0.721544
v 17.3479 -105.163 1009.7
vn -0.581179 -0.0773496 -0.810091
v 17.0206 -106.543 1017.3
vn -0.79494 -0.431664 -0.426307
v 16.4119 -106.369 1017.7
vn -0.698112 -0.43266 -0.570478
v 16.9878 -106.909 1017.61
vn -0.553619 -0.500684 0.665448
v 16.9302 -107.007 1021.58
vn -0.127404 -0.0772568 0.988838
v 16.6797 -99.5405 988.008
vn -0.639491 -0.170076 -0.74975
v 15.9187 -104.614 1017.89
vn -0.233018 -0.000952379 -0.972472
v 16.2197 -104.557 1017.74
vn -0.856571 -0.278859 -0.434193
v 15.7005 -104.707 1018.29
vn -0.866327 -0.479484 -0.139903
v 14.9022 -105.358 1021.52
vn -0.907564 -0.35767 -0.22
v 14.7975 -104.914 1020.68
vn -0.688871 -0.724848 -0.00722135
v 15.3282 -105.86 1021.13
vn -0.133083 0.137004 0.98159
v 16.5727 -106.459 1021.75
vn -0.515475 0.823352 -0.237437
v 16.081 -96.0774 987.23
vn -0.158823 0.164247 0.973549
v 15.6465 -96.6404 988.343
vn -0.566653 0.823899 -0.00978273
v 15.4687 -96.2684 988.102
vn -0.36266 0.931917 0.00285079
v 16.0494 -95.9488 987.863
vn -0.166435 0.768883 0.617348
v 16.0452 -96.003 988.158
vn 0.00195776 0.319035 0.947741
v 16.6639 -96.2333 988.337
vn -0.878322 -0.290457 -0.379717
v 15.5337 -103.728 1017.86
vn -0.510244 -0.210384 0.8339
v 14.5887 -104.446 1021.38
vn -0.0711225 -0.0422543 0.996572
v 14.8558 -104.156 1021.62
vn -0.78544 -0.618626 -0.0196518
v 16.2184 -104.872 1029.85
vn -0.852745 0.314392 -0.417114
v 16.7853 -105.203 1028.58
vn -0.761133 -0.63745 -0.119726
v 16.5162 -105.106 1029.21
vn -0.713369 -0.700184 -0.0290945
v 16.5117 -105.156 1029.5
vn -0.808418 0.0554007 -0.585996
v 15.6896 -104.293 1031.47
vn -0.900589 -0.434671 -0.00020345
v 15.9038 -104.221 1031.19
vn -0.367034 -0.873325 0.320295
v 15.7781 -104.093 1032.12
vn -0.767476 0.467311 -0.438864
v 16.1104 -104.43 1030.54
vn -0.794534 -0.6064 0.0315351
v 16.1538 -104.739 1030.79
vn -0.861027 0.334636 -0.38295
v 16.1066 -104.399 1030.57
vn 0.681445 0.572624 -0.455779
v 16.3146 -104.427 1030.85
vn 0.0144293 0.176092 -0.984268
v 16.281 -104.081 1030.61
vn -0.513679 0.846103 -0.142279
v 16.0739 -104.151 1030.89
vn 0.821217 -0.411817 0.394981
v 16.4332 -104.675 1030.59
vn -0.801781 0.295896 0.519223
v 16.3868 -104.272 1030.88
vn -0.676566 0.588765 -0.442284
v 16.484 -104.062 1030.61
vn -0.776352 -0.0294843 -0.629609
v 14.9931 -101.056 1018.02
vn -0.761697 0.28389 -0.58243
v 15.4054 -97.2996 1017.79
vn -0.279772 -0.020182 -0.959854
v 15.6875 -98.7581 1017.54
vn -0.307963 0.0405888 -0.950532
v 15.8643 -96.9079 1017.56
vn -0.59013 0.736886 -0.329766
v 15.7966 -96.802 1017.88
vn -0.821688 0.403673 -0.40234
v 13.9496 -97.3637 1020.79
vn -0.327412 0.798345 0.505417
v 13.9379 -97.5075 1021.59
vn -0.701025 0.597328 -0.389567
v 14.8443 -96.8888 1019.68
vn 0.191407 0.0831402 0.977983
v 13.9664 -97.8276 1021.63
vn -0.559122 0.116243 0.820896
v 13.9107 -97.1928 1021.53
vn -0.694754 0.636935 -0.334112
v 14.1895 -96.7432 1020.92
vn -0.761452 0.647622 -0.0278631
v 14.1725 -96.6675 1021.23
vn 0.0298124 0.316881 0.947997
v 14.4824 -96.8004 1021.36
vn -0.438617 0.897426 -0.0473471
v 14.6148 -96.414 1020.98
vn -0.538844 0.773795 -0.332998
v 15.0623 -96.5118 1020.06
vn -0.473308 0.827058 -0.303239
v 14.7701 -96.4236 1020.68
vn -0.342744 0.893087 0.291415
v 14.7546 -96.4479 1021.25
vn 0.131778 0.172057 0.976233
v 15.1494 -96.7135 1021.24
vn -0.37031 0.90397 -0.213795
v 15.0583 -96.2903 1020.71
vn -0.282123 0.959366 0.00486365
v 15.0459 -96.2604 1021.02
vn 0.0950571 0.515183 0.851793
v 15.0548 -96.3994 1021.14
vn -0.122232 0.643217 0.755864
v 15.9514 -96.3053 1021.11
vn -0.712156 -0.58091 -0.39418
v 14.6781 -98.7184 1049.83
vn -0.603004 -0.796321 -0.0475341
v 13.9454 -99.0346 1054.94
vn -0.32289 -0.704615 0.63187
v 14.8036 -99.4084 1055.2
vn -0.163765 -0.670967 0.723176
v 14.8435 -99.1502 1055.49
vn -0.903606 -0.185515 -0.38611
v 14.2538 -97.1635 1049.14
vn -0.257733 -0.10401 -0.960602
v 14.4151 -95.5749 1048.91
vn -0.573781 -0.0864663 0.814431
v 13.2692 -98.3411 1055.23
vn -0.369264 -0.181647 -0.911399
v 14.0715 -93.7673 1048.88
vn -0.363469 -0.295639 -0.883452
v 14.8229 -93.3013 1048.39
vn 0.102908 0.158885 0.981919
v 13.8181 -94.0771 1053.93
vn -0.0130995 0.26343 0.96459
v 12.3402 -91.1794 1054.03
vn -0.600678 -0.608366 -0.518725
v 12.3349 -95.0029 1082.47
vn -0.231949 -0.418627 -0.878038
v 12.6908 -94.5605 1081.89
vn -0.407823 -0.7069 -0.577904
v 13.3883 -95.7326 1082.35
vn -0.274449 -0.948125 -0.160424
v 12.4447 -96.2936 1085.28
vn 0.0133541 -0.99988 -0.00784695
v 12.7304 -96.2315 1085.6
vn 0.0321467 0.0119041 0.999412
v 11.6866 -95.9796 1089.33
vn -0.160948 -0.986025 0.043012
v 12.0359 -96.3583 1088.92
vn -0.196009 -0.951632 0.236594
v 12.0138 -96.2488 1089.31
vn 0.0842741 0.126962 0.988321
v 11.9857 -95.9453 1089.3
vn 0.321872 -0.904961 0.278287
v 12.3149 -96.1908 1089.15
vn 0.491371 -0.31294 0.812787
v 12.2849 -95.9101 1089.27
vn -0.121511 -0.764209 0.633419
v 12.9425 -96.4097 1089
vn -0.200524 -0.626168 0.753461
v 12.9097 -96.1644 1089.33
vn 0.586329 -0.653243 0.479053
v 13.5483 -96.2485 1088.43
vn 0.533865 -0.717328 0.447693
v 13.4987 -95.9141 1089.02
vn -0.396358 -0.814039 0.424549
v 13.8447 -96.2724 1088.66
vn -0.769441 -0.628699 -0.112686
v 13.8349 -96.3678 1089.26
vn -0.52878 -0.18416 0.828539
v 13.7952 -95.9623 1089.32
vn 0.0345753 -0.998413 0.0444557
v 13.9873 -95.9868 1092.37
vn -0.566965 -0.643571 -0.514166
v 12.1047 -95.8278 1094.81
vn -0.774261 -0.320191 -0.545892
v 13.3334 -95.559 1093.05
vn 0.190472 -0.97637 0.102094
v 11.7877 -95.8601 1095.41
vn 0.227439 -0.740283 -0.632655
v 12.9989 -95.8251 1095.13
vn -0.272253 -0.461586 -0.844285
v 11.6072 -92.4064 1081.23
vn -0.566965 -0.643571 -0.514166
v 12.0948 -95.6502 1094.6
vn -0.811511 -0.106986 -0.57446
v 11.5807 -95.8446 1095.41
vn -0.287625 -0.957001 0.0376856
v 11.4554 -95.8351 1096.32
vn -0.778428 0.297765 -0.552617
v 11.5065 -95.5548 1095.46
vn 0.182266 -0.90135 0.392869
v 11.3644 -95.1989 1097.35
vn 0.438775 -0.839488 0.320525
v 12.0464 -95.5969 1096
vn 0.0587669 -0.984783 0.163552
v 12.3703 -95.6577 1095.45
vn 0.038855 -0.396103 -0.917384
v 11.4474 -90.3515 1080.24
vn 0.216949 -0.869075 0.444569
v 11.7876 -94.1467 1099.98
vn -0.380438 -0.477752 0.791846
v 11.0928 -93.5412 1101.13
vn 0.346393 -0.71399 0.608465
v 11.4246 -93.7534 1100.79
vn 0.473344 -0.614321 0.631312
v 11.944 -92.9631 1101.11
vn -0.688403 0.690075 -0.22338
v 11.9199 -92.6214 1100.87
vn -0.104056 -0.150525 -0.983115
v 12.1648 -88.0347 1079.33
vn -0.607781 0.638652 -0.471938
v 13.2485 -86.685 1079.23
vn -0.746425 0.588408 -0.310845
v 12.3712 -87.192 1079.87
vn -0.767685 0.490577 -0.412303
v 11.4021 -86.5199 1082.45
vn -0.768543 0.0589157 0.63708
v 12.9697 -91.234 1101.74
vn -0.427956 0.788063 0.442506
v 12.1433 -83.8463 1086.9
vn -0.639875 0.768396 0.0112791
v 12.4208 -83.4118 1086.37
vn -0.589365 -0.759032 -0.276622
v 21.1029 -107.491 969.716
vn -0.359292 -0.916626 -0.175233
v 20.3636 -107.734 972.405
vn -0.131998 -0.986799 -0.0938353
v 20.6259 -107.84 973.143
vn -0.213841 -0.949499 -0.229618
v 19.4004 -107.877 973.89
vn -0.0824081 -0.977139 -0.195983
v 20.0188 -107.941 973.582
vn 0.0687654 -0.984216 0.163065
v 20.7543 -109.701 984.251
vn -0.822033 -0.407311 -0.397944
v 20.1011 -104.284 966.618
vn -0.896104 -0.114661 -0.428778
v 21.1003 -104.819 965.013
vn -0.817646 -0.417275 -0.396656
v 20.9305 -104.241 965.114
vn -0.812161 -0.473296 -0.341152
v 19.9708 -105.396 967.636
vn -0.50621 -0.849725 -0.147372
v 20.2878 -105.587 967.607
vn -0.625259 -0.715087 -0.312574
v 20.303 -105.767 968.184
vn -0.244649 -0.96893 -0.0363627
v 18.9299 -107.327 972.762
vn -0.201402 -0.9795 -0.00413226
v 19.7076 -107.455 972.446
vn -0.660364 -0.662087 -0.354344
v 18.9033 -107.347 974.587
vn -0.794394 -0.595259 -0.120847
v 19.1417 -107.569 974.246
vn -0.702136 -0.679222 -0.213687
v 19.0391 -107.556 974.856
vn 0.397898 -0.605295 0.689417
v 19.7876 -106.315 976.158
vn -0.641715 -0.731953 -0.229012
v 20.6053 -106.753 975.632
vn -0.697736 -0.56392 -0.441768
v 19.6447 -106.563 977.481
vn -0.778591 -0.554591 0.29364
v 19.9981 -106.373 976.606
vn -0.65921 -0.705954 -0.25898
v 20.4486 -107.052 976.491
vn -0.275228 -0.949554 -0.150319
v 20.4118 -107.16 977.995
vn -0.800664 -0.0162559 -0.598893
v 19.1832 -107.211 978.882
vn -0.344557 -0.913104 -0.217995
v 20.3975 -107.208 978.596
vn -0.339064 -0.91809 -0.205294
v 19.1584 -108.02 982.09
vn 0.352899 -0.90288 0.245502
v 19.1071 -107.788 983.045
vn -0.493118 -0.857273 -0.148048
v 19.7773 -108.476 982.932
vn -0.458044 -0.847905 -0.266933
v 19.7646 -107.899 981.619
vn -0.710532 -0.591893 -0.380535
v 20.3072 -108.475 981.72
vn -0.512364 -0.841436 -0.171666
v 20.1008 -108.702 982.896
vn -0.911993 -0.265112 -0.313025
v 20.688 -109.191 982.512
vn -0.645047 -0.654553 -0.394303
v 20.3962 -108.063 981.186
vn -0.471499 -0.819312 -0.326215
v 20.7481 -108.771 981.674
vn -0.902791 -0.166616 -0.396493
v 19.0332 -107.879 984.552
vn 0.322809 -0.916537 0.236124
v 18.7301 -107.501 984.615
vn -0.740319 -0.621406 -0.25648
v 19.0577 -107.672 984.284
vn 0.242434 -0.958886 0.147521
v 19.7575 -108.636 984.046
vn -0.425439 -0.90202 -0.07322
v 20.1679 -109.501 983.973
vn -0.934206 -0.132837 -0.33108
v 20.2165 -108.851 983.785
vn -0.798619 -0.564676 -0.208205
v 18.7896 -108.589 985.945
vn 0.242434 -0.958886 0.147521
v 19.0556 -108.423 986.588
vn -0.921408 -0.259588 -0.289173
v 19.4332 -108.98 985.803
vn -0.77341 -0.609592 -0.173883
v 18.3725 -108.495 989.379
vn -0.942641 -0.326248 0.0706455
v 19.7349 -101.871 954.548
vn -0.964905 0.246871 0.089513
v 19.5041 -101.247 954.351
vn -0.972289 0.233514 0.0111567
v 19.8219 -99.9779 954.278
vn -0.236579 -0.951049 0.198837
v 19.7774 -101.467 959.193
vn -0.984218 -0.175399 0.023464
v 19.9256 -101.688 957.936
vn -0.995206 -0.0977969 -0.000491955
v 19.9017 -101.445 957.979
vn -0.121968 -0.981387 0.148334
v 20.2265 -101.78 958.229
vn 0.0405408 -0.964535 0.260825
v 20.114 -101.215 960.157
vn -0.905487 -0.158076 -0.393835
v 20.2235 -101.304 961.971
vn -0.509203 -0.759356 0.405081
v 20.0261 -100.612 961.178
vn -0.898545 0.0723079 -0.432885
v 20.5194 -102.062 961.231
vn 0.00602145 -0.976688 0.214578
v 20.4599 -101.072 960.797
vn -0.926805 0.040744 -0.373326
v 18.9516 -101.493 964.053
vn -0.922144 -0.181893 -0.341417
v 18.7391 -101.966 964.879
vn -0.585019 -0.772425 -0.247208
v 18.8013 -102.118 965.768
vn -0.468065 -0.876609 -0.111679
v 18.8529 -102.865 966.854
vn -0.604851 -0.728778 -0.320995
v 19.1724 -102.954 966.538
vn -0.566263 -0.823958 -0.0209825
v 19.425 -103.16 966.809
vn -0.759354 -0.590349 -0.273622
v 19.7439 -103.375 966.471
vn -0.312996 -0.949425 -0.0250296
v 18.5215 -102.758 967.494
vn -0.759921 -0.552458 -0.342506
v 18.8645 -103.562 968.558
vn -0.215998 -0.974368 0.0628684
v 18.8402 -102.833 967.164
vn -0.757713 -0.464532 -0.458347
v 18.9141 -103.12 968.028
vn 0.273115 -0.896658 0.348442
v 18.7932 -102.548 967.824
vn -0.679917 -0.0289007 -0.732719
v 18.7854 -102.566 968.126
vn 0.959592 -0.281253 0.00891485
v 18.8822 -102.233 968.186
vn -0.851679 -0.173694 -0.494442
v 19.2644 -103.629 967.637
vn -0.483933 -0.868374 0.108334
v 19.1825 -102.938 967.15
vn -0.677393 0.376954 -0.631699
v 19.2406 -103.038 967.743
vn -0.592735 0.515505 -0.618805
v 19.0794 -102.536 968.276
vn -0.884 -0.228606 -0.407779
v 19.5948 -103.493 967.057
vn -0.649671 -0.758928 -0.0442144
v 19.4778 -103.23 967.232
vn -0.462285 0.577154 -0.67319
v 19.3831 -102.515 968.143
vn -0.436784 -0.631686 0.640463
v 19.3756 -102.343 967.869
vn -0.827582 -0.169982 -0.53499
v 18.6662 -105.328 978.602
vn 0.331015 -0.0181269 0.943451
v 18.7709 -105.287 976.704
vn 0.167111 0.0620327 0.983985
v 18.7428 -104.983 976.701
vn -0.778591 -0.554591 0.29364
v 19.0506 -104.734 977.19
vn -0.908427 0.338942 -0.2447
v 18.4778 -106.553 990.572
vn -0.942865 0.327367 0.0619313
v 18.8206 -106.015 989.454
vn 0.436957 -0.82787 0.35171
v 19.39 -107.311 991.897
vn 0.377026 -0.832601 0.405742
v 18.6664 -106.816 993.881
vn -0.0512459 -0.957562 0.283635
v 18.7394 -107.233 993.197
vn -0.796536 -0.575968 -0.183823
v 18.8887 -107.058 995.365
vn 0.122121 -0.950508 0.285694
v 18.9937 -106.852 993.574
vn -0.463817 -0.885928 -0.00210974
v 19.0264 -107.656 997.088
vn -0.0639379 -0.987703 0.142669
v 20.2523 -108.071 995.508
vn -0.0978164 -0.987403 0.124365
v 20.1963 -107.887 996.759
vn -0.404742 -0.913801 -0.0339233
v 18.9056 -107.499 998.334
vn -0.184439 -0.98038 0.0695424
v 19.1897 -107.518 998.944
vn -0.55355 -0.824381 -0.118228
v 19.7844 -108.112 1000.98
vn -0.23216 -0.972036 0.0353169
v 20.09 -108.252 1001.26
vn -0.836678 0.15263 -0.525998
v 20.8538 -97.543 953.205
vn -0.939131 0.144467 -0.311709
v 20.2084 -98.3537 953.965
vn -0.989354 0.115547 -0.0884783
v 20.1756 -98.4092 954.259
vn -0.932256 0.056116 -0.35742
v 20.2009 -97.4643 954.124
vn -0.592021 0.137916 0.794034
v 20.5142 -97.4877 954.429
vn -0.593709 0.479372 0.646306
v 20.5244 -97.1359 954.178
vn -0.911023 0.340852 -0.232069
v 20.4495 -99.1015 961.759
vn -0.924356 -0.0356162 -0.379866
v 19.7699 -100.858 962.654
vn -0.737391 0.620253 -0.267471
v 19.5986 -100.19 963.973
vn -0.968099 0.212996 -0.131974
v 19.9434 -99.6549 962.872
vn -0.921522 0.388144 0.0118701
v 19.9492 -99.8117 963.759
vn -0.683928 0.729403 0.0146502
v 19.8585 -99.8717 964.356
vn -0.849443 0.457966 0.262132
v 20.0933 -99.5541 964.112
vn 0.0941015 0.97051 0.221933
v 20.1331 -99.7935 964.984
vn -0.638492 0.621252 0.454284
v 20.2954 -99.6403 964.709
vn -0.751694 0.358239 0.553734
v 20.4021 -99.2916 964.528
vn -0.914392 0.343959 -0.213495
v 19.1995 -99.8993 965.561
vn 0.0392632 0.883786 0.46624
v 19.1703 -100.059 966.446
vn -0.273647 0.957066 -0.0956155
v 19.5007 -99.8189 965.275
vn 0.0733054 0.966097 0.247553
v 19.5095 -99.8697 965.875
vn 0.509754 0.749809 0.421826
v 19.868 -100.74 966.639
vn 0.313892 0.758059 0.571681
v 20.4503 -100.148 965.534
vn -0.577414 0.781594 0.236015
v 18.3901 -101.995 969.441
vn -0.412872 0.813088 0.410396
v 18.3853 -101.836 969.121
vn -0.841126 0.511719 0.175074
v 18.3484 -101.378 968.941
vn -0.859502 0.491601 0.139944
v 18.4073 -101.091 968.384
vn -0.923563 0.380586 -0.046753
v 18.5919 -100.62 967.557
vn 0.780355 -0.422203 0.461293
v 18.695 -101.839 968.864
vn 0.548102 -0.139636 0.824673
v 18.6583 -101.473 968.95
vn -0.703494 0.666365 0.247089
v 18.6206 -100.987 968.711
vn -0.759237 -0.607914 0.232378
v 19.3074 -101.95 968.548
vn -0.757798 0.463712 -0.459036
v 19.2077 -101.715 968.894
vn -0.316715 0.932294 0.1747
v 18.9601 -101.664 969.509
vn 0.341752 -0.586971 0.733942
v 18.9591 -101.417 968.804
vn -0.200068 0.126787 0.971544
v 19.5649 -101.494 968.938
vn 0.100822 0.918169 0.383147
v 19.5407 -100.959 968.119
vn 0.210962 0.934657 0.286202
v 20.1876 -101.601 968.623
vn 0.0258532 0.958849 0.282736
v 19.2566 -101.712 969.809
vn -0.346717 0.936211 0.0574095
v 19.5536 -101.958 970.684
vn -0.510699 0.848891 0.136273
v 18.3632 -102.59 972.077
vn -0.894876 0.350925 -0.275768
v 19.3748 -103.535 979.238
vn -0.576881 0.235455 -0.782157
v 19.2477 -101.934 980.437
vn -0.490538 0.131552 0.861433
v 18.406 -105.23 988.253
vn -0.241321 -0.0737229 0.967641
v 18.5642 -103.681 988.237
vn -0.576308 0.0648076 0.814659
v 19.1109 -103.148 988.448
vn -0.906543 0.228312 0.355041
v 19.4661 -103.721 988.96
vn -0.762148 -0.632623 -0.137543
v 17.9746 -106.672 997.859
vn -0.763146 -0.623494 -0.169895
v 17.921 -106.905 999.139
vn -0.768555 -0.612344 -0.185358
v 17.9136 -107.376 1000.78
vn -0.0341829 -0.994367 0.100327
v 17.8441 -107.201 1002.49
vn -0.04265 -0.997486 0.0565955
v 18.5282 -107.401 1000.48
vn 0.516161 -0.798427 0.309987
v 18.4464 -106.955 1001.78
vn -0.884055 -0.358836 -0.299471
v 18.5302 -107.163 1002.66
vn -0.0240843 -0.995705 0.0893904
v 18.4133 -106.84 1002.5
vn 0.180818 -0.956386 0.229412
v 18.8155 -107.258 1000.51
vn 0.202112 -0.938209 0.280918
v 18.7802 -107.093 1001.15
vn -0.834778 -0.525412 -0.164582
v 18.9125 -107.267 1001.73
vn -0.341068 -0.935868 0.0884524
v 18.7487 -107.038 1002.07
vn -0.776624 -0.588812 -0.223953
v 19.3844 -107.659 1000.75
vn -0.520214 -0.842661 -0.138925
v 19.1879 -107.782 1001.34
vn -0.14096 -0.973981 0.177456
v 19.1186 -107.277 1000.51
vn -0.929626 -0.230672 -0.287378
v 17.962 -107.181 1004.17
vn -0.683357 -0.69899 -0.210797
v 17.8405 -107.001 1004.81
vn -0.730453 -0.643553 -0.228644
v 18.416 -107.68 1003.78
vn -0.205098 -0.978674 0.0115214
v 18.1197 -106.765 1003.64
vn 0.347736 -0.88668 0.30476
v 18.764 -107.893 1004.05
vn 0.436751 -0.819227 0.371638
v 19.6711 -107.732 1003.48
vn -0.706536 -0.705834 -0.0510329
v 17.773 -107.427 1005.45
vn -0.212778 -0.94835 0.235283
v 18.0196 -107.222 1006.6
vn -0.963263 -0.228261 -0.141499
v 18.9919 -107.087 1009.38
vn -0.506487 -0.861783 -0.0283217
v 19.4052 -108.405 1014.03
vn -0.539819 -0.62717 0.561474
v 20.5434 -94.8147 954.908
vn -0.841343 0.269509 0.468515
v 20.4124 -98.6344 964.281
vn -0.935787 0.319885 0.148244
v 20.4179 -97.5865 963.554
vn -0.850105 0.523528 -0.0569207
v 20.3388 -100.408 977.678
vn -0.950491 0.2145 -0.224848
v 19.7474 -102.229 991.06
vn -0.985697 0.154626 0.0670213
v 19.9689 -101.702 989.938
vn 0.56618 -0.663718 0.488793
v 17.6363 -106.41 1008.26
vn 0.516904 -0.693515 0.501844
v 17.5462 -105.93 1008.96
vn -0.668394 -0.365741 0.647675
v 17.4592 -105.456 1009.65
vn -0.782831 -0.382011 0.491165
v 17.5536 -105.196 1010
vn 0.623936 -0.645712 0.440182
v 17.8279 -105.85 1008.66
vn 0.51972 -0.721097 0.458159
v 17.7927 -105.633 1009.15
vn -0.413581 -0.863018 0.290088
v 17.7559 -105.436 1009.74
vn -0.891182 -0.447467 -0.074617
v 18.782 -106.266 1008.31
vn -0.867382 -0.497461 0.0134444
v 18.7982 -106.267 1009.83
vn -0.976629 -0.214218 -0.0174825
v 18.4478 -105.725 1011.75
vn -0.924448 -0.280993 0.257759
v 18.3006 -105.376 1011.43
vn -0.994184 -0.0643632 -0.0863479
v 18.0294 -107.126 1014.24
vn -0.975975 0.214165 -0.0400791
v 18.2733 -106.3 1013.17
vn -0.896271 -0.437959 -0.0699273
v 17.9753 -107.393 1015.71
vn -0.716627 -0.693897 -0.0703832
v 18.0317 -107.44 1016.01
vn -0.967078 0.234717 -0.0983223
v 18.002 -107.041 1015.47
vn -0.9442 -0.271199 -0.186917
v 17.8815 -107.157 1016.06
vn -0.856736 -0.240228 -0.456393
v 17.7114 -107.284 1016.68
vn -0.778407 0.231476 -0.583525
v 17.6834 -106.979 1016.67
vn -0.117555 -0.977592 0.174627
v 17.5571 -107.234 1021.48
vn -0.632652 -0.464833 0.61942
v 17.5206 -107.069 1022.16
vn 0.188442 -0.947065 0.259917
v 18.4148 -106.969 1022.19
vn -0.444047 -0.646135 0.62075
v 17.8 -106.943 1022.5
vn -0.620972 -0.778457 0.0916397
v 17.7858 -106.894 1022.81
vn -0.553471 0.357439 -0.752268
v 18.0265 -98.7081 980.997
vn -0.486445 0.312006 -0.816103
v 19.6812 -97.0552 981.012
vn 0.125909 0.0330338 0.991492
v 18.0826 -98.5595 988.432
vn -0.0723915 0.0378895 0.996656
v 18.4943 -99.7392 988.408
vn 0.215452 0.334311 0.917506
v 18.7657 -99.396 988.35
vn -0.25532 0.11897 0.959509
v 19.4156 -99.9913 988.614
vn -0.140402 0.773934 0.617505
v 19.6956 -99.7095 988.462
vn -0.885609 0.141695 0.442288
v 19.9661 -100.009 989.022
vn -0.892113 0.25556 -0.372589
v 19.581 -99.4878 992.767
vn -0.93367 0.334633 0.127594
v 19.0759 -104.961 1014.34
vn -0.415335 0.22414 -0.881622
v 18.315 -104.298 1017.44
vn -0.888659 0.411707 -0.201946
v 19.0549 -104.919 1016.17
vn -0.616118 -0.450847 0.64586
v 17.1941 -106.755 1022.03
vn -0.699124 -0.382741 0.603933
v 17.4006 -106.767 1022.22
vn -0.768709 0.404903 0.495117
v 17.6491 -106.448 1022.28
vn -0.835596 0.519042 0.179929
v 18.6868 -105.164 1022.52
vn -0.444419 0.337899 0.829648
v 18.4965 -104.411 1021.62
vn -0.615426 -0.530824 0.582646
v 17.6235 -106.799 1022.52
vn -0.967232 0.229645 0.108284
v 17.7442 -106.544 1022.87
vn -0.989045 -0.145299 -0.0260552
v 17.7521 -106.649 1023.16
vn -0.358103 -0.930082 -0.0819088
v 17.7391 -106.692 1023.7
vn 0.269229 -0.917273 0.293471
v 18.0651 -106.768 1023.14
vn -0.904822 0.424682 0.0306851
v 17.9734 -106.156 1024.26
vn -0.630872 -0.410092 0.658654
v 18.1977 -106.17 1024.47
vn -0.822214 0.568307 -0.0314864
v 18.1628 -105.824 1024.23
vn -0.957086 -0.225011 -0.18264
v 18.0771 -105.937 1024.81
vn -0.823726 0.560197 0.0874876
v 18.2143 -105.704 1024.86
vn -0.824643 0.56536 0.0182028
v 18.2907 -105.621 1024.87
vn 0.392953 -0.844602 0.363642
v 18.6052 -106.323 1023.83
vn 0.378815 -0.858644 0.345296
v 19.2447 -106.411 1022.92
vn 0.879222 0.221897 0.421581
v 19.2895 -105.074 1024.07
vn 0.826391 -0.033084 0.562124
v 19.2657 -104.78 1024.12
vn -0.930118 -0.103151 -0.352476
v 17.5312 -105.56 1027.01
vn -0.823455 0.524388 -0.216655
v 18.1443 -105.687 1025.16
vn -0.992948 -0.0959591 -0.069617
v 18.1289 -105.741 1025.46
vn -0.180115 -0.892577 -0.413358
v 17.8345 -105.484 1026.72
vn -0.815337 -0.394027 -0.424227
v 18.0223 -105.262 1026.15
vn -0.891863 -0.0799953 -0.445175
v 17.8302 -105.319 1026.36
vn -0.745996 -0.562916 0.355831
v 18.2481 -105.974 1025.11
vn 0.975825 -0.202913 -0.0811901
v 18.3157 -105.671 1025.17
vn 0.0584231 -0.817489 0.572973
v 18.2613 -105.728 1025.46
vn -0.990495 0.134809 -0.0273296
v 18.1699 -105.435 1025.48
vn -0.781835 -0.393137 -0.483919
v 18.1626 -105.197 1025.86
vn -0.815337 -0.394027 -0.424227
v 18.136 -105.202 1025.88
vn 0.70894 -0.596853 0.375728
v 18.4886 -105.525 1025.2
vn 0.121027 0.100437 -0.987555
v 18.4704 -105.437 1025.52
vn -0.110848 -0.153209 0.981957
v 18.4676 -105.417 1025.55
vn -0.816197 -0.177844 0.549722
v 18.4408 -105.039 1025.28
vn -0.802605 0.442588 0.399926
v 18.413 -105.046 1026.2
vn 0.658108 -0.591407 0.465974
v 18.738 -105.087 1025.56
vn -0.656528 0.634548 -0.407825
v 19.4319 -95.345 983.143
vn -0.0472953 -0.0302676 0.998422
v 17.7554 -98.2891 988.452
vn 0.200267 0.68248 0.702932
v 17.6017 -96.1098 988.161
vn 0.299225 0.245001 0.922192
v 17.9106 -96.685 988.367
vn -0.894552 0.249432 -0.370892
v 17.7893 -98.2706 996.988
vn -0.916324 0.392033 -0.0816161
v 17.3549 -98.0732 999.084
vn -0.433932 0.878795 -0.198551
v 18.0206 -97.8271 997.918
vn -0.795264 0.596545 0.108116
v 17.364 -98.7017 1002.63
vn -0.129602 -0.00493192 -0.991554
v 18.3552 -101.6 1017.78
vn -0.481955 0.0975303 -0.870751
v 18.9548 -101.515 1017.63
vn -0.0227181 0.0880063 0.995861
v 18.0081 -102.226 1021.11
vn -0.876763 0.480835 -0.00920709
v 18.9132 -104.568 1024.46
vn -0.930118 -0.103151 -0.352476
v 17.4627 -105.175 1027.07
vn -0.779863 0.482207 -0.399112
v 18.0249 -104.477 1026.9
vn -0.796881 0.557893 -0.231809
v 18.3662 -104.881 1025.92
vn -0.797039 0.393805 -0.457872
v 18.1034 -104.953 1026.18
vn -0.729334 0.540175 -0.419859
v 18.1004 -104.931 1026.21
vn 0.762505 -0.528018 0.373877
v 18.297 -104.992 1026.51
vn 0.710797 -0.565472 0.418341
v 18.0602 -104.835 1027.21
vn 0.792087 -0.491491 0.361987
v 18.4786 -104.923 1026.22
vn -0.593217 0.684953 -0.423004
v 18.3751 -104.661 1026.27
vn 0.0964056 -0.980017 -0.173989
v 17.1326 -105.171 1028.59
vn 0.0963714 -0.980022 -0.173979
v 16.8835 -105.246 1028.88
vn -0.131302 -0.917054 0.376527
v 16.8403 -105.261 1028.94
vn -0.131302 -0.917054 0.376527
v 16.822 -105.152 1029.2
vn -0.801708 0.43674 -0.408071
v 16.8152 -104.921 1028.74
vn -0.84552 -0.428993 -0.317902
v 17.1628 -105.264 1028.27
vn -0.872188 0.390082 -0.295167
v 17.199 -105.06 1028.01
vn -0.84552 -0.428993 -0.317902
v 17.1521 -105.071 1028.04
vn -0.37606 -0.856649 0.353174
v 17.115 -104.97 1028.94
vn -0.825096 0.465342 -0.320428
v 17.3173 -104.752 1028.06
vn -0.757681 0.490951 -0.429984
v 17.1199 -104.817 1028.32
vn -0.0039464 -0.894685 0.446679
v 17.4275 -104.892 1028.34
vn 0.808989 -0.393559 0.436634
v 17.5623 -104.729 1028.07
vn -0.0434676 0.95012 0.30884
v 18.4379 -95.3411 986.787
vn -0.458142 0.887497 0.0495488
v 17.9348 -97.5275 999.78
vn -0.499746 0.865561 0.0325296
v 18.798 -97.6982 1001.61
vn -0.952799 0.271733 0.135411
v 17.8553 -98.0754 1003.97
vn -0.859 0.511976 -6.88282e-005
v 17.9931 -97.8761 1005.22
vn -0.729815 0.666908 -0.150347
v 18.3816 -97.4909 1004.99
vn -0.915129 0.0962936 -0.391493
v 18.8694 -101.431 1027.46
vn -0.961706 0.0387956 -0.271323
v 18.4678 -101.085 1028.74
vn -0.881756 -0.459327 -0.10736
v 18.4835 -101.154 1030.86
vn -0.818466 -0.573607 -0.032988
v 18.6487 -101.732 1030.76
vn -0.910558 0.272158 -0.31115
v 18.6496 -99.7241 1028.07
vn -0.928352 0.160823 -0.33511
v 17.2055 -99.6499 1032.02
vn -0.983708 -0.0914239 -0.15479
v 17.1265 -99.7097 1032.32
vn -0.768638 -0.639645 0.00706217
v 17.8036 -100.394 1031.9
vn -0.856624 -0.513562 0.0494989
v 18.1563 -100.417 1033.42
vn -0.773728 -0.613026 0.159826
v 17.9388 -99.9765 1035.99
vn -0.125579 0.967811 -0.218112
v 18.4179 -95.774 1017.76
vn -0.27378 0.954548 -0.117824
v 16.2377 -96.0278 1020.77
vn -0.154902 0.981606 -0.111603
v 17.399 -95.5816 1020.87
vn 0.02586 0.467643 0.883539
v 17.7158 -95.8217 1021.09
vn 0.153241 0.176545 0.972291
v 18.0427 -96.0954 1021.09
vn 0.260648 0.965267 -0.0179809
v 18.0038 -95.6043 1020.87
vn -0.943919 0.208055 -0.256377
v 17.7288 -96.7627 1033.16
vn -0.991234 0.0769422 -0.107398
v 16.9186 -98.5078 1034.05
vn -0.853971 -0.507064 0.116701
v 17.0412 -98.5144 1035.88
vn -0.945539 -0.278055 0.169236
v 17.008 -97.942 1037.81
vn -0.552588 -0.773885 0.309433
v 18.0923 -99.1348 1038.23
vn -0.916304 -0.37834 -0.131323
v 17.6888 -99.4687 1043.34
vn -0.946626 0.0352472 0.320401
v 17.7265 -99.5176 1043.64
vn -0.521696 -0.830327 -0.195935
v 16.6303 -100.283 1049.88
vn -0.454432 -0.353213 -0.817761
v 16.9265 -99.9438 1049.04
vn -0.19185 -0.981046 0.0272439
v 17.5829 -100.585 1049.23
vn -0.586227 -0.678371 -0.442888
v 17.9057 -100.611 1048.62
vn -0.68594 -0.117738 -0.718069
v 17.9984 -100.332 1048.37
vn -0.980079 0.195164 -0.0368382
v 17.7291 -94.7853 1035.95
vn -0.981607 0.134603 0.135391
v 17.4632 -96.7835 1040.16
vn -0.961361 -0.264932 0.0748145
v 17.5908 -97.1732 1040.7
vn -0.988601 0.104243 0.108631
v 17.5526 -96.88 1040.75
vn -0.932419 -0.322922 -0.162225
v 17.6862 -97.6184 1041.54
vn -0.996368 -0.0128028 0.084181
v 17.583 -97.3837 1041.88
vn -0.887512 0.186919 0.421169
v 17.8899 -98.2108 1043.26
vn -0.914835 0.257676 0.310935
v 17.7918 -96.8758 1042.59
vn -0.090586 -0.548342 0.831334
v 16.6216 -99.5363 1055.2
vn -0.107051 -0.434175 0.894445
v 17.6619 -98.8988 1055.63
vn -0.299731 -0.243351 -0.922465
v 15.2032 -94.2175 1048.59
vn -0.70249 0.432123 -0.565489
v 15.3706 -92.5538 1047.94
vn -0.956221 0.113473 -0.269752
v 16.9084 -94.8619 1063.51
vn -0.49105 -0.870875 -0.0211397
v 16.6724 -95.0662 1064.53
vn -0.980633 0.161858 -0.110277
v 16.8481 -93.078 1065.5
vn -0.389122 -0.920068 -0.0453777
v 16.5331 -95.0972 1066.35
vn -0.917124 -0.397521 0.0293412
v 16.411 -94.8118 1066.4
vn -0.37456 -0.864503 0.335171
v 16.4202 -94.6191 1067.05
vn -0.326376 -0.920894 0.213149
v 16.676 -94.6478 1067.35
vn -0.733645 -0.606443 0.30658
v 16.4663 -94.3706 1067.4
vn -0.78447 -0.611143 0.105412
v 16.4993 -94.0888 1069.28
vn -0.451786 -0.891028 -0.0442466
v 16.7719 -93.8897 1071.76
vn -0.237938 -0.944558 -0.226266
v 14.3237 -96.0537 1082.31
vn 0.0609709 -0.997237 -0.042439
v 14.9311 -96.1981 1082.59
vn 0.0670453 -0.680761 -0.729431
v 16.0545 -95.8444 1082.37
vn -0.427052 0.887127 -0.175024
v 14.5964 -89.1799 1053.06
vn -0.298635 0.954366 0.00138097
v 14.8736 -89.0312 1053.4
vn -0.0429484 -0.334105 -0.941557
v 14.2935 -95.6689 1082.13
vn -0.0155121 -0.381707 -0.924153
v 16.0865 -95.4836 1082.08
vn 0.0795873 -0.996796 0.00801607
v 15.1047 -96.3475 1087.14
vn 0.216807 -0.976207 -0.00383898
v 16.0246 -96.2206 1086.26
vn 0.2487 -0.720783 0.647008
v 14.4258 -96.2461 1089.28
vn 0.299305 -0.653101 0.695611
v 14.4005 -96.0506 1089.51
vn 0.391278 -0.500299 0.7724
v 15.1282 -95.6531 1089.4
vn -0.243234 -0.952694 -0.182242
v 15.8088 -95.6948 1090.01
vn -0.602048 -0.481887 0.63665
v 15.6346 -95.4143 1090.06
vn -0.7676 -0.447132 -0.459198
v 14.3127 -95.8314 1091.68
vn -0.316646 -0.905465 -0.28261
v 15.8595 -95.7959 1090.3
vn 0.0305613 -0.304702 -0.951957
v 15.219 -92.367 1081.29
vn 0.139161 0.211095 0.967509
v 15.3548 -89.5414 1087.86
vn 0.349022 -0.769663 0.534605
v 15.4994 -91.7727 1099.55
vn 0.0597335 -0.295304 -0.953534
v 15.3403 -86.4696 1079.17
vn -0.685633 0.615678 -0.388392
v 14.8869 -90.8996 1097.26
vn -0.693631 -0.162236 0.701823
v 13.2629 -91.2485 1102.05
vn -0.657667 -0.322143 0.680954
v 13.3515 -90.4986 1102.49
vn -0.571576 0.481365 -0.664521
v 14.9286 -85.2903 1079.2
vn -0.0706435 -0.12212 -0.989998
v 15.5308 -85.1717 1078.86
vn -0.713651 0.558695 -0.422566
v 14.6943 -83.6241 1081.75
vn -0.833342 0.514831 -0.201222
v 15.211 -88.9115 1099.75
vn 0.355284 -0.766435 0.535117
v 14.1316 -89.6935 1103.56
vn -0.580348 0.796401 -0.170122
v 13.8133 -82.0605 1086.02
vn 0.0882592 0.264471 0.960346
v 13.8309 -82.4075 1086.49
vn -0.613766 0.783417 0.0977243
v 13.8047 -82.08 1086.36
vn -0.890247 -0.326782 -0.317292
v 23.2429 -105.963 960.572
vn -0.849691 -0.39726 -0.346712
v 23.0664 -106.084 961.157
vn -0.916727 -0.125618 -0.379251
v 23.0791 -105.734 960.915
vn -0.694822 -0.696449 -0.17939
v 23.6083 -106.592 960.77
vn -0.612088 -0.781546 -0.120557
v 23.1335 -106.497 963.523
vn -0.722573 -0.61084 -0.323671
v 22.6957 -106.661 965.925
vn -0.74541 -0.508806 -0.430674
v 21.5726 -107.237 968.549
vn -0.84778 -0.37602 -0.374002
v 22.2218 -107.613 967.577
vn -0.700246 -0.667411 -0.253412
v 23.307 -108.521 966.516
vn 0.188352 -0.950915 0.245526
v 23.2347 -108.365 968.372
vn 0.156774 -0.95598 0.248041
v 21.6267 -108.104 970.833
vn 0.293046 -0.894411 0.337865
v 22.444 -107.513 971.865
vn -0.768147 -0.572582 -0.286532
v 21.466 -109.292 980.067
vn -0.533078 -0.824662 -0.189104
v 22.4226 -110.093 980.242
vn -0.78434 -0.55359 -0.279908
v 21.2855 -109.519 981.243
vn 0.0608602 -0.993098 0.100263
v 22.9509 -109.626 981.248
vn 0.250525 -0.939944 0.231823
v 22.2636 -109.441 983.405
vn -0.269388 -0.9594 0.0835605
v 22.8585 -109.362 983.427
vn -0.503457 -0.863964 -0.0099023
v 22.8322 -109.384 984.338
vn -0.868138 -0.146342 -0.474258
v 23.628 -100.705 948.412
vn -0.47799 -0.877567 -0.0374269
v 22.9028 -102.362 951.458
vn -0.485536 -0.849857 -0.204932
v 21.7596 -102.822 960.503
vn -0.65462 -0.714861 -0.245859
v 22.0714 -103.026 960.776
vn -0.894025 -0.253253 -0.369571
v 22.5726 -104.751 961.998
vn 0.46834 -0.761066 0.448817
v 21.2001 -107.418 972.809
vn 0.363989 -0.884223 0.29268
v 22.1968 -109.09 984.506
vn 0.401517 -0.860845 0.312619
v 21.2802 -109.307 985.548
vn -0.501453 -0.865009 0.0174496
v 21.0785 -108.125 988.5
vn -0.508154 -0.860767 -0.0293187
v 21.0311 -108.415 990.886
vn -0.0491277 -0.991036 0.12423
v 21.9372 -108.727 991.757
vn -0.41248 -0.905609 -0.0986566
v 22.4632 -108.623 993.917
vn -0.35234 -0.935582 -0.0233114
v 21.4813 -101.899 957.007
vn -0.732055 -0.648359 -0.209109
v 21.5583 -102.087 958.498
vn -0.585225 -0.767194 -0.262535
v 21.1319 -102.664 960.827
vn -0.115581 -0.991509 0.0595828
v 21.8388 -108.298 993.639
vn -0.536477 -0.83878 -0.0929598
v 20.52 -108.211 997.011
vn -0.275855 -0.959045 0.0643151
v 21.6813 -108.536 999.408
vn 0.400392 -0.831687 0.384686
v 20.6469 -107.981 1001.93
vn 0.15989 -0.963938 0.212743
v 22.3329 -109.347 1009.94
vn -0.87827 0.467323 -0.101246
v 21.1464 -99.0729 959.336
vn -0.576014 0.387539 0.719737
v 20.7215 -99.658 965.045
vn 0.0443772 0.92894 0.367562
v 20.8082 -101.013 966.299
vn 0.432862 0.649694 0.624922
v 20.7942 -100.677 965.75
vn -0.369161 0.511023 0.776257
v 20.7418 -99.9517 965.269
vn -0.467119 0.788394 0.400294
v 21.1032 -100.948 966.315
vn -0.428195 0.580735 0.692384
v 21.0865 -100.586 965.77
vn -0.474757 0.424632 0.770904
v 21.028 -99.7979 965.301
vn -0.38725 0.502939 0.772716
v 22.3723 -99.0114 965.766
vn -0.585517 0.586322 0.559819
v 22.4779 -99.5121 966.287
vn -0.462233 0.883014 0.0814004
v 21.0932 -101.233 967.483
vn -0.723993 -0.681687 -0.105528
v 20.5968 -108.095 1003.88
vn -0.85098 0.254487 -0.459422
v 22.3935 -95.3053 951.799
vn -0.511128 0.0839003 0.8554
v 20.7331 -96.2646 954.558
vn -0.898491 0.190657 -0.395429
v 20.6384 -95.2356 954.529
vn -0.484282 -0.0197813 0.874689
v 20.9453 -95.3499 954.697
vn -0.652388 0.116325 0.748905
v 21.2732 -95.6113 954.626
vn -0.714996 0.194914 0.671409
v 21.7752 -96.2887 955.272
vn -0.217547 -0.260135 0.940746
v 21.5108 -95.0343 954.957
vn -0.8098 0.124269 0.573395
v 22.1036 -95.3682 955.441
vn -0.919326 0.360505 0.157721
v 22.1322 -96.7621 956.411
vn -0.885597 0.378033 -0.269831
v 21.8291 -97.472 960.242
vn -0.612479 0.536589 0.580467
v 20.9481 -96.2457 963.192
vn -0.653496 0.402939 0.640768
v 20.7569 -98.0091 964.398
vn -0.399629 0.432829 0.808057
v 21.4855 -98.1298 964.996
vn -0.359861 0.605476 0.709858
v 21.6329 -95.9865 963.553
vn -0.117873 0.615585 0.779205
v 22.3114 -97.1439 964.575
vn -0.216981 0.554007 0.803738
v 22.6943 -98.3074 965.427
vn 0.446013 -0.834082 0.324623
v 21.9465 -107.519 1016.9
vn -0.849795 0.150854 -0.505066
v 20.6446 -93.0252 955.23
vn -0.123378 -0.299632 0.946043
v 20.8261 -94.2168 955.145
vn -0.297515 -0.178272 0.937926
v 20.7673 -93.6404 955.314
vn -0.726491 0.634731 -0.263301
v 20.9822 -92.6999 955.293
vn -0.829355 0.39574 -0.394411
v 21.1746 -92.3826 955.352
vn -0.114799 -0.823141 -0.556112
v 20.9254 -92.219 955.683
vn 0.0501363 -0.236148 0.970423
v 21.5468 -92.3886 955.592
vn -0.850948 0.467808 -0.238839
v 21.7853 -95.0681 962.196
vn -0.322777 0.727381 0.605584
v 21.8682 -94.9297 962.527
vn 0.0301442 0.684528 0.728363
v 22.2081 -95.6118 963.324
vn -0.0645919 0.784695 0.616508
v 22.4425 -94.5458 962.299
vn -0.846423 0.440047 -0.29988
v 22.4303 -94.2288 961.746
vn -0.922707 0.235049 -0.305556
v 20.9534 -98.1871 979.304
vn 0.188287 0.379486 0.905836
v 21.9996 -97.7616 986.108
vn -0.37587 0.894651 0.2415
v 19.9935 -99.7714 988.76
vn -0.622459 0.759712 -0.188102
v 20.5597 -99.4977 989.122
vn 0.0235473 0.769428 0.6383
v 21.1754 -99.0518 987.382
vn -0.418006 0.892992 0.166843
v 21.1858 -99.3504 987.938
vn -0.801975 0.51469 -0.303199
v 21.9873 -98.4778 988.411
vn -0.97302 0.227805 -0.0365575
v 20.1632 -99.7994 989.672
vn -0.936246 0.317129 0.15124
v 19.6679 -103.151 1013.45
vn -0.768004 0.27247 -0.579595
v 19.4431 -103.243 1016.78
vn 0.832136 -0.314678 0.456647
v 20.6396 -106.204 1020.84
vn 0.712721 -0.5581 0.424914
v 20.8329 -105.052 1021.35
vn 0.606626 -0.684316 0.404619
v 21.4819 -104.072 1021.54
vn 0.837278 -0.360813 0.410827
v 19.6346 -105.181 1023.14
vn 0.659597 -0.608937 0.440598
v 19.4258 -105.358 1024.02
vn 0.0494776 -0.86029 0.507398
v 19.3238 -104.538 1024.47
vn -0.687769 -0.27365 -0.672376
v 22.139 -90.7917 953.822
vn -0.208072 -0.684787 -0.698408
v 20.6208 -92.1943 955.709
vn -0.29134 -0.513501 -0.807117
v 20.7155 -91.8319 955.444
vn -0.92239 0.258488 -0.287019
v 20.5622 -91.6162 955.869
vn -0.208072 -0.684787 -0.698408
v 20.9216 -92.1392 955.565
vn -0.0111873 -0.333591 0.942651
v 20.8895 -91.8841 955.835
vn 0.00590942 -0.231607 0.972791
v 20.8601 -91.5959 955.92
vn -0.821474 0.450998 -0.348972
v 20.838 -91.2186 955.506
vn -0.680554 0.386948 0.622187
v 20.8313 -91.3011 955.967
vn -0.737933 0.652663 -0.171717
v 20.9636 -90.9712 955.907
vn -0.6015 -0.230026 0.76504
v 20.7643 -90.5818 955.974
vn -0.847837 0.200948 -0.490706
v 20.9712 -90.028 955.771
vn -0.644236 -0.286878 -0.708986
v 21.3418 -91.6688 954.873
vn -0.268942 -0.383242 0.883626
v 21.0714 -90.6928 956.122
vn -0.639049 -0.143775 0.755609
v 21.0129 -90.113 956.273
vn 0.0497934 -0.211623 0.976082
v 21.3999 -90.9467 956.01
vn -0.825737 0.257974 -0.501604
v 21.077 -95.5745 980.175
vn -0.824137 0.536094 -0.182758
v 20.9506 -94.5303 981.12
vn 0.258742 0.583607 0.769711
v 20.6987 -95.4027 985.894
vn 0.480265 0.172124 0.860069
v 21.3424 -97.2554 986.341
vn 0.438991 0.336526 0.833089
v 21.2598 -96.3231 986.216
vn 0.173239 0.211308 0.961945
v 21.5608 -96.2648 986.055
vn 0.0252035 0.459235 0.887957
v 21.508 -95.6157 985.818
vn -0.874107 0.391556 -0.287438
v 21.877 -97.4061 989.21
vn -0.877197 0.37945 -0.294182
v 20.0255 -98.6434 991.705
vn -0.700775 0.663949 -0.260935
v 19.9219 -98.2694 992.99
vn -0.652599 0.734217 -0.18719
v 19.9037 -97.7772 995.38
vn -0.897391 0.245105 0.366896
v 19.6489 -101.948 1011.83
vn -0.950284 0.259408 -0.172241
v 20.4235 -101.074 1015.96
vn -0.939509 0.342297 0.0124411
v 19.6852 -103.588 1022.82
vn -0.752113 0.371629 0.544259
v 19.5749 -103.127 1021.88
vn -0.46248 0.161367 0.871822
v 19.4702 -101.816 1021.34
vn -0.859488 0.238192 0.452266
v 20.0522 -101.861 1021.91
vn -0.902491 0.426172 -0.0623412
v 19.4756 -103.329 1024.69
vn -0.95213 0.196905 -0.233832
v 19.6697 -102.718 1024.8
vn 0.758081 -0.496933 0.42234
v 20.1444 -104 1023.67
vn -0.624292 0.0551984 0.779239
v 20.0435 -102.761 1025.11
vn 0.0534601 -0.892181 0.448503
v 19.2462 -104.038 1025.48
vn -0.65718 -0.752459 -0.0438298
v 20.7089 -103.285 1026.85
vn -0.832255 0.437146 -0.340961
v 22.2967 -88.9969 954.146
vn -0.786003 0.579762 -0.214651
v 20.87 -89.7931 956.116
vn -0.290976 0.395977 0.870939
v 22.1133 -88.9805 956.28
vn -0.622506 0.758507 0.19275
v 21.7385 -93.4901 982.594
vn -0.391964 0.918927 0.0440173
v 19.9696 -94.8257 984.463
vn -0.0349045 0.859393 0.510123
v 20.8527 -94.8069 985.089
vn -0.0251435 0.690563 0.722835
v 21.458 -94.93 985.377
vn -0.248397 0.966534 -0.064117
v 19.7287 -97.1027 998.987
vn -0.741138 0.657106 -0.137574
v 19.7426 -96.8925 1002.38
vn -0.974117 0.20566 0.09381
v 20.8559 -99.341 1015.06
vn -0.755052 0.0936617 -0.648941
v 20.2844 -99.7087 1016.82
vn -0.848859 -0.489913 -0.198557
v 19.806 -102.339 1027.92
vn -0.353486 -0.920268 0.167794
v 19.8207 -102.426 1031.26
vn -0.038597 -0.968476 0.246097
v 20.3413 -102.074 1032.85
vn -0.227449 -0.905222 0.358944
v 19.3408 -101.478 1034.16
vn 0.326191 -0.856686 0.39961
v 20.2716 -101.558 1033.55
vn -0.0771634 -0.984388 0.158196
v 20.8594 -101.402 1033.57
vn -0.79796 0.592104 -0.112571
v 21.1948 -94.8022 1000.03
vn -0.821848 0.538901 -0.184799
v 19.766 -95.9699 1004.09
vn -0.699151 0.710247 -0.0820815
v 19.6266 -95.5088 1007.2
vn -0.880314 0.388255 0.272591
v 19.258 -95.8571 1008.35
vn -0.868425 0.26687 0.417873
v 19.8501 -95.4186 1009.65
vn -0.318634 0.947777 0.0138287
v 20.9618 -94.5389 1009.83
vn -0.882882 0.114576 0.455403
v 20.0365 -96.6929 1010.04
vn -0.895303 0.188686 0.403521
v 20.5221 -95.2168 1010.61
vn -0.662965 0.744338 0.0802404
v 20.378 -94.8305 1010.08
vn -0.628237 -0.0728497 -0.774604
v 20.6125 -96.243 1016.44
vn -0.0906944 0.880532 -0.465229
v 20.7274 -96.0024 1016.88
vn -0.187462 -0.0943048 -0.977734
v 19.0801 -96.218 1017.18
vn -0.427686 -0.0648387 -0.901599
v 19.846 -97.9844 1017.21
vn -0.327218 0.202922 0.922904
v 20.2167 -96.8173 1021.18
vn -0.171531 0.980798 0.0928057
v 20.4898 -96.469 1021.06
vn -0.760358 0.148781 0.632234
v 21.0486 -96.8642 1021.91
vn -0.900323 0.272089 -0.339686
v 20.0475 -99.5239 1025.99
vn -0.800152 0.447475 -0.399403
v 19.0352 -99.3114 1027.84
vn -0.877238 0.24673 -0.411798
v 19.6752 -98.0406 1027.77
vn -0.934778 0.220339 -0.278642
v 18.6955 -99.2838 1029.06
vn -0.875274 0.35329 -0.330276
v 18.8762 -98.9179 1028.82
vn -0.251016 -0.935274 0.249506
v 19.8717 -101.039 1035.17
vn -0.417288 -0.908712 0.0106763
v 20.7979 -101.377 1035.12
vn -0.692115 -0.721705 -0.0109123
v 19.7749 -100.632 1037.07
vn -0.605203 -0.789703 -0.100489
v 19.7012 -101.137 1040.94
vn -0.137512 -0.989393 0.0468224
v 19.9072 -101.326 1044.56
vn -0.858945 0.346925 0.376638
v 20.9247 -94.5481 1011.04
vn 0.038373 0.264104 0.963731
v 19.2954 -96.5659 1020.98
vn 0.0792621 0.991515 0.103027
v 19.5934 -96.4488 1020.74
vn -0.902192 0.1598 -0.400642
v 18.983 -97.1803 1029.44
vn -0.811706 -0.579948 0.0692335
v 18.4925 -99.0614 1039.77
vn -0.850843 -0.488906 -0.192452
v 18.6768 -100.009 1041.43
vn -0.713943 -0.700069 0.0137424
v 18.322 -100.606 1044.92
vn -0.622428 -0.779941 0.06539
v 18.6997 -100.789 1046.17
vn -0.963276 0.146908 0.224761
v 18.6224 -100.447 1045.92
vn -0.993864 0.0821398 -0.0740765
v 18.6658 -100.653 1047.1
vn -0.877416 -0.0809832 -0.472845
v 18.5245 -100.461 1047.67
vn -0.457934 -0.888362 0.0333019
v 18.9311 -100.977 1045.83
vn -0.298462 -0.94887 0.102796
v 18.8547 -100.78 1047.69
vn 0.238684 -0.926212 0.291825
v 19.2289 -99.9047 1052.43
vn 0.361867 -0.863849 0.350452
v 19.9606 -99.8362 1051.84
vn 0.929532 -0.0378794 0.366792
v 20.3265 -99.6449 1050.97
vn -0.724448 0.107838 -0.680842
v 19.8985 -93.2728 1028.63
vn -0.763228 0.473803 -0.439311
v 20.0801 -94.3299 1027.83
vn -0.75545 0.286604 -0.589197
v 20.015 -93.849 1028.49
vn -0.932859 0.103199 -0.345142
v 18.2015 -94.6006 1031.72
vn -0.905552 0.227597 0.358016
v 19.367 -97.1492 1045
vn -0.974789 0.214087 -0.0628812
v 19.2097 -98.6652 1046.55
vn -0.867146 0.0695467 -0.493174
v 19.2394 -97.5806 1047.36
vn 0.939962 -0.0553544 0.336759
v 20.0558 -99.4782 1051.6
vn 0.9267 -0.0313358 0.374492
v 20.4279 -99.2863 1050.73
vn 0.880623 -0.27041 0.389077
v 20.0908 -99.1662 1051.59
vn 0.886541 -0.14138 0.440518
v 18.6516 -98.9463 1054.72
vn 0.848628 -0.281548 0.44784
v 18.3705 -98.2048 1055.56
vn 0.326098 -0.86674 0.377388
v 18.1255 -98.8738 1055.75
vn 0.201995 -0.947867 0.246466
v 18.9474 -98.0076 1055.81
vn -0.422876 0.825074 -0.374738
v 19.889 -92.7998 1029.41
vn -0.915067 0.0813006 -0.395023
v 18.8761 -92.7923 1030.53
vn -0.227824 0.899525 -0.372761
v 19.1257 -91.9104 1031.91
vn 0.00889601 0.955385 -0.295228
v 19.7588 -92.1237 1031.58
vn -0.969474 0.179722 -0.166792
v 18.3298 -92.2676 1032.45
vn -0.968088 0.178397 0.176014
v 18.2029 -94.6689 1040.73
vn -0.909407 0.27774 0.309579
v 18.5459 -94.9208 1042.34
vn -0.923119 -0.00975667 0.384391
v 18.7564 -93.662 1042.26
vn -0.890666 0.121534 0.438114
v 19.6065 -93.5487 1043.82
vn -0.987149 0.103874 -0.121437
v 19.7867 -95.4349 1045.92
vn -0.511652 -0.171321 -0.841939
v 18.3959 -95.9414 1048
vn -0.404958 -0.228798 -0.885246
v 18.2909 -94.6341 1047.48
vn -0.730511 -0.051492 -0.680957
v 19.5252 -94.6804 1046.7
vn -0.506671 0.39652 0.765543
v 18.3428 -97.8968 1055.54
vn -0.332219 0.328773 0.884047
v 18.4873 -95.8647 1054.52
vn -0.763895 0.345712 0.544929
v 19.5007 -95.9005 1055.28
vn -0.931736 0.328289 0.155226
v 19.5804 -95.9456 1055.58
vn -0.43602 -0.281103 0.854908
v 18.8254 -97.604 1055.88
vn -0.206453 -0.952671 0.223148
v 19.0878 -97.9812 1056.43
vn -0.955933 -0.292834 0.0209784
v 18.8936 -97.7609 1056.8
vn -0.369749 -0.872169 0.320324
v 19.1763 -97.7812 1057.07
vn -0.869391 0.454467 0.193956
v 19.1467 -97.2592 1056.86
vn -0.905846 0.400424 0.138216
v 19.1497 -97.3869 1057.14
vn -0.0144447 -0.17608 0.98427
v 19.5803 -96.557 1057.3
vn -0.964777 0.220878 -0.142895
v 19.438 -96.2735 1057.35
vn -0.819971 -0.46803 0.329538
v 19.6509 -96.4522 1057.62
vn -0.414405 -0.90803 -0.0612452
v 19.1494 -96.2134 1058.57
vn -0.332431 -0.942086 -0.044311
v 19.2694 -96.3123 1059.78
vn -0.249393 0.930079 -0.269733
v 18.4228 -91.4698 1033.81
vn 0.0197427 0.967749 -0.251143
v 18.3833 -91.3573 1034.74
vn 0.144974 0.978633 -0.145808
v 18.7359 -91.5029 1033.54
vn 0.275791 0.9331 -0.230791
v 19.0003 -91.504 1034.73
vn -0.341042 0.868204 -0.360434
v 19.2836 -91.32 1034.76
vn -0.29812 0.91982 -0.25506
v 19.574 -91.2096 1034.79
vn -0.991393 0.128493 -0.0250765
v 18.1007 -91.3823 1035.95
vn 0.0409906 0.97855 -0.201889
v 18.5556 -90.721 1036.99
vn -0.0963869 0.899312 -0.426552
v 18.9681 -91.2729 1035.07
vn -0.138547 0.989801 -0.033151
v 18.2006 -90.5447 1038.19
vn 0.240124 0.970046 -0.0367709
v 18.4921 -90.558 1038.54
vn -0.0692999 0.994968 0.0723607
v 18.4702 -90.6246 1039.45
vn 0.446992 0.890668 -0.0831232
v 19.1433 -90.955 1038.18
vn 0.0174611 0.995804 -0.0898324
v 19.0796 -90.6932 1039.44
vn -0.123387 0.992357 -0.0020595
v 19.0681 -90.6725 1039.75
vn -0.980329 0.0846299 0.178305
v 18.1532 -92.0248 1041.33
vn -0.914991 0.0770244 0.396054
v 18.3349 -91.8161 1041.97
vn -0.233725 0.968197 0.0892561
v 18.7304 -90.7853 1041.25
vn -0.70212 0.698836 0.136583
v 18.7143 -90.9108 1042.14
vn -0.45404 0.889246 -0.0555746
v 19.0078 -90.7347 1041.87
vn -0.984497 0.047465 0.168859
v 19.8535 -93.3339 1044.47
vn -0.980178 -0.00251029 -0.198102
v 19.7315 -93.6064 1046.55
vn -0.471846 -0.12746 -0.872419
v 18.9895 -92.285 1047.08
vn -0.651555 0.236113 0.72092
v 19.5371 -94.2339 1054.67
vn -0.934496 0.0908037 -0.344197
v 19.3436 -95.7937 1058.04
vn -0.680268 -0.71882 -0.143292
v 17.2822 -95.2359 1062.38
vn -0.5929 -0.803217 -0.0575495
v 18.6165 -96.2828 1061.3
vn -0.38505 -0.922181 0.0363261
v 17.2194 -95.2959 1064.5
vn -0.882651 0.464308 0.0731117
v 19.5258 -90.2613 1043.18
vn -0.929043 0.182522 0.321817
v 19.5964 -90.4778 1043.76
vn -0.917174 -0.373526 -0.138816
v 19.7011 -89.7698 1043.28
vn -0.994466 0.0141158 0.104103
v 19.7155 -89.8209 1043.57
vn -0.974371 -0.22384 0.0222841
v 19.5775 -89.4846 1043.32
vn -0.316765 -0.200328 -0.927108
v 17.8719 -89.92 1046.88
vn -0.595474 0.644173 -0.480054
v 17.8166 -89.4225 1047.17
vn -0.508061 -0.19062 -0.839963
v 18.8336 -90.4473 1046.61
vn -0.398922 -0.134186 -0.907114
v 19.3046 -88.8803 1046.17
vn -0.415687 0.191484 0.889122
v 19.2466 -90.7088 1053.49
vn -0.927015 0.150825 -0.343358
v 17.579 -93.1315 1062.76
vn -0.389428 -0.880641 0.269847
v 17.085 -94.7976 1067.33
vn 0.271582 -0.942658 0.194007
v 17.6704 -94.6228 1067.37
vn 0.0513468 -0.996766 0.0618085
v 18.7962 -94.1054 1068.39
vn -0.0609321 -0.988964 0.135044
v 16.9526 -94.2235 1069.87
vn -0.287401 -0.955663 -0.0641067
v 17.4847 -94.2785 1072.31
vn -0.973128 0.157987 0.167515
v 16.9579 -94.5542 1075.6
vn -0.951484 -0.223297 0.211697
v 17.1349 -95.0391 1076.13
vn -0.935227 -0.148938 0.321198
v 17.0993 -94.6769 1076.19
vn -0.886643 -0.163882 0.432443
v 17.4032 -94.7227 1076.8
vn 0.0269986 -0.954925 -0.295617
v 17.8928 -95.4845 1082.15
vn -0.185918 -0.939809 -0.286695
v 18.2045 -95.2041 1080.99
vn -0.343292 0.913463 -0.218484
v 17.4274 -89.1393 1049.15
vn -0.0739693 0.995641 0.0568161
v 18.3516 -88.9596 1047.97
vn -0.411902 0.870849 -0.268251
v 18.6531 -89.0582 1048.26
vn -0.347649 0.919231 -0.18481
v 18.8668 -88.5528 1049.58
vn -0.207752 0.216735 0.953868
v 18.5697 -89.7963 1053.14
vn -0.15995 0.98682 0.0245445
v 18.4593 -88.4382 1052.64
vn 0.092053 0.246025 0.964882
v 18.7514 -88.4415 1052.95
vn -0.174321 0.36032 0.916396
v 19.1127 -89.1473 1053.13
vn -0.622769 0.262025 0.737226
v 19.3086 -89.4601 1053.38
vn -0.961968 0.218668 -0.16371
v 16.8571 -91.5413 1065.47
vn -0.968686 0.240412 0.0620496
v 16.9696 -91.1127 1068.29
vn -0.97619 0.179037 0.122469
v 16.8228 -93.6751 1072.4
vn -0.910359 0.331298 0.247966
v 17.8145 -91.547 1072.93
vn -0.538685 -0.328322 0.775901
v 18.1012 -94.1694 1077.52
vn -0.0996631 -0.883759 0.457206
v 18.2441 -94.4574 1077.49
vn -0.841629 0.42315 0.335568
v 18.4183 -93.9482 1078.17
vn -0.873509 -0.448189 0.190023
v 18.4516 -94.3467 1078.71
vn -0.944748 -0.242795 -0.220233
v 18.4603 -94.3983 1079
vn 0.0958364 -0.985637 -0.139048
v 18.5379 -94.3387 1078.71
vn -0.873439 0.402015 0.27475
v 18.4882 -94.2532 1078.73
vn 0.16949 -0.942776 -0.287134
v 18.5293 -94.3919 1079.01
vn -0.823134 0.561593 0.0840467
v 18.4897 -94.3654 1079.01
vn 0.309855 -0.896599 -0.316386
v 18.7434 -94.4245 1079.31
vn -0.916248 0.342294 0.208145
v 18.676 -94.0291 1078.77
vn -0.914946 0.378454 -0.140167
v 18.7273 -94.1035 1080.28
vn 0.340797 0.622443 0.704572
v 18.8487 -94.3278 1080.55
vn -0.988904 0.142158 -0.0431192
v 18.8479 -93.6296 1080.06
vn -0.743531 -0.27937 -0.607547
v 18.8113 -93.7379 1080.65
vn -0.949634 0.151803 -0.274139
v 18.8193 -93.388 1080.41
vn -0.0971851 -0.564891 -0.819422
v 16.9839 -95.38 1081.99
vn -0.419812 -0.276646 -0.864422
v 17.2292 -94.708 1081.79
vn -0.132081 -0.926138 -0.353303
v 17.5854 -95.2705 1081.71
vn -0.844486 -0.327052 -0.424123
v 18.138 -94.7429 1080.77
vn -0.309457 -0.163302 -0.936787
v 18.0178 -93.3439 1081.44
vn -0.767483 0.640558 -0.025579
v 18.4321 -94.3588 1080.84
vn -0.619049 0.243044 -0.746798
v 18.4069 -94.1508 1081.03
vn -0.686823 -0.0420592 -0.725607
v 18.5766 -93.8121 1080.94
vn 0.347946 0.521885 0.778826
v 18.761 -94.6391 1080.79
vn 0.268361 0.641839 -0.718349
v 18.7342 -94.4199 1081
vn 0.293043 -0.955284 0.0394795
v 16.5036 -95.6954 1088.68
vn -0.921699 0.0263122 -0.387013
v 18.4137 -88.8824 1061.7
vn -0.673005 0.726598 -0.138273
v 18.7362 -88.4063 1063.01
vn -0.798176 0.595931 -0.0882129
v 17.9822 -88.3141 1067.59
vn -0.948468 0.271274 0.163767
v 17.9809 -88.7158 1070.87
vn 0.431919 -0.760576 0.484738
v 18.0507 -94.6373 1093.92
vn -0.940492 0.337654 0.0382563
v 18.0851 -87.9899 1068.56
vn -0.866208 -0.152872 -0.475724
v 18.4801 -87.5171 1069.57
vn -0.941583 0.332443 0.0538786
v 18.0962 -88.3559 1070.63
vn -0.967181 0.209462 0.143825
v 18.1987 -88.1546 1071.28
vn -0.956748 -0.0293322 -0.289435
v 18.3172 -87.5847 1069.86
vn -0.949815 0.168684 -0.263434
v 18.2774 -87.2917 1069.91
vn -0.906508 0.206311 0.368345
v 18.5044 -88.6327 1072.42
vn -0.853763 0.427374 -0.29739
v 17.7514 -91.3609 1090.82
vn 0.299582 -0.794921 0.52759
v 15.7805 -91.5986 1099.68
vn -0.865573 0.377949 -0.328539
v 15.8313 -89.3244 1097.25
vn -0.586448 0.259223 -0.767387
v 15.8028 -84.8219 1078.77
vn -0.686743 0.41914 -0.59389
v 15.7763 -84.5791 1078.89
vn -0.782431 0.223588 -0.581214
v 16.6115 -83.4695 1078.5
vn 0.0390049 -0.270593 -0.961903
v 16.9164 -83.7248 1078.45
vn -0.13843 -0.316421 -0.938464
v 16.8643 -83.0949 1078.25
vn 0.0999294 0.201076 0.974465
v 16.1762 -84.9214 1086.43
vn -0.946226 0.12276 -0.299311
v 17.7828 -85.8961 1094.54
vn -0.851112 0.460203 0.252628
v 15.2546 -87.6728 1104.87
vn 0.664825 -0.442233 0.602028
v 15.55 -87.6837 1105.09
vn -0.634236 0.733356 -0.244812
v 17.6503 -81.7068 1077.91
vn -0.716391 0.23084 -0.658405
v 16.8087 -82.5087 1078.37
vn 0.269096 -0.339746 -0.901199
v 17.4077 -82.4019 1078.1
vn -0.774676 0.63018 -0.0524314
v 17.2258 -84.2399 1099.09
vn -0.938789 0.304117 -0.161826
v 16.6627 -86.2459 1099.34
vn -0.938313 0.343073 -0.0432412
v 16.8981 -84.8634 1102.02
vn 0.636062 -0.411757 0.652596
v 16.3612 -86.6909 1105.12
vn -0.852145 0.410444 0.324631
v 16.3025 -86.1649 1105.44
vn -0.873233 0.476615 0.101502
v 16.5464 -85.4599 1105.19
vn -0.858022 0.442376 0.260963
v 16.6296 -85.5177 1105.56
vn 0.521118 -0.648137 0.555296
v 16.8378 -85.5202 1105.69
vn -0.878835 0.440053 0.184397
v 16.8035 -84.939 1105.06
vn -0.810902 0.476979 0.339012
v 16.8327 -85.2022 1105.62
vn -0.428584 0.898846 -0.0916065
v 16.1348 -80.8671 1085.35
vn -0.36337 0.927779 -0.0847851
v 16.4795 -80.922 1084.13
vn 0.0323222 0.486974 0.872818
v 16.7476 -81.0303 1085.52
vn -0.273396 0.959405 -0.0692521
v 17.0199 -80.5795 1085.11
vn -0.0885568 0.626113 0.774687
v 17.33 -80.7653 1085.39
vn 0.129589 0.387324 0.912791
v 15.5747 -81.5277 1085.95
vn -0.0278582 0.688601 0.724606
v 15.8494 -81.1447 1085.67
vn -0.870851 0.491502 -0.00670668
v 17.2646 -83.7296 1101.01
vn -0.848779 0.52768 0.0335721
v 17.2677 -83.8342 1101.6
vn -0.872974 0.484876 0.0530156
v 17.2821 -83.5541 1103.48
vn -0.806387 0.512732 0.294697
v 17.0538 -84.4202 1105.15
vn 0.892732 -0.01615 0.450298
v 17.313 -84.1626 1105.2
vn -0.951642 -0.204032 -0.229672
v 26.14 -107.541 952.102
vn -0.886149 -0.417525 -0.201032
v 25.378 -107.701 956.025
vn -0.751888 -0.632525 -0.185951
v 24.4467 -108.347 962.601
vn 0.187216 -0.939842 0.285741
v 25.7652 -108.697 965.301
vn -0.250602 -0.966602 0.0536571
v 26.0211 -108.448 966.264
vn -0.742347 -0.611696 -0.273402
v 24.7005 -109.88 974.218
vn -0.61629 -0.777972 -0.122257
v 25.5815 -110.532 973.809
vn -0.796369 -0.58573 -0.15072
v 25.0734 -110.3 975.672
vn -0.804175 -0.575559 -0.148443
v 25.3338 -110.674 975.609
vn 0.200348 -0.973318 0.111858
v 25.9267 -110.769 976.21
vn -0.9041 -0.337684 -0.261863
v 25.2593 -104.622 954.136
vn -0.688672 -0.711902 -0.137571
v 25.155 -104.23 953.595
vn -0.9329 -0.183982 -0.309592
v 24.3584 -105.282 957.357
vn -0.860551 -0.456084 -0.226801
v 24.0571 -107.546 963.044
vn 0.219974 -0.933368 0.283612
v 23.8057 -108.043 968.438
vn -0.734425 -0.616208 -0.284441
v 25.9801 -108.975 970.436
vn -0.446762 -0.885185 -0.129811
v 23.9406 -107.891 971.819
vn -0.631809 -0.773989 -0.0419285
v 24.6701 -109.859 975.135
vn -0.725795 -0.597669 -0.340607
v 23.7367 -109.85 976.038
vn 0.0949168 -0.9948 0.0369229
v 24.018 -109.839 976.653
vn -0.0937641 -0.995586 0.00400453
v 24.2786 -109.812 977.881
vn -0.722274 -0.67654 -0.143578
v 24.2863 -110.06 979.056
vn -0.0872947 -0.9913 0.0985047
v 24.2509 -110.24 980.048
vn -0.482392 -0.875913 -0.00857232
v 23.5516 -109.8 981.835
vn -0.46121 -0.887219 0.0112973
v 23.489 -109.724 983.617
vn -0.914887 -0.302393 -0.26747
v 25.4845 -101.334 944.364
vn -0.328734 -0.944344 -0.0122079
v 24.8272 -108.996 986.874
vn -0.450301 -0.888995 -0.0831736
v 25.4187 -109.366 988.341
vn -0.37862 -0.92479 -0.0375584
v 23.5629 -109.962 1001.31
vn -0.964852 -0.0276221 -0.261337
v 24.98 -98.3093 944.289
vn -0.127034 -0.989384 0.0705836
v 24.3132 -109.75 1005.63
vn -0.949952 0.213105 -0.228422
v 25.6315 -95.8794 941.308
vn -0.930692 0.223211 -0.28981
v 24.6796 -95.9292 946.234
vn 0.524575 -0.780765 0.339451
v 24.2442 -108.017 1012.36
vn 0.520521 -0.764477 0.380307
v 23.8725 -107.645 1013.5
vn 0.784825 -0.498732 0.367852
v 24.4832 -107.475 1012.74
vn -0.9693 -0.00260329 -0.245866
v 24.9657 -93.4767 946.373
vn -0.893338 0.197825 -0.403501
v 23.0848 -94.5461 951.354
vn -0.30688 0.683513 0.662295
v 23.5052 -97.0285 964.613
vn -0.103548 0.775361 0.622972
v 23.4713 -96.435 963.932
vn -0.697604 0.589848 0.406727
v 24.0813 -96.8555 964.957
vn -0.407791 0.783229 0.469317
v 24.6274 -95.8954 963.918
vn -0.499317 0.621575 0.603595
v 23.2871 -98.2598 965.609
vn -0.751857 0.639191 0.161693
v 23.5915 -98.6778 966.758
vn -0.821367 0.501091 0.272515
v 24.1857 -97.6563 966.035
vn -0.948497 0.282774 -0.1428
v 24.4042 -97.2 967.034
vn 0.866317 -0.215752 0.450495
v 24.1738 -106.939 1013.14
vn -0.856431 0.323732 -0.402147
v 23.0505 -91.6316 952.161
vn -0.928663 0.104456 0.355913
v 23.2704 -92.3454 956.304
vn -0.952847 0.26584 0.146324
v 23.0869 -94.4573 957.752
vn -0.933157 0.34685 -0.0944063
v 23.3411 -93.72 960.021
vn -0.375207 0.923946 0.074451
v 23.687 -93.5819 960.051
vn -0.943172 0.275526 0.185773
v 23.5809 -92.806 959.274
vn 0.0345907 0.815673 0.577478
v 24.5442 -93.5064 959.467
vn 0.233693 0.779755 0.580835
v 23.0444 -94.4421 962.021
vn 0.160324 0.760501 0.629234
v 24.0178 -95.3421 962.484
vn 0.268303 0.80543 0.528484
v 23.9695 -94.4646 961.421
vn -0.0842072 0.817567 0.569643
v 24.5847 -94.5929 961.407
vn -0.228653 0.810651 0.539039
v 24.9111 -95.1372 962.229
vn -0.934606 0.352434 0.0479797
v 24.6697 -95.9706 965.429
vn -0.967218 0.0616354 -0.246356
v 24.7315 -94.6387 966.583
vn -0.96719 0.0662088 -0.245275
v 23.9946 -95.7201 968.817
vn -0.434901 0.65034 0.622832
v 22.3221 -98.0721 986.355
vn -0.79248 0.602242 0.096329
v 22.4974 -98.1682 986.95
vn -0.877555 0.239715 0.415252
v 22.5669 -97.7601 986.414
vn -0.978386 0.161563 -0.129069
v 22.6376 -97.8585 987.007
vn -0.343753 -0.93365 0.100658
v 22.4578 -104.514 1020.56
vn -0.417192 -0.907232 0.0536832
v 22.4284 -104.601 1021.76
vn -0.917221 0.0460869 -0.395704
v 23.6499 -89.586 951.317
vn -0.713981 -0.255057 -0.652055
v 22.6914 -90.9391 953.235
vn -0.538726 -0.0605543 0.840302
v 22.9793 -91.6934 955.919
vn -0.92726 0.222781 0.300928
v 23.6634 -92.1351 958.786
vn -0.781438 0.262896 0.565898
v 23.8289 -92.1784 959.121
vn -0.870601 0.203012 0.448152
v 23.7946 -90.8837 958.707
vn -0.634822 0.207115 0.744382
v 24.0712 -91.5432 959.126
vn -0.781163 0.278299 0.558869
v 23.9847 -90.4952 958.779
vn 0.461536 0.399881 0.791884
v 24.524 -91.7061 958.57
vn 0.582487 0.497931 0.642474
v 24.2936 -90.5035 958.565
vn -0.956536 0.168361 -0.238105
v 23.9619 -92.8956 968.407
vn -0.943461 0.0333923 -0.329797
v 24.7359 -93.1024 966.553
vn -0.967952 0.168159 -0.186526
v 23.0087 -93.7543 976.165
vn -0.571285 0.164996 0.803996
v 22.271 -97.4176 986.045
vn -0.028529 0.0341149 0.999011
v 22.186 -96.5141 986.081
vn -0.382977 0.354955 0.85284
v 22.1307 -95.8947 986.01
vn -0.990779 0.0235548 0.133423
v 22.6527 -96.8621 986.576
vn -0.849774 0.0684435 0.522685
v 22.6309 -95.9216 986.439
vn -0.997548 0.0304996 -0.0629847
v 22.6546 -95.9719 986.735
vn -0.793967 0.387968 0.468079
v 22.527 -95.5821 986.194
vn -0.966789 0.250054 0.0528333
v 22.727 -95.3193 986.548
vn -0.970982 0.136941 -0.196063
v 22.3075 -96.563 988.148
vn -0.917711 0.0788872 -0.389337
v 24.8631 -87.3606 948.075
vn -0.630867 0.774126 -0.0523071
v 23.9374 -87.3136 950.813
vn -0.274167 0.920145 0.279582
v 24.2337 -87.339 951.054
vn -0.434207 0.890011 0.139083
v 23.0512 -88.2651 953.069
vn -0.424711 0.899952 0.0985229
v 23.637 -88.0392 952.942
vn -0.369391 0.929062 0.0198652
v 23.8649 -87.8306 954.682
vn 0.0846805 -0.183647 0.979338
v 22.4515 -89.3427 956.179
vn -0.77671 -0.113921 0.61947
v 22.6929 -88.7187 956.247
vn -0.522668 0.831644 -0.187581
v 22.6758 -88.279 955.485
vn -0.509705 0.85981 0.0304575
v 22.6603 -88.2217 955.814
vn -0.300464 0.389061 0.870834
v 22.6587 -88.3021 956.104
vn -0.236817 0.959013 0.155604
v 22.9511 -88.1159 955.837
vn -0.0947987 0.9349 0.342015
v 23.5577 -88.3665 956.467
vn -0.632933 -0.0886739 0.769112
v 23.9036 -89.0917 957.2
vn -0.944818 0.288295 -0.155578
v 23.9798 -92.1267 970.984
vn -0.859789 0.499318 -0.106976
v 23.7397 -90.8409 973.953
vn -0.901142 0.404329 -0.156401
v 23.0851 -91.1819 977.236
vn -0.779475 0.621938 0.0749151
v 22.195 -92.3823 980.056
vn -0.590126 0.756999 0.280543
v 23.108 -91.6862 980.803
vn -0.574184 0.724117 0.382057
v 23.7167 -92.3275 982.526
vn -0.229899 0.670231 0.705646
v 22.054 -94.8637 985.401
vn -0.384896 0.819605 0.424386
v 22.6003 -93.8091 984.074
vn -0.669311 0.673125 0.314525
v 23.4673 -93.9166 985.591
vn -0.80424 0.586785 -0.0942392
v 22.7309 -94.3881 991.287
vn 0.447537 -0.825711 0.343384
v 22.0018 -102.675 1029.72
vn 0.578669 -0.719351 0.384287
v 22.5466 -102.122 1029.94
vn -0.0164071 -0.986332 0.16395
v 22.8372 -102.075 1030.15
vn -0.475093 0.879869 -0.0108437
v 22.374 -93.6535 1000.56
vn -0.91946 0.330733 0.212625
v 21.2487 -95.6472 1013.6
vn -0.797352 0.544379 0.260541
v 21.5149 -95.2898 1013.66
vn 0.0340838 0.957146 0.287595
v 21.8083 -95.1128 1013.39
vn -0.0983092 0.97069 0.219308
v 23.3547 -95.4221 1013.06
vn -0.952222 0.229385 -0.201633
v 21.4943 -95.6802 1015.49
vn 0.200655 0.937293 0.284989
v 21.7968 -96.057 1016.58
vn 0.0563718 0.98149 0.183031
v 21.7947 -96.3258 1017.44
vn -0.315517 0.948574 -0.0256064
v 22.0795 -96.2544 1017.77
vn 0.0966859 -0.985011 0.142844
v 22.7007 -101.483 1042.44
vn 0.729432 -0.583812 0.3565
v 23.2363 -101.031 1043.14
vn -0.0667045 0.977097 0.202071
v 21.2181 -94.5641 1011.35
vn 0.00540521 0.982823 0.18447
v 22.1377 -94.3384 1010.18
vn -0.904189 0.316186 0.287173
v 21.2077 -94.8443 1012.52
vn 0.0329201 0.966621 0.254085
v 21.5081 -94.835 1012.53
vn -0.865529 0.448331 -0.223293
v 23.276 -95.138 1018.59
vn -0.598058 0.798743 -0.0658571
v 21.6434 -95.9447 1021.17
vn -0.75478 0.627832 -0.19009
v 22.8944 -95.139 1020.11
vn -0.735952 0.616946 -0.278843
v 22.8716 -94.6526 1020.81
vn -0.967155 0.245958 -0.06415
v 21.6847 -96.0724 1022.97
vn -0.566074 0.785481 -0.250161
v 21.7188 -94.5858 1023.24
vn -0.518608 0.830976 -0.201307
v 22.6439 -94.249 1022.7
vn -0.945622 0.18878 -0.264878
v 21.0748 -97.0895 1024.92
vn -0.962084 0.108051 -0.250438
v 21.3447 -95.4761 1024.6
vn 0.852633 -0.349977 0.387985
v 22.0334 -100.236 1046.62
vn 0.298384 -0.918137 0.260752
v 20.5196 -100.135 1050.39
vn -0.404525 0.906359 -0.121951
v 21.9909 -94.2195 1024.22
vn -0.614535 0.750787 -0.24221
v 22.2716 -94.1066 1024.55
vn -0.93178 0.112104 -0.345282
v 21.3838 -94.4628 1025.09
vn -0.868524 0.325599 -0.373701
v 22.3608 -93.6017 1024.95
vn -0.693967 0.571999 -0.437296
v 20.6188 -93.7121 1028.06
vn 0.720625 -0.570268 0.394327
v 21.0266 -99.0308 1050.17
vn 0.744457 -0.505909 0.435707
v 22.4165 -98.0378 1050.98
vn -0.424037 0.380835 -0.821679
v 20.528 -92.8795 1028.49
vn -0.436159 0.851502 -0.291048
v 20.3416 -91.9243 1031.63
vn 0.315227 -0.885258 0.341979
v 20.1627 -96.1074 1059.52
vn -0.820975 0.527606 -0.21825
v 22.6503 -90.1374 1028.01
vn -0.68629 0.709628 -0.159482
v 21.7324 -90.5538 1031.28
vn -0.385502 0.907492 -0.166871
v 20.2052 -91.2116 1033.88
vn -0.401245 0.905187 -0.140137
v 20.0873 -90.9774 1036.97
vn -0.521157 0.839839 -0.151874
v 20.2614 -90.3595 1039.22
vn -0.951469 0.166666 -0.258705
v 20.1526 -93.6763 1056.91
vn 0.491736 -0.788434 0.369551
v 20.1024 -95.6873 1060.21
vn 0.329463 -0.910266 0.250738
v 20.902 -94.7425 1061.61
vn 0.183228 -0.971574 0.149906
v 21.1672 -94.6461 1061.63
vn 0.190169 -0.975213 0.113114
v 21.4082 -94.5151 1063.18
vn -0.632316 0.763066 -0.133814
v 22.0143 -89.0683 1037.16
vn -0.707881 0.676291 -0.203798
v 20.1283 -89.777 1041.76
vn -0.608891 0.765487 -0.208042
v 20.6492 -89.3147 1041.24
vn -0.997398 -0.00839017 0.0715998
v 19.8137 -89.6725 1044.51
vn 3.64105e-005 0.99684 0.0794326
v 20.2167 -88.7702 1045.6
vn -0.872118 0.116936 0.475118
v 20.0653 -91.7289 1054.51
vn -0.992531 0.104627 0.0627305
v 20.5654 -91.648 1056.06
vn 0.0892234 -0.990038 0.108923
v 19.4963 -94.3255 1065.93
vn 0.122933 -0.991742 0.0365374
v 20.6408 -94.3864 1068.08
vn 0.235353 -0.971145 0.0385443
v 21.4127 -93.4265 1069.47
vn -0.0774123 -0.980502 -0.180619
v 20.6674 -93.9048 1075.47
vn 0.320426 -0.947273 -0.000613205
v 19.981 -95.0791 1081.65
vn 0.0771693 0.491427 0.867493
v 19.3841 -88.7647 1052.96
vn 0.140485 0.971574 0.190545
v 19.6703 -88.4973 1052.65
vn -0.878166 0.151473 0.45374
v 20.0385 -89.253 1054.35
vn -0.751226 0.613083 0.244516
v 20.1671 -88.9444 1054.4
vn -0.957541 0.0489666 -0.28411
v 20.5247 -90.5175 1056.56
vn -0.976834 0.142551 0.159607
v 20.5759 -89.1687 1055.89
vn -0.969235 0.210689 -0.127255
v 20.5393 -89.2769 1056.48
vn -0.862023 0.498133 0.0936965
v 20.685 -88.8618 1055.95
vn -0.816723 0.561879 -0.131362
v 20.7826 -88.7105 1056.28
vn -0.624331 0.779216 -0.0550697
v 21.0704 -88.4761 1056.02
vn -0.890771 0.330636 -0.31178
v 20.2363 -89.1657 1057.41
vn -0.857384 -0.509964 -0.0694889
v 19.0139 -94.05 1080.6
vn 0.196885 0.576004 0.793383
v 19.0712 -94.7292 1080.78
vn -0.8066 0.0902593 0.584165
v 19.1634 -94.351 1080.85
vn -0.0565828 0.536128 -0.842238
v 19.0329 -94.3903 1081
vn -0.113501 -0.191741 -0.97486
v 19.0046 -94.0523 1080.9
vn 0.360105 -0.922919 0.136178
v 19.121 -95.3555 1090.73
vn -0.618027 0.762726 -0.190505
v 20.996 -88.2084 1057.61
vn -0.849943 0.403144 0.339221
v 19.1976 -90.2796 1075.18
vn -0.942071 0.283144 0.17981
v 20.0042 -89.6293 1077.14
vn -0.779029 0.0279285 -0.626365
v 19.4186 -91.1506 1080.21
vn -0.886563 -0.144035 -0.439614
v 19.685 -86.9333 1066.95
vn -0.52767 0.849438 0.00440352
v 18.8116 -87.653 1068.03
vn -0.935933 0.202251 0.288312
v 19.8715 -88.0353 1074.98
vn -0.982448 0.155847 -0.102503
v 20.6006 -87.6544 1078.41
vn 0.0624397 0.16127 0.984933
v 18.5999 -90.2167 1088.29
vn -0.928186 0.346442 -0.135828
v 18.7954 -89.8149 1089.58
vn 0.557029 -0.648597 0.518691
v 19.7533 -91.4132 1097.39
vn -0.831728 0.543563 0.112992
v 19.4425 -84.4789 1071.96
vn -0.832144 0.372437 0.410887
v 19.8615 -84.2644 1072.61
vn -0.57654 0.816429 0.0323467
v 19.9307 -84.1369 1072.02
vn -0.958693 0.192829 -0.209105
v 19.9449 -83.8913 1072.37
vn -0.903403 0.241464 0.354342
v 19.2484 -86.2426 1073.16
vn -0.983644 0.136253 0.117811
v 19.8154 -84.0607 1073.25
vn -0.935715 0.113515 0.333994
v 20.4077 -84.9662 1075.23
vn -0.0769215 -0.263808 -0.961503
v 18.8354 -85.1449 1079.14
vn -0.440636 -0.18928 -0.877504
v 19.6032 -87.0114 1079.41
vn -0.757686 -0.116966 -0.642053
v 20.4374 -86.1861 1078.67
vn -0.166666 0.297176 0.940164
v 18.325 -88.8059 1087.09
vn -0.875117 0.359029 0.324451
v 19.1132 -88.8774 1087.93
vn -0.71086 0.225808 0.666099
v 19.4444 -87.2059 1087.32
vn -0.950918 0.158712 -0.26564
v 19.4087 -87.5763 1089.38
vn 0.856991 -0.200579 0.474693
v 20.2326 -89.3699 1098.22
vn 0.908183 -0.153049 0.389589
v 20.2503 -89.0715 1098.27
vn -0.943158 0.322719 -0.0794095
v 19.9568 -82.1534 1072.94
vn -0.798956 0.583369 -0.146115
v 20.3969 -81.7201 1072.46
vn -0.975131 0.145401 0.167264
v 20.0761 -82.3088 1073.88
vn -0.88743 0.460925 0.00394507
v 20.2194 -81.9185 1073.48
vn 0.0523972 -0.371362 -0.927009
v 18.051 -83.0065 1078.6
vn -0.45775 -0.326825 -0.826832
v 19.9601 -84.0633 1078.52
vn -0.322945 0.215792 0.921488
v 18.9979 -86.2659 1086.95
vn -0.187162 0.262922 0.94649
v 19.1096 -83.9886 1086.25
vn -0.596837 0.250987 0.762097
v 19.6873 -83.7707 1086.41
vn -0.699648 0.204831 0.684498
v 19.5724 -86.0524 1087.22
vn -0.97053 0.181875 0.158089
v 19.8235 -86.333 1087.78
vn 0.632968 -0.528341 0.565868
v 20.0382 -88.1142 1099.66
vn -0.97505 0.173064 -0.139018
v 20.2969 -81.0146 1075.33
vn -0.165938 -0.394553 -0.903766
v 18.2518 -81.6542 1077.8
vn -0.47168 -0.0637084 -0.879465
v 19.1235 -81.2157 1077.54
vn -0.815671 -0.228103 -0.531649
v 19.8733 -81.0195 1076.85
vn -0.736326 0.413175 -0.535827
v 19.8304 -80.7268 1076.9
vn -0.53358 0.83615 -0.127065
v 19.6383 -80.2828 1077.59
vn -0.551697 0.813808 -0.182609
v 18.7228 -80.6473 1079.03
vn -0.516698 0.84507 -0.137405
v 19.2671 -80.1509 1079.43
vn -0.979116 0.053237 -0.196206
v 19.6991 -83.5875 1089.49
vn -0.961556 0.00863838 -0.274472
v 19.6935 -83.2913 1089.54
vn -0.773176 -0.0505253 -0.632176
v 19.5391 -83.3967 1090.05
vn -0.733875 -0.656234 0.175455
v 19.5763 -83.0579 1089.89
vn -0.743337 0.661702 -0.0979842
v 19.845 -83.3724 1089.84
vn -0.945415 0.066676 -0.318974
v 19.5133 -83.7096 1090.08
vn -0.949084 -0.151468 -0.276218
v 19.4937 -83.4147 1090.13
vn -0.589318 -0.285245 0.75587
v 19.3022 -82.6998 1091.17
vn -0.978334 -0.115028 -0.172138
v 19.2295 -82.3574 1090.92
vn -0.357445 0.933477 0.0292277
v 19.5407 -83.7276 1090.99
vn 0.551336 0.642614 -0.532049
v 19.6239 -83.4026 1090.13
vn -0.589318 -0.285245 0.75587
v 19.4663 -82.9928 1091.19
vn -0.589318 -0.285245 0.75587
v 19.4075 -82.4168 1091.36
vn 0.451013 0.745484 0.490754
v 19.8617 -83.6388 1090.09
vn -0.73821 -0.656523 0.154995
v 19.8259 -83.275 1090.16
vn 0.630687 -0.677776 0.377959
v 20.0236 -83.0689 1090.2
vn -0.946769 0.0536554 -0.31741
v 17.9852 -84.2867 1094.21
vn -0.939617 0.0442375 -0.339356
v 18.3263 -84.386 1093.23
vn -0.261692 0.927607 -0.266576
v 18.2771 -84.1947 1094.24
vn -0.460667 0.88245 -0.095223
v 18.6034 -84.16 1093.34
vn -0.973857 0.115167 -0.195802
v 17.5818 -83.6563 1095.6
vn -0.401693 0.91069 0.0963615
v 17.5454 -83.9437 1097.63
vn -0.602937 0.797736 -0.00920015
v 17.5245 -84.0206 1098.53
vn -0.678793 0.722191 -0.132964
v 17.5028 -83.9784 1099.1
vn 0.407446 0.913203 -0.00691852
v 18.8725 -84.3475 1098.49
vn 0.239564 0.966997 -0.0867534
v 19.1141 -84.4792 1097.25
vn 0.576644 0.81062 0.101868
v 19.7526 -85.0674 1097.86
vn 0.692555 0.710405 0.125271
v 19.3277 -84.6724 1100.57
vn -0.49302 0.862136 -0.116844
v 19.8279 -79.9187 1080.09
vn -0.147946 0.538947 0.829245
v 19.0924 -80.2075 1085.21
vn -0.19656 0.359687 0.912135
v 19.4358 -80.7685 1085.54
vn 0.461091 0.689187 0.558942
v 20.0076 -80.3462 1085.2
vn -0.324403 0.427419 0.843846
v 19.7637 -80.4213 1085.49
vn -0.385119 0.922545 0.0243833
v 19.6797 -79.9556 1084.96
vn -0.255412 0.397118 0.881511
v 19.6741 -79.9947 1085.26
vn -0.496113 0.301508 0.814227
v 19.91 -80.7568 1085.73
vn -0.745701 0.66561 -0.0298881
v 17.4039 -83.566 1101.04
vn -0.767347 0.641146 0.0105056
v 17.3962 -83.6808 1101.63
vn 0.501358 0.865134 -0.0135254
v 17.7301 -83.7222 1100.72
vn 0.456161 0.889885 0.00465127
v 18.3281 -83.9652 1101.6
vn 0.454634 0.885642 0.0945841
v 17.6488 -83.5709 1102.88
vn -0.820745 -0.545149 -0.170852
v 29.2525 -104.278 926.824
vn -0.950996 -0.249209 -0.183033
v 28.9384 -103.766 927.215
vn -0.842455 -0.534047 -0.0711528
v 28.8567 -104.089 928.985
vn -0.936702 -0.235568 -0.259032
v 28.3147 -107.948 943.527
vn -0.867129 -0.455071 -0.202478
v 27.5205 -108.354 947.1
vn -0.962275 0.03803 -0.269407
v 28.9832 -102.016 926.005
vn -0.824176 -0.566332 0.00147671
v 29.2038 -104.809 934.957
vn -0.890849 -0.384571 -0.241852
v 27.9958 -105.812 943.39
vn -0.55825 -0.829267 -0.0259479
v 27.3516 -109.047 964.042
vn -0.691456 -0.706277 -0.151863
v 27.0246 -109.034 966.173
vn -0.827526 -0.478972 -0.292891
v 26.3794 -109.828 970.289
vn -0.538085 -0.819203 -0.198423
v 27.3333 -110.694 969.538
vn -0.0674365 -0.997305 -0.0288862
v 27.9537 -110.972 969.802
vn 0.0514897 -0.99783 0.0410354
v 28.5776 -110.896 968.902
vn 0.283953 -0.949462 0.133765
v 26.261 -110.718 975.005
vn 0.374925 -0.911571 0.168731
v 27.4435 -110.295 974.488
vn 0.318542 -0.934405 0.159431
v 26.4504 -110.256 977.224
vn 0.420646 -0.891801 0.166574
v 26.8052 -110.318 975.694
vn 0.340991 -0.925188 0.166588
v 27.3843 -110.094 975.789
vn -0.967053 -0.0110311 -0.254337
v 28.2951 -99.4281 928.287
vn -0.929237 -0.349621 -0.119513
v 27.3358 -101.561 934.597
vn 0.0117321 -0.997672 0.067173
v 26.8989 -109.654 980.386
vn -0.072878 -0.996266 0.0462842
v 27.5505 -109.67 978.869
vn 0.0580515 -0.990506 0.124612
v 25.8885 -109.368 982.941
vn -0.341345 -0.938625 -0.0496574
v 27.1973 -109.721 980.683
vn -0.394388 -0.917527 -0.0510053
v 27.6802 -110.626 987.234
vn -0.39634 -0.914774 -0.0781277
v 26.8292 -110.801 995.724
vn -0.266264 -0.963885 0.00544382
v 26.4479 -110.76 998.165
vn -0.919575 0.31294 -0.237592
v 28.3015 -96.531 930.939
vn -0.961601 0.144065 -0.233601
v 26.6363 -97.0362 936.311
vn -0.971353 -0.0357838 -0.234931
v 27.5727 -95.4479 934.78
vn 0.455218 -0.8446 0.28183
v 27.2672 -108.573 1004.05
vn -0.974519 -0.0338789 -0.221734
v 27.7063 -93.5504 934.512
vn -0.944036 -0.198342 -0.263545
v 27.5832 -92.9685 934.614
vn -0.970999 0.0721854 -0.227926
v 26.4859 -94.7471 938.852
vn -0.954315 0.128666 -0.269681
v 26.7585 -95.507 938.11
vn -0.968773 0.140014 -0.204634
v 26.5683 -94.0067 939.9
vn 0.669903 -0.676959 0.304887
v 26.2186 -108.198 1007.57
vn 0.694934 -0.616632 0.369909
v 27.1353 -107.81 1006.02
vn 0.90479 0.294727 0.307396
v 26.0352 -107.759 1008.45
vn -0.943075 -0.260704 -0.2065
v 27.1417 -93.0799 936.722
vn -0.964153 -0.040812 -0.262189
v 26.9733 -92.399 936.242
vn 0.494636 -0.831408 0.253173
v 26.739 -105.585 1012.11
vn 0.673393 -0.619255 0.403813
v 24.6444 -106.146 1013.29
vn 0.170582 -0.959823 0.222802
v 25.2747 -106.332 1012.96
vn 0.452374 -0.855927 0.250495
v 25.424 -105.654 1015.83
vn -0.930832 0.270139 -0.246123
v 26.9331 -88.998 937.754
vn -0.720643 0.676385 -0.152241
v 27.1658 -88.5152 937.844
vn -0.93854 0.2871 -0.191613
v 25.6965 -90.3715 944.805
vn -0.0796424 0.739254 0.668701
v 25.4074 -92.8995 958.979
vn -0.626341 0.692953 0.35709
v 25.1798 -94.6899 961.946
vn -0.924243 0.3816 -0.0124842
v 25.437 -94.5206 962.859
vn 0.0138214 -0.984608 0.174229
v 24.3907 -105.207 1018.64
vn -0.925666 0.218592 -0.308803
v 26.8498 -88.2566 942.153
vn -0.937963 0.147086 -0.313991
v 25.6147 -87.8662 946.167
vn 0.367099 0.636693 0.67813
v 26.1686 -90.6074 956.741
vn -0.172134 0.835904 0.521186
v 26.4316 -89.7173 955.322
vn -0.715118 0.638419 0.284652
v 26.7579 -90.349 956.407
vn -0.50653 0.785361 0.355859
v 27.0203 -89.5679 955.331
vn 0.55477 0.326957 0.765068
v 25.5885 -91.1033 957.489
vn -0.80253 0.562884 0.197756
v 26.1753 -92.356 959.697
vn -0.922443 0.350849 -0.161255
v 26.2045 -90.696 962.433
vn -0.917459 0.307991 -0.251815
v 24.9647 -91.7896 966.181
vn -0.968137 0.131858 -0.212894
v 25.2494 -93.1258 964.727
vn 0.291113 -0.930303 0.223136
v 25.0074 -103.349 1022.33
vn 0.0600857 -0.9883 0.140186
v 24.5175 -102.685 1026.4
vn -0.135765 -0.989204 0.0551578
v 24.1275 -102.458 1028.57
vn -0.871185 0.378719 -0.312424
v 27.1451 -85.6114 942.935
vn -0.444212 0.895749 -0.0175977
v 27.1897 -85.0318 944.868
vn -0.924598 0.0849555 -0.37135
v 25.7099 -86.9673 946.329
vn -0.663881 0.741851 -0.0944385
v 25.926 -86.0048 946.2
vn -0.6346 0.771331 -0.0482864
v 26.5841 -85.3987 947.232
vn -0.388047 0.906192 0.168033
v 25.0689 -87.1431 952.689
vn 0.0552591 0.919725 0.388655
v 25.9517 -86.7775 952.291
vn -0.377382 0.91898 0.11427
v 25.049 -87.3269 953.875
vn 0.381842 0.755988 0.531675
v 25.6618 -87.3335 953.578
vn -0.862448 0.476387 -0.170995
v 25.9584 -90.2139 966.478
vn -0.884308 0.42852 -0.185394
v 26.5796 -89.1088 965.77
vn -0.861273 0.475074 -0.180314
v 25.329 -89.6624 969.92
vn -0.72161 0.688733 0.0701814
v 25.149 -92.5636 986.162
vn -0.154335 -0.987978 -0.00898687
v 25.0898 -101.629 1033.92
vn -0.845812 0.511472 -0.151655
v 26.534 -88.3855 967.423
vn -0.87177 0.468511 -0.143231
v 26.221 -88.3929 970.16
vn -0.910493 0.38892 -0.140514
v 26.1727 -87.6646 971.204
vn -0.721009 0.680156 0.132414
v 25.2232 -88.941 976.144
vn -0.823456 0.561312 0.0827609
v 25.5189 -88.1104 975.078
vn -0.60791 0.74645 0.270662
v 25.3899 -89.1462 977.392
vn -0.499726 0.79508 0.343689
v 24.5168 -90.6932 981.001
vn -0.579238 0.765563 0.279994
v 25.9748 -90.0079 980.536
vn -0.503233 0.788538 0.353503
v 25.1395 -91.5727 982.987
vn -0.757262 0.650303 -0.0604967
v 25.1446 -92.146 988.98
vn -0.574407 0.818562 0.00372249
v 24.2923 -92.8484 994.633
vn -0.184385 0.972728 0.140719
v 24.8728 -92.623 994.682
vn 0.0182886 0.981003 0.193131
v 26.0817 -92.5649 994.405
vn -0.180865 0.981481 0.0631117
v 25.0828 -93.0456 998.877
vn -0.340734 0.936826 0.0790993
v 24.6139 -93.6571 1006.08
vn -0.28535 0.923386 0.256776
v 23.6446 -94.5352 1010.78
vn -0.625165 0.767753 0.140438
v 24.2228 -95.0587 1013.13
vn -0.685083 0.721132 -0.103104
v 23.8761 -95.3686 1015.51
vn 0.721194 -0.558655 0.409614
v 23.7583 -100.581 1042.62
vn 0.34319 -0.895361 0.283811
v 24.0797 -100.187 1042.69
vn 0.693332 -0.637879 0.335262
v 24.5008 -100.825 1040.76
vn -0.882513 0.465964 -0.0636263
v 24.9669 -93.4946 1008.55
vn -0.816591 0.571497 0.0810581
v 24.7611 -94.0906 1011.79
vn -0.984525 0.136025 -0.110487
v 25.1236 -92.3637 1010.89
vn -0.957577 0.2696 -0.101795
v 24.6378 -94.4691 1013.86
vn -0.909314 0.349084 -0.226469
v 24.0009 -94.5118 1017.19
vn 0.72608 -0.551758 0.410331
v 23.4009 -100.178 1043.6
vn 0.375254 -0.920335 0.11031
v 23.6967 -99.9343 1044.56
vn -0.318829 -0.947807 0.00311786
v 23.0202 -99.666 1046.12
vn -0.308751 -0.948493 0.0709566
v 22.9992 -99.8382 1047.31
vn -0.343591 -0.934458 -0.093454
v 23.3392 -99.845 1046.1
vn -0.379945 -0.913285 -0.146808
v 23.3245 -99.9851 1046.99
vn 0.819742 -0.425937 0.382885
v 23.2667 -99.687 1047.95
vn 0.811733 -0.380588 0.442992
v 23.3841 -99.1333 1048.05
vn -0.183302 -0.979766 -0.0803698
v 23.6389 -99.9252 1046.39
vn 0.744737 -0.607411 0.27644
v 23.579 -99.6011 1047.35
vn 0.5493 -0.80476 0.225013
v 23.9424 -99.7551 1045.82
vn 0.652618 -0.647308 0.393804
v 24.1684 -99.1824 1046.53
vn 0.196571 -0.944692 0.26252
v 24.0654 -98.618 1048.16
vn -0.895447 0.424638 -0.13363
v 25.7009 -91.0005 1008.7
vn -0.976945 0.159203 -0.142241
v 24.5929 -92.2392 1013.34
vn -0.903625 0.417305 -0.0965298
v 24.9312 -91.2308 1014.74
vn -0.955748 0.263857 -0.130097
v 24.0198 -92.8872 1018.4
vn -0.881765 0.429152 -0.195752
v 23.5462 -93.7538 1021.29
vn -0.976292 0.115386 -0.18314
v 23.8905 -92.9172 1020.22
vn -0.961083 0.144857 -0.235236
v 23.3431 -91.9041 1022.83
vn -0.0645488 -0.984273 0.164438
v 23.3822 -98.2808 1049.73
vn 0.323253 -0.907611 0.26786
v 23.9862 -98.2943 1049.74
vn 0.0499325 -0.977337 0.205714
v 23.006 -98.0973 1051.59
vn 0.544886 -0.733738 0.405867
v 24.1323 -97.3915 1052.03
vn 0.448121 -0.762331 0.466947
v 24.7293 -97.1801 1051.59
vn -0.930368 0.311107 -0.19398
v 24.1031 -90.96 1019.66
vn 0.318989 -0.845489 0.428246
v 24.6642 -96.6808 1052.19
vn 0.225202 -0.936295 0.26951
v 23.3316 -96.2458 1054.97
vn 0.325307 -0.898049 0.296115
v 23.8034 -95.4327 1056.75
vn -0.379225 0.925184 -0.0149225
v 24.1812 -87.3254 1039.82
vn 0.309733 -0.95011 0.0368432
v 22.7126 -93.4257 1066.44
vn 0.482715 -0.875048 0.0357465
v 23.5395 -92.7385 1066.88
vn 0.268139 -0.961087 -0.0664378
v 23.7881 -92.6856 1068.42
vn -0.284278 -0.955779 -0.0753201
v 21.7026 -93.5044 1070.07
vn -0.425001 -0.901023 -0.0867856
v 22.0184 -93.6513 1070.05
vn 0.437156 -0.896827 -0.067785
v 22.9245 -93.2878 1068.91
vn -0.259866 -0.958458 -0.11759
v 21.9312 -93.7295 1073.08
vn 0.104797 -0.98544 -0.133887
v 22.8222 -93.6946 1073.4
vn -0.349906 0.934049 -0.0715348
v 23.1746 -87.5351 1043.73
vn -0.107798 0.991635 0.0709935
v 22.1845 -87.816 1047.32
vn -0.420644 0.905046 -0.0628521
v 23.2769 -87.3446 1049.55
vn -0.61253 0.78232 -0.113058
v 23.8349 -86.9883 1049.93
vn 0.540362 -0.839238 0.0607322
v 21.7652 -93.8978 1088.59
vn -0.622696 0.764559 -0.16643
v 21.6006 -87.8523 1057.67
vn 0.715321 -0.648868 0.259397
v 22.5554 -93.0314 1089.67
vn 0.70938 -0.589798 0.385899
v 21.1857 -92.8926 1092.72
vn -0.884228 0.417844 -0.208681
v 21.0188 -83.5983 1067.87
vn -0.990094 0.0304335 0.137068
v 20.7161 -84.8506 1076.48
vn 0.849741 -0.244215 0.467225
v 21.7893 -89.9338 1095.36
vn 0.819606 -0.371715 0.435974
v 22.0001 -89.0254 1095.56
vn 0.875654 -0.24102 0.418497
v 22.5819 -88.5198 1094.73
vn 0.886427 0.0978409 0.45241
v 20.447 -89.2674 1097.76
vn 0.877934 -0.204865 0.432738
v 20.4186 -88.9661 1097.77
vn -0.914422 0.343662 -0.213842
v 22.8507 -81.245 1062.53
vn -0.850208 0.490882 -0.190215
v 21.0332 -81.8348 1070.01
vn -0.935837 -0.166911 -0.310403
v 20.6785 -84.4705 1077.77
vn 0.683125 0.459269 0.567813
v 21.7467 -84.3557 1089.78
vn 0.568848 0.746995 0.344108
v 22.4065 -85.0056 1089.89
vn 0.441127 0.89395 0.0791226
v 20.9865 -85.2496 1094.39
vn 0.652272 0.729807 0.204749
v 22.3935 -86.0302 1093.36
vn 0.899042 -0.0940006 0.427653
v 21.9879 -87.0597 1096.52
vn 0.784447 -0.118464 0.608776
v 20.7639 -86.1094 1099.11
vn -0.434519 0.892869 -0.118227
v 21.406 -79.4806 1075.93
vn 0.370224 0.635991 0.677089
v 22.3008 -82.9658 1087.2
vn 0.611056 0.444812 0.654792
v 22.4107 -82.672 1087.56
vn 0.573215 0.618176 0.537851
v 22.2455 -82.5004 1087.59
vn 0.0727939 -0.267615 0.960772
v 20.1691 -83.5876 1089.75
vn 0.0727939 -0.267615 0.960772
v 20.2621 -82.9943 1089.91
vn 0.789212 -0.24843 0.561629
v 20.4415 -83.2312 1089.62
vn 0.82599 0.110524 0.552743
v 20.4054 -82.6318 1089.67
vn 0.349691 0.796571 0.493144
v 21.0272 -83.2544 1088.35
vn 0.703593 0.325099 0.631876
v 21.1283 -82.7041 1088.76
vn 0.663741 0.52111 0.536556
v 21.0974 -81.9562 1087.98
vn 0.347391 0.834157 0.428372
v 21.4128 -83.706 1088.89
vn 0.545908 -0.751379 0.370694
v 21.7516 -82.838 1088.13
vn 0.582915 0.460657 0.669332
v 21.865 -82.4784 1087.89
vn 0.232113 0.864624 0.445587
v 22.3243 -83.3977 1087.74
vn 0.487972 0.775631 0.400349
v 20.186 -84.2579 1091.21
vn 0.586523 0.809043 0.0379532
v 20.0304 -85.1839 1098.96
vn -0.587961 0.802421 -0.102087
v 21.0669 -79.4907 1077.75
vn -0.790747 0.543182 -0.282263
v 21.0008 -79.0909 1078.68
vn -0.179507 0.973415 0.14227
v 20.1384 -79.7232 1079.22
vn -0.146511 0.984583 0.0955545
v 20.4415 -79.5485 1078.64
vn -0.692093 0.693396 -0.200521
v 20.3839 -79.4452 1080.18
vn -0.764232 0.570891 -0.300055
v 20.7491 -79.6126 1078.64
vn -0.17099 0.940272 -0.294367
v 20.9783 -78.9762 1079.06
vn -0.0255479 0.951594 0.306294
v 21.2733 -79.2977 1080.22
vn -0.200272 0.969499 0.141291
v 21.5714 -79.4584 1080.81
vn -0.19803 0.97548 -0.0960408
v 22.1796 -78.8401 1078.8
vn -0.149632 0.967773 0.202546
v 20.0774 -79.8749 1081.63
vn -0.153806 0.980212 0.12461
v 21.5229 -79.447 1082.33
vn 0.203106 0.817598 0.538777
v 20.0163 -80.5068 1085.48
vn -0.201428 0.978566 0.0428347
v 20.0126 -79.8911 1083.76
vn 0.643385 0.517168 0.56444
v 20.3065 -80.1046 1084.64
vn -0.921605 0.195381 0.335365
v 20.1823 -80.784 1086.04
vn -0.993558 0.110263 -0.0261812
v 20.2563 -80.5329 1086.39
vn 0.691338 0.535568 0.484993
v 20.8037 -80.6918 1087.59
vn -0.96203 0.00673705 -0.272861
v 19.9318 -80.7093 1088.79
vn -0.894898 -0.332604 -0.297543
v 32.2627 -107.156 920.561
vn -0.966406 0.0316633 -0.255061
v 32.2562 -109.026 929.37
vn -0.938108 -0.291087 -0.187674
v 31.861 -109.081 931.183
vn -0.742206 -0.655736 -0.13835
v 32.1077 -110.787 935.758
vn -0.863773 -0.459068 -0.207734
v 31.3325 -105.288 921.796
vn -0.915889 -0.382647 -0.121365
v 31.5049 -107.262 924.189
vn -0.973686 -0.209762 -0.0890847
v 31.2226 -106.12 926.218
vn -0.736341 -0.668078 -0.107114
v 31.181 -107.818 932.314
vn -0.898947 -0.370454 -0.23379
v 30.8713 -109.227 936.629
vn -0.711612 -0.540856 -0.448422
v 32.0955 -103.819 917.193
vn -0.811463 -0.374384 -0.448736
v 31.9869 -103.48 916.948
vn -0.817445 0.36981 -0.441617
v 31.9011 -102.895 917.051
vn -0.941585 -0.123564 -0.313287
v 30.4053 -102.773 920.709
vn -0.842095 0.388742 -0.373839
v 30.7722 -102.337 920.183
vn -0.706937 -0.70333 -0.0746206
v 29.5644 -104.846 928.86
vn -0.891427 -0.440384 -0.106866
v 30.1191 -106.173 936.251
vn -0.306195 -0.950831 0.0465336
v 29.2456 -110.479 955.889
vn -0.538919 -0.841035 -0.0471875
v 30.1347 -111.101 958.229
vn -0.621388 -0.782254 -0.0442167
v 29.4129 -110.66 960.735
vn -0.515304 -0.856838 -0.0170652
v 30.1043 -111.177 959.434
vn -0.294061 -0.955744 0.00897616
v 31.0168 -111.603 960.438
vn -0.558002 -0.82332 -0.103816
v 29.6556 -111.029 963.721
vn -0.159552 -0.986795 0.0279216
v 30.6052 -111.494 963.651
vn -0.925518 0.225342 -0.304363
v 29.984 -101.94 922.681
vn 0.135272 -0.978766 0.154006
v 28.8535 -110.737 969.248
vn 0.062385 -0.989074 0.13357
v 29.0829 -110.392 970.532
vn -0.396501 -0.91775 -0.0228624
v 30.7765 -111.16 976.515
vn -0.887208 -0.281339 -0.365664
v 31.3207 -98.8655 919.897
vn -0.902056 0.126942 -0.412529
v 30.1327 -100.199 923.299
vn -0.399799 -0.914143 -0.0671052
v 29.2092 -110.951 987.503
vn -0.853211 0.399177 -0.33569
v 30.6732 -97.4077 921.673
vn -0.913875 0.214803 -0.344518
v 31.0395 -96.7279 921.495
vn -0.962129 -0.0879924 -0.258003
v 29.3439 -97.7039 924.329
vn -0.910526 0.307696 -0.276164
v 30.3741 -96.8601 923.595
vn -0.954302 -0.0973932 -0.282529
v 29.1615 -98.1774 925.171
vn -0.967405 -0.0546541 -0.247266
v 29.0462 -95.2392 927.524
vn 0.464011 -0.835616 0.294005
v 29.5287 -108.868 1000.07
vn 0.535997 -0.779319 0.324607
v 29.1349 -107.767 1003.31
vn -0.958881 0.024257 -0.282768
v 29.1116 -92.2662 928.057
vn 0.438085 -0.836706 0.328641
v 27.741 -107.695 1005.58
vn -0.874257 0.359184 -0.326592
v 29.6241 -90.6303 927.747
vn 0.597766 -0.752662 0.276
v 28.9939 -104.323 1013.37
vn -0.825153 0.455565 -0.334041
v 28.9725 -88.4236 933.924
vn -0.602492 0.788808 -0.121596
v 28.3235 -87.8392 937.372
vn -0.809185 0.514689 -0.283399
v 29.1712 -87.1233 937.055
vn -0.777306 0.610222 -0.15305
v 27.7494 -88.0502 939.764
vn 0.285665 -0.947842 0.141388
v 28.5616 -102.242 1021.06
vn 0.035204 -0.999036 0.0262077
v 27.7641 -102.093 1026.86
vn 0.413646 0.796018 0.441874
v 28.9553 -85.2895 948.201
vn 0.32831 0.804806 0.49447
v 28.0433 -85.5933 949.352
vn 0.255406 0.851464 0.458014
v 28.7055 -86.5853 950.403
vn 0.471372 0.731971 0.491962
v 28.9869 -85.8905 948.976
vn -0.305112 0.854584 0.420229
v 27.829 -87.5037 952.248
vn -0.401395 0.883706 0.24072
v 28.7056 -87.5988 953.27
vn -0.738801 0.673903 -0.00531757
v 29.248 -87.1318 953.971
vn -0.848753 0.528388 0.0205923
v 27.8496 -88.9052 955.767
vn 0.0642973 -0.993262 0.0964144
v 26.168 -101.858 1029.01
vn -0.159508 -0.986998 -0.0198243
v 27.3835 -102.156 1029.59
vn -0.28847 0.952665 0.0959883
v 29.2495 -84.5428 946.205
vn -0.0587279 0.954524 0.292292
v 28.0329 -85.2946 948.796
vn -0.886738 0.399903 -0.23189
v 27.9204 -86.9419 964.654
vn -0.600164 0.790151 0.124359
v 26.7604 -90.3476 985.363
vn -0.0526507 0.95934 0.277299
v 27.6296 -90.4782 986.876
vn 0.000705321 0.968947 0.247269
v 27.6263 -91.698 990.62
vn -0.239297 0.968728 0.0655898
v 26.6651 -92.6588 995.311
vn -0.594685 0.801052 -0.0683046
v 27.1511 -92.2452 997.831
vn 0.501684 -0.826661 0.254842
v 27.5793 -100.045 1036.37
vn -0.886052 0.411852 -0.212811
v 28.1337 -85.5975 965.82
vn -0.605142 0.789549 -0.10206
v 27.6751 -85.346 970.117
vn -0.644487 0.756543 0.110809
v 27.3194 -85.661 972.799
vn -0.537493 0.756884 0.371791
v 28.4679 -86.9171 978.382
vn -0.449189 0.834989 0.317841
v 27.3556 -88.3441 979.634
vn -0.758418 0.622937 -0.191708
v 26.7936 -90.8975 1003.55
vn 0.411461 -0.867661 0.279041
v 26.2377 -98.4882 1045.77
vn 0.523446 -0.801467 0.289232
v 26.7006 -97.6473 1047.76
vn 0.312143 -0.861989 0.399426
v 25.2961 -96.8478 1051.76
vn 0.219019 -0.928212 0.300754
v 25.2696 -96.7018 1052.17
vn -0.718136 0.681673 -0.140006
v 25.7557 -89.886 1016.25
vn 0.490701 -0.801655 0.341412
v 26.1653 -96.4257 1051.63
vn -0.730736 0.669404 -0.133878
v 25.509 -87.6804 1027.27
vn 0.543311 -0.796817 0.264377
v 24.7783 -93.7322 1059.1
vn -0.580673 0.813972 -0.0163903
v 25.822 -86.6652 1033.56
vn 0.516751 -0.837284 0.178672
v 24.8786 -92.6366 1062.29
vn 0.240732 -0.968355 0.0658584
v 25.4416 -92.3509 1062.72
vn -0.35271 0.935074 0.0351073
v 25.9536 -86.7732 1039.33
vn -0.444329 0.893045 -0.0710083
v 25.5464 -87.1434 1043.83
vn 0.460916 -0.88739 -0.00980068
v 25.1719 -92.6919 1072.4
vn 0.857656 -0.373682 0.353253
v 24.9404 -89.8724 1088.14
vn -0.904139 0.337327 -0.262188
v 24.0958 -82.4016 1055.94
vn -0.866762 0.440355 -0.234116
v 25.2894 -79.1677 1057.35
vn -0.820534 0.545539 -0.170619
v 23.3731 -79.9285 1063.07
vn 0.710205 0.16409 0.684605
v 23.8296 -84.6171 1087.23
vn 0.485696 0.634176 0.601598
v 24.166 -83.3571 1086.55
vn 0.736104 0.408542 0.539671
v 25.1586 -85.5756 1086.47
vn 0.694932 0.123119 0.708457
v 23.2964 -84.1662 1087.85
vn 0.560533 0.615497 0.554046
v 22.8714 -82.4477 1086.69
vn 0.603804 0.634965 0.481914
v 22.8624 -82.0711 1086.15
vn -0.6579 0.735485 -0.161952
v 22.576 -78.6738 1075.48
vn -0.155091 0.981884 0.10886
v 24.6104 -78.3725 1076.78
vn 0.0566525 0.961616 0.268485
v 22.4911 -79.0398 1079.07
vn 0.107641 0.958731 0.263151
v 22.7196 -79.2649 1082.08
vn -0.806255 -0.557172 -0.198777
v 34.6923 -111.574 924.378
vn -0.495243 -0.866959 -0.0558162
v 33.9469 -111.896 934.977
vn -0.733349 -0.56639 -0.376034
v 34.3121 -106.064 915.546
vn -0.727118 -0.614422 -0.306245
v 34.2506 -107.878 917.108
vn -0.857604 -0.222924 -0.463487
v 34.3997 -107.262 916.306
vn -0.816095 -0.450113 -0.362473
v 32.7812 -107.544 919.585
vn -0.42347 -0.890653 -0.165561
v 34.1357 -108.413 918.535
vn -0.676904 -0.719047 -0.157395
v 32.5648 -107.774 920.76
vn -0.311678 -0.950138 0.00970459
v 33.7264 -108.28 921.6
vn -0.643159 -0.753198 -0.137982
v 34.3581 -108.575 921.557
vn -0.265878 -0.963987 -0.00612304
v 32.7695 -108.03 922.546
vn -0.309554 -0.950773 -0.0143526
v 33.3553 -108.053 923.16
vn -0.720447 -0.663935 -0.200365
v 33.6045 -108.254 924.042
vn -0.337518 -0.938542 -0.0722468
v 32.6696 -108.047 925.805
vn -0.938104 -0.195463 -0.285928
v 33.2943 -108.947 926.047
vn -0.50471 -0.850023 -0.150761
v 33.0003 -108.085 924.977
vn -0.80323 -0.544706 -0.241074
v 33.3389 -108.488 925.215
vn -0.931265 -0.276177 -0.237639
v 32.5228 -109.438 928.386
vn -0.796977 -0.478114 -0.369099
v 33.8072 -105.423 915.103
vn -0.886371 0.00840804 -0.4629
v 33.7036 -105.136 915.152
vn -0.866984 0.126993 -0.481882
v 33.7302 -104.592 915.555
vn -0.748676 -0.423618 -0.509933
v 34.4458 -103.967 914.153
vn -0.781181 0.0253955 -0.623788
v 34.8369 -105.309 913.309
vn -0.787622 0.292349 -0.542387
v 34.6451 -105.083 913.652
vn -0.831257 -0.289835 -0.474349
v 32.8167 -104.642 917.057
vn -0.91785 -0.112361 -0.380693
v 33.4851 -105.261 915.736
vn -0.814217 -0.478315 -0.329037
v 32.4387 -105.638 919.006
vn -0.870953 -0.295488 -0.392592
v 33.0335 -106.42 918.57
vn -0.878164 -0.420978 -0.22717
v 32.3566 -108.371 929.184
vn -0.158257 -0.987182 0.0206305
v 32.8854 -111.69 958.773
vn -0.716712 0.555848 -0.421138
v 32.2954 -102.073 917.814
vn -0.262905 -0.96405 0.0385731
v 31.3889 -111.429 967.332
vn -0.815522 -0.270135 -0.511811
v 33.5621 -98.8133 915.672
vn -0.804245 -0.385278 -0.452494
v 32.4875 -99.3326 918.002
vn -0.127731 -0.991762 0.00964333
v 31.963 -111.742 978.867
vn -0.276453 -0.958769 -0.0658486
v 31.238 -111.655 982.529
vn 0.141652 -0.989392 -0.0322068
v 31.8706 -111.671 981.621
vn -0.187196 -0.977753 -0.0946429
v 31.8318 -111.855 983.417
vn 0.35692 -0.931671 0.0678098
v 32.6914 -111.404 983.51
vn -0.398262 -0.913054 -0.087862
v 31.1746 -111.878 985.232
vn 0.402143 -0.897676 0.180161
v 32.0148 -111.457 986.033
vn -0.823316 0.0018228 -0.56758
v 32.828 -98.1487 916.695
vn -0.895355 0.0481652 -0.442741
v 32.9266 -96.9003 916.615
vn -0.87967 0.0929757 -0.466408
v 33.5592 -96.5794 915.158
vn -0.888448 -0.127155 -0.441013
v 31.8689 -98.4999 918.142
vn -0.804223 0.414125 -0.426293
v 33.3475 -95.8395 916.045
vn -0.913351 0.157713 -0.375389
v 32.3002 -96.2782 917.936
vn -0.87192 0.293455 -0.391969
v 32.557 -94.6315 919.149
vn -0.836163 0.266625 -0.479315
v 33.3599 -93.4841 918.303
vn -0.878068 0.152222 -0.45368
v 32.2914 -92.4447 920.478
vn 0.485186 -0.828863 0.278533
v 31.4398 -107.048 1001.04
vn 0.536995 -0.804217 0.254699
v 31.6455 -106.558 1002.65
vn 0.848659 -0.435082 0.300801
v 31.957 -105.969 1003.37
vn 0.932542 -0.213501 0.291174
v 31.9971 -105.372 1003.48
vn 0.796011 -0.523901 0.303141
v 31.297 -104.191 1006.79
vn 0.114053 -0.984647 0.132145
v 31.5024 -103.68 1008.34
vn 0.903019 -0.315592 0.291477
v 30.4722 -104.433 1009.41
vn 0.648221 -0.724562 0.234135
v 30.1862 -103.588 1011.39
vn 0.580213 -0.784455 0.219051
v 30.3772 -102.974 1013.33
vn 0.560543 -0.786968 0.257824
v 29.096 -103.068 1016.04
vn 0.0130787 -0.989848 0.14153
v 30.8481 -102.695 1016.74
vn -0.764403 0.596716 -0.244169
v 30.1928 -87.2111 933.549
vn 0.354535 -0.932065 0.0745685
v 30.7396 -101.23 1025.54
vn 0.217871 -0.97577 -0.0201419
v 28.9688 -102.088 1026.88
vn 0.392717 -0.909944 0.133327
v 28.9376 -102.157 1028.09
vn -0.884436 0.377975 -0.273692
v 31.6798 -84.0711 935.047
vn -0.710303 0.679674 -0.183065
v 31.5956 -83.6071 935.835
vn -0.382911 0.923778 0.00371859
v 31.183 -83.6021 939.391
vn 0.50469 0.742302 0.440767
v 29.9102 -85.6152 947.546
vn 0.428034 0.793918 0.431834
v 30.2303 -85.8251 947.572
vn 0.40763 0.804377 0.432222
v 30.1832 -84.8455 946.164
vn -0.723125 0.667188 0.178745
v 31.0432 -85.1461 947.647
vn -0.493693 0.829784 0.260243
v 31.064 -84.6108 946.219
vn -0.65496 0.749365 0.0973641
v 30.5078 -85.9503 948.714
vn 0.33839 -0.927819 0.156982
v 30.6954 -101.166 1026.77
vn -0.253238 0.958263 0.132678
v 31.4059 -83.6733 942.125
vn -0.392882 0.909419 0.136387
v 31.7074 -83.5789 941.841
vn -0.473815 0.871387 0.127219
v 31.6946 -83.7375 942.727
vn -0.633065 0.774028 -0.0105204
v 31.0337 -84.7122 957.173
vn -0.742207 0.648935 -0.167366
v 29.1274 -85.6088 962.986
vn -0.189863 0.950954 0.244212
v 28.826 -91.6423 990.648
vn -0.532543 0.846244 0.0163733
v 29.4137 -91.4185 990.696
vn -0.469118 0.880247 -0.0713674
v 31.1837 -84.7169 962.051
vn -0.443133 0.878155 -0.180212
v 30.6349 -83.9363 967.669
vn -0.432471 0.809631 0.39682
v 30.5582 -87.5937 981.034
vn -0.460474 0.887467 -0.0191041
v 30.2353 -83.8057 970.43
vn -0.614742 0.759272 -0.213537
v 28.8415 -89.4352 1002.93
vn 0.685299 -0.654018 0.320353
v 29.5521 -95.6199 1046.94
vn 0.613318 -0.738759 0.279423
v 29.1085 -92.8455 1052.92
vn 0.422903 -0.882542 0.205601
v 27.7882 -92.6395 1055.99
vn 0.296096 -0.952432 0.0721138
v 27.3213 -92.2103 1060.02
vn -0.874003 0.480872 -0.0698584
v 28.6258 -83.2842 1030.24
vn -0.665679 0.74615 -0.0114903
v 26.7783 -86.4503 1040.92
vn 0.847763 -0.468931 0.247796
v 27.6312 -89.5702 1080.92
vn 0.94514 -0.242566 0.218794
v 28.1522 -89.2401 1079.46
vn -0.983146 -0.174347 0.0550263
v 28.1988 -79.415 1037.94
vn -0.854253 0.417832 -0.309302
v 26.3164 -82.0367 1049.94
vn 0.948807 -0.0855595 0.304049
v 27.5303 -88.8193 1081.92
vn -0.971788 0.18142 -0.150713
v 28.1308 -79.18 1048.65
vn -0.877928 0.384958 -0.284694
v 27.6475 -79.4871 1050.11
vn 0.926414 0.0391192 0.374468
v 27.1505 -85.0441 1082.86
vn 0.701212 0.602928 0.3805
v 25.8765 -86.7481 1086.58
vn 0.919769 -0.168311 0.354536
v 25.7044 -88.1606 1087.54
vn -0.667153 0.703182 -0.245848
v 27.1032 -78.1018 1054.01
vn -0.730505 0.631722 -0.259402
v 26.2006 -78.1919 1055.8
vn -0.40542 0.89983 -0.161062
v 26.7178 -77.8264 1055.88
vn -0.63149 0.758494 -0.160959
v 27.0087 -77.72 1055.9
vn 0.625802 0.477591 0.616667
v 25.1383 -83.6924 1086.2
vn 0.770177 0.0472959 0.636074
v 25.7754 -84.1319 1085.58
vn 0.823712 0.353669 0.44319
v 25.8659 -83.7642 1085.28
vn -0.736931 0.663187 -0.130828
v 25.7641 -77.9946 1057.97
vn -0.374224 0.927023 -0.0241898
v 26.0272 -77.7375 1058.32
vn -0.393189 0.916892 -0.068638
v 26.4639 -77.697 1058.34
vn -0.742984 0.663765 -0.0859713
v 25.7131 -77.9983 1059.62
vn -0.595211 0.798005 -0.0944013
v 26.442 -76.8543 1061.84
vn -0.792722 0.51716 -0.322704
v 26.8253 -76.6506 1068.28
vn 0.576306 0.706266 0.411169
v 27.1259 -78.6005 1075.86
vn -0.834863 -0.481858 -0.266113
v 35.8012 -111.784 921.003
vn -0.662515 -0.721962 -0.199609
v 36.5878 -112.672 920.246
vn -0.233093 -0.96932 -0.078013
v 37.4729 -113.008 920.199
vn -0.375414 -0.924625 -0.0642954
v 37.3957 -113.047 924.458
vn -0.687245 -0.588439 -0.425951
v 36.7637 -108.289 912.194
vn -0.833472 0.0611753 -0.549165
v 37.2129 -107.444 911.133
vn 0.244418 -0.969657 -0.00500356
v 37.3559 -108.59 912.454
vn 0.118834 -0.992895 0.00618444
v 37.3222 -108.537 913.377
vn -0.323775 -0.944084 -0.0622555
v 35.1233 -108.589 916.384
vn -0.383792 -0.920761 -0.0700146
v 35.0851 -108.49 917.315
vn -0.132986 -0.990483 -0.0354617
v 35.6995 -108.609 917.303
vn -0.936849 -0.115595 -0.330078
v 35.4282 -109.375 919.296
vn -0.875228 -0.277681 -0.396067
v 36.1466 -109.639 917.735
vn -0.874365 -0.325916 -0.359535
v 35.2166 -110.145 920.069
vn -0.929949 -0.241419 -0.277329
v 35.0836 -109.32 920.52
vn -0.425607 -0.904896 0.00465288
v 36.4426 -113.342 936.583
vn -0.538579 -0.66642 -0.515574
v 35.621 -105.777 912.932
vn -0.715002 -0.22281 -0.662667
v 35.7604 -105.363 912.398
vn -0.704549 -0.48901 -0.514277
v 35.8981 -106.079 913.062
vn -0.688669 -0.427633 -0.585546
v 36.3484 -105.5 911.773
vn -0.846906 -0.02138 -0.531313
v 36.9739 -106.978 911.822
vn -0.516475 -0.740117 -0.430675
v 34.9439 -105.608 913.257
vn -0.682942 -0.567709 -0.459671
v 35.5898 -106.226 913.718
vn -0.233135 -0.97103 -0.0524212
v 35.0567 -108.587 918.517
vn -0.306125 -0.94975 -0.0652877
v 35.3887 -108.733 919.105
vn -0.72907 -0.325836 -0.601904
v 36.9599 -104.343 910.77
vn -0.71437 -0.447858 -0.537679
v 36.6415 -103.32 910.003
vn -0.791156 0.262911 -0.552223
v 35.0314 -102.953 912.213
vn -0.768037 0.158398 -0.620507
v 35.7259 -104.772 912.504
vn -0.82125 0.0577594 -0.567637
v 34.8345 -104.472 913.764
vn -0.156198 -0.986825 0.0421687
v 36.3007 -112.525 958.063
vn -0.697951 0.551353 -0.457027
v 35.3019 -102.621 912.22
vn -0.824931 0.137416 -0.548275
v 35.4106 -101.066 913.772
vn -0.00111576 -0.997489 0.0708122
v 36.2249 -112.299 967.247
vn -0.735795 -0.467104 -0.490326
v 36.7325 -98.919 911.127
vn -0.784276 -0.305855 -0.539781
v 35.7937 -99.67 913.113
vn -0.732141 0.446666 -0.514256
v 34.6339 -95.9432 913.763
vn 0.459311 -0.846192 0.270172
v 32.9601 -110.131 990.447
vn -0.84606 0.0186745 -0.532761
v 35.4363 -92.6875 914.967
vn 0.557109 -0.76778 0.316454
v 33.2408 -106.301 999.054
vn 0.340966 -0.895234 0.286877
v 33.8234 -106.196 998.784
vn 0.143195 -0.960862 0.23715
v 34.1035 -105.974 999.412
vn -0.11746 -0.960717 0.251449
v 33.0582 -105.3 1001.93
vn 0.29515 -0.92119 0.253567
v 34.0022 -105.53 1001.34
vn -0.126518 -0.96746 0.21912
v 33.273 -105.002 1003.83
vn 0.0936842 -0.974492 0.203935
v 31.8627 -103.797 1006.8
vn -0.338213 -0.929976 0.144073
v 32.178 -103.939 1006.78
vn 0.089881 -0.975088 0.202792
v 33.0764 -104.077 1007.38
vn 0.464862 -0.850185 0.247161
v 33.328 -103.764 1008.05
vn -0.203877 -0.97565 0.0808722
v 31.7954 -103.692 1008.65
vn 0.32153 -0.927528 0.190551
v 31.3097 -102.034 1019.3
vn 0.0917817 -0.993445 0.0681411
v 31.3619 -101.14 1024.65
vn 0.0488439 -0.995061 0.0864188
v 32.6042 -101.286 1023.9
vn -0.914408 0.285643 -0.286819
v 34.721 -82.7564 925.878
vn -0.893867 0.421227 -0.153522
v 33.0493 -82.6688 931.356
vn -0.739137 0.672726 -0.0334014
v 32.7746 -82.6341 933.796
vn 0.170588 -0.97289 0.156154
v 32.1993 -101.044 1026.5
vn 0.411328 -0.872991 0.262099
v 32.7949 -100.876 1026.24
vn -0.771418 0.629719 -0.0914798
v 34.3834 -80.3632 931.178
vn -0.870568 0.49184 0.0142761
v 33.6164 -81.4998 933.707
vn -0.852668 0.522312 0.0121789
v 34.1399 -80.2645 933.935
vn -0.788082 0.614374 0.0383603
v 34.0334 -81.2737 937.715
vn -0.516223 0.855742 0.0349174
v 32.029 -83.2066 940.084
vn -0.822034 0.568434 0.0338248
v 32.6379 -83.2179 948.015
vn -0.866385 0.499266 0.0104735
v 33.1457 -82.7348 949.023
vn -0.59639 0.797848 -0.0880781
v 31.7042 -89.8858 989.785
vn 0.438787 -0.860696 0.258202
v 31.107 -98.7657 1035.43
vn 0.755966 -0.57977 0.303944
v 31.6246 -98.0947 1036.17
vn -0.71143 0.698939 0.0731592
v 33.8443 -81.0876 943.232
vn -0.893511 0.448778 0.0153867
v 33.4549 -81.9553 948.253
vn -0.924576 0.376597 -0.0577381
v 33.571 -81.6479 948.31
vn -0.878994 0.460175 -0.124932
v 33.7518 -81.4738 947.429
vn -0.959286 0.281851 0.0181738
v 33.1201 -82.0584 955.545
vn -0.846225 0.532208 0.0256629
v 32.7219 -83.2069 956.553
vn -0.694929 0.71842 0.0307641
v 32.6224 -83.738 961.333
vn -0.468384 0.874515 -0.125857
v 31.3693 -84.3126 964.565
vn -0.5675 0.806357 -0.166528
v 32.2135 -83.8987 965.261
vn -0.476634 0.854956 -0.20462
v 31.5127 -83.5752 967.442
vn -0.702831 0.635839 0.318963
v 32.5655 -86.945 982.399
vn -0.779111 0.614798 0.122516
v 32.3022 -89.4537 988.652
vn -0.932328 0.360081 0.0332482
v 32.8719 -87.9897 987.093
vn -0.747921 0.652711 -0.120756
v 32.7161 -88.6922 992.451
vn -0.918462 0.394762 0.0242921
v 33.4274 -80.6333 954.585
vn -0.560442 0.811713 -0.164399
v 32.3926 -83.1383 966.923
vn -0.486085 0.854284 0.184176
v 31.3316 -84.0488 974.67
vn -0.784744 0.584071 -0.207458
v 31.9116 -86.1639 1003.86
vn 0.769743 -0.581521 0.263304
v 31.2877 -93.233 1046.79
vn 0.468193 -0.866736 0.171943
v 29.2625 -92.1196 1055.49
vn -0.880251 0.448579 -0.154711
v 30.214 -84.387 1013.61
vn -0.673849 0.703785 -0.224976
v 30.5525 -83.3262 1014.72
vn -0.918568 0.364247 -0.153486
v 29.8653 -83.2521 1020.82
vn -0.880998 0.449815 -0.146657
v 30.2194 -80.8292 1024.61
vn -0.492878 0.829499 -0.262685
v 31.1358 -79.3047 1024.89
vn -0.770523 0.591003 -0.238768
v 29.9809 -81.2005 1024.84
vn -0.973102 0.224952 -0.049687
v 29.4381 -80.7459 1028.88
vn -0.964257 0.264432 -0.0168581
v 29.5855 -80.0175 1028.4
vn -0.853399 0.470535 -0.22429
v 28.9784 -83.0437 1041.57
vn 0.909018 -0.384043 0.161857
v 30.3761 -88.0356 1068.73
vn 0.7487 -0.648627 0.136865
v 29.4669 -89.5166 1069.68
vn 0.788387 -0.601269 0.130083
v 28.4016 -89.9386 1076.63
vn -0.910935 0.398795 -0.105639
v 29.7026 -79.8493 1030.87
vn -0.751218 0.623061 -0.21787
v 30.807 -77.583 1032.51
vn -0.823359 0.517952 -0.23196
v 30.1042 -77.8368 1034.28
vn -0.944338 0.224441 -0.240526
v 28.5769 -80.5516 1046.27
vn 0.955089 -0.115889 0.272717
v 28.7878 -85.5503 1078
vn -0.79853 0.504807 -0.327903
v 30.604 -76.1019 1036.13
vn -0.894907 0.367573 -0.253045
v 28.8288 -76.0854 1040.98
vn -0.90842 0.315455 -0.274337
v 28.9474 -75.018 1041.17
vn -0.998139 -0.0507246 0.0338404
v 28.2801 -78.0139 1047.33
vn -0.954061 0.297173 0.0381424
v 28.6253 -77.1029 1050.55
vn -0.991872 -0.111118 0.0619825
v 28.9331 -74.6357 1042.46
vn -0.618208 0.688892 -0.378478
v 30.0691 -73.2829 1041.2
vn -0.701369 0.595942 -0.391067
v 28.6477 -74.9192 1043.32
vn -0.36075 0.767467 -0.529956
v 28.1187 -73.376 1046.03
vn -0.542937 0.689799 -0.478954
v 28.7422 -73.4928 1045.71
vn -0.957279 -0.0766563 0.278819
v 28.4536 -74.8046 1050.04
vn -0.74484 0.666654 0.0280101
v 29.1498 -76.0496 1052.27
vn -0.891614 0.239263 0.384419
v 29.1854 -75.6447 1051.73
vn -0.859247 -0.0933685 0.502968
v 29.0074 -74.9686 1051.27
vn -0.734006 -0.0996253 0.671796
v 29.4486 -74.7302 1051.9
vn -0.678216 0.697552 0.23118
v 29.6317 -75.661 1052.65
vn -0.393553 0.917786 -0.0527644
v 29.5097 -75.7714 1056.9
vn -0.79687 0.478199 -0.369221
v 29.2438 -71.9833 1044.46
vn -0.276085 0.849264 -0.450031
v 29.834 -71.836 1044.43
vn -0.774543 0.516352 -0.365326
v 28.9816 -73.0788 1045.79
vn -0.977042 0.135811 -0.164148
v 28.8063 -71.8739 1047.52
vn -0.974414 -0.204585 0.0930691
v 28.7811 -71.2829 1047.63
vn -0.931559 -0.289588 0.219856
v 27.6776 -72.8478 1048.94
vn -0.950318 -0.222589 0.217602
v 28.118 -73.7359 1049.01
vn -0.877617 -0.263967 0.400138
v 28.8607 -73.5252 1051.68
vn -0.62364 -0.491542 0.607833
v 29.5733 -74.1777 1052.31
vn -0.290648 0.956512 0.0246876
v 27.8188 -76.0587 1063.65
vn -0.965761 -0.192624 0.173789
v 28.5699 -70.9533 1047.38
vn -0.996305 -0.0561389 0.0650029
v 28.6866 -70.468 1048.16
vn -0.803815 0.474871 -0.358301
v 28.7169 -70.1545 1048.14
vn -0.976493 -0.165474 0.138127
v 27.5346 -70.4396 1050.81
vn -0.51591 0.692492 -0.504274
v 27.8003 -71.0848 1049.42
vn -0.925895 -0.286276 0.246506
v 28.2731 -70.0578 1054.24
vn -0.300516 0.822853 -0.48229
v 28.7176 -68.4665 1050.88
vn -0.763719 0.519882 -0.382696
v 28.0692 -68.5707 1052.65
vn -0.844418 0.393252 -0.363747
v 28.6017 -68.1768 1052.45
vn -0.966746 0.15935 -0.200024
v 28.6273 -67.3368 1052.91
vn -0.984047 -0.0862441 0.155608
v 27.9639 -68.254 1054.26
vn -0.92427 -0.23108 0.303855
v 28.1279 -68.0125 1056.44
vn -0.876538 0.319507 -0.359994
v 28.9096 -66.6647 1052.73
vn -0.996599 -0.0390912 0.0725436
v 28.0567 -67.6699 1056.19
vn -0.922059 0.250137 -0.295361
v 28.2605 -65.9578 1055.28
vn -0.99723 0.0734061 -0.0120285
v 28.1058 -65.5361 1056.27
vn -0.968888 -0.0744113 0.236051
v 28.2444 -66.3264 1057.35
vn -0.975239 0.117258 -0.187509
v 28.1815 -64.4629 1056.16
vn -0.928172 0.154893 -0.338385
v 28.2641 -63.9855 1056.24
vn -0.985688 -0.168344 -0.00891722
v 27.8759 -63.3937 1057.87
vn -0.469284 0.86246 0.189563
v 28.2117 -59.4149 1059.5
vn -0.948459 -0.314791 -0.036509
v 26.6756 -60.8184 1061.66
vn -0.860107 0.242858 -0.448594
v 27.0507 -60.2247 1060.25
vn -0.358086 0.931994 -0.0562362
v 26.988 -60.5452 1062.02
vn -0.908184 0.391717 0.147513
v 26.9214 -60.6038 1062.32
vn -0.640511 0.759498 0.113617
v 27.0416 -60.4469 1061.43
vn -0.557773 0.824638 0.0941324
v 27.3402 -60.0333 1060.29
vn -0.814662 -0.484895 0.318124
v 26.9893 -60.9467 1062.56
vn -0.961016 0.135745 0.240878
v 27.0167 -60.6999 1062.91
vn -0.785036 -0.243851 0.569434
v 27.3058 -60.4812 1063.56
vn -0.786264 0.567679 0.243985
v 27.3739 -60.1782 1063.62
vn -0.325166 0.926185 -0.190913
v 28.104 -59.7665 1064.01
vn -0.700673 0.0758217 0.709442
v 28.1058 -59.9631 1064.54
vn -0.180906 -0.974486 -0.132851
v 38.8601 -112.788 915.382
vn -0.0907051 -0.993471 -0.0691911
v 39.1488 -112.853 915.984
vn -0.740844 -0.617205 -0.264968
v 40.0209 -114.169 920.943
vn -0.614591 -0.777786 -0.13163
v 39.3489 -114.814 925.085
vn -0.812085 -0.274328 -0.515036
v 38.8927 -109.976 912.533
vn -0.716626 -0.535414 -0.446966
v 39.1082 -110.253 912.486
vn -0.761566 -0.439651 -0.476155
v 38.7687 -111.624 914.848
vn -0.53334 -0.820589 -0.205384
v 39.6934 -113.447 920.458
vn -0.665593 -0.725354 -0.175636
v 38.1626 -113.643 925.887
vn -0.299886 -0.952654 0.0501831
v 38.9519 -114.709 927.841
vn -0.55851 -0.827379 -0.0592529
v 37.686 -113.968 929.174
vn -0.0922925 -0.989734 0.109128
v 38.871 -114.466 929.712
vn -0.30638 -0.951374 0.0319267
v 37.8876 -114.236 931.568
vn -0.0253132 -0.994732 0.0993388
v 38.969 -113.749 934.109
vn -0.72804 0.0125221 -0.68542
v 38.1594 -107.443 909.927
vn -0.730561 -0.0115308 -0.68275
v 39.4025 -106.821 908.838
vn -0.644915 -0.458926 -0.611123
v 37.7991 -107.878 910.454
vn -0.398428 -0.772943 -0.493775
v 37.9729 -108.158 910.711
vn 0.20395 -0.976258 -0.0729716
v 37.9478 -108.385 912.194
vn -0.783936 -0.40461 -0.470888
v 39.6214 -109.053 911.185
vn -0.884147 -0.103834 -0.455525
v 37.9227 -109.788 914.381
vn 0.067063 -0.997017 -0.0382151
v 37.605 -108.542 913.99
vn -0.883882 0.0699141 -0.462455
v 37.9522 -109.179 914.417
vn -0.040537 -0.993699 0.104494
v 37.7148 -113.734 935.617
vn -0.342137 -0.939371 -0.0229144
v 38.6921 -113.249 941.51
vn -0.634848 -0.552874 -0.539721
v 39.7987 -104.096 907.502
vn -0.767834 -0.093335 -0.633813
v 38.2872 -106.541 910.091
vn -0.349811 -0.936816 -0.00288104
v 36.8335 -113.045 952.187
vn -0.825403 -0.283223 -0.488358
v 37.7108 -103.261 908.536
vn -0.817956 -0.00360339 -0.57527
v 37.5558 -103.009 908.757
vn -0.59703 -0.645306 -0.476587
v 38.0263 -103.476 908.197
vn -0.77309 -0.0405809 -0.632997
v 37.8934 -103.225 908.24
vn -0.752143 0.317133 -0.577675
v 37.8596 -102.917 908.404
vn -0.482876 -0.755098 -0.443462
v 38.9595 -103.581 907.582
vn -0.685605 -0.316884 -0.655385
v 38.8278 -103.241 907.32
vn -0.727726 0.257547 -0.635677
v 39.1027 -102.854 907.017
vn -0.575687 -0.701979 -0.419297
v 37.8218 -103.652 909.077
vn -0.727295 -0.490598 -0.479953
v 37.5824 -103.332 908.864
vn -0.471819 -0.774113 -0.422063
v 38.2255 -103.731 908.764
vn -0.825846 -0.0915992 -0.556406
v 36.705 -97.4851 909.932
vn -0.756151 0.384718 -0.529366
v 36.4352 -94.6536 912.801
vn 0.495761 -0.817576 0.292902
v 35.1807 -106.586 995.686
vn 0.467206 -0.821407 0.327123
v 36.0238 -105.871 995.521
vn 0.446134 -0.822677 0.352373
v 36.4319 -106.475 993.895
vn -0.846133 0.195781 -0.49571
v 36.049 -90.5358 913.532
vn 0.0898453 -0.977862 0.18898
v 36.3593 -102.986 1005.19
vn 0.279678 -0.946731 0.159624
v 33.8399 -101.805 1014.81
vn -0.0927369 -0.993079 0.0720681
v 34.6785 -101.623 1016.38
vn -0.86801 0.364845 -0.336819
v 36.3495 -82.1676 921.74
vn -0.906493 0.243887 -0.344658
v 36.2361 -80.5469 922.893
vn 0.517635 -0.803038 0.29527
v 33.8421 -99.5588 1027.4
vn -0.873492 0.445076 -0.19728
v 35.1562 -80.0982 926.665
vn 0.901312 -0.210863 0.378383
v 34.5447 -96.87 1029.42
vn 0.898564 -0.219936 0.37975
v 33.7052 -97.9609 1031.65
vn -0.694092 0.719164 -0.0322263
v 36.3177 -78.2557 932.802
vn -0.718504 0.694465 0.0383542
v 35.3923 -78.9047 935.416
vn -0.307328 0.919667 0.244461
v 35.3688 -79.2447 937.184
vn -0.4758 0.821469 0.314328
v 35.6606 -78.9551 936.63
vn -0.335308 0.893167 0.299703
v 35.9643 -79.1361 937.212
vn -0.573925 0.813784 0.091461
v 35.9426 -78.2773 935.231
vn -0.434942 0.864384 0.252319
v 36.2284 -78.4081 936.127
vn -0.85485 0.518439 -0.0212662
v 34.3306 -80.4925 938.774
vn -0.608085 0.788234 0.0944451
v 35.6518 -79.7339 939.234
vn -0.793093 0.608967 -0.0127221
v 36.0211 -79.2537 939.63
vn -0.491461 0.860937 0.131351
v 34.7588 -80.0376 939.776
vn -0.214822 0.954956 0.204721
v 35.3512 -79.9945 939.983
vn -0.389241 0.90224 0.185618
v 34.4101 -80.7132 943.308
vn -0.61284 0.788133 -0.0572195
v 35.7682 -79.4705 944.159
vn -0.702755 0.711228 -0.0170228
v 34.6877 -80.9543 944.792
vn 0.850701 -0.422764 0.312377
v 34.2607 -95.7775 1031.73
vn -0.809483 0.577796 -0.104351
v 34.3864 -79.6003 949.298
vn -0.765006 0.639448 0.0766276
v 34.1132 -79.4878 955.41
vn -0.799129 0.594492 0.089289
v 34.2478 -79.7899 957.186
vn -0.903141 0.403055 0.147928
v 33.8063 -81.0536 960.611
vn -0.584984 0.807343 -0.0774007
v 33.6126 -82.5174 964.614
vn -0.722439 0.685946 0.0869482
v 34.0566 -82.2007 963.762
vn -0.574921 0.818089 0.0140345
v 34.456 -82.0944 965.311
vn -0.896987 0.435703 0.0746807
v 34.8127 -81.7469 965.074
vn -0.974694 0.18803 0.120896
v 35.0573 -80.3801 964.408
vn -0.632535 0.774529 -0.00195686
v 34.3204 -81.8898 969.054
vn -0.638461 0.765924 0.075689
v 33.8963 -82.1684 973.824
vn -0.71993 0.658137 0.220356
v 33.3341 -83.2313 976.064
vn -0.883039 0.425116 0.198791
v 33.7915 -83.8706 979.919
vn -0.871118 0.459404 0.173496
v 34.091 -84.9606 982.776
vn -0.943842 0.327847 0.0409675
v 34.5725 -83.7292 983.003
vn -0.992918 0.0805605 0.0873161
v 33.3271 -85.3477 989.706
vn -0.966931 0.198535 0.160088
v 33.3189 -86.9893 990.327
vn -0.981949 0.0944028 0.163902
v 33.8121 -86.2632 991.683
vn -0.968576 -0.199573 0.148426
v 33.7216 -85.6782 991.786
vn -0.929023 0.367335 -0.0445133
v 33.828 -86.5239 993.16
vn -0.992576 -0.0692829 0.0999639
v 34.0071 -85.6172 993.325
vn -0.855957 0.516828 -0.0150577
v 35.1031 -78.9269 963.144
vn -0.975694 0.195164 0.0996571
v 35.172 -80.0743 969.646
vn -0.631025 0.773831 0.0547098
v 34.7021 -81.75 975.74
vn -0.6105 0.788808 0.0712129
v 34.1081 -82.0306 976.29
vn -0.684437 0.722939 0.0943609
v 34.9596 -81.6902 976.973
vn -0.797144 0.589807 0.129189
v 34.4028 -82.5222 979.559
vn -0.836034 0.547199 0.0402407
v 34.917 -82.0039 982.098
vn -0.937597 0.316752 -0.14346
v 34.6289 -83.1141 986.467
vn -0.818943 0.56789 -0.0826664
v 35.166 -81.825 986.401
vn -0.950728 0.282928 -0.126763
v 33.7294 -84.3154 989.287
vn -0.98322 0.130162 -0.127815
v 34.1445 -82.6016 990.209
vn -0.764237 0.585631 -0.270146
v 34.632 -81.9289 988.203
vn -0.999505 0.0277664 0.0147778
v 33.5029 -84.4593 991.696
vn -0.800912 0.487544 -0.347621
v 34.3796 -81.2881 989.838
vn -0.997251 -0.0350914 -0.0652657
v 34.001 -81.2888 991.357
vn -0.987786 -0.15069 0.0396509
v 33.4117 -83.1072 994.375
vn -0.965144 0.167009 -0.201507
v 33.6721 -81.3029 994.702
vn -0.968883 0.216657 -0.119686
v 34.0849 -83.8838 999.123
vn -0.952615 0.284352 -0.108021
v 33.2843 -83.8892 1002.16
vn 0.714606 -0.67334 0.189608
v 32.009 -91.027 1051.15
vn -0.966512 0.0883767 -0.240924
v 33.8212 -80.2761 992.45
vn -0.948473 -0.281698 0.145071
v 33.9694 -79.4427 994.734
vn -0.969517 0.138096 -0.202402
v 33.0173 -80.2998 997.31
vn -0.936651 -0.296966 0.185733
v 34.0825 -81.563 999.843
vn -0.953383 0.277763 -0.117936
v 33.7948 -81.3592 1003.71
vn -0.997817 0.0295462 0.0590651
v 33.2846 -81.2729 1008.11
vn -0.820304 0.563868 -0.0956796
v 33.3958 -82.7212 1010.9
vn -0.97269 0.2235 0.0626256
v 33.4953 -82.5105 1010.03
vn -0.981107 0.171999 0.088574
v 33.9186 -81.791 1011.38
vn -0.928017 0.229696 -0.293299
v 33.2348 -77.8716 999.272
vn -0.9968 -0.035124 -0.0718084
v 32.784 -77.9839 1001.38
vn -0.805578 -0.495834 0.324335
v 33.1851 -79.4301 1001.13
vn -0.994008 -0.035818 0.103269
v 34.0409 -79.4735 1003.57
vn -0.980138 0.197644 -0.0163465
v 34.1736 -79.5841 1005.99
vn -0.953641 0.278197 -0.114783
v 34.0988 -79.068 1008.21
vn -0.922688 0.385546 0.00110095
v 34.1235 -81.0572 1014.26
vn -0.384715 0.893018 -0.233482
v 32.2358 -81.8536 1016.53
vn 0.911934 -0.364071 0.189283
v 32.6287 -88.7481 1056.75
vn -0.96498 0.141302 -0.221013
v 33.1916 -75.7119 1000.88
vn -0.904252 0.155471 -0.397691
v 33.3648 -75.5816 1000.29
vn -0.884279 0.299222 -0.358492
v 33.8394 -75.7386 999.663
vn -0.305185 0.75253 -0.583576
v 33.633 -75.2986 1000.52
vn -0.981538 0.103838 -0.160626
v 32.55 -76.0861 1002.63
vn -0.920714 0.297912 -0.252059
v 33.0047 -75.5624 1002.12
vn -0.860602 0.468051 -0.200732
v 33.1716 -75.0334 1002.22
vn -0.949788 -0.239047 0.201891
v 32.5799 -76.3455 1004.11
vn -0.984742 -0.0685126 0.159964
v 32.5976 -76.0472 1004.16
vn -0.719557 -0.495147 0.486895
v 33.2183 -76.6879 1004.67
vn -0.912586 -0.202456 0.355243
v 32.9086 -75.6206 1005.38
vn -0.74923 -0.373828 0.546723
v 33.6541 -75.9147 1005.72
vn -0.954262 0.264769 -0.138854
v 33.5757 -77.3559 1015.52
vn -0.911744 -0.349455 0.215879
v 33.9528 -78.3683 1016.26
vn -0.174483 0.93594 -0.305895
v 33.0173 -79.5725 1023.35
vn -0.365834 0.871348 -0.326982
v 33.5287 -79.0302 1024.67
vn 0.898005 -0.403149 0.176232
v 31.8943 -87.3688 1060.65
vn -0.973541 -0.150496 0.171954
v 32.918 -74.6554 1001.67
vn -0.836041 0.367441 -0.407458
v 32.5728 -74.7168 1003.79
vn -0.93222 -0.192553 0.306415
v 33.0485 -74.4515 1002.32
vn -0.242424 0.81403 -0.527811
v 33.1474 -74.4078 1003.85
vn -0.538608 0.59467 -0.596882
v 33.0867 -73.4286 1002.81
vn -0.943604 0.194751 -0.267737
v 33.6337 -73.6989 1001.85
vn -0.346617 0.632987 -0.692231
v 33.4893 -73.5205 1002.49
vn -0.937421 0.23887 -0.253344
v 33.5579 -73.2174 1002.55
vn -0.606573 0.630081 -0.484838
v 33.5751 -72.6749 1002.95
vn -0.892586 0.344368 -0.291034
v 33.6834 -73.126 1002.1
vn -0.866048 0.381611 -0.323007
v 32.4288 -74.2827 1004.47
vn -0.87471 0.394131 -0.282033
v 32.4946 -74.1144 1004.51
vn -0.972754 -0.167686 0.160097
v 32.4943 -74.1373 1005.42
vn -0.985589 -0.116402 0.122742
v 32.466 -73.8432 1005.47
vn -0.914534 -0.233654 0.330201
v 32.5203 -73.8906 1005.77
vn -0.220968 0.902782 -0.368996
v 32.7665 -73.9121 1004.85
vn -0.860403 -0.136649 0.490952
v 32.975 -73.9533 1006.37
vn -0.8137 0.569011 -0.118824
v 33.3524 -73.7418 1004.89
vn -0.648594 0.72427 0.234005
v 33.2753 -73.441 1006.47
vn -0.481739 -0.49064 0.726085
v 33.2752 -74.327 1006.92
vn -0.938039 0.0493832 0.342994
v 33.267 -73.4527 1006.77
vn -0.988431 0.0162777 0.150797
v 33.3144 -73.4333 1007.08
vn -0.874859 -0.452816 0.171988
v 33.6506 -76.5473 1019.63
vn 0.905903 -0.374181 0.198312
v 31.95 -85.9865 1066.69
vn -0.972284 -0.0817258 0.219054
v 33.2068 -72.5697 1003.88
vn -0.93823 -0.0134822 0.345749
v 33.5052 -72.6469 1004.48
vn -0.992912 -0.0995223 0.0649741
v 33.1891 -75.1592 1020.18
vn -0.995341 -0.0666285 0.0696855
v 33.4551 -74.8033 1021.77
vn -0.423584 0.842227 -0.333513
v 32.8262 -76.8807 1031.14
vn -0.624249 0.680582 -0.383563
v 32.8036 -74.8421 1035.47
vn -0.538632 0.745825 -0.391946
v 31.6431 -75.3929 1035.66
vn 0.955495 -0.0561161 0.289621
v 31.3123 -81.2822 1070.87
vn 0.813127 0.462546 0.353378
v 30.6482 -80.6111 1071.9
vn -0.539931 0.765524 -0.349925
v 30.9528 -72.9058 1040.73
vn 0.136065 0.9081 -0.396032
v 30.327 -73.0347 1041.85
vn -0.59954 0.709086 -0.371147
v 30.8731 -72.4605 1041.96
vn -0.170247 0.983879 -0.0547626
v 32.2461 -75.2508 1054.59
vn -0.486308 0.631369 0.604051
v 32.2277 -74.8017 1053.84
vn -0.265945 0.962915 -0.0454822
v 30.0613 -75.445 1057.57
vn 0.196707 0.960999 0.194387
v 32.1036 -75.2487 1059.16
vn 0.722721 0.5859 0.3666
v 30.5717 -78.0514 1067.78
vn -0.535423 0.743431 -0.40079
v 30.7793 -71.892 1043.28
vn -0.924643 0.272217 -0.266332
v 30.8873 -71.2432 1043.4
vn -0.20831 -0.373464 0.903954
v 32.1716 -74.1926 1053.83
vn 0.0655777 -0.711073 0.700054
v 32.0641 -73.3042 1054.63
vn -0.889929 -0.364802 0.273763
v 32.0209 -67.5222 1033.42
vn -0.322051 0.831959 -0.451804
v 30.061 -70.4133 1046.89
vn -0.882608 0.304271 -0.35836
v 29.9217 -68.8559 1048.39
vn -0.975455 0.0959804 -0.198181
v 31.4998 -64.9528 1034.17
vn -0.964134 0.225939 -0.139273
v 31.5639 -64.4333 1034.57
vn -0.601953 0.60155 -0.525158
v 30.4533 -67.1038 1049.16
vn -0.964851 -0.181412 0.190136
v 31.7424 -63.8743 1036.85
vn -0.77451 0.43418 -0.460025
v 31.562 -66.097 1049.27
vn -0.620488 0.565769 -0.543047
v 31.0952 -64.9449 1051.15
vn -0.660386 -0.544276 0.517353
v 30.4775 -68.0021 1060.74
vn -0.176728 -0.646766 0.741931
v 31.1665 -66.3004 1062.58
vn -0.868044 0.315459 -0.383386
v 29.2939 -64.0637 1053.81
vn -0.681747 0.486915 -0.546016
v 30.8281 -62.8359 1053.44
vn -0.705221 0.469889 -0.530912
v 29.167 -61.9933 1055.87
vn -0.330147 0.710156 -0.621837
v 30.2489 -60.6668 1055.89
vn -0.0563655 0.776334 -0.627796
v 30.8785 -60.8608 1055.61
vn -0.575334 -0.470325 0.669168
v 28.9401 -62.3335 1064.17
vn -0.324701 -0.540382 0.776245
v 30.8012 -63.1142 1064.81
vn -0.551749 0.60606 -0.572944
v 28.7901 -58.976 1058.98
vn -0.285548 0.761333 -0.582094
v 29.95 -58.5151 1059.08
vn -0.440573 0.683286 -0.582251
v 30.3155 -58.9452 1058.3
vn -0.322591 0.726818 -0.606358
v 30.5512 -58.3914 1058.76
vn -0.0651817 0.92146 0.382967
v 29.1538 -60.0921 1060.31
vn -0.57384 -0.264288 0.775151
v 28.7829 -60.8731 1064.86
vn -0.483656 0.0102484 0.875198
v 28.9649 -59.6801 1065.14
vn -0.368246 -0.355473 0.859089
v 30.3523 -61.7421 1065.46
vn -0.236371 -0.0964867 0.96686
v 30.2361 -60.5726 1065.7
vn -0.164372 0.18639 0.968628
v 30.1296 -59.4004 1065.63
vn -0.716606 0.53673 0.445419
v 28.848 -59.3611 1065
vn -0.475761 0.386893 0.789915
v 29.2346 -59.3576 1065.2
vn -0.435008 0.899486 -0.0411373
v 29.5103 -59.0377 1065.07
vn -0.620305 0.685728 0.380788
v 29.7945 -58.9599 1065.39
vn 0.00044102 0.139274 0.990254
v 30.5723 -59.3059 1065.65
vn -0.373524 -0.896552 -0.238065
v 42.2506 -112.984 913.567
vn -0.481101 -0.81524 -0.322374
v 42.5961 -113.627 914.067
vn -0.626164 -0.724964 -0.286958
v 41.3382 -113.503 916.509
vn -0.36697 -0.908273 -0.200929
v 40.659 -113.18 916.862
vn -0.592791 -0.749931 -0.293601
v 41.6508 -114.556 918.154
vn -0.486272 -0.853263 -0.188363
v 40.3589 -115.025 922.318
vn -0.22793 -0.972986 -0.0367032
v 40.3262 -115.174 923.815
vn 0.0569123 -0.99509 0.080972
v 41.8227 -115.266 924.43
vn 0.193236 -0.9682 0.158897
v 41.695 -114.836 927.248
vn -0.0458673 -0.992687 0.11166
v 40.6048 -114.196 931.309
vn 0.0664428 -0.986423 -0.150184
v 41.0173 -107.513 907.823
vn -0.633062 -0.525099 -0.568774
v 41.2905 -106.909 906.93
vn -0.655147 -0.535832 -0.532603
v 42.2707 -107.736 906.957
vn -0.581474 -0.439437 -0.684678
v 40.0916 -107.246 908.162
vn -0.25721 -0.96632 -0.00826948
v 40.6504 -113.911 938.676
vn -0.362295 -0.930292 -0.0574342
v 39.6129 -113.903 942.93
vn -0.119596 -0.991874 0.0433968
v 39.7597 -114.068 948.389
vn -0.712502 -0.566662 -0.413806
v 41.517 -103.552 903.662
vn -0.540232 -0.731864 -0.415361
v 40.4137 -103.668 906.064
vn -0.538378 -0.801354 -0.260732
v 40.9167 -103.52 904.878
vn -0.713711 -0.489188 -0.50131
v 41.3332 -104.232 905.671
vn -0.561035 -0.753575 -0.342585
v 41.0486 -103.707 905.152
vn -0.482919 -0.847176 -0.221544
v 41.3666 -103.684 904.551
vn -0.640571 -0.678147 -0.360258
v 41.8804 -103.972 904.507
vn -0.749942 -0.294989 -0.592089
v 41.2587 -105.583 906.343
vn 0.0815528 -0.990079 0.114426
v 40.9135 -113 956.551
vn -0.807032 -0.0287068 -0.58981
v 40.5226 -103.313 905.215
vn -0.780314 0.266691 -0.565673
v 40.461 -103.022 905.266
vn -0.691733 0.476957 -0.542234
v 40.9179 -102.395 905.439
vn 0.127559 -0.986031 0.107109
v 40.2689 -112.298 965.477
vn -0.802285 -0.43969 -0.403747
v 41.5837 -99.2926 903.849
vn -0.803194 -0.2549 -0.538429
v 41.1482 -100.34 906.06
vn -0.722939 0.406169 -0.558915
v 39.8206 -101.061 907.659
vn 0.0358679 -0.989767 0.13811
v 39.1828 -111.699 969.531
vn 0.280363 -0.939556 0.196548
v 39.4103 -110.715 977.33
vn 0.290218 -0.912677 0.287739
v 39.0442 -105.467 994.124
vn -0.100974 -0.987478 0.121204
v 37.3174 -103.344 1004.53
vn -0.813952 0.228423 -0.53414
v 40.1352 -84.6408 911.903
vn -0.820987 0.35627 -0.446153
v 38.2981 -84.4457 914.96
vn 0.390745 -0.901156 0.187711
v 38.5032 -102.126 1011.22
vn 0.15606 -0.977091 0.144698
v 36.4329 -101.659 1018.23
vn 0.548206 -0.79436 0.261652
v 36.6743 -101.34 1019.2
vn 0.643827 -0.689197 0.332407
v 35.9917 -99.1993 1025.06
vn -0.830126 0.424777 -0.361186
v 38.5087 -77.8534 919.326
vn 0.790261 -0.392438 0.470617
v 36.1514 -96.4931 1026.46
vn 0.725534 -0.5907 0.353092
v 37.1534 -97.918 1024.7
vn 0.715097 -0.501268 0.487203
v 37.4785 -95.8393 1025.38
vn 0.73983 -0.566176 0.363451
v 35.5977 -98.2378 1027.36
vn 0.884442 -0.00734958 0.466592
v 35.6076 -96.9976 1027.28
vn -0.796232 0.567565 -0.209488
v 37.9169 -76.2905 923.989
vn -0.531895 0.846784 0.00667689
v 38.1769 -75.9811 924.397
vn -0.463273 0.884233 0.0592421
v 38.0719 -77.1321 931.2
vn -0.631782 0.766588 0.114864
v 37.0906 -77.985 936.215
vn -0.595349 0.793995 0.123008
v 37.0116 -78.3389 939.808
vn -0.608491 0.792727 0.0363688
v 38.1656 -76.75 937.061
vn -0.339904 0.940459 -0.00115069
v 37.7413 -78.2077 945.024
vn -0.185405 0.981271 -0.052272
v 38.2589 -77.9227 946.911
vn -0.398285 0.908662 -0.125311
v 36.9745 -77.7925 949.049
vn -0.0952474 0.994839 -0.0349774
v 37.1981 -77.5811 950.919
vn 0.74756 -0.585942 0.31277
v 36.0948 -92.8837 1031.96
vn -0.495611 0.868151 0.0261453
v 35.8733 -77.9081 955.718
vn -0.59502 0.802372 0.0463756
v 36.1228 -78.2504 958.404
vn -0.102868 0.989031 -0.105999
v 37.2783 -77.7444 958.511
vn -0.626199 0.767366 -0.13793
v 36.332 -77.892 960.299
vn -0.945072 0.306498 0.113567
v 35.9147 -79.6397 972.782
vn -0.912184 0.401379 0.0825575
v 35.9806 -80.3678 976.92
vn -0.837949 0.531277 0.124846
v 36.146 -80.4753 979.341
vn -0.723974 0.68853 0.0422823
v 35.715 -81.435 980.992
vn 0.775974 -0.57346 0.262694
v 36.9137 -90.7178 1035.74
vn 0.695225 -0.677453 0.240249
v 34.9002 -91.767 1037.96
vn -0.744374 0.635594 -0.204762
v 36.6883 -76.5458 964.203
vn 0.152733 0.944202 -0.291814
v 37.2895 -76.5318 964.214
vn -0.0816787 0.900147 -0.427859
v 37.1042 -75.8446 965.859
vn -0.997692 -0.00602417 0.0676309
v 36.1299 -79.2017 975.607
vn -0.944201 0.302187 0.131025
v 36.1361 -79.4109 976.789
vn -0.982692 0.027666 0.183169
v 36.2555 -78.8064 976.899
vn -0.919583 -0.116592 0.375198
v 36.3669 -78.5518 977.251
vn -0.910507 -0.306859 0.277155
v 36.4825 -78.0526 977.951
vn -0.73275 0.624205 0.271008
v 36.8398 -78.9095 977.803
vn -0.707001 0.678414 0.199761
v 36.8049 -79.684 979.493
vn -0.930485 -0.299589 0.210819
v 37.4623 -78.9746 980.239
vn -0.616976 0.786704 0.0209229
v 37.0256 -79.9252 982.805
vn -0.589561 0.798045 -0.12467
v 37.1583 -79.6501 985.6
vn -0.767773 0.628038 -0.126858
v 36.4724 -80.4121 986.063
vn -0.426495 0.866432 -0.259613
v 37.1134 -79.2017 987.508
vn -0.763743 0.596223 -0.247414
v 36.426 -79.9459 988.584
vn -0.654242 0.664622 -0.360894
v 36.4467 -75.2465 968.09
vn -0.991534 -0.0131526 0.129176
v 35.4328 -75.0243 972.382
vn -0.967076 0.0187341 0.253798
v 35.8155 -77.154 975.969
vn -0.891756 0.0778844 0.445765
v 36.3108 -75.7295 976.84
vn -0.859809 0.221087 0.460272
v 36.3364 -76.3729 977.03
vn -0.80443 0.452166 0.385277
v 36.5873 -76.7964 977.873
vn -0.611261 0.526841 0.590592
v 36.8428 -76.2338 977.672
vn -0.655825 0.132252 0.743238
v 36.8093 -75.777 977.384
vn -0.600555 0.696135 0.393357
v 37.1418 -76.4036 978.256
vn -0.630465 0.714199 -0.304028
v 36.9865 -78.5454 989.627
vn -0.661705 0.635105 -0.398483
v 35.1982 -79.4601 991.701
vn -0.98664 0.0675341 0.148261
v 35.9818 -74.1012 974.384
vn -0.976682 -0.0259687 0.213117
v 36.0509 -73.2674 974.898
vn -0.994653 0.101702 0.0179547
v 36.1379 -73.0573 975.487
vn -0.97891 0.132533 0.155471
v 36.0634 -72.9249 976.424
vn -0.887917 -0.0117957 0.459853
v 36.5324 -73.3878 977.568
vn -0.563342 0.708619 -0.424858
v 36.2045 -77.6263 992.638
vn -0.804455 0.474486 -0.357373
v 34.6578 -77.1101 995.772
vn -0.942818 0.29942 0.146427
v 34.398 -78.1322 1006.56
vn -0.960777 0.262071 0.0907037
v 34.4897 -80.2629 1016.85
vn 0.878477 -0.422972 0.222199
v 34.9 -86.1432 1050.24
vn -0.874146 0.450681 -0.180982
v 36.5566 -71.7381 973.461
vn -0.963701 0.252357 0.087159
v 36.2162 -72.0585 975.667
vn -0.972094 0.135416 0.191559
v 36.5792 -72.0918 977.19
vn -0.95636 0.292159 0.00425174
v 36.6537 -71.2818 976.117
vn -0.898447 -0.152719 0.411668
v 36.725 -72.2356 978.081
vn -0.987481 -0.00453928 0.157672
v 36.516 -71.0683 978.287
vn -0.587244 0.790348 -0.174628
v 36.6066 -70.6728 978.359
vn -0.834356 -0.194501 0.515771
v 36.8605 -70.6003 979.29
vn -0.57133 0.658639 -0.489671
v 35.2604 -75.6756 996.647
vn -0.81207 -0.365872 0.454621
v 34.4654 -77.4277 1006.08
vn -0.746328 -0.36122 0.55903
v 34.1 -75.7864 1006.97
vn -0.770487 0.526172 0.359851
v 35.6672 -76.8946 1007.71
vn -0.420655 0.354104 0.835261
v 35.6235 -76.3305 1007.43
vn -0.135746 -0.527928 0.838371
v 35.5636 -75.7681 1007.68
vn -0.310676 0.489174 0.814978
v 35.9459 -76.6647 1007.76
vn -0.617492 0.768807 -0.166252
v 35.6403 -76.9107 1008.62
vn -0.979235 0.142527 0.144168
v 34.9294 -78.8809 1017.97
vn -0.931248 0.360581 0.0525263
v 35.3069 -79.2211 1020.09
vn -0.514258 0.827058 -0.226967
v 34.5777 -79.6383 1021.84
vn -0.865274 0.450865 -0.219136
v 35.27 -78.9459 1021.97
vn -0.996266 0.015603 -0.0849149
v 35.5198 -78.4686 1021.14
vn -0.899387 -0.40513 0.164232
v 35.4155 -78.0767 1020.6
vn 0.960425 -0.138716 0.24154
v 35.8999 -84.7942 1048.36
vn -0.588448 0.601074 -0.540777
v 35.7192 -72.5448 999.957
vn -0.976371 0.0651824 0.206035
v 34.0761 -75.1952 1007.08
vn -0.387813 -0.546818 0.742019
v 33.9055 -74.0403 1007.38
vn -0.851165 -0.225436 0.474021
v 34.3395 -74.1413 1008.19
vn -0.971026 0.228302 0.0706168
v 34.5569 -73.5278 1008.3
vn -0.386676 -0.437043 0.812081
v 34.7527 -73.9044 1008.8
vn -0.855387 0.440127 -0.273132
v 33.7076 -75.1777 1017.12
vn -0.829299 -0.539598 0.14525
v 34.3192 -76.3639 1022.42
vn -0.986476 0.0409698 -0.158703
v 34.6725 -76.8031 1025.09
vn -0.97261 -0.212125 -0.0950385
v 34.9533 -77.4049 1023.46
vn -0.774296 0.552353 -0.308823
v 34.2841 -77.9068 1026.1
vn -0.960588 0.149511 -0.234343
v 34.354 -77.6358 1026.15
vn -0.492723 0.694095 -0.524839
v 35.2663 -71.3656 1001.69
vn -0.709163 0.693409 -0.127561
v 34.0355 -72.0912 1003.37
vn -0.522094 0.839005 0.153262
v 33.837 -72.1566 1003.96
vn -0.591636 0.798934 0.108035
v 34.1304 -71.9796 1003.69
vn -0.646762 0.696048 0.311795
v 34.2702 -71.7727 1003.43
vn -0.741751 0.642806 -0.191326
v 34.4042 -71.4106 1002.88
vn -0.476525 0.813868 0.332479
v 35.2453 -70.773 1003.01
vn -0.503752 0.84548 -0.177195
v 35.5342 -70.55 1002.75
vn -0.956893 0.211277 0.199292
v 33.847 -72.8104 1005.59
vn -0.508586 0.860475 -0.0303834
v 33.9098 -72.47 1005.43
vn -0.532784 -0.306098 0.788952
v 34.6763 -72.9233 1008.41
vn -0.981205 -0.0903073 0.170534
v 34.8288 -72.3682 1008.81
vn -0.862567 0.484578 0.145474
v 34.5979 -71.7635 1007.4
vn -0.951144 0.301522 -0.0664089
v 34.7558 -71.6243 1008.03
vn -0.84369 0.514748 -0.15239
v 34.6064 -71.4463 1008.67
vn -0.729731 0.642985 -0.232515
v 34.787 -71.1329 1008.73
vn -0.971195 0.00440591 0.238245
v 34.9344 -72.7153 1009.1
vn -0.676412 0.718624 -0.16139
v 34.9826 -71.3065 1008.09
vn -0.977224 -0.0555015 0.204824
v 34.8161 -71.498 1009.27
vn -0.997668 0.0431214 0.0529099
v 34.8775 -71.3343 1009.91
vn -0.909218 0.357439 -0.213448
v 33.8767 -76.4769 1029.71
vn -0.990271 0.084744 -0.110367
v 34.2465 -75.6394 1028.64
vn 0.95255 -0.165086 0.255726
v 34.2621 -80.9005 1060.01
vn -0.936118 0.349979 -0.034602
v 35.0285 -70.6553 1009.62
vn -0.946611 -0.258014 0.193277
v 34.5189 -70.0414 1011.06
vn -0.967981 0.237651 0.0808361
v 34.9042 -70.9827 1009.67
vn -0.975148 0.0495842 -0.215937
v 34.84 -71.1459 1010.56
vn -0.743346 -0.405881 0.531692
v 34.5875 -69.8367 1011.66
vn -0.377472 -0.0837282 0.922228
v 34.5569 -69.5378 1011.76
vn -0.3177 -0.599946 0.734256
v 35.0069 -70.921 1011.11
vn -0.974463 0.167811 -0.149202
v 35.0478 -70.4284 1010.08
vn -0.280777 -0.413171 0.866288
v 34.8841 -69.8334 1011.81
vn -0.572909 0.736669 -0.359298
v 34.8483 -69.341 1011.49
vn 0.255804 -0.476607 0.841077
v 35.2124 -70.0897 1011.71
vn -0.409645 0.682866 -0.604884
v 35.1637 -69.3894 1011.19
vn -0.0197387 -0.0695082 0.997386
v 35.1522 -69.5306 1011.98
vn -0.566262 0.8182 -0.0994765
v 35.1176 -69.1122 1011.84
vn 0.571915 -0.10742 0.813249
v 35.4524 -69.4831 1011.88
vn -0.438609 0.785625 -0.436367
v 35.4142 -68.9672 1011.57
vn 0.350479 0.157751 0.92319
v 35.4243 -69.1784 1011.87
vn -0.955158 -0.28417 0.0831924
v 33.4822 -73.5107 1026.57
vn -0.964103 -0.25948 0.0563486
v 34.1152 -74.0633 1028.31
vn 0.942318 0.173346 0.286334
v 34.9326 -77.8534 1058.74
vn 0.922306 0.221158 0.316925
v 33.2643 -80.2439 1064.38
vn -0.807705 0.440664 -0.391697
v 34.4674 -69.4228 1023.97
vn -0.973134 0.143242 -0.180257
v 33.7232 -71.6033 1026.31
vn -0.998653 0.0124933 -0.0503565
v 33.8432 -71.243 1026.07
vn -0.80133 0.589862 -0.0996613
v 33.9765 -72.9089 1035.53
vn -0.992803 0.103393 -0.0604356
v 34.2062 -71.8926 1035.1
vn -0.885698 -0.276466 0.372968
v 34.1437 -71.305 1035.21
vn -0.647565 0.338726 0.682586
v 34.9375 -72.0307 1036
vn -0.698137 0.269611 0.663261
v 34.8789 -71.3453 1035.84
vn -0.752354 0.597271 -0.277905
v 33.5474 -73.3971 1036.32
vn -0.698304 0.706356 -0.115905
v 33.8123 -73.0374 1036.42
vn -0.602078 0.74171 -0.295581
v 33.7959 -72.9662 1036.73
vn -0.458772 0.869044 -0.185177
v 34.3591 -72.5662 1036.81
vn -0.707135 0.506431 0.493444
v 34.9513 -72.2673 1036.27
vn -0.184479 0.921496 -0.341778
v 34.8399 -71.8103 1038.48
vn -0.406249 0.820667 -0.40183
v 33.9526 -72.0749 1038.72
vn 0.321001 -0.0817782 0.943542
v 33.0975 -74.3878 1053.72
vn -0.0415454 0.715792 0.697077
v 33.755 -75.1788 1054.32
vn 0.58941 -0.0654669 0.805177
v 34.0017 -74.1998 1053.16
vn 0.675439 0.264219 0.688455
v 34.6825 -74.9363 1052.85
vn 0.0103006 0.999673 0.0234045
v 32.4523 -75.152 1057.35
vn 0.805502 0.514975 0.293202
v 34.5906 -77.3442 1059.13
vn 0.666024 0.672097 0.32357
v 33.6127 -76.7547 1060.44
vn 0.872641 0.311464 0.376149
v 33.971 -77.3672 1060.64
vn -0.952787 0.206416 -0.222689
v 33.6211 -68.8901 1026.49
vn -0.864282 0.337253 -0.373198
v 33.9207 -67.6755 1026.71
vn -0.645745 0.571934 -0.50587
v 34.1911 -67.3158 1026.56
vn -0.821843 -0.326801 0.466665
v 33.6576 -69.57 1035.51
vn -0.74868 -0.436101 0.499294
v 33.4645 -68.9945 1035.61
vn -0.645497 -0.173383 0.743822
v 34.3745 -69.6083 1036.12
vn -0.60086 -0.431275 0.67303
v 34.0522 -69.0264 1036.12
vn -0.694558 -0.301048 0.653421
v 34.4903 -70.5315 1036.22
vn -0.0979122 -0.0881436 0.991284
v 34.705 -69.5862 1036.18
vn -0.151774 -0.354135 0.922796
v 34.6468 -69.0024 1036.31
vn -0.311398 0.822958 -0.475154
v 32.9924 -69.8865 1043.67
vn -0.0325225 0.887198 -0.460241
v 33.9066 -69.7987 1043.09
vn 0.291892 -0.454654 0.84148
v 33.0681 -74.0995 1053.8
vn 0.339133 -0.599114 0.725294
v 34.1448 -72.8367 1054.18
vn -0.887949 0.247235 -0.387842
v 33.6121 -65.4535 1029.54
vn -0.781678 -0.468202 0.412026
v 33.3037 -67.6952 1036.82
vn -0.461362 -0.288543 0.838981
v 33.2168 -66.8157 1037
vn -0.12189 -0.407524 0.905023
v 34.3866 -66.6228 1037.57
vn -0.376407 0.753581 -0.538919
v 32.3228 -69.4951 1044.65
vn -0.195679 0.81069 -0.551807
v 33.0543 -68.1282 1046.12
vn 0.842014 -0.355074 0.406122
v 34.0863 -70.7229 1056.04
vn -0.894711 0.217189 -0.390283
v 32.5481 -64.478 1032.14
vn -0.94793 0.176877 -0.264847
v 32.7913 -63.5757 1032.3
vn -0.933736 0.253999 -0.252232
v 32.7513 -63.5772 1032.61
vn -0.684218 0.56429 -0.461976
v 32.795 -63.2787 1032.36
vn -0.694631 0.4983 -0.51883
v 33.7035 -63.5685 1031.04
vn 0.263899 0.878769 -0.397645
v 34.2073 -62.8703 1032.15
vn -0.0396949 0.714686 0.698318
v 34.1991 -62.9806 1032.74
vn -0.842551 0.36329 -0.397652
v 32.4632 -63.8076 1032.87
vn -0.560042 0.76942 0.307157
v 33.0363 -63.5072 1032.93
vn -0.416798 -0.408566 0.812006
v 33.7437 -65.9672 1037.68
vn 0.86789 -0.277884 0.41176
v 34.0485 -69.5515 1057.16
vn -0.567777 0.703912 -0.426776
v 33.3011 -62.8467 1032.14
vn -0.0116377 0.808312 0.58864
v 33.283 -62.7594 1032.46
vn -0.431865 0.788668 -0.437602
v 33.5851 -62.6714 1032.17
vn -0.310349 0.785313 -0.535692
v 34.4075 -62.7274 1031.87
vn 0.0411346 0.89573 0.442692
v 34.1912 -62.8037 1032.46
vn -0.885613 0.159341 0.436234
v 32.5309 -63.161 1038.44
vn -0.762491 0.639682 -0.0970264
v 32.5003 -62.7611 1038.24
vn -0.857747 0.184231 0.479927
v 32.7384 -62.5527 1038.58
vn -0.437203 -0.107143 0.892958
v 33.1514 -63.468 1038.79
vn 0.0790774 0.820748 -0.565791
v 32.6262 -64.9876 1050.51
vn 0.244089 -0.623516 0.74273
v 32.563 -67.7158 1060.67
vn 0.115293 -0.671387 0.732084
v 33.0974 -67.1335 1061.13
vn 0.906499 -0.197519 0.373156
v 33.8716 -67.6546 1059.33
vn 0.977772 0.162522 0.132475
v 33.8733 -66.171 1059.59
vn 0.974391 0.0926938 0.204865
v 33.855 -66.2251 1059.89
vn 0.809653 -0.126344 0.573148
v 33.6748 -65.6485 1059.99
vn 0.255892 -0.661234 0.705187
v 31.5982 -67.3505 1061.53
vn 0.475975 -0.506117 0.719231
v 32.1082 -66.4173 1061.73
vn 0.0248943 -0.588455 0.808147
v 32.4091 -66.3912 1061.66
vn 0.956075 0.29135 0.0321722
v 33.1123 -64.1828 1061.77
vn -0.0628371 -0.614735 0.786226
v 31.4076 -65.797 1063.02
vn 0.726404 -0.344535 0.594671
v 31.9833 -65.3549 1062.57
vn -0.117631 -0.584428 0.802874
v 32.7868 -64.4567 1063.13
vn 0.972116 0.0965385 0.213705
v 33.1877 -64.2807 1062.36
vn 0.118353 -0.393023 0.91188
v 31.8837 -61.7794 1064.79
vn -0.150797 -0.501099 0.85215
v 31.07 -62.8344 1065.02
vn 0.780005 -0.346046 0.521387
v 31.3506 -62.5272 1064.78
vn 0.920641 0.0652241 0.384923
v 31.3162 -62.2747 1065.13
vn 0.0659931 0.8395 -0.539337
v 31.4794 -58.5578 1058.49
vn -0.215084 0.703742 0.677116
v 31.8725 -59.3755 1059.86
vn -0.297688 0.537252 0.78914
v 32.0568 -58.5888 1059.4
vn 0.49217 0.731875 -0.471304
v 32.6738 -58.542 1058.81
vn -0.33924 0.542676 0.768387
v 32.6588 -58.3076 1059.46
vn 0.637277 0.671929 -0.377345
v 33.1677 -58.8013 1059.07
vn -0.158376 0.98723 0.0171462
v 31.2273 -60.0198 1061.26
vn -0.239581 0.929005 0.282048
v 31.5376 -59.9186 1060.68
vn -0.365271 0.922311 0.12617
v 32.4058 -59.7482 1061.33
vn -0.461675 0.805937 0.370568
v 32.6978 -59.3644 1060.49
vn -0.254451 0.954995 -0.152445
v 32.95 -59.5412 1062.59
vn 0.916422 0.075851 0.392959
v 32.251 -61.3663 1064.39
vn 0.922147 0.0332524 0.385409
v 32.1704 -61.0246 1064.15
vn 0.647051 -0.262091 0.715984
v 31.9986 -59.7332 1064.68
vn -0.0895207 0.947495 -0.306984
v 31.9527 -59.1696 1064.47
vn -0.00242979 0.973232 -0.229812
v 31.9358 -59.0946 1064.79
vn 0.601188 -0.368252 0.709199
v 31.9553 -59.346 1064.92
vn -0.211759 -0.588578 0.780214
v 32.2835 -59.6032 1064.82
vn -0.186123 0.946951 -0.261997
v 32.2304 -59.0267 1064.81
vn -0.300932 -0.497443 0.813628
v 32.2532 -59.3265 1064.97
vn 0.550501 -0.476308 0.685623
v 32.7067 -60.6122 1063.92
vn -0.334362 -0.557996 0.759502
v 32.5495 -59.3269 1065.14
vn -0.15391 -0.270274 0.950402
v 30.9476 -61.7097 1065.6
vn 0.129608 0.0698108 0.989105
v 30.8617 -60.817 1065.7
vn 0.16617 -0.38782 0.906633
v 31.2252 -61.2905 1065.12
vn 0.390235 0.247896 0.886716
v 31.1085 -60.127 1065.4
vn 0.766275 -0.0634219 0.639375
v 31.6421 -59.7475 1065.28
vn 0.762811 0.091886 0.640059
v 31.6228 -59.1415 1065.3
vn -0.82739 0.274221 0.490132
v 32.5069 -58.8708 1065.15
vn -0.425643 -0.494155 0.758049
v 32.519 -59.0525 1065.3
vn 0.466011 -0.436267 0.769743
v 32.8815 -58.9867 1065.13
vn 0.388124 0.0226712 0.921328
v 31.3202 -59.218 1065.57
vn 0.0228946 0.967934 -0.250161
v 31.2864 -58.8115 1065.44
vn -0.936764 -0.284453 -0.203864
v 49.0819 -126.162 826.574
vn -0.914836 -0.371478 -0.158364
v 48.7184 -125.917 828.442
vn -0.969533 -0.133163 -0.205604
v 48.7218 -125.568 828.2
vn -0.958296 0.175453 -0.225575
v 47.7403 -124.403 831.442
vn -0.895673 -0.432104 -0.105151
v 48.1197 -125.939 831.477
vn -0.785539 -0.617094 0.0460772
v 48.3453 -126.442 832.914
vn -0.88326 -0.455921 0.109488
v 47.6853 -125.195 835.871
vn -0.999432 0.0316486 0.0115908
v 47.3356 -123.604 837.065
vn -0.914293 0.394544 -0.0916748
v 47.6234 -122.63 837.549
vn -0.977842 0.199933 -0.0620594
v 47.8249 -122.162 836.111
vn -0.999494 0.0178135 0.0263653
v 47.7805 -121.329 836.564
vn -0.848683 0.420158 -0.321255
v 47.9335 -122.051 835.544
vn -0.991086 0.110418 0.0745462
v 47.8844 -122.006 836.989
vn -0.70435 0.562042 -0.433589
v 48.1398 -121.21 836.094
vn -0.979127 -0.101102 0.17632
v 47.4314 -122.619 838.462
vn -0.667657 0.611591 -0.424489
v 47.9972 -120.279 837.67
vn -0.98425 0.152588 0.0892651
v 47.9978 -120.358 838.113
vn -0.910151 -0.314337 0.269847
v 47.7397 -122.311 840.35
vn -0.924618 -0.276896 0.261552
v 48.1674 -121.399 842.349
vn -0.992896 0.0733612 0.0936765
v 48.0951 -120.569 842.801
vn -0.664985 -0.54143 -0.51444
v 45.0921 -110.812 905.158
vn -0.180219 -0.969133 -0.168233
v 43.2204 -115.005 917.487
vn 0.131873 -0.989827 0.0533953
v 44.277 -114.844 921.798
vn 0.0331461 -0.995802 0.0853188
v 42.5772 -114.615 927.301
vn -0.805074 -0.473948 -0.356691
v 44.8329 -107.326 900.896
vn -0.696093 -0.674469 -0.246062
v 45.0965 -107.757 901.743
vn -0.767563 -0.480805 -0.423879
v 44.4918 -107.878 903.815
vn -0.798577 -0.408468 -0.442073
v 44.8526 -108.384 903.418
vn -0.784377 -0.464972 -0.410552
v 44.6579 -104.708 899.844
vn -0.764423 -0.219299 -0.606272
v 42.7441 -106.37 904.7
vn -0.728567 -0.529787 -0.434184
v 42.9978 -106.94 904.601
vn -0.792041 -0.333949 -0.511028
v 43.0923 -105.936 904.173
vn -0.622179 -0.665074 -0.413001
v 43.5459 -107.535 904.808
vn 0.172424 -0.981723 0.0805568
v 44.0978 -114.13 944.783
vn -0.822168 0.102012 -0.560029
v 44.7634 -102.952 898.635
vn -0.693411 -0.555746 -0.458615
v 43.2091 -103.813 900.897
vn -0.778118 -0.326522 -0.536577
v 44.2812 -103.748 899.4
vn -0.884854 -0.200663 -0.420438
v 42.6818 -103.67 901.525
vn -0.706577 -0.628615 -0.32495
v 42.6483 -103.69 902.13
vn -0.85239 0.123652 -0.508076
v 42.6308 -103.448 901.971
vn -0.782668 0.43406 -0.44612
v 42.7824 -102.875 902.278
vn -0.825588 -0.32963 -0.457983
v 43.2225 -104.719 902.564
vn -0.622769 -0.739946 -0.254241
v 42.9918 -103.926 901.483
vn -0.580257 -0.792639 -0.187147
v 43.015 -104.093 902.368
vn -0.740152 -0.491192 -0.459245
v 42.508 -105.397 904.261
vn 0.123535 -0.988117 0.0914571
v 41.5124 -112.924 956.452
vn -0.884154 -0.29745 -0.360271
v 43.7841 -100.129 899.431
vn -0.906152 -0.149785 -0.395541
v 43.6953 -101.097 901.39
vn -0.856984 0.25613 -0.447186
v 44.155 -102.084 900.306
vn -0.851171 -0.44712 -0.274938
v 44.2495 -101.08 899.877
vn -0.854375 0.0898534 -0.511829
v 42.0731 -100.935 904.748
vn -0.859571 0.224499 -0.459062
v 43.9149 -98.8247 899.057
vn -0.878684 -0.0928861 -0.468281
v 43.1616 -99.4011 900.162
vn -0.816025 -0.447798 -0.365486
v 42.345 -100.106 903.681
vn -0.804762 0.278917 -0.523988
v 41.7804 -97.9192 903.119
vn -0.743374 0.414292 -0.525125
v 43.2039 -95.9598 903.217
vn 0.24279 -0.948994 0.201157
v 41.8868 -110.198 975.02
vn 0.258212 -0.930996 0.258017
v 42.6092 -109.359 978.362
vn 0.285577 -0.915649 0.282899
v 41.6372 -109.107 979.784
vn -0.820924 0.0912978 -0.563692
v 41.9762 -94.3537 905.56
vn 0.504441 -0.807265 0.30637
v 41.516 -105.221 991.45
vn 0.257653 -0.935291 0.24258
v 39.547 -104.932 995.74
vn 0.623506 -0.739165 0.254704
v 40.9986 -104.394 994.334
vn 0.420437 -0.870064 0.257335
v 41.3339 -104.141 994.079
vn 0.11062 -0.980635 0.161611
v 41.4976 -103.611 996.919
vn -0.758924 0.365246 -0.539101
v 41.7672 -86.5301 907.931
vn 0.289698 -0.934557 0.206588
v 40.914 -102.862 1003.75
vn -0.830103 0.282107 -0.480983
v 40.6725 -83.5435 911.193
vn 0.363331 -0.898611 0.245946
v 40.6793 -100.403 1013.64
vn 0.529649 -0.799664 0.28286
v 38.8451 -100.617 1015.09
vn 0.294113 -0.905989 0.304435
v 40.0248 -100.26 1014.87
vn 0.624871 -0.678147 0.386851
v 39.9205 -99.5612 1016.52
vn 0.606 -0.710549 0.35761
v 40.6079 -100.063 1014.91
vn 0.731802 -0.576995 0.362688
v 39.7537 -98.469 1018.24
vn 0.764092 -0.533871 0.36214
v 38.2436 -99.2208 1020.57
vn 0.806902 -0.455735 0.375787
v 38.796 -99.0032 1019.65
vn 0.793009 -0.492687 0.358324
v 38.5156 -98.8701 1020.47
vn -0.674013 0.621691 -0.399007
v 40.6443 -77.0974 916.251
vn -0.756781 0.521775 -0.393742
v 40.2711 -76.2699 918.28
vn -0.588862 0.781079 -0.207744
v 40.0759 -75.3643 919.659
vn -0.23386 0.958613 -0.162392
v 41.1771 -74.6931 921.014
vn -0.594085 0.797639 -0.104098
v 40.5411 -74.9324 922.791
vn -0.633898 0.763907 -0.120913
v 40.8481 -74.735 922.024
vn -0.619236 0.779435 -0.0950192
v 40.8078 -74.6773 923.145
vn 0.517611 0.845749 0.129563
v 41.1046 -74.8241 923.733
vn -0.207346 0.964815 0.161675
v 40.4605 -75.3667 926.674
vn -0.458031 0.879181 0.131336
v 39.2732 -76.2241 928.637
vn -0.419529 0.907284 0.0288208
v 38.8766 -76.7987 933.405
vn -0.732069 0.671925 -0.112209
v 41.1069 -74.3657 922.291
vn -0.238101 0.967312 0.0872624
v 40.4767 -74.6635 924.057
vn 0.285998 0.947052 0.145936
v 40.7791 -74.675 924.059
vn 0.596036 0.764782 0.244641
v 40.7782 -74.8588 924.636
vn -0.61318 0.789354 -0.0305104
v 40.4085 -75.4173 928.493
vn -0.495705 0.854859 0.153272
v 40.0652 -76.148 932.015
vn -0.268069 0.912407 0.309277
v 40.9329 -75.7801 932.093
vn -0.417186 0.901157 -0.117778
v 40.3123 -76.3685 934.417
vn -0.362859 0.928638 -0.0772383
v 38.7363 -76.4337 936.821
vn -0.653867 0.702775 -0.280293
v 40.8092 -75.6792 935.767
vn -0.638844 0.757163 0.136317
v 38.7083 -76.7278 938.597
vn -0.919519 0.39301 0.00531974
v 39.064 -76.4928 939.559
vn -0.504871 0.862068 -0.0440875
v 39.5657 -76.0612 938.119
vn -0.737733 0.647292 -0.191737
v 39.9759 -75.4657 939.451
vn -0.759926 0.584868 0.283623
v 38.967 -77.5478 942.416
vn -0.965629 0.162614 0.202776
v 39.109 -76.9082 941.923
vn -0.799686 0.445718 0.40229
v 39.329 -76.9927 942.521
vn -0.981089 -0.057567 0.1848
v 39.1486 -76.0669 942.379
vn -0.414831 0.894892 0.164569
v 38.6747 -77.8328 942.971
vn -0.125227 0.991394 0.0381589
v 38.9482 -78.0326 944.463
vn -0.606827 0.791597 0.0716571
v 39.54 -77.9225 944.491
vn -0.736841 0.622395 0.263991
v 39.6899 -77.4656 943.661
vn -0.942232 0.333155 0.0347338
v 39.7381 -77.5661 944.253
vn -0.828967 0.558792 -0.0237693
v 39.6362 -77.6804 944.841
vn -0.932299 0.178275 0.314702
v 39.7687 -77.1092 943.421
vn -0.918089 0.363383 0.158321
v 39.7888 -77.3171 944.603
vn -0.957679 0.0213328 0.287046
v 39.8935 -76.6091 944.122
vn -0.424277 0.905355 -0.0179101
v 39.2177 -77.998 945.387
vn -0.666545 0.735515 0.121394
v 40.3345 -77.3887 946.427
vn -0.763277 0.590846 0.26136
v 40.3318 -77.0721 945.569
vn -0.946777 0.239445 0.215126
v 40.6142 -76.8569 945.917
vn -0.404736 0.902016 0.15019
v 39.9966 -77.5957 948.214
vn -0.741263 0.650498 0.165473
v 40.5949 -77.2258 947.984
vn 0.766907 -0.526689 0.366677
v 38.4926 -91.8976 1029.46
vn -0.878524 0.467609 -0.0976636
v 40.4795 -73.8223 940.819
vn -0.992398 0.120493 -0.025069
v 39.3167 -74.7596 942.006
vn -0.98618 0.155188 0.0580178
v 39.2749 -74.6242 942.944
vn -0.614497 0.787668 -0.044417
v 39.482 -74.5001 942.36
vn -0.733408 0.675086 -0.0798254
v 40.3407 -73.9139 941.258
vn -0.500324 0.853274 0.14697
v 40.4636 -73.9016 941.567
vn -0.969509 -0.0525367 0.239359
v 39.4074 -74.8741 944.425
vn -0.313207 0.947926 -0.057775
v 39.5243 -74.4098 944.205
vn -0.934617 -0.238855 0.263512
v 40.5564 -76.2689 946.021
vn -0.978047 -0.145647 0.149034
v 40.6877 -76.3616 946.616
vn -0.951698 0.129365 0.278451
v 40.8055 -76.508 947.506
vn -0.934627 -0.237398 0.264791
v 40.6768 -75.6299 947.661
vn 0.215821 0.964056 -0.154976
v 38.9965 -77.4128 960.424
vn 0.27892 0.938768 -0.20228
v 39.8008 -77.4608 963.78
vn -0.846371 0.532013 0.0248638
v 40.2661 -73.8493 947.75
vn 0.133296 0.929766 -0.343172
v 38.497 -76.7409 964.782
vn 0.214727 0.95808 -0.189669
v 38.8651 -77.0409 963.537
vn 0.404952 0.802765 -0.437701
v 37.8401 -75.8288 966.177
vn 0.405885 0.779632 -0.476898
v 38.3752 -75.9915 966.46
vn -0.117472 0.906485 -0.405567
v 38.6909 -76.0518 966.18
vn 0.238035 0.91727 -0.319303
v 39.0963 -76.7146 964.817
vn 0.192361 0.89527 -0.401858
v 39.9593 -76.7808 966.342
vn -0.630281 0.764197 0.136925
v 37.6659 -79.3573 980.783
vn -0.631195 0.763991 0.133828
v 37.6171 -79.5229 981.972
vn -0.943678 -0.288194 0.162532
v 37.8141 -79.2041 981.727
vn -0.602439 0.798031 0.0146211
v 38.129 -79.4371 983.214
vn -0.940279 -0.311756 0.136688
v 38.0011 -78.9081 983.611
vn -0.416525 0.898559 -0.138196
v 37.7767 -79.3369 985.97
vn -0.981885 -0.161986 0.0982986
v 38.198 -78.8553 985.148
vn 0.246126 0.755849 -0.606724
v 37.6372 -74.8304 967.338
vn 0.404002 0.754362 -0.517417
v 37.8718 -73.6801 969.61
vn -0.143338 0.92174 -0.360347
v 39.6713 -74.6748 969.313
vn 0.701733 0.11816 0.702574
v 38.523 -75.8208 976.856
vn 0.65667 0.642346 0.395191
v 39.2426 -76.2425 976.182
vn 0.54035 0.807408 0.236882
v 39.3136 -76.4622 976.448
vn 0.282336 0.954477 0.096226
v 39.6298 -76.6136 976.426
vn 0.332503 0.70862 0.622334
v 39.6294 -76.4904 976.068
vn 0.282845 0.0704648 0.956574
v 39.6032 -76.1635 975.937
vn -0.26418 0.588546 0.764082
v 37.4164 -75.9395 977.733
vn -0.359456 0.834754 0.417105
v 37.4239 -76.1118 978.007
vn -0.222832 0.354117 0.908266
v 37.3765 -75.4408 977.529
vn -0.0303358 0.376724 0.925829
v 37.7168 -75.9301 977.739
vn 0.520598 0.0925729 0.848769
v 38.005 -75.6484 977.323
vn 0.534041 0.71911 0.444614
v 38.3316 -75.9264 977.345
vn 0.372149 0.923591 0.0921138
v 38.6428 -76.1548 977.713
vn 0.275948 0.960497 0.0360217
v 38.9151 -76.2466 978.919
vn -0.505414 0.830956 0.232527
v 38.0007 -77.0074 981.513
vn 0.0189026 0.981546 0.190291
v 38.8894 -76.3706 980.116
vn -0.168341 0.96953 0.177967
v 38.8883 -76.4557 980.405
vn 0.0938341 0.991247 0.0928679
v 39.1896 -76.4555 980.41
vn -0.976985 -0.0406427 0.209399
v 37.4932 -78.0472 981.929
vn -0.993284 -0.0229666 0.113402
v 38.1866 -78.0712 985.897
vn -0.527887 0.814616 -0.240285
v 37.9617 -78.8292 988.197
vn -0.937579 0.339307 -0.0762611
v 38.2829 -78.4818 988.264
vn -0.361842 0.8596 -0.360774
v 37.874 -78.324 989.505
vn -0.71209 0.640715 -0.287073
v 38.2167 -77.8601 989.898
vn -0.859145 0.511376 -0.0191177
v 38.6672 -77.005 989.143
vn 0.886887 -0.365728 0.282268
v 38.6552 -86.5399 1037.31
vn -0.1483 0.815334 -0.559676
v 37.2355 -71.9756 971.727
vn 0.16854 0.747091 -0.643
v 39.213 -73.4192 970.608
vn 0.506757 -0.16901 0.84536
v 37.9213 -74.7297 977.274
vn 0.0934548 -0.544596 0.833476
v 39.0727 -74.11 977.17
vn 0.322299 -0.2929 0.900185
v 37.3181 -74.8594 977.67
vn 0.260762 -0.313894 0.912948
v 37.1102 -72.8691 978.414
vn 0.419405 -0.335943 0.843352
v 38.4003 -73.4968 977.575
vn 0.140603 -0.6045 0.784099
v 38.9023 -72.6937 978.419
vn 0.614602 -0.32535 0.718618
v 39.2031 -72.6387 978.276
vn -0.44986 0.785571 -0.424858
v 39.0911 -76.0562 992.062
vn 0.94277 -0.185761 0.276905
v 36.9118 -85.3101 1044.93
vn -0.476415 0.833858 -0.278764
v 37.1429 -71.3257 972.764
vn -0.104241 0.86658 -0.48803
v 37.8471 -71.1875 972.799
vn -0.264016 0.949088 -0.171835
v 37.4199 -71.1753 973.1
vn -0.470337 0.875419 -0.111464
v 37.9648 -70.8787 974.075
vn -0.551582 -0.237589 0.799568
v 37.1662 -70.6272 979.611
vn 0.180365 -0.427279 0.885947
v 38.0884 -70.8678 979.753
vn -0.411159 0.770617 -0.486927
v 38.6235 -75.1377 994.658
vn 0.223759 0.836726 -0.499821
v 38.401 -73.7436 997.648
vn -0.278675 0.317853 0.906261
v 36.5135 -76.2128 1007.54
vn 0.0736948 -0.288293 0.954702
v 36.4632 -75.6371 1007.44
vn -0.369494 0.0915617 0.924711
v 36.7612 -75.616 1007.49
vn -0.457273 0.883272 0.103592
v 37.6526 -75.7336 1008.25
vn -0.0277957 0.738766 0.673388
v 37.936 -75.4555 1008
vn -0.160118 0.872913 0.460852
v 38.2375 -75.5541 1008.29
vn 0.0618201 0.869275 0.490449
v 38.5368 -75.4368 1008.01
vn -0.444004 0.875623 -0.190118
v 37.9162 -75.6393 1009.19
vn 0.908877 -0.327955 0.257659
v 36.1604 -83.1817 1048.05
vn -0.860147 0.017168 0.509757
v 36.8701 -70.3027 979.344
vn -0.551967 0.818099 -0.161389
v 37.1359 -70.1212 979.075
vn -0.544264 0.837037 0.0560891
v 37.6637 -69.6881 979.77
vn -0.434963 0.0217374 0.900186
v 37.6769 -69.7838 980.058
vn -0.272175 -0.229987 0.934359
v 37.7009 -70.0407 980.053
vn -0.480224 0.856197 0.190556
v 38.2458 -69.4411 980.128
vn -0.151674 -0.0678954 0.986096
v 38.2683 -69.702 980.184
vn -0.282359 0.769097 -0.573379
v 36.8484 -73.3708 997.997
vn 0.676653 0.722373 0.142539
v 38.7071 -74.9047 1006.28
vn 0.853131 0.424765 0.30289
v 38.5691 -74.0094 1004.61
vn 0.0473708 -0.370197 0.927745
v 37.2682 -74.7206 1007.9
vn -0.500797 0.550988 0.667543
v 37.6237 -75.2925 1007.87
vn 0.458235 -0.169254 0.872567
v 37.5382 -74.3948 1007.94
vn 0.809529 0.586585 -0.0240915
v 37.4551 -73.4674 1007.84
vn 0.121293 0.447012 0.886266
v 37.9224 -75.2621 1007.86
vn 0.404999 0.229211 0.88512
v 37.8957 -74.9418 1007.77
vn 0.80221 0.582041 0.132995
v 38.1099 -74.4192 1006.67
vn 0.727483 0.147496 0.670085
v 37.9608 -74.2937 1007.6
vn 0.380173 0.662576 0.645338
v 38.2229 -75.2111 1007.74
vn 0.691738 0.329201 0.642749
v 38.1978 -74.8697 1007.53
vn 0.762021 0.422328 0.490881
v 38.5057 -74.735 1006.92
vn -0.302038 0.89119 -0.338458
v 38.4503 -75.0395 1009.61
vn 0.875738 -0.419543 0.238887
v 35.7763 -81.8223 1052.25
vn -0.0465026 0.857826 -0.511833
v 37.0589 -70.4459 1001.88
vn 0.410242 0.718899 -0.561147
v 38.0875 -71.3274 1000.51
vn 0.846445 0.498665 -0.186717
v 38.0371 -70.9981 1001.15
vn -0.337426 0.931654 0.134773
v 36.1902 -70.2504 1002.81
vn -0.272741 0.893241 -0.357397
v 36.4166 -70.2349 1002.51
vn 0.031418 0.998206 -0.0509681
v 37.5756 -69.9587 1003.19
vn -0.211003 0.917003 0.338503
v 37.5738 -70.1333 1003.77
vn -0.392113 0.889869 0.233195
v 37.5756 -70.3446 1004.34
vn 0.894035 0.35535 0.272816
v 38.1155 -70.9273 1004.24
vn 0.611858 0.730043 -0.304412
v 37.9053 -70.1511 1002.86
vn 0.850516 0.205357 0.484201
v 38.0536 -70.5839 1004
vn 0.617247 0.655082 -0.435745
v 37.9011 -70.5904 1004.3
vn 0.519404 0.854115 -0.0265845
v 37.886 -70.0504 1003.18
vn 0.242185 0.935821 0.256098
v 37.8744 -70.2227 1004.06
vn 0.854043 -0.0822664 0.513656
v 38.3312 -71.3958 1003.55
vn 0.563663 0.706183 -0.428475
v 38.2012 -70.6756 1004.6
vn 0.784384 -0.0815445 0.614892
v 37.3595 -72.0444 1006.67
vn -0.534927 0.843337 0.0513357
v 37.4934 -70.2797 1006.79
vn 0.819127 0.0941638 0.565831
v 36.4801 -70.8708 1008.19
vn 0.927272 0.300674 0.223072
v 36.9809 -72.7094 1008.48
vn 0.910515 0.0745128 0.406707
v 36.9099 -72.2275 1009.17
vn 0.900941 0.427676 -0.0734779
v 36.6696 -71.9626 1009.22
vn 0.95215 0.213957 0.218249
v 36.7262 -71.8429 1008.63
vn 0.811947 0.463557 0.354764
v 37.2571 -72.9804 1008.44
vn 0.600964 -0.360951 0.713131
v 37.1642 -73.0415 1008.73
vn 0.282973 -0.483125 0.828563
v 36.1811 -73.2594 1009.41
vn 0.502105 -0.488069 0.713918
v 36.8318 -72.5839 1009.41
vn 0.861429 0.493876 -0.118429
v 36.732 -71.9997 1009.52
vn -0.366312 0.839294 -0.401747
v 37.0432 -73.8394 1013.16
vn -0.550996 0.700088 -0.454182
v 36.1462 -72.5276 1017.34
vn 0.951847 -0.192479 0.238617
v 36.0441 -80.9074 1052.41
vn 0.769916 0.0740053 0.63384
v 37.9584 -70.1222 1006.52
vn -0.444011 0.895876 0.0161673
v 37.7741 -69.9748 1006.54
vn 0.606498 0.726184 -0.323755
v 38.109 -70.0034 1005.93
vn -0.387719 0.888745 -0.244553
v 36.3062 -70.5903 1008.24
vn 0.684697 0.710836 -0.16094
v 36.4578 -70.6811 1008.84
vn -0.306264 0.89153 -0.333732
v 36.2456 -70.5223 1008.86
vn 0.380353 -0.471648 0.795537
v 35.8967 -70.713 1010.96
vn -0.460239 0.709283 -0.533946
v 35.7973 -69.5347 1010.63
vn 0.941717 -0.0274663 0.335283
v 36.0021 -69.6071 1011.15
vn 0.790787 -0.166727 0.588947
v 35.8625 -69.6725 1011.45
vn 0.61715 0.733217 -0.285514
v 35.9545 -69.3148 1011.21
vn -0.339969 0.73343 -0.588643
v 35.7359 -69.0786 1011.25
vn 0.82553 0.0746605 0.559399
v 35.8476 -69.3772 1011.5
vn 0.7666 0.161848 0.621394
v 35.7394 -69.0905 1011.55
vn 0.975424 0.2203 0.00397129
v 36.2454 -70.0205 1010.17
vn 0.879888 0.388366 0.273804
v 37.6305 -76.0116 1048.13
vn 0.963926 0.0630544 0.258594
v 35.4765 -77.8718 1055.69
vn -0.0647451 0.833314 -0.548996
v 37.6344 -69.8548 1020.35
vn 0.814822 -0.228055 0.532969
v 37.5181 -71.8638 1033.33
vn 0.238645 -0.137393 0.961339
v 35.1778 -71.3135 1035.83
vn -0.0227287 0.787729 0.615603
v 35.5325 -71.8951 1035.85
vn 0.57087 -0.0975367 0.815227
v 35.7982 -71.2039 1035.55
vn 0.538995 0.774012 0.332249
v 36.2458 -71.9999 1035.11
vn 0.726469 -0.161846 0.667869
v 36.3835 -71.3413 1034.93
vn 0.785683 -0.220892 0.577848
v 37.1943 -70.5678 1034.47
vn 0.877588 -0.12202 0.463627
v 37.3602 -70.4999 1034.18
vn -0.193307 0.976452 -0.0957783
v 35.2349 -72.281 1036.88
vn -0.0428868 0.764411 0.643301
v 35.5502 -72.2302 1036.28
vn 0.0809348 0.970977 -0.225065
v 37.1917 -71.5036 1039.48
vn 0.903291 0.327613 0.277012
v 37.1184 -75.0641 1047.68
vn 0.829972 0.204498 0.518967
v 35.5322 -74.3573 1051.45
vn 0.78911 0.49168 0.368181
v 36.1177 -75.1406 1051.01
vn 0.530228 0.808852 0.254196
v 35.0094 -75.293 1053.1
vn 0.762462 0.555515 0.331746
v 35.7757 -75.7837 1052.72
vn 0.83548 0.481842 0.264199
v 35.1395 -76.2623 1055.06
vn 0.361491 -0.272722 0.891598
v 35.9297 -69.7512 1036.07
vn 0.73944 -0.220974 0.635924
v 36.749 -68.6585 1035.54
vn 0.607025 0.762905 -0.22248
v 36.8575 -70.0087 1044.93
vn 0.854428 -0.266293 0.44614
v 35.1261 -72.7197 1052.34
vn 0.441462 -0.327923 0.835211
v 35.7388 -67.9246 1036.75
vn 0.357705 0.85953 -0.365042
v 35.6592 -69.6233 1044.37
vn 0.422782 0.828287 -0.367691
v 36.1676 -69.1476 1045.99
vn 0.529671 0.757545 -0.381541
v 36.3361 -68.3758 1047.96
vn 0.663785 0.683187 -0.304376
v 36.486 -68.299 1048.89
vn -0.342941 0.7351 -0.584824
v 36.1918 -63.7988 1029.27
vn 0.271802 0.841317 -0.467236
v 34.5126 -67.8035 1046.73
vn 0.889355 -0.234215 0.392671
v 36.0246 -68.8842 1053.65
vn 0.910018 -0.188355 0.36931
v 36.4797 -68.388 1052.83
vn 0.888569 -0.0975776 0.448246
v 36.3651 -67.7003 1052.34
vn 0.796229 -0.292876 0.52938
v 36.1756 -66.6361 1053.14
vn 0.912568 0.391971 -0.116529
v 36.5853 -67.9766 1052.3
vn 0.872763 0.415209 -0.256683
v 36.3541 -66.9686 1053.39
vn 0.84636 -0.521339 0.108997
v 34.5519 -68.8996 1056.37
vn 0.503375 -0.62918 0.592238
v 34.4405 -68.823 1057.6
vn 0.982289 0.00635699 0.187264
v 34.4 -67.8843 1057.46
vn 0.979209 0.0309488 0.200477
v 34.2888 -67.9995 1058.05
vn -0.706172 0.337248 -0.622563
v 34.5041 -62.4218 1031.93
vn -0.332856 0.687078 0.645857
v 34.4662 -62.4394 1032.23
vn -0.0459332 0.99512 -0.0873266
v 34.7566 -62.3288 1032.25
vn -0.0264159 0.991757 -0.125379
v 35.0752 -62.4082 1031.94
vn -0.157521 0.799871 0.579132
v 35.101 -62.8204 1032.78
vn 0.0295945 0.943581 0.329818
v 35.0655 -62.4059 1032.24
vn -0.657043 0.637317 -0.402644
v 35.5118 -62.2758 1031.66
vn -0.0967472 0.981292 0.16645
v 35.3678 -62.3678 1032.1
vn -0.633029 0.577539 0.515484
v 35.6122 -62.0222 1032.01
vn -0.304229 0.884519 0.353653
v 35.6748 -62.6675 1032.81
vn -0.213944 0.873329 -0.437636
v 35.9323 -61.8358 1031.75
vn 0.0305893 0.976969 -0.211178
v 36.239 -61.8907 1031.74
vn -0.176152 0.801547 -0.571396
v 36.6067 -62.3573 1031
vn -0.337191 0.906862 0.252792
v 36.5367 -61.8538 1031.75
vn -0.0996258 0.822525 0.559935
v 36.5351 -61.9389 1032.06
vn 0.0173389 0.251776 0.96763
v 34.8226 -62.059 1039.01
vn -0.287799 0.956402 -0.0496622
v 34.7899 -61.5333 1038.49
vn -0.198266 0.928387 0.314305
v 34.79 -61.6306 1038.78
vn 0.197427 -0.156517 0.967742
v 35.2112 -62.9965 1039
vn 0.45892 0.328367 0.825571
v 35.4281 -62.024 1038.82
vn -0.128797 0.974475 -0.183872
v 35.6967 -61.4663 1038.21
vn 0.464034 0.732618 -0.49794
v 36.0036 -66.0566 1051.72
vn 0.586587 0.697775 -0.411126
v 34.4698 -64.5602 1052.57
vn 0.979341 0.178852 -0.0943569
v 36.1605 -66.149 1053.84
vn 0.734332 -0.370869 0.568518
v 36.1702 -65.3631 1053.98
vn 0.64888 0.659809 -0.378956
v 36.1231 -64.8833 1054.06
vn 0.94651 -0.106439 0.304613
v 35.6298 -66.0244 1056.29
vn 0.812652 -0.372088 0.448494
v 35.9147 -64.8637 1056.81
vn 0.935165 -0.18351 0.302969
v 36.343 -66.0451 1055.08
vn 0.825172 -0.329438 0.458871
v 35.6076 -66.1838 1057.18
vn 0.67933 -0.412071 0.607214
v 34.0889 -66.0985 1059.3
vn 0.175133 0.759866 -0.626044
v 33.9744 -63.9991 1052.67
vn 0.817936 0.516914 -0.252548
v 33.9789 -62.3027 1055.1
vn 0.57162 0.721317 -0.391091
v 34.3041 -62.6741 1055.65
vn 0.370654 0.783957 -0.498024
v 34.7064 -63.0224 1055.29
vn 0.761018 0.545655 -0.350873
v 35.4812 -63.3156 1056.47
vn 0.786955 0.489173 -0.376049
v 36.0913 -64.4457 1056.28
vn 0.572476 0.605926 -0.552382
v 35.8728 -63.0874 1057.12
vn 0.961344 0.0475688 0.271209
v 35.0624 -64.6641 1058.66
vn 0.970033 0.0678388 0.233313
v 34.969 -63.7781 1058.79
vn 0.935773 -0.171081 0.308318
v 35.7898 -63.0606 1058.65
vn 0.634361 -0.507165 0.583412
v 35.5058 -63.1648 1059.08
vn 0.683174 -0.414532 0.601196
v 34.4661 -65.186 1059.78
vn 0.908984 -0.0561909 0.413025
v 34.4255 -63.5544 1060.68
vn 0.939412 0.100398 0.327759
v 34.3639 -63.2634 1060.73
vn 0.885841 0.416491 -0.204504
v 33.7605 -60.6133 1057.54
vn 0.815635 0.514254 -0.265108
v 33.9993 -62.1708 1056.1
vn 0.336924 0.754705 -0.562941
v 34.2599 -62.1897 1056.35
vn 0.253487 0.75046 -0.610371
v 34.722 -61.1698 1057.76
vn 0.55879 0.709011 -0.430182
v 34.9075 -61.746 1057.66
vn 0.899516 -0.147629 0.411189
v 35.5073 -62.0574 1059.74
vn 0.748368 0.580429 -0.321011
v 35.3179 -61.2076 1059.28
vn 0.977759 0.208532 0.0224173
v 35.8295 -62.4111 1058.46
vn 0.809421 -0.204518 0.550464
v 33.8849 -62.8224 1061.72
vn 0.94637 -0.0100919 0.322927
v 34.3608 -62.3212 1060.59
vn 0.880078 0.460753 -0.11476
v 35.3827 -60.9347 1060.25
vn -0.454869 0.683959 0.570345
v 33.2529 -58.6888 1060.01
vn 0.640299 0.60064 -0.4788
v 33.7406 -60.1559 1058.4
vn 0.542947 0.640598 -0.542994
v 33.8913 -58.6472 1060.33
vn -0.400406 0.877738 0.263155
v 33.8372 -58.9848 1061.49
vn -0.486341 0.783613 0.386552
v 33.8316 -58.7838 1061.07
vn 0.789699 0.564824 -0.239476
v 34.4584 -59.2928 1060.83
vn 0.590252 0.802342 -0.0886008
v 34.1516 -58.9249 1060.89
vn 0.798274 0.59002 -0.120976
v 34.5702 -59.0906 1061.48
vn 0.583194 0.80859 -0.0778837
v 34.4244 -58.9246 1061.81
vn 0.920063 0.150227 0.361824
v 34.5807 -59.247 1062.37
vn -0.313151 0.946647 0.0761346
v 34.4074 -58.9455 1062.42
vn 0.569627 -0.486456 0.662485
v 33.2017 -59.2012 1064.79
vn 0.682592 -0.48444 0.547162
v 33.5177 -59.668 1064.1
vn -0.212013 0.94097 -0.263869
v 33.4489 -58.969 1064.23
vn 0.766594 -0.40251 0.500319
v 34.1587 -59.9844 1062.84
vn -0.177494 0.982296 -0.0599163
v 33.8058 -59.148 1062.98
vn 0.113676 0.993309 0.0203581
v 33.9965 -59.1619 1063.29
vn 0.771091 -0.3559 0.527972
v 34.092 -59.1881 1063.59
vn -0.991159 0.0983935 -0.0890126
v 51.9722 -127.427 816.332
vn -0.968051 -0.182525 -0.171936
v 51.8617 -127.647 817.51
vn -0.950694 0.24656 -0.188121
v 51.8977 -127.294 817.269
vn -0.812183 0.556279 -0.175816
v 51.6622 -127.178 818.211
vn -0.9119 -0.371947 -0.173475
v 51.1786 -127.746 821.14
vn -0.700471 0.698592 -0.145981
v 51.212 -127.394 820.899
vn -0.946945 -0.144618 -0.287021
v 50.6425 -127.517 823.002
vn -0.725169 0.550573 -0.413521
v 50.6552 -127.167 822.76
vn -0.700779 -0.707893 -0.0882967
v 50.7672 -128.799 828.565
vn -0.747518 -0.662106 0.0532221
v 50.8487 -129.194 834.287
vn -0.876429 -0.440271 -0.195022
v 49.5909 -126.812 825.551
vn -0.709828 0.542976 -0.448688
v 50.1168 -126.292 824.433
vn -0.481246 0.771163 -0.416786
v 49.7333 -125.388 826.418
vn -0.833657 -0.550824 0.0401102
v 49.4323 -127.493 834.266
vn -0.915044 -0.402861 0.0199327
v 49.4102 -127.513 836.091
vn -0.694904 -0.715232 0.0745117
v 49.76 -128.022 835.7
vn -0.880735 -0.458496 0.11869
v 49.5327 -127.659 836.981
vn -0.562367 -0.802601 0.198936
v 50.2505 -127.993 836.932
vn -0.942693 -0.330324 0.047077
v 50.7312 -128.648 838.041
vn -0.976912 -0.213493 0.0079284
v 50.6409 -128.254 837.5
vn -0.824185 -0.551921 0.126899
v 50.9191 -128.979 838.289
vn -0.85083 -0.516248 0.0978567
v 49.2164 -126.833 835.6
vn -0.875608 -0.445754 0.186047
v 49.1201 -126.076 838.477
vn -0.5692 -0.796307 0.204711
v 50.4436 -127.07 841.062
vn -0.945719 -0.303468 0.11629
v 50.6787 -126.979 844.13
vn -0.510334 0.726261 -0.460549
v 48.9278 -122.192 833.074
vn -0.721659 0.567566 -0.396331
v 48.479 -121.368 835.348
vn -0.5875 0.651503 -0.479986
v 49.2322 -120.029 836.209
vn -0.857249 -0.44238 0.263485
v 50.0492 -122.521 846.442
vn -0.402396 0.608107 -0.684313
v 50.3617 -119.139 836.006
vn -0.812822 0.464374 -0.351677
v 50.1463 -117.358 837.614
vn -0.879892 0.406164 -0.246618
v 48.5442 -118.903 838.839
vn -0.861782 0.45124 -0.231764
v 48.5845 -118.166 839.885
vn -0.926409 0.372566 -0.0544146
v 48.4843 -119.834 842.328
vn -0.990825 0.0890702 0.101645
v 48.4492 -119.331 841.199
vn -0.957494 -0.211705 0.195924
v 48.1751 -120.666 843.394
vn -0.911959 0.405816 -0.0603576
v 48.4327 -119.124 845.198
vn -0.941458 -0.282752 0.183596
v 49.061 -121.161 846.671
vn -0.963717 -0.135496 0.22998
v 49.1784 -119.771 847.531
vn -0.996538 0.0199378 0.0807136
v 49.1982 -119.927 848.418
vn -0.996864 0.0729121 0.0307643
v 48.3616 -118.152 841.409
vn -0.910815 0.411941 0.0268421
v 49.0785 -118.144 845.205
vn -0.972154 0.181372 0.148394
v 49.2077 -117.813 845.139
vn -0.981937 -0.0821395 0.170451
v 48.5904 -118.482 846.839
vn -0.905599 0.423931 -0.0131269
v 48.9295 -117.909 847.251
vn -0.931308 0.364089 0.0102385
v 49.25 -117.862 845.436
vn -0.957717 -0.113269 0.264476
v 48.8948 -118.611 847.735
vn -0.934297 -0.254668 0.249468
v 49.4776 -118.994 851.942
vn -0.755182 -0.549596 0.357274
v 49.7733 -119.56 851.845
vn -0.981162 0.187773 -0.0454198
v 48.9569 -115.358 844.965
vn -0.969037 -0.145516 0.19948
v 49.436 -115.925 846.7
vn -0.989296 0.0939716 0.111639
v 49.2035 -116.872 850.184
vn -0.89011 0.443809 -0.10362
v 49.3954 -116.549 849.635
vn -0.911716 -0.26556 0.313451
v 49.4001 -116.959 850.781
vn -0.77851 0.545636 -0.310168
v 49.6098 -111.947 846.804
vn -0.978007 -0.143619 0.151245
v 49.1675 -113.944 849.187
vn 0.00980883 -0.998528 -0.0533434
v 47.5355 -114.447 912.773
vn -0.707003 -0.578104 -0.40736
v 46.8874 -109.72 901.722
vn -0.609861 -0.63936 -0.468282
v 46.3064 -111.309 904.172
vn -0.0386588 -0.999215 0.00861179
v 44.9791 -115.011 928.789
vn -0.736049 -0.624454 -0.261321
v 45.8238 -107.924 899.895
vn -0.841268 -0.335374 -0.42402
v 46.3091 -107.66 898.425
vn 0.2808 -0.957575 0.0648136
v 45.7034 -114.632 933.439
vn 0.291802 -0.955388 0.0456633
v 46.5928 -114.292 932.903
vn -0.856658 -0.245031 -0.453979
v 46.5857 -104.196 896.306
vn -0.810984 -0.365345 -0.456977
v 44.988 -104.52 898.968
vn 0.339178 -0.934216 0.110444
v 46.4155 -113.38 945.561
vn -0.905885 -0.0938161 -0.413002
v 45.1909 -102.511 898.111
vn -0.917255 -0.152312 -0.368027
v 46.0595 -100.753 893.866
vn -0.802135 0.381018 -0.459788
v 46.1869 -100.11 893.983
vn -0.886395 -0.350166 -0.302799
v 44.6134 -100.225 896.987
vn -0.913909 0.0609848 -0.401311
v 44.5705 -99.903 896.872
vn -0.802342 0.396988 -0.445699
v 44.6199 -99.3347 897.147
vn 0.369311 -0.918789 0.139415
v 43.7232 -111.14 967.258
vn 0.392463 -0.901725 0.181289
v 43.8088 -110.394 971.965
vn -0.735392 0.500393 -0.456953
v 44.516 -97.073 899.869
vn -0.833595 0.330184 -0.44283
v 46.0763 -96.3375 898.314
vn -0.851405 0.109812 -0.512885
v 44.1018 -95.3699 902.116
vn 0.442004 -0.853189 0.276951
v 43.4639 -108.913 978.626
vn -0.838658 0.0472185 -0.542608
v 44.3424 -93.4101 901.556
vn -0.771943 0.337912 -0.538442
v 44.5837 -88.9953 902.654
vn 0.21498 -0.94917 0.229914
v 43.5549 -104.507 991.607
vn -0.824855 0.217999 -0.521623
v 45.2422 -83.9899 904.169
vn 0.593455 -0.755857 0.27657
v 42.663 -100.687 1008.86
vn 0.732203 -0.588566 0.342738
v 43.0384 -100.037 1008.86
vn 0.70233 -0.601185 0.381195
v 41.0603 -98.6765 1015.62
vn 0.666494 -0.637923 0.385798
v 42.8001 -97.74 1014.75
vn -0.603992 0.670199 -0.431308
v 41.9579 -77.3501 913.539
vn -0.552096 0.681496 -0.480368
v 42.7604 -76.5819 914.52
vn -0.671808 0.535748 -0.511514
v 43.1787 -75.4231 915.121
vn -0.0208241 0.99784 -0.0623053
v 43.4053 -74.9399 917.954
vn 0.337176 0.939793 0.0556893
v 42.0918 -74.8029 921.008
vn 0.0570856 0.998097 0.023317
v 42.3892 -75.0531 921.881
vn -0.231498 0.970568 -0.0663827
v 42.9778 -74.9104 921.916
vn -0.253105 0.967007 -0.0289053
v 41.6819 -74.9525 924.937
vn 0.844471 -0.343844 0.410658
v 41.7109 -94.2091 1020.12
vn -0.785957 0.559422 -0.263284
v 43.1678 -74.0613 922.963
vn -0.436828 0.897232 -0.064468
v 42.7538 -73.5975 925.195
vn 0.0996308 0.984411 0.144943
v 43.3339 -73.6585 926.107
vn -0.71515 0.694718 -0.0769917
v 41.2517 -74.5107 927.753
vn -0.38014 0.907737 0.177501
v 41.8056 -74.1118 928.137
vn 0.0221688 0.963119 0.268159
v 42.7015 -73.9345 927.877
vn -0.00725027 0.974376 0.224806
v 43.3192 -74.1846 928.146
vn -0.43934 0.884952 0.154406
v 41.2241 -75.966 932.979
vn -0.518122 0.852471 0.0695863
v 41.7907 -75.504 932.765
vn -0.284443 0.958061 0.0347929
v 42.9531 -74.9728 932.572
vn -0.585714 0.80542 -0.0907619
v 41.4822 -75.8166 933.924
vn -0.487027 0.869924 -0.0777045
v 42.3074 -75.0168 934.079
vn -0.469056 0.844918 -0.257098
v 42.2733 -74.9594 935.003
vn -0.090711 0.952151 -0.291856
v 43.1494 -74.6871 935.099
vn -0.711753 0.462105 0.529024
v 41.3739 -77.0141 948.948
vn -0.036975 0.980594 0.192532
v 41.424 -77.9488 951.829
vn -0.394488 0.701912 0.593042
v 42.9017 -77.3669 951.04
vn -0.2613 0.808264 -0.527667
v 42.9452 -73.3007 937.523
vn -0.54676 0.582487 0.601466
v 40.9969 -72.9082 940.838
vn -0.643195 0.665481 0.378729
v 40.7386 -73.442 941.043
vn -0.848668 -0.0206486 0.528523
v 41.5118 -76.7046 949.005
vn -0.712302 -0.0977495 0.695033
v 42.0211 -76.7623 949.612
vn -0.700581 -0.415239 0.580312
v 41.9267 -76.1961 949.819
vn -0.641942 0.194468 0.741682
v 42.575 -76.8111 950.193
vn 0.20178 0.976719 -0.07283
v 41.7955 -78.2039 960.018
vn 0.0883141 0.985184 -0.147013
v 41.075 -77.7771 962.523
vn 0.24347 0.950172 -0.194666
v 41.3212 -77.6024 963.777
vn 0.254153 0.924448 -0.284256
v 42.1799 -77.7215 965.596
vn -0.744905 0.531502 0.403264
v 40.9853 -72.6938 940.571
vn -0.646696 0.689749 -0.325622
v 42.6719 -71.2682 940.241
vn -0.775438 0.630287 -0.0378741
v 40.5473 -73.5227 947.427
vn -0.832754 -0.329641 0.444812
v 40.7009 -73.193 951.191
vn -0.808475 0.575804 -0.121729
v 40.6421 -72.5805 951.254
vn -0.472889 -0.528646 0.704918
v 41.7381 -74.6186 951.175
vn 0.0489384 0.960845 -0.272731
v 40.6044 -76.9829 965.588
vn 0.24642 0.82586 -0.507181
v 40.5027 -76.3717 967.033
vn 0.253899 0.915397 -0.312385
v 40.8631 -76.7804 966.355
vn 0.267535 0.744804 -0.611304
v 40.7092 -75.6974 968.071
vn 0.425336 0.769259 -0.476792
v 41.4153 -76.6439 967.577
vn 0.419806 0.780362 -0.463464
v 42.2861 -76.5103 968.253
vn 0.742289 0.668085 0.0516575
v 42.1766 -76.916 972.979
vn -0.761966 -0.185255 0.620555
v 41.0098 -72.3713 951.907
vn -0.571364 -0.341292 0.746366
v 41.4948 -72.4136 952.413
vn -0.0882796 0.961485 -0.260296
v 41.4608 -72.0041 952.284
vn -0.483513 -0.174255 0.857817
v 41.5945 -72.1252 952.569
vn -0.258953 -0.406964 0.87597
v 42.0881 -72.4052 952.695
vn 0.0451349 0.998694 -0.0239202
v 42.0487 -71.951 952.607
vn 0.163548 0.736404 -0.656477
v 40.504 -74.0672 969.8
vn 0.907757 -0.185577 0.376216
v 41.751 -74.6476 973.76
vn 0.836426 -0.344289 0.426446
v 41.5746 -74.18 974.477
vn -0.122773 0.897194 0.424228
v 39.9367 -76.5744 976.132
vn -0.0894791 0.522249 0.848086
v 39.9291 -76.4498 976.006
vn 0.0575137 0.328357 0.942801
v 40.2756 -76.0942 975.918
vn 0.297159 -0.258375 0.919206
v 40.1434 -75.5085 975.995
vn -0.133528 0.942363 0.306792
v 40.5214 -76.4892 976.461
vn -0.129715 0.76294 0.633322
v 40.518 -76.3582 976.179
vn 0.497751 0.084117 0.863231
v 40.7066 -75.705 975.689
vn 0.0622822 0.65408 0.753857
v 40.8078 -76.1444 975.917
vn 0.819323 -0.221348 0.528881
v 40.7875 -75.0517 975.503
vn 0.800031 0.439243 0.408676
v 41.3371 -76.1874 975.307
vn 0.909273 -0.0336926 0.414834
v 41.062 -74.9213 974.92
vn 0.0451728 0.927693 0.3706
v 41.43 -76.4404 976.178
vn 0.0310096 0.995333 0.0913762
v 40.8003 -76.744 977.943
vn 0.427432 0.903962 -0.012429
v 41.9962 -76.9387 978.84
vn 0.210982 0.977323 0.0180787
v 39.8143 -76.5636 980.031
vn 0.0101214 0.999878 -0.0118787
v 40.2282 -76.5953 986.191
vn 0.568798 0.822366 -0.0135266
v 41.1672 -76.888 989.505
vn 0.445037 0.673474 -0.590232
v 40.8037 -71.7858 972.735
vn 0.675903 0.652202 -0.343201
v 42.0253 -73.1731 972.504
vn 0.976302 0.142392 0.162968
v 41.5232 -73.2902 974.609
vn 0.827015 0.518557 -0.217128
v 41.6747 -72.7696 973.486
vn 0.801036 0.522594 -0.291953
v 41.7212 -72.5735 974.131
vn 0.98089 0.0835671 0.175701
v 41.3814 -72.0152 974.226
vn 0.962262 0.020893 0.271321
v 41.1796 -72.2402 975.402
vn 0.809383 -0.27795 0.517342
v 41.4461 -73.1609 975.563
vn 0.415308 0.903562 -0.105333
v 40.2713 -76.0325 992.812
vn 0.30452 0.941237 -0.146085
v 41.2592 -76.8499 992.561
vn 0.561236 0.813316 -0.1534
v 40.1314 -75.7989 994.867
vn 0.286077 0.921958 -0.261063
v 40.8437 -76.2819 994.534
vn 0.424016 0.889365 -0.170999
v 41.4173 -76.1654 995.124
vn 0.711978 0.701994 -0.0170743
v 40.9846 -75.6008 997.658
vn 0.937132 -0.191968 0.291431
v 38.8612 -85.0573 1037.69
vn -0.0123223 0.719366 -0.694522
v 39.4278 -70.2707 973.684
vn -0.563051 0.811598 -0.155827
v 39.3669 -69.8167 974.285
vn -0.333715 0.736066 -0.588932
v 39.9297 -69.4374 974.441
vn 0.976105 0.0348972 0.214477
v 41.3243 -71.4105 974.257
vn 0.955557 0.0489534 0.290713
v 40.9727 -71.5266 976.441
vn 0.984334 -0.0160052 0.175584
v 41.0601 -69.686 976.467
vn 0.914175 -0.185926 0.36016
v 40.8466 -69.8631 977.347
vn 0.671521 -0.316506 0.669988
v 39.6924 -71.4132 978.272
vn 0.460562 0.775932 -0.43106
v 39.1529 -74.2324 997.571
vn 0.475494 0.810601 -0.341805
v 39.7728 -75.2448 996.789
vn 0.426056 0.764206 -0.484216
v 39.6626 -74.4139 997.851
vn 0.838438 0.544074 -0.0316911
v 40.0917 -74.3026 998.487
vn 0.227307 0.871203 -0.435128
v 40.6272 -75.2299 997.109
vn 0.809472 0.587025 0.0125034
v 40.854 -75.4711 998.593
vn 0.615465 0.786144 -0.0563993
v 40.9499 -75.1835 1000.47
vn 0.881297 0.118425 0.457483
v 39.9884 -74.6973 1002.38
vn 0.563022 0.807049 0.177984
v 39.3888 -75.0676 1004.13
vn 0.120108 0.992507 -0.0224646
v 40.7316 -75.5367 1005.59
vn 0.304733 0.898243 0.316698
v 38.8424 -75.3838 1007.72
vn -0.333553 0.923504 -0.189426
v 38.8148 -75.2966 1008.35
vn 0.467539 0.864221 0.185821
v 39.2039 -75.2601 1006.84
vn 0.901675 -0.320574 0.290197
v 38.9966 -83.2301 1039.54
vn -0.333315 0.888273 -0.316026
v 40.1603 -68.9469 975.254
vn 0.0985871 0.832436 -0.54528
v 40.7567 -68.8997 975.319
vn 0.898052 -0.220822 0.380447
v 40.8731 -69.3197 977.749
vn -0.536296 0.82751 -0.166173
v 40.6212 -68.2175 977.638
vn 0.962347 0.0476932 0.267607
v 40.903 -68.4269 977.909
vn 0.0181703 0.986449 0.163061
v 40.5979 -68.2552 978.497
vn 0.99547 0.088693 0.0342531
v 41.1605 -69.0308 976.281
vn -0.220482 0.931333 -0.289839
v 40.9406 -68.2082 977.034
vn 0.57275 -0.382408 0.725067
v 39.1695 -69.5512 979.833
vn -0.459313 0.888235 -0.00840953
v 39.1284 -68.935 979.316
vn 0.747821 -0.322047 0.580559
v 39.705 -69.9871 979.137
vn -0.52652 0.83949 -0.134285
v 39.4262 -68.8039 979.039
vn 0.26665 -0.0456193 0.962713
v 39.517 -69.1144 979.29
vn 0.246827 0.817228 0.520783
v 39.4382 -69.0215 979.305
vn 0.172745 0.840627 0.513328
v 39.4786 -69.1704 979.584
vn 0.301584 -0.0397996 0.952609
v 39.719 -68.7813 979.25
vn 0.336032 -0.0339389 0.941239
v 40.2313 -68.699 979.07
vn -0.516864 0.855241 0.0376066
v 40.0719 -68.4171 979.118
vn -0.560851 0.824743 -0.0724229
v 40.2953 -68.2567 978.54
vn 0.871225 -0.0172007 0.490582
v 40.6565 -68.5546 978.492
vn 0.506616 0.735549 -0.449787
v 38.7466 -71.9991 1000.71
vn 0.889316 0.442675 0.114701
v 39.1326 -72.8393 1001.78
vn 0.867293 0.495692 0.0457512
v 39.4629 -73.2367 1000.76
vn 0.922444 -0.0722624 0.379309
v 39.3703 -72.5032 1001.54
vn 0.844534 -0.160149 0.510995
v 38.7807 -72.0868 1002.52
vn 0.61543 0.722571 -0.31486
v 38.9738 -72.1737 1003.12
vn 0.612002 0.715041 -0.33789
v 39.6842 -72.9454 1002.69
vn 0.0587591 0.928254 -0.367276
v 38.6639 -74.4783 1010.76
vn 0.159645 0.976102 -0.147441
v 39.6793 -75.0894 1009.01
vn 0.566265 0.731375 -0.380046
v 38.9461 -71.3501 1002.05
vn 0.813103 -0.142284 0.564463
v 38.5823 -71.1005 1003.3
vn 0.883404 0.137979 0.447838
v 38.5458 -70.7315 1003.38
vn -0.152477 0.888105 -0.433613
v 38.5452 -71.9042 1016.57
vn 0.694618 0.715744 0.0722257
v 39.5021 -73.8764 1025.07
vn 0.887425 0.202191 0.414242
v 39.9832 -73.6249 1023.92
vn 0.555926 0.828817 -0.0633161
v 40.0571 -74.4362 1026.81
vn 0.960298 0.0575592 0.272975
v 40.0059 -76.5912 1038.92
vn 0.957757 0.139753 0.251338
v 39.7825 -77.6773 1041.46
vn 0.296648 0.864634 -0.405473
v 40.0058 -70.5121 1020.19
vn 0.52884 0.74473 -0.407069
v 40.3365 -70.342 1021.14
vn 0.973212 0.134938 0.186144
v 39.4811 -73.8618 1028.43
vn 0.977054 0.203872 0.0616609
v 39.4524 -72.3466 1027.48
vn 0.505764 0.860811 0.0566296
v 38.4405 -73.1774 1033.41
vn 0.503358 0.826665 0.251508
v 37.7613 -72.8814 1034.98
vn 0.241443 0.950423 -0.195963
v 38.7275 -73.129 1033.73
vn 0.762856 0.64425 0.0547083
v 40.0742 -73.5476 1037.33
vn 0.864195 0.499475 0.0607556
v 39.6704 -73.7079 1039.73
vn 0.939092 -0.119244 0.322314
v 39.0436 -75.6691 1041.81
vn 0.918456 -0.242907 0.312146
v 39.4334 -75.1789 1040.99
vn 0.674716 0.555855 -0.485576
v 39.9043 -69.7363 1020.94
vn 0.905064 0.391641 -0.165757
v 39.9956 -69.8852 1021.83
vn 0.984028 0.177856 -0.00744065
v 39.873 -69.5474 1021.58
vn 0.946709 0.300616 -0.115639
v 39.7271 -68.8807 1022.92
vn 0.99159 0.0816358 0.100424
v 38.8743 -70.8817 1032
vn 0.457103 0.889211 0.0189982
v 38.5181 -72.6626 1038.38
vn 0.572821 0.81968 -0.000400589
v 38.6387 -72.5465 1037.79
vn 0.269955 0.945935 -0.179809
v 38.8537 -72.796 1038.36
vn 0.47687 0.878403 -0.0316767
v 39.1916 -72.975 1037.73
vn 0.449393 0.877914 -0.165264
v 38.0965 -71.9165 1039.12
vn 0.88701 0.447603 0.113426
v 38.0457 -72.0261 1039.71
vn 0.328155 0.91538 -0.233227
v 37.799 -71.648 1039.77
vn 0.81471 0.579813 -0.00802489
v 37.7633 -71.6664 1040.97
vn 0.737563 0.673116 -0.0539918
v 38.1662 -72.3186 1039.66
vn 0.929957 0.326822 0.168428
v 38.1728 -72.2228 1039.16
vn 0.434859 0.887689 -0.151349
v 39.1458 -72.7981 1038.67
vn 0.93751 0.302976 0.171118
v 39.4402 -73.1621 1039.98
vn 0.451034 0.870569 -0.196666
v 38.3486 -71.7571 1041.81
vn 0.77468 0.631947 -0.0226714
v 38.883 -72.2631 1041.51
vn 0.947722 -0.18176 0.26227
v 39.7048 -73.7751 1041.86
vn 0.92329 -0.186829 0.335606
v 38.3564 -73.0462 1045.63
vn 0.760974 -0.487774 0.427779
v 38.7533 -73.6723 1044.2
vn 0.736563 -0.491979 0.464147
v 38.9609 -73.1294 1044.7
vn 0.69921 -0.48662 0.523743
v 38.6328 -72.7678 1045.37
vn 0.936681 0.192981 0.29221
v 37.5877 -74.6857 1045.93
vn 0.818688 -0.400512 0.411509
v 37.8315 -74.0771 1045.97
vn 0.962553 0.259368 -0.0788711
v 39.6364 -68.1039 1023.67
vn 0.829876 0.4901 -0.266661
v 39.4948 -67.3843 1024.71
vn 0.862954 0.439501 -0.249297
v 39.7283 -67.8677 1024.63
vn 0.835135 0.469523 -0.286528
v 39.6886 -67.5605 1024.99
vn 0.776655 -0.439152 0.451611
v 39.5234 -69.5304 1031.64
vn 0.98063 -0.194044 0.0266759
v 39.6677 -69.2773 1030.77
vn 0.930827 -0.336882 0.141676
v 39.7208 -69.4597 1031.35
vn 0.981994 -0.125781 0.140952
v 39.6748 -68.8181 1031.16
vn 0.962693 0.0405833 0.267536
v 39.6447 -67.4423 1032.02
vn 0.73028 -0.324484 0.601166
v 37.5341 -70.0893 1033.95
vn 0.738498 -0.412559 0.533306
v 39.1706 -68.0293 1033.34
vn 0.861793 0.493106 -0.118988
v 39.8392 -68.3668 1032.16
vn 0.830484 -0.227454 0.508488
v 39.5361 -68.4788 1032.62
vn 0.910949 0.40375 -0.0846041
v 39.6843 -68.0845 1032.21
vn 0.38353 0.898852 -0.212062
v 37.4311 -71.2601 1040.75
vn 0.927276 -0.0361779 0.372627
v 38.8286 -71.8156 1045.85
vn 0.710949 0.67754 -0.188391
v 38.5515 -71.248 1045.95
vn 0.944936 0.32723 -0.00398469
v 37.7974 -71.3884 1048.05
vn 0.93706 0.343842 -0.0607549
v 37.6519 -71.1052 1048.1
vn 0.922879 0.381265 -0.0541332
v 37.7222 -71.1511 1048.39
vn 0.96362 0.250899 0.0921212
v 37.5903 -70.8142 1048.15
vn 0.946025 0.324092 -0.00073926
v 37.544 -70.871 1048.44
vn 0.729591 -0.449978 0.514992
v 37.5151 -70.577 1048.49
vn 0.967179 -0.0686453 0.244648
v 38.0616 -72.4457 1047.25
vn 0.696093 -0.413066 0.587224
v 38.0413 -72.046 1046.71
vn 0.838238 -0.183921 0.513352
v 38.1307 -71.1894 1047.11
vn 0.738865 -0.367311 0.564944
v 38.5249 -71.9347 1046.35
vn 0.941208 0.329571 -0.0742298
v 37.6138 -70.6727 1049.09
vn -0.224958 0.777635 -0.587092
v 38.4301 -64.6309 1027.63
vn 0.452767 0.742703 -0.49335
v 38.9612 -66.1077 1025.84
vn 0.838861 0.452813 -0.302114
v 39.4423 -65.7323 1027.44
vn 0.691895 0.577132 -0.43382
v 39.1857 -64.9181 1027.89
vn 0.933735 0.175256 0.31213
v 38.7602 -66.3032 1033.73
vn 0.653481 -0.427652 0.624561
v 39.0958 -67.3195 1034.47
vn 0.967137 0.248856 0.0521196
v 39.0091 -66.7053 1034.58
vn 0.41818 0.790397 -0.44766
v 36.9325 -68.6029 1048.84
vn 0.533784 0.77515 -0.33796
v 37.3782 -69.588 1047.14
vn 0.942807 -0.0178595 0.332859
v 36.8786 -68.8258 1051.24
vn 0.972517 0.104986 0.20782
v 37.2836 -69.7728 1050.73
vn 0.461434 0.778146 -0.426107
v 37.1877 -68.3268 1049.5
vn 0.781597 -0.392843 0.484541
v 37.7179 -69.7205 1048.95
vn 0.632787 0.626004 -0.45574
v 39.3426 -64.1708 1028.94
vn 0.889401 -0.0969652 0.446726
v 38.9084 -64.7579 1032.01
vn 0.894734 -0.116665 0.431091
v 38.895 -63.0616 1032.79
vn 0.558505 -0.417304 0.716889
v 39.326 -62.9691 1032.51
vn 0.887527 0.455422 -0.0699099
v 39.1195 -62.4818 1031.37
vn 0.927153 -0.0658514 0.368851
v 38.4507 -62.9635 1033.71
vn 0.962362 0.249967 0.106654
v 38.5774 -63.0566 1034.31
vn 0.662522 -0.220953 0.715712
v 36.8946 -64.4119 1037.56
vn 0.557874 -0.365493 0.745112
v 37.9381 -65.4887 1036.3
vn 0.913852 0.057929 0.401895
v 38.2225 -65.2562 1036.16
vn 0.884735 -0.157929 0.438523
v 36.9635 -68.3251 1051.02
vn 0.871096 0.475646 -0.122282
v 36.9477 -67.7332 1051.13
vn -0.410591 0.805818 0.426699
v 37.1074 -61.6261 1032.11
vn -0.350226 0.742056 -0.571572
v 37.389 -61.3297 1031.86
vn -0.274183 0.748796 -0.60343
v 37.7744 -61.9244 1030.94
vn -0.218427 0.919519 0.326764
v 37.6882 -61.4053 1032.15
vn 0.352407 0.801751 -0.482706
v 38.2917 -61.4142 1032.16
vn 0.124052 0.978641 0.16393
v 38.2764 -61.451 1032.76
vn 0.927514 0.345128 -0.143544
v 38.2916 -62.2029 1034.52
vn 0.0811583 0.964046 0.253038
v 38.2707 -61.683 1033.64
vn 0.944332 0.000661631 0.328993
v 38.5792 -61.6604 1033.34
vn 0.779883 0.116181 0.615049
v 36.89 -62.9001 1037.67
vn 0.900869 0.433914 0.0124196
v 37.1561 -63.0672 1037.03
vn -0.319426 0.902773 -0.288041
v 36.9764 -61.6447 1036.37
vn 0.846463 0.307566 0.434631
v 37.3042 -62.0113 1036.61
vn -0.485608 -0.866161 -0.11811
v 54.3984 -130.584 817.936
vn -0.739347 -0.501792 -0.448966
v 53.6984 -126.478 806.773
vn -0.471053 -0.722715 -0.505759
v 54.0981 -126.833 806.715
vn -0.79861 -0.514391 -0.312447
v 53.4793 -126.957 807.599
vn -0.654288 -0.73322 -0.185193
v 53.5908 -127.554 809.322
vn -0.424286 -0.79968 -0.424845
v 54.1417 -127.566 807.499
vn -0.480289 -0.844186 -0.238058
v 54.4286 -127.804 808.68
vn -0.615419 -0.763502 -0.195768
v 53.8157 -130.015 815.591
vn -0.866017 -0.469631 -0.171644
v 52.3023 -128.391 816.774
vn -0.878257 -0.282489 -0.385829
v 53.4935 -124.245 804.427
vn -0.829138 -0.306443 -0.46757
v 53.9427 -124.191 803.833
vn -0.727393 -0.539696 -0.423825
v 54.3646 -125.298 803.946
vn -0.986173 0.0107509 -0.165368
v 52.4519 -124.483 808.636
vn -0.969406 0.24001 0.0514591
v 52.4247 -124.59 809.226
vn -0.888343 -0.335234 -0.313791
v 53.1319 -125.746 807.506
vn -0.968237 -0.218011 -0.122431
v 52.2558 -126.614 811.909
vn -0.89973 -0.409932 -0.149807
v 52.2347 -126.93 813.681
vn -0.922744 0.374225 0.0921896
v 52.7098 -125.298 813.371
vn -0.34214 0.863851 0.369732
v 54.0059 -124.954 813.756
vn -0.979018 0.203771 0.000441384
v 52.1326 -126.853 814.913
vn -0.908201 0.416193 0.0442147
v 52.5478 -126.121 815.659
vn -0.832745 0.542415 -0.111
v 52.3899 -126.358 817.443
vn -0.144374 0.979942 0.137371
v 53.3738 -126.487 819.264
vn -0.19132 0.98042 -0.0466234
v 53.671 -126.445 819.275
vn -0.699838 0.705243 -0.113398
v 51.8367 -126.754 821.022
vn -0.192971 0.971463 -0.13792
v 52.4169 -126.623 821.359
vn -0.914057 -0.18104 -0.362939
v 53.5421 -123.182 804.008
vn -0.931733 0.36266 0.0187575
v 52.6546 -123.765 808.158
vn -0.554141 0.752457 0.356
v 53.854 -121.867 809.429
vn -0.48274 0.80654 -0.341256
v 51.7872 -126.54 821.974
vn -0.759694 -0.604222 0.240376
v 52.7502 -128.952 847.769
vn -0.727816 -0.640787 0.244287
v 53.3031 -129.738 847.332
vn -0.777588 -0.583299 0.234773
v 51.7369 -127.928 844.89
vn -0.916969 -0.371047 0.1466
v 52.0883 -128.105 846.082
vn -0.808428 -0.535737 0.243782
v 52.3411 -127.193 851.431
vn -0.544782 -0.747842 0.3794
v 53.3046 -127.313 852.642
vn 0.0842225 0.853174 -0.514783
v 51.8882 -121.657 833.213
vn -0.96589 -0.237145 0.104017
v 52.0308 -126.715 850.292
vn -0.837343 -0.470544 0.27829
v 51.8399 -125.302 850.847
vn 0.108597 0.75368 -0.648208
v 50.8199 -120.397 834.725
vn -0.608341 -0.69203 0.388607
v 50.9604 -124.267 851.425
vn -0.983476 -0.0985638 0.151857
v 52.2135 -124.326 855.904
vn -0.688335 -0.616516 0.382234
v 52.4306 -124.9 855.805
vn -0.735902 -0.475077 0.482442
v 52.2944 -124.135 856.593
vn -0.554084 -0.658386 0.509431
v 52.6437 -124.608 856.47
vn -0.06329 0.645368 -0.761245
v 50.6605 -119.11 836.006
vn -0.168074 0.611016 -0.77357
v 50.5984 -118.574 836.401
vn 0.688803 0.511721 -0.51351
v 50.9886 -119.146 836.392
vn 0.763452 0.366329 -0.531925
v 50.8923 -118.604 836.733
vn 0.301488 0.736918 -0.605026
v 51.0257 -118.061 837.196
vn 0.636618 0.442766 -0.631408
v 51.1842 -118.658 837.199
vn 0.71611 0.32483 -0.617796
v 51.1551 -118.367 837.266
vn 0.560661 0.612371 -0.55737
v 51.1478 -117.561 837.897
vn 0.53357 0.474142 -0.700352
v 51.4629 -118.49 837.431
vn -0.995509 -0.0134265 0.0937066
v 50.8491 -121.834 851.454
vn -0.975616 -0.10072 0.195011
v 50.705 -120.608 851.366
vn -0.993417 0.0798673 0.0821234
v 50.8263 -121.749 852.688
vn -0.985634 0.139339 0.0954455
v 50.9589 -121.349 852.456
vn -0.879644 -0.29648 0.371923
v 51.3938 -122.116 855.069
vn -0.647678 -0.599458 0.470281
v 51.9932 -121.677 856.375
vn -0.938025 -0.19999 0.283044
v 52.2968 -122.73 855.581
vn -0.976083 0.146863 0.160294
v 52.6812 -122.957 857.07
vn 0.585983 0.614435 -0.528294
v 51.5875 -117.089 838.933
vn -0.418486 0.720109 -0.553455
v 51.7572 -116.048 840.056
vn 0.415422 0.458124 -0.785841
v 52.395 -117.306 838.875
vn 0.359027 0.461185 -0.811423
v 52.0929 -116.188 839.376
vn -0.268644 0.784053 -0.559546
v 52.2991 -115.51 840.415
vn -0.61589 -0.636875 0.463756
v 50.3706 -119.365 852.803
vn -0.866155 -0.35672 0.350038
v 51.5314 -118.299 856.059
vn -0.994767 0.083544 0.0588151
v 50.0376 -115.015 850.529
vn -0.799384 -0.414079 0.435344
v 50.1089 -117.331 854.992
vn -0.980386 0.0260893 0.195355
v 49.9537 -116.996 854.745
vn -0.836216 -0.402133 0.372869
v 51.0595 -116.423 857.302
vn -0.253802 0.776498 -0.576746
v 50.7695 -113.112 843.664
vn -0.965809 0.25916 -0.00696773
v 49.7775 -114.865 852.99
vn -0.983046 0.180758 -0.030762
v 50.2445 -113.391 853.565
vn -0.929011 -0.145888 0.340081
v 50.9381 -114.759 858.207
vn -0.911621 -0.263596 0.315379
v 51.6052 -115.849 859.546
vn -0.956679 -0.130001 0.260509
v 51.5496 -114.423 860.105
vn -0.771617 -0.49335 0.401514
v 51.761 -116.149 859.597
vn -0.272711 0.849663 -0.451332
v 50.4205 -110.69 847.651
vn -0.969965 0.242773 -0.015166
v 49.6878 -110.597 851.314
vn -0.995108 -0.0284208 0.0946123
v 50.3735 -112.315 856.198
vn -0.943657 -0.220712 0.246572
v 50.8425 -112.361 858.44
vn -0.983009 0.0218242 0.182256
v 51.0128 -113.269 858.475
vn -0.955948 0.287511 -0.0591663
v 49.7153 -110.019 853.247
vn -0.98364 0.178467 0.0245393
v 49.9355 -109.143 851.883
vn -0.990238 0.0626954 0.124488
v 50.2574 -108.782 853.476
vn -0.992454 0.0871755 0.0862257
v 50.1111 -108.394 852.934
vn -0.892939 0.417182 -0.16917
v 50.1895 -108.09 852.989
vn -0.679399 0.643234 -0.353083
v 50.3764 -108.432 852.016
vn -0.985185 -0.107777 0.133394
v 50.7563 -108.842 859.264
vn -0.938315 -0.322805 0.123945
v 50.9054 -109.126 864.397
vn -0.999471 -0.0325009 0.00144719
v 50.8269 -107.755 865.25
vn -0.891957 0.423402 -0.158568
v 50.8154 -105.039 856.844
vn -0.980145 0.197312 0.0195956
v 50.7696 -104.953 858.058
vn -0.997544 -0.024767 0.0655194
v 50.5477 -105.912 861.614
vn -0.975171 -0.221439 -0.00232746
v 50.7118 -107.644 868.012
vn -0.965902 -0.257164 -0.0299987
v 50.5782 -107.396 871.712
vn -0.747218 -0.642753 -0.168921
v 49.4931 -111.169 897.538
vn -0.304903 -0.941087 -0.146253
v 48.8651 -113.686 906.527
vn -0.919247 0.381077 -0.0988149
v 50.8057 -104.423 863.713
vn -0.998584 -0.0396117 -0.035514
v 50.2812 -105.819 874.733
vn -0.854282 -0.403363 -0.327871
v 49.3677 -109.452 892.967
vn -0.573849 -0.739401 -0.352113
v 48.1927 -111.938 902.868
vn 0.230688 -0.972285 0.0380102
v 49.4979 -114.209 916.806
vn 0.181103 -0.983216 -0.0221142
v 49.4875 -113.934 925.999
vn 0.240403 -0.970212 0.0299271
v 48.8014 -114.242 929.591
vn -0.999335 0.0125203 -0.0342395
v 50.1898 -104.275 878.056
vn -0.982408 -0.186726 -0.00263824
v 50.0273 -105.216 881.543
vn -0.994293 -0.0745417 -0.0763169
v 50.1576 -103.668 881.517
vn -0.908103 -0.412657 -0.0711489
v 49.8458 -104.623 884.999
vn 0.150523 -0.988594 -0.00502054
v 47.6184 -114.066 928.336
vn 0.0357561 -0.999355 -0.00339623
v 47.5298 -114.147 931.419
vn -0.993396 -0.0596988 -0.0979795
v 50.0018 -103.089 881.618
vn -0.973497 -0.0633423 -0.219751
v 49.4689 -103.471 885.2
vn -0.911685 -0.303704 -0.276758
v 48.626 -103.428 887.938
vn -0.918429 0.109886 -0.380018
v 48.8525 -102.953 887.112
vn -0.932473 0.286542 -0.219972
v 49.3882 -99.9709 886.13
vn -0.937021 0.187824 -0.294471
v 48.5082 -99.7919 889.806
vn 0.388481 -0.909474 0.148123
v 47.0615 -110.879 956.076
vn 0.2374 -0.960231 0.14696
v 47.7677 -110.123 960.184
vn -0.839164 0.346231 -0.419439
v 47.1782 -98.0324 894.677
vn -0.866103 0.351165 -0.355738
v 47.475 -96.765 894.6
vn -0.830539 0.365301 -0.420429
v 46.7454 -97.0811 896.057
vn 0.450557 -0.873498 0.184389
v 46.3888 -108.67 971.092
vn -0.827264 0.328001 -0.456125
v 47.7739 -89.2543 897.778
vn 0.442475 -0.86628 0.231891
v 46.2902 -105.206 983.292
vn -0.772693 0.335473 -0.538891
v 46.1175 -88.2885 901.279
vn 0.570462 -0.793243 0.212929
v 45.9959 -104.047 989.287
vn 0.293969 -0.935699 0.195064
v 44.438 -104.296 991.658
vn -0.75775 0.381542 -0.529377
v 45.918 -86.8965 901.949
vn -0.792778 0.260163 -0.551197
v 45.9629 -86.3834 902.532
vn -0.796232 0.203454 -0.569755
v 47.1126 -84.4261 900.766
vn -0.699567 0.468847 -0.539247
v 46.3991 -82.8166 903.375
vn -0.709001 0.350401 -0.611994
v 47.2063 -81.1718 903.178
vn 0.556654 -0.783967 0.274833
v 44.2213 -100.306 1006.08
vn -0.400716 0.835199 -0.376655
v 45.8274 -78.0991 907.67
vn -0.451366 0.795332 -0.404618
v 45.0591 -77.3783 910.836
vn -0.687516 0.511363 -0.515587
v 45.3447 -76.6695 911.272
vn 0.743092 -0.515096 0.427189
v 42.6631 -94.0806 1018.2
vn -0.529234 0.763265 -0.370592
v 46.1887 -74.6075 914.701
vn -0.453693 0.866939 -0.206345
v 44.3049 -74.7993 917.688
vn -0.568127 0.768466 -0.294434
v 45.4697 -74.003 916.628
vn 0.335492 0.941025 0.0437808
v 45.002 -73.7585 921.237
vn -0.838458 0.466065 -0.282438
v 43.768 -73.6581 921.846
vn -0.0125351 0.999128 -0.0398262
v 44.0495 -73.5007 922.018
vn -0.375145 0.924323 -0.0699528
v 44.8663 -73.8254 925.795
vn -0.390649 0.920047 0.0301123
v 45.3912 -73.4209 927.094
vn -0.169879 0.948352 0.267899
v 44.4212 -74.5815 932.663
vn -0.213454 0.94238 0.257598
v 44.71 -73.9726 931.252
vn -0.0843797 0.946753 0.310706
v 45.0197 -74.5399 932.679
vn -0.0772499 0.952973 0.293043
v 45.3173 -74.6959 933.265
vn -0.0877963 0.954514 -0.284947
v 44.0991 -74.9493 934.422
vn -0.494103 0.851261 -0.176684
v 45.2769 -74.5743 934.201
vn -0.665073 0.743349 -0.0714828
v 45.8413 -74.169 933.672
vn 0.000162872 0.745607 0.666385
v 44.7282 -77.8461 951.895
vn -0.0457589 0.315422 0.947848
v 44.678 -77.1077 951.305
vn 0.233291 0.847432 0.4769
v 45.3384 -77.9239 951.89
vn 0.205022 0.940131 0.272249
v 45.3533 -78.4614 953.013
vn 0.301329 0.952475 0.0446359
v 45.2605 -79.5436 959.219
vn 0.361856 0.931079 -0.0463929
v 44.8522 -79.4198 962.283
vn 0.111604 0.850899 -0.513337
v 44.2253 -73.7091 937.084
vn -0.263915 0.855325 -0.445833
v 45.0946 -73.6749 937.373
vn 0.102798 0.745647 -0.658364
v 44.6308 -72.4867 939.044
vn -0.285672 0.667275 -0.687849
v 44.9296 -72.4565 939.04
vn -0.497898 0.421773 0.757764
v 43.1652 -76.8413 950.69
vn -0.401333 -0.400503 0.823729
v 43.08 -75.9406 950.743
vn -0.236229 0.586794 0.774512
v 43.7581 -76.8382 951.002
vn -0.366225 -0.324857 0.871979
v 43.7633 -76.2169 950.954
vn -0.0799372 -0.20302 0.975906
v 44.8169 -76.4682 951.229
vn -0.278124 -0.427863 0.859989
v 44.7724 -75.0434 951.8
vn -0.0323209 -0.474347 0.879744
v 45.0944 -75.2501 951.756
vn 0.249656 0.922695 -0.29378
v 43.4907 -78.2169 963.698
vn 0.736739 0.675192 0.0364825
v 44.3472 -78.9064 962.978
vn 0.586351 0.809563 -0.0282855
v 43.9278 -78.6321 966.373
vn 0.924584 0.369972 0.0909101
v 43.9224 -78.231 965.835
vn 0.314199 0.918097 -0.241614
v 43.709 -77.8422 965.251
vn 0.825011 -0.355134 0.439588
v 41.9419 -88.659 1025.2
vn -0.491247 0.418595 0.763842
v 43.2111 -70.8175 940.939
vn 0.0414665 0.740514 -0.67076
v 43.6762 -71.995 939.195
vn -0.0650546 0.769158 -0.635739
v 43.4883 -70.4751 940.7
vn -0.667125 0.706079 0.237482
v 43.7654 -70.3261 941.035
vn -0.690784 0.287393 0.663493
v 44.0533 -70.2862 941.351
vn -0.133634 0.658978 -0.740196
v 44.4121 -70.6301 940.535
vn -0.0859394 0.657889 -0.748195
v 44.9514 -70.0343 940.8
vn -0.535147 0.520203 0.665587
v 43.0213 -72.2395 941.596
vn -0.24687 -0.503514 0.827967
v 43.5234 -74.5275 951.65
vn -0.265744 -0.487076 0.831948
v 44.5272 -72.8623 953.172
vn -0.0878586 -0.538634 0.837947
v 45.0082 -74.488 952.25
vn 0.233789 0.934142 -0.26967
v 43.0037 -77.2788 966.86
vn 0.549564 0.783132 -0.291005
v 42.9018 -76.8363 968.813
vn 0.958098 -0.0479936 0.28239
v 42.5853 -77.4531 971.137
vn 0.985021 0.0743591 0.155577
v 42.7408 -76.9981 970.306
vn 0.385009 0.920396 -0.0681056
v 43.1826 -77.7855 972.305
vn 0.385987 0.92083 -0.0555431
v 43.006 -77.5331 977.224
vn 0.267654 0.963505 0.00446319
v 43.8457 -77.4592 979.079
vn 0.44786 0.888528 0.0996919
v 44.479 -77.7714 979.032
vn 0.877221 -0.306551 0.369472
v 42.0961 -86.0456 1027.81
vn -0.293264 0.61688 -0.73038
v 44.3263 -69.9024 941.119
vn -0.854121 0.440024 -0.277231
v 44.5235 -69.0363 941.887
vn -0.0536811 0.983705 -0.171591
v 42.654 -71.9782 952.611
vn -0.268959 -0.381529 0.884362
v 42.9521 -72.0635 952.973
vn -0.498615 0.658046 0.564232
v 43.2326 -71.8309 952.95
vn -0.215882 0.915509 -0.339467
v 43.5466 -71.8629 952.644
vn -0.261121 0.906366 -0.33214
v 44.7666 -71.8209 952.06
vn -0.472143 0.844812 -0.251741
v 44.0436 -71.0794 953.706
vn -0.236025 -0.401826 0.884776
v 44.3166 -70.9042 954.096
vn -0.288052 0.903264 -0.318026
v 44.6575 -70.8115 953.763
vn 0.943751 -0.0877203 0.31881
v 42.7109 -75.684 971.509
vn 0.837734 0.502781 -0.213106
v 42.7364 -75.3757 971.511
vn 0.621444 0.629725 -0.466105
v 42.6371 -74.6272 970.729
vn -0.162838 0.971335 -0.173185
v 42.0721 -77.7337 988.453
vn 0.267096 0.96172 0.0612764
v 44.1922 -77.5558 987.601
vn -0.143812 0.965824 -0.215644
v 42.2754 -77.3156 990.359
vn 0.0139954 0.99226 -0.123385
v 42.5543 -77.1846 990.691
vn -0.128888 0.987358 -0.0922625
v 42.9258 -77.4163 989.131
vn 0.282601 0.959237 0.00125973
v 43.1731 -77.3496 990.671
vn 0.121244 0.98059 -0.154087
v 43.4258 -77.3381 992.201
vn 0.340093 0.928375 -0.149854
v 42.1071 -76.6658 993.826
vn 0.459105 0.882593 -0.101252
v 41.709 -76.3575 996.009
vn 0.217873 0.969325 -0.11376
v 42.5572 -76.1764 997.273
vn 0.406806 0.913362 -0.0166792
v 42.6735 -76.1283 1003.07
vn 0.292066 0.95637 -0.0073414
v 41.9623 -75.8921 1005.85
vn 0.486241 0.871452 0.064356
v 42.7666 -76.0982 1004.91
vn 0.505786 0.854117 0.121097
v 43.2557 -76.4037 1004.56
vn 0.46724 0.876709 0.114315
v 43.294 -76.7475 1005.41
vn 0.510597 0.859459 0.0249428
v 42.2136 -75.9625 1007.67
vn 0.377049 0.922969 0.0772167
v 43.2647 -76.2293 1013.43
vn 0.639235 0.767017 0.0553472
v 42.9009 -76.0757 1014.97
vn 0.672158 0.704592 0.227494
v 43.1286 -76.4167 1015.53
vn 0.739213 0.665461 0.103567
v 42.8941 -76.3926 1016.14
vn 0.428578 0.897776 -0.101581
v 41.7153 -75.6219 1011.99
vn 0.759292 0.619813 -0.198264
v 41.743 -74.9046 1014.86
vn 0.736517 0.632354 0.240148
v 42.8628 -76.1447 1015.57
vn 0.798005 0.564548 0.210886
v 42.7699 -76.2058 1015.86
vn 0.793816 0.600244 0.0977867
v 42.6286 -75.8698 1015.62
vn 0.952703 0.302953 0.0240005
v 42.4756 -75.8495 1017.14
vn 0.918652 0.394866 -0.0126005
v 42.3709 -75.4052 1016.31
vn 0.870924 0.487121 0.0648403
v 42.5425 -75.978 1016.51
vn 0.83848 0.544015 -0.0316123
v 42.6426 -76.1307 1017.09
vn 0.411456 0.882696 -0.227049
v 42.8139 -76.0597 1017.72
vn 0.470887 0.872806 -0.128351
v 42.3542 -75.3378 1019.37
vn 0.89743 0.420179 0.134421
v 42.0367 -74.7831 1019.51
vn 0.950027 0.309904 -0.0375267
v 42.1668 -73.7669 1019.03
vn 0.989889 0.0745948 0.120644
v 41.9381 -73.2651 1021.25
vn 0.891596 0.253105 0.375492
v 41.1334 -75.0331 1022.15
vn 0.904671 0.203223 0.374528
v 41.0186 -74.4225 1022.09
vn 0.751767 -0.45242 0.479753
v 41.1382 -72.819 1023.15
vn 0.509848 0.860053 0.0190662
v 41.0383 -75.2523 1023.93
vn 0.366961 0.92564 -0.0923591
v 41.143 -74.7976 1028.89
vn 0.733192 0.674004 0.0902739
v 42.718 -75.7611 1030.57
vn 0.944868 -0.0525683 0.323204
v 42.1565 -76.2327 1032.92
vn 0.815988 0.544975 -0.192786
v 41.2982 -72.0674 1019.33
vn 0.921301 0.386558 -0.0421565
v 41.341 -72.1683 1019.92
vn 0.898335 0.429362 -0.0929651
v 41.3128 -71.9791 1020.56
vn 0.886207 0.427073 -0.17957
v 41.0181 -70.9268 1021.37
vn 0.932864 0.357597 -0.0434682
v 41.1154 -71.1253 1022.54
vn 0.928596 0.37023 0.0252687
v 41.6034 -71.9701 1022.4
vn 0.700238 -0.567865 0.432662
v 41.3382 -71.934 1023.77
vn 0.658476 -0.579954 0.479648
v 40.4219 -72.1456 1024.79
vn 0.436704 -0.735005 0.518708
v 40.9653 -71.5767 1025
vn 0.964135 0.135071 0.228473
v 40.3306 -74.4842 1039.3
vn 0.0237635 0.798201 -0.601922
v 40.267 -69.6278 1022.26
vn 0.114876 0.813274 -0.570429
v 40.5817 -69.7421 1022.17
vn 0.908585 0.358678 -0.214065
v 40.7894 -69.9164 1022.45
vn 0.873873 0.403252 -0.27154
v 40.7086 -69.3829 1022.85
vn 0.99578 0.085495 0.0333453
v 40.7215 -68.7277 1024.33
vn 0.963034 -0.112367 0.244825
v 40.3657 -69.3983 1026.19
vn 0.650144 0.707371 -0.277377
v 40.7811 -69.9603 1026.1
vn 0.886167 0.441359 -0.141104
v 41.1609 -70.5657 1025.38
vn 0.394363 -0.709568 0.583944
v 40.4453 -69.9954 1027.3
vn 0.0517181 -0.798225 0.600135
v 40.667 -69.3994 1028.09
vn 0.56255 -0.458471 0.687999
v 40.619 -68.9878 1028.4
vn 0.980676 0.169629 0.0974665
v 41.0349 -69.8635 1027.34
vn -0.13235 0.786359 -0.603426
v 40.0372 -67.9065 1024.5
vn 0.0389512 0.830248 -0.556032
v 40.0044 -67.6604 1024.82
vn 0.888508 0.430458 -0.15893
v 40.6452 -68.1676 1024.59
vn -0.0305 0.831478 -0.55472
v 40.3188 -67.7449 1024.66
vn 0.176304 0.890962 -0.418454
v 40.3452 -67.6545 1024.98
vn 0.982545 0.174246 0.065138
v 40.5144 -67.6568 1026.81
vn 0.557612 0.781149 -0.280847
v 40.2289 -68.5389 1028.17
vn 0.582017 -0.5928 0.556636
v 40.3045 -68.9142 1028.6
vn 0.809422 0.400031 -0.429898
v 40.4066 -68.5749 1028.47
vn 0.437146 0.82811 -0.350909
v 40.6964 -68.7922 1028.13
vn 0.870961 -0.362398 0.331804
v 39.9115 -68.9816 1031.74
vn 0.710688 0.559772 -0.426119
v 39.9569 -68.8444 1031.47
vn 0.972247 0.173807 0.156609
v 39.7972 -67.2184 1030.84
vn 0.921575 0.347241 -0.173558
v 39.6071 -64.7521 1028.91
vn 0.922344 -0.0213475 0.385779
v 39.5688 -64.4645 1030.72
vn -0.449297 -0.802303 -0.392991
v 56.7018 -128.991 806.977
vn -0.44005 -0.865848 -0.238041
v 56.7362 -130.691 810.94
vn -0.671015 -0.708937 -0.217135
v 55.0961 -130.033 813.777
vn -0.491602 -0.844164 -0.213808
v 54.7405 -130.324 815.853
vn -0.089631 -0.98478 -0.148913
v 56.9751 -131.6 815.658
vn -0.340233 -0.935238 -0.0978302
v 56.2994 -132.014 819.231
vn -0.505395 -0.758892 -0.410682
v 55.0453 -125.881 804.156
vn -0.402325 -0.744606 -0.532632
v 54.7215 -127.044 806.687
vn -0.267476 -0.801136 -0.535385
v 54.749 -127.517 807.212
vn -0.451928 -0.829408 -0.328396
v 55.067 -127.88 807.761
vn -0.48614 -0.76077 -0.429996
v 55.0621 -127.636 807.195
vn -0.102065 -0.994564 -0.0206378
v 56.5779 -132.288 830.464
vn -0.598019 -0.671681 -0.437285
v 55.5967 -125.016 801.576
vn -0.469912 -0.882261 -0.0282399
v 54.7123 -131.917 840.866
vn -0.601619 -0.796479 0.060625
v 55.4663 -132.07 846.15
vn -0.704159 -0.499793 -0.504348
v 56.8084 -119.868 793.676
vn -0.878131 -0.304795 -0.368764
v 54.9102 -120.778 797.753
vn -0.945226 0.30375 -0.119512
v 54.9032 -119.941 798.207
vn -0.376239 0.770742 0.5142
v 55.0468 -121.836 809.757
vn -0.560677 0.715748 0.416348
v 55.624 -121.772 810.387
vn -0.616031 0.650524 0.444213
v 55.3869 -122.897 811.675
vn -0.510654 0.701799 0.4967
v 55.6714 -123.042 812.652
vn -0.508021 0.720599 0.47186
v 55.4335 -123.863 813.058
vn -0.874559 -0.415154 0.250585
v 53.8583 -129.355 848.932
vn -0.670894 -0.65487 0.347917
v 53.7174 -129.072 848.981
vn -0.729911 -0.650439 0.210138
v 54.642 -130.766 848.691
vn -0.642005 -0.711372 0.285971
v 55.6759 -130.256 853.369
vn -0.941707 0.00118314 -0.336433
v 56.112 -118.1 793.677
vn -0.900611 0.43251 -0.0428416
v 55.8614 -118.141 795.495
vn -0.862049 0.506361 0.0216955
v 55.8107 -117.728 798.312
vn -0.859238 0.511016 0.0239466
v 54.2456 -120.353 803.61
vn -0.0531168 0.941269 -0.333452
v 54.9081 -123.537 828.958
vn -0.935345 -0.33503 0.11351
v 54.2517 -129.197 851.709
vn -0.97469 -0.196002 0.107532
v 54.1472 -128.614 851.812
vn -0.895019 -0.39404 0.208981
v 54.228 -128.816 852.996
vn -0.973689 -0.163266 0.158979
v 54.2406 -128.274 853.398
vn -0.834149 -0.485027 0.262572
v 54.0465 -127.402 853.552
vn -0.921038 -0.251086 0.297732
v 54.8025 -126.53 857.681
vn -0.823793 -0.427133 0.372724
v 54.5162 -125.568 857.275
vn -0.713468 -0.541676 0.444467
v 54.9243 -126.835 857.628
vn 0.268045 0.816436 -0.511453
v 55.2398 -120.054 836.963
vn -0.54899 -0.683738 0.480742
v 53.7899 -125.227 856.68
vn -0.576443 -0.599034 0.555762
v 53.5472 -123.976 858.12
vn -0.704389 -0.485123 0.518162
v 54.8143 -124.068 859.341
vn 0.288432 0.688746 -0.665158
v 53.2924 -118.905 837.993
vn 0.476986 0.612824 -0.630025
v 53.1097 -117.432 839.473
vn 0.103583 0.707303 -0.69928
v 53.7617 -117.838 839.105
vn 0.545114 0.540294 -0.641041
v 54.4145 -117.817 839.423
vn 0.441277 0.707344 -0.552213
v 54.7514 -118.711 838.963
vn 0.944042 0.208064 -0.255917
v 54.6633 -117.602 840.075
vn -0.928347 -0.103866 0.35691
v 52.8354 -122.803 858.015
vn -0.67225 -0.463225 0.577497
v 53.3474 -123.163 858.603
vn -0.785112 -0.423166 0.452249
v 53.7658 -121.356 860.725
vn -0.559213 -0.625558 0.544019
v 54.3712 -121.901 860.682
vn 0.648519 0.400149 -0.647537
v 52.7769 -117.038 839.305
vn 0.872099 0.375136 -0.314192
v 53.0128 -116.568 840.236
vn 0.109993 0.840886 -0.529917
v 52.8903 -115.391 840.433
vn -0.222324 0.798733 -0.559105
v 53.6465 -116.957 840.175
vn 0.407106 0.611135 -0.678807
v 54.1785 -116.335 840.599
vn 0.944379 0.270716 -0.186713
v 53.0815 -115.882 841.579
vn 0.968027 -0.208014 -0.140193
v 53.3703 -115.453 841.05
vn 0.842074 -0.51536 0.159109
v 53.1731 -115.496 841.344
vn 0.630843 0.535984 -0.561033
v 53.1663 -115.64 841.99
vn 0.631924 0.568493 -0.526772
v 53.4919 -115.93 842.08
vn 0.648452 -0.699145 0.301175
v 53.4471 -115.219 841.398
vn 0.602078 0.480014 -0.638035
v 53.4612 -115.658 842.255
vn -0.650116 0.477988 -0.590657
v 54.0645 -115.526 841.847
vn -0.688629 0.43455 -0.58048
v 54.3463 -115.267 841.707
vn 0.996412 -0.0771034 -0.0349105
v 54.8182 -116.069 841.875
vn 0.959998 0.103022 -0.260366
v 54.8656 -116.17 842.467
vn 0.874654 0.24893 -0.41595
v 54.8682 -115.716 841.634
vn -0.951955 -0.128234 0.278098
v 53.4455 -120.443 860.579
vn -0.951913 -0.211577 0.221576
v 53.6806 -119.2 862.329
vn -0.606402 -0.721896 0.33338
v 54.4821 -119.982 863.725
vn 0.873164 0.199918 -0.444542
v 53.4168 -114.905 841.435
vn 0.763296 -0.640752 0.0825616
v 53.5919 -114.944 841.754
vn 0.0222712 0.865963 -0.499612
v 53.3829 -114.672 841.827
vn 0.0194006 -0.576868 -0.816607
v 53.7356 -115.279 841.994
vn -0.055276 0.453137 -0.889726
v 54.0041 -114.971 842.134
vn 0.521205 0.347044 -0.779683
v 53.9462 -114.383 842.24
vn -0.152406 0.852363 -0.50025
v 53.9233 -114.223 842.497
vn -0.211152 0.84104 -0.498063
v 54.2448 -114.332 842.178
vn 0.33313 0.829059 -0.449093
v 52.8993 -113.387 843.851
vn -0.822329 -0.418191 0.385865
v 52.5044 -117.543 859.238
vn -0.833128 -0.426357 0.352304
v 53.3931 -118.476 861.54
vn -0.907119 -0.37294 0.195066
v 53.1748 -116.979 863.329
vn -0.995104 0.0639596 0.0753428
v 54.1647 -118.005 866.208
vn -0.964135 -0.233029 0.127049
v 54.3025 -117.346 866.023
vn -0.956652 -0.266743 0.116896
v 54.3435 -118.198 867.395
vn -0.0618262 0.87352 -0.482846
v 53.8671 -111.856 846.925
vn -0.826621 -0.426514 0.36713
v 52.0516 -114.936 861.545
vn -0.68814 -0.571477 0.447077
v 52.5553 -115.727 861.106
vn -0.974375 0.224316 0.0166349
v 53.3676 -116.018 863.199
vn -0.713839 -0.630262 0.305291
v 53.013 -114.568 863.453
vn -0.95143 -0.219083 0.216294
v 53.4823 -115.414 863.309
vn -0.850827 -0.495712 0.174248
v 53.5062 -116.477 865.862
vn -0.874385 -0.479106 0.0768666
v 53.4923 -116.148 867.445
vn -0.99776 0.0374341 -0.0554494
v 53.5382 -114.886 865.538
vn -0.857843 -0.511549 0.0492224
v 54.1478 -116.924 867.01
vn -0.99289 -0.11882 0.00714894
v 54.2661 -117.315 867.552
vn -0.948159 -0.316623 0.027292
v 54.2146 -117.128 868.194
vn -0.853615 -0.518777 0.0470254
v 54.064 -116.793 867.947
vn 0.268763 0.858365 -0.437009
v 51.9593 -110.854 847.124
vn 0.000160097 0.901831 -0.432088
v 51.8813 -110.418 848.33
vn 0.501319 0.732775 -0.460131
v 53.1228 -110.981 848.857
vn 0.474714 0.716168 -0.511615
v 53.6099 -110.095 849.937
vn -0.865145 -0.428044 0.261346
v 52.3529 -113.791 863.888
vn -0.979342 -0.154589 0.130349
v 52.4139 -112.355 864.45
vn -0.796312 -0.585388 0.15234
v 52.9138 -113.566 866.374
vn -0.997167 -0.0742813 -0.0118823
v 53.2506 -114.983 867.65
vn -0.886286 -0.451595 0.102757
v 53.429 -114.303 865.64
vn -0.904103 -0.427247 -0.00756664
v 53.2288 -114.864 870.414
vn -0.959792 -0.269182 -0.079626
v 52.7988 -113.945 873.62
vn -0.89223 -0.451508 0.00806458
v 53.2539 -115.753 875.437
vn -0.996806 -0.0345339 0.0720121
v 53.3318 -115.364 881.908
vn -0.986 -0.144912 0.08249
v 53.4256 -115.742 882.366
vn -0.0861199 0.840426 -0.53504
v 52.2072 -108.599 851.802
vn 0.140399 0.797996 -0.58608
v 52.8732 -108.995 850.954
vn -0.95662 -0.289548 0.0322591
v 52.2417 -111.761 867.907
vn -0.952361 -0.300795 -0.050312
v 52.6814 -112.699 871.708
vn -0.928665 -0.370733 -0.0117899
v 52.0197 -113.024 878.346
vn -0.985924 -0.151219 0.0713256
v 53.3157 -114.911 881.075
vn -0.787549 -0.613247 0.0607892
v 53.4102 -114.066 886.714
vn -0.0776787 0.795227 -0.601315
v 51.6625 -105.947 855.528
vn -0.905407 -0.408103 0.117006
v 51.7209 -109.906 865.793
vn -0.916801 -0.399337 0.00248098
v 51.1541 -108.459 869.396
vn -0.947104 -0.31969 0.0281512
v 51.2903 -111.206 878.051
vn -0.924145 -0.374549 0.0752922
v 52.7888 -113.006 883.846
vn -0.95456 -0.280482 -0.10072
v 52.4007 -112.083 887.054
vn -0.887488 -0.383443 -0.255608
v 51.9869 -112.11 888.701
vn -0.694868 -0.71353 -0.089633
v 52.5569 -113.134 889.611
vn -0.605091 -0.793684 -0.0626887
v 51.6575 -112.94 892.071
vn -0.705249 -0.693287 -0.148245
v 52.4319 -113.182 893.258
vn -0.748277 -0.635253 -0.191142
v 51.7583 -113.472 896.245
vn -0.623902 -0.754036 -0.205368
v 52.7945 -114.441 898.829
vn -0.602917 -0.774498 -0.191428
v 51.5534 -114.034 901.018
vn -0.543438 -0.825225 -0.153883
v 52.4832 -114.749 899.989
vn -0.172535 -0.977918 0.117933
v 51.7553 -114.247 902.507
vn -0.930045 -0.278086 -0.240177
v 52.1598 -111.024 887.849
vn -0.562823 -0.825813 -0.0355378
v 51.2306 -112.435 894.594
vn -0.614067 -0.778456 -0.130104
v 51.1579 -113.432 899.901
vn 0.0153875 -0.999868 0.00515437
v 50.9949 -114.282 907.671
vn 0.0110627 -0.998997 0.0433953
v 51.1694 -114.264 910.725
vn 0.0485101 -0.997647 0.0484408
v 51.0269 -114.052 915.637
vn -0.141414 0.830878 -0.538185
v 52.381 -103.104 858.879
vn -0.890405 0.435157 -0.133478
v 51.3687 -104.161 862.549
vn -0.943299 -0.329039 0.0438251
v 51.3948 -107.638 883.872
vn 0.187715 -0.980693 0.0548101
v 50.4756 -113.729 922.697
vn 0.337935 -0.938971 0.0642939
v 51.0097 -113.515 924.267
vn 0.380054 -0.924291 0.0352912
v 50.0512 -113.732 926.653
vn -0.826501 0.553278 -0.103824
v 50.9326 -102.192 873.631
vn -0.88145 0.455216 -0.125799
v 50.4533 -102.592 875.618
vn -0.889647 -0.431872 -0.148373
v 50.7387 -106.286 886.238
vn -0.946974 0.307322 -0.0937701
v 51.8513 -100.577 875.389
vn -0.99511 0.0458909 -0.0874692
v 50.3358 -101.644 878.834
vn 0.446442 -0.889402 0.098253
v 49.2025 -112.302 939.967
vn 0.318369 -0.946736 0.0482839
v 49.7485 -112.028 940.974
vn -0.916597 0.38769 -0.0977022
v 51.6373 -99.8475 879.784
vn -0.999233 0.0388901 0.00448229
v 51.7326 -99.1404 879.302
vn -0.999823 -0.0174172 -0.00712116
v 51.6972 -98.2536 879.46
vn -0.746401 0.587218 -0.313146
v 50.4436 -99.8993 882.5
vn -0.570665 0.769366 -0.287083
v 51.0832 -99.89 881.292
vn -0.624915 0.683793 -0.376708
v 50.9942 -99.3709 882.603
vn -0.705789 0.685626 -0.178266
v 51.3971 -99.8255 880.698
vn -0.901282 0.430537 -0.0482598
v 51.7345 -99.4025 880.779
vn -0.75406 0.619305 -0.218758
v 51.6798 -99.5124 881.368
vn -0.991632 0.119874 -0.0479143
v 51.8821 -98.656 881.829
vn 0.520105 -0.846053 0.116981
v 50.2206 -111.76 944.374
vn 0.712148 -0.694471 0.102735
v 50.9057 -111.052 944.214
vn -0.916626 0.268483 -0.296166
v 51.459 -96.8987 885.49
vn -0.996516 0.0114874 -0.0826018
v 51.673 -96.9657 884.262
vn -0.794537 0.504897 -0.337329
v 50.2625 -97.7605 886.233
vn -0.784953 0.499542 -0.366479
v 51.114 -96.7913 886.419
vn -0.915172 0.184248 -0.358488
v 50.2342 -95.3206 889.717
vn 0.43606 -0.887776 0.147327
v 50.4162 -109.384 960.05
vn -0.945753 0.131355 -0.297149
v 50.9454 -91.9206 888.203
vn -0.796067 0.501896 -0.338199
v 51.0788 -91.3148 888.313
vn 0.498959 -0.814346 0.296446
v 49.3844 -104.874 979.739
vn -0.84581 0.275366 -0.456923
v 50.1542 -86.6207 895.845
vn 0.556325 -0.790714 0.255489
v 47.3978 -103.954 985.057
vn -0.786643 -0.150465 -0.598793
v 47.9196 -84.9949 899.761
vn -0.833126 -0.0357483 -0.551927
v 48.394 -85.5808 899.358
vn -0.814269 0.0421887 -0.578953
v 48.5383 -84.8698 898.882
vn -0.58074 0.639789 -0.503399
v 49.5864 -83.3085 899.29
vn -0.747697 0.404378 -0.526713
v 49.9533 -82.9576 899.241
vn -0.731975 0.296642 -0.613365
v 48.8149 -82.1335 901.201
vn 0.268373 -0.941099 0.205689
v 47.0604 -100.155 1001.58
vn -0.694557 0.477693 -0.537959
v 47.5436 -79.1673 904.144
vn 0.760637 -0.555019 0.336726
v 47.9397 -96.6845 1006.48
vn 0.522962 -0.790406 0.319014
v 45.827 -98.8308 1008.2
vn 0.785122 -0.480444 0.39084
v 46.8113 -98.1858 1007.42
vn -0.504484 0.758251 -0.412978
v 47.298 -77.6404 907.477
vn 0.766929 -0.501229 0.400736
v 47.5138 -94.9229 1010.14
vn -0.626384 0.61687 -0.476565
v 47.0392 -76.1451 909.257
vn -0.327066 0.902741 -0.27944
v 47.2978 -75.442 910.613
vn 0.170608 0.983452 -0.0609552
v 47.0507 -74.1822 914.79
vn -0.354428 0.905113 -0.234843
v 47.4281 -73.5322 920.093
vn 0.823371 -0.386405 0.415633
v 46.369 -92.5567 1015.12
vn 0.82 -0.377848 0.429919
v 47.1308 -91.9942 1013.71
vn -0.511567 0.814545 -0.273524
v 48.0232 -73.304 919.663
vn -0.481625 0.86607 -0.134017
v 46.1209 -73.4594 923.135
vn -0.716165 0.683899 -0.139248
v 46.0635 -73.2616 924.389
vn -0.645565 0.744114 -0.171875
v 46.3359 -72.9678 924.446
vn 0.136599 0.98251 0.12655
v 47.1519 -73.3281 928.355
vn -0.580275 0.814244 -0.01698
v 45.8779 -74.1719 933.063
vn -0.294112 0.940786 0.168582
v 46.1997 -73.8019 931.305
vn -0.374517 0.910103 -0.17734
v 46.0908 -73.8526 934.952
vn -0.0387127 0.999116 0.0163747
v 46.7255 -73.7925 933.752
vn 0.086708 0.993535 -0.073282
v 46.6968 -73.7903 934.667
vn 0.503733 0.858177 -0.0989164
v 47.3038 -73.9633 935.048
vn 0.867757 0.49457 -0.0489778
v 47.528 -74.0828 935.846
vn 0.472983 0.873423 0.115844
v 47.653 -74.1297 934.01
vn 0.747591 0.660807 0.0666523
v 47.6277 -74.2741 935.254
vn 0.667842 0.742092 -0.0573287
v 47.8439 -74.8566 936.931
vn 0.881744 0.453951 -0.128281
v 47.675 -74.5756 936.979
vn 0.791924 -0.188601 0.580763
v 47.9423 -76.7011 949.099
vn 0.112215 0.545881 0.830314
v 45.6148 -77.4781 951.364
vn 0.594763 0.218584 0.773613
v 45.9314 -77.5689 951.149
vn 0.417672 0.00126146 0.908597
v 45.8756 -76.9556 951.112
vn 0.650997 -0.153825 0.743331
v 46.2061 -77.1855 950.866
vn 0.607407 -0.316091 0.728796
v 46.4786 -76.8283 950.729
vn 0.646571 -0.440402 0.62289
v 46.7811 -76.7519 950.466
vn 0.157754 0.982019 0.103691
v 46.2003 -79.6189 958.305
vn 0.852028 -0.269468 0.448815
v 46.9363 -90.3417 1015.03
vn 0.0974585 0.96785 -0.231878
v 46.6683 -73.6938 935.293
vn -0.331682 0.747306 -0.575778
v 45.5964 -72.8437 938.141
vn -0.303175 0.86753 -0.394306
v 45.9596 -73.1935 937.201
vn 0.159723 0.923303 -0.349286
v 46.5061 -72.8165 937.886
vn 0.18823 0.807626 -0.558848
v 46.4601 -72.5051 938.437
vn 0.860958 0.485992 -0.150211
v 47.4724 -73.8093 937.723
vn 0.685394 0.696237 -0.213282
v 47.1485 -73.2212 937.823
vn 0.683211 0.649088 -0.334526
v 46.8531 -72.5406 938.855
vn 0.218314 -0.00151406 0.975877
v 45.5477 -76.6942 951.182
vn 0.430262 -0.262272 0.863764
v 46.1472 -76.6099 951.039
vn 0.239235 -0.436044 0.867544
v 46.2964 -75.1716 951.642
vn 0.510643 -0.427388 0.746045
v 46.7185 -76.2225 950.898
vn 0.247306 0.966865 -0.0633356
v 46.481 -78.5879 975.257
vn 0.879793 -0.233159 0.414247
v 46.0052 -88.0093 1018.62
vn 0.822758 -0.376484 0.425828
v 45.6156 -88.1598 1019.25
vn -0.27153 0.617459 -0.738252
v 45.437 -71.5562 939.423
vn 0.473277 0.678464 -0.561868
v 45.9634 -70.7562 940.381
vn 0.497402 0.656179 -0.567469
v 47.5333 -71.9345 940.99
vn -0.403732 0.907001 0.119793
v 45.6696 -72.7528 945.201
vn -0.613513 0.643509 0.457709
v 46.2396 -72.2288 944.693
vn -0.678205 0.731168 0.0737008
v 46.516 -72.3619 945.892
vn -0.821683 0.335627 0.460643
v 47.0034 -71.4988 945.14
vn -0.240485 0.955455 -0.171093
v 45.2856 -72.6842 947.646
vn -0.461262 0.874116 -0.152182
v 46.6475 -71.7923 949.654
vn 0.406437 0.913674 -0.00289729
v 45.4947 -77.8472 975.68
vn -0.338339 0.932159 -0.128862
v 44.7498 -77.9435 980.529
vn 0.279481 0.959737 -0.0282011
v 45.8588 -77.7101 982.941
vn 0.0967313 0.995187 -0.0157053
v 46.4934 -77.8434 982.319
vn 0.883536 -0.165431 0.438175
v 44.5359 -86.3053 1022
vn -0.00102574 0.742175 -0.670205
v 45.0897 -68.6665 941.961
vn -0.673993 0.0161238 0.738562
v 45.2639 -68.7623 942.556
vn -0.685533 0.0866571 0.722866
v 45.057 -68.4347 942.32
vn -0.594983 -0.0363092 0.802918
v 45.4068 -69.0756 942.676
vn 0.589389 0.678436 -0.438573
v 45.3751 -68.6016 942.282
vn -0.9277 0.3233 -0.186684
v 45.351 -68.4628 942.642
vn 0.61063 0.640599 -0.465579
v 46.0983 -69.2782 942.476
vn 0.597539 0.699882 -0.391297
v 45.9916 -68.9357 942.84
vn 0.27595 0.734806 -0.619606
v 46.2784 -68.8842 943.159
vn -0.779438 0.201454 0.593206
v 46.2852 -69.0507 943.434
vn 0.642906 -0.22776 0.731299
v 47.2487 -71.3561 953.093
vn -0.175947 0.970566 -0.164448
v 47.0445 -70.6667 952.909
vn 0.658468 -0.0875143 0.747504
v 47.0434 -70.8175 953.394
vn -0.0403405 -0.44793 0.893158
v 45.2992 -71.7022 953.963
vn 0.162973 -0.280736 0.945847
v 45.5084 -70.8247 954.309
vn 0.316003 -0.41626 0.852566
v 46.227 -71.8743 953.722
vn 0.526148 -0.183182 0.830429
v 46.178 -70.7228 954.106
vn -0.246065 0.946828 -0.207287
v 46.0719 -70.3548 954.17
vn 0.0514493 0.996397 -0.0674224
v 44.8869 -77.3348 983.993
vn 0.31756 0.94353 0.0943751
v 44.8521 -77.367 985.206
vn 0.200636 0.978472 0.0483507
v 45.788 -77.8857 985.736
vn -0.0721603 0.992989 -0.093621
v 46.3727 -77.8004 986.065
vn 0.0865944 0.99498 -0.0501605
v 44.4702 -77.8014 989.085
vn -0.0597274 0.988293 -0.140388
v 45.2679 -77.3003 991.015
vn 0.285461 0.958352 0.00856683
v 45.4372 -77.1166 994.708
vn 0.939318 -0.089532 0.331157
v 44.5626 -83.775 1023.28
vn 0.29175 0.95643 -0.0110949
v 44.628 -77.0414 1001.11
vn 0.0479953 0.994183 -0.0964184
v 45.2048 -76.9722 1001.74
vn 0.133322 0.989776 0.0506782
v 43.8872 -76.7938 1004.8
vn -0.0361149 0.996363 -0.0771724
v 43.8727 -76.8398 1005.4
vn -0.143972 0.986496 -0.0780878
v 44.8107 -76.7038 1003.92
vn 0.084055 0.992 -0.0941841
v 44.9925 -76.3569 1006.72
vn 0.476296 0.876573 0.069009
v 45.5673 -76.5565 1008.22
vn 0.163173 0.986219 -0.0273433
v 43.6421 -75.9419 1010.13
vn 0.236598 0.971555 0.0101595
v 44.8477 -76.7178 1012.45
vn 0.468467 0.882612 0.0391826
v 45.5105 -76.9461 1011.21
vn 0.307712 0.949797 0.0565603
v 43.8849 -76.6012 1013.98
vn 0.282134 0.956647 -0.0722989
v 45.3344 -76.6005 1015.83
vn 0.141092 0.98493 -0.100026
v 43.7921 -76.5255 1016.74
vn 0.511764 0.858992 0.0151607
v 45.2748 -76.38 1017.09
vn 0.948228 -0.0636805 0.31114
v 45.5476 -77.8524 1023.23
vn 0.907489 -0.232231 0.350047
v 43.9185 -78.5281 1026.13
vn 0.237893 0.965156 -0.109002
v 43.667 -76.0249 1019.26
vn 0.941634 0.190955 0.277239
v 45.5127 -77.2098 1023.04
vn -0.262192 -0.821218 -0.506809
v 58.4979 -127.618 803.286
vn -0.0723358 -0.949452 -0.305464
v 58.599 -130.671 809.142
vn -0.25148 -0.948106 -0.194558
v 57.3177 -131.152 813
vn -0.0866449 -0.959432 -0.268297
v 58.5604 -131.34 812.374
vn -0.125463 -0.971436 -0.201423
v 58.5683 -131.766 813.391
vn 0.343044 -0.914907 -0.212759
v 59.1686 -131.107 811.51
vn 0.355563 -0.902901 -0.241548
v 59.1609 -131.608 813.25
vn -0.253412 -0.96199 -0.101776
v 57.6116 -131.366 813.88
vn -0.0266505 -0.997357 -0.0675995
v 57.4968 -131.935 819.263
vn -0.564137 -0.824626 -0.0417296
v 58.0881 -132.013 819.867
vn -0.384605 -0.9196 -0.0800955
v 58.1423 -132.461 829.141
vn -0.412713 -0.910132 -0.0364462
v 59.0436 -133.354 831.223
vn -0.33871 -0.814735 -0.470619
v 58.1286 -125.673 799.666
vn -0.295579 -0.954574 -0.0377135
v 57.4618 -132.471 831.663
vn -0.540366 -0.840953 -0.0283433
v 57.5866 -132.509 837.449
vn -0.0279789 -0.997599 -0.0633593
v 56.9047 -132.474 839.884
vn -0.202894 -0.971019 -0.126316
v 57.1996 -132.409 839.9
vn -0.606709 -0.775023 -0.17676
v 57.838 -132.87 840.132
vn -0.530678 -0.843295 -0.0850503
v 58.5108 -133.487 839.726
vn -0.169201 -0.959364 -0.225815
v 56.892 -132.538 840.482
vn -0.462412 -0.854007 -0.238427
v 57.2057 -132.954 841.326
vn -0.468577 -0.88008 -0.0767724
v 57.8109 -133.524 841.843
vn -0.416206 -0.892323 -0.174733
v 58.4924 -133.686 840.909
vn 0.042126 -0.999072 0.00898558
v 58.7617 -133.831 842.376
vn -0.370859 -0.919461 0.130593
v 57.6545 -133.416 847.651
vn 0.235587 -0.956474 0.172208
v 58.2598 -133.443 847.655
vn -0.449623 -0.710322 -0.541555
v 58.3262 -123.364 796.12
vn -0.386451 -0.866856 0.314986
v 57.7038 -132.205 852.136
vn -0.272691 0.776161 0.56852
v 56.5378 -122.451 812.107
vn -0.248137 0.795649 0.552604
v 56.5121 -121.996 811.578
vn -0.350888 0.800421 0.486008
v 56.8066 -121.927 811.595
vn -0.480712 0.694895 0.534824
v 58.0483 -123.457 814.997
vn -0.117947 0.920136 0.373413
v 58.3727 -124.077 816.11
vn -0.189662 0.960358 0.204305
v 58.669 -124.219 816.698
vn -0.285351 0.939841 0.187812
v 58.3619 -124.738 818.43
vn 0.0783501 0.993805 -0.0788241
v 58.1326 -124.626 825.457
vn -0.762518 -0.367827 -0.532232
v 57.4498 -118.149 791.25
vn -0.878623 0.476787 -0.0263813
v 56.5658 -116.948 794.804
vn -0.534137 0.799295 0.275363
v 56.4271 -118.624 804.256
vn -0.317316 0.841246 0.437739
v 56.4472 -120.083 807.958
vn -0.422308 0.820462 0.385354
v 56.7236 -119.251 806.282
vn -0.390529 0.822042 0.414408
v 57.6227 -119.685 807.741
vn -0.197692 0.865359 0.460512
v 56.7582 -120.471 808.807
vn -0.168315 0.833617 0.526073
v 58.2163 -120.944 811.792
vn -0.598198 -0.673229 0.434652
v 55.8749 -129.624 855.009
vn -0.629068 -0.632777 0.451516
v 57.9343 -129.311 857.838
vn -0.919508 0.363174 -0.150368
v 58.6775 -113.2 788.191
vn -0.927587 0.337353 -0.160549
v 57.3397 -115.289 794.046
vn -0.821369 0.569986 -0.0216447
v 57.4052 -114.768 794.597
vn -0.876512 0.481231 -0.0119689
v 57.0839 -115.252 795.42
vn -0.559521 0.791809 0.244897
v 57.5393 -114.688 795.528
vn -0.500212 0.820089 0.277924
v 58.1183 -114.256 795.004
vn -0.476065 0.820123 0.317429
v 57.5777 -116.044 798.334
vn -0.667499 0.715658 0.205619
v 56.4422 -117.138 799.341
vn 0.0924635 0.948205 -0.303903
v 56.8651 -122.858 831.851
vn 0.234366 0.879904 -0.413331
v 56.6046 -121.487 835.445
vn 0.558074 0.78507 -0.268733
v 56.938 -121.79 836.005
vn 0.724342 0.654109 -0.217877
v 57.8304 -122.368 835.915
vn 0.405838 0.787961 -0.463047
v 56.3783 -120.339 837.476
vn 0.819519 0.510575 -0.260196
v 56.5341 -120.918 837.375
vn 0.259568 0.8454 -0.466822
v 57.1387 -121.165 837.375
vn 0.848033 0.440269 -0.294963
v 56.4487 -120.385 837.774
vn 0.430053 0.760882 -0.485914
v 56.8104 -120.976 837.673
vn 0.0487385 0.781798 -0.621624
v 56.6604 -119.837 839.094
vn 0.470293 0.763743 -0.442177
v 57.105 -120.929 837.755
vn 0.790101 0.575252 -0.211719
v 57.6603 -121.076 838.887
vn 0.721067 0.595893 -0.353516
v 57.6126 -120.592 839.582
vn 0.751988 0.564394 -0.34055
v 57.8311 -120.973 840.127
vn 0.996206 0.0615877 -0.061487
v 57.6128 -120.715 840.17
vn 0.170247 0.781466 -0.600273
v 55.236 -117.898 840.337
vn 0.382247 0.740677 -0.552525
v 55.7956 -117.655 841.001
vn 0.987958 0.0980835 -0.119662
v 57.6667 -119.662 841.273
vn -0.77026 -0.454368 0.447492
v 55.6109 -121.5 862.555
vn -0.844895 -0.36648 0.389672
v 56.2464 -123.081 863.196
vn 0.897111 0.2051 -0.391313
v 55.0787 -115.609 842.876
vn 0.497564 0.463626 -0.733131
v 55.274 -115.895 842.827
vn 0.312777 0.73245 -0.604721
v 55.8809 -115.939 842.828
vn 0.866336 0.36227 -0.343835
v 56.0974 -115.916 843.445
vn -0.854828 -0.440414 0.274416
v 55.8796 -120.55 864.253
vn -0.540764 -0.774073 0.329219
v 55.6058 -120.184 864.315
vn -0.440866 -0.88059 0.173777
v 55.4848 -119.725 866.834
vn 0.517679 0.804883 -0.290124
v 54.9204 -115.284 842.683
vn 0.744652 0.529155 -0.406804
v 54.9886 -115.077 843.274
vn 0.30254 0.745531 -0.593846
v 55.5069 -115.36 843.435
vn 0.877209 0.40201 -0.262473
v 56.3977 -114.475 845.841
vn 0.194494 0.821356 -0.536233
v 56.1637 -113.652 846.29
vn 0.787167 0.552873 -0.273313
v 56.5185 -113.889 847.776
vn 0.692877 0.59687 -0.404558
v 56.9342 -115.359 845.995
vn -0.697678 -0.693994 0.177815
v 55.2107 -119.025 869.088
vn -0.716738 -0.683037 0.140521
v 56.469 -119.712 870.203
vn -0.784815 -0.61408 0.0834881
v 55.2861 -118.461 872.848
vn -0.705284 -0.708121 0.0337443
v 56.428 -119.35 873.315
vn -0.707906 -0.702311 0.0750284
v 56.2524 -119.106 877.014
vn 0.483799 0.780006 -0.3969
v 55.7906 -113.206 846.974
vn 0.844446 0.504733 -0.179317
v 56.3493 -113.555 847.529
vn 0.748772 0.568629 -0.340589
v 56.1985 -112.697 849.509
vn -0.814231 -0.578324 -0.0506849
v 54.2419 -116.848 875.255
vn -0.779225 -0.626239 -0.0251577
v 54.9615 -118.091 877.481
vn -0.630987 -0.775741 0.00902387
v 55.3397 -118.466 877.42
vn -0.657858 -0.75262 0.0280376
v 55.2887 -118.333 878.662
vn -0.243429 -0.95883 0.146246
v 55.5816 -118.344 878.969
vn -0.964782 -0.260195 0.0386695
v 54.6299 -117.407 880.342
vn -0.570146 -0.821543 -0.00102899
v 55.2568 -118.299 879.582
vn 0.198066 -0.973176 0.117035
v 55.1694 -118.085 881.753
vn -0.480083 -0.852754 0.205744
v 56.1848 -118.543 879.552
vn -0.856245 -0.513218 0.0587476
v 54.8584 -118.083 882.053
vn -0.792109 -0.481287 0.375401
v 54.8112 -117.826 882.803
vn 0.0606137 -0.966233 0.250441
v 55.1294 -117.968 882.687
vn 0.124687 -0.97888 0.162007
v 55.741 -117.867 882.105
vn 0.576237 0.682348 -0.449835
v 54.8856 -110.55 850.484
vn 0.641352 0.653086 -0.402673
v 55.5571 -111.513 849.712
vn 0.437334 0.734003 -0.519594
v 55.4647 -110.826 850.631
vn -0.888366 -0.432872 0.153064
v 54.4786 -116.967 879.504
vn -0.590745 -0.797557 0.122163
v 54.1621 -116.455 880.201
vn -0.265084 -0.94438 0.19462
v 54.1363 -116.386 880.823
vn -0.974467 0.215072 0.0644797
v 54.7137 -117.208 880.989
vn -0.493524 -0.836949 0.236536
v 54.4872 -116.53 880.497
vn -0.298088 -0.920059 0.254234
v 54.3866 -116.155 881.777
vn -0.90781 -0.401622 0.120754
v 54.529 -117.487 882.46
vn -0.049498 -0.96807 0.245744
v 54.2829 -115.681 883.694
vn -0.763903 -0.536809 0.358174
v 55.1527 -116.557 884.464
vn -0.958021 -0.249067 0.141992
v 55.1557 -116.155 883.927
vn -0.0183843 -0.964488 0.263486
v 55.9589 -117.501 883.697
vn -0.902371 -0.428513 0.0458676
v 55.1235 -115.809 886.122
vn -0.340408 -0.879844 0.331658
v 55.9013 -117.205 884.664
vn -0.699856 -0.712903 0.0444014
v 55.8445 -116.18 887.895
vn -0.991197 0.0443515 0.124743
v 53.7433 -114.96 885.034
vn -0.371 -0.891687 0.259333
v 54.1757 -115.17 885.613
vn -0.576678 -0.78322 0.232398
v 54.1216 -114.813 886.286
vn -0.161166 -0.980268 0.114455
v 54.4925 -115.25 885.356
vn -0.0764436 -0.978828 0.189873
v 54.8149 -115.35 884.98
vn -0.857723 -0.513687 0.0209055
v 55.0615 -115.536 885.56
vn -0.595511 -0.799036 0.0831171
v 54.7646 -115.223 886.221
vn -0.742252 -0.667328 0.0611108
v 54.9971 -115.507 887.088
vn -0.555217 -0.831113 -0.0313918
v 54.2252 -115.215 893.835
vn -0.469675 -0.881955 -0.0395144
v 54.5221 -115.652 895.285
vn -0.054427 -0.983539 0.172306
v 54.1333 -115.341 897.164
vn -0.61602 -0.787623 0.0130627
v 53.282 -113.658 890.442
vn -0.782266 -0.601203 -0.163141
v 53.7029 -114.18 890.965
vn -0.612454 -0.788862 -0.0509588
v 53.9059 -115.158 896.584
vn -0.558474 -0.809076 -0.183037
v 53.1134 -114.933 899.66
vn -0.144348 -0.989194 0.0256804
v 53.2567 -114.196 902.538
vn -0.0668326 -0.997657 0.014601
v 53.5271 -114.363 904.036
vn -0.321031 -0.947062 -0.00351052
v 54.7772 -114.53 903.109
vn -0.364707 -0.927195 -0.0854292
v 54.0994 -114.441 905.249
vn -0.081328 0.803638 -0.589535
v 53.6955 -103.898 857.753
vn 0.545667 0.567703 -0.61641
v 55.492 -103.884 858.103
vn -0.120423 -0.992597 -0.0157749
v 53.4632 -114.196 905.589
vn 0.0710967 -0.987898 0.137848
v 53.6655 -114.154 908.647
vn 0.0858182 -0.978852 0.185698
v 54.0185 -114.391 907.695
vn -0.170812 0.853481 -0.492335
v 53.5837 -101.048 862.528
vn 0.400144 -0.910482 0.104441
v 52.9156 -112.318 927.253
vn 0.608961 -0.768819 0.195153
v 52.4677 -112.081 931.251
vn -0.838385 0.509382 -0.194014
v 52.6694 -99.0365 866.533
vn 0.542281 -0.81041 0.221735
v 53.1364 -110.558 934.276
vn 0.292471 -0.929149 0.226146
v 53.7722 -110.606 933.362
vn 0.829278 -0.531503 0.172634
v 52.1426 -111.109 936.601
vn 0.853824 -0.484228 0.191073
v 52.4352 -110.423 937.033
vn -0.0629188 0.774989 -0.628834
v 54.4661 -96.3647 868.63
vn -0.625088 0.66495 -0.408787
v 53.7969 -96.4674 868.838
vn 0.258424 -0.96278 0.0791982
v 53.2699 -109.913 937.746
vn 0.0622513 -0.998022 0.00872977
v 53.5536 -109.926 938.358
vn 0.366703 -0.929531 0.0387439
v 52.911 -110.003 939.859
vn 0.483483 -0.869513 0.100956
v 51.2641 -110.504 945.841
vn -0.891703 0.415677 -0.179105
v 53.0318 -96.5399 873.995
vn 0.505642 -0.853749 0.124255
v 51.7878 -109.436 954.879
vn -0.955389 0.216702 -0.200679
v 51.9207 -92.876 883.779
vn -0.874276 0.422005 -0.239903
v 52.8468 -92.4753 882.035
vn -0.758171 0.574964 -0.30756
v 52.0638 -92.1006 884.663
vn 0.563064 -0.809034 0.16859
v 51.5404 -107.427 966.512
vn -0.929097 0.268897 -0.253916
v 53.6064 -89.1412 882.643
vn -0.956583 0.197271 -0.214552
v 53.292 -89.3982 885.64
vn 0.496956 -0.837489 0.227258
v 51.0198 -106.659 971.261
vn -0.955864 0.0477326 -0.289907
v 52.3794 -87.7387 889.581
vn -0.940635 0.147368 -0.305759
v 52.5003 -88.6575 889.419
vn -0.779439 0.522062 -0.346304
v 51.6213 -89.799 890.421
vn -0.910478 0.308934 -0.274937
v 53.1796 -85.8663 888.099
vn -0.907303 0.265973 -0.325668
v 52.27 -86.9637 890.328
vn 0.339769 -0.909706 0.238732
v 50.2936 -102.829 983.166
vn -0.716695 0.490103 -0.496132
v 50.9775 -84.2936 896.273
vn 0.0247163 -0.985953 0.165186
v 50.3498 -101.977 988.501
vn 0.257874 -0.944582 0.203139
v 50.5873 -101.731 989.819
vn -0.855685 0.333646 -0.39558
v 51.8303 -82.695 895.353
vn -0.888231 0.26045 -0.378433
v 51.3392 -83.5438 896.413
vn 0.621525 -0.730909 0.281919
v 48.9878 -100.331 998.291
vn 0.798436 -0.528934 0.287628
v 49.6 -99.6171 998.057
vn -0.869085 0.121664 -0.479468
v 50.2568 -80.7984 899.316
vn 0.765797 -0.567985 0.301577
v 49.9508 -98.137 999.546
vn -0.60362 0.638372 -0.477622
v 50.5814 -78.6501 901.85
vn 0.913591 -0.311395 0.261503
v 50.6186 -96.7654 999.801
vn 0.793949 -0.514795 0.323467
v 49.7613 -96.34 1003.83
vn 0.922647 -0.246368 0.29669
v 49.8491 -96.0352 1003.88
vn -0.567341 0.665838 -0.484545
v 50.4287 -77.4834 903.275
vn -0.429066 0.800756 -0.417962
v 49.3464 -76.4411 905.885
vn -0.207059 0.920234 -0.332108
v 51.1104 -75.9004 905.702
vn 0.931469 -0.221802 0.288391
v 49.836 -94.8497 1004.09
vn 0.124136 0.987806 -0.0939622
v 51.2554 -75.2756 908.864
vn -0.423722 0.830281 -0.362068
v 49.0864 -75.0516 910.092
vn 0.0733714 0.992979 -0.0927873
v 49.6614 -75.1571 911.301
vn 0.836729 -0.415548 0.356657
v 48.3051 -93.5349 1009.63
vn 0.816164 -0.423618 0.392969
v 49.1143 -92.6226 1009.97
vn -0.14821 0.955762 -0.254072
v 49.0323 -73.6576 917.351
vn 0.055531 0.989573 -0.132895
v 50.741 -73.3273 919.576
vn 0.850313 0.446422 0.278702
v 49.1627 -78.1402 945.811
vn 0.432441 0.887705 0.158034
v 49.7851 -78.8856 946.906
vn 0.147177 0.983195 0.108008
v 49.0189 -79.3554 954.126
vn 0.165088 0.986169 0.0147393
v 50.1165 -80.3842 960.663
vn 0.298793 0.927194 0.225909
v 48.9323 -74.4965 932.744
vn 0.431707 0.873839 0.223683
v 48.6181 -74.8482 934.201
vn 0.679895 0.671561 -0.294531
v 48.3414 -74.7235 938.181
vn 0.921502 0.0725717 0.381534
v 50.2158 -77.0639 942.057
vn 0.954851 -0.0618909 0.290566
v 50.3437 -76.162 942.22
vn 0.917603 0.397383 -0.00958545
v 50.4583 -75.6973 941.39
vn 0.951926 -0.119749 0.281951
v 48.9867 -77.0222 946.313
vn 0.820567 0.22571 0.525096
v 48.1329 -77.9524 949.356
vn 0.366096 0.895525 0.252998
v 48.1507 -78.754 951.173
vn 0.894066 0.368842 -0.25417
v 49.4499 -72.7191 941.299
vn 0.82949 -0.338194 0.44449
v 48.7685 -75.1934 949.686
vn 0.60884 -0.357993 0.707923
v 48.0386 -74.3108 951.207
vn 0.275027 0.961232 -0.0198254
v 49.6569 -78.4344 975.331
vn 0.838622 -0.337258 0.427751
v 47.6 -87.8872 1015.37
vn 0.869709 -0.178643 0.4601
v 47.7715 -86.7365 1016.18
vn 0.314552 0.662663 -0.679659
v 48.1283 -71.9054 941.156
vn 0.896067 0.345356 -0.278915
v 48.7487 -70.4287 943.528
vn 0.990738 -0.0670085 0.118101
v 49.5077 -71.7907 948.172
vn -0.0590135 0.988315 -0.140541
v 47.3512 -78.3417 975.619
vn 0.221597 0.975132 0.00359065
v 48.425 -77.8749 978.461
vn 0.473546 0.876567 0.0859334
v 48.7379 -78.0884 978.732
vn 0.175786 0.983903 -0.0321588
v 49.3637 -78.4211 978.987
vn 0.280346 0.957978 0.0607042
v 47.7258 -78.0499 982.077
vn 0.965347 0.0976529 0.242011
v 48.908 -83.2271 1012.26
vn 0.948043 0.157777 0.276263
v 48.9171 -84.1867 1014.22
vn 0.895604 0.398253 0.198211
v 48.7555 -83.6195 1014.01
vn 0.900755 0.225183 0.371393
v 48.1871 -83.2775 1015.59
vn 0.888542 -0.0390303 0.457132
v 46.7928 -84.4723 1018.1
vn 0.109318 0.816689 -0.56663
v 47.3766 -68.0866 944.232
vn 0.471144 0.633894 -0.613352
v 47.7214 -68.4657 943.971
vn 0.662755 0.596195 -0.453109
v 48.3608 -68.5452 944.773
vn -0.6408 0.7645 -0.0701102
v 48.8323 -69.8847 951.246
vn -0.779013 0.621889 0.0799516
v 49.1392 -69.6527 950.378
vn 0.219164 0.692723 0.687097
v 49.3662 -69.3959 950.122
vn 0.941327 -0.105297 0.32065
v 49.4565 -69.6433 949.842
vn 0.950804 -0.0114303 0.309582
v 49.6031 -69.269 949.539
vn 0.900417 0.134644 0.413667
v 49.5362 -68.9785 949.59
vn -0.803714 0.492949 0.333236
v 49.394 -68.8902 949.604
vn -0.34081 0.92565 -0.164378
v 47.6579 -70.5836 952.323
vn -0.0258135 0.983896 0.176869
v 47.9526 -70.5682 952.494
vn 0.667982 -0.246699 0.702097
v 48.2507 -70.4846 952.35
vn -0.580018 0.805367 -0.122328
v 48.4129 -70.1482 952.107
vn 0.748694 -0.24852 0.614569
v 48.5557 -70.4395 952.103
vn 0.946092 -0.0615932 0.317987
v 49.0384 -70.2819 951.483
vn 0.251472 0.92376 0.288841
v 48.9913 -69.9896 951.534
vn 0.466875 0.216672 0.857368
v 48.8839 -70.052 951.827
vn 0.379668 0.92467 0.0289368
v 48.7261 -78.1852 989.078
vn 0.915575 0.36348 0.172063
v 48.3151 -78.4616 1000.6
vn 0.678814 0.730321 0.076437
v 48.2504 -78.0136 999.77
vn 0.856431 0.496016 0.143159
v 48.9743 -79.2725 998.641
vn 0.472585 0.879844 -0.0503742
v 48.3836 -79.0666 1002.33
vn 0.950566 0.105714 0.291974
v 48.793 -81.0035 1011.74
vn 0.907175 -0.101845 0.408241
v 48.2398 -81.6298 1014.96
vn 0.939881 0.231345 0.251204
v 48.6044 -81.3882 1013.8
vn 0.906834 -0.0408426 0.419505
v 47.7856 -81.7789 1015.55
vn -0.825871 0.275474 0.491987
v 47.3508 -67.9203 944.566
vn 0.388611 0.834838 -0.389905
v 47.6544 -67.9434 944.566
vn -0.834874 0.179841 0.520234
v 47.9404 -68.0775 945.461
vn 0.570745 0.706856 -0.417858
v 48.2372 -68.0318 945.473
vn 0.640931 0.613378 -0.461492
v 49.181 -67.4052 947.428
vn 0.788006 0.603391 0.122337
v 46.3607 -77.1791 1007.82
vn 0.553463 0.832852 -0.00608538
v 46.8858 -77.8286 1008.32
vn 0.306644 0.947926 -0.0860525
v 47.8821 -78.3585 1007.02
vn 0.798572 0.590249 0.117846
v 48.6098 -78.698 1007.27
vn 0.784554 0.615615 0.0741094
v 47.1088 -78.0012 1012.86
vn 0.866578 0.475555 0.151294
v 47.8397 -79.207 1011.44
vn 0.945191 0.121662 0.303005
v 47.4725 -80.0802 1016.15
vn 0.800267 0.589189 0.111482
v 46.6051 -78.0379 1018.03
vn 0.772854 0.620349 0.133656
v 46.8015 -78.4328 1018.57
vn 0.0712491 -0.897987 -0.434216
v 60.9484 -127.447 801.523
vn -0.221118 -0.858305 -0.463055
v 60.0579 -127.872 802.349
vn 0.239173 -0.914796 -0.325491
v 60.9635 -128.083 802.934
vn 0.428825 -0.896647 -0.11015
v 60.4036 -133.17 826.399
vn -0.257169 -0.965987 -0.027064
v 59.7258 -133.66 830.264
vn 0.422072 -0.905399 0.0459242
v 60.0221 -133.609 830.277
vn 0.775996 -0.630533 -0.0161075
v 61.1528 -132.686 828.63
vn 0.116137 -0.98885 0.0932048
v 59.6555 -133.428 831.828
vn 0.553213 -0.831111 0.056658
v 60.5738 -133.188 830.665
vn -0.46724 -0.704138 -0.534674
v 59.689 -126.703 801.029
vn 0.956861 0.260985 0.127689
v 61.3548 -128.49 820.621
vn 0.934614 0.344009 0.0902996
v 61.6304 -129.674 823.995
vn 0.91852 -0.39507 0.0155525
v 61.419 -131.947 831.51
vn 0.776699 -0.629833 -0.00698341
v 61.1408 -132.184 837.864
vn 0.127583 -0.989972 -0.060653
v 59.1228 -133.679 840.005
vn 0.540777 -0.840483 -0.0338921
v 60.2608 -133.285 841.007
vn 0.540365 -0.83783 0.0777578
v 60.2131 -133.283 842.53
vn 0.825421 -0.564239 0.0177487
v 61.0084 -132.442 842.692
vn -0.135036 -0.790919 -0.596835
v 60.9326 -120.654 791.461
vn -0.0894989 -0.841806 -0.532309
v 59.847 -123.317 795.541
vn 0.96703 -0.0925819 0.237236
v 60.7806 -125.37 816.523
vn 0.819052 0.526385 0.228196
v 60.6089 -125.851 817.349
vn 0.67114 0.714751 0.196728
v 60.9997 -126.257 818.196
vn 0.930821 0.317817 0.180455
v 61.5616 -127.043 817.759
vn 0.858171 0.505558 0.089177
v 59.8325 -126.788 825.712
vn 0.898433 0.427738 0.0992886
v 60.8172 -127.725 824.636
vn -0.343258 0.820864 0.45646
v 59.7991 -122.105 812.826
vn -0.004468 0.86574 0.500473
v 58.9635 -123.571 814.99
vn 0.0851683 0.807106 0.584232
v 59.2135 -122.374 813.074
vn -0.364535 0.846573 0.387851
v 60.09 -122.385 813.999
vn 0.527642 0.694738 0.488808
v 60.4094 -122.955 815.121
vn -0.34928 0.893625 0.281847
v 58.9752 -124.076 816.119
vn -0.157148 0.927178 0.340066
v 59.8249 -123.718 816.805
vn 0.523862 0.778647 0.345366
v 60.4329 -123.483 815.941
vn -0.306225 0.934354 0.182232
v 59.5245 -124.113 817.949
vn -0.0828852 0.968222 0.235956
v 59.8084 -124.418 819.422
vn -0.0304901 0.993182 0.112519
v 59.4909 -124.639 820.597
vn 0.969361 0.107468 0.220883
v 59.9906 -125.531 820.445
vn 0.951405 -0.0250962 0.306919
v 60.1059 -125.172 820.206
vn 0.746134 0.576315 0.333385
v 60.1231 -124.821 819.965
vn 0.946714 0.187222 0.262071
v 59.8202 -124.989 820.745
vn 0.653815 0.756098 -0.0290204
v 59.0443 -124.995 826.318
vn 0.902592 0.428488 0.0415428
v 59.5904 -126.024 826.447
vn 0.928074 0.370222 -0.0401825
v 60.0047 -127 833.898
vn -0.506802 -0.771247 0.385137
v 58.6311 -130.084 857.405
vn -0.0484321 -0.954678 0.293673
v 60.0759 -130.488 857.964
vn -0.543849 -0.591337 -0.59544
v 60.1274 -117.219 787.493
vn -0.113349 0.831512 0.543819
v 60.0177 -120.492 810.679
vn 0.785684 0.613416 -0.0801352
v 59.1168 -124.568 830.053
vn 0.888418 0.458957 0.0084362
v 59.0991 -124.535 831.583
vn 0.723031 0.68359 -0.0996549
v 58.5371 -123.611 832.96
vn -0.453311 -0.817653 0.354897
v 59.6696 -129.903 859.587
vn -0.870674 -0.131669 -0.47391
v 60.0201 -113.441 785.119
vn -0.820704 0.569316 0.048211
v 58.8043 -112.982 788.536
vn -0.317993 0.843537 0.432811
v 58.7055 -114.293 795.615
vn -0.511366 0.785559 0.348427
v 59.0043 -114.364 795.912
vn -0.432834 0.801559 0.412502
v 58.9842 -113.87 795.086
vn -0.667785 0.716647 0.201197
v 58.8995 -115.067 798.832
vn -0.413057 0.813826 0.408744
v 58.9683 -116.698 804.028
vn -0.052673 0.770043 0.635814
v 60.4182 -115.93 803.577
vn -0.445253 0.812462 0.376371
v 60.6872 -115.312 802.777
vn -0.0787077 0.872371 0.482466
v 58.9911 -117.412 805.424
vn -0.0585112 0.797098 0.601009
v 59.5638 -116.723 804.337
vn -0.133532 0.813166 0.566507
v 60.175 -116.81 804.33
vn -0.305551 0.839132 0.449996
v 60.4686 -116.925 804.924
vn -0.369036 0.792809 0.485042
v 60.781 -117.352 805.845
vn -0.343367 0.788353 0.510489
v 60.5242 -118.069 806.548
vn -0.715211 -0.51751 0.469741
v 58.2609 -127.571 860.288
vn -0.679118 -0.583586 0.445226
v 58.3932 -126.563 861.579
vn -0.71555 -0.589478 0.374839
v 60.2337 -127.965 863.599
vn -0.904038 0.412665 -0.111461
v 59.7356 -111.321 788.542
vn -0.693158 0.701797 0.16436
v 59.8178 -111.129 789.188
vn -0.820847 0.566671 0.0713739
v 60.1732 -112.626 794.411
vn -0.659175 0.707266 0.255466
v 59.552 -113.516 795.157
vn 0.85288 0.360966 -0.377225
v 59.9937 -121.123 845.618
vn -0.767318 -0.571442 0.290994
v 59.5307 -125.081 865.934
vn 0.813914 0.325087 -0.481521
v 57.8577 -119.261 842.567
vn 0.816012 0.12184 -0.565048
v 57.866 -118.963 842.621
vn 0.804396 0.420896 -0.419278
v 57.6735 -118.632 842.372
vn 0.833611 0.280263 -0.475968
v 57.9447 -118.685 842.82
vn 0.736962 0.450026 -0.504344
v 58.1821 -119.283 842.873
vn 0.815868 0.267523 -0.512632
v 58.1043 -118.994 842.923
vn 0.864707 0.362314 -0.347864
v 59.0116 -119.224 844.724
vn -0.790598 -0.54594 0.277315
v 57.2418 -122.392 866.763
vn -0.695548 -0.694581 0.183766
v 59.0055 -123.578 869.243
vn 0.820635 0.404692 -0.403463
v 58.2178 -117.709 844.374
vn -0.800039 -0.599095 0.0319923
v 57.21 -120.581 872.063
vn -0.555323 -0.823833 0.11365
v 58.1776 -121.559 872.945
vn -0.696005 -0.685282 0.214395
v 58.8553 -122.632 872.458
vn -0.514874 -0.857241 -0.00644692
v 57.7654 -121.203 875.441
vn -0.118098 -0.99283 0.018492
v 58.0565 -121.292 876.039
vn -0.0879943 -0.993821 0.0676587
v 57.998 -121.373 878.157
vn 0.132322 -0.986615 0.0952931
v 58.6135 -121.214 877.28
vn 0.605839 0.647261 -0.462614
v 58.8011 -114.032 849.847
vn -0.731422 -0.681625 0.0202126
v 57.4588 -121.036 878.21
vn -0.915827 -0.396862 0.0613304
v 57.0561 -120.201 880.182
vn -0.876758 -0.471806 0.0932462
v 57.1319 -120.352 881.071
vn -0.530879 -0.823644 0.199445
v 57.5461 -120.806 881.3
vn 0.0758585 -0.972835 0.218718
v 57.8499 -120.831 881.3
vn 0.309827 -0.93946 0.146362
v 58.2494 -121.155 879.115
vn 0.470809 0.728617 -0.497451
v 57.4596 -112.862 850.717
vn 0.51375 0.690866 -0.50869
v 58.5457 -112.133 852.387
vn -0.286604 -0.931465 0.224121
v 56.5958 -117.744 883.33
vn -0.922258 -0.364783 0.127957
v 57.1163 -119.289 883.699
vn -0.219675 -0.93959 0.262513
v 58.2078 -119.597 885.489
vn -0.26825 -0.935518 0.229886
v 56.2272 -117.359 884.336
vn -0.639067 -0.756947 0.136471
v 56.4792 -117.23 885.543
vn -0.884796 -0.459025 0.0802034
v 56.8344 -117.804 885.526
vn -0.733858 -0.660302 0.159546
v 57.3212 -118.224 888.16
vn -0.65896 -0.743977 0.110767
v 56.999 -117.539 891.021
vn -0.419959 -0.878605 0.227351
v 57.7108 -118.206 889.997
vn -0.295151 -0.947988 0.119179
v 55.7739 -115.933 894.643
vn -0.583894 -0.80295 0.119746
v 57.6695 -116.917 894.783
vn -0.260194 -0.944632 0.199924
v 55.9415 -115.345 897.189
vn -0.332682 -0.92907 0.161716
v 56.8347 -115.719 898.659
vn -0.313762 -0.94819 0.0498876
v 56.0867 -115.205 901.789
vn -0.0649129 -0.986048 0.153283
v 55.5941 -114.514 905.867
vn -0.0894375 -0.993075 0.0761797
v 57.3699 -114.864 907.964
vn 0.808739 0.324458 -0.49058
v 56.9906 -104.354 859.853
vn 0.662644 0.563455 -0.493378
v 57.927 -104.998 860.665
vn 0.218176 -0.952785 0.211186
v 56.8852 -114.157 911.741
vn 0.858954 0.176347 -0.480728
v 57.5355 -102.192 861.772
vn 0.862135 0.268481 -0.429699
v 57.7816 -103.164 862.211
vn 0.242052 0.72085 -0.649451
v 56.0658 -101.264 860.904
vn -0.224256 0.818295 -0.529247
v 55.8609 -99.7905 863.091
vn 0.327399 -0.927918 0.178263
v 56.3871 -111.906 921.027
vn 0.522905 -0.833554 0.178208
v 56.1472 -109.86 932.311
vn -0.100279 0.800131 -0.591384
v 55.445 -97.0092 868.155
vn -0.313863 0.770761 -0.554452
v 56.7666 -95.5154 869.661
vn 0.223493 -0.970372 0.0918158
v 54.5069 -109.946 936.844
vn 0.379418 -0.922031 0.0768165
v 53.6504 -109.681 944.194
vn -0.0545662 0.777222 -0.626856
v 55.1029 -94.2688 870.972
vn -0.512185 0.725562 -0.459594
v 55.3872 -91.9352 874.244
vn -0.0117247 0.77776 -0.628452
v 56.4767 -93.3397 872.484
vn 0.553168 -0.820701 0.143022
v 54.9528 -107.467 953.853
vn 0.565567 -0.811989 0.144253
v 53.1567 -108.133 955.437
vn -0.624602 0.654172 -0.426534
v 54.9696 -91.2347 875.887
vn -0.87571 0.411886 -0.251955
v 54.3279 -91.0102 878.052
vn 0.558099 -0.815359 0.153999
v 52.917 -106.202 967.056
vn 0.407429 -0.890628 0.201951
v 53.0716 -105.579 969.913
vn 0.606556 -0.767676 0.206793
v 54.5045 -104.935 970.377
vn -0.663987 0.616284 -0.423455
v 55.6664 -87.224 880.273
vn -0.789834 0.494093 -0.363364
v 53.5775 -87.0326 884.544
vn -0.761262 0.506589 -0.40478
v 53.9427 -87.679 883.214
vn -0.674961 0.632712 -0.379609
v 54.6598 -87.0477 883.033
vn 0.180356 -0.960799 0.210564
v 52.413 -104.068 976.88
vn 0.675841 -0.694608 0.246494
v 53.2903 -103.74 976.769
vn 0.858702 -0.448864 0.247289
v 51.302 -98.5331 994.618
vn -0.515366 0.729886 -0.44907
v 52.3171 -78.2354 899.816
vn 0.826104 -0.48284 0.290548
v 52.762 -94.9279 996.503
vn 0.198292 0.96853 -0.150435
v 53.3246 -74.1217 916.416
vn 0.167753 0.985809 0.00631661
v 51.593 -73.2797 921.113
vn 0.358835 0.924451 0.128949
v 53.1572 -73.8669 921.031
vn 0.224835 0.968829 0.10402
v 51.8665 -74.4443 925.481
vn 0.403998 0.903964 0.140126
v 52.4427 -74.6577 926.975
vn 0.60535 0.725819 0.326708
v 51.4873 -76.333 935.196
vn 0.542662 0.778886 0.314412
v 51.3959 -75.6163 934.408
vn 0.602095 0.721988 0.340903
v 52.7233 -77.1488 935.068
vn 0.590952 0.801236 0.0937922
v 51.0929 -76.4925 937.6
vn 0.644432 0.724283 0.245197
v 52.1574 -77.0215 935.997
vn 0.913295 0.283872 0.292077
v 51.1802 -76.9564 940.261
vn 0.75305 0.626312 0.201616
v 51.7621 -77.5299 938.033
vn 0.520648 0.826902 0.212504
v 52.4231 -78.4137 938.799
vn 0.0436717 0.998793 0.0224606
v 52.6496 -78.5217 941.526
vn 0.142638 0.98661 0.0790837
v 52.6038 -78.5378 943.047
vn -0.0267891 0.997507 0.065284
v 51.0563 -78.8924 945.399
vn 0.158553 0.980012 0.120152
v 51.9233 -79 946.917
vn 0.467926 0.869762 0.156715
v 52.3535 -80.4297 956.725
vn 0.380525 0.924139 0.0341853
v 52.0098 -80.7713 959.098
vn 0.945346 0.254914 0.203324
v 52.2715 -89.2127 1003.01
vn 0.320696 0.934068 0.157072
v 51.1063 -74.3851 930.357
vn 0.53638 0.82576 0.174405
v 51.7423 -74.7247 930.306
vn 0.389958 0.869002 0.30458
v 50.7657 -75.5294 935.024
vn 0.225634 0.968019 -0.109678
v 51.274 -79.4397 969.079
vn 0.955222 0.163869 0.24637
v 51.4199 -87.1101 1002.76
vn 0.942608 0.293226 0.159715
v 50.8006 -86.9937 1005.21
vn 0.920045 -0.154097 0.360239
v 50.5498 -88.3322 1009.16
vn 0.414548 0.910011 0.00549308
v 50.4591 -78.8247 974.054
vn -0.0068381 0.994547 -0.104066
v 49.8102 -78.4506 974.416
vn 0.152181 0.982875 -0.103908
v 51.0504 -78.9025 974.658
vn 0.935421 0.248074 0.251887
v 51.5746 -81.2803 990.699
vn 0.969138 -0.0271637 0.245018
v 50.3899 -85.3566 1006.11
vn 0.970192 -0.0665293 0.233024
v 50.4233 -83.9749 1006.96
vn 0.971758 -0.0132467 0.235607
v 50.785 -83.6267 1005.2
vn 0.95321 0.260321 0.153699
v 49.985 -86.1809 1010.53
vn 0.138344 0.986558 -0.0869712
v 50.5623 -78.2574 978.729
vn 0.51151 0.857208 0.0595953
v 50.4859 -78.2523 981.167
vn 0.435236 0.896918 -0.0781458
v 51.269 -80.9795 993.187
vn 0.906966 0.399513 0.133421
v 50.7667 -80.5551 999.961
vn 0.967866 -0.0335412 0.249218
v 50.3487 -80.8561 1001.43
vn 0.942678 0.296001 0.154081
v 50.4549 -82.3312 1006.34
vn 0.960849 0.129052 0.245185
v 49.9535 -82.5531 1009.04
vn 0.113676 0.979463 -0.166521
v 48.9635 -79.0056 1003.26
vn 0.339655 0.931932 -0.12703
v 49.3321 -79.3039 1001.99
vn 0.399127 0.912263 -0.0920532
v 49.2672 -79.03 1003.26
vn 0.941834 0.279023 0.187335
v 48.9244 -79.8626 1007.07
vn 0.819341 0.568752 0.0721289
v 49.219 -80.6838 1008.45
vn 0.929172 0.288296 0.231353
v 49.0998 -80.8177 1010.86
vn 0.830578 0.539859 0.136724
v 48.9959 -80.4782 1010.62
vn 0.0310046 0.788281 -0.614534
v 49.5898 -67.1423 947.786
vn -0.677054 0.526893 0.513792
v 49.5834 -67.1784 948.098
vn 0.996462 0.0806604 -0.0235901
v 49.8787 -67.191 948.332
vn 0.549449 -0.820567 -0.157401
v 62.0953 -128.976 807.972
vn -0.120572 -0.844473 -0.521849
v 62.6404 -123.954 794.858
vn 0.441874 -0.814532 -0.375879
v 63.5026 -123.145 793.796
vn 0.311911 -0.871534 -0.37834
v 62.1067 -126.103 799.038
vn 0.53477 -0.793838 -0.289556
v 63.5413 -126.143 801.49
vn 0.686656 -0.71034 -0.154662
v 63.5334 -126.931 804.092
vn 0.979726 -0.0542441 0.192858
v 63.7782 -126.624 806.284
vn 0.755253 -0.649634 -0.0869967
v 62.2779 -129.489 816.417
vn 0.991927 -0.121971 -0.0347026
v 61.6023 -131.286 836.507
vn -0.321236 -0.754102 -0.572833
v 61.8982 -121.763 792.801
vn 0.958986 0.0594827 0.277144
v 63.7558 -122.804 805.443
vn 0.88343 -0.453014 0.119705
v 62.7308 -123.738 810.138
vn 0.929754 0.210361 0.302168
v 62.9361 -124.05 808.561
vn 0.965319 -0.146609 0.216022
v 62.7924 -123.83 808.962
vn 0.949 0.142084 0.281444
v 63.4466 -124.788 807.827
vn 0.878308 -0.457137 0.140001
v 61.9132 -124.53 812.423
vn 0.888619 0.364732 0.278078
v 62.4375 -125.162 811.098
vn 0.715612 0.640469 0.278746
v 61.5766 -125.632 814.659
vn 0.937365 -0.292642 0.188964
v 61.7517 -124.894 812.66
vn 0.908617 -0.369563 0.194523
v 61.8002 -124.45 813.635
vn 0.980622 -0.187469 -0.0568776
v 61.7456 -130.89 842.981
vn 0.839415 -0.543277 -0.0152454
v 61.4569 -131.32 848.691
vn -0.324609 -0.699461 -0.636697
v 63.4863 -117.381 786.815
vn 0.935289 0.163173 0.314021
v 62.9041 -121.553 808.268
vn 0.962638 -0.015545 0.270345
v 63.4506 -120.564 806.449
vn 0.926469 0.14975 0.345298
v 61.9618 -122.209 811.442
vn 0.93936 -0.277154 0.201962
v 62.4056 -123.786 811.953
vn 0.923395 0.214295 0.318465
v 61.5272 -124.34 814.585
vn 0.976441 0.145932 -0.158956
v 61.6491 -128.473 843.107
vn -0.151047 0.844225 0.514265
v 62.0146 -118.387 808.037
vn 0.943896 0.00844627 0.330135
v 62.9966 -119.734 808.42
vn -0.275938 0.831354 0.482399
v 61.4952 -120.198 810.754
vn 0.90356 0.356619 -0.237491
v 60.8499 -125.371 842.432
vn 0.978814 0.0364386 -0.201482
v 62.4335 -126.168 847.798
vn 0.981422 -0.113988 -0.154328
v 62.9704 -126.992 851.012
vn -0.690496 -0.422295 -0.587267
v 61.7864 -113.049 782.167
vn -0.370721 -0.664875 -0.648465
v 62.9691 -113.188 781.245
vn -0.00688993 -0.793448 -0.608599
v 63.5656 -113.029 780.977
vn -0.300721 0.83361 0.463316
v 61.0379 -116.297 804.13
vn 0.183037 0.841781 0.50784
v 61.0131 -115.659 803.025
vn -0.0261014 0.879674 0.474861
v 61.3243 -115.952 803.586
vn -0.290834 0.851791 0.435739
v 61.6028 -115.817 803.919
vn 0.745867 0.436403 0.503223
v 62.8593 -116.796 805.591
vn -0.331167 0.813071 0.478794
v 61.0976 -117.868 806.897
vn 0.92044 0.240098 -0.308453
v 61.5913 -123.67 847.054
vn 0.943714 0.199142 -0.264095
v 62.5005 -125.08 848.604
vn 0.192745 -0.946346 0.259381
v 61.4753 -128.349 864.728
vn -0.737454 -0.302063 -0.604085
v 62.9581 -109.885 778.788
vn -0.920657 0.308134 -0.239673
v 61.2424 -109.539 782.787
vn -0.570447 0.751124 0.33227
v 60.941 -113.286 798.267
vn 0.134192 0.86279 0.487427
v 61.8544 -113.528 798.694
vn -0.326861 0.847723 0.417765
v 62.1545 -113.466 798.557
vn -0.509626 0.763741 0.396208
v 62.7085 -113.069 798.941
vn 0.378986 0.803341 0.459362
v 61.2719 -114.455 800.805
vn 0.914106 0.257371 -0.313322
v 61.5749 -121.745 848.273
vn -0.800031 -0.531338 0.278623
v 60.9724 -125.629 869.819
vn -0.79823 -0.543217 0.260276
v 60.6764 -124.787 870.082
vn -0.482808 -0.817757 0.31332
v 61.7006 -126.165 870.343
vn -0.906654 0.228744 -0.354479
v 63.3836 -107.506 777.696
vn -0.809361 0.584278 -0.0596203
v 62.7266 -107.369 781.368
vn -0.815573 0.573166 -0.0795018
v 63.0234 -106.937 780.231
vn -0.874946 0.46009 -0.150952
v 62.3229 -107.362 783.192
vn -0.861095 0.504697 -0.0616188
v 61.3261 -109.148 784.078
vn -0.72114 0.679481 0.135141
v 61.2218 -108.93 785.944
vn -0.532208 0.792779 0.29708
v 62.0726 -108.197 785.478
vn -0.539958 0.787394 0.297416
v 61.5111 -109.194 787.12
vn -0.620199 0.747183 0.238894
v 62.3583 -108.328 786.373
vn -0.798379 0.598258 0.0684017
v 62.22 -108.962 788.696
vn -0.728896 0.663593 0.168388
v 61.7167 -109.764 791.898
vn -0.304249 0.841177 0.447051
v 62.5676 -109.419 792.581
vn 0.856195 0.317203 -0.407813
v 60.0503 -119.547 847.12
vn 0.865308 0.303169 -0.399162
v 61.2026 -120.005 848.613
vn 0.904648 0.260051 -0.337616
v 62.2825 -120.476 851.863
vn -0.414906 -0.890615 0.186168
v 60.5014 -123.839 872.876
vn -0.536727 -0.805179 0.25221
v 60.8375 -123.999 872.242
vn -0.811318 -0.498563 0.305284
v 61.434 -124.872 872.704
vn 0.831591 0.389557 -0.395856
v 60.5331 -116.85 849.438
vn 0.827909 0.374738 -0.417299
v 61.4434 -117.088 851.543
vn -0.162447 -0.974361 0.155663
v 59.2265 -121.293 877.192
vn -0.156273 -0.951743 0.26413
v 61.1277 -122.655 878.278
vn 0.00750213 -0.979734 0.200164
v 59.2443 -120.172 882.956
vn -0.202935 -0.952943 0.225206
v 59.8357 -118.926 889.29
vn 0.724114 0.572788 -0.384152
v 60.2312 -111.592 855.861
vn -0.374929 -0.903822 0.206237
v 58.5149 -118.137 890.631
vn -0.366119 -0.911489 0.187469
v 58.7378 -118.015 892.79
vn -0.0241089 -0.948609 0.315532
v 59.3292 -117.975 893.039
vn -0.125607 -0.949495 0.287544
v 59.5316 -117.378 894.439
vn 0.790567 0.503692 -0.348277
v 59.702 -109.041 858.444
vn 0.516418 0.758474 -0.39753
v 60.6942 -109.072 860.891
vn -0.214923 -0.958339 0.188135
v 59.3873 -116.779 897.288
vn -0.200389 -0.96371 0.176374
v 59.502 -115.846 900.504
vn 0.870033 0.410905 -0.272394
v 60.1203 -107.607 862.669
vn 0.884566 0.352858 -0.305015
v 59.8415 -106.638 862.229
vn -0.131562 -0.982043 0.135215
v 59.3943 -115.619 903.286
vn 0.0354748 -0.97001 0.240461
v 59.2797 -115.13 905.506
vn 0.882029 0.316013 -0.349514
v 59.8328 -105.068 863.729
vn 0.94208 0.220264 -0.252921
v 60.2202 -106.377 864.414
vn 0.0430471 -0.959212 0.279391
v 59.376 -114.13 909.344
vn 0.267866 -0.936295 0.227154
v 57.4692 -112.448 916.932
vn 0.210909 -0.946601 0.243852
v 58.0935 -112.475 916.327
vn 0.458225 -0.848385 0.26509
v 59.2286 -111.956 917.046
vn 0.79986 0.309561 -0.514194
v 58.2969 -100.603 863.591
vn 0.512913 -0.827455 0.228555
v 58.0862 -111.074 922.064
vn 0.346843 0.697424 -0.627137
v 57.5645 -99.0209 864.168
vn 0.519661 -0.825156 0.221516
v 58.3899 -109.284 926.333
vn -0.336112 0.786121 -0.518693
v 57.4478 -95.9285 868.378
vn 0.521469 -0.843084 0.131453
v 57.5823 -108.681 931.111
vn 0.512019 -0.852699 0.103641
v 56.3331 -109.362 934.537
vn 0.0544545 0.786538 -0.615136
v 58.491 -94.6354 869.741
vn -0.169246 0.80312 -0.571274
v 58.8593 -92.8481 871.947
vn -0.211683 0.78818 -0.577895
v 56.9918 -92.651 873.251
vn -0.249102 0.821545 -0.512846
v 57.8582 -92.2779 873.354
vn -0.302519 0.799736 -0.518559
v 58.2274 -92.6807 872.379
vn -0.112133 0.803574 -0.584547
v 58.224 -90.5212 875.731
vn 0.837097 -0.523476 0.158875
v 56.6958 -104.515 958.879
vn 0.761814 -0.640014 0.100113
v 55.3349 -105.48 963.563
vn -0.181359 0.77354 -0.607243
v 56.2359 -89.2091 877.585
vn 0.84876 -0.501242 0.168413
v 57.1103 -103.338 959.376
vn 0.886712 -0.453732 0.0887078
v 56.6109 -103.563 962.096
vn 0.89066 -0.440502 0.112622
v 56.3445 -104.165 965.337
vn 0.933257 -0.3351 0.129378
v 56.56 -102.958 965.556
vn -0.232822 0.823079 -0.51801
v 56.1705 -86.4152 881.034
vn 0.175441 0.868711 -0.463208
v 57.8543 -85.7214 882.976
vn 0.222772 0.874516 -0.430806
v 56.8512 -84.9173 883.751
vn 0.307518 0.874119 -0.375963
v 57.4361 -84.9308 884.366
vn -0.0432553 0.873586 -0.484744
v 57.6954 -84.6964 885.022
vn 0.82408 -0.518894 0.227248
v 55.6162 -100.657 974.489
vn -0.618481 0.682369 -0.389684
v 55.4396 -83.784 886.981
vn -0.0476852 0.905533 -0.421587
v 55.9536 -83.0806 887.739
vn -0.0573162 0.891655 -0.449073
v 56.2352 -82.9721 888.052
vn -0.17003 0.887486 -0.42832
v 57.0728 -80.3928 892.187
vn 0.1081 0.966697 -0.231972
v 55.3077 -77.4004 901.228
vn 0.351733 0.933389 -0.0711996
v 55.3137 -76.4243 907.803
vn 0.953178 -0.105355 0.283464
v 55.1959 -92.4986 992.097
vn 0.200464 0.969508 -0.140956
v 53.9547 -75.6951 910.553
vn 0.546032 0.804716 0.232983
v 55.3022 -76.6432 928.185
vn 0.604196 0.757306 0.247861
v 55.6516 -78.2898 931.553
vn 0.67627 0.733014 0.0731359
v 54.6128 -81.7641 955.91
vn 0.919418 0.23952 0.311932
v 54.6757 -89.0735 991.483
vn 0.417399 0.908649 0.0115924
v 55.4239 -74.6972 918.477
vn 0.515352 0.838824 0.175463
v 54.3658 -76.1199 927.656
vn 0.346286 0.929958 0.12355
v 54.1581 -79.217 943.557
vn 0.533574 0.84251 0.0739935
v 54.2934 -81.4845 955.65
vn 0.388556 0.916599 -0.0941884
v 54.0055 -80.968 963.359
vn 0.603299 0.797148 -0.0242108
v 54.58 -81.6561 961.72
vn 0.936691 0.166844 0.307853
v 54.8925 -87.3946 989.043
vn 0.854664 0.471321 0.217731
v 54.4745 -87.6956 990.508
vn 0.660069 0.751204 0.000760069
v 53.6165 -80.2651 972.318
vn 0.831848 0.540694 0.125214
v 53.3581 -82.6491 985.603
vn 0.934071 0.292013 0.205521
v 53.1784 -83.8016 990.271
vn 0.96752 0.142038 0.209116
v 52.6694 -86.3992 997.724
vn 0.775657 0.622673 0.103124
v 53.445 -80.5748 980.185
vn 0.575773 0.816116 -0.049395
v 52.0927 -81.7207 990.018
vn 0.915437 0.340187 0.215055
v 52.1094 -81.1602 988.595
vn 0.419034 0.894682 -0.154773
v 52.3215 -81.7186 990.631
vn 0.809113 0.586707 0.033346
v 53.0645 -82.567 988.662
vn 0.673397 0.739058 -0.0181632
v 52.2441 -81.4136 992.209
vn 0.968745 0.172168 0.17858
v 52.255 -82.075 993.828
vn 0.561773 -0.750324 -0.348461
v 65.4414 -119.389 788.096
vn 0.556697 -0.759472 -0.336588
v 64.6108 -122.063 793.701
vn 0.571452 -0.763655 -0.300456
v 66.3496 -121.651 794.715
vn 0.863268 -0.504644 0.0101233
v 65.579 -123.61 798.925
vn -0.429608 -0.647146 -0.629793
v 64.8406 -119.2 787.469
vn 0.948405 -0.0716287 0.308864
v 66.1022 -121.083 798.775
vn 0.953493 -0.0168121 0.300945
v 64.8402 -120.904 802.24
vn 0.93849 0.0253734 0.344372
v 64.7537 -119.01 801.869
vn 0.907885 0.121197 0.401319
v 64.7714 -117.228 802.189
vn 0.93708 0.118656 0.328331
v 63.7481 -118.895 805.838
vn 0.912031 -0.383192 -0.146158
v 64.4247 -127.819 858.2
vn 0.550306 -0.826034 0.121785
v 64.7866 -127.849 863.381
vn -0.450696 -0.556164 -0.698251
v 64.0529 -110.947 778.482
vn 0.875332 0.25692 0.409617
v 64.4942 -115.317 801.612
vn 0.775361 0.401461 0.487488
v 64.5382 -114.614 801.129
vn 0.753754 0.405042 0.517491
v 65.2023 -115.285 800.104
vn 0.810988 0.359661 0.461457
v 63.9052 -116.035 803.609
vn 0.066189 0.846569 0.528148
v 63.7174 -115.731 803.517
vn 0.871724 0.252506 0.419925
v 63.7319 -117.099 804.33
vn 0.957495 -0.0182578 -0.287871
v 64.0004 -125.745 854.907
vn -0.0448534 0.801949 0.595706
v 63.5869 -112.786 798.928
vn -0.210228 0.685877 0.69669
v 63.5414 -112.047 798.186
vn -0.0463376 0.85485 0.516803
v 64.2147 -113.548 800.401
vn 0.948879 0.132119 -0.28666
v 62.9371 -122.108 852.799
vn 0.981186 -0.0408936 -0.188687
v 62.9401 -121.706 852.262
vn 0.970902 -0.0611236 -0.231546
v 63.6621 -123.787 854.034
vn 0.917429 0.201037 -0.343378
v 63.5281 -122.996 852.954
vn -0.668035 -0.662387 0.339076
v 62.1744 -125.627 872.885
vn 0.0807704 -0.95832 0.274042
v 63.4882 -126.254 871.282
vn 0.0320653 -0.960592 0.276105
v 63.3122 -125.328 874.174
vn -0.69906 -0.269949 -0.66215
v 64.5383 -107.085 775.959
vn -0.428962 0.785346 0.446345
v 64.0763 -110.02 794.325
vn -0.54433 0.698398 0.464698
v 64.6231 -109.163 793.572
vn -0.542601 0.673502 0.501975
v 64.9049 -108.965 793.611
vn -0.378528 0.669702 0.638918
v 64.9223 -109.238 793.867
vn -0.710713 -0.597671 0.371048
v 62.5628 -123.913 876.55
vn -0.658969 -0.671215 0.339455
v 63.9768 -124.149 878.357
vn -0.869139 0.439268 -0.227246
v 64.7122 -105.074 778.522
vn -0.874869 0.415664 -0.248652
v 64.834 -104.161 778.62
vn -0.712564 0.688214 0.13643
v 64.3208 -104.715 780.342
vn -0.676971 0.709196 0.196852
v 65.2657 -104.82 784.3
vn 0.77994 0.427223 -0.457356
v 64.0487 -117.945 857.552
vn -0.57981 -0.741675 0.337252
v 63.2287 -122.839 879.495
vn 0.922702 0.212771 -0.321481
v 63.3422 -115.178 857.094
vn 0.797859 0.420935 -0.431549
v 63.8526 -116.876 858.321
vn 0.95334 0.137229 -0.268908
v 63.7621 -116.291 858.424
vn -0.670256 -0.700998 0.243635
v 61.2398 -120.081 886.361
vn 0.746511 0.526963 -0.406241
v 61.7167 -113.391 856.475
vn 0.780805 0.480113 -0.399794
v 63.129 -114.063 857.595
vn -0.255268 -0.934517 0.248025
v 62.0142 -119.439 888.62
vn -0.413979 -0.895049 0.165855
v 62.8856 -119.687 890.417
vn -0.0338148 -0.953199 0.300446
v 62.9769 -118.794 894.504
vn -0.279084 -0.938143 0.204937
v 60.9699 -116.163 902.709
vn 0.220626 -0.912322 0.344954
v 61.5261 -115.946 903.564
vn 0.630718 0.681441 -0.371258
v 61.9343 -108.486 863.452
vn 0.672239 0.634195 -0.381957
v 60.7287 -107.282 864.624
vn 0.643715 0.685793 -0.339587
v 61.5448 -106.853 866.177
vn 0.228221 -0.898913 0.373993
v 62.2648 -114.749 905.313
vn 0.316623 -0.895636 0.312386
v 60.5292 -113.788 909.782
vn 0.887566 0.325414 -0.326087
v 61.1912 -103.723 870.695
vn 0.81601 0.363132 -0.449736
v 60.1197 -100.575 867.89
vn 0.670642 0.517757 -0.531194
v 59.9442 -100.04 868.228
vn 0.953752 0.0369768 -0.298311
v 61.3573 -101.63 871.071
vn 0.310458 -0.897171 0.314164
v 60.8269 -110.115 918.313
vn 0.0231264 -0.970597 0.239598
v 61.4244 -110.064 918.331
vn 0.194656 -0.954183 0.227253
v 60.9619 -109.389 921.493
vn 0.879231 0.176005 -0.442691
v 61.432 -98.6566 871.605
vn 0.659565 0.471378 -0.585472
v 61.1521 -97.9887 871.72
vn 0.938797 -0.00322789 -0.344455
v 62.0799 -99.5045 873.291
vn 0.388379 -0.902953 0.183952
v 59.8238 -108.648 926.79
vn 0.563114 -0.799507 0.209027
v 60.9176 -107.804 927.872
vn 0.795026 0.354351 -0.49231
v 60.5588 -96.9575 871.896
vn 0.553476 -0.822869 0.12865
v 59.4899 -107.569 934.294
vn 0.615971 0.566778 -0.547122
v 59.775 -94.3945 870.819
vn 0.581341 0.624487 -0.521593
v 60.7537 -91.7218 875.274
vn 0.739567 -0.651046 0.17082
v 59.0111 -105.71 946.202
vn 0.0309988 0.832169 -0.553655
v 58.9147 -91.1363 874.743
vn 0.207961 0.798707 -0.564641
v 59.3518 -89.9288 876.468
vn 0.749422 -0.625381 0.217406
v 59.5214 -103.74 950.908
vn 0.0554413 0.816315 -0.574941
v 59.8815 -87.2891 880.627
vn 0.78649 -0.590439 0.181148
v 57.7207 -102.064 961.161
vn 0.898475 -0.404344 0.17102
v 58.9839 -100.306 960.58
vn -0.139723 0.831192 -0.538143
v 58.3992 -85.3391 883.698
vn -0.293309 0.776004 -0.558379
v 58.5153 -83.9392 885.474
vn -0.0113929 0.806472 -0.591162
v 59.8263 -84.6286 884.15
vn 0.328205 0.786816 -0.522687
v 60.1344 -84.698 884.142
vn 0.800063 -0.578613 0.158451
v 57.1862 -100.127 970.644
vn 0.173953 0.871551 -0.45841
v 59.2889 -82.9039 886.585
vn 0.86638 -0.462958 0.187231
v 57.7901 -98.6231 974.579
vn 0.175071 0.933591 -0.312663
v 57.8111 -79.48 894.796
vn 0.311859 0.939681 -0.140509
v 57.7729 -77.8608 900.876
vn 0.957695 -0.133236 0.255085
v 57.0089 -93.2533 985.283
vn 0.440263 0.886596 -0.141832
v 57.1883 -77.1033 907.709
vn 0.758808 0.565239 0.323597
v 58.2754 -78.5298 925.452
vn 0.837554 0.481165 0.258811
v 57.943 -83.172 946.257
vn 0.732624 0.661678 0.159511
v 56.7318 -83.0237 949.924
vn 0.773738 0.629691 0.0694125
v 57.3728 -89.7626 981.341
vn 0.95332 0.217167 0.209809
v 56.8784 -89.0823 982.408
vn 0.664317 0.74593 0.0476624
v 57.2259 -89.7519 982.923
vn 0.907631 -0.272411 0.319371
v 56.9557 -91.1814 985.653
vn 0.956647 -0.0592413 0.285163
v 57.2093 -90.076 986.464
vn 0.855916 -0.319629 0.406505
v 55.8953 -90.0766 989.188
vn 0.948394 0.126238 0.290883
v 55.6928 -92.1377 990.34
vn 0.397794 0.909502 -0.120688
v 56.5441 -75.5464 914.074
vn 0.589261 0.783546 0.197044
v 57.6153 -76.2098 920.372
vn 0.513789 0.846548 0.139204
v 58.2943 -77.1789 920.818
vn 0.647172 0.719411 0.252221
v 58.5056 -76.8113 919.363
vn 0.553835 0.809213 0.196062
v 56.6388 -76.2427 922.79
vn 0.712727 0.638938 0.289445
v 57.9707 -77.5608 925.012
vn 0.720699 0.605525 0.33754
v 57.1416 -77.6557 926.812
vn 0.373788 0.923356 0.0877255
v 55.8972 -79.2664 936.259
vn 0.586528 0.795153 0.153999
v 56.5868 -80.1901 942.504
vn 0.750437 0.6285 0.204528
v 56.8223 -82.4564 948.503
vn 0.525623 0.850677 0.00824585
v 56.3078 -82.9098 953.291
vn 0.631188 0.773662 0.0552118
v 56.2305 -82.8275 955.438
vn 0.655124 0.754027 0.0474939
v 55.353 -88.4861 988.55
vn 0.681434 0.725343 0.0975938
v 55.4954 -88.6302 989.441
vn 0.890276 0.248695 0.381522
v 56.0045 -89.1764 989.35
vn 0.736447 0.666459 0.116098
v 56.7512 -89.3486 987.286
vn 0.920883 -0.049601 0.386671
v 55.2089 -90.0959 990.64
vn 0.944563 0.249853 0.213011
v 55.7658 -86.789 986.117
vn 0.789432 -0.606127 -0.0969924
v 66.9507 -121.318 795.393
vn 0.93514 -0.232101 0.26766
v 67.2423 -120.75 795.803
vn 0.563939 -0.761783 -0.31884
v 66.8046 -116.966 785.501
vn 0.51886 -0.787178 -0.33337
v 67.0727 -117.304 787.578
vn 0.382393 -0.805292 -0.453079
v 66.5789 -119.688 791.183
vn 0.735687 -0.662105 -0.142762
v 68.6966 -118.344 791.683
vn 0.921283 -0.0596122 0.384297
v 66.6144 -119.587 797.526
vn 0.915722 -0.0763227 0.394497
v 67.0155 -119.689 796.599
vn -0.323924 -0.677306 -0.660553
v 66.9683 -113.545 780.934
vn 0.137258 -0.797366 -0.58768
v 67.8479 -113.585 780.635
vn 0.91191 -0.0286982 0.409386
v 66.6707 -116.806 797.415
vn 0.91617 -0.385622 -0.109213
v 65.8758 -126.551 863.934
vn -0.409969 -0.432716 -0.802921
v 66.8482 -107.164 774.238
vn -0.22536 -0.575645 -0.786031
v 67.1749 -107.441 774.252
vn -0.139469 -0.676655 -0.722971
v 66.349 -108.615 775.235
vn -0.457346 -0.412401 -0.787884
v 66.299 -107.93 774.802
vn -0.0969387 -0.747555 -0.657088
v 67.2369 -108.41 775.152
vn 0.645989 0.443898 0.621009
v 67.6395 -111.881 794.348
vn 0.749776 0.268983 0.604553
v 67.699 -110.88 793.918
vn -0.0144901 0.819924 0.57229
v 65.9247 -111.011 796.003
vn 0.786938 0.318689 0.528362
v 66.6729 -112.575 796
vn 0.483815 -0.862422 0.148833
v 65.8668 -125.54 870.211
vn 0.248684 -0.94319 0.220338
v 64.583 -125.513 872.635
vn -0.502601 -0.425263 -0.752691
v 66.1929 -106.636 774.351
vn 0.179627 0.763219 0.62067
v 65.4969 -108.76 793.352
vn 0.376141 0.694146 0.613742
v 66.6796 -107.857 791.397
vn 0.301074 0.709612 0.637029
v 65.8558 -109.488 793.675
vn 0.865949 0.295012 -0.403857
v 66.7916 -121.212 863.684
vn -0.807515 -0.084664 -0.583739
v 67.5113 -102.549 771.023
vn -0.871582 0.426741 -0.241323
v 66.0918 -103.078 776.667
vn 0.13509 0.820585 0.555329
v 66.8236 -104.328 785.934
vn 0.150046 0.791904 0.591925
v 67.4594 -104.762 786.171
vn -0.547746 0.768465 0.330811
v 65.4105 -105.76 787.182
vn 0.382178 0.77428 0.50441
v 66.8831 -105.608 787.84
vn 0.0262405 0.889354 0.456465
v 67.2245 -106.328 788.702
vn 0.26567 0.829138 0.491883
v 66.6073 -106.35 789.227
vn 0.169565 0.837079 0.52014
v 66.9301 -106.857 790.055
vn -0.0758429 0.899429 0.430436
v 67.5225 -106.464 789.22
vn 0.946307 0.0764566 -0.314098
v 64.6609 -118.355 858.477
vn 0.970625 -0.0427383 -0.236772
v 66.6442 -120.336 863.838
vn -0.773904 0.631208 0.0514641
v 67.1035 -101.217 777.351
vn -0.676357 0.697092 0.237916
v 66.5578 -102.902 782.833
vn -0.431938 0.802655 0.411308
v 66.5077 -103.89 785.094
vn 0.849818 0.325165 -0.414823
v 64.9219 -116.742 859.884
vn 0.908724 0.25899 -0.32733
v 66.1156 -117.208 863.171
vn 0.983279 -0.035299 -0.178651
v 66.2424 -115.818 864.031
vn -0.263494 -0.920985 0.28698
v 64.8934 -120.949 887.782
vn -0.0716351 -0.934135 0.349658
v 65.716 -120.508 889.092
vn 0.915331 0.318923 -0.245879
v 64.6006 -113.387 863.223
vn 0.733134 0.544368 -0.407648
v 65.0958 -115.261 861.981
vn 0.770471 0.580468 -0.263496
v 65.1069 -113.847 864.368
vn 0.808668 0.51657 -0.281446
v 66.1411 -114.693 864.536
vn 0.775574 0.549102 -0.311403
v 63.8293 -111.025 863.33
vn 0.935769 0.290349 -0.200085
v 64.4146 -112.165 863.135
vn 0.128917 -0.930433 0.343038
v 63.9251 -117.162 897.908
vn 0.918962 0.38531 -0.0839413
v 64.4434 -111.274 868.476
vn 0.90655 0.42204 -0.00695743
v 64.2326 -110.335 871.689
vn 0.988219 0.125258 0.0879358
v 64.1613 -109.992 871.445
vn 0.822294 0.545362 -0.16252
v 64.1582 -110.202 872.626
vn 0.71533 0.689967 -0.110674
v 64.5278 -110.656 871.941
vn 0.746994 0.62016 -0.239588
v 64.9488 -110.775 872.84
vn 0.767383 0.621906 -0.156067
v 65.6932 -111.735 871.765
vn 0.873114 0.398085 -0.281426
v 65.3799 -110.666 875.914
vn 0.0301962 -0.949353 0.312757
v 64.2216 -115.492 902.77
vn 0.889941 0.417976 -0.182487
v 63.1494 -107.503 870.656
vn 0.991721 0.115429 0.0562593
v 64.0492 -109.811 872.085
vn 0.994623 0.0304245 0.0989899
v 64.1039 -109.457 871.844
vn 0.997082 0.0724102 0.0241898
v 64.0337 -109.271 872.486
vn 0.973846 0.215682 -0.0714561
v 63.844 -108.015 873.927
vn 0.953636 0.225347 -0.199493
v 64.0367 -108.207 875.115
vn 0.80253 0.49965 -0.326032
v 64.229 -109.275 874.317
vn 0.886018 0.398217 -0.237478
v 65.0875 -109.75 875.768
vn -0.0285665 -0.944741 0.326571
v 63.4403 -114.544 905.671
vn 0.860265 0.343192 -0.377045
v 64.7731 -107.371 877.714
vn 0.886768 0.130619 -0.443375
v 64.9805 -106.323 878.819
vn 0.922735 0.219479 -0.316842
v 63.2784 -104.612 875.138
vn 0.317834 -0.889726 0.327674
v 62.8116 -110.95 915.144
vn 0.419069 -0.826914 0.374959
v 63.6473 -110.256 915.281
vn 0.91477 0.0921632 -0.393322
v 62.6927 -102.485 874.9
vn 0.862643 0.103162 -0.495182
v 63.9465 -103.032 876.954
vn 0.840564 0.0117856 -0.541583
v 64.3343 -101.831 877.784
vn 0.619965 -0.727934 0.292841
v 62.6718 -110.204 917.409
vn 0.362919 -0.88421 0.294046
v 63.1759 -109.395 918.171
vn 0.0836166 -0.962682 0.257392
v 61.6103 -109.566 920.556
vn 0.865891 0.126093 -0.484081
v 63.386 -100.013 876.877
vn 0.753263 0.11742 -0.647153
v 63.8814 -100.962 877.324
vn 0.708886 0.292862 -0.641648
v 63.8206 -100.077 877.481
vn 0.825419 0.0935673 -0.556712
v 63.789 -99.2538 877.933
vn 0.601703 0.346456 -0.719667
v 64.1125 -99.5447 878.093
vn 0.438821 -0.859452 0.262256
v 61.749 -108.709 923.229
vn 0.664869 0.29611 -0.685761
v 61.907 -94.4075 875.522
vn 0.610638 0.283153 -0.739557
v 62.1458 -93.8166 875.775
vn 0.862234 0.122771 -0.491406
v 62.9483 -95.7824 875.222
vn 0.584371 0.443536 -0.679549
v 62.8275 -94.6696 875.784
vn 0.624277 -0.744622 0.236254
v 61.7936 -105.711 932.221
vn 0.883615 0.203322 -0.421763
v 61.5315 -93.4321 874.993
vn 0.760743 0.254978 -0.596873
v 61.8605 -93.2075 875.634
vn 0.841038 -0.529219 0.112174
v 60.7947 -103.746 944.75
vn 0.810334 -0.558352 0.177766
v 62.226 -102.495 941.947
vn 0.864635 -0.475443 0.162357
v 60.8173 -103.382 946.949
vn 0.914437 -0.374814 0.152705
v 61.0308 -102.8 946.447
vn 0.630559 0.620082 -0.466791
v 62.6642 -88.8758 880.993
vn 0.543416 0.680616 -0.491386
v 61.1313 -86.7495 881.961
vn 0.476815 0.766964 -0.429433
v 61.9274 -85.0296 885.633
vn 0.308635 0.863923 -0.397973
v 60.1097 -82.6371 888.473
vn 0.385324 0.827973 -0.407413
v 61.3035 -82.7146 889.086
vn 0.468785 0.8278 -0.308199
v 62.1379 -82.4906 890.662
vn 0.283483 0.893056 -0.349413
v 59.8047 -80.6941 892.474
vn 0.517883 0.838654 -0.168695
v 60.8786 -80.2273 895.316
vn 0.976131 -0.158862 0.148089
v 60.0774 -93.6787 966.963
vn 0.958207 -0.250152 0.138791
v 58.9182 -95.1139 970.957
vn 0.68387 0.726902 -0.0627307
v 61.6019 -80.2244 901.118
vn 0.963807 0.236149 0.123731
v 59.7377 -92.0005 969.392
vn 0.777333 0.605983 0.16893
v 60.5778 -83.1342 937.159
vn 0.804764 0.555046 0.210425
v 60.5898 -83.5002 939.227
vn 0.894142 0.432045 0.117672
v 60.2471 -89.1242 963.818
vn 0.980272 0.117257 0.159112
v 59.945 -90.1307 967.596
vn 0.841562 0.538456 0.0428703
v 58.8114 -91.2159 976.529
vn 0.958984 -0.214025 0.185857
v 58.6519 -92.0863 977.895
vn 0.983841 0.115057 0.137181
v 58.2675 -90.8663 981.156
vn 0.555771 0.827939 -0.07507
v 60.9962 -77.9239 913.713
vn 0.425369 0.900798 0.0873189
v 60.1966 -78.044 920.386
vn 0.626751 0.740432 0.242784
v 60.1825 -78.0935 920.986
vn 0.699173 0.652509 0.292214
v 60.9976 -79.3207 921.083
vn 0.756518 0.559817 0.338061
v 58.779 -78.166 923.696
vn 0.658963 0.739223 0.138986
v 58.4267 -80.7675 936.941
vn 0.616364 0.782291 0.0900959
v 58.743 -84.1028 946.407
vn 0.816625 0.568725 0.0983608
v 58.225 -85.401 958.969
vn 0.804763 0.590242 0.0630152
v 58.0281 -90.3476 981.55
vn 0.539599 0.839539 0.0633039
v 58.9594 -76.5606 916.976
vn 0.599075 0.779881 0.181371
v 58.889 -77.5807 922.278
vn 0.478941 -0.80154 -0.357978
v 69.1103 -116.577 787.738
vn 0.921531 -0.321468 0.217805
v 69.4259 -117.282 791.274
vn 0.461964 -0.822387 -0.332068
v 69.6652 -115.031 784.67
vn 0.874755 -0.446927 0.187242
v 71.0542 -115.018 788.045
vn 0.896531 0.00784657 0.442911
v 68.3793 -113.348 794.401
vn 0.647719 0.365943 0.668241
v 68.7016 -110.535 792.53
vn 0.900239 -0.0754827 0.428803
v 69.3905 -111.945 792.229
vn 0.782226 0.202573 0.589141
v 69.3852 -111.365 792.412
vn 0.867391 -0.138128 0.478073
v 70.1873 -110.422 790.989
vn 0.653517 0.441113 0.615089
v 68.1936 -112.093 794.125
vn 0.839559 -0.539607 -0.0629676
v 67.1087 -124.448 868.291
vn -0.290225 -0.628835 -0.721343
v 69.1865 -105.535 771.732
vn 0.24889 0.733208 0.632819
v 68.1668 -107.178 790.016
vn 0.647007 0.439059 0.623385
v 68.7292 -109.528 792.042
vn 0.590932 0.425555 0.685348
v 69.2553 -109.715 791.664
vn 0.967547 -0.156772 -0.198181
v 68.0774 -122.142 869.632
vn 0.820027 -0.566643 -0.0804446
v 68.5261 -123.236 874.319
vn 0.629064 -0.775682 0.0509518
v 68.7343 -123.217 877.679
vn 0.259485 -0.939642 0.223025
v 66.8719 -123.571 880.461
vn -0.561423 -0.412711 -0.717268
v 69.08 -101.687 768.762
vn -0.0289545 0.809821 0.585962
v 68.114 -106.255 788.961
vn -0.457152 0.795071 0.398591
v 68.0952 -105.775 788.132
vn -0.337053 0.825042 0.453543
v 68.0825 -105.26 787.005
vn 0.113697 0.80541 0.581711
v 67.8312 -106.636 789.498
vn 0.936944 0.17061 -0.305005
v 67.2388 -118.92 866.539
vn 0.972932 -0.0967418 -0.209866
v 67.306 -118.355 865.117
vn 0.861494 0.334736 -0.38181
v 67.8065 -119.81 866.693
vn 0.96643 0.03757 -0.254167
v 68.404 -119.476 868.59
vn -0.0504352 -0.946757 0.317975
v 66.3911 -122.669 883.534
vn -0.885712 0.443754 -0.136371
v 68.6463 -99.9116 772.317
vn -0.531131 0.778365 0.334735
v 68.4472 -100.622 780.83
vn 0.87043 0.361828 -0.333814
v 67.181 -117.18 865.325
vn 0.970757 0.169566 -0.169934
v 67.682 -117.396 866.818
vn 0.958395 0.11317 -0.262053
v 67.8535 -118.044 868.838
vn 0.983689 -0.156579 -0.0885375
v 67.6972 -117.552 867.705
vn 0.907117 0.322472 -0.270463
v 68.5794 -118.535 870.285
vn -0.125051 -0.928009 0.350943
v 66.5665 -120.351 890.352
vn 0.976729 0.137739 -0.164404
v 66.3668 -115.266 864.437
vn 0.971903 0.201406 -0.121822
v 66.3501 -115.529 865.913
vn 0.815758 0.530603 -0.230217
v 66.8373 -115.938 866.762
vn 0.940156 0.293372 -0.173316
v 67.8114 -116.372 869.746
vn -0.110419 -0.928472 0.35461
v 65.9117 -119.918 890.725
vn 0.318588 -0.895425 0.31099
v 68.0307 -120.018 890.738
vn -0.083509 -0.930779 0.355916
v 67.4626 -118.559 894.953
vn 0.861715 0.475883 -0.176017
v 66.4044 -114.129 870.127
vn 0.93138 0.353355 -0.0875814
v 65.9758 -112.599 871.614
vn 0.835792 0.258871 -0.484188
v 67.7793 -111.474 880.071
vn -0.136957 -0.936615 0.322484
v 66.462 -116.249 900.838
vn -0.0377014 -0.971365 0.234581
v 65.1435 -115.676 902.75
vn 0.141176 -0.940991 0.307579
v 65.3985 -115.494 903.701
vn 0.203789 -0.921573 0.330413
v 66.0101 -115.393 903.118
vn -0.374434 -0.872964 0.312623
v 66.6081 -115.412 903.331
vn -0.0192765 -0.926636 0.375466
v 66.873 -115.266 904.068
vn 0.806488 0.240802 -0.539992
v 67.4131 -109.187 880.78
vn -0.0834155 -0.917518 0.388848
v 66.1772 -114.607 905.09
vn 0.192254 -0.882336 0.429561
v 67.091 -114.708 905.085
vn 0.793241 0.251968 -0.554329
v 65.3883 -106.39 879.422
vn 0.203299 -0.889775 0.40862
v 65.0519 -113.321 908.352
vn 0.300788 -0.86805 0.394988
v 65.9372 -111.322 912.681
vn -0.128319 -0.927655 0.350701
v 64.8628 -110.356 915.267
vn 0.687816 -0.608841 0.395249
v 66.1915 -110.941 913.061
vn -0.065961 -0.947255 0.31362
v 64.1916 -109.856 915.97
vn -0.0951506 -0.95208 0.29067
v 64.4126 -109.523 917.557
vn 0.765488 0.0924425 -0.636775
v 64.6201 -100.404 878.044
vn 0.890729 -0.0213628 -0.454033
v 65.4005 -100.35 879.894
vn 0.185896 -0.928703 0.320862
v 64.187 -108.289 921.127
vn 0.573546 -0.741803 0.347526
v 64.8025 -108.246 920.589
vn 0.827601 -0.0785801 -0.555789
v 64.7138 -97.4813 878.873
vn 0.824058 0.0804539 -0.560763
v 64.851 -96.5785 879.037
vn 0.742973 0.101046 -0.66165
v 65.9176 -97.0085 880.325
vn 0.771861 0.369078 -0.5177
v 64.4622 -93.2461 879.018
vn 0.844079 0.277668 -0.458728
v 65.7182 -92.9557 881.526
vn 0.795237 -0.552255 0.250224
v 64.4698 -103.122 931.2
vn 0.7318 0.466171 -0.497145
v 64.3499 -91.3895 880.568
vn 0.943529 -0.223326 0.244701
v 64.6213 -97.7866 939.167
vn 0.689312 0.620449 -0.374021
v 64.6843 -86.3342 888.488
vn 0.726987 0.539738 -0.424468
v 65.1526 -86.8841 888.396
vn 0.807636 0.485812 -0.334232
v 63.6377 -84.8814 888.346
vn 0.721269 0.636333 -0.273591
v 63.5897 -83.8705 889.522
vn 0.830295 0.520443 -0.199373
v 64.1208 -84.8686 890.266
vn 0.699249 0.677618 -0.227781
v 64.7896 -85.6966 890.127
vn 0.838202 0.534012 -0.110673
v 63.9987 -84.4439 891.254
vn 0.976403 -0.0076434 0.215821
v 64.2792 -93.7876 942.316
vn 0.971151 0.184024 0.151659
v 63.7352 -95.5838 943.511
vn 0.966823 -0.137342 0.215387
v 63.4995 -94.768 943.958
vn 0.932884 -0.25746 0.251876
v 63.9813 -94.0886 943.477
vn 0.952551 0.274474 0.131572
v 63.1331 -94.9249 946.363
vn 0.961619 0.242689 0.128025
v 63.5732 -95.6168 945.331
vn 0.795075 0.600879 -0.0824566
v 63.5436 -83.4567 892.339
vn 0.753321 0.644418 -0.131276
v 63.9378 -83.7348 894.123
vn 0.958449 -0.198465 0.204906
v 63.2103 -93.5452 947.255
vn 0.985072 -0.0459243 0.165904
v 62.0072 -94.4555 953.441
vn 0.638528 0.75402 -0.154065
v 63.9555 -82.0789 907.221
vn 0.942928 0.289244 0.164997
v 61.977 -90.0245 950.881
vn 0.982909 0.101949 0.153284
v 62.0113 -91.244 954.321
vn 0.76438 0.591136 0.257452
v 63.3949 -82.6419 923.876
vn 0.753832 0.614585 0.232428
v 63.6834 -83.6625 924.612
vn 0.824882 0.465844 0.320249
v 63.7373 -83.2035 923.781
vn 0.798984 0.543953 0.256397
v 63.0282 -82.9382 925.342
vn 0.85319 0.464648 0.236999
v 63.3787 -83.971 927.906
vn 0.868886 0.407973 0.280347
v 62.0764 -84.967 936.243
vn 0.944762 0.218167 0.244599
v 61.7105 -88.6527 949.903
vn 0.731507 0.681813 0.00536401
v 63.2347 -79.6524 915.57
vn 0.87982 0.46115 0.115138
v 63.6378 -80.2084 915.476
vn 0.616796 0.787118 0.00291471
v 62.2149 -78.833 916.007
vn 0.82473 0.479688 0.299533
v 62.7899 -80.1133 917.919
vn 0.836202 0.522845 0.165527
v 63.3991 -79.7945 916.461
vn 0.922677 0.256214 0.288136
v 63.6581 -80.6081 916.015
vn 0.758191 0.619392 0.203714
v 63.1978 -81.6817 920.083
vn 0.708621 0.675698 0.203194
v 62.2122 -82.0859 925.788
vn 0.684311 0.717267 0.131325
v 62.1797 -82.913 929.297
vn 0.837172 0.521577 0.16462
v 61.3491 -86.8881 948.385
vn 0.532899 0.840511 0.0977781
v 61.8303 -78.5652 917.878
vn 0.882754 -0.201722 0.424327
v 71.5032 -113.981 787.628
vn 0.867395 -0.14596 0.475732
v 72.5072 -110.71 786.999
vn 0.126405 0.716484 0.686056
v 71.0313 -104.285 786.202
vn 0.984637 -0.0615733 -0.163399
v 69.003 -119.351 871.669
vn 0.946781 -0.279695 -0.159298
v 69.2146 -122.038 874.849
vn 0.981283 -0.120293 -0.150378
v 69.539 -121.031 876.253
vn 0.97427 -0.128899 -0.184889
v 69.6666 -120.268 875.477
vn 0.957584 0.121236 -0.261411
v 69.5954 -119.926 875.232
vn 0.830249 -0.556084 -0.0381693
v 69.349 -122.55 877.807
vn 0.959028 -0.26672 -0.0955305
v 70.4189 -120.846 880.871
vn 0.731542 -0.668226 0.13535
v 70.1675 -121.144 883.557
vn -0.735743 -0.123214 -0.665959
v 71.4108 -98.0597 765.142
vn -0.632986 0.710889 0.306539
v 70.2777 -101.529 782.828
vn 0.149334 0.706271 0.692012
v 70.3841 -103.657 785.756
vn 0.986141 -0.0374152 -0.161633
v 69.2696 -118.909 874.495
vn 0.950921 -0.309411 0.00365925
v 70.8888 -119.791 883.809
vn -0.902167 0.250188 -0.351426
v 70.426 -97.6349 766.458
vn -0.0467591 0.781587 0.622041
v 71.0319 -98.4639 778.511
vn -0.260709 0.783469 0.564099
v 71.352 -98.7509 778.769
vn 0.851301 0.475108 -0.222617
v 68.5934 -115.865 875.944
vn 0.954002 0.204108 -0.219592
v 69.6879 -117.209 877.548
vn -0.731438 0.653755 0.193915
v 70.9241 -95.6309 773.53
vn -0.445489 0.774183 0.449645
v 71.786 -95.6863 775.056
vn -0.20751 0.757036 0.619546
v 71.8544 -97.0433 776.905
vn 0.892292 0.256297 -0.371654
v 70.3104 -114.573 881.687
vn 0.635956 -0.721438 0.274021
v 70.1028 -117.639 894.546
vn 0.799544 0.380118 -0.465015
v 67.9565 -112.354 879.952
vn 0.807061 0.294899 -0.511554
v 69.6866 -112.013 882.441
vn 0.800211 0.118878 -0.587819
v 68.0695 -105.287 883.316
vn 0.789652 0.119127 -0.601879
v 68.0514 -104.049 883.233
vn 0.897458 -0.113279 -0.426306
v 67.0259 -97.4945 881.952
vn 0.768958 0.28737 -0.571071
v 67.4167 -99.2039 883.176
vn 0.741098 0.31329 -0.59382
v 67.8261 -97.5955 884.689
vn 0.745594 0.315341 -0.587069
v 68.5089 -97.9337 885.248
vn 0.841226 0.0971235 -0.531889
v 68.6788 -99.0973 884.999
vn 0.801034 0.236703 -0.549833
v 67.019 -95.3658 882.028
vn 0.810117 0.223302 -0.542076
v 67.9599 -97.0422 885.095
vn 0.708865 0.505462 -0.491953
v 66.9872 -93.3933 883.6
vn 0.581905 0.601472 -0.547374
v 68.173 -93.0605 885.201
vn 0.855753 -0.415491 0.308308
v 66.2332 -101.065 930.679
vn 0.967628 -0.0631183 0.244359
v 66.5387 -100.854 929.919
vn 0.779321 0.496902 -0.381768
v 66.325 -90.9454 884.333
vn 0.685293 0.595379 -0.419401
v 67.8139 -90.7997 888.039
vn 0.764032 -0.498474 0.409607
v 67.3745 -99.5582 928.255
vn 0.967486 -0.0866034 0.237635
v 66.101 -99.6017 931.244
vn 0.984557 0.142889 0.101148
v 65.9051 -99.2888 932.821
vn 0.98034 -0.0137855 0.196833
v 65.7495 -98.5705 933.862
vn 0.975419 -0.0636317 0.210973
v 65.4942 -98.6122 935.679
vn 0.841787 0.417972 -0.341604
v 65.4525 -87.2054 888.648
vn 0.772297 0.539851 -0.334841
v 65.437 -86.6659 889.049
vn 0.826694 0.499548 -0.258901
v 65.9211 -87.616 889.495
vn 0.670102 0.661164 -0.33738
v 66.6599 -87.6178 891.639
vn 0.854887 -0.28312 0.434754
v 66.5745 -95.4221 933.827
vn 0.957418 0.0810487 0.277096
v 65.8578 -95.5591 935.926
vn 0.875358 -0.33318 0.350341
v 66.0091 -96.3302 935.181
vn 0.949907 0.0167481 0.312084
v 65.8368 -95.1956 935.592
vn 0.908129 -0.249753 0.336044
v 65.7732 -94.6791 936.095
vn 0.892364 -0.318981 0.319275
v 64.7691 -96.0797 938.255
vn 0.941926 -0.184646 0.280502
v 65.1395 -95.1845 938.591
vn 0.972095 0.0246848 0.233285
v 65.1942 -94.801 938.186
vn 0.736122 0.648021 -0.195431
v 65.2016 -85.0485 893.602
vn 0.939895 0.16116 0.301039
v 66.3869 -91.9841 935.05
vn 0.955103 0.024153 0.295287
v 66.1971 -93.695 935.96
vn 0.963123 -0.0272831 0.267673
v 64.8603 -93.6108 939.918
vn 0.730351 0.679435 -0.0703932
v 66.1199 -84.3056 903.72
vn 0.94859 -0.0721392 0.308176
v 64.9482 -92.0143 939.595
vn 0.959333 0.0702795 0.273389
v 64.6237 -92.4984 940.418
vn 0.680917 0.731083 -0.0432409
v 64.6522 -83.0781 904.614
vn 0.633873 0.755174 -0.167086
v 64.7018 -82.9408 906.469
vn 0.78877 0.581542 0.199128
v 65.1174 -85.6062 924.285
vn 0.907327 0.262912 0.328078
v 65.3585 -85.3741 923.111
vn 0.907649 0.285918 0.307284
v 65.9734 -87.8093 928.548
vn 0.808236 0.553223 0.201739
v 65.3876 -88.3233 931.118
vn 0.879835 0.354974 0.316044
v 64.073 -86.9274 932.873
vn 0.624339 0.755324 -0.199214
v 64.2929 -80.8443 910.8
vn 0.836126 0.520751 0.172373
v 64.6393 -81.3891 914.06
vn 0.78594 0.600652 0.146679
v 65.5645 -82.9964 915.005
vn 0.801376 0.556228 0.220017
v 63.919 -81.3244 917.11
vn 0.832458 0.48862 0.261274
v 64.276 -82.0145 917.382
vn 0.697749 0.700457 0.150018
v 65.7742 -83.6063 918.557
vn 0.764506 0.581982 0.277178
v 64.3288 -83.1831 922.269
vn 0.795133 0.547434 0.26092
v 65.0665 -84.5111 923.261
vn 0.844625 0.466234 0.263124
v 64.3076 -86.1025 931.805
vn 0.447299 -0.800034 -0.399836
v 74.1996 -109.469 777.502
vn 0.686971 -0.71252 -0.142781
v 73.3419 -111.818 782.86
vn 0.821942 -0.553183 0.135647
v 74.6773 -110.18 783.495
vn 0.844817 -0.270891 0.461415
v 75.1929 -109.178 783.309
vn 0.12279 -0.760787 -0.63728
v 73.5795 -102.994 768.288
vn 0.168862 0.670083 0.722824
v 73.1304 -103.979 785.643
vn -0.142405 -0.664115 -0.733943
v 73.971 -99.4979 764.652
vn -0.105709 0.746962 0.656409
v 74.3447 -99.0274 780.287
vn 0.987219 0.0379535 -0.154783
v 71.1005 -118.689 884.619
vn 0.992085 -0.0348166 -0.120645
v 71.191 -117.46 886.365
vn 0.990972 -0.113966 -0.0706181
v 71.3013 -118.127 886.551
vn 0.974745 0.105795 -0.196671
v 71.2698 -117.795 886.572
vn 0.988632 -0.109918 -0.102591
v 71.532 -117.149 888.254
vn 0.814732 -0.566444 0.123911
v 71.1896 -118.148 890.204
vn -0.336738 0.724658 0.601231
v 72.6914 -95.9914 775.929
vn -0.412031 0.742343 0.528354
v 72.6558 -95.0733 774.874
vn -0.602707 0.716137 0.351984
v 72.74 -96.9676 777.279
vn -0.431235 0.731544 0.528091
v 72.7228 -96.6001 776.735
vn -0.611215 0.734991 0.293607
v 73.2931 -96.3678 777.09
vn -0.641708 0.722418 0.257533
v 73.2877 -96.5057 777.675
vn 0.983011 -0.0754129 -0.167336
v 71.6977 -115.667 885.169
vn 0.921111 -0.388939 0.0167522
v 71.688 -116.124 887.525
vn 0.980068 -0.191652 -0.0523053
v 72.0485 -116.09 891.194
vn 0.835933 -0.523231 0.165666
v 71.5886 -116.988 892.551
vn -0.84309 0.535341 0.0510799
v 72.4226 -92.3528 768.042
vn -0.738433 0.632923 0.232647
v 73.1412 -92.1224 769.313
vn 0.977742 -0.027078 -0.208058
v 72.1671 -113.215 887.138
vn 0.987449 -0.126182 -0.0949844
v 72.1868 -113.371 888.025
vn 0.990838 0.0113361 -0.134581
v 72.0721 -114.465 892.4
vn 0.895195 -0.435157 0.0962563
v 72.4388 -114.36 890.29
vn 0.904476 -0.412572 0.108199
v 72.2981 -113.414 893.505
vn 0.981037 -0.190108 0.0377665
v 72.4146 -114.364 895.471
vn 0.808078 -0.523391 0.270318
v 72.2705 -114.482 896.057
vn 0.822857 -0.513663 0.243016
v 70.5312 -115.709 898.555
vn 0.862852 -0.440835 0.247288
v 70.7493 -115.532 897.676
vn 0.659633 -0.659909 0.359728
v 71.1539 -114.169 898.843
vn 0.548712 -0.745793 0.377767
v 69.9173 -114.801 901.719
vn 0.786253 0.290638 -0.545285
v 70.2637 -109.632 884.868
vn 0.902053 0.209662 -0.377283
v 72.2626 -110.885 887.861
vn 0.948425 0.14117 -0.283834
v 72.0723 -109.716 888.068
vn 0.883586 -0.360823 0.298467
v 70.3601 -114.12 901.58
vn 0.545939 -0.745205 0.382909
v 71.2123 -112.802 901.524
vn 0.758857 -0.551669 0.346117
v 71.5132 -112.492 901.669
vn 0.712901 -0.596304 0.369043
v 70.4167 -112.545 903.082
vn 0.864586 0.0587541 -0.499038
v 69.8463 -107.513 884.772
vn 0.630276 -0.662927 0.40408
v 70.7794 -111.807 903.829
vn 0.902126 0.0382556 -0.429773
v 71.443 -105.708 887.557
vn 0.882836 0.121141 -0.453789
v 71.8852 -106.522 888.942
vn 0.846126 0.18748 -0.498922
v 71.4611 -103.979 888.172
vn 0.864937 0.0405581 -0.50024
v 69.2073 -100.155 886.08
vn 0.835088 0.23566 -0.497084
v 70.0538 -100.531 886.939
vn 0.927044 -0.16691 -0.335753
v 70.6058 -97.7226 888.669
vn 0.932657 -0.282118 -0.224855
v 70.6952 -97.8192 889.263
vn 0.953227 -0.0642765 -0.295341
v 68.8262 -94.9373 885.789
vn 0.856169 0.192155 -0.479636
v 69.434 -95.2923 888.125
vn 0.835483 0.203484 -0.510454
v 70.4739 -97.3857 888.423
vn 0.951947 0.00995653 -0.306101
v 70.95 -97.2021 889.377
vn 0.962866 -0.112066 -0.245623
v 71.0114 -97.3013 889.97
vn 0.76128 -0.551975 0.340259
v 68.6631 -101.788 922.562
vn 0.784172 0.445845 -0.431622
v 68.4793 -93.0845 885.506
vn 0.929787 0.013853 -0.367838
v 69.3177 -94.9621 887.925
vn 0.976068 0.135753 -0.169888
v 69.0362 -93.1032 887.644
vn 0.883856 0.303608 -0.355839
v 69.5797 -95.0427 888.524
vn 0.831759 0.469998 -0.295429
v 70.4583 -94.8398 891.316
vn 0.874897 -0.335227 0.349541
v 70.2794 -100.555 921.685
vn 0.979147 0.104306 0.174331
v 70.2674 -99.9627 921.791
vn 0.912889 -0.286636 0.290642
v 69.3874 -100.186 923.567
vn 0.587425 -0.699479 0.407016
v 68.7226 -100.154 925.462
vn 0.985443 0.0905987 0.143851
v 69.1954 -99.6966 924.871
vn 0.872272 -0.358519 0.332574
v 69.0982 -99.8105 925.459
vn 0.931798 0.277027 -0.234539
v 68.8483 -90.9569 889.245
vn 0.946714 0.306078 -0.100247
v 68.9217 -91.7533 890.322
vn 0.998805 -0.0327198 0.0363129
v 68.939 -91.4026 890.081
vn 0.995221 0.0932968 -0.0288142
v 68.7806 -91.2779 891.015
vn 0.914444 0.332556 -0.230647
v 68.865 -91.3225 891.313
vn 0.844291 0.511658 -0.159306
v 69.0857 -91.843 890.918
vn 0.988867 -0.118708 0.0897297
v 69.0398 -90.7998 890.19
vn 0.872209 0.456416 -0.175886
v 70.3418 -92.7048 894.745
vn 0.94613 -0.120297 0.300612
v 69.0909 -99.1129 924.974
vn 0.972093 0.0350885 0.231957
v 69.3252 -97.9044 925.194
vn 0.725442 -0.520152 0.450751
v 69.2707 -96.9669 925.056
vn 0.757775 -0.496094 0.423872
v 67.8548 -98.4965 929.029
vn 0.998609 -0.0457214 0.026255
v 68.886 -90.6747 891.125
vn 0.72841 0.606949 -0.317856
v 68.5592 -89.8629 890.351
vn 0.948287 0.310091 -0.0677834
v 68.8329 -90.0863 891.229
vn 0.974298 0.143473 -0.173665
v 68.9898 -90.8224 892.014
vn 0.906292 0.41883 -0.0567206
v 68.9171 -89.2768 895.338
vn 0.933394 -0.172765 0.314529
v 68.442 -96.7831 928.734
vn 0.964765 0.166806 0.20348
v 68.1951 -95.5978 928.818
vn 0.96575 0.156921 0.206645
v 68.6023 -96.5203 928.174
vn 0.924007 -0.121354 0.362609
v 67.3793 -96.5162 931.815
vn 0.76033 0.625339 -0.175641
v 67.9928 -88.2972 892.756
vn 0.85762 0.509426 -0.0705146
v 68.1508 -88.0054 899.821
vn 0.950828 0.163267 0.263193
v 69.2613 -92.6568 924.913
vn 0.856354 -0.293345 0.424978
v 68.836 -94.5648 928.527
vn 0.938456 -0.0779255 0.336495
v 67.0858 -93.629 932.632
vn 0.901349 -0.214232 0.376397
v 67.1892 -95.2077 932.96
vn 0.869594 0.453773 0.194669
v 69.324 -88.827 918.893
vn 0.933143 0.235576 0.271566
v 69.3172 -90.6782 920.696
vn 0.939247 0.252658 0.232334
v 68.3061 -92.2405 928.936
vn 0.77753 0.626533 -0.0538793
v 67.8579 -85.19 907.941
vn 0.895366 0.409962 0.173927
v 68.0771 -86.289 915.977
vn 0.762146 0.632829 0.136603
v 69.0685 -87.5376 915.463
vn 0.885363 0.364607 0.288434
v 67.1553 -86.3056 919.008
vn 0.844012 0.491795 0.213965
v 67.4399 -89.895 929.038
vn 0.938659 0.0825699 0.334815
v 67.2006 -85.9523 918.767
vn 0.863693 0.45401 0.21888
v 67.3286 -85.2421 918.287
vn 0.345595 -0.786721 -0.511501
v 76.4228 -106.165 773.553
vn 0.627179 -0.749832 -0.21071
v 77.3203 -107.065 776.453
vn 0.0839737 -0.700624 -0.708573
v 75.0932 -98.1719 763.382
vn -0.456096 -0.426523 -0.78106
v 75.5372 -95.7303 761.204
vn -0.324902 0.787922 0.523084
v 74.6444 -99.1076 780.582
vn -0.0376763 0.685457 0.727138
v 76.6305 -97.2624 779.061
vn -0.38302 0.742221 0.549912
v 75.2656 -94.5935 776.217
vn -0.0523975 0.65645 0.752547
v 74.863 -96.6321 777.98
vn -0.133717 0.671139 0.729173
v 76.5329 -95.514 776.985
vn -0.743573 -0.0719187 -0.664776
v 75.7332 -90.8633 759.762
vn -0.726895 0.631871 0.269003
v 74.303 -91.1668 771.025
vn -0.504309 0.685453 0.525191
v 74.5044 -91.4376 771.894
vn 0.990792 -0.103288 -0.0875428
v 72.628 -113.697 890.107
vn 0.963114 -0.268118 -0.022901
v 72.5025 -112.346 888.823
vn 0.978376 -0.0732209 -0.193438
v 72.4989 -112.201 888.506
vn -0.867135 0.14971 -0.475042
v 76.5549 -87.865 758.847
vn -0.908657 0.369157 -0.195102
v 75.4162 -88.7394 761.417
vn -0.789724 0.559954 0.250576
v 74.9802 -88.3155 766.668
vn -0.768674 0.594431 0.236204
v 75.5284 -89.0976 768.67
vn -0.701899 0.63003 0.332265
v 75.553 -89.1698 770.181
vn 0.946595 0.183211 -0.265315
v 72.952 -110.002 890.163
vn 0.981663 0.151558 -0.11562
v 72.752 -111.086 892.709
vn 0.944626 -0.308934 0.110639
v 72.8971 -111.996 894.469
vn 0.999619 0.0240354 -0.0135457
v 72.9455 -111.382 894.488
vn 0.964668 -0.254529 0.0680545
v 72.5337 -112.224 895.551
vn 0.958696 -0.240269 0.152226
v 72.3135 -112.769 898.498
vn 0.899491 0.184025 -0.396296
v 72.1834 -107.926 888.39
vn 0.973666 -0.218272 -0.0658246
v 72.2894 -108.719 889.469
vn 0.867769 0.362498 -0.339958
v 72.6521 -109.68 889.912
vn 0.987775 -0.155008 -0.0165524
v 73.1823 -110.051 892.291
vn 0.976462 -0.1925 0.097291
v 72.8151 -110.924 897.007
vn 0.929144 0.184869 -0.320179
v 72.268 -106.348 889.893
vn 0.987052 -0.0848603 -0.136113
v 72.8737 -107.339 890.639
vn 0.898977 0.31772 -0.301485
v 72.8065 -106.752 890.743
vn 0.997624 -0.0159497 -0.0670256
v 72.9482 -106.478 894.451
vn 0.959104 0.22244 -0.175042
v 73.2122 -107.343 894.3
vn 0.970147 -0.227277 0.0846144
v 73.2203 -107.815 896.959
vn 0.980217 -0.186506 0.0662647
v 73.0725 -108.038 898.136
vn 0.976944 -0.154579 0.147259
v 72.5719 -108.034 903.007
vn 0.969865 -0.23787 0.0527212
v 73.188 -105.565 894.618
vn 0.923501 0.328704 -0.197735
v 72.8242 -104.116 894.872
vn 0.972322 0.189769 -0.136299
v 73.2369 -104.723 895.074
vn 0.946497 -0.307879 0.0967138
v 73.0291 -104.865 897.484
vn 0.992046 -0.125877 0.00053349
v 73.2741 -104.197 897.303
vn 0.935213 0.304255 -0.181124
v 73.2401 -103.851 897.059
vn 0.974577 -0.183753 0.128199
v 73.1847 -106.074 900.928
vn 0.968698 -0.217332 0.119966
v 73.5968 -105.404 900.749
vn 0.954296 0.291464 -0.0660918
v 73.5253 -104.678 900.878
vn 0.971171 -0.197943 0.132837
v 73.0668 -106.888 902
vn 0.982125 -0.16765 0.0855838
v 72.9629 -106.217 903.337
vn 0.935045 -0.299455 0.189784
v 72.9119 -106.274 903.631
vn 0.998914 -0.00351134 0.0464688
v 72.9946 -105.918 903.391
vn 0.989277 -0.0233995 0.144161
v 73.0043 -105.969 903.687
vn 0.994447 0.0495099 0.0928625
v 72.9563 -105.624 903.443
vn 0.984458 0.100302 0.144161
v 72.9262 -105.683 903.754
vn 0.93116 -0.287759 0.223909
v 73.1129 -105.156 902.615
vn 0.912723 -0.309968 0.266189
v 72.1536 -106.468 906.024
vn 0.972111 -0.0409793 0.230912
v 72.8825 -105.736 904.032
vn 0.930515 0.207982 -0.301472
v 72.1726 -100.929 892.08
vn 0.965812 0.138119 -0.219386
v 72.5961 -102.077 891.881
vn 0.857071 0.458837 -0.234304
v 72.9903 -102.845 898.15
vn 0.993967 -0.101385 -0.0418504
v 73.3947 -103.75 898.299
vn 0.871092 0.420343 -0.253989
v 73.2896 -102.922 898.75
vn 0.995266 0.0971693 -0.0018226
v 73.0416 -103.661 901.053
vn 0.973263 0.218986 -0.0693107
v 73.5836 -102.563 900.343
vn 0.967694 -0.210804 0.13831
v 73.4401 -102.734 901.224
vn 0.801124 0.552531 -0.230023
v 73.4333 -102.281 900.391
vn 0.948489 -0.212585 0.234898
v 73.0594 -104.184 904.007
vn 0.889552 -0.345486 0.298891
v 73.4568 -104.495 902.533
vn 0.983076 0.164766 0.080089
v 72.8836 -102.926 905.449
vn 0.96918 0.21652 -0.117509
v 72.7954 -99.0402 897.304
vn 0.99495 0.0935844 -0.0362795
v 72.8319 -100.905 900.933
vn 0.889236 0.429671 -0.156978
v 72.9251 -101.446 900.838
vn 0.922266 0.383269 -0.0502944
v 73.2164 -101.605 901.637
vn 0.973923 0.223474 -0.0391668
v 72.785 -100.195 903.803
vn 0.99237 0.103308 0.0672994
v 72.6256 -102.078 907.426
vn 0.919178 0.24117 -0.311367
v 71.0188 -96.7072 890.076
vn 0.961072 0.10129 -0.257064
v 71.2668 -96.7891 890.674
vn 0.83902 0.413371 -0.353794
v 71.0877 -96.2124 890.775
vn 0.835969 0.355852 -0.417761
v 71.351 -97.4806 891.167
vn 0.994853 0.0364805 -0.0945391
v 71.3193 -96.9416 891.562
vn 0.999434 -0.0163343 0.0293964
v 71.4565 -96.0388 891.726
vn 0.98353 0.17043 -0.0601873
v 71.3876 -96.2025 892.61
vn 0.978661 0.0768769 -0.190558
v 72.2943 -98.0034 892.911
vn 0.86216 0.438071 -0.254508
v 71.6597 -96.387 893.8
vn 0.830808 0.495696 -0.253066
v 72.3097 -96.2266 895.362
vn 0.99834 -0.0536686 -0.0209261
v 72.2867 -97.7433 896.615
vn 0.997094 -0.0336079 0.0683649
v 72.6788 -98.5476 906.535
vn 0.974624 -0.170264 0.14532
v 72.089 -99.4594 913.068
vn 0.970933 -0.0949155 0.219728
v 71.0814 -101.526 917.256
vn 0.909241 0.390564 -0.144018
v 71.1699 -95.2802 892.467
vn 0.838732 0.502339 -0.210202
v 71.6376 -94.4007 898.118
vn 0.986429 -0.161109 0.0316455
v 72.7357 -96.3755 897.78
vn 0.971632 0.221643 -0.0824995
v 72.7432 -95.4503 899.47
vn 0.997572 0.0680457 0.0148137
v 72.8338 -96.1941 905.434
vn 0.969658 0.241947 -0.0349895
v 72.7199 -95.6113 905.537
vn 0.992868 -0.0580712 0.104116
v 72.7089 -97.1842 909.217
vn 0.995101 0.0403329 0.0902672
v 72.3887 -98.4366 912.646
vn 0.880681 -0.316165 0.352761
v 70.6395 -100.102 919.333
vn 0.970091 -0.161086 0.181587
v 71.2723 -99.3296 918.566
vn 0.824854 0.53411 -0.185316
v 71.8412 -92.9867 902.336
vn 0.847657 0.506121 -0.159121
v 72.44 -93.6128 902.746
vn 0.997298 -0.0351492 0.0645132
v 72.5632 -93.2523 905.957
vn 0.988292 0.150441 0.0254219
v 72.5563 -94.9118 908.403
vn 0.968659 -0.188478 0.161789
v 72.0294 -96.7948 913.544
vn 0.980972 0.0900062 0.172023
v 71.2894 -96.2716 918.809
vn 0.924615 -0.249943 0.287431
v 71.129 -98.1895 920.902
vn 0.887687 -0.388711 0.24681
v 72.1393 -92.8736 908.761
vn 0.934977 0.354359 0.0157686
v 72.0813 -93.2461 910.827
vn 0.89577 -0.240478 0.373853
v 71.8809 -91.9731 910.443
vn 0.908593 0.417682 0.0011458
v 72.2666 -91.7275 909.273
vn 0.960819 0.0260622 0.275948
v 72.2394 -91.8349 909.863
vn 0.852301 0.522886 -0.0131308
v 72.0369 -91.4259 909.171
vn 0.888676 0.434828 0.14553
v 72.0938 -91.5517 909.912
vn 0.945246 0.00830673 0.326252
v 72.0289 -91.6102 910.205
vn 0.984671 0.0570047 0.164842
v 72.1365 -93.9573 913.139
vn 0.936504 0.327852 0.124395
v 71.8897 -92.5492 913.693
vn 0.90957 0.404465 0.0953464
v 71.4874 -92.9192 917.278
vn 0.977129 0.0308813 0.210395
v 71.2698 -94.4932 919.127
vn 0.958761 0.201196 0.200743
v 70.2702 -95.8792 924.655
vn 0.85778 0.510622 -0.05897
v 71.5797 -90.1505 908.631
vn 0.979969 -0.0127693 0.19874
v 71.3774 -91.7411 912.306
vn 0.964077 0.197694 0.177404
v 71.417 -90.8998 912.762
vn 0.948712 0.29443 0.115137
v 71.1076 -91.5399 914.471
vn 0.944668 0.231431 0.232467
v 70.7787 -91.8851 916.234
vn 0.762742 0.645943 0.0313442
v 71.094 -92.4147 917.667
vn 0.882098 0.442538 0.161441
v 70.646 -91.9334 919.881
vn 0.815544 0.564638 0.126777
v 69.4826 -87.9911 915.997
vn 0.936151 0.136824 0.323884
v 69.9683 -90.4949 918.299
vn 0.942245 0.17666 0.284545
v 69.7003 -89.7346 919.041
vn 0.522126 -0.765135 -0.376767
v 79.3022 -102.885 770.829
vn 0.734694 -0.0705525 0.67472
v 78.5757 -102.606 780.923
vn 0.195795 -0.747841 -0.634348
v 79.2102 -96.6607 762.188
vn -0.0068201 0.559478 0.828817
v 79.127 -96.2362 778.113
vn -0.191444 0.634992 0.748421
v 78.3444 -91.2985 774.006
vn -0.290661 0.64513 0.706628
v 78.486 -93.5421 776.147
vn -0.293806 0.649478 0.701324
v 78.7265 -92.4416 774.823
vn -0.720988 0.600867 0.345158
v 76.8786 -86.5808 767.311
vn 0.827935 -0.458227 0.323345
v 80.1953 -104.061 777.947
vn 0.467464 -0.76955 -0.435052
v 82.0397 -100.367 769.491
vn 0.372034 -0.739562 -0.560927
v 81.4232 -96.8742 764.011
vn 0.603217 0.0695932 0.794535
v 80.1151 -99.1294 779.438
vn -0.546472 -0.302075 -0.781101
v 81.3152 -87.1168 753.259
vn -0.0628411 -0.665278 -0.743946
v 80.2821 -89.6378 755.231
vn 0.3161 -0.772883 -0.550211
v 81.185 -89.8211 755.821
vn -0.305663 0.631961 0.712176
v 80.1534 -91.6323 774.989
vn -0.770082 -0.013752 -0.637796
v 80.6148 -82.7795 753.143
vn -0.889802 0.275531 -0.363779
v 79.5745 -79.1899 756.487
vn 0.549561 -0.718545 -0.426235
v 82.5568 -98.3405 766.204
vn 0.345798 -0.736312 -0.581608
v 82.808 -97.4445 765.148
vn 0.620253 -0.705817 -0.342213
v 84.3038 -98.3971 768.352
vn 0.803137 -0.374416 0.463447
v 84.2916 -98.6008 775.326
vn 0.46639 -0.756752 -0.458047
v 82.3114 -93.5304 759.746
vn 0.715416 0.127216 0.687019
v 83.5364 -96.1487 776.614
vn 0.648327 0.105773 0.753979
v 83.8933 -96.7023 776.482
vn 0.34698 0.335783 0.875702
v 81.7796 -97.1886 778.05
vn -0.0329763 -0.654402 -0.755427
v 82.7681 -90.2896 756.979
vn -0.0738456 -0.64075 -0.76419
v 82.5603 -92.6114 758.695
vn 0.257479 -0.767569 -0.586978
v 81.7697 -89.7359 756.15
vn -0.226874 -0.569602 -0.789988
v 83.5763 -89.8042 756.418
vn 0.0538952 0.464356 0.884007
v 81.3925 -92.2031 775.617
vn -0.363944 -0.499058 -0.786438
v 83.3392 -85.5729 751.419
vn -0.165914 0.685568 0.70885
v 82.6127 -88.1027 772.608
vn -0.235889 0.564792 0.790802
v 81.5791 -90.7151 774.869
vn -0.348315 0.67888 0.646374
v 82.1124 -89.7349 774.183
vn 0.216396 0.553883 0.803982
v 83.2745 -89.2825 774.236
vn -0.163595 0.565398 0.808432
v 82.4472 -85.7575 770.932
vn -0.424273 0.615966 0.66376
v 81.844 -81.3244 767.41
vn -0.854527 0.434106 -0.285195
v 81.7299 -75.8466 754.368
vn -0.870918 0.489907 -0.0386394
v 80.8778 -75.9962 756.462
vn -0.601675 0.615649 0.508885
v 80.8409 -78.4833 762.112
vn -0.539968 0.618182 0.571214
v 81.1397 -78.5543 762.409
vn -0.656039 0.577291 0.486157
v 81.366 -77.4057 761.398
vn -0.484366 0.638812 0.597753
v 81.6629 -77.4644 761.719
vn -0.782948 0.532095 0.322284
v 81.6137 -76.6683 760.924
vn -0.547442 0.601193 0.582129
v 82.2298 -77.0951 761.771
vn 0.510484 -0.723332 -0.464969
v 85.3896 -96.4118 766.285
vn 0.684858 -0.648411 -0.332465
v 86.57 -95.1752 765.914
vn 0.773127 -0.634064 -0.0154215
v 86.5181 -96.9092 770.48
vn 0.772542 -0.013698 0.634816
v 86.4779 -95.3606 773.804
vn 0.77455 -0.233001 0.588033
v 85.209 -96.6307 775.082
vn 0.644876 -0.703395 -0.298948
v 84.5206 -90.9057 758.419
vn 0.353384 -0.731498 -0.583121
v 84.8185 -91.1609 759.292
vn 0.328851 -0.717165 -0.614436
v 85.4837 -92.2792 760.625
vn 0.512047 0.399991 0.760141
v 86.2083 -94.7856 773.865
vn -0.078558 -0.683792 -0.725436
v 85.232 -87.4092 754.19
vn 0.141301 -0.80335 -0.578501
v 85.121 -85.2157 751.216
vn 0.375998 0.306538 0.874448
v 83.6895 -90.5089 774.244
vn 0.518331 0.309786 0.797098
v 83.8064 -89.5174 773.897
vn 0.515824 0.499928 0.695699
v 83.5805 -89.2347 773.944
vn 0.20852 0.687512 0.695591
v 83.5581 -88.876 773.595
vn 0.368319 0.486531 0.79223
v 83.8834 -89.1689 773.701
vn -0.0155394 0.626565 0.779214
v 83.8346 -88.4698 773.184
vn 0.275705 0.441606 0.853798
v 84.4588 -88.7319 773.282
vn 0.330977 0.382972 0.862431
v 84.8887 -90.3369 773.94
vn -0.789099 0.224886 -0.571619
v 85.3416 -75.6492 748.359
vn -0.799129 0.222607 -0.558426
v 84.763 -74.4775 750.06
vn -0.836115 0.321297 -0.444613
v 82.8826 -74.6148 752.776
vn -0.525664 0.630256 0.571362
v 82.6853 -75.1171 760.608
vn -0.5425 0.667213 0.510412
v 83.7958 -73.6717 759.359
vn -0.492438 0.637211 0.592847
v 82.9963 -75.3122 760.882
vn -0.752984 0.58321 0.304765
v 83.5596 -75.1053 761.537
vn -0.615365 0.59305 0.519248
v 84.1143 -75.1969 763.358
vn -0.796644 0.552496 -0.245165
v 84.3485 -71.1305 753.393
vn -0.884745 0.349962 -0.30782
v 84.4055 -70.5021 755.058
vn -0.814011 0.512337 -0.273672
v 84.5759 -70.679 754.425
vn -0.867589 0.484583 0.111663
v 83.7066 -72.0894 757.507
vn 0.740458 -0.616293 -0.268152
v 86.7548 -95.4579 768
vn 0.836785 -0.363314 0.409626
v 86.7169 -95.8269 773.115
vn 0.816964 -0.0970535 0.568463
v 86.8547 -95.0495 773.256
vn 0.729204 -0.634138 -0.257158
v 87.4236 -90.3669 760.386
vn 0.859873 -0.491304 -0.138707
v 88.1523 -92.6892 764.858
vn 0.894741 0.252398 0.36842
v 87.1292 -91.9121 766.811
vn 0.577052 0.516362 0.632757
v 87.3724 -91.7961 766.292
vn 0.641221 0.707913 0.296133
v 87.8921 -92.4347 766.728
vn 0.796555 0.580029 -0.17049
v 87.9668 -92.5326 767.322
vn 0.905634 -0.389359 -0.168008
v 88.1047 -93.3272 766.701
vn 0.992511 -0.111788 0.0492478
v 88.1915 -92.9478 766.336
vn 0.962936 -0.172344 -0.207491
v 88.2299 -93.1016 767.224
vn 0.923022 0.179361 0.340382
v 88.1812 -92.6521 766.389
vn 0.903127 0.387494 0.184961
v 88.121 -92.7101 766.682
vn 0.678559 0.465331 0.568352
v 88.0215 -92.3439 766.442
vn 0.952838 -0.118516 0.27938
v 88.3755 -92.2325 765.857
vn 0.708646 -0.619793 -0.337161
v 88.2592 -93.448 767.467
vn 0.93098 0.0779145 -0.356659
v 88.4173 -93.1891 767.82
vn 0.828406 -0.454116 -0.327905
v 88.6898 -93.7841 768.632
vn 0.855085 -0.27829 0.437476
v 88.305 -93.8595 771.534
vn 0.756347 0.0285544 0.653547
v 88.4713 -93.2201 771.473
vn 0.593623 0.474902 0.649677
v 88.6863 -92.5018 770.995
vn 0.697684 0.646749 0.308145
v 88.7413 -92.0951 770.459
vn 0.480739 0.678366 0.555616
v 88.4678 -92.1058 770.758
vn 0.712246 0.123127 0.691047
v 86.7692 -94.6352 773.329
vn -0.247998 -0.597285 -0.762724
v 86.4109 -86.8382 753.351
vn 0.343079 -0.816425 -0.464486
v 87.0122 -86.7304 753.077
vn 0.660644 -0.719619 -0.213771
v 87.2853 -87.2246 755.46
vn 0.409729 -0.75902 -0.505975
v 87.5742 -87.1946 755.774
vn 0.661908 -0.734637 -0.148949
v 87.5954 -86.8314 754.011
vn 0.235647 -0.721194 -0.651421
v 87.3206 -87.9689 756.547
vn 0.581164 -0.718047 -0.382959
v 87.9577 -88.9954 758.506
vn 0.625213 -0.662518 -0.412527
v 88.2421 -89.4984 760.553
vn 0.446423 0.466013 0.763896
v 88.2257 -90.9347 765.361
vn 0.59616 0.284869 0.750628
v 88.4503 -89.868 764.65
vn 0.971867 0.0118037 0.235233
v 86.6504 -90.8747 767.599
vn 0.877483 0.0506534 0.476925
v 86.9604 -90.6199 766.335
vn 0.895395 0.402737 0.189924
v 87.3793 -90.6332 770.091
vn 0.89524 0.408165 -0.178737
v 87.163 -90.2517 769.547
vn 0.975227 0.210443 0.0681552
v 87.1908 -90.0574 770.192
vn 0.751939 0.602971 -0.266484
v 87.5996 -91.1013 769.401
vn 0.748095 0.651144 0.12793
v 87.7543 -91.1918 769.997
vn 0.930307 0.116147 0.347907
v 87.1104 -90.4714 770.755
vn 0.688816 0.468098 0.553549
v 87.4767 -91.0263 770.327
vn -0.114863 -0.739524 -0.663258
v 86.937 -85.5892 752.09
vn 0.552664 -0.78655 -0.275502
v 88.1326 -86.3002 754.723
vn 0.396397 -0.735942 -0.548871
v 88.4402 -86.7416 755.656
vn 0.904859 -0.00566939 0.425673
v 86.5609 -89.5929 772.399
vn 0.699514 0.204808 0.684641
v 86.3432 -89.3709 772.753
vn 0.493855 0.38096 0.78165
v 86.2374 -88.0727 772.278
vn 0.954816 0.287365 -0.0758079
v 86.726 -87.5352 771.246
vn 0.878865 0.251393 0.405459
v 86.7124 -87.5889 771.541
vn -0.0422444 -0.817818 -0.573925
v 86.5057 -82.8174 747.998
vn 0.987945 0.123765 0.0929843
v 86.3773 -86.5726 770.803
vn 0.928214 -0.0796954 0.36341
v 86.5603 -85.5606 770.378
vn 0.753579 0.146842 0.640746
v 86.3317 -85.3597 770.844
vn 0.561772 0.349592 0.749799
v 85.8063 -86.4826 771.704
vn 0.891808 0.235878 0.386058
v 86.2648 -86.3388 771.148
vn -0.695409 -0.149821 -0.702823
v 86.3234 -79.502 746.465
vn 0.17893 0.473951 0.86218
v 85.9633 -84.6364 770.839
vn -0.664135 0.302524 -0.683669
v 86.8019 -75.7738 746.53
vn -0.884369 0.112705 -0.452978
v 85.9248 -72.6282 748.909
vn -0.937533 0.0965359 -0.334234
v 86.0308 -72.2692 748.67
vn -0.785276 -0.170926 -0.595084
v 86.1494 -72.6858 748.597
vn -0.833618 -0.0634393 -0.548687
v 86.2913 -72.1401 748.087
vn -0.931324 0.196631 -0.30655
v 86.2105 -71.6067 748.486
vn -0.669524 -0.33757 -0.661652
v 86.4648 -72.4207 748.039
vn -0.679792 -0.210634 -0.702507
v 86.7991 -72.9976 748.025
vn -0.735052 0.305874 -0.605095
v 86.7403 -71.1035 747.669
vn -0.655389 -0.0769278 -0.751364
v 86.9961 -71.6194 747.269
vn -0.472186 0.522681 -0.70982
v 87.4842 -70.9296 747.102
vn -0.888884 0.28309 -0.360201
v 85.7567 -72.452 749.547
vn -0.814613 0.26616 -0.51533
v 85.4541 -72.2247 750.193
vn -0.834847 0.378878 -0.399352
v 86.0903 -71.7752 749.368
vn -0.597919 0.763968 0.242581
v 87.0446 -70.9883 748.914
vn -0.317288 0.897067 -0.307568
v 87.1898 -70.6237 747.762
vn -0.515359 0.846356 0.134484
v 87.1731 -70.6467 748.367
vn -0.772079 0.565172 -0.290645
v 85.2559 -71.2773 751.274
vn -0.763338 0.380705 -0.521899
v 85.6091 -71.3838 750.346
vn -0.608945 0.413322 -0.677016
v 86.5496 -70.8691 749.692
vn -0.817727 0.28716 -0.49886
v 85.2195 -69.9201 753.955
vn -0.785138 0.443786 -0.431987
v 85.5454 -70.5726 752.014
vn -0.664595 0.612409 -0.428099
v 86.869 -68.5199 751.791
vn -0.906585 0.420547 0.035268
v 84.9699 -69.1056 754.402
vn -0.780115 0.178514 -0.599628
v 85.0922 -69.6686 754.192
vn -0.798195 0.470582 -0.376081
v 85.9452 -69.3987 753.144
vn -0.700986 0.498078 -0.510428
v 86.5193 -68.3902 752.955
vn -0.562487 0.816167 0.132209
v 85.5081 -68.218 754.873
vn -0.572925 0.710391 0.408781
v 86.1293 -68.3803 755.768
vn -0.417109 0.867479 0.271108
v 86.4121 -67.9988 755.23
vn -0.69761 0.619999 0.359084
v 86.2018 -70.0822 758.512
vn 0.984631 -0.103531 -0.140651
v 89.179 -93.1364 769.669
vn 0.863863 0.470413 -0.180142
v 89.0555 -92.502 769.476
vn 0.882775 -0.453944 0.12101
v 88.9502 -93.754 769.86
vn 0.928999 0.0971756 0.357097
v 89.0524 -92.7121 770.658
vn 0.295872 -0.74307 -0.600255
v 89.0524 -87.1962 756.71
vn 0.774576 -0.54353 -0.32343
v 89.2419 -90.3884 762.847
vn 0.773538 -0.565244 -0.286597
v 89.6699 -89.1809 762.155
vn 0.921095 -0.387497 -0.0378108
v 89.8281 -89.0423 762.487
vn 0.938414 -0.0102735 0.345359
v 89.8368 -88.7973 762.836
vn 0.778806 0.19541 0.596051
v 89.617 -88.5734 763.177
vn 0.82424 -0.563744 -0.0531197
v 90.4642 -87.7765 761.503
vn 0.905818 -0.422969 -0.0243184
v 89.3248 -90.4856 763.44
vn 0.926261 -0.158352 0.342003
v 89.3709 -90.2371 763.79
vn 0.73986 0.245894 0.626214
v 89.1078 -90.3692 764.389
vn 0.686142 0.182497 0.704205
v 89.0812 -90.0464 764.28
vn 0.616754 0.278681 0.736173
v 89.1046 -88.7259 763.752
vn 0.738781 0.271393 0.616886
v 89.5776 -89.2754 763.661
vn 0.933205 -0.128621 0.335536
v 89.6598 -89.5692 763.637
vn 0.0318598 -0.858425 -0.511949
v 89.2962 -84.297 749.917
vn 0.468944 -0.863402 -0.186086
v 90.1863 -84.2529 750.243
vn 0.374613 -0.780363 -0.500698
v 89.2836 -86.0025 755.408
vn 0.667871 -0.705259 -0.237821
v 89.8794 -86.8008 758.012
vn 0.71051 -0.649154 -0.271614
v 90.5167 -87.2672 759.767
vn 0.769282 0.0349144 0.637955
v 89.4357 -87.3511 763.089
vn 0.875478 -0.238162 0.420497
v 90.509 -87.635 761.834
vn 0.875411 -0.473444 0.0975014
v 90.9664 -87.191 761.311
vn -0.601499 -0.458961 -0.653876
v 89.687 -79.852 743.403
vn -0.136235 -0.905252 -0.402441
v 90.1309 -82.4359 746.605
vn -0.591504 0.474406 -0.651968
v 90.4264 -76.851 742.427
vn -0.706393 0.172485 -0.686482
v 88.5302 -77.3281 744.064
vn -0.60458 0.457615 -0.651975
v 89.1512 -76.0972 744.372
vn 0.85415 0.075304 0.514546
v 88.0201 -81.3928 768.401
vn -0.668174 0.342455 -0.660506
v 88.1054 -73.4576 746.167
vn -0.684856 0.0282706 -0.72813
v 88.2656 -72.5847 746.512
vn -0.575672 0.123024 -0.808373
v 88.5629 -71.8707 746.104
vn -0.384749 0.541899 -0.747204
v 89.1346 -71.4792 745.939
vn 0.120662 0.517041 0.847414
v 87.3181 -74.3027 764.286
vn 0.143544 0.584647 0.798488
v 88.8479 -74.4906 764.467
vn -0.621938 0.226744 -0.74952
v 87.6562 -70.6349 748.986
vn -0.543189 0.130383 -0.829425
v 87.4245 -70.3912 749.209
vn -0.554162 0.116131 -0.824268
v 87.367 -69.7995 749.293
vn -0.201034 0.979393 -0.0193808
v 88.0764 -70.4487 747.806
vn -0.422664 0.888254 -0.179889
v 88.3603 -70.3681 748.129
vn -0.331617 0.822601 -0.461907
v 88.9916 -70.3701 747.224
vn -0.590668 0.592539 -0.547731
v 89.2408 -69.9194 747.558
vn -0.522834 0.601313 -0.604208
v 89.0882 -68.548 748.37
vn -0.608601 0.746581 -0.268741
v 87.7417 -69.0041 750.193
vn -0.156617 0.460609 0.873676
v 87.7537 -72.0868 763.053
vn -0.359789 0.651765 0.667648
v 87.975 -71.0809 762.626
vn 0.348038 0.271222 0.89739
v 88.3624 -72.138 763.017
vn 0.133028 0.354577 0.925515
v 88.3074 -71.5153 762.927
vn 0.341241 0.577685 0.741508
v 89.0718 -73.3017 763.067
vn 0.503232 0.266796 0.821935
v 89.1834 -71.0251 762.375
vn -0.695063 0.621831 -0.360852
v 87.1267 -68.2079 752.264
vn -0.594979 0.681965 -0.425352
v 87.613 -68.8243 750.833
vn -0.434044 0.868279 -0.240202
v 88.5614 -66.8692 752.416
vn -0.329261 0.942926 0.0497684
v 88.171 -66.9228 753.62
vn -0.53221 0.812585 0.23761
v 87.8302 -67.5824 756.85
vn -0.433254 0.783103 0.44614
v 87.839 -68.1544 758.271
vn -0.439266 0.809408 0.38975
v 88.7273 -68.0919 758.6
vn 0.212183 0.564093 0.797983
v 89.131 -70.3706 762.108
vn -0.44944 0.889103 -0.0866007
v 89.0316 -66.6763 754.286
vn -0.257612 -0.948113 -0.186328
v 93.3789 -82.232 743.336
vn -0.0312077 -0.983945 -0.175721
v 92.854 -82.6481 746.911
vn 0.17328 -0.98431 0.0332842
v 93.146 -82.6503 747.22
vn 0.0718558 -0.911511 -0.40495
v 91.6509 -82.9589 747.753
vn 0.310858 -0.92658 -0.211698
v 91.9517 -83.1471 748.333
vn 0.103935 -0.950438 -0.293029
v 92.2501 -82.8276 747.48
vn 0.487418 -0.873022 -0.0160316
v 92.2137 -82.9402 748.983
vn 0.329566 -0.942602 -0.0537443
v 92.5403 -82.8114 747.792
vn 0.315645 -0.948603 0.0228064
v 92.8072 -82.6551 748.433
vn 0.385328 -0.907057 -0.16962
v 91.6123 -83.4345 750.41
vn 0.361366 -0.924812 -0.1189
v 91.8957 -83.3493 750.734
vn 0.232869 -0.956271 -0.176971
v 92.7975 -83.0387 749.888
vn 0.379793 -0.883728 -0.273462
v 91.2805 -83.7999 752.473
vn 0.44176 -0.849445 -0.288604
v 91.5895 -84.4568 754.189
vn 0.244944 -0.927015 -0.283983
v 92.1672 -83.6249 752.518
vn 0.378227 -0.806424 -0.454561
v 91.0199 -84.9854 754.696
vn 0.650932 -0.737149 -0.181381
v 91.5444 -84.8492 755.337
vn 0.635821 -0.758602 -0.14232
v 92.4186 -83.9855 755.2
vn 0.861705 -0.503016 -0.0666274
v 91.2825 -86.4241 760.233
vn 0.732915 -0.651901 -0.194577
v 91.2835 -86.0489 759.081
vn 0.922765 -0.277706 0.267179
v 91.4454 -86.0467 760.303
vn 0.863118 -0.0995152 0.495099
v 91.3329 -85.8129 760.648
vn 0.871969 -0.30462 0.383245
v 91.8164 -85.3664 760.126
vn 0.861137 -0.0701925 0.503503
v 90.9886 -86.9005 761.411
vn -0.547692 -0.300959 -0.780677
v 92.7793 -79.5911 740.198
vn -0.610069 -0.574136 -0.546062
v 91.5927 -80.4375 742.107
vn -0.520918 -0.746157 -0.414601
v 91.6285 -81.1165 742.98
vn 0.217519 -0.954695 -0.203085
v 92.7302 -82.6953 749.035
vn 0.824737 -0.0690369 0.561287
v 91.0366 -85.0027 761.094
vn -0.596442 -0.0255867 -0.802248
v 92.6425 -78.0243 739.918
vn -0.447257 0.477412 -0.756333
v 92.5835 -77.4511 740.106
vn -0.14965 0.164533 -0.974953
v 92.9431 -77.9718 739.789
vn -0.0178326 0.620387 -0.784093
v 92.8829 -77.4127 740.055
vn -0.303917 0.63564 -0.709645
v 92.8179 -76.913 740.653
vn -0.465222 0.574572 -0.673377
v 91.8522 -76.5584 741.569
vn -0.49066 0.386409 -0.780987
v 92.2689 -74.824 742.376
vn 0.770336 0.234714 0.592867
v 91.0868 -73.1125 761.394
vn 0.606545 0.451683 0.654283
v 89.7668 -74.656 764.146
vn -0.121365 0.800059 -0.587517
v 91.5543 -68.672 746.986
vn -0.170613 0.91249 -0.371823
v 91.1802 -68.2121 747.946
vn 0.556525 0.385341 0.736066
v 90.2801 -73.0177 762.137
vn -0.315553 0.927191 -0.201848
v 89.9259 -68.0979 749.168
vn -0.371641 0.838318 -0.39888
v 89.9117 -68.0534 749.489
vn -0.260388 0.791428 -0.553028
v 90.7812 -67.6438 749.388
vn -0.346493 0.796129 -0.496106
v 90.6691 -66.7538 750.334
vn -0.0728038 0.995949 -0.0527718
v 90.6009 -66.446 751.607
vn -0.0793905 0.99497 -0.0610907
v 90.8913 -66.5286 752.206
vn -0.226647 0.969017 -0.0981671
v 89.3668 -66.7316 753.367
vn 0.568182 0.338439 0.750086
v 91.4189 -68.1069 759.246
vn -0.320997 0.851265 -0.415102
v 91.4897 -66.3007 752.56
vn -0.449285 0.802434 -0.392737
v 89.6372 -66.5132 753.714
vn -0.343301 0.903701 -0.255871
v 90.4701 -65.7915 753.856
vn -0.255976 0.915202 0.311257
v 89.2616 -66.626 756.432
vn -0.257638 0.870304 0.419754
v 89.5807 -67.0968 757.267
vn -0.434519 0.890486 0.135011
v 89.8705 -67.0103 757.384
vn -0.215073 0.940705 0.262333
v 90.4624 -66.6783 756.745
vn -0.00316308 0.965087 0.261909
v 90.7626 -66.5702 756.464
vn -0.283276 0.958375 -0.0356535
v 90.7504 -66.6391 757.061
vn -0.270685 0.789521 0.550806
v 90.1494 -67.3309 759.062
vn -0.421312 0.894481 0.149665
v 90.4209 -66.6416 757.97
vn 0.169531 0.638899 0.750378
v 91.034 -67.0387 758.822
vn 0.0265766 0.83318 0.552363
v 91.3057 -66.4482 758.017
vn -0.575824 -0.628264 -0.523174
v 94.1726 -81.5796 740.101
vn -0.475496 -0.307316 -0.824294
v 95.714 -81.4937 738.747
vn -0.101086 -0.992365 -0.0706611
v 93.4904 -82.2205 744.559
vn -0.185483 -0.978269 -0.0926573
v 95.0375 -82.4402 743.932
vn 0.287598 -0.949329 -0.126739
v 93.6921 -82.6547 749.056
vn 0.171258 -0.979905 -0.10226
v 93.6957 -82.4985 748.474
vn 0.260086 -0.963848 0.0578996
v 94.8798 -82.1877 748.242
vn 0.449801 -0.886838 -0.105824
v 93.6334 -82.8293 751.462
vn 0.715544 -0.672498 0.189057
v 94.6377 -82.2497 756.203
vn 0.732098 -0.317462 0.602703
v 94.572 -81.7582 756.847
vn -0.301587 0.0370602 -0.952718
v 93.2982 -78.5486 739.786
vn -0.0540449 0.630331 -0.774443
v 93.1488 -77.138 740.379
vn -0.0576511 0.29862 -0.952629
v 93.5684 -78.2194 739.806
vn 0.0267526 0.482615 -0.875424
v 93.509 -77.6512 740.021
vn 0.524277 -0.386838 0.758611
v 95.1136 -81.0867 756.813
vn 0.686133 -0.178192 0.705315
v 93.9089 -80.7383 757.631
vn 0.862287 -0.16337 0.479344
v 93.8496 -79.6095 758.137
vn 0.769974 0.211105 0.602141
v 94.603 -77.5496 757.298
vn 0.85445 -0.0450908 0.517573
v 92.9244 -78.8233 760.094
vn -0.422736 0.434449 -0.795329
v 92.7206 -73.3092 742.716
vn -0.20048 0.428299 -0.881117
v 93.3787 -73.803 742.413
vn -0.111547 0.390523 -0.91381
v 93.3202 -73.2241 742.568
vn -0.133935 0.625237 -0.768856
v 93.2892 -72.9549 742.759
vn -0.0283132 0.357 -0.933675
v 93.6484 -73.4813 742.474
vn -0.0824413 0.473293 -0.877039
v 93.977 -73.7336 742.353
vn 0.0391117 0.57023 -0.820554
v 94.245 -73.4325 742.53
vn 0.710202 0.290591 0.641225
v 93.3134 -75.4007 758.273
vn 0.739579 0.158572 0.654124
v 94.4769 -74.7338 756.886
vn 0.561318 0.224419 0.796592
v 94.1926 -74.477 757.006
vn -0.239411 0.547792 -0.801628
v 92.5001 -71.4741 744.327
vn -0.316408 0.563622 -0.763031
v 92.4092 -70.6433 744.769
vn -0.0333041 0.48439 -0.874218
v 94.0256 -71.5833 744.063
vn -0.0541139 0.427991 -0.902162
v 93.9378 -70.7145 744.293
vn 0.0969054 0.772671 -0.627367
v 94.1744 -70.1499 744.692
vn 0.122549 0.538947 -0.833378
v 94.6228 -71.5271 744.077
vn 0.281714 0.502647 -0.817302
v 94.5336 -70.6756 744.404
vn 0.69957 0.0431016 0.713263
v 93.4099 -73.6985 757.36
vn 0.492023 -0.120785 0.862162
v 94.0795 -73.2696 757.039
vn 0.592788 0.0104885 0.80529
v 94.4379 -73.8043 756.801
vn 0.66187 -0.0733334 0.746023
v 94.2935 -72.3326 757.053
vn -0.0508218 0.810684 -0.583274
v 92.8656 -69.4515 745.92
vn 0.123332 0.854181 -0.505138
v 93.8058 -69.7244 745.58
vn 0.69037 0.0109207 0.723374
v 92.6433 -70.3143 758.564
vn -0.0221049 0.962653 -0.269834
v 92.4761 -66.7153 750.269
vn -0.123188 0.88926 -0.440501
v 92.9921 -66.2519 751.676
vn 0.489916 -0.116193 0.863992
v 92.7086 -68.8022 758.705
vn 0.419903 0.196509 0.886039
v 92.6219 -67.9194 758.857
vn 0.693909 0.242354 0.678052
v 93.2187 -67.7825 758.416
vn 0.658761 -0.0498179 0.750701
v 93.4408 -68.6519 758.264
vn 0.836224 0.119689 0.535167
v 93.7656 -68.2202 757.736
vn -0.320022 0.778959 -0.539268
v 92.0289 -65.9377 752.633
vn -0.0478092 0.966358 -0.252719
v 92.3207 -65.8411 752.655
vn 0.276024 0.953289 0.122678
v 93.8393 -65.9643 752.655
vn 0.138892 0.945004 0.296101
v 91.9602 -66.0113 755.057
vn 0.281492 0.911216 0.300745
v 93.2191 -66.3644 754.403
vn -0.0575713 0.997824 0.032139
v 92.2891 -66.4844 755.587
vn 0.175226 0.961949 0.209643
v 92.5974 -66.4589 755.291
vn -0.198511 0.893208 -0.403452
v 92.6708 -66.4188 755.604
vn -0.239555 0.928297 -0.28439
v 92.5495 -66.1649 755.953
vn 0.11972 0.951703 0.282716
v 93.1286 -66.1187 756.579
vn 0.182772 0.982254 0.0420946
v 93.7517 -66.038 755.688
vn 0.480357 0.776677 0.407467
v 93.7501 -66.3114 756.553
vn 0.402403 0.646601 0.648058
v 92.8598 -67.0285 758.241
vn -0.278205 -0.0606524 -0.958605
v 97.5461 -81.4769 737.943
vn -0.118246 0.240562 -0.963404
v 97.4882 -80.8889 738.047
vn -0.0173789 0.0593762 -0.998084
v 97.8456 -81.4376 737.887
vn -0.280805 -0.942919 -0.179029
v 96.4023 -82.8092 739.924
vn -0.39484 -0.716315 -0.575321
v 96.3915 -82.3992 739.05
vn -0.0856259 -0.840408 -0.535147
v 97.9297 -82.5396 738.47
vn -0.0836261 -0.462456 -0.88269
v 97.9003 -82.0643 737.999
vn -0.0095167 -0.993465 0.113735
v 96.5737 -82.7426 743.9
vn -0.310429 0.106553 -0.944606
v 96.2318 -80.4646 738.41
vn -0.119977 0.372553 -0.920223
v 96.7132 -79.2348 738.646
vn 0.391102 -0.906389 0.15968
v 96.8452 -81.3047 750.258
vn 0.577905 -0.8076 0.117502
v 96.129 -81.211 753.617
vn -0.089971 0.509384 -0.855823
v 95.4817 -76.301 740.406
vn 0.735874 -0.570117 0.365315
v 97.5201 -79.9655 753.555
vn 0.48409 -0.397833 0.779349
v 96.0543 -80.626 756.464
vn 0.686536 0.023503 0.726716
v 96.1691 -79.4349 756.715
vn 0.809986 0.168135 0.561831
v 95.5968 -76.4969 755.367
vn 0.25956 0.635374 -0.727275
v 95.4528 -70.9533 744.753
vn 0.29684 0.757983 -0.580816
v 95.045 -70.0699 745.537
vn 0.24589 0.716575 -0.652732
v 96.5783 -70.3891 745.647
vn 0.0934552 0.844304 -0.527652
v 95.074 -67.9769 748.045
vn 0.325452 0.883584 -0.336691
v 96.4515 -67.2447 750.025
vn 0.114218 0.937998 -0.327282
v 94.541 -66.49 751.047
vn 0.132557 0.990888 -0.0238599
v 94.4584 -66.6141 754.071
vn 0.766733 0.159154 0.621925
v 95.7282 -67.4578 754.529
vn 0.549896 0.805119 0.222254
v 96.0006 -66.8805 753.741
vn -0.0972304 0.915395 -0.390639
v 94.0864 -66.1852 755.057
vn 0.767859 0.348318 0.537649
v 94.2173 -66.7293 756.485
vn -0.0831743 -0.955262 -0.283824
v 98.5499 -83.1044 739.597
vn 0.118755 -0.950453 -0.287292
v 99.4538 -83.1039 739.61
vn 0.222568 -0.769813 -0.598207
v 100.336 -82.69 739.088
vn 0.0154767 -0.999141 0.0384364
v 98.5253 -83.3365 741.079
vn 0.230533 0.00907527 -0.973022
v 99.6345 -81.3019 738.114
vn 0.3366 -0.360817 -0.869777
v 100.284 -81.8988 738.388
vn 0.340149 0.265527 -0.902105
v 100.44 -80.3738 738.506
vn 0.191384 -0.929759 0.314516
v 100.474 -82.481 743.699
vn 0.125027 0.347167 -0.929432
v 99.5187 -80.1275 738.332
vn 0.318492 0.461856 -0.8278
v 100.351 -79.5273 738.861
vn 0.381879 0.597201 -0.705351
v 100.198 -78.1622 739.708
vn 0.331598 -0.873949 0.355326
v 99.4681 -80.9175 747.927
vn 0.538017 -0.765325 0.353291
v 99.161 -80.1504 749.888
vn 0.118272 0.578732 -0.806896
v 98.3237 -77.4516 739.691
vn 0.829324 -0.0553641 0.556018
v 98.0077 -78.6874 753.523
vn 0.753931 0.154678 0.638485
v 97.9076 -76.0022 752.136
vn 0.658105 0.155754 0.73664
v 99.6702 -77.2171 751.335
vn 0.723069 0.339193 0.601763
v 97.6215 -77.8431 753.726
vn 0.245635 0.663485 -0.706718
v 97.8509 -73.4657 742.991
vn 0.390554 0.678304 -0.622391
v 98.942 -72.6759 744.32
vn 0.485323 0.707218 -0.514104
v 99.0331 -69.9099 747.757
vn 0.675209 -0.0244893 0.73722
v 97.3147 -70.968 752.765
vn 0.342244 0.745704 -0.57166
v 97.3763 -69.3654 747.22
vn 0.443853 0.784679 -0.43275
v 98.1195 -68.5968 748.893
vn 0.594047 0.76141 -0.259543
v 99.3344 -69.0099 749.751
vn 0.573569 0.812957 -0.100593
v 98.3225 -68.0799 750.512
vn 0.753599 0.535128 0.381742
v 98.5731 -68.4527 751.364
vn 0.700644 0.149787 0.697612
v 98.8829 -69.0173 751.267
vn 0.389595 0.920542 -0.0286211
v 96.6798 -66.9851 751.599
vn 0.751461 0.421998 0.507173
v 97.6338 -67.8072 752.38
vn 0.66706 0.712512 0.217618
v 97.7454 -67.7443 752.088
vn 0.401879 -0.857326 -0.32169
v 100.927 -82.7678 739.692
vn 0.288574 -0.956828 -0.0347202
v 100.908 -82.9608 740.876
vn 0.485944 -0.619999 -0.616003
v 100.915 -82.4508 739.139
vn 0.60773 -0.242424 -0.756237
v 101.147 -81.5737 738.759
vn 0.466358 0.0683508 -0.881952
v 101.092 -80.9527 738.679
vn 0.483256 0.320333 -0.81477
v 101.034 -80.368 738.801
vn 0.683967 -0.565589 -0.46076
v 102.001 -81.989 739.847
vn 0.655707 0.139939 -0.741934
v 101.654 -80.6734 739.142
vn 0.796879 -0.161214 -0.582231
v 102.396 -81.3589 739.965
vn 0.260592 -0.949915 0.172491
v 101.152 -82.7586 742.135
vn 0.53002 -0.825474 -0.194093
v 101.498 -82.6343 740.334
vn 0.514649 -0.85639 0.0416277
v 101.756 -82.5837 741.566
vn 0.706302 -0.689913 -0.158612
v 102.337 -82.0757 740.751
vn 0.861923 -0.424298 -0.277597
v 102.789 -81.4798 740.864
vn 0.446305 -0.863068 0.236488
v 101.701 -82.4046 742.816
vn 0.465619 -0.789889 0.399092
v 102.127 -81.2858 745.156
vn 0.604864 -0.749881 0.267988
v 102.774 -81.3589 743.933
vn 0.532827 0.436597 -0.724899
v 101.233 -79.4585 739.374
vn 0.739753 0.238092 -0.629347
v 102.48 -80.1571 740.139
vn 0.680056 0.473522 -0.559733
v 102.383 -78.4981 741.087
vn 0.657477 -0.407355 0.633866
v 101.128 -78.5997 749.585
vn 0.546456 0.632848 -0.548533
v 101.529 -74.5577 744.282
vn 0.544351 0.302211 0.782529
v 101.178 -75.8801 749.813
vn 0.0220357 -0.0727341 0.997108
v 101.748 -75.5092 749.763
vn 0.374742 -0.233061 0.897358
v 102.192 -76.9466 749.484
vn 0.56942 -0.108929 0.814798
v 100.08 -73.9135 750.196
vn 0.45583 -0.0171541 0.889902
v 100.469 -74.7191 749.777
vn 0.358536 -0.16773 0.918324
v 100.352 -73.5612 750.087
vn -0.00600391 -0.135347 0.99078
v 101.067 -74.6488 749.712
vn 0.634726 0.676467 -0.373518
v 100.775 -70.997 748.197
vn 0.723974 0.665002 -0.183398
v 100.996 -70.6357 749.484
vn 0.806772 0.583731 -0.091523
v 101.868 -71.7416 749.299
vn 0.516772 -0.0534452 0.854453
v 99.7912 -70.9643 750.667
vn -0.00985565 0.0689854 0.997569
v 100.359 -70.6215 750.775
vn 0.0198356 -0.0719292 0.997212
v 100.713 -71.2082 750.828
vn 0.14262 0.216983 0.965701
v 100.654 -70.532 750.717
vn 0.730056 0.622753 0.28142
v 100.962 -70.5106 750.42
vn 0.218936 0.0957836 0.971026
v 100.985 -70.8584 750.732
vn 0.529464 0.040409 0.847369
v 101.37 -71.7196 750.624
vn 0.844352 0.350034 0.405642
v 101.686 -71.6191 750.233
vn 0.691041 0.69808 0.187474
v 99.5545 -69.0943 750.349
vn 0.297766 0.14629 0.943363
v 99.7056 -70.0675 750.741
vn 0.630761 0.378842 0.677214
v 99.6512 -69.4373 750.61
vn 0.692785 0.71868 -0.0595637
v 99.9787 -69.5052 749.976
vn 0.644306 0.63915 0.419948
v 99.9787 -69.7036 750.567
vn 0.748283 -0.658124 0.0833378
v 103.099 -81.3105 743.032
vn 0.8928 0.0539066 -0.447215
v 103.14 -80.2604 741.087
vn 0.95367 -0.266742 -0.139147
v 103.595 -80.4805 742.578
vn 0.932957 0.171647 -0.31643
v 103.683 -78.9888 742.847
vn 0.723821 -0.622065 0.298527
v 103.237 -80.5841 744.688
vn 0.88954 -0.438908 0.126803
v 103.688 -80.1407 744.165
vn 0.990914 -0.134479 0.00231812
v 103.951 -79.2262 744.332
vn 0.879065 -0.402973 0.254671
v 103.756 -79.4303 745.374
vn 0.646273 -0.608169 0.460935
v 103.144 -79.6702 746.386
vn 0.846981 0.392306 -0.358775
v 103.553 -77.6223 743.699
vn 0.986697 0.142061 -0.0790408
v 103.985 -77.8445 745.189
vn 0.750522 -0.390933 0.532811
v 103.204 -77.6902 748.254
vn 0.939937 -0.192822 0.281671
v 103.823 -78.1217 746.661
vn 0.721086 0.557395 -0.411517
v 102.733 -74.6971 745.735
vn 0.896266 0.398024 -0.195663
v 103.455 -75.3808 746.537
vn 0.97473 0.152094 0.163609
v 103.53 -75.3393 748.07
vn 0.250562 -0.148664 0.956618
v 102.288 -74.8633 749.873
vn 0.767347 -0.133181 0.627249
v 103.049 -76.4839 749.077
vn 0.800167 0.553679 -0.230591
v 102.341 -72.7271 748.215
vn 0.893254 0.443972 0.0706097
v 102.543 -72.8657 749.108
vn 0.91621 0.399666 -0.0287504
v 103.041 -73.9014 748.32
vn 0.90905 0.215599 0.356574
v 103.004 -74.0096 748.909
vn 0.754723 0.0726537 0.652008
v 102.275 -73.3446 749.932
vn -0.917262 0.281154 -0.282103
v 12.0933 -99.6929 988.049
vn -0.472961 -0.0433158 0.880018
v 12.0933 -99.6929 988.049
vn -0.239521 -0.145564 0.959917
v 12.3124 -101.186 987.959
vn -0.790139 0.612663 0.0180152
v 12.4041 -98.9996 988.178
vn -0.80051 -0.343129 0.491371
v 8.16581 -93.5779 1088.76
vn -0.737973 -0.610178 -0.288235
v 8.64186 -94.4227 1089.22
vn -0.892472 -0.338943 0.297678
v 8.64186 -94.4227 1089.22
vn -0.660134 -0.648256 0.379457
v 8.64186 -94.4227 1089.22
vn 0.0740831 0.249965 0.965417
v 8.80037 -94.1297 1089.38
vn -0.678226 -0.0126309 0.734745
v 7.23304 -90.4342 1088.39
vn -0.945883 -0.254075 -0.20187
v 7.26431 -91.723 1088.77
vn -0.504908 0.161521 0.847926
v 7.26431 -91.723 1088.77
vn -0.0282181 0.181917 0.982909
v 7.73178 -92.2284 1088.99
vn -0.80051 -0.343129 0.491371
v 7.73178 -92.2284 1088.99
vn -0.975367 -0.100332 -0.196449
v 7.15188 -89.8484 1088.49
vn -0.873107 0.298078 0.38579
v 7.15188 -89.8484 1088.49
vn -0.251405 0.166756 0.953409
v 7.15188 -89.8484 1088.49
vn -0.901507 0.339446 0.268444
v 7.16458 -89.4981 1088.25
vn -0.123365 0.248503 0.960743
v 7.4398 -88.8853 1088.4
vn -0.134797 0.311802 0.940537
v 7.71214 -88.5305 1088.28
vn -0.605256 0.497459 0.62145
v 7.71214 -88.5305 1088.28
vn -0.541746 -0.814476 0.207701
v 15.2199 -105.317 984.345
vn 0.177319 -0.851083 0.494182
v 15.2199 -105.317 984.345
vn -0.68963 -0.644431 -0.330333
v 15.2199 -105.317 984.345
vn -0.793876 0.320448 -0.516792
v 13.4243 -103.408 985.575
vn -0.832816 -0.450021 -0.322333
v 14.4648 -104.987 984.698
vn -0.288848 -0.741165 0.606004
v 14.2289 -104.816 985.64
vn -0.36938 -0.926212 0.0754331
v 14.2289 -104.816 985.64
vn 0.263326 -0.763599 0.589556
v 14.2289 -104.816 985.64
vn -0.681469 -0.503612 0.531013
v 15.1795 -105.474 986.111
vn -0.890877 -0.420076 -0.172844
v 13.3984 -103.865 986.407
vn -0.134491 -0.84358 0.519889
v 14.5339 -104.353 986.337
vn -0.901042 -0.381248 -0.206818
v 14.5339 -104.353 986.337
vn 0.0137715 -0.0877569 0.996047
v 13.3232 -102.286 987.82
vn -0.86832 -0.495447 -0.0235062
v 13.7862 -103.096 987.465
vn -0.640031 0.729256 0.241963
v 13.5204 -98.0544 988.232
vn -0.314141 0.405482 0.858429
v 13.5204 -98.0544 988.232
vn -0.947239 0.0917471 0.307118
v 13.8065 -102.738 1021.67
vn -0.172698 -0.129303 0.976451
v 13.8065 -102.738 1021.67
vn -0.430193 0.343105 0.834993
v 13.8065 -102.738 1021.67
vn -0.430193 0.343105 0.834993
v 13.7921 -102.407 1021.52
vn -0.921977 -0.375819 -0.0933737
v 13.7921 -102.407 1021.52
vn -0.442244 -0.23031 0.86682
v 13.7921 -102.407 1021.52
vn -0.0883256 -0.0530134 0.99468
v 14.0886 -102.405 1021.68
vn -0.283565 -0.147542 0.947535
v 13.3294 -100.949 1021.68
vn -0.452108 0.379823 0.807052
v 13.3294 -100.949 1021.68
vn -0.947239 0.0917471 0.307118
v 13.7152 -102.048 1021.18
vn -0.452108 0.379823 0.807052
v 13.3245 -100.615 1021.52
vn -0.589933 -0.153273 0.792771
v 13.3245 -100.615 1021.52
vn -0.299772 -0.0862679 0.950102
v 13.6272 -100.699 1021.72
vn -0.951264 0.230978 0.204319
v 13.6306 -97.5003 1021.38
vn -0.879933 0.443199 -0.171151
v 13.6306 -97.5003 1021.38
vn -0.559122 0.116243 0.820896
v 13.6306 -97.5003 1021.38
vn -0.986964 0.113714 -0.113896
v 13.1844 -99.4268 1021.64
vn -0.9437 -0.142786 0.298401
v 13.1844 -99.4268 1021.64
vn -0.958146 0.242456 0.152223
v 13.6493 -97.667 1021.66
vn -0.0484975 0.100326 0.993772
v 13.6493 -97.667 1021.66
vn -0.902269 -0.392737 -0.177955
v 11.9207 -96.2026 1054.51
vn -0.513103 -0.154798 0.844253
v 11.3915 -94.1271 1054.57
vn 0.171294 0.0495255 0.983974
v 11.3915 -94.1271 1054.57
vn -0.984851 0.14956 0.0877476
v 11.3915 -94.1271 1054.57
vn 0.194692 0.225696 0.954545
v 12.1555 -95.9083 1054.7
vn -0.954027 0.293855 0.0590018
v 11.7414 -91.5591 1054.12
vn -0.206027 0.507509 0.836653
v 11.7414 -91.5591 1054.12
vn -0.67956 0.651513 -0.337239
v 12.0341 -91.0847 1053.9
vn -0.20837 0.502966 0.838813
v 12.0341 -91.0847 1053.9
vn -0.450575 -0.672963 0.586603
v 9.80566 -95.2977 1089.62
vn 0.122145 0.093532 0.988095
v 9.80566 -95.2977 1089.62
vn -0.0228124 -0.210453 0.977338
v 11.0949 -96.0778 1089.27
vn -0.879248 0.0775114 -0.470017
v 11.0913 -95.6982 1096.04
vn -0.923942 0.223086 -0.310746
v 10.4106 -94.9812 1098.29
vn 0.266335 -0.843786 0.46593
v 10.4106 -94.9812 1098.29
vn -0.836117 0.318767 0.446427
v 10.4106 -94.9812 1098.29
vn -0.371937 -0.885781 -0.277588
v 10.5797 -94.6294 1098.36
vn -0.836117 0.318767 0.446427
v 10.5797 -94.6294 1098.36
vn -0.281031 -0.778912 0.56064
v 10.367 -94.6343 1098.66
vn -0.453553 0.83674 -0.306848
v 10.367 -94.6343 1098.66
vn -0.21676 0.173958 0.9606
v 10.367 -94.6343 1098.66
vn -0.836117 0.318767 0.446427
v 10.6807 -94.7604 1098.64
vn -0.181543 -0.87403 0.450681
v 10.6807 -94.7604 1098.64
vn -0.456494 0.136858 0.879138
v 10.6519 -94.4674 1098.69
vn -0.776122 -0.574073 0.260911
v 10.6519 -94.4674 1098.69
vn -0.456494 0.136858 0.879138
v 10.671 -94.6877 1098.73
vn -0.0599645 -0.923562 0.378732
v 10.9158 -94.7031 1098.96
vn -0.666334 0.0907959 0.740105
v 10.9158 -94.7031 1098.96
vn -0.854724 0.502436 0.130404
v 10.7252 -94.4241 1099
vn -0.853032 0.343962 -0.392462
v 10.7252 -94.4241 1099
vn 0.102026 -0.898041 0.427917
v 10.5978 -94.3035 1099.94
vn -0.938025 -0.1653 0.304605
v 10.5978 -94.3035 1099.94
vn -0.671103 0.678056 -0.299768
v 10.7212 -88.8678 1079.77
vn -0.162273 -0.230519 -0.959442
v 10.7212 -88.8678 1079.77
vn -0.423427 0.27304 -0.863805
v 10.7212 -88.8678 1079.77
vn -0.809608 0.480817 -0.336673
v 10.5011 -94.2531 1099.64
vn -0.946277 -0.160524 0.280698
v 10.5011 -94.2531 1099.64
vn -0.666708 0.704425 -0.243488
v 10.568 -94.0055 1100.01
vn 0.125292 -0.846285 0.517788
v 10.8265 -93.8209 1100.84
vn -0.380438 -0.477752 0.791846
v 10.8265 -93.8209 1100.84
vn -0.894053 -0.287453 0.343569
v 10.795 -93.5339 1100.99
vn -0.380438 -0.477752 0.791846
v 10.795 -93.5339 1100.99
vn -0.344494 0.532612 0.773077
v 10.795 -93.5339 1100.99
vn -0.840024 0.373748 -0.393284
v 8.65823 -86.8286 1087.84
vn -0.655493 0.431947 0.619476
v 8.78269 -87.0178 1088.11
vn -0.678947 0.398071 0.616904
v 9.11226 -85.8439 1087.71
vn -0.65753 0.399433 0.638833
v 9.3661 -85.5237 1087.78
vn -0.748934 0.631748 -0.199978
v 9.3661 -85.5237 1087.78
vn -0.312279 0.698528 0.643848
v 9.3661 -85.5237 1087.78
vn -0.295575 0.765763 0.571176
v 9.75237 -85.1387 1087.55
vn 0.116784 0.203597 0.972065
v 10.127 -85.133 1087.72
vn -0.769335 -0.507447 -0.3881
v 17.1346 -106.793 975.659
vn -0.988961 -0.106135 -0.103397
v 17.1346 -106.793 975.659
vn -0.505266 -0.856289 -0.107125
v 17.1346 -106.793 975.659
vn -0.590438 -0.64586 -0.483992
v 17.9209 -107.351 975.791
vn 0.145202 -0.930141 0.337275
v 17.9209 -107.351 975.791
vn -0.610368 -0.722109 -0.325591
v 18.3828 -107.01 974.944
vn 0.153318 -0.955654 0.251432
v 18.3828 -107.01 974.944
vn -0.586043 -0.806201 0.081196
v 17.7476 -107.161 976.432
vn 0.221617 -0.501119 0.83652
v 17.7476 -107.161 976.432
vn 0.165388 -0.932263 0.321763
v 17.7476 -107.161 976.432
vn 0.162887 -0.52791 0.833534
v 17.9545 -106.298 976.894
vn 0.0917557 0.0912001 0.991596
v 17.9545 -106.298 976.894
vn 0.399179 -0.599791 0.693475
v 18.3482 -107.096 976.312
vn -0.662075 -0.696594 -0.276428
v 17.5909 -107.087 981.015
vn 0.292413 -0.919901 0.2613
v 17.8405 -107.743 984.864
vn -0.798619 -0.564676 -0.208205
v 18.2831 -107.914 986.059
vn -0.860346 0.286402 -0.421638
v 18.2831 -107.914 986.059
vn -0.803076 -0.580169 -0.135912
v 18.2605 -108.021 986.649
vn -0.393954 -0.837238 0.379252
v 18.2605 -108.021 986.649
vn -0.454689 -0.880495 -0.134114
v 18.2605 -108.021 986.649
vn -0.642061 -0.685549 -0.343191
v 18.3621 -101.967 966.398
vn -0.510778 -0.857546 -0.0609953
v 18.038 -102.556 967.812
vn -0.699867 -0.588074 -0.405407
v 18.038 -102.556 967.812
vn 0.267169 -0.962094 -0.0547273
v 18.1941 -102.68 968.097
vn -0.679917 -0.0289007 -0.732719
v 18.2373 -102.992 968.651
vn 0.188234 -0.84969 -0.492539
v 18.2373 -102.992 968.651
vn -0.900019 0.409209 0.150044
v 17.1628 -104.82 973.185
vn -0.99019 -0.103421 -0.0939554
v 17.1186 -105.331 974.312
vn -0.868834 0.435336 0.235819
v 17.1186 -105.331 974.312
vn -0.813564 -0.114997 0.56999
v 17.1186 -105.331 974.312
vn -0.303695 -0.951921 -0.0402061
v 17.2067 -106.076 980.886
vn -0.639116 0.306245 -0.70551
v 17.8305 -105.92 979.75
vn -0.831393 0.405773 -0.37965
v 18.166 -106.088 979.156
vn -0.748443 0.00902256 -0.663138
v 18.166 -106.088 979.156
vn -0.792132 -0.358676 -0.49384
v 15.9202 -105.731 982.452
vn 0.0812351 -0.901117 0.425899
v 16.5945 -105.958 982.727
vn -0.740366 -0.640071 -0.205345
v 16.5945 -105.958 982.727
vn -0.810865 -0.430409 -0.396543
v 16.5945 -105.958 982.727
vn -0.709 -0.643245 -0.289059
v 17.5098 -106.501 981.119
vn -0.541746 -0.814476 0.207701
v 15.9839 -105.928 983.942
vn -0.885155 -0.140661 -0.443525
v 15.9839 -105.928 983.942
vn -0.850993 -0.302746 -0.429134
v 15.9839 -105.928 983.942
vn -0.475724 -0.873219 0.105708
v 18.1037 -107.506 985.386
vn -0.507485 -0.133489 0.851258
v 16.9629 -106.222 987.866
vn -0.617151 -0.439647 0.652561
v 16.9629 -106.222 987.866
vn -0.683418 -0.69068 0.236434
v 17.2633 -106.788 987.769
vn -0.347191 0.116439 0.930537
v 17.3273 -106.518 988.011
vn -0.513505 -0.849136 0.123613
v 17.723 -107.128 986.801
vn 0.236154 -0.953764 0.18592
v 17.9445 -107.213 987.094
vn -0.781585 -0.597829 -0.178115
v 17.9445 -107.213 987.094
vn -0.561438 0.217482 0.798429
v 17.6787 -107.14 988.261
vn -0.792992 0.473183 -0.383746
v 18.2592 -107.672 986.406
vn -0.806362 -0.557437 -0.197595
v 17.9137 -107.827 988.812
vn -0.866303 -0.481179 0.134111
v 17.9137 -107.827 988.812
vn -0.927387 0.373618 0.0190413
v 18.0568 -107.919 989.407
vn -0.876811 -0.477894 -0.0531044
v 17.9407 -107.843 990.638
vn -0.894032 0.358692 -0.268416
v 17.9407 -107.843 990.638
vn -0.768349 -0.639792 0.0174992
v 17.9407 -107.843 990.638
vn -0.969789 -0.161331 -0.182977
v 17.9407 -107.843 990.638
vn -0.644961 0.685875 0.337046
v 18.0211 -102.174 969.099
vn -0.558852 0.708757 0.430521
v 18.178 -101.81 968.862
vn -0.758895 0.183859 0.62472
v 18.178 -101.81 968.862
vn -0.982706 0.0634748 -0.173952
v 16.2304 -105.595 997.721
vn -0.75926 -0.644457 0.0905493
v 16.6924 -106.152 997.628
vn -0.683357 -0.69899 -0.210797
v 17.4129 -106.602 1004.87
vn -0.0240843 -0.995705 0.0893904
v 17.4129 -106.602 1004.87
vn -0.846002 -0.510881 -0.152584
v 16.4973 -106.773 1005.74
vn -0.420101 -0.907324 0.0166899
v 16.4973 -106.773 1005.74
vn 0.334026 -0.927188 0.169553
v 16.4973 -106.773 1005.74
vn -0.942446 -0.223349 -0.248819
v 17.0369 -106.711 1007.59
vn -0.0420531 -0.980152 0.193736
v 17.0369 -106.711 1007.59
vn -0.997225 0.060683 -0.0431364
v 16.003 -105.111 1001.77
vn -0.918802 -0.381263 -0.102178
v 16.0118 -106.508 1007.92
vn -0.837562 -0.302012 0.455278
v 16.0118 -106.508 1007.92
vn -0.954226 0.254994 0.156302
v 16.0118 -106.508 1007.92
vn -0.837562 -0.302012 0.455278
v 16.3649 -106.58 1008.52
vn -0.326854 -0.514144 0.792983
v 16.3649 -106.58 1008.52
vn -0.336437 -0.474635 0.813346
v 16.362 -106.306 1008.7
vn -0.848336 0.24154 0.471152
v 16.362 -106.306 1008.7
vn -0.403135 -0.431026 0.807279
v 16.9558 -106.292 1008.95
vn 0.402122 -0.750352 0.524662
v 16.9558 -106.292 1008.95
vn -0.804156 0.205529 0.557756
v 17.3479 -105.163 1009.7
vn -0.58829 -0.806678 -0.0564406
v 16.9878 -106.909 1017.61
vn -0.499151 -0.864458 0.0596717
v 16.9302 -107.007 1021.58
vn -0.409309 -0.0896619 0.90798
v 14.9022 -105.358 1021.52
vn -0.609499 -0.739401 0.286002
v 14.9022 -105.358 1021.52
vn -0.440167 -0.514351 0.736
v 14.9022 -105.358 1021.52
vn -0.496556 -0.53502 0.68351
v 16.5727 -106.459 1021.75
vn -0.29652 0.415009 0.860141
v 15.4687 -96.2684 988.102
vn -0.379844 -0.104219 -0.919161
v 15.5337 -103.728 1017.86
vn -0.926482 -0.375474 -0.025498
v 14.5887 -104.446 1021.38
vn -0.655704 0.585823 -0.476303
v 16.2184 -104.872 1029.85
vn -0.476069 -0.876672 -0.0693111
v 16.7853 -105.203 1028.58
vn 0.0963714 -0.980022 -0.173979
v 16.7853 -105.203 1028.58
vn -0.0165245 0.474637 -0.880026
v 16.7853 -105.203 1028.58
vn -0.764423 0.480297 -0.430084
v 16.5162 -105.106 1029.21
vn -0.131302 -0.917054 0.376527
v 16.5162 -105.106 1029.21
vn -0.476069 -0.876672 -0.0693111
v 16.5162 -105.106 1029.21
vn -0.146392 -0.974954 -0.167431
v 16.5162 -105.106 1029.21
vn -0.146392 -0.974954 -0.167431
v 16.5117 -105.156 1029.5
vn 0.378676 -0.844459 0.378805
v 16.5117 -105.156 1029.5
vn -0.367034 -0.873325 0.320295
v 15.6896 -104.293 1031.47
vn -0.528078 0.828989 -0.184147
v 15.6896 -104.293 1031.47
vn -0.808418 0.0554007 -0.585996
v 15.9038 -104.221 1031.19
vn -0.769658 0.553143 -0.318841
v 15.9038 -104.221 1031.19
vn -0.489958 0.85623 -0.16374
v 15.7781 -104.093 1032.12
vn 0.768481 -0.45969 0.445108
v 15.7781 -104.093 1032.12
vn 0.898241 0.119696 0.422891
v 15.7781 -104.093 1032.12
vn 0.370944 0.614836 0.695972
v 16.1104 -104.43 1030.54
vn 0.681445 0.572624 -0.455779
v 16.1104 -104.43 1030.54
vn 0.793155 -0.311828 -0.523133
v 16.1104 -104.43 1030.54
vn 0.0144293 0.176092 -0.984268
v 16.1104 -104.43 1030.54
vn -0.801781 0.295896 0.519223
v 16.1104 -104.43 1030.54
vn -0.506165 -0.544176 0.669081
v 16.1104 -104.43 1030.54
vn -0.808418 0.0554007 -0.585996
v 16.1538 -104.739 1030.79
vn -0.367034 -0.873325 0.320295
v 16.1538 -104.739 1030.79
vn 0.427786 -0.814595 0.391706
v 16.1538 -104.739 1030.79
vn 0.370944 0.614836 0.695972
v 16.1538 -104.739 1030.79
vn 0.793155 -0.311828 -0.523133
v 16.1538 -104.739 1030.79
vn 0.759179 -0.474846 0.445161
v 16.1538 -104.739 1030.79
vn 0.681445 0.572624 -0.455779
v 16.1066 -104.399 1030.57
vn 0.761768 -0.242778 -0.600639
v 16.1066 -104.399 1030.57
vn 0.282965 0.764696 -0.57894
v 16.1066 -104.399 1030.57
vn 0.793155 -0.311828 -0.523133
v 16.3146 -104.427 1030.85
vn 0.761768 -0.242778 -0.600639
v 16.3146 -104.427 1030.85
vn 0.768481 -0.45969 0.445108
v 16.3146 -104.427 1030.85
vn -0.801781 0.295896 0.519223
v 16.281 -104.081 1030.61
vn -0.330481 -0.828223 -0.45258
v 16.281 -104.081 1030.61
vn -0.0964068 0.980024 0.17395
v 16.281 -104.081 1030.61
vn -0.330481 -0.828223 -0.45258
v 16.0739 -104.151 1030.89
vn 0.282965 0.764696 -0.57894
v 16.0739 -104.151 1030.89
vn 0.370944 0.614836 0.695972
v 16.4332 -104.675 1030.59
vn -0.506165 -0.544176 0.669081
v 16.4332 -104.675 1030.59
vn -0.330481 -0.828223 -0.45258
v 16.3868 -104.272 1030.88
vn 0.761768 -0.242778 -0.600639
v 16.3868 -104.272 1030.88
vn 0.282965 0.764696 -0.57894
v 16.3868 -104.272 1030.88
vn 0.777541 -0.444389 0.444914
v 16.3868 -104.272 1030.88
vn -0.506165 -0.544176 0.669081
v 16.3868 -104.272 1030.88
vn 0.935381 0.0143682 0.35335
v 16.3868 -104.272 1030.88
vn 0.0144293 0.176092 -0.984268
v 16.484 -104.062 1030.61
vn -0.191342 0.981016 0.0315701
v 16.484 -104.062 1030.61
vn 0.929737 -0.0215839 0.367592
v 16.484 -104.062 1030.61
vn 0.900739 0.419778 0.111601
v 16.484 -104.062 1030.61
vn -0.446934 0.738401 -0.504989
v 15.8643 -96.9079 1017.56
vn 0.156781 0.172433 0.972464
v 13.9379 -97.5075 1021.59
vn -0.559122 0.116243 0.820896
v 13.9379 -97.5075 1021.59
vn -0.772221 0.556798 0.306024
v 13.9107 -97.1928 1021.53
vn 0.0152968 0.376903 0.926127
v 13.9107 -97.1928 1021.53
vn -0.148358 0.47567 0.867022
v 14.1725 -96.6675 1021.23
vn -0.344222 0.892299 0.292086
v 14.1725 -96.6675 1021.23
vn 0.0977117 0.424382 0.900196
v 14.7546 -96.4479 1021.25
vn 0.0265253 0.715891 0.697708
v 15.0459 -96.2604 1021.02
vn -0.462425 -0.683723 0.564523
v 13.9454 -99.0346 1054.94
vn -0.246361 -0.965681 0.082261
v 14.8036 -99.4084 1055.2
vn -0.0315325 0.315809 0.948299
v 14.8435 -99.1502 1055.49
vn -0.506794 -0.460575 -0.728718
v 14.2538 -97.1635 1049.14
vn -0.296412 -0.111513 -0.948528
v 14.2538 -97.1635 1049.14
vn -0.796531 -0.590752 0.128646
v 13.2692 -98.3411 1055.23
vn 0.0688415 0.282497 0.956795
v 13.2692 -98.3411 1055.23
vn -0.448528 -0.664837 0.59734
v 13.2692 -98.3411 1055.23
vn -0.866689 0.134553 -0.48036
v 14.0715 -93.7673 1048.88
vn 0.321872 -0.904961 0.278287
v 12.0359 -96.3583 1088.92
vn -0.0996966 -0.729821 0.67633
v 12.0359 -96.3583 1088.92
vn 0.039626 -0.0555763 0.997668
v 12.0138 -96.2488 1089.31
vn 0.321872 -0.904961 0.278287
v 12.0138 -96.2488 1089.31
vn 0.491371 -0.31294 0.812787
v 12.0138 -96.2488 1089.31
vn 0.491371 -0.31294 0.812787
v 12.3149 -96.1908 1089.15
vn -0.166739 -0.66342 0.729433
v 12.3149 -96.1908 1089.15
vn 0.0705548 0.174086 0.9822
v 12.2849 -95.9101 1089.27
vn -0.246232 -0.419209 0.873861
v 12.2849 -95.9101 1089.27
vn 0.0743817 -0.995607 -0.0568687
v 12.9425 -96.4097 1089
vn 0.634194 -0.584035 0.506657
v 12.9425 -96.4097 1089
vn 0.027553 0.272274 0.961825
v 12.9097 -96.1644 1089.33
vn 0.586329 -0.653243 0.479053
v 12.9097 -96.1644 1089.33
vn 0.484184 -0.091659 0.870152
v 12.9097 -96.1644 1089.33
vn 0.0244322 -0.999468 -0.0215933
v 13.5483 -96.2485 1088.43
vn -0.396358 -0.814039 0.424549
v 13.5483 -96.2485 1088.43
vn 0.484184 -0.091659 0.870152
v 13.4987 -95.9141 1089.02
vn -0.396358 -0.814039 0.424549
v 13.4987 -95.9141 1089.02
vn -0.769441 -0.628699 -0.112686
v 13.4987 -95.9141 1089.02
vn -0.714432 -0.178043 0.676674
v 13.4987 -95.9141 1089.02
vn -0.550783 0.545981 0.631302
v 13.4987 -95.9141 1089.02
vn -0.769441 -0.628699 -0.112686
v 13.8447 -96.2724 1088.66
vn -0.159836 -0.983568 -0.0839405
v 13.8447 -96.2724 1088.66
vn -0.52878 -0.18416 0.828539
v 13.8349 -96.3678 1089.26
vn -0.0253855 -0.99937 -0.0248058
v 13.8349 -96.3678 1089.26
vn 0.127784 -0.745152 0.654538
v 13.8349 -96.3678 1089.26
vn -0.391315 0.491004 0.778323
v 13.7952 -95.9623 1089.32
vn -0.774261 -0.320191 -0.545892
v 13.9873 -95.9868 1092.37
vn -0.272776 -0.903812 -0.329721
v 13.9873 -95.9868 1092.37
vn 0.0488652 -0.992812 0.109255
v 12.1047 -95.8278 1094.81
vn 0.227439 -0.740283 -0.632655
v 12.1047 -95.8278 1094.81
vn -0.588112 0.641288 -0.492822
v 13.3334 -95.559 1093.05
vn 0.0499443 -0.972479 0.227575
v 12.9989 -95.8251 1095.13
vn 0.227439 -0.740283 -0.632655
v 12.0948 -95.6502 1094.6
vn -0.18503 -0.982694 -0.00868688
v 12.0948 -95.6502 1094.6
vn -0.762591 -0.185669 -0.619662
v 12.0948 -95.6502 1094.6
vn -0.617175 0.62796 -0.47409
v 12.0948 -95.6502 1094.6
vn -0.826115 -0.114711 -0.551702
v 12.0948 -95.6502 1094.6
vn -0.160269 -0.986136 -0.0430043
v 11.5807 -95.8446 1095.41
vn -0.566965 -0.643571 -0.514166
v 11.5807 -95.8446 1095.41
vn 0.450435 -0.797373 0.401627
v 11.4554 -95.8351 1096.32
vn -0.122947 -0.984653 0.123862
v 12.0464 -95.5969 1096
vn 0.272186 -0.681082 0.679737
v 11.0928 -93.5412 1101.13
vn -0.345687 0.535545 0.770514
v 11.0928 -93.5412 1101.13
vn -0.344494 0.532612 0.773077
v 11.944 -92.9631 1101.11
vn -0.766106 0.237057 0.597399
v 11.944 -92.9631 1101.11
vn -0.343296 0.529669 0.775628
v 11.9199 -92.6214 1100.87
vn -0.812343 0.299855 0.500186
v 11.9199 -92.6214 1100.87
vn -0.32648 0.190388 -0.925831
v 13.2485 -86.685 1079.23
vn -0.774937 0.611458 -0.159976
v 12.9697 -91.234 1101.74
vn 0.0796248 0.265791 0.960737
v 12.1433 -83.8463 1086.9
vn -0.83411 -0.0599777 -0.548327
v 20.3636 -107.734 972.405
vn 0.623328 -0.602787 0.498108
v 20.6259 -107.84 973.143
vn 0.0689582 -0.938952 0.337066
v 19.4004 -107.877 973.89
vn -0.834021 -0.0673936 -0.547602
v 19.4004 -107.877 973.89
vn -0.826646 -0.548139 -0.127278
v 19.4004 -107.877 973.89
vn 0.491426 -0.70032 0.517739
v 20.0188 -107.941 973.582
vn 0.0565547 -0.942748 0.328675
v 20.0188 -107.941 973.582
vn -0.704456 -0.603309 -0.373845
v 18.9299 -107.327 972.762
vn -0.834154 -0.0525584 -0.549022
v 18.9033 -107.347 974.587
vn -0.83411 -0.0599777 -0.548327
v 19.1417 -107.569 974.246
vn 0.0793938 -0.938207 0.336844
v 19.0391 -107.556 974.856
vn -0.778591 -0.554591 0.29364
v 19.7876 -106.315 976.158
vn -0.522527 -0.84584 -0.107334
v 19.7876 -106.315 976.158
vn -0.182343 -0.595569 0.782335
v 19.7876 -106.315 976.158
vn -0.239591 -0.963349 0.120647
v 19.7876 -106.315 976.158
vn -0.461928 -0.839625 -0.28575
v 19.6447 -106.563 977.481
vn -0.829499 -0.287322 -0.478933
v 19.6447 -106.563 977.481
vn -0.818169 -0.427579 -0.384417
v 19.9981 -106.373 976.606
vn -0.428524 -0.899655 0.0835918
v 19.9981 -106.373 976.606
vn -0.23098 -0.955321 -0.184417
v 19.1832 -107.211 978.882
vn -0.719994 -0.565223 -0.402655
v 19.1832 -107.211 978.882
vn -0.313936 -0.818163 -0.481719
v 19.1832 -107.211 978.882
vn 0.338721 -0.909984 0.23916
v 19.1584 -108.02 982.09
vn -0.78978 -0.546084 -0.279355
v 19.7773 -108.476 982.932
vn -0.906241 0.0168696 -0.422426
v 19.7773 -108.476 982.932
vn 0.391109 -0.886081 0.248785
v 19.7646 -107.899 981.619
vn -0.858216 -0.456028 -0.23559
v 20.7481 -108.771 981.674
vn -0.9234 -0.0673774 -0.377879
v 19.0332 -107.879 984.552
vn -0.510075 -0.857863 -0.0624147
v 18.7301 -107.501 984.615
vn -0.763674 -0.559319 -0.322434
v 18.7301 -107.501 984.615
vn -0.417749 -0.90215 -0.107753
v 19.7575 -108.636 984.046
vn -0.928512 -0.0948228 -0.358992
v 20.1679 -109.501 983.973
vn -0.807271 -0.56738 -0.162458
v 20.1679 -109.501 983.973
vn -0.458286 -0.884214 -0.0902229
v 20.2165 -108.851 983.785
vn 0.242434 -0.958886 0.147521
v 18.7896 -108.589 985.945
vn -0.322214 -0.936144 -0.14076
v 18.7896 -108.589 985.945
vn -0.393954 -0.837238 0.379252
v 18.7896 -108.589 985.945
vn -0.930929 -0.205395 -0.301968
v 19.0556 -108.423 986.588
vn -0.445397 -0.894056 -0.0478003
v 19.0556 -108.423 986.588
vn -0.393954 -0.837238 0.379252
v 19.0556 -108.423 986.588
vn -0.454689 -0.880495 -0.134114
v 19.0556 -108.423 986.588
vn -0.132523 -0.960658 0.244078
v 18.3725 -108.495 989.379
vn -0.875414 -0.481658 0.0406827
v 18.3725 -108.495 989.379
vn -0.876625 -0.437328 -0.20068
v 18.3725 -108.495 989.379
vn -0.454689 -0.880495 -0.134114
v 18.3725 -108.495 989.379
vn -0.0983004 -0.993435 0.0585207
v 19.7349 -101.871 954.548
vn -0.661991 -0.436402 -0.609361
v 19.7349 -101.871 954.548
vn -0.820249 0.125144 -0.558149
v 19.5041 -101.247 954.351
vn -0.851241 0.343516 0.396719
v 19.5041 -101.247 954.351
vn -0.97115 -0.222098 0.0868366
v 19.5041 -101.247 954.351
vn -0.643296 -0.53207 -0.55052
v 19.5041 -101.247 954.351
vn -0.7076 0.191499 0.680169
v 19.8219 -99.9779 954.278
vn -0.991524 -0.0792305 -0.102971
v 19.7774 -101.467 959.193
vn -0.899125 0.42507 -0.104352
v 19.7774 -101.467 959.193
vn -0.557519 -0.734763 0.386388
v 19.7774 -101.467 959.193
vn -0.23099 -0.97268 0.0231983
v 19.9256 -101.688 957.936
vn -0.882859 0.468671 0.030132
v 19.9017 -101.445 957.979
vn -0.509203 -0.759356 0.405081
v 20.114 -101.215 960.157
vn -0.796585 -0.558474 -0.231429
v 20.0261 -100.612 961.178
vn -0.955901 0.288718 -0.0538116
v 20.0261 -100.612 961.178
vn -0.76181 -0.575964 -0.296497
v 20.5194 -102.062 961.231
vn -0.459213 -0.781451 0.422442
v 20.4599 -101.072 960.797
vn -0.825307 -0.527573 -0.201333
v 20.4599 -101.072 960.797
vn -0.462984 -0.878547 -0.11748
v 18.7391 -101.966 964.879
vn 0.320868 -0.86108 0.394442
v 18.8402 -102.833 967.164
vn -0.196957 -0.72844 0.656188
v 18.8402 -102.833 967.164
vn -0.679917 -0.0289007 -0.732719
v 18.9141 -103.12 968.028
vn -0.670875 0.279127 -0.687034
v 18.9141 -103.12 968.028
vn 0.41988 0.250541 -0.872313
v 18.9141 -103.12 968.028
vn 0.959592 -0.281253 0.00891485
v 18.7932 -102.548 967.824
vn 0.195224 -0.940226 -0.27904
v 18.7854 -102.566 968.126
vn 0.438525 0.141996 -0.88743
v 18.7854 -102.566 968.126
vn 0.959592 -0.281253 0.00891485
v 18.7854 -102.566 968.126
vn 0.451751 0.0316962 -0.891581
v 18.8822 -102.233 968.186
vn 0.28402 -0.679791 0.676178
v 18.8822 -102.233 968.186
vn 0.780355 -0.422203 0.461293
v 18.8822 -102.233 968.186
vn 0.845294 0.52912 -0.0742238
v 18.8822 -102.233 968.186
vn -0.436784 -0.631686 0.640463
v 19.1825 -102.938 967.15
vn 0.438525 0.141996 -0.88743
v 19.0794 -102.536 968.276
vn 0.736893 0.624718 -0.258293
v 19.0794 -102.536 968.276
vn -0.908306 -0.0789761 -0.410783
v 19.4778 -103.23 967.232
vn -0.64386 0.568178 -0.512462
v 19.4778 -103.23 967.232
vn -0.647292 -0.49253 0.581746
v 19.4778 -103.23 967.232
vn -0.995241 -0.0923835 -0.0309986
v 19.4778 -103.23 967.232
vn -0.994504 -0.098684 -0.0349818
v 19.3831 -102.515 968.143
vn 0.285715 -0.754861 0.590383
v 19.3756 -102.343 967.869
vn -0.734869 -0.616297 0.2831
v 19.3756 -102.343 967.869
vn -0.994504 -0.098684 -0.0349818
v 19.3756 -102.343 967.869
vn -0.900352 0.408712 -0.149401
v 18.6662 -105.328 978.602
vn -0.182343 -0.595569 0.782335
v 18.7709 -105.287 976.704
vn -0.827864 -0.0707719 0.556446
v 18.7709 -105.287 976.704
vn -0.74408 0.509874 0.43171
v 18.7428 -104.983 976.701
vn -0.820955 -0.0929119 0.563383
v 18.7428 -104.983 976.701
vn -0.852931 -0.339889 -0.396213
v 19.0506 -104.734 977.19
vn -0.820955 -0.0929119 0.563383
v 19.0506 -104.734 977.19
vn -0.182343 -0.595569 0.782335
v 19.0506 -104.734 977.19
vn -0.917427 0.361764 0.165695
v 19.0506 -104.734 977.19
vn 0.559316 -0.703597 0.438313
v 18.7394 -107.233 993.197
vn -0.547605 -0.81794 -0.176359
v 20.1963 -107.887 996.759
vn -0.159976 -0.982081 0.0996239
v 19.1897 -107.518 998.944
vn -0.587648 0.655948 -0.47371
v 20.8538 -97.543 953.205
vn -0.654804 0.118796 0.746405
v 20.1756 -98.4092 954.259
vn -0.652528 0.30564 0.693392
v 20.2009 -97.4643 954.124
vn -0.587648 0.655948 -0.47371
v 20.2009 -97.4643 954.124
vn -0.99797 0.0535248 0.0345095
v 20.5142 -97.4877 954.429
vn -0.587648 0.655948 -0.47371
v 20.5244 -97.1359 954.178
vn -0.981585 0.0901016 -0.168443
v 20.5244 -97.1359 954.178
vn -0.966738 0.215605 -0.137596
v 19.7699 -100.858 962.654
vn -0.0805765 0.992813 -0.0884817
v 19.8585 -99.8717 964.356
vn -0.547726 0.825399 0.136795
v 20.1331 -99.7935 964.984
vn -0.00916392 0.850957 0.525155
v 20.2954 -99.6403 964.709
vn -0.378207 0.925312 0.0275039
v 19.1995 -99.8993 965.561
vn 0.514342 0.726963 0.454948
v 19.1703 -100.059 966.446
vn -0.407794 0.900769 0.149394
v 19.1703 -100.059 966.446
vn 0.351423 0.840433 0.412521
v 18.3901 -101.995 969.441
vn -0.758895 0.183859 0.62472
v 18.3853 -101.836 969.121
vn 0.351423 0.840433 0.412521
v 18.3853 -101.836 969.121
vn 0.633323 -0.11702 0.764989
v 18.3853 -101.836 969.121
vn 0.085687 0.369789 0.925156
v 18.3853 -101.836 969.121
vn -0.758895 0.183859 0.62472
v 18.3484 -101.378 968.941
vn 0.0980099 0.408547 0.90746
v 18.3484 -101.378 968.941
vn 0.100822 0.918169 0.383147
v 18.5919 -100.62 967.557
vn -0.548025 0.826097 0.13127
v 18.5919 -100.62 967.557
vn 0.736893 0.624718 -0.258293
v 18.695 -101.839 968.864
vn 0.351423 0.840433 0.412521
v 18.695 -101.839 968.864
vn 0.548102 -0.139636 0.824673
v 18.695 -101.839 968.864
vn -0.499331 0.865891 -0.0300201
v 18.695 -101.839 968.864
vn 0.175665 0.421197 0.889795
v 18.6583 -101.473 968.95
vn 0.30063 0.472146 0.828673
v 18.6206 -100.987 968.711
vn 0.161183 0.941646 0.295503
v 18.6206 -100.987 968.711
vn -0.530303 0.518164 -0.671033
v 19.3074 -101.95 968.548
vn -0.993711 -0.104979 -0.038963
v 19.3074 -101.95 968.548
vn -0.781147 -0.597564 0.180904
v 19.2077 -101.715 968.894
vn -0.200068 0.126787 0.971544
v 19.2077 -101.715 968.894
vn -0.483327 0.834931 -0.263221
v 19.2077 -101.715 968.894
vn 0.588132 0.686099 -0.428215
v 18.9601 -101.664 969.509
vn -0.834668 0.408376 -0.369537
v 18.9601 -101.664 969.509
vn -0.483327 0.834931 -0.263221
v 18.9601 -101.664 969.509
vn 0.780355 -0.422203 0.461293
v 18.9591 -101.417 968.804
vn -0.759237 -0.607914 0.232378
v 18.9591 -101.417 968.804
vn 0.456668 -0.16067 0.875009
v 18.9591 -101.417 968.804
vn 0.391696 0.477837 0.786286
v 18.9591 -101.417 968.804
vn -0.200068 0.126787 0.971544
v 18.9591 -101.417 968.804
vn -0.0157532 0.836772 0.547325
v 18.9591 -101.417 968.804
vn -0.483327 0.834931 -0.263221
v 19.5649 -101.494 968.938
vn 0.161851 0.896134 0.413217
v 19.5649 -101.494 968.938
vn 0.416489 0.815504 0.401859
v 19.5407 -100.959 968.119
vn 0.452756 0.513471 0.728944
v 19.5407 -100.959 968.119
vn -0.0294136 -0.996278 0.0810276
v 17.9136 -107.376 1000.78
vn 0.573085 -0.765268 0.293152
v 17.8441 -107.201 1002.49
vn 0.429783 -0.85812 0.280921
v 18.5282 -107.401 1000.48
vn 0.157871 -0.973786 0.163763
v 18.4464 -106.955 1001.78
vn -0.341068 -0.935868 0.0884524
v 18.4464 -106.955 1001.78
vn -0.376522 -0.917233 0.13006
v 18.4133 -106.84 1002.5
vn -0.839814 -0.452363 -0.300135
v 18.4133 -106.84 1002.5
vn -0.304476 -0.951382 0.0465497
v 18.7802 -107.093 1001.15
vn -0.716601 -0.696029 -0.0450187
v 18.7802 -107.093 1001.15
vn -0.880555 -0.399591 -0.254854
v 18.7487 -107.038 1002.07
vn -0.912275 -0.271871 -0.306334
v 19.1879 -107.782 1001.34
vn -0.722421 -0.680563 -0.122241
v 19.1186 -107.277 1000.51
vn -0.975161 -0.0717169 -0.209566
v 17.8405 -107.001 1004.81
vn -0.873654 -0.36756 -0.318793
v 18.1197 -106.765 1003.64
vn -0.972441 0.0971724 -0.211932
v 18.1197 -106.765 1003.64
vn -0.674815 -0.675838 -0.296424
v 18.1197 -106.765 1003.64
vn -0.377969 -0.925685 0.0157068
v 18.764 -107.893 1004.05
vn 0.461636 -0.777478 0.427107
v 18.0196 -107.222 1006.6
vn -0.146106 -0.357066 0.922582
v 20.5434 -94.8147 954.908
vn -0.924548 0.117444 -0.362516
v 20.5434 -94.8147 954.908
vn -0.776304 -0.0687576 0.626597
v 20.5434 -94.8147 954.908
vn 0.439228 -0.715177 0.543692
v 17.4592 -105.456 1009.65
vn -0.0831777 -0.879327 0.468899
v 17.4592 -105.456 1009.65
vn -0.133322 -0.78037 0.61094
v 17.5536 -105.196 1010
vn -0.610318 -0.759865 0.223869
v 17.5536 -105.196 1010
vn -0.820414 0.235538 0.521001
v 17.5536 -105.196 1010
vn -0.299339 -0.91585 0.26761
v 17.8279 -105.85 1008.66
vn -0.207612 -0.92199 0.32685
v 17.7927 -105.633 1009.15
vn -0.398452 -0.893397 0.207554
v 18.782 -106.266 1008.31
vn -0.883677 0.461484 0.0784097
v 18.4478 -105.725 1011.75
vn -0.853992 0.459978 -0.243141
v 17.8815 -107.157 1016.06
vn -0.486226 -0.873382 -0.0280676
v 17.7114 -107.284 1016.68
vn -0.0357147 -0.968134 0.247872
v 17.5206 -107.069 1022.16
vn 0.0668618 -0.973711 0.217755
v 17.8 -106.943 1022.5
vn -0.620972 -0.778457 0.0916397
v 17.8 -106.943 1022.5
vn 0.0847429 -0.975432 0.203352
v 17.7858 -106.894 1022.81
vn -0.964505 -0.152472 0.215596
v 17.7858 -106.894 1022.81
vn -0.274886 -0.798104 0.53616
v 17.7858 -106.894 1022.81
vn -0.402376 0.711744 0.575772
v 19.4156 -99.9913 988.614
vn -0.419898 0.699834 0.577856
v 19.9661 -100.009 989.022
vn -0.644678 0.399153 0.651972
v 17.1941 -106.755 1022.03
vn -0.270468 0.309537 0.91161
v 17.1941 -106.755 1022.03
vn -0.66079 0.391793 0.6402
v 17.4006 -106.767 1022.22
vn -0.620972 -0.778457 0.0916397
v 17.6235 -106.799 1022.52
vn -0.895202 0.159828 0.416015
v 17.6235 -106.799 1022.52
vn -0.358103 -0.930082 -0.0819088
v 17.7521 -106.649 1023.16
vn -0.274886 -0.798104 0.53616
v 17.7521 -106.649 1023.16
vn -0.983795 -0.175379 -0.0372697
v 17.7391 -106.692 1023.7
vn -0.935147 0.349714 0.0565676
v 17.7391 -106.692 1023.7
vn -0.630872 -0.410092 0.658654
v 17.7391 -106.692 1023.7
vn 0.321396 -0.876567 0.358238
v 17.7391 -106.692 1023.7
vn -0.358103 -0.930082 -0.0819088
v 18.0651 -106.768 1023.14
vn -0.274886 -0.798104 0.53616
v 18.0651 -106.768 1023.14
vn -0.630872 -0.410092 0.658654
v 17.9734 -106.156 1024.26
vn -0.598841 0.419635 0.682126
v 17.9734 -106.156 1024.26
vn -0.598841 0.419635 0.682126
v 18.1977 -106.17 1024.47
vn -0.957086 -0.225011 -0.18264
v 18.1977 -106.17 1024.47
vn -0.631216 -0.726863 0.270621
v 18.1977 -106.17 1024.47
vn 0.199431 -0.916548 0.346651
v 18.1977 -106.17 1024.47
vn -0.598841 0.419635 0.682126
v 18.1628 -105.824 1024.23
vn -0.957086 -0.225011 -0.18264
v 18.1628 -105.824 1024.23
vn -0.745996 -0.562916 0.355831
v 18.0771 -105.937 1024.81
vn -0.845508 0.519699 -0.122594
v 18.0771 -105.937 1024.81
vn 0.943903 -0.157743 -0.290111
v 18.2143 -105.704 1024.86
vn -0.089864 0.993118 -0.0751102
v 18.2143 -105.704 1024.86
vn -0.816197 -0.177844 0.549722
v 18.2907 -105.621 1024.87
vn 0.802333 -0.457925 0.382839
v 19.2447 -106.411 1022.92
vn 0.0452724 -0.824526 0.56401
v 19.2657 -104.78 1024.12
vn 0.674067 -0.593406 0.439889
v 19.2657 -104.78 1024.12
vn -0.167893 -0.894479 -0.414391
v 17.5312 -105.56 1027.01
vn 0.7809 -0.503151 0.370183
v 17.5312 -105.56 1027.01
vn -0.0039464 -0.894685 0.446679
v 17.5312 -105.56 1027.01
vn -0.825479 -0.372335 0.424206
v 18.1443 -105.687 1025.16
vn -0.089864 0.993118 -0.0751102
v 18.1443 -105.687 1025.16
vn -0.992948 -0.0959591 -0.069617
v 18.1443 -105.687 1025.16
vn -0.0538299 0.784078 -0.618323
v 18.1443 -105.687 1025.16
vn 0.0584231 -0.817489 0.572973
v 18.1289 -105.741 1025.46
vn -0.110848 -0.153209 0.981957
v 18.1289 -105.741 1025.46
vn -0.815337 -0.394027 -0.424227
v 17.8345 -105.484 1026.72
vn 0.556696 -0.827083 -0.0776075
v 17.8345 -105.484 1026.72
vn 0.697148 -0.579306 0.422362
v 17.8345 -105.484 1026.72
vn -0.192309 -0.890538 -0.412261
v 18.0223 -105.262 1026.15
vn -0.84083 0.265099 -0.47194
v 18.0223 -105.262 1026.15
vn -0.180115 -0.892577 -0.413358
v 17.8302 -105.319 1026.36
vn -0.790064 0.399647 -0.464845
v 17.8302 -105.319 1026.36
vn 0.0867627 -0.954925 0.283885
v 18.2481 -105.974 1025.11
vn 0.700067 -0.565412 0.436138
v 18.2481 -105.974 1025.11
vn -0.810887 0.346792 0.471378
v 18.2481 -105.974 1025.11
vn 0.975825 -0.202913 -0.0811901
v 18.2481 -105.974 1025.11
vn -0.940741 -0.321445 -0.108072
v 18.2481 -105.974 1025.11
vn 0.0584231 -0.817489 0.572973
v 18.2481 -105.974 1025.11
vn -0.089864 0.993118 -0.0751102
v 18.3157 -105.671 1025.17
vn 0.933894 0.276196 0.227063
v 18.3157 -105.671 1025.17
vn -0.0538299 0.784078 -0.618323
v 18.3157 -105.671 1025.17
vn -0.00531638 -0.259236 0.965799
v 18.2613 -105.728 1025.46
vn 0.962169 -0.238606 0.131523
v 18.2613 -105.728 1025.46
vn 0.933894 0.276196 0.227063
v 18.2613 -105.728 1025.46
vn 0.121027 0.100437 -0.987555
v 18.2613 -105.728 1025.46
vn 0.685316 -0.575477 0.446283
v 18.2613 -105.728 1025.46
vn -0.213871 -0.0437124 0.975883
v 18.1699 -105.435 1025.48
vn 0.933894 0.276196 0.227063
v 18.1699 -105.435 1025.48
vn -0.0538299 0.784078 -0.618323
v 18.1699 -105.435 1025.48
vn 0.121027 0.100437 -0.987555
v 18.1699 -105.435 1025.48
vn -0.652244 0.0698026 -0.754788
v 18.1699 -105.435 1025.48
vn -0.038709 -0.963465 0.265022
v 18.1699 -105.435 1025.48
vn -0.211725 0.548945 0.808598
v 18.1699 -105.435 1025.48
vn -0.796881 0.557893 -0.231809
v 18.1626 -105.197 1025.86
vn -0.802605 0.442588 0.399926
v 18.1626 -105.197 1025.86
vn -0.127071 -0.865613 0.484321
v 18.1626 -105.197 1025.86
vn -0.90911 0.268584 -0.318405
v 18.136 -105.202 1025.88
vn 0.556696 -0.827083 -0.0776075
v 18.136 -105.202 1025.88
vn 0.256899 0.759999 -0.596996
v 18.136 -105.202 1025.88
vn -0.785116 0.493945 0.373647
v 18.4886 -105.525 1025.2
vn -0.816197 -0.177844 0.549722
v 18.4886 -105.525 1025.2
vn -0.652244 0.0698026 -0.754788
v 18.4886 -105.525 1025.2
vn -0.038709 -0.963465 0.265022
v 18.4886 -105.525 1025.2
vn -0.038709 -0.963465 0.265022
v 18.4704 -105.437 1025.52
vn 0.715762 -0.591504 0.371226
v 18.4704 -105.437 1025.52
vn 0.631198 -0.537605 0.55908
v 18.4676 -105.417 1025.55
vn -0.781835 -0.393137 -0.483919
v 18.4676 -105.417 1025.55
vn -0.211725 0.548945 0.808598
v 18.4676 -105.417 1025.55
vn -0.127071 -0.865613 0.484321
v 18.4676 -105.417 1025.55
vn 0.79776 -0.492015 0.348569
v 18.4676 -105.417 1025.55
vn 0.887404 0.364486 -0.282247
v 18.4676 -105.417 1025.55
vn -0.876621 0.470795 -0.0994352
v 18.4408 -105.039 1025.28
vn -0.217787 0.895696 0.387683
v 18.4408 -105.039 1025.28
vn -0.652244 0.0698026 -0.754788
v 18.4408 -105.039 1025.28
vn -0.781835 -0.393137 -0.483919
v 18.4408 -105.039 1025.28
vn -0.211725 0.548945 0.808598
v 18.4408 -105.039 1025.28
vn -0.796881 0.557893 -0.231809
v 18.4408 -105.039 1025.28
vn 0.326171 0.925674 -0.191675
v 18.4408 -105.039 1025.28
vn -0.127071 -0.865613 0.484321
v 18.413 -105.046 1026.2
vn -0.231484 -0.852191 -0.469239
v 18.413 -105.046 1026.2
vn 0.556696 -0.827083 -0.0776075
v 18.413 -105.046 1026.2
vn 0.256899 0.759999 -0.596996
v 18.413 -105.046 1026.2
vn 0.778558 -0.510249 0.365368
v 18.413 -105.046 1026.2
vn -0.217787 0.895696 0.387683
v 18.738 -105.087 1025.56
vn 0.867364 0.377474 0.324335
v 18.738 -105.087 1025.56
vn 0.326171 0.925674 -0.191675
v 18.738 -105.087 1025.56
vn -0.567622 0.789002 -0.23512
v 17.7893 -98.2706 996.988
vn -0.217787 0.895696 0.387683
v 18.9132 -104.568 1024.46
vn 0.664517 -0.0783773 0.743151
v 18.9132 -104.568 1024.46
vn 0.86148 0.39241 0.322282
v 18.9132 -104.568 1024.46
vn 0.0494776 -0.86029 0.507398
v 18.9132 -104.568 1024.46
vn -0.798796 0.470815 -0.374511
v 17.4627 -105.175 1027.07
vn 0.867687 0.372192 0.329535
v 18.0249 -104.477 1026.9
vn -0.0963499 0.980019 0.174009
v 18.0249 -104.477 1026.9
vn 0.702938 0.62689 -0.335987
v 18.0249 -104.477 1026.9
vn -0.802605 0.442588 0.399926
v 18.3662 -104.881 1025.92
vn -0.231484 -0.852191 -0.469239
v 18.3662 -104.881 1025.92
vn 0.326171 0.925674 -0.191675
v 18.3662 -104.881 1025.92
vn 0.492388 -0.432772 0.755157
v 18.3662 -104.881 1025.92
vn 0.882507 0.379078 -0.278356
v 18.3662 -104.881 1025.92
vn -0.618836 0.641164 -0.453817
v 18.3662 -104.881 1025.92
vn -0.231484 -0.852191 -0.469239
v 18.1034 -104.953 1026.18
vn 0.256899 0.759999 -0.596996
v 18.1034 -104.953 1026.18
vn 0.702938 0.62689 -0.335987
v 18.1004 -104.931 1026.21
vn -0.641072 0.547396 0.537944
v 18.1004 -104.931 1026.21
vn 0.702938 0.62689 -0.335987
v 18.297 -104.992 1026.51
vn -0.641072 0.547396 0.537944
v 18.297 -104.992 1026.51
vn 0.922096 0.301701 0.242314
v 18.297 -104.992 1026.51
vn 0.801991 0.220232 0.555255
v 18.297 -104.992 1026.51
vn 0.867687 0.372192 0.329535
v 18.0602 -104.835 1027.21
vn 0.882507 0.379078 -0.278356
v 18.4786 -104.923 1026.22
vn 0.801991 0.220232 0.555255
v 18.4786 -104.923 1026.22
vn -0.641072 0.547396 0.537944
v 18.3751 -104.661 1026.27
vn 0.877386 0.393574 -0.274395
v 18.3751 -104.661 1026.27
vn 0.801991 0.220232 0.555255
v 18.3751 -104.661 1026.27
vn 0.625388 0.426232 0.653618
v 17.1326 -105.171 1028.59
vn -0.0165245 0.474637 -0.880026
v 17.1326 -105.171 1028.59
vn 0.625388 0.426232 0.653618
v 16.8835 -105.246 1028.88
vn 0.503712 -0.265184 -0.822163
v 16.8835 -105.246 1028.88
vn 0.688892 -0.641756 0.337014
v 16.8835 -105.246 1028.88
vn -0.476069 -0.876672 -0.0693111
v 16.8403 -105.261 1028.94
vn 0.0963372 -0.980028 -0.173968
v 16.8403 -105.261 1028.94
vn 0.690926 -0.643881 0.328692
v 16.8403 -105.261 1028.94
vn -0.146392 -0.974954 -0.167431
v 16.822 -105.152 1029.2
vn 0.57594 -0.72292 0.38168
v 16.822 -105.152 1029.2
vn -0.84552 -0.428993 -0.317902
v 16.8152 -104.921 1028.74
vn -0.37606 -0.856649 0.353174
v 16.8152 -104.921 1028.74
vn 0.625388 0.426232 0.653618
v 16.8152 -104.921 1028.74
vn -0.0165245 0.474637 -0.880026
v 16.8152 -104.921 1028.74
vn 0.503712 -0.265184 -0.822163
v 16.8152 -104.921 1028.74
vn -0.37606 -0.856649 0.353174
v 17.1628 -105.264 1028.27
vn 0.773246 -0.469507 -0.426208
v 17.1628 -105.264 1028.27
vn 0.743969 -0.589087 0.315414
v 17.1628 -105.264 1028.27
vn -0.958521 -0.125214 -0.256044
v 17.199 -105.06 1028.01
vn -0.0039464 -0.894685 0.446679
v 17.199 -105.06 1028.01
vn -0.855402 0.244645 0.456548
v 17.199 -105.06 1028.01
vn -0.78267 0.409918 -0.468395
v 17.1521 -105.071 1028.04
vn 0.773246 -0.469507 -0.426208
v 17.1521 -105.071 1028.04
vn 0.234075 0.728887 -0.643376
v 17.1521 -105.071 1028.04
vn 0.503712 -0.265184 -0.822163
v 17.115 -104.97 1028.94
vn 0.778378 -0.503871 0.37449
v 17.115 -104.97 1028.94
vn 0.743969 -0.589087 0.315414
v 17.115 -104.97 1028.94
vn -0.0571218 0.968998 0.240376
v 17.115 -104.97 1028.94
vn 0.900739 0.419778 0.111601
v 17.115 -104.97 1028.94
vn 0.877912 0.0701622 0.473654
v 17.115 -104.97 1028.94
vn -0.0963502 0.980016 0.174026
v 17.3173 -104.752 1028.06
vn -0.855402 0.244645 0.456548
v 17.3173 -104.752 1028.06
vn -0.18893 -0.906893 -0.376631
v 17.3173 -104.752 1028.06
vn -0.18893 -0.906893 -0.376631
v 17.1199 -104.817 1028.32
vn 0.234075 0.728887 -0.643376
v 17.1199 -104.817 1028.32
vn -0.0767943 0.975244 0.207366
v 17.1199 -104.817 1028.32
vn 0.900739 0.419778 0.111601
v 17.1199 -104.817 1028.32
vn -0.855402 0.244645 0.456548
v 17.4275 -104.892 1028.34
vn -0.18893 -0.906893 -0.376631
v 17.4275 -104.892 1028.34
vn 0.773246 -0.469507 -0.426208
v 17.4275 -104.892 1028.34
vn 0.234075 0.728887 -0.643376
v 17.4275 -104.892 1028.34
vn 0.743969 -0.589087 0.315414
v 17.4275 -104.892 1028.34
vn 0.918885 -0.140962 0.368482
v 17.4275 -104.892 1028.34
vn 0.799797 0.436899 0.411636
v 17.5623 -104.729 1028.07
vn -0.0833302 0.977002 0.196275
v 17.5623 -104.729 1028.07
vn -0.63664 0.764411 -0.101811
v 17.8553 -98.0754 1003.97
vn -0.814409 -0.578573 -0.0446329
v 18.4678 -101.085 1028.74
vn -0.667245 -0.734728 0.122311
v 17.1265 -99.7097 1032.32
vn -0.226271 -0.940375 0.25396
v 17.8036 -100.394 1031.9
vn -0.0906944 0.880532 -0.465229
v 18.4179 -95.774 1017.76
vn -0.196169 0.834328 0.515184
v 16.2377 -96.0278 1020.77
vn -0.358392 0.848177 0.390066
v 17.399 -95.5816 1020.87
vn -0.0621313 0.631258 0.77308
v 17.399 -95.5816 1020.87
vn 0.242024 0.52802 0.814014
v 18.0038 -95.6043 1020.87
vn 0.0762364 -0.973677 0.214806
v 16.6216 -99.5363 1055.2
vn -0.2844 0.352098 0.891708
v 17.6619 -98.8988 1055.63
vn -0.307984 -0.229776 -0.923227
v 15.3706 -92.5538 1047.94
vn -0.977534 0.0553622 -0.203376
v 16.6724 -95.0662 1064.53
vn -0.921379 -0.380975 -0.0769328
v 16.6724 -95.0662 1064.53
vn -0.917124 -0.397521 0.0293412
v 16.5331 -95.0972 1066.35
vn -0.410006 -0.780809 0.471415
v 16.5331 -95.0972 1066.35
vn 0.276614 -0.943199 0.184013
v 16.5331 -95.0972 1066.35
vn -0.97589 0.191282 -0.105117
v 16.411 -94.8118 1066.4
vn -0.902243 -0.40946 0.135275
v 16.4202 -94.6191 1067.05
vn -0.97319 0.225685 -0.0443607
v 16.4202 -94.6191 1067.05
vn -0.651219 -0.575621 0.494543
v 16.4202 -94.6191 1067.05
vn -0.733645 -0.606443 0.30658
v 16.676 -94.6478 1067.35
vn -0.969444 0.243573 -0.0291492
v 16.4663 -94.3706 1067.4
vn -0.993048 0.113685 0.0305039
v 16.4993 -94.0888 1069.28
vn -0.428226 -0.891441 0.148172
v 16.4993 -94.0888 1069.28
vn -0.988123 -0.143789 0.0542049
v 16.7719 -93.8897 1071.76
vn -0.0248918 -0.551219 -0.833989
v 14.3237 -96.0537 1082.31
vn 0.115654 -0.768182 -0.629699
v 14.9311 -96.1981 1082.59
vn 0.17391 -0.981701 -0.0775855
v 16.0545 -95.8444 1082.37
vn -0.0651514 0.354094 0.932938
v 14.8736 -89.0312 1053.4
vn 0.244071 -0.961939 0.122896
v 14.4258 -96.2461 1089.28
vn -0.312687 -0.179676 0.932707
v 14.4005 -96.0506 1089.51
vn -0.359686 0.465346 0.808751
v 14.4005 -96.0506 1089.51
vn 0.0624397 0.16127 0.984933
v 14.4005 -96.0506 1089.51
vn -0.0419691 -0.99889 -0.0214005
v 15.1282 -95.6531 1089.4
vn -0.602048 -0.481887 0.63665
v 15.1282 -95.6531 1089.4
vn 0.0624397 0.16127 0.984933
v 15.1282 -95.6531 1089.4
vn -0.74575 0.552313 0.372567
v 15.1282 -95.6531 1089.4
vn -0.602048 -0.481887 0.63665
v 15.8088 -95.6948 1090.01
vn -0.691542 -0.319468 -0.647851
v 15.8088 -95.6948 1090.01
vn -0.691542 -0.319468 -0.647851
v 15.6346 -95.4143 1090.06
vn -0.830504 0.530275 -0.170506
v 15.6346 -95.4143 1090.06
vn -0.253017 -0.91717 -0.307867
v 14.3127 -95.8314 1091.68
vn -0.691542 -0.319468 -0.647851
v 14.3127 -95.8314 1091.68
vn -0.629021 0.613516 -0.477422
v 14.3127 -95.8314 1091.68
vn 0.132598 -0.991126 0.00930338
v 15.8595 -95.7959 1090.3
vn 0.452732 -0.701745 0.55008
v 13.2629 -91.2485 1102.05
vn -0.834483 0.549694 -0.038394
v 13.3515 -90.4986 1102.49
vn -0.846702 0.13731 0.514045
v 13.3515 -90.4986 1102.49
vn -0.505646 0.373149 -0.77787
v 15.5308 -85.1717 1078.86
vn -0.617255 -0.34287 0.708122
v 14.1316 -89.6935 1103.56
vn -0.745323 -0.0178506 0.666464
v 14.1316 -89.6935 1103.56
vn -0.0500246 0.56 0.826981
v 13.8047 -82.08 1086.36
vn -0.112404 -0.990522 0.0789443
v 23.307 -108.521 966.516
vn -0.477941 -0.868123 -0.133922
v 21.6267 -108.104 970.833
vn 0.680155 -0.634519 0.367117
v 21.6267 -108.104 970.833
vn -0.179398 -0.979934 0.0868638
v 22.444 -107.513 971.865
vn 0.318259 -0.938182 0.136111
v 22.4226 -110.093 980.242
vn -0.722018 -0.475066 -0.502994
v 22.9028 -102.362 951.458
vn -0.277245 -0.954752 0.10763
v 22.1968 -109.09 984.506
vn 0.0984686 -0.962787 0.251684
v 21.4813 -101.899 957.007
vn -0.348913 -0.925574 0.146875
v 20.6469 -107.981 1001.93
vn -0.685645 -0.725455 -0.0600572
v 20.6469 -107.981 1001.93
vn -0.244321 0.731869 0.63614
v 20.7942 -100.677 965.75
vn -0.0818807 0.841972 0.533271
v 20.7418 -99.9517 965.269
vn 0.341626 0.536124 0.771922
v 20.7418 -99.9517 965.269
vn 0.0786137 -0.166723 0.982865
v 20.7331 -96.2646 954.558
vn -0.463848 -0.0175898 0.88574
v 20.6384 -95.2356 954.529
vn -0.539819 -0.62717 0.561474
v 20.6384 -95.2356 954.529
vn -0.539819 -0.62717 0.561474
v 20.9453 -95.3499 954.697
vn -0.0778978 -0.360593 0.929465
v 20.9453 -95.3499 954.697
vn -0.0417575 -0.308922 0.95017
v 21.2732 -95.6113 954.626
vn -0.882865 0.381789 -0.273472
v 20.9481 -96.2457 963.192
vn -0.606667 -0.0117637 0.794869
v 20.6446 -93.0252 955.23
vn -0.662498 0.724456 -0.190424
v 20.6446 -93.0252 955.23
vn -0.605432 0.509693 0.611281
v 20.6446 -93.0252 955.23
vn -0.581503 0.345873 0.73636
v 20.9822 -92.6999 955.293
vn -0.532538 0.167161 0.829735
v 21.1746 -92.3826 955.352
vn -0.209873 -0.929887 0.302098
v 21.1746 -92.3826 955.352
vn -0.777255 -0.56454 -0.277795
v 21.1746 -92.3826 955.352
vn -0.621886 -0.331003 -0.709715
v 21.1746 -92.3826 955.352
vn 0.0326061 -0.410815 0.911136
v 20.9254 -92.219 955.683
vn -0.209873 -0.929887 0.302098
v 20.9254 -92.219 955.683
vn -0.784131 -0.524548 -0.331645
v 20.9254 -92.219 955.683
vn -0.581503 0.345873 0.73636
v 21.5468 -92.3886 955.592
vn -0.209873 -0.929887 0.302098
v 21.5468 -92.3886 955.592
vn -0.815143 0.578034 -0.0376694
v 21.8682 -94.9297 962.527
vn -0.0533768 0.877557 0.476492
v 22.4303 -94.2288 961.746
vn -0.375207 0.923946 0.074451
v 22.4303 -94.2288 961.746
vn -0.93336 0.308693 0.183159
v 19.9935 -99.7714 988.76
vn -0.492274 0.862393 0.118091
v 20.1632 -99.7994 989.672
vn -0.232388 -0.947801 0.218334
v 21.4819 -104.072 1021.54
vn 0.846586 0.0324832 0.53126
v 21.4819 -104.072 1021.54
vn 0.437041 -0.772744 0.460285
v 21.4819 -104.072 1021.54
vn 0.926145 0.197614 0.321255
v 19.6346 -105.181 1023.14
vn 0.932927 -0.324383 0.156277
v 19.4258 -105.358 1024.02
vn 0.878015 0.368408 0.305557
v 19.4258 -105.358 1024.02
vn 0.579836 -0.71095 0.39792
v 19.3238 -104.538 1024.47
vn -0.861359 -0.000727084 -0.507996
v 22.139 -90.7917 953.822
vn -0.798362 0.216096 -0.562068
v 22.139 -90.7917 953.822
vn -0.60158 0.750118 -0.274634
v 22.139 -90.7917 953.822
vn -0.0416373 -0.344971 0.937689
v 20.6208 -92.1943 955.709
vn -0.940805 -0.00178346 -0.338944
v 20.6208 -92.1943 955.709
vn -0.882066 0.145848 -0.447982
v 20.7155 -91.8319 955.444
vn -0.577372 -0.356445 -0.734567
v 20.7155 -91.8319 955.444
vn -0.766845 -0.601965 -0.222681
v 20.7155 -91.8319 955.444
vn -0.141501 -0.247058 0.958614
v 20.5622 -91.6162 955.869
vn -0.680554 0.386948 0.622187
v 20.5622 -91.6162 955.869
vn -0.777255 -0.56454 -0.277795
v 20.9216 -92.1392 955.565
vn -0.126177 -0.021479 0.991775
v 20.8313 -91.3011 955.967
vn -0.680554 0.386948 0.622187
v 20.9636 -90.9712 955.907
vn -0.343093 -0.488557 0.802247
v 20.9636 -90.9712 955.907
vn -0.236871 0.266295 0.934333
v 20.9636 -90.9712 955.907
vn -0.809504 -0.330878 -0.484998
v 20.9636 -90.9712 955.907
vn -0.854349 0.0279149 -0.518949
v 20.7643 -90.5818 955.974
vn 0.155319 -0.198534 0.967709
v 21.0129 -90.113 956.273
vn -0.314897 0.300626 0.900258
v 21.0129 -90.113 956.273
vn -0.624292 0.0551984 0.779239
v 19.4756 -103.329 1024.69
vn 0.865147 0.117917 0.487459
v 19.4756 -103.329 1024.69
vn 0.437041 -0.772744 0.460285
v 19.4756 -103.329 1024.69
vn -0.895493 -0.435252 -0.0929886
v 19.6697 -102.718 1024.8
vn -0.624292 0.0551984 0.779239
v 19.6697 -102.718 1024.8
vn -0.291696 -0.929046 0.227568
v 19.6697 -102.718 1024.8
vn 0.865147 0.117917 0.487459
v 20.1444 -104 1023.67
vn -0.267359 -0.933922 0.237293
v 20.0435 -102.761 1025.11
vn 0.437041 -0.772744 0.460285
v 20.0435 -102.761 1025.11
vn -0.913016 0.397346 0.0922897
v 19.2462 -104.038 1025.48
vn 0.729603 -0.543776 0.414713
v 19.2462 -104.038 1025.48
vn 0.875435 0.202224 0.438997
v 19.2462 -104.038 1025.48
vn -0.756061 -0.0169851 0.654281
v 20.87 -89.7931 956.116
vn -0.387478 0.428583 0.816197
v 20.87 -89.7931 956.116
vn 0.132461 -0.148013 0.980075
v 22.1133 -88.9805 956.28
vn -0.763543 0.641362 -0.0752141
v 19.7287 -97.1027 998.987
vn 0.517002 -0.663912 0.540305
v 20.3413 -102.074 1032.85
vn -0.372389 0.481996 -0.793099
v 20.6125 -96.243 1016.44
vn -0.0906944 0.880532 -0.465229
v 20.6125 -96.243 1016.44
vn -0.678247 0.703857 -0.211105
v 20.6125 -96.243 1016.44
vn 0.154485 0.954879 0.253654
v 20.7274 -96.0024 1016.88
vn -0.678247 0.703857 -0.211105
v 20.7274 -96.0024 1016.88
vn -0.299766 0.56163 -0.771176
v 19.0801 -96.218 1017.18
vn -0.498914 0.613611 0.612018
v 20.2167 -96.8173 1021.18
vn -0.0899421 0.401759 0.911318
v 20.4898 -96.469 1021.06
vn -0.441752 0.667436 0.599487
v 20.4898 -96.469 1021.06
vn -0.441752 0.667436 0.599487
v 21.0486 -96.8642 1021.91
vn -0.815682 0.575447 0.059356
v 21.0486 -96.8642 1021.91
vn -0.224292 0.970436 0.0891426
v 20.9247 -94.5481 1011.04
vn -0.0972457 0.936219 0.337693
v 19.2954 -96.5659 1020.98
vn 0.363684 0.573198 0.734287
v 19.5934 -96.4488 1020.74
vn -0.967751 -0.125001 0.218706
v 18.6997 -100.789 1046.17
vn -0.702401 -0.708051 0.0727701
v 18.6658 -100.653 1047.1
vn -0.696003 -0.714687 0.0692938
v 18.5245 -100.461 1047.67
vn -0.588421 -0.649299 -0.481843
v 18.8547 -100.78 1047.69
vn 0.922789 -0.0654029 0.379714
v 19.9606 -99.8362 1051.84
vn -0.521782 0.726307 -0.447461
v 19.8985 -93.2728 1028.63
vn 0.634225 -0.67768 0.372167
v 20.4279 -99.2863 1050.73
vn 0.215627 -0.943734 0.250742
v 18.3705 -98.2048 1055.56
vn 0.383162 0.11161 0.916913
v 18.3705 -98.2048 1055.56
vn -0.403698 0.0403841 0.914001
v 18.3705 -98.2048 1055.56
vn 0.864938 -0.203815 0.458629
v 18.1255 -98.8738 1055.75
vn -0.247555 0.255662 0.934534
v 18.1255 -98.8738 1055.75
vn 0.383162 0.11161 0.916913
v 18.1255 -98.8738 1055.75
vn -0.218788 -0.279391 0.934918
v 18.1255 -98.8738 1055.75
vn -0.425639 -0.122016 0.896629
v 18.9474 -98.0076 1055.81
vn -0.955933 -0.292834 0.0209784
v 18.9474 -98.0076 1055.81
vn -0.489765 -0.870578 0.0471657
v 18.9474 -98.0076 1055.81
vn -0.279702 0.865547 -0.415445
v 18.8761 -92.7923 1030.53
vn -0.573839 0.733287 -0.36469
v 18.8761 -92.7923 1030.53
vn -0.576659 0.726721 -0.373284
v 18.3298 -92.2676 1032.45
vn 0.383162 0.11161 0.916913
v 18.3428 -97.8968 1055.54
vn -0.425639 -0.122016 0.896629
v 18.3428 -97.8968 1055.54
vn -0.955933 -0.292834 0.0209784
v 18.8254 -97.604 1055.88
vn -0.823625 0.455331 0.338107
v 18.8254 -97.604 1055.88
vn -0.480065 -0.842123 0.245697
v 18.8936 -97.7609 1056.8
vn -0.889026 0.428732 0.160691
v 18.8936 -97.7609 1056.8
vn -0.688166 -0.171833 0.704912
v 18.8936 -97.7609 1056.8
vn -0.688166 -0.171833 0.704912
v 19.1763 -97.7812 1057.07
vn -0.0143067 -0.17615 0.984259
v 19.1763 -97.7812 1057.07
vn 0.843633 -0.308093 0.439729
v 19.1763 -97.7812 1057.07
vn 0.162609 -0.948701 0.271154
v 19.1763 -97.7812 1057.07
vn -0.688166 -0.171833 0.704912
v 19.1497 -97.3869 1057.14
vn -0.0144447 -0.17608 0.98427
v 19.1497 -97.3869 1057.14
vn -0.819971 -0.46803 0.329538
v 19.5803 -96.557 1057.3
vn 0.762816 -0.469443 0.444674
v 19.5803 -96.557 1057.3
vn 0.126497 -0.951696 0.279772
v 19.5803 -96.557 1057.3
vn -0.0145827 -0.176011 0.98428
v 19.438 -96.2735 1057.35
vn -0.819971 -0.46803 0.329538
v 19.438 -96.2735 1057.35
vn -0.566501 -0.818768 -0.0932532
v 19.438 -96.2735 1057.35
vn -0.51901 -0.852684 -0.0596529
v 19.6509 -96.4522 1057.62
vn 0.122089 -0.952737 0.278186
v 19.6509 -96.4522 1057.62
vn -0.103743 -0.98863 0.108854
v 19.6509 -96.4522 1057.62
vn -0.944207 0.0205813 -0.328708
v 19.1494 -96.2134 1058.57
vn -0.683497 -0.713958 -0.151974
v 19.1494 -96.2134 1058.57
vn 0.36992 -0.882081 0.291707
v 19.2694 -96.3123 1059.78
vn -0.917159 0.368069 -0.152787
v 18.4228 -91.4698 1033.81
vn -0.589727 0.798465 -0.121142
v 18.4228 -91.4698 1033.81
vn -0.706664 0.691322 -0.150664
v 18.3833 -91.3573 1034.74
vn -0.402309 0.835842 -0.373517
v 19.0003 -91.504 1034.73
vn 0.400834 0.915976 -0.0178673
v 19.574 -91.2096 1034.79
vn -0.706664 0.691322 -0.150664
v 18.1007 -91.3823 1035.95
vn -0.80521 0.566187 -0.176265
v 18.2006 -90.5447 1038.19
vn -0.972867 0.214587 0.0865001
v 18.2006 -90.5447 1038.19
vn -0.197509 0.968152 -0.153859
v 19.1433 -90.955 1038.18
vn -0.622193 -0.111003 -0.774954
v 19.7315 -93.6064 1046.55
vn -0.923051 0.043894 -0.382165
v 17.2822 -95.2359 1062.38
vn -0.188195 -0.980183 -0.0618402
v 18.6165 -96.2828 1061.3
vn 0.496064 -0.810734 0.310855
v 18.6165 -96.2828 1061.3
vn 0.388637 -0.860317 0.329872
v 17.2194 -95.2959 1064.5
vn -0.934425 0.347583 -0.0776867
v 19.7011 -89.7698 1043.28
vn -0.795009 0.481503 -0.36894
v 19.5775 -89.4846 1043.32
vn -0.440608 0.884354 -0.154215
v 19.5775 -89.4846 1043.32
vn -0.62521 0.343032 -0.701029
v 17.8719 -89.92 1046.88
vn -0.963675 -0.106714 -0.244833
v 19.3046 -88.8803 1046.17
vn -0.331423 0.9334 -0.137562
v 19.3046 -88.8803 1046.17
vn -0.607124 0.351788 -0.712493
v 19.3046 -88.8803 1046.17
vn -0.404359 0.770801 -0.492301
v 19.3046 -88.8803 1046.17
vn 0.260728 -0.947687 0.184148
v 17.085 -94.7976 1067.33
vn -0.326388 -0.920881 -0.213186
v 17.1349 -95.0391 1076.13
vn -0.0996631 -0.883759 0.457206
v 17.1349 -95.0391 1076.13
vn 0.514294 -0.848471 0.124898
v 17.1349 -95.0391 1076.13
vn -0.806441 0.46796 0.361478
v 17.0993 -94.6769 1076.19
vn -0.0996631 -0.883759 0.457206
v 17.4032 -94.7227 1076.8
vn -0.781074 0.466522 0.415066
v 17.4032 -94.7227 1076.8
vn -0.538685 -0.328322 0.775901
v 17.4032 -94.7227 1076.8
vn -0.799305 -0.336459 -0.497902
v 18.2045 -95.2041 1080.99
vn 0.204954 -0.917094 -0.341954
v 18.2045 -95.2041 1080.99
vn -0.782658 -0.429901 -0.450146
v 18.2045 -95.2041 1080.99
vn 0.0985485 0.969134 0.225983
v 17.4274 -89.1393 1049.15
vn 0.118502 0.971332 0.206088
v 18.6531 -89.0582 1048.26
vn -0.0265418 0.991087 0.130548
v 18.7514 -88.4415 1052.95
vn -0.84889 0.409863 0.333764
v 18.1012 -94.1694 1077.52
vn -0.873509 -0.448189 0.190023
v 18.1012 -94.1694 1077.52
vn 0.389571 -0.920309 0.0355823
v 18.2441 -94.4574 1077.49
vn -0.538685 -0.328322 0.775901
v 18.2441 -94.4574 1077.49
vn -0.873509 -0.448189 0.190023
v 18.2441 -94.4574 1077.49
vn -0.882692 0.41534 0.219881
v 18.4516 -94.3467 1078.71
vn 0.186315 -0.979697 -0.0740329
v 18.4516 -94.3467 1078.71
vn -0.764257 0.644302 0.0280276
v 18.4603 -94.3983 1079
vn 0.0972311 -0.966352 -0.238137
v 18.4603 -94.3983 1079
vn -0.0147157 -0.175892 0.984299
v 18.5379 -94.3387 1078.71
vn 0.872543 -0.43167 0.228758
v 18.5379 -94.3387 1078.71
vn 0.867059 0.485265 0.112811
v 18.5379 -94.3387 1078.71
vn -0.0147157 -0.175892 0.984299
v 18.4882 -94.2532 1078.73
vn 0.729765 0.649342 0.214005
v 18.4882 -94.2532 1078.73
vn 0.729765 0.649342 0.214005
v 18.5293 -94.3919 1079.01
vn 0.514016 0.811863 -0.276886
v 18.5293 -94.3919 1079.01
vn 0.551596 0.777049 0.303211
v 18.4897 -94.3654 1079.01
vn 0.377473 0.915364 -0.140082
v 18.4897 -94.3654 1079.01
vn -0.713882 -0.551063 -0.43209
v 18.7434 -94.4245 1079.31
vn 0.377473 0.915364 -0.140082
v 18.7434 -94.4245 1079.31
vn -0.964364 0.259724 -0.0504516
v 18.7434 -94.4245 1079.31
vn -0.0147157 -0.175892 0.984299
v 18.676 -94.0291 1078.77
vn 0.872543 -0.43167 0.228758
v 18.676 -94.0291 1078.77
vn -0.382648 -0.883913 -0.268848
v 18.676 -94.0291 1078.77
vn -0.718515 0.379771 0.582675
v 18.7273 -94.1035 1080.28
vn 0.310878 0.792084 0.525316
v 18.7273 -94.1035 1080.28
vn -0.648762 0.250943 0.718426
v 18.8487 -94.3278 1080.55
vn -0.840893 -0.520635 -0.147777
v 18.8479 -93.6296 1080.06
vn -0.703924 0.436996 0.559933
v 18.8479 -93.6296 1080.06
vn -0.842349 -0.531548 -0.0889125
v 18.8113 -93.7379 1080.65
vn -0.997554 -0.0228131 -0.0660658
v 18.8113 -93.7379 1080.65
vn -0.44541 -0.709882 -0.545599
v 18.8113 -93.7379 1080.65
vn -0.741217 -0.370331 -0.559868
v 18.8193 -93.388 1080.41
vn -0.618732 0.403679 -0.673954
v 17.2292 -94.708 1081.79
vn -0.564232 -0.241825 -0.789407
v 17.5854 -95.2705 1081.71
vn -0.791411 0.610761 -0.0253044
v 18.138 -94.7429 1080.77
vn -0.605237 0.569167 -0.55654
v 18.138 -94.7429 1080.77
vn -0.689419 -0.0831718 -0.719572
v 18.0178 -93.3439 1081.44
vn 0.222785 0.974862 0.00345562
v 18.4321 -94.3588 1080.84
vn -0.823268 0.534807 -0.190295
v 18.4321 -94.3588 1080.84
vn 0.410509 0.638841 0.650665
v 18.4321 -94.3588 1080.84
vn -0.61605 0.526529 -0.585874
v 18.4321 -94.3588 1080.84
vn 0.462244 0.633059 -0.620941
v 18.4321 -94.3588 1080.84
vn 0.463906 0.626224 -0.626606
v 18.4069 -94.1508 1081.03
vn -0.180912 -0.14725 -0.972414
v 18.4069 -94.1508 1081.03
vn -0.44541 -0.709882 -0.545599
v 18.5766 -93.8121 1080.94
vn -0.177168 -0.166814 -0.969941
v 18.5766 -93.8121 1080.94
vn 0.32083 0.67214 -0.667305
v 18.761 -94.6391 1080.79
vn -0.0812001 -0.203967 -0.975604
v 18.7342 -94.4199 1081
vn 0.381192 -0.596995 0.705896
v 16.5036 -95.6954 1088.68
vn -0.247426 -0.960382 -0.128248
v 16.5036 -95.6954 1088.68
vn -0.707486 0.685375 -0.172408
v 18.4137 -88.8824 1061.7
vn -0.435367 0.899924 -0.024362
v 18.0851 -87.9899 1068.56
vn -0.459183 0.881298 0.111647
v 18.0962 -88.3559 1070.63
vn -0.847547 -0.222834 -0.481674
v 18.0962 -88.3559 1070.63
vn -0.102778 -0.175606 -0.979081
v 15.8028 -84.8219 1078.77
vn -0.293029 -0.198808 -0.935206
v 16.6115 -83.4695 1078.5
vn -0.595942 0.101012 -0.796649
v 16.8643 -83.0949 1078.25
vn -0.700014 0.0277789 0.713588
v 15.2546 -87.6728 1104.87
vn -0.606466 -0.0283351 0.794604
v 15.55 -87.6837 1105.09
vn 0.567439 -0.532376 0.628163
v 15.55 -87.6837 1105.09
vn -0.39278 -0.104851 -0.913636
v 17.6503 -81.7068 1077.91
vn -0.0612331 -0.239672 -0.968921
v 17.6503 -81.7068 1077.91
vn -0.412947 0.0158508 -0.910617
v 17.4077 -82.4019 1078.1
vn -0.599254 0.115904 0.792124
v 16.3025 -86.1649 1105.44
vn 0.603563 -0.454541 0.65506
v 16.3025 -86.1649 1105.44
vn -0.524636 0.10795 0.844454
v 16.3025 -86.1649 1105.44
vn -0.522053 0.142194 0.840976
v 16.6296 -85.5177 1105.56
vn -0.522053 0.142194 0.840976
v 16.8378 -85.5202 1105.69
vn 0.855131 -0.118417 0.504705
v 16.8378 -85.5202 1105.69
vn 0.344624 0.207561 0.915507
v 16.8378 -85.5202 1105.69
vn 0.344624 0.207561 0.915507
v 16.8327 -85.2022 1105.62
vn -0.518848 0.176269 0.836496
v 16.8327 -85.2022 1105.62
vn -0.083984 0.735528 0.672269
v 16.1348 -80.8671 1085.35
vn -0.123339 0.753525 0.645746
v 17.0199 -80.5795 1085.11
vn -0.0748422 0.994538 -0.0727477
v 17.2821 -83.5541 1103.48
vn 0.501955 0.818187 0.280377
v 17.2821 -83.5541 1103.48
vn 0.344624 0.207561 0.915507
v 17.313 -84.1626 1105.2
vn -0.679379 0.602552 0.418779
v 17.313 -84.1626 1105.2
vn 0.637113 0.720069 0.274933
v 17.313 -84.1626 1105.2
vn 0.0118771 -0.999727 0.0201251
v 24.7005 -109.88 974.218
vn -0.175725 -0.984092 -0.0261405
v 25.3338 -110.674 975.609
vn 0.0186248 -0.999598 0.0213618
v 24.6701 -109.859 975.135
vn 0.0490248 -0.998785 -0.00505826
v 23.7367 -109.85 976.038
vn -0.727311 -0.672896 -0.135019
v 24.2786 -109.812 977.881
vn -0.665932 -0.738409 -0.106241
v 24.2509 -110.24 980.048
vn 0.199762 -0.962643 0.182795
v 23.489 -109.724 983.617
vn 0.440053 -0.86259 0.249585
v 24.3132 -109.75 1005.63
vn 0.86867 -0.0618678 0.491512
v 23.8725 -107.645 1013.5
vn 0.684246 -0.598836 0.416175
v 23.8725 -107.645 1013.5
vn 0.865721 0.145469 0.478921
v 24.4832 -107.475 1012.74
vn -0.833799 0.547158 0.0734596
v 24.6274 -95.8954 963.918
vn -0.375207 0.923946 0.074451
v 23.3411 -93.72 960.021
vn -0.31845 0.648713 0.691203
v 23.3411 -93.72 960.021
vn -0.31845 0.648713 0.691203
v 23.687 -93.5819 960.051
vn 0.269411 0.818115 0.508042
v 23.687 -93.5819 960.051
vn -0.31845 0.648713 0.691203
v 23.5809 -92.806 959.274
vn 0.369393 0.682313 0.630871
v 23.5809 -92.806 959.274
vn -0.0181246 0.242987 0.96986
v 23.5809 -92.806 959.274
vn 0.311229 0.35905 0.879897
v 24.5442 -93.5064 959.467
vn -0.813225 0.569032 0.121931
v 24.9111 -95.1372 962.229
vn -0.726971 -0.334806 -0.599515
v 23.6499 -89.586 951.317
vn -0.891866 0.180466 -0.414737
v 22.6914 -90.9391 953.235
vn 0.182424 0.338811 0.923
v 23.8289 -92.1784 959.121
vn 0.7049 -0.273737 0.654357
v 23.8289 -92.1784 959.121
vn 0.693937 0.0282831 0.71948
v 24.0712 -91.5432 959.126
vn 0.499009 0.508042 0.702056
v 23.9847 -90.4952 958.779
vn 0.726485 -0.211694 0.653763
v 24.524 -91.7061 958.57
vn 0.037592 0.0142717 0.999191
v 22.271 -97.4176 986.045
vn -0.60315 -0.0283893 0.797123
v 22.186 -96.5141 986.081
vn -0.909415 0.274817 -0.312152
v 23.9374 -87.3136 950.813
vn -0.64033 0.764806 0.0710571
v 23.9374 -87.3136 950.813
vn -0.190027 0.923816 0.332346
v 23.9374 -87.3136 950.813
vn 0.0649214 -0.132217 0.989092
v 22.6929 -88.7187 956.247
vn -0.285703 0.388338 0.876109
v 22.6929 -88.7187 956.247
vn -0.378531 0.869503 0.317299
v 22.6587 -88.3021 956.104
vn 0.316403 0.79646 0.515306
v 23.5577 -88.3665 956.467
vn -0.379935 0.417772 0.825297
v 23.5577 -88.3665 956.467
vn -0.93462 0.260447 0.242184
v 23.9036 -89.0917 957.2
vn 0.43218 0.701541 0.566622
v 23.9036 -89.0917 957.2
vn -0.408234 0.545561 0.731921
v 23.9036 -89.0917 957.2
vn 0.0342422 -0.984467 0.172198
v 22.5466 -102.122 1029.94
vn -0.278689 0.913231 0.297225
v 21.5149 -95.2898 1013.66
vn -0.373624 0.907888 0.190116
v 21.4943 -95.6802 1015.49
vn -0.678247 0.703857 -0.211105
v 21.4943 -95.6802 1015.49
vn 0.138392 0.947181 0.289304
v 21.4943 -95.6802 1015.49
vn -0.109191 0.949195 0.295138
v 21.2077 -94.8443 1012.52
vn -0.381798 0.717041 0.583166
v 21.6434 -95.9447 1021.17
vn -0.943742 0.0858185 -0.319352
v 22.8944 -95.139 1020.11
vn -0.671683 0.737754 0.0675352
v 21.6847 -96.0724 1022.97
vn -0.965264 0.00689553 -0.261184
v 21.7188 -94.5858 1023.24
vn 0.925371 -0.101971 0.365089
v 20.5196 -100.135 1050.39
vn -0.530555 0.821072 -0.2106
v 21.3838 -94.4628 1025.09
vn -0.517926 0.229864 -0.823963
v 20.6188 -93.7121 1028.06
vn 0.189877 -0.95357 0.233776
v 21.0266 -99.0308 1050.17
vn 0.137614 -0.949751 0.281133
v 22.4165 -98.0378 1050.98
vn -0.696555 0.616873 -0.366442
v 20.528 -92.8795 1028.49
vn -0.895412 0.366028 -0.253497
v 20.1283 -89.777 1041.76
vn -0.903006 -0.347769 -0.252263
v 20.1283 -89.777 1041.76
vn -0.404359 0.770801 -0.492301
v 19.8137 -89.6725 1044.51
vn -0.482288 0.855828 -0.186969
v 20.2167 -88.7702 1045.6
vn -0.961376 0.168558 0.217586
v 20.2167 -88.7702 1045.6
vn -0.404359 0.770801 -0.492301
v 20.2167 -88.7702 1045.6
vn 0.872543 -0.43167 0.228758
v 21.4127 -93.4265 1069.47
vn -0.62894 -0.671657 -0.391549
v 20.6674 -93.9048 1075.47
vn -0.793353 0.378677 0.47665
v 19.3841 -88.7647 1052.96
vn -0.424099 0.841677 0.334245
v 19.3841 -88.7647 1052.96
vn 0.285728 0.579192 0.763476
v 19.6703 -88.4973 1052.65
vn -0.424099 0.841677 0.334245
v 19.6703 -88.4973 1052.65
vn -0.424099 0.841677 0.334245
v 20.1671 -88.9444 1054.4
vn 0.16219 0.966256 0.200108
v 20.1671 -88.9444 1054.4
vn -0.711203 0.26057 0.652912
v 19.0139 -94.05 1080.6
vn -0.689844 0.13458 0.711339
v 19.0712 -94.7292 1080.78
vn 0.0592441 0.619903 -0.782439
v 19.0712 -94.7292 1080.78
vn -0.756908 0.291359 -0.584978
v 19.0712 -94.7292 1080.78
vn -0.884659 -0.465241 -0.0304889
v 19.1634 -94.351 1080.85
vn -0.756908 0.291359 -0.584978
v 19.1634 -94.351 1080.85
vn -0.694097 -0.253763 -0.673672
v 19.1634 -94.351 1080.85
vn 0.0235249 -0.27694 -0.960599
v 19.0329 -94.3903 1081
vn -0.756908 0.291359 -0.584978
v 19.0329 -94.3903 1081
vn -0.694097 -0.253763 -0.673672
v 19.0329 -94.3903 1081
vn -0.44541 -0.709882 -0.545599
v 19.0046 -94.0523 1080.9
vn -0.863541 -0.503376 -0.0301378
v 19.0046 -94.0523 1080.9
vn -0.694097 -0.253763 -0.673672
v 19.0046 -94.0523 1080.9
vn -0.772329 0.610845 -0.174288
v 19.685 -86.9333 1066.95
vn -0.868084 0.479267 0.129358
v 18.5999 -90.2167 1088.29
vn -0.572149 0.464354 0.676033
v 18.5999 -90.2167 1088.29
vn -0.980794 0.140843 -0.13493
v 19.8615 -84.2644 1072.61
vn -0.580524 0.80716 0.107167
v 19.8615 -84.2644 1072.61
vn -0.957274 0.253398 -0.13934
v 19.9307 -84.1369 1072.02
vn -0.955535 0.254684 -0.148623
v 19.2484 -86.2426 1073.16
vn 0.484184 -0.091659 0.870152
v 18.325 -88.8059 1087.09
vn 0.572737 -0.631176 0.523059
v 20.2503 -89.0715 1098.27
vn 0.851596 -0.120226 0.510225
v 20.0382 -88.1142 1099.66
vn 0.941754 -0.191741 0.276287
v 20.0382 -88.1142 1099.66
vn 0.574548 -0.69641 0.430009
v 20.0382 -88.1142 1099.66
vn -0.958888 -0.093183 -0.26805
v 19.8304 -80.7268 1076.9
vn -0.307721 0.21768 -0.926241
v 19.6383 -80.2828 1077.59
vn -0.727751 0.464754 -0.504363
v 19.6383 -80.2828 1077.59
vn -0.743337 0.661702 -0.0979842
v 19.6991 -83.5875 1089.49
vn -0.894454 -0.094869 0.436981
v 19.6991 -83.5875 1089.49
vn -0.894454 -0.094869 0.436981
v 19.6935 -83.2913 1089.54
vn -0.729219 -0.655658 0.195838
v 19.6935 -83.2913 1089.54
vn 0.40326 0.6489 0.645221
v 19.5391 -83.3967 1090.05
vn 0.551336 0.642614 -0.532049
v 19.5391 -83.3967 1090.05
vn 0.485663 -0.550732 -0.678841
v 19.5391 -83.3967 1090.05
vn -0.910066 -0.0675469 -0.408921
v 19.5763 -83.0579 1089.89
vn 0.467861 -0.42458 -0.775137
v 19.5763 -83.0579 1089.89
vn -0.894454 -0.094869 0.436981
v 19.845 -83.3724 1089.84
vn -0.575158 -0.0156349 -0.817893
v 19.845 -83.3724 1089.84
vn 0.47793 0.625768 0.61644
v 19.845 -83.3724 1089.84
vn -0.733875 -0.656234 0.175455
v 19.845 -83.3724 1089.84
vn 0.0727939 -0.267615 0.960772
v 19.845 -83.3724 1089.84
vn 0.622883 -0.737771 0.260214
v 19.845 -83.3724 1089.84
vn -0.735967 0.0085406 -0.676963
v 19.5133 -83.7096 1090.08
vn -0.743337 0.661702 -0.0979842
v 19.5133 -83.7096 1090.08
vn -0.492709 0.870022 -0.017305
v 19.5133 -83.7096 1090.08
vn -0.997043 -0.0713152 0.0286163
v 19.5133 -83.7096 1090.08
vn -0.997043 -0.0713152 0.0286163
v 19.4937 -83.4147 1090.13
vn 0.538819 0.795807 0.276341
v 19.4937 -83.4147 1090.13
vn -0.0149409 -0.176814 0.984131
v 19.4937 -83.4147 1090.13
vn 0.0740827 -0.925535 0.371344
v 19.4937 -83.4147 1090.13
vn -0.932307 -0.354414 0.0720761
v 19.3022 -82.6998 1091.17
vn -0.917843 0.0823159 0.388315
v 19.3022 -82.6998 1091.17
vn -0.917843 0.0823159 0.388315
v 19.2295 -82.3574 1090.92
vn -0.61066 0.711148 0.348373
v 19.2295 -82.3574 1090.92
vn -0.997043 -0.0713152 0.0286163
v 19.5407 -83.7276 1090.99
vn 0.54106 0.784082 0.304088
v 19.5407 -83.7276 1090.99
vn 0.491078 -0.662838 -0.565233
v 19.6239 -83.4026 1090.13
vn -0.0149409 -0.176814 0.984131
v 19.6239 -83.4026 1090.13
vn 0.272048 -0.882283 0.384143
v 19.6239 -83.4026 1090.13
vn -0.864484 -0.474144 0.1669
v 19.4663 -82.9928 1091.19
vn 0.397351 -0.827017 0.397688
v 19.4663 -82.9928 1091.19
vn 0.856051 -0.10931 0.505202
v 19.4663 -82.9928 1091.19
vn -0.917843 0.0823159 0.388315
v 19.4075 -82.4168 1091.36
vn -0.61066 0.711148 0.348373
v 19.4075 -82.4168 1091.36
vn 0.821006 0.283134 0.495766
v 19.4075 -82.4168 1091.36
vn 0.551336 0.642614 -0.532049
v 19.8617 -83.6388 1090.09
vn -0.0149409 -0.176814 0.984131
v 19.8617 -83.6388 1090.09
vn 0.485663 -0.550732 -0.678841
v 19.8259 -83.275 1090.16
vn 0.588914 -0.727907 0.351188
v 19.8259 -83.275 1090.16
vn 0.813021 -0.00989885 0.582151
v 20.0236 -83.0689 1090.2
vn -0.360922 0.89237 -0.270944
v 17.9852 -84.2867 1094.21
vn -0.583319 0.794661 -0.168089
v 18.3263 -84.386 1093.23
vn 0.363124 0.931719 -0.0063499
v 18.2771 -84.1947 1094.24
vn 0.424207 0.871324 0.246662
v 18.6034 -84.16 1093.34
vn -0.284227 0.949918 0.129888
v 17.5818 -83.6563 1095.6
vn -0.219972 0.863871 -0.453143
v 17.5818 -83.6563 1095.6
vn 0.417672 0.908358 -0.0208893
v 17.5818 -83.6563 1095.6
vn 0.441297 0.890591 0.110023
v 17.5454 -83.9437 1097.63
vn 0.262099 0.963719 -0.0504848
v 17.5245 -84.0206 1098.53
vn 0.203655 0.970424 -0.129622
v 17.5028 -83.9784 1099.1
vn 0.820582 0.0182812 0.571236
v 19.3277 -84.6724 1100.57
vn -0.318422 0.946653 0.0495512
v 19.0924 -80.2075 1085.21
vn 0.398543 0.666657 0.629867
v 19.7637 -80.4213 1085.49
vn 0.292487 0.947273 0.130862
v 19.6797 -79.9556 1084.96
vn -0.349336 0.929867 0.115378
v 19.6741 -79.9947 1085.26
vn 0.626513 0.494934 0.602098
v 19.6741 -79.9947 1085.26
vn 0.292035 0.947551 0.129856
v 19.6741 -79.9947 1085.26
vn 0.250659 0.642166 0.724426
v 19.91 -80.7568 1085.73
vn -0.48378 0.719906 0.497687
v 19.91 -80.7568 1085.73
vn 0.317362 0.947947 -0.0260415
v 17.4039 -83.566 1101.04
vn 0.171832 0.985081 -0.00944222
v 17.3962 -83.6808 1101.63
vn -0.309742 -0.949325 0.0533103
v 27.3843 -110.094 975.789
vn 0.345795 -0.914232 0.211198
v 26.4479 -110.76 998.165
vn 0.860114 -0.34681 0.374067
v 26.0352 -107.759 1008.45
vn -0.248319 -0.96051 0.125531
v 24.6444 -106.146 1013.29
vn 0.531301 0.626438 0.570346
v 26.4316 -89.7173 955.322
vn -0.0595108 0.793039 0.606257
v 26.7579 -90.349 956.407
vn 0.545184 0.378858 0.747824
v 25.5885 -91.1033 957.489
vn -0.967881 0.204002 -0.146933
v 26.1753 -92.356 959.697
vn -0.915969 0.198398 -0.348768
v 25.926 -86.0048 946.2
vn -0.323596 0.924534 0.201301
v 26.5841 -85.3987 947.232
vn 0.228804 0.861707 0.45289
v 25.049 -87.3269 953.875
vn -0.306268 -0.951881 0.0110862
v 23.6967 -99.9343 1044.56
vn -0.143502 -0.948098 0.283755
v 23.3245 -99.9851 1046.99
vn 0.6693 -0.693898 0.2656
v 23.3245 -99.9851 1046.99
vn 0.0189589 -0.965752 0.258772
v 23.2667 -99.687 1047.95
vn 0.665908 -0.722925 0.184246
v 23.6389 -99.9252 1046.39
vn 0.21891 -0.975563 -0.0188751
v 22.0184 -93.6513 1070.05
vn 0.200729 -0.979008 -0.0353797
v 21.9312 -93.7295 1073.08
vn 0.796121 0.537912 0.277204
v 21.9879 -87.0597 1096.52
vn 0.798638 0.566344 0.203546
v 20.7639 -86.1094 1099.11
vn -0.707569 0.668324 -0.22954
v 21.406 -79.4806 1075.93
vn 0.625342 -0.687359 0.36944
v 22.3008 -82.9658 1087.2
vn 0.663632 -0.665526 0.341567
v 22.4107 -82.672 1087.56
vn 0.398596 0.796463 0.454718
v 20.1691 -83.5876 1089.75
vn 0.757836 -0.383909 0.52754
v 20.1691 -83.5876 1089.75
vn 0.632471 -0.711018 0.307301
v 20.2621 -82.9943 1089.91
vn 0.779539 -0.0498865 0.624364
v 20.2621 -82.9943 1089.91
vn 0.639928 -0.678306 0.3611
v 21.0272 -83.2544 1088.35
vn -0.111941 0.978456 0.173473
v 21.4128 -83.706 1088.89
vn 0.67041 0.239246 0.702362
v 21.7516 -82.838 1088.13
vn 0.0486718 0.962099 0.268323
v 20.186 -84.2579 1091.21
vn 0.0458431 0.994304 0.0962231
v 21.0669 -79.4907 1077.75
vn -0.19803 0.97548 -0.0960408
v 21.0008 -79.0909 1078.68
vn -0.11646 0.950225 0.28898
v 20.3839 -79.4452 1080.18
vn 0.150077 0.949929 0.274064
v 20.7491 -79.6126 1078.64
vn -0.819068 0.53392 -0.2099
v 20.9783 -78.9762 1079.06
vn -0.0233026 0.92728 0.373644
v 20.9783 -78.9762 1079.06
vn 0.0791251 0.939246 0.334
v 22.1796 -78.8401 1078.8
vn -0.48378 0.719906 0.497687
v 20.0163 -80.5068 1085.48
vn 0.109959 0.975316 0.191491
v 20.3065 -80.1046 1084.64
vn 0.123643 0.877319 0.463706
v 20.3065 -80.1046 1084.64
vn -0.96973 0.242145 0.0314641
v 20.3065 -80.1046 1084.64
vn 0.0185018 0.898941 0.43768
v 20.1823 -80.784 1086.04
vn -0.48378 0.719906 0.497687
v 20.1823 -80.784 1086.04
vn -0.276659 0.953152 0.122315
v 20.2563 -80.5329 1086.39
vn -0.61066 0.711148 0.348373
v 19.9318 -80.7093 1088.79
vn -0.451356 0.892332 0.00455944
v 19.9318 -80.7093 1088.79
vn 0.598385 0.667479 0.44318
v 19.9318 -80.7093 1088.79
vn -0.687924 -0.71363 -0.132256
v 31.181 -107.818 932.314
vn -0.918886 -0.184342 -0.348807
v 31.0395 -96.7279 921.495
vn -0.775554 0.550143 -0.30961
v 29.3439 -97.7039 924.329
vn -0.232294 -0.967378 0.101089
v 27.741 -107.695 1005.58
vn 0.42266 0.677218 0.602275
v 27.829 -87.5037 952.248
vn 0.279485 0.888302 0.364428
v 29.2495 -84.5428 946.205
vn -0.418689 0.898952 -0.128781
v 28.1337 -85.5975 965.82
vn 0.764018 -0.593868 0.252184
v 22.8714 -82.4477 1086.69
vn 0.428017 -0.902562 0.0467158
v 31.8318 -111.855 983.417
vn 0.323129 -0.93405 0.152115
v 31.1746 -111.878 985.232
vn -0.114853 -0.988522 0.0981513
v 30.3772 -102.974 1013.33
vn -0.48233 0.81525 0.320507
v 30.2303 -85.8251 947.572
vn -0.259997 0.885843 0.384295
v 30.1832 -84.8455 946.164
vn 0.302748 0.886874 0.348995
v 31.4059 -83.6733 942.125
vn -0.983622 -0.176936 0.0343852
v 28.6258 -83.2842 1030.24
vn -0.797825 0.504691 -0.329789
v 28.1988 -79.415 1037.94
vn 0.730908 0.490135 0.474911
v 27.1505 -85.0441 1082.86
vn 0.940213 0.0792005 0.33125
v 25.8765 -86.7481 1086.58
vn -0.0963687 0.98002 0.173991
v 25.7131 -77.9983 1059.62
vn -0.216891 0.970396 0.106252
v 26.8253 -76.6506 1068.28
vn -0.121543 0.981906 0.145218
v 26.8253 -76.6506 1068.28
vn -0.339569 -0.900832 -0.270545
v 37.3559 -108.59 912.454
vn -0.765167 -0.538703 -0.352588
v 35.6995 -108.609 917.303
vn -0.800092 -0.188506 -0.56949
v 34.9439 -105.608 913.257
vn -0.910951 -0.286523 -0.296771
v 35.3887 -108.733 919.105
vn -0.546244 0.807165 0.223837
v 32.6379 -83.2179 948.015
vn -0.639104 0.705795 -0.305615
v 29.5855 -80.0175 1028.4
vn -0.988203 -0.152586 0.0131463
v 28.9784 -83.0437 1041.57
vn -0.508289 0.798733 -0.321977
v 30.807 -77.583 1032.51
vn -0.0536524 0.910173 -0.410739
v 30.0691 -73.2829 1041.2
vn -0.09703 0.856346 -0.507205
v 28.6477 -74.9192 1043.32
vn -0.492367 0.485578 0.72235
v 29.4486 -74.7302 1051.9
vn -0.486308 0.631369 0.604051
v 29.6317 -75.661 1052.65
vn -0.239851 0.867641 -0.435512
v 29.2438 -71.9833 1044.46
vn -0.998636 -0.0521659 0.00220074
v 28.9816 -73.0788 1045.79
vn -0.784128 0.496291 -0.37261
v 28.5699 -70.9533 1047.38
vn -0.328362 0.818862 -0.470789
v 28.7169 -70.1545 1048.14
vn -0.995156 0.0972634 0.014271
v 28.7169 -70.1545 1048.14
vn -0.80964 0.497616 -0.311225
v 27.5346 -70.4396 1050.81
vn -0.968503 0.193267 -0.157003
v 28.7176 -68.4665 1050.88
vn -0.0488502 0.690535 0.721647
v 28.2117 -59.4149 1059.5
vn -0.672746 0.737117 0.063805
v 26.6756 -60.8184 1061.66
vn -0.940013 0.0540182 0.336835
v 26.6756 -60.8184 1061.66
vn -0.563682 0.815258 0.132727
v 27.0507 -60.2247 1060.25
vn -0.0275894 0.967014 0.253224
v 27.0416 -60.4469 1061.43
vn 0.0238386 0.86876 0.494658
v 27.3402 -60.0333 1060.29
vn -0.970119 -0.0196635 0.241831
v 26.9893 -60.9467 1062.56
vn -0.750633 -0.488127 0.44529
v 27.0167 -60.6999 1062.91
vn -0.761665 -0.42833 -0.48621
v 38.8601 -112.788 915.382
vn 0.167873 -0.974833 -0.146692
v 37.9729 -108.158 910.711
vn -0.505262 -0.76276 -0.403619
v 37.9478 -108.385 912.194
vn -0.61119 -0.724792 -0.317998
v 37.605 -108.542 913.99
vn -0.693498 -0.589617 -0.414019
v 37.9522 -109.179 914.417
vn -0.908162 -0.370859 0.194179
v 33.8212 -80.2761 992.45
vn -0.859989 0.459717 -0.221536
v 33.8212 -80.2761 992.45
vn -0.931808 0.284777 -0.225024
v 33.9694 -79.4427 994.734
vn -0.79507 0.605488 -0.0353276
v 34.0988 -79.068 1008.21
vn -0.936075 -0.246422 0.251077
v 34.1235 -81.0572 1014.26
vn -0.914688 -0.365916 0.171616
v 33.1916 -75.7119 1000.88
vn -0.372003 0.708153 -0.600111
v 33.3648 -75.5816 1000.29
vn -0.400829 0.771766 -0.493674
v 33.8394 -75.7386 999.663
vn -0.842879 0.367955 -0.392637
v 33.633 -75.2986 1000.52
vn -0.368625 0.787283 -0.494268
v 33.0047 -75.5624 1002.12
vn -0.920833 -0.28858 0.262275
v 33.1716 -75.0334 1002.22
vn -0.630454 -0.549641 0.548108
v 32.9086 -75.6206 1005.38
vn -0.949638 -0.294059 0.108241
v 33.5757 -77.3559 1015.52
vn -0.956453 -0.0291847 -0.290422
v 32.918 -74.6554 1001.67
vn -0.52998 0.614328 -0.58457
v 32.918 -74.6554 1001.67
vn -0.341469 0.751307 -0.564744
v 32.5728 -74.7168 1003.79
vn -0.858218 0.475044 -0.194408
v 33.1474 -74.4078 1003.85
vn -0.991551 0.129508 0.00734173
v 33.0867 -73.4286 1002.81
vn -0.921201 0.25596 -0.293043
v 33.4893 -73.5205 1002.49
vn -0.933686 0.231858 -0.272898
v 33.5751 -72.6749 1002.95
vn -0.513916 0.728321 -0.453253
v 33.6834 -73.126 1002.1
vn -0.986648 -0.135963 0.0896621
v 32.4288 -74.2827 1004.47
vn -0.244218 0.851523 -0.463968
v 32.4946 -74.1144 1004.51
vn -0.914137 0.38233 -0.134824
v 32.466 -73.8432 1005.47
vn -0.276843 0.933078 -0.229615
v 32.466 -73.8432 1005.47
vn -0.648594 0.72427 0.234005
v 32.466 -73.8432 1005.47
vn -0.648594 0.72427 0.234005
v 32.5203 -73.8906 1005.77
vn -0.74008 0.32328 0.589722
v 32.5203 -73.8906 1005.77
vn -0.74008 0.32328 0.589722
v 32.975 -73.9533 1006.37
vn -0.862337 0.506317 -0.0041693
v 32.975 -73.9533 1006.37
vn -0.237141 0.920504 -0.310543
v 33.3524 -73.7418 1004.89
vn -0.74008 0.32328 0.589722
v 33.2753 -73.441 1006.47
vn -0.235115 0.952567 -0.193229
v 33.2753 -73.441 1006.47
vn -0.797742 0.600471 -0.0551511
v 33.2753 -73.441 1006.47
vn -0.934291 -0.0300918 0.355239
v 33.2752 -74.327 1006.92
vn -0.817431 0.575356 0.027797
v 33.267 -73.4527 1006.77
vn -0.675416 -0.101561 0.73041
v 33.3144 -73.4333 1007.08
vn -0.777498 0.534604 0.331204
v 33.3144 -73.4333 1007.08
vn -0.645727 0.755998 -0.107255
v 33.2068 -72.5697 1003.88
vn -0.495081 0.815923 0.298606
v 33.5052 -72.6469 1004.48
vn -0.572436 0.758801 -0.310707
v 30.327 -73.0347 1041.85
vn -0.970427 0.188833 -0.150376
v 30.8731 -72.4605 1041.96
vn -0.46309 0.754881 0.464438
v 32.2461 -75.2508 1054.59
vn 0.0509275 0.856866 0.513017
v 32.2461 -75.2508 1054.59
vn -0.573117 -0.0345921 0.818743
v 32.2277 -74.8017 1053.84
vn 0.126962 0.0337501 0.991333
v 32.2277 -74.8017 1053.84
vn -0.0415454 0.715792 0.697077
v 32.2277 -74.8017 1053.84
vn -0.955502 0.185625 -0.22926
v 30.7793 -71.892 1043.28
vn -0.507705 0.694587 -0.509691
v 30.8873 -71.2432 1043.4
vn -0.946208 0.0568036 -0.318535
v 32.0209 -67.5222 1033.42
vn -0.863424 0.337512 -0.374947
v 30.061 -70.4133 1046.89
vn -0.356682 0.930794 0.0800066
v 31.5639 -64.4333 1034.57
vn -0.762491 0.639682 -0.0970264
v 31.5639 -64.4333 1034.57
vn -0.607017 -0.312393 0.730712
v 31.7424 -63.8743 1036.85
vn -0.762491 0.639682 -0.0970264
v 31.7424 -63.8743 1036.85
vn -0.910552 0.133924 0.3911
v 31.7424 -63.8743 1036.85
vn -0.205922 0.754271 -0.623435
v 31.562 -66.097 1049.27
vn -0.255147 0.718171 -0.647402
v 30.8281 -62.8359 1053.44
vn -0.420984 0.868091 0.26304
v 28.7901 -58.976 1058.98
vn -0.373482 0.871315 0.318311
v 29.95 -58.5151 1059.08
vn 0.0214938 0.701089 0.71275
v 29.95 -58.5151 1059.08
vn 0.13026 0.812156 0.568713
v 30.5512 -58.3914 1058.76
vn -0.267939 0.536754 0.800065
v 30.5512 -58.3914 1058.76
vn 0.157218 0.985342 -0.066211
v 30.5512 -58.3914 1058.76
vn 0.0105811 -0.285987 0.958175
v 30.1296 -59.4004 1065.63
vn -0.467676 0.883838 -0.0104212
v 28.848 -59.3611 1065
vn -0.481439 0.320294 0.81586
v 28.848 -59.3611 1065
vn -0.0700154 0.93632 -0.344096
v 29.5103 -59.0377 1065.07
vn -0.504123 0.656958 0.560594
v 29.5103 -59.0377 1065.07
vn -0.0928131 0.983517 -0.155177
v 29.7945 -58.9599 1065.39
vn -0.212752 0.342339 0.915172
v 29.7945 -58.9599 1065.39
vn -0.453136 -0.691842 -0.562159
v 41.0173 -107.513 907.823
vn -0.584991 -0.724553 -0.36443
v 40.5226 -103.313 905.215
vn 0.821203 -0.161812 0.547213
v 37.1534 -97.918 1024.7
vn 0.890007 0.0232321 0.455355
v 35.5977 -98.2378 1027.36
vn -0.0985729 0.94621 -0.308171
v 36.6883 -76.5458 964.203
vn -0.789619 -0.112177 0.603257
v 36.1361 -79.4109 976.789
vn -0.881182 -0.281003 0.380204
v 36.8398 -78.9095 977.803
vn -0.86227 0.467002 -0.195959
v 35.4328 -75.0243 972.382
vn -0.00637458 -0.294219 0.955717
v 36.8093 -75.777 977.384
vn -0.569193 0.809557 -0.143656
v 34.4897 -80.2629 1016.85
vn -0.507017 0.860903 -0.0421939
v 36.5566 -71.7381 973.461
vn -0.541088 0.819113 -0.190468
v 36.6537 -71.2818 976.117
vn -0.97547 0.213868 0.0521381
v 36.6066 -70.6728 978.359
vn -0.897776 0.249983 0.362639
v 34.4654 -77.4277 1006.08
vn -0.447854 -0.450815 0.772135
v 34.4654 -77.4277 1006.08
vn -0.521561 -0.389464 0.759139
v 35.6235 -76.3305 1007.43
vn 0.288781 -0.359522 0.887327
v 35.6235 -76.3305 1007.43
vn -0.556826 0.821458 0.12309
v 35.9459 -76.6647 1007.76
vn -0.832819 -0.430702 0.34772
v 34.9294 -78.8809 1017.97
vn -0.83169 0.0640422 0.551535
v 33.9055 -74.0403 1007.38
vn -0.929949 0.350165 -0.112158
v 34.3395 -74.1413 1008.19
vn -0.848207 0.211103 0.485778
v 34.3395 -74.1413 1008.19
vn -0.539168 -0.514808 0.666536
v 34.5569 -73.5278 1008.3
vn -0.892193 0.112705 0.437365
v 34.5569 -73.5278 1008.3
vn -0.889159 0.127605 0.439446
v 34.7527 -73.9044 1008.8
vn -0.895587 0.389752 0.214516
v 33.9098 -72.47 1005.43
vn -0.706808 0.437557 0.555848
v 34.6763 -72.9233 1008.41
vn -0.940306 0.0882778 0.328681
v 34.6763 -72.9233 1008.41
vn -0.970446 -0.177426 0.163567
v 34.6064 -71.4463 1008.67
vn -0.311057 -0.187427 0.931727
v 34.9344 -72.7153 1009.1
vn -0.634003 -0.564549 0.528513
v 34.9344 -72.7153 1009.1
vn -0.415103 0.84451 -0.338368
v 35.0285 -70.6553 1009.62
vn -0.886302 -0.0501933 -0.46038
v 34.5189 -70.0414 1011.06
vn -0.541267 0.63103 -0.555726
v 34.5189 -70.0414 1011.06
vn -0.821106 -0.440842 0.36255
v 34.84 -71.1459 1010.56
vn -0.975905 -0.148576 0.159793
v 34.5569 -69.5378 1011.76
vn -0.676821 0.701533 -0.223081
v 34.5569 -69.5378 1011.76
vn -0.539164 0.721547 -0.434363
v 35.0478 -70.4284 1010.08
vn -0.182419 0.293308 0.938453
v 35.1176 -69.1122 1011.84
vn 0.12397 0.815864 0.564799
v 35.1176 -69.1122 1011.84
vn 0.225572 0.802641 0.552164
v 35.4142 -68.9672 1011.57
vn 0.356033 0.933898 0.032799
v 35.4142 -68.9672 1011.57
vn 0.225572 0.802641 0.552164
v 35.4243 -69.1784 1011.87
vn -0.707994 0.353686 0.61127
v 33.9765 -72.9089 1035.53
vn -0.806723 0.373579 0.457861
v 34.2062 -71.8926 1035.1
vn -0.646486 -0.199418 0.736402
v 34.2062 -71.8926 1035.1
vn -0.0428868 0.764411 0.643301
v 34.9375 -72.0307 1036
vn 0.187793 0.240617 0.95228
v 34.9375 -72.0307 1036
vn -0.615646 -0.382366 0.68904
v 34.8789 -71.3453 1035.84
vn 0.10741 -0.0267335 0.993855
v 34.8789 -71.3453 1035.84
vn -0.302176 0.952039 0.048074
v 34.9513 -72.2673 1036.27
vn -0.0629713 0.739781 0.669895
v 34.9513 -72.2673 1036.27
vn -0.131429 0.530102 0.837687
v 33.0975 -74.3878 1053.72
vn 0.497778 0.748338 0.438415
v 33.0975 -74.3878 1053.72
vn 0.495524 0.750459 0.437341
v 33.755 -75.1788 1054.32
vn 0.0436218 0.998999 0.00990504
v 33.755 -75.1788 1054.32
vn 0.784121 -0.294248 0.546417
v 34.0017 -74.1998 1053.16
vn 0.551371 0.740852 0.383574
v 34.6825 -74.9363 1052.85
vn -0.174706 -0.00307352 0.984616
v 34.3745 -69.6083 1036.12
vn -0.206225 -0.330288 0.921076
v 34.0522 -69.0264 1036.12
vn 0.0609177 -0.142254 0.987954
v 34.4903 -70.5315 1036.22
vn 0.839797 -0.355615 0.410219
v 34.1448 -72.8367 1054.18
vn -0.341533 -0.318638 0.884209
v 33.3037 -67.6952 1036.82
vn -0.599014 0.706448 0.376979
v 32.7513 -63.5772 1032.61
vn -0.971672 0.0534772 -0.230205
v 32.795 -63.2787 1032.36
vn -0.684472 0.530278 0.500303
v 32.795 -63.2787 1032.36
vn -0.344839 0.739586 -0.578013
v 33.7035 -63.5685 1031.04
vn 0.222183 0.774338 -0.592482
v 33.7035 -63.5685 1031.04
vn -0.691368 0.709992 -0.133871
v 33.7035 -63.5685 1031.04
vn -0.707052 0.689814 -0.155675
v 34.2073 -62.8703 1032.15
vn -0.322818 0.829676 0.455441
v 34.1991 -62.9806 1032.74
vn -0.471805 0.868097 0.154299
v 32.4632 -63.8076 1032.87
vn -0.115376 0.557261 0.822283
v 33.0363 -63.5072 1032.93
vn 0.503375 -0.62918 0.592238
v 34.0485 -69.5515 1057.16
vn 0.84636 -0.521339 0.108997
v 34.0485 -69.5515 1057.16
vn -0.590657 0.769441 -0.243073
v 33.283 -62.7594 1032.46
vn -0.676862 0.539512 0.500783
v 33.283 -62.7594 1032.46
vn 0.263899 0.878769 -0.397645
v 33.5851 -62.6714 1032.17
vn 0.0439222 0.940386 0.337262
v 33.5851 -62.6714 1032.17
vn -0.815646 0.553735 -0.167629
v 34.4075 -62.7274 1031.87
vn -0.706172 0.337248 -0.622563
v 34.4075 -62.7274 1031.87
vn -0.788292 0.577141 -0.213316
v 34.1912 -62.8037 1032.46
vn -0.529837 0.704833 0.471681
v 34.1912 -62.8037 1032.46
vn 0.29226 0.938728 -0.182684
v 34.1912 -62.8037 1032.46
vn -0.618479 -0.316324 0.719321
v 32.5309 -63.161 1038.44
vn -0.885613 0.159341 0.436234
v 32.5003 -62.7611 1038.24
vn -0.395045 0.858829 -0.326116
v 32.5003 -62.7611 1038.24
vn -0.277849 0.0207035 0.960402
v 32.7384 -62.5527 1038.58
vn -0.443332 0.895584 0.0372198
v 32.7384 -62.5527 1038.58
vn -0.277233 0.435902 0.856231
v 32.7384 -62.5527 1038.58
vn 0.000124703 -0.406651 0.913584
v 33.1514 -63.468 1038.79
vn 0.867365 -0.265675 0.420826
v 33.0974 -67.1335 1061.13
vn 0.503375 -0.62918 0.592238
v 33.8716 -67.6546 1059.33
vn 0.804622 -0.251147 0.53806
v 33.8733 -66.171 1059.59
vn 0.963287 0.240516 0.119291
v 33.6748 -65.6485 1059.99
vn 0.528812 -0.485291 0.696312
v 33.6748 -65.6485 1059.99
vn 0.709299 -0.274994 0.649055
v 32.4091 -66.3912 1061.66
vn 0.726121 -0.364515 0.582989
v 31.4076 -65.797 1063.02
vn 0.209456 -0.592661 0.777741
v 31.9833 -65.3549 1062.57
vn 0.709299 -0.274994 0.649055
v 31.9833 -65.3549 1062.57
vn 0.971469 0.0339139 0.234729
v 31.9833 -65.3549 1062.57
vn 0.86018 -0.117455 0.496281
v 32.7868 -64.4567 1063.13
vn 0.776646 -0.0876925 0.623803
v 31.8837 -61.7794 1064.79
vn 0.805507 -0.358144 0.472114
v 31.07 -62.8344 1065.02
vn 0.479431 -0.35939 0.800616
v 31.07 -62.8344 1065.02
vn 0.988995 0.0635135 0.133625
v 31.3506 -62.5272 1064.78
vn 0.813561 -0.430454 0.390932
v 31.3162 -62.2747 1065.13
vn 0.479431 -0.35939 0.800616
v 31.3162 -62.2747 1065.13
vn 0.157218 0.985342 -0.066211
v 31.4794 -58.5578 1058.49
vn -0.42772 0.852427 0.300708
v 31.4794 -58.5578 1058.49
vn 0.157218 0.985342 -0.066211
v 32.0568 -58.5888 1059.4
vn -0.42772 0.852427 0.300708
v 32.0568 -58.5888 1059.4
vn -0.42772 0.852427 0.300708
v 32.6588 -58.3076 1059.46
vn 0.436751 0.860809 -0.261259
v 32.6588 -58.3076 1059.46
vn -0.0047816 0.992891 -0.118928
v 33.1677 -58.8013 1059.07
vn -0.131705 -0.567129 0.81303
v 31.9986 -59.7332 1064.68
vn -0.148479 0.42933 0.890859
v 31.9358 -59.0946 1064.79
vn 0.756454 0.420935 0.50059
v 31.9358 -59.0946 1064.79
vn -0.121635 -0.529299 0.839671
v 31.9553 -59.346 1064.92
vn -0.170007 0.444105 0.879698
v 31.9553 -59.346 1064.92
vn 0.796292 0.316685 0.515393
v 31.9553 -59.346 1064.92
vn -0.170007 0.444105 0.879698
v 32.2304 -59.0267 1064.81
vn -0.801843 0.237944 0.548116
v 32.2304 -59.0267 1064.81
vn -0.191398 0.458521 0.867828
v 32.2532 -59.3265 1064.97
vn -0.82739 0.274221 0.490132
v 32.2532 -59.3265 1064.97
vn -0.0943614 -0.68466 0.722729
v 32.7067 -60.6122 1063.92
vn 0.467987 -0.484713 0.738946
v 32.5495 -59.3269 1065.14
vn 0.479431 -0.35939 0.800616
v 30.9476 -61.7097 1065.6
vn 0.795904 0.0110956 0.605321
v 30.9476 -61.7097 1065.6
vn 0.835252 0.015163 0.549659
v 30.8617 -60.817 1065.7
vn 0.709299 -0.274994 0.649055
v 31.2252 -61.2905 1065.12
vn 0.941452 0.0412062 0.334619
v 31.2252 -61.2905 1065.12
vn 0.826995 -0.0511078 0.559881
v 31.1085 -60.127 1065.4
vn 0.2375 -0.227685 0.944327
v 31.1085 -60.127 1065.4
vn 0.723014 -0.030345 0.690167
v 31.6421 -59.7475 1065.28
vn -0.181269 0.940744 -0.286605
v 32.5069 -58.8708 1065.15
vn 0.296972 0.932657 0.204838
v 32.5069 -58.8708 1065.15
vn 0.22802 0.639545 0.734159
v 32.5069 -58.8708 1065.15
vn 0.446729 -0.416925 0.791585
v 32.519 -59.0525 1065.3
vn -0.848526 0.309036 0.429535
v 32.519 -59.0525 1065.3
vn 0.22802 0.639545 0.734159
v 32.519 -59.0525 1065.3
vn 0.614134 0.662289 0.4292
v 32.8815 -58.9867 1065.13
vn 0.22802 0.639545 0.734159
v 32.8815 -58.9867 1065.13
vn -0.00410555 0.38956 0.920992
v 31.2864 -58.8115 1065.44
vn 0.660107 0.408825 0.630175
v 31.2864 -58.8115 1065.44
vn -0.787048 0.469653 -0.399977
v 49.0819 -126.162 826.574
vn -0.770888 0.506177 -0.386675
v 48.7218 -125.568 828.2
vn -0.734418 0.526699 -0.42804
v 47.7805 -121.329 836.564
vn -0.878933 0.45352 -0.147636
v 47.4314 -122.619 838.462
vn -0.967588 0.248437 0.0452978
v 47.9972 -120.279 837.67
vn -0.992183 -0.110231 -0.0585059
v 42.6818 -103.67 901.525
vn -0.992183 -0.110231 -0.0585059
v 42.6483 -103.69 902.13
vn -0.992183 -0.110231 -0.0585059
v 42.6308 -103.448 901.971
vn -0.814049 -0.400845 -0.420295
v 43.015 -104.093 902.368
vn 0.236605 0.971593 0.00502339
v 40.8078 -74.6773 923.145
vn -0.126857 0.945358 0.300342
v 40.8078 -74.6773 923.145
vn 0.328158 0.937324 0.117203
v 41.1046 -74.8241 923.733
vn -0.126857 0.945358 0.300342
v 41.1046 -74.8241 923.733
vn 0.633691 0.736927 0.235315
v 41.1069 -74.3657 922.291
vn -0.126857 0.945358 0.300342
v 41.1069 -74.3657 922.291
vn 0.114014 0.963835 -0.24088
v 41.1069 -74.3657 922.291
vn 0.0648771 0.973456 0.219487
v 40.7782 -74.8588 924.636
vn -0.91868 -0.121513 0.375847
v 39.329 -76.9927 942.521
vn -0.73033 0.634329 -0.253467
v 39.3167 -74.7596 942.006
vn -0.61313 0.788011 -0.0557673
v 39.2749 -74.6242 942.944
vn -0.891824 0.438192 0.112417
v 39.5243 -74.4098 944.205
vn -0.952117 -0.229435 0.202069
v 40.2661 -73.8493 947.75
vn -0.169191 0.906736 -0.386271
v 38.3752 -75.9915 966.46
vn 0.501185 0.800885 -0.327715
v 38.6909 -76.0518 966.18
vn -0.955347 -0.203397 0.21434
v 37.6659 -79.3573 980.783
vn -0.785695 0.600351 0.149207
v 37.8141 -79.2041 981.727
vn -0.972933 -0.207824 0.101046
v 38.129 -79.4371 983.214
vn -0.526321 0.73548 -0.426681
v 37.6372 -74.8304 967.338
vn 0.639913 0.656896 -0.398746
v 37.6372 -74.8304 967.338
vn 0.106227 0.779123 -0.617806
v 39.6713 -74.6748 969.313
vn 0.449589 0.715586 -0.534608
v 39.6713 -74.6748 969.313
vn 0.651628 0.647497 0.395132
v 38.523 -75.8208 976.856
vn 0.601217 0.139797 0.786763
v 39.2426 -76.2425 976.182
vn -0.100915 -0.244501 0.964383
v 37.3765 -75.4408 977.529
vn 0.456696 -0.0306763 0.889094
v 37.3765 -75.4408 977.529
vn 0.425861 0.571882 0.701137
v 37.3765 -75.4408 977.529
vn 0.0743905 0.935289 0.345977
v 37.7168 -75.9301 977.739
vn 0.512127 0.647202 0.564673
v 38.005 -75.6484 977.323
vn -0.883492 0.462069 0.0770283
v 38.6672 -77.005 989.143
vn -0.454963 -0.467229 0.758093
v 37.1102 -72.8691 978.414
vn -0.0477825 -0.709248 0.703338
v 38.4003 -73.4968 977.575
vn -0.749532 0.653801 -0.103666
v 39.0911 -76.0562 992.062
vn 0.103985 0.975366 -0.194546
v 39.0911 -76.0562 992.062
vn 0.285523 0.912815 -0.291967
v 38.6235 -75.1377 994.658
vn -0.522501 0.798747 0.298321
v 36.5135 -76.2128 1007.54
vn -0.552603 0.436164 0.710205
v 37.6526 -75.7336 1008.25
vn -0.132383 0.734979 0.665042
v 37.6526 -75.7336 1008.25
vn -0.354159 0.934402 -0.0382634
v 38.2375 -75.5541 1008.29
vn -0.372197 0.92408 -0.0868618
v 38.5368 -75.4368 1008.01
vn -0.645554 0.763009 0.0328326
v 36.8701 -70.3027 979.344
vn -0.599988 0.750474 0.277133
v 37.6769 -69.7838 980.058
vn -0.228742 0.185543 0.955641
v 38.2458 -69.4411 980.128
vn 0.32154 0.273259 0.90661
v 38.2458 -69.4411 980.128
vn 0.0853447 0.800883 0.592708
v 38.2458 -69.4411 980.128
vn 0.476925 -0.448002 0.756199
v 38.2683 -69.702 980.184
vn 0.320152 0.225215 0.920207
v 38.2683 -69.702 980.184
vn 0.860579 -0.0030714 0.509308
v 38.5691 -74.0094 1004.61
vn 0.716199 0.675721 -0.17453
v 38.5691 -74.0094 1004.61
vn -0.00211017 0.212847 0.977083
v 37.6237 -75.2925 1007.87
vn 0.825814 0.387001 0.410197
v 37.4551 -73.4674 1007.84
vn 0.727544 0.629538 -0.272694
v 37.4551 -73.4674 1007.84
vn 0.901383 0.265754 0.341882
v 37.9608 -74.2937 1007.6
vn 0.815313 0.550637 -0.179062
v 37.9608 -74.2937 1007.6
vn 0.64978 0.756738 -0.0716519
v 38.5057 -74.735 1006.92
vn -0.0271971 0.829708 -0.557534
v 38.0875 -71.3274 1000.51
vn 0.8403 0.505804 -0.195083
v 38.0875 -71.3274 1000.51
vn 0.176855 0.883363 -0.434041
v 38.0371 -70.9981 1001.15
vn 0.545031 0.767678 -0.337063
v 37.5756 -70.3446 1004.34
vn 0.46903 0.505546 0.724178
v 37.5756 -70.3446 1004.34
vn 0.594629 0.687737 -0.416454
v 38.1155 -70.9273 1004.24
vn 0.194807 0.910585 -0.364535
v 37.9053 -70.1511 1002.86
vn 0.852456 0.491447 -0.178321
v 37.9053 -70.1511 1002.86
vn 0.720206 0.439672 0.536648
v 37.9011 -70.5904 1004.3
vn 0.713256 0.38939 0.582787
v 37.8744 -70.2227 1004.06
vn 0.957747 0.2601 0.122756
v 38.3312 -71.3958 1003.55
vn 0.674221 0.691719 -0.25875
v 38.3312 -71.3958 1003.55
vn 0.637656 0.122354 0.760543
v 37.4934 -70.2797 1006.79
vn 0.777839 0.609583 -0.152885
v 36.4801 -70.8708 1008.19
vn 0.623263 0.694151 -0.360136
v 36.9809 -72.7094 1008.48
vn 0.799986 0.528254 -0.284553
v 36.9809 -72.7094 1008.48
vn 0.684113 0.639438 0.350869
v 36.9809 -72.7094 1008.48
vn 0.783799 0.583251 -0.213256
v 36.9099 -72.2275 1009.17
vn 0.727544 0.629538 -0.272694
v 37.2571 -72.9804 1008.44
vn 0.811947 0.463557 0.354764
v 37.1642 -73.0415 1008.73
vn 0.914983 0.0675375 0.397799
v 37.1642 -73.0415 1008.73
vn 0.910836 0.376922 -0.168248
v 37.1642 -73.0415 1008.73
vn -0.438416 -0.661595 0.608345
v 36.1811 -73.2594 1009.41
vn 0.903608 0.073742 0.421966
v 36.8318 -72.5839 1009.41
vn 0.894497 0.0740695 0.440896
v 36.732 -71.9997 1009.52
vn 0.618513 0.723872 0.305697
v 37.9584 -70.1222 1006.52
vn 0.382907 0.340622 0.858696
v 37.7741 -69.9748 1006.54
vn 0.618513 0.723872 0.305697
v 37.7741 -69.9748 1006.54
vn -0.184008 0.971928 -0.146619
v 38.109 -70.0034 1005.93
vn 0.940072 0.193507 0.280747
v 38.109 -70.0034 1005.93
vn 0.618513 0.723872 0.305697
v 38.109 -70.0034 1005.93
vn 0.727062 0.681763 -0.0811172
v 36.3062 -70.5903 1008.24
vn 0.697295 0.323466 0.639647
v 36.3062 -70.5903 1008.24
vn 0.962225 0.187648 0.197258
v 36.4578 -70.6811 1008.84
vn 0.566563 0.796341 -0.211772
v 36.2456 -70.5223 1008.86
vn 0.914289 -0.0404213 0.40304
v 35.8967 -70.713 1010.96
vn 0.536009 0.751025 -0.385559
v 35.7973 -69.5347 1010.63
vn 0.932856 0.112992 0.342071
v 35.9545 -69.3148 1011.21
vn 0.599988 0.78942 -0.129736
v 35.7359 -69.0786 1011.25
vn 0.324769 0.780864 0.533645
v 35.7394 -69.0905 1011.55
vn 0.560585 0.82768 0.0262705
v 35.7394 -69.0905 1011.55
vn 0.948487 0.0171956 0.31635
v 36.2454 -70.0205 1010.17
vn 0.506905 0.791012 -0.34256
v 36.2454 -70.0205 1010.17
vn 0.767021 0.558601 0.315663
v 37.5181 -71.8638 1033.33
vn 0.430089 0.129622 0.893432
v 35.5325 -71.8951 1035.85
vn 0.592266 0.646917 0.480332
v 35.5325 -71.8951 1035.85
vn 0.770417 0.0178435 0.637291
v 36.2458 -71.9999 1035.11
vn 0.681023 0.511402 0.524095
v 36.2458 -71.9999 1035.11
vn 0.538581 0.705929 0.459995
v 35.5502 -72.2302 1036.28
vn -0.0790112 0.991763 -0.10081
v 35.5502 -72.2302 1036.28
vn 0.607005 0.715493 -0.345853
v 36.3361 -68.3758 1047.96
vn -0.706172 0.337248 -0.622563
v 36.1918 -63.7988 1029.27
vn -0.012331 0.884802 -0.465804
v 36.1918 -63.7988 1029.27
vn 0.785585 0.530169 -0.319026
v 36.3651 -67.7003 1052.34
vn 0.966098 0.219405 -0.13607
v 36.1756 -66.6361 1053.14
vn 0.78779 -0.369941 0.492475
v 34.5519 -68.8996 1056.37
vn 0.990422 0.0470146 0.12982
v 34.5519 -68.8996 1056.37
vn 0.84636 -0.521339 0.108997
v 34.4405 -68.823 1057.6
vn 0.977737 0.0725093 0.19691
v 34.4405 -68.823 1057.6
vn 0.679677 -0.47318 0.560482
v 34.4 -67.8843 1057.46
vn -0.943314 0.31642 -0.100189
v 34.5041 -62.4218 1031.93
vn -0.133419 0.959651 -0.247525
v 34.5041 -62.4218 1031.93
vn -0.899874 0.399718 -0.174506
v 34.4662 -62.4394 1032.23
vn -0.356635 0.934193 0.00971993
v 34.4662 -62.4394 1032.23
vn -0.289601 0.597814 0.747496
v 34.7566 -62.3288 1032.25
vn 0.212613 0.779731 0.58891
v 34.7566 -62.3288 1032.25
vn -0.540899 0.6319 -0.555096
v 35.0752 -62.4082 1031.94
vn -0.208963 0.968617 0.134595
v 35.5118 -62.2758 1031.66
vn -0.633029 0.577539 0.515484
v 35.3678 -62.3678 1032.1
vn -0.824524 0.543702 -0.156675
v 35.3678 -62.3678 1032.1
vn -0.747714 0.621235 -0.234499
v 35.6122 -62.0222 1032.01
vn -0.0996258 0.822525 0.559935
v 35.6122 -62.0222 1032.01
vn -0.633029 0.577539 0.515484
v 35.6748 -62.6675 1032.81
vn -0.0980989 0.770783 0.6295
v 35.6748 -62.6675 1032.81
vn -0.100404 0.868083 0.48616
v 35.9323 -61.8358 1031.75
vn -0.239648 0.795075 -0.557157
v 36.5367 -61.8538 1031.75
vn -0.300967 0.922426 0.241967
v 36.5351 -61.9389 1032.06
vn 0.101791 0.530317 0.841667
v 34.79 -61.6306 1038.78
vn 0.604706 0.537987 0.587283
v 35.6967 -61.4663 1038.21
vn 0.0287979 0.946816 0.320483
v 35.6967 -61.4663 1038.21
vn 0.65971 0.671445 -0.337557
v 36.0036 -66.0566 1051.72
vn 0.891422 0.416723 -0.178069
v 36.0036 -66.0566 1051.72
vn 0.96493 0.253427 0.0684465
v 36.1702 -65.3631 1053.98
vn 0.99907 -0.0193489 0.038531
v 36.1702 -65.3631 1053.98
vn 0.964935 0.0255865 0.26124
v 36.1231 -64.8833 1054.06
vn 0.916741 0.350168 -0.192269
v 36.343 -66.0451 1055.08
vn 0.980805 0.186139 0.0580847
v 35.6076 -66.1838 1057.18
vn 0.67313 0.652191 -0.348631
v 33.9744 -63.9991 1052.67
vn 0.905429 0.336587 -0.258664
v 34.7064 -63.0224 1055.29
vn 0.989971 0.127443 -0.0609634
v 36.0913 -64.4457 1056.28
vn 0.990154 -0.00502911 0.139893
v 36.0913 -64.4457 1056.28
vn 0.919821 0.361389 -0.152732
v 35.8728 -63.0874 1057.12
vn 0.522404 -0.592817 0.612912
v 34.969 -63.7781 1058.79
vn 0.893561 0.396978 -0.209662
v 34.722 -61.1698 1057.76
vn 0.905047 0.395164 -0.157276
v 34.9075 -61.746 1057.66
vn 0.411307 -0.626807 0.66177
v 34.3608 -62.3212 1060.59
vn 0.943308 -0.0430057 0.32912
v 35.3827 -60.9347 1060.25
vn 0.628057 0.763766 -0.149019
v 33.2529 -58.6888 1060.01
vn -0.0776252 0.996663 0.0252253
v 33.2529 -58.6888 1060.01
vn -0.0776252 0.996663 0.0252253
v 33.8913 -58.6472 1060.33
vn 0.714294 0.699192 -0.030249
v 33.8913 -58.6472 1060.33
vn -0.148443 0.974422 0.16872
v 33.8316 -58.7838 1061.07
vn 0.424156 0.904382 0.0467454
v 33.8316 -58.7838 1061.07
vn -0.222756 0.947992 0.227358
v 34.4244 -58.9246 1061.81
vn 0.840121 0.503625 0.201389
v 34.4074 -58.9455 1062.42
vn 0.77739 0.248998 0.577637
v 33.2017 -59.2012 1064.79
vn 0.478217 0.819219 0.316525
v 33.4489 -58.969 1064.23
vn 0.256253 0.965382 -0.0487114
v 33.4489 -58.969 1064.23
vn 0.746526 -0.321284 0.582646
v 34.1587 -59.9844 1062.84
vn 0.910273 0.321881 -0.260376
v 34.1587 -59.9844 1062.84
vn 0.842875 0.127787 0.522716
v 33.9965 -59.1619 1063.29
vn 0.910273 0.321881 -0.260376
v 33.9965 -59.1619 1063.29
vn 0.724416 0.466368 0.507664
v 34.092 -59.1881 1063.59
vn 0.309007 0.950941 -0.015051
v 34.092 -59.1881 1063.59
vn 0.910273 0.321881 -0.260376
v 34.092 -59.1881 1063.59
vn -0.977808 -0.0726408 -0.196509
v 51.6622 -127.178 818.211
vn -0.968443 -0.0872454 -0.233467
v 51.212 -127.394 820.899
vn -0.748505 -0.649679 -0.132879
v 50.6425 -127.517 823.002
vn -0.933728 -0.184653 -0.306686
v 50.6552 -127.167 822.76
vn -0.402348 -0.893411 0.199831
v 49.5327 -127.659 836.981
vn -0.707875 -0.685212 0.171458
v 50.6409 -128.254 837.5
vn -0.924418 -0.342426 0.167919
v 50.4436 -127.07 841.062
vn -0.276182 0.625569 -0.729648
v 50.1463 -117.358 837.614
vn -0.510006 0.727877 -0.458355
v 50.1463 -117.358 837.614
vn 0.30591 0.745273 -0.592441
v 50.1463 -117.358 837.614
vn -0.798975 0.582078 -0.151079
v 48.5904 -118.482 846.839
vn -0.895284 0.282017 0.344867
v 48.5904 -118.482 846.839
vn -0.18907 -0.949383 -0.250846
v 46.3064 -111.309 904.172
vn -0.244098 0.943172 -0.225481
v 43.1787 -75.4231 915.121
vn -0.74696 0.609131 -0.266478
v 42.9778 -74.9104 921.916
vn -0.630002 0.745817 -0.216459
v 40.9853 -72.6938 940.571
vn -0.151635 0.737729 -0.657847
v 42.6719 -71.2682 940.241
vn -0.158295 0.957104 -0.242684
v 40.5473 -73.5227 947.427
vn -0.368427 0.904783 -0.213609
v 40.6421 -72.5805 951.254
vn -0.932579 -0.12444 0.338838
v 40.6421 -72.5805 951.254
vn -0.706792 0.684429 0.178892
v 40.6421 -72.5805 951.254
vn -0.751268 0.553291 0.359813
v 41.0098 -72.3713 951.907
vn -0.751268 0.553291 0.359813
v 41.4608 -72.0041 952.284
vn -0.346193 0.793941 0.499808
v 41.4608 -72.0041 952.284
vn -0.756748 0.393433 0.522057
v 41.5945 -72.1252 952.569
vn -0.313302 0.670853 0.672159
v 41.5945 -72.1252 952.569
vn -0.313302 0.670853 0.672159
v 42.0487 -71.951 952.607
vn 0.583 -0.379845 0.718212
v 40.1434 -75.5085 975.995
vn 0.0462126 0.467897 0.882574
v 40.7066 -75.705 975.689
vn 0.774786 0.277621 0.568008
v 40.7066 -75.705 975.689
vn 0.68909 0.452042 0.566404
v 40.8078 -76.1444 975.917
vn 0.338139 0.912759 0.229201
v 40.8078 -76.1444 975.917
vn 0.516153 0.175662 0.838289
v 40.7875 -75.0517 975.503
vn 0.338139 0.912759 0.229201
v 41.3371 -76.1874 975.307
vn 0.338139 0.912759 0.229201
v 41.43 -76.4404 976.178
vn 0.700918 0.710887 0.0579131
v 41.43 -76.4404 976.178
vn 0.148178 0.986964 0.0628129
v 41.9962 -76.9387 978.84
vn 0.713598 0.698612 0.0521485
v 41.9962 -76.9387 978.84
vn 0.033917 0.995815 -0.0848602
v 40.2282 -76.5953 986.191
vn 0.957353 0.171298 0.232662
v 42.0253 -73.1731 972.504
vn 0.95023 0.110287 0.291376
v 41.6747 -72.7696 973.486
vn 0.921375 -0.0830962 0.379688
v 41.7212 -72.5735 974.131
vn 0.780154 0.530994 -0.330763
v 41.3814 -72.0152 974.226
vn 0.979935 0.192111 0.053108
v 41.4461 -73.1609 975.563
vn -0.227051 0.766339 -0.600976
v 39.3669 -69.8167 974.285
vn -0.558346 0.803297 -0.207277
v 39.9297 -69.4374 974.441
vn 0.158372 0.718101 -0.677679
v 39.9297 -69.4374 974.441
vn 0.81206 0.452312 -0.368744
v 41.3243 -71.4105 974.257
vn 0.733929 0.520776 -0.436051
v 41.0601 -69.686 976.467
vn 0.508497 0.725177 -0.464273
v 39.1529 -74.2324 997.571
vn 0.846445 0.498665 -0.186717
v 39.1529 -74.2324 997.571
vn 0.856538 0.515966 0.011056
v 39.1529 -74.2324 997.571
vn 0.438652 0.787017 -0.433807
v 40.0917 -74.3026 998.487
vn 0.873654 -0.300014 0.383041
v 40.0917 -74.3026 998.487
vn 0.941675 0.335617 0.0246811
v 40.0917 -74.3026 998.487
vn 0.767548 0.640671 -0.020281
v 40.6272 -75.2299 997.109
vn 0.542308 0.821869 -0.174454
v 40.854 -75.4711 998.593
vn 0.894445 0.195142 0.402353
v 40.9499 -75.1835 1000.47
vn -0.191794 0.970808 -0.144035
v 38.8424 -75.3838 1007.72
vn 0.858806 0.391797 -0.330072
v 40.7567 -68.8997 975.319
vn 0.00120754 0.999037 0.0438669
v 40.6212 -68.2175 977.638
vn 0.496209 0.85598 0.145175
v 40.6212 -68.2175 977.638
vn 0.496209 0.85598 0.145175
v 40.903 -68.4269 977.909
vn 0.798407 0.198793 0.568355
v 40.5979 -68.2552 978.497
vn 0.563247 0.824686 0.0514302
v 40.5979 -68.2552 978.497
vn 0.422094 0.875065 0.23685
v 40.9406 -68.2082 977.034
vn 0.934223 0.342145 -0.100823
v 40.9406 -68.2082 977.034
vn 0.32154 0.273259 0.90661
v 39.1695 -69.5512 979.833
vn 0.19347 0.814622 0.546773
v 39.1284 -68.935 979.316
vn 0.340478 -0.091888 0.935752
v 39.705 -69.9871 979.137
vn 0.970272 0.180623 0.161081
v 39.705 -69.9871 979.137
vn 0.233324 0.757642 0.609539
v 39.4262 -68.8039 979.039
vn -0.466497 0.670033 0.57744
v 39.4262 -68.8039 979.039
vn 0.892226 0.407735 0.194127
v 39.517 -69.1144 979.29
vn -0.463976 0.675256 0.573372
v 39.4382 -69.0215 979.305
vn 0.193318 0.00106719 0.981135
v 39.4382 -69.0215 979.305
vn 0.761749 0.610888 0.215766
v 39.4382 -69.0215 979.305
vn 0.322126 0.320622 0.89075
v 39.4786 -69.1704 979.584
vn 0.892226 0.407735 0.194127
v 39.4786 -69.1704 979.584
vn 0.73132 -0.160648 0.662845
v 39.4786 -69.1704 979.584
vn -0.466497 0.670033 0.57744
v 39.719 -68.7813 979.25
vn 0.797579 -0.0404107 0.60186
v 40.2313 -68.699 979.07
vn -0.468995 0.664775 0.581479
v 40.0719 -68.4171 979.118
vn 0.327831 0.0240686 0.94443
v 40.0719 -68.4171 979.118
vn 0.695075 0.279987 0.662177
v 40.0719 -68.4171 979.118
vn 0.0348667 0.959406 0.279865
v 40.0719 -68.4171 979.118
vn 0.0181703 0.986449 0.163061
v 40.2953 -68.2567 978.54
vn 0.887706 -0.130571 0.441508
v 39.1326 -72.8393 1001.78
vn 0.640723 0.716444 -0.27601
v 39.1326 -72.8393 1001.78
vn 0.866266 -0.310159 0.391643
v 39.4629 -73.2367 1000.76
vn 0.926651 0.125015 0.354527
v 39.6842 -72.9454 1002.69
vn 0.946808 0.309065 0.0896269
v 38.9461 -71.3501 1002.05
vn 0.71839 0.69444 -0.0408586
v 38.5458 -70.7315 1003.38
vn 0.674716 0.555855 -0.485576
v 38.5452 -71.9042 1016.57
vn 0.887287 0.200936 0.415147
v 39.5021 -73.8764 1025.07
vn 0.925212 0.328601 -0.189749
v 39.5021 -73.8764 1025.07
vn 0.87141 -0.405641 0.275863
v 39.5021 -73.8764 1025.07
vn 0.696072 -0.502475 0.512838
v 39.9832 -73.6249 1023.92
vn 0.92953 -0.292588 0.224423
v 39.9832 -73.6249 1023.92
vn 0.963221 0.265517 0.0412919
v 40.0571 -74.4362 1026.81
vn 0.674716 0.555855 -0.485576
v 40.0058 -70.5121 1020.19
vn 0.979563 0.196533 -0.0427894
v 40.0058 -70.5121 1020.19
vn 0.676666 0.684535 -0.271172
v 40.0058 -70.5121 1020.19
vn 0.620852 0.783775 -0.0154393
v 39.4811 -73.8618 1028.43
vn 0.772454 -0.41668 0.479263
v 39.4811 -73.8618 1028.43
vn 0.955941 -0.249611 0.154502
v 39.4524 -72.3466 1027.48
vn 0.877787 -0.41125 0.245691
v 39.4524 -72.3466 1027.48
vn 0.482002 0.875433 0.0359356
v 38.4405 -73.1774 1033.41
vn -0.00393457 0.967003 -0.254735
v 37.7613 -72.8814 1034.98
vn 0.944793 0.312268 -0.0992759
v 39.9043 -69.7363 1020.94
vn 0.0911508 0.848652 -0.521038
v 39.9043 -69.7363 1020.94
vn 0.211484 0.837456 -0.503927
v 39.9956 -69.8852 1021.83
vn 0.80083 -0.342371 0.491379
v 38.8743 -70.8817 1032
vn 0.902265 0.392708 0.178038
v 38.5181 -72.6626 1038.38
vn 0.927464 0.277833 0.25024
v 38.6387 -72.5465 1037.79
vn 0.922918 0.350758 0.158719
v 38.0965 -71.9165 1039.12
vn 0.817679 0.570295 0.0785218
v 37.799 -71.648 1039.77
vn 0.838572 -0.361476 0.407593
v 37.5877 -74.6857 1045.93
vn -0.0768868 0.784977 -0.614735
v 39.7283 -67.8677 1024.63
vn -0.0790733 0.775246 -0.626691
v 39.6886 -67.5605 1024.99
vn 0.665263 0.475179 -0.575873
v 39.6677 -69.2773 1030.77
vn 0.623704 0.575779 -0.528651
v 39.6748 -68.8181 1031.16
vn 0.913419 0.128697 0.386137
v 39.1706 -68.0293 1033.34
vn 0.974788 0.203909 -0.0906084
v 39.1706 -68.0293 1033.34
vn 0.908298 -0.071811 0.412114
v 39.8392 -68.3668 1032.16
vn 0.934673 0.314371 0.166006
v 38.5515 -71.248 1045.95
vn 0.923487 -0.171267 0.343277
v 38.5515 -71.248 1045.95
vn 0.942331 0.319746 0.0988708
v 38.5515 -71.248 1045.95
vn 0.753679 -0.413391 0.510956
v 37.5903 -70.8142 1048.15
vn 0.976143 0.216388 -0.0179341
v 37.5151 -70.577 1048.49
vn 0.964644 -0.0535097 0.258067
v 37.5151 -70.577 1048.49
vn 0.964049 0.255912 0.0715449
v 38.0413 -72.046 1046.71
vn 0.38189 0.746885 -0.544356
v 38.4301 -64.6309 1027.63
vn 0.0545177 0.810068 -0.583796
v 39.4423 -65.7323 1027.44
vn 0.879048 0.0730885 0.471097
v 38.7602 -66.3032 1033.73
vn 0.914858 0.400004 -0.055062
v 38.7602 -66.3032 1033.73
vn 0.975665 0.10356 0.19327
v 39.0958 -67.3195 1034.47
vn 0.864375 0.485176 -0.132136
v 36.8786 -68.8258 1051.24
vn 0.918621 0.394768 0.0171382
v 37.1877 -68.3268 1049.5
vn 0.940151 0.336413 0.05425
v 37.7179 -69.7205 1048.95
vn 0.929521 -0.040571 0.366531
v 37.7179 -69.7205 1048.95
vn 0.909469 0.386027 -0.154433
v 38.9084 -64.7579 1032.01
vn 0.558505 -0.417304 0.716889
v 38.895 -63.0616 1032.79
vn 0.951747 0.306801 -0.00707054
v 39.326 -62.9691 1032.51
vn 0.464588 0.738703 -0.48834
v 39.1195 -62.4818 1031.37
vn 0.923818 0.355892 -0.141071
v 38.4507 -62.9635 1033.71
vn 0.678162 -0.165506 0.716034
v 38.2225 -65.2562 1036.16
vn 0.885598 0.464434 -0.00413956
v 38.2225 -65.2562 1036.16
vn 0.957438 -0.00243605 0.288627
v 36.9635 -68.3251 1051.02
vn 0.683281 -0.464871 0.563047
v 36.9635 -68.3251 1051.02
vn 0.943109 -0.0338185 0.33076
v 36.9477 -67.7332 1051.13
vn -0.342143 0.865509 0.365832
v 37.389 -61.3297 1031.86
vn 0.233405 0.858732 -0.456181
v 37.389 -61.3297 1031.86
vn 0.391144 0.775981 -0.494833
v 37.7744 -61.9244 1030.94
vn 0.342551 0.935808 0.0832029
v 38.2917 -61.4142 1032.16
vn 0.72304 0.551248 0.416339
v 38.2916 -62.2029 1034.52
vn 0.974026 -0.0321456 0.224143
v 38.2916 -62.2029 1034.52
vn 0.5657 -0.189904 0.802447
v 38.5792 -61.6604 1033.34
vn 0.575057 0.801168 0.16565
v 38.5792 -61.6604 1033.34
vn 0.886251 0.0356994 0.461828
v 37.1561 -63.0672 1037.03
vn 0.598708 0.739845 0.306884
v 36.9764 -61.6447 1036.37
vn -0.348488 0.833337 0.429076
v 52.7098 -125.298 813.371
vn -0.459324 0.86958 0.18125
v 52.5478 -126.121 815.659
vn -0.288375 0.951534 0.106877
v 52.3899 -126.358 817.443
vn -0.176093 0.981205 -0.0789182
v 51.8367 -126.754 821.022
vn -0.982692 -0.122156 0.139266
v 50.9604 -124.267 851.425
vn -0.955812 0.285463 0.0702401
v 52.2944 -124.135 856.593
vn 0.671228 0.527969 -0.52029
v 50.6605 -119.11 836.006
vn 0.699201 0.431467 -0.570048
v 50.5984 -118.574 836.401
vn 0.285924 0.728113 -0.622975
v 50.5984 -118.574 836.401
vn 0.816553 0.26717 -0.511724
v 51.0257 -118.061 837.196
vn 0.143518 0.717902 -0.681189
v 51.4629 -118.49 837.431
vn -0.586481 -0.690632 0.423164
v 50.705 -120.608 851.366
vn -0.197772 0.73315 -0.650674
v 51.5875 -117.089 838.933
vn 0.0971729 0.579253 -0.809335
v 51.5875 -117.089 838.933
vn -0.665521 0.594528 -0.451241
v 51.5875 -117.089 838.933
vn -0.451774 0.757353 -0.471505
v 52.0929 -116.188 839.376
vn 0.389856 0.741285 -0.546359
v 50.7695 -113.112 843.664
vn 0.0165126 0.853578 -0.520703
v 50.3764 -108.432 852.016
vn -0.209042 0.811621 -0.545502
v 50.8154 -105.039 856.844
vn -0.19899 0.974847 -0.100376
v 45.002 -73.7585 921.237
vn -0.402954 0.900314 -0.164506
v 43.768 -73.6581 921.846
vn 0.18568 0.976363 0.110628
v 44.8663 -73.8254 925.795
vn -0.596786 0.79934 -0.0700126
v 45.3173 -74.6959 933.265
vn -0.103275 0.974985 0.196822
v 44.0991 -74.9493 934.422
vn 0.60572 0.411081 0.68126
v 45.3384 -77.9239 951.89
vn 0.31225 0.8507 -0.422859
v 44.8522 -79.4198 962.283
vn -0.379667 0.0748462 0.922091
v 43.7581 -76.8382 951.002
vn -0.402962 0.148694 0.903057
v 43.7633 -76.2169 950.954
vn 0.429124 0.850617 -0.303815
v 44.3472 -78.9064 962.978
vn 0.941115 0.332473 0.0613468
v 44.3472 -78.9064 962.978
vn 0.959323 0.223953 0.171883
v 43.9278 -78.6321 966.373
vn 0.858413 0.512226 0.0274166
v 43.709 -77.8422 965.251
vn -0.656758 0.709768 0.25475
v 43.2111 -70.8175 940.939
vn -0.666868 0.73366 0.1305
v 43.4883 -70.4751 940.7
vn -0.602838 0.522098 0.603324
v 43.7654 -70.3261 941.035
vn 0.0688451 0.889407 -0.451902
v 43.7654 -70.3261 941.035
vn -0.317395 0.570387 -0.757574
v 43.7654 -70.3261 941.035
vn -0.854121 0.440024 -0.277231
v 44.0533 -70.2862 941.351
vn 0.976445 0.192075 0.0982995
v 42.9018 -76.8363 968.813
vn 0.711716 0.702097 -0.0227831
v 42.5853 -77.4531 971.137
vn -0.581564 0.682078 0.443343
v 44.3263 -69.9024 941.119
vn -0.854121 0.440024 -0.277231
v 44.3263 -69.9024 941.119
vn -0.384533 0.707971 -0.592377
v 44.5235 -69.0363 941.887
vn -0.674306 0.000126244 0.738452
v 44.5235 -69.0363 941.887
vn -0.498615 0.658046 0.564232
v 42.654 -71.9782 952.611
vn -0.266017 0.516948 0.813633
v 42.9521 -72.0635 952.973
vn 0.0428489 0.979826 0.195203
v 42.9521 -72.0635 952.973
vn -0.498615 0.658046 0.564232
v 42.9521 -72.0635 952.973
vn -0.695022 0.715067 0.0749877
v 42.9521 -72.0635 952.973
vn -0.383791 0.8871 -0.256434
v 43.2326 -71.8309 952.95
vn -0.730749 0.645766 0.221342
v 44.3166 -70.9042 954.096
vn -0.341906 0.935459 -0.0895346
v 44.3166 -70.9042 954.096
vn -0.185079 0.47572 0.859905
v 44.3166 -70.9042 954.096
vn 0.978895 0.0832627 0.186631
v 42.7364 -75.3757 971.511
vn 0.979977 0.190502 0.0579159
v 42.6371 -74.6272 970.729
vn 0.689845 0.723867 0.0114366
v 42.0721 -77.7337 988.453
vn 0.324565 0.942118 0.084097
v 42.0721 -77.7337 988.453
vn 0.167612 0.985848 -0.00327139
v 43.1286 -76.4167 1015.53
vn 0.203108 0.975176 -0.0881997
v 42.8941 -76.3926 1016.14
vn 0.335332 0.92131 -0.196827
v 42.6426 -76.1307 1017.09
vn 0.875064 0.46506 0.134098
v 42.3542 -75.3378 1019.37
vn 0.986167 -0.0521389 0.157339
v 42.0367 -74.7831 1019.51
vn 0.825836 -0.385138 0.411903
v 42.0367 -74.7831 1019.51
vn 0.772974 -0.462173 0.434634
v 41.9381 -73.2651 1021.25
vn 0.560948 0.818752 0.122404
v 41.1334 -75.0331 1022.15
vn 0.78539 -0.381029 0.487831
v 41.0186 -74.4225 1022.09
vn 0.97319 0.215148 0.0813211
v 41.3382 -71.934 1023.77
vn 0.735382 0.539482 -0.410088
v 40.5817 -69.7421 1022.17
vn 0.77937 0.604074 -0.166365
v 40.3657 -69.3983 1026.19
vn 0.986959 0.160966 -0.00170239
v 40.3657 -69.3983 1026.19
vn 0.56255 -0.458471 0.687999
v 40.667 -69.3994 1028.09
vn 0.805619 0.189643 0.561261
v 40.619 -68.9878 1028.4
vn 0.737333 -0.555111 0.384957
v 41.0349 -69.8635 1027.34
vn 0.177101 -0.796276 0.578428
v 41.0349 -69.8635 1027.34
vn 0.734067 -0.355259 0.578737
v 41.0349 -69.8635 1027.34
vn 0.686645 0.628246 -0.365822
v 40.3188 -67.7449 1024.66
vn 0.848489 0.511945 -0.134086
v 40.3452 -67.6545 1024.98
vn 0.986959 0.160966 -0.00170239
v 40.2289 -68.5389 1028.17
vn 0.809422 0.400031 -0.429898
v 40.2289 -68.5389 1028.17
vn 0.964344 -0.0654251 0.256437
v 40.3045 -68.9142 1028.6
vn -0.141505 -0.768279 0.624279
v 40.3045 -68.9142 1028.6
vn 0.361774 -0.537838 0.761478
v 40.3045 -68.9142 1028.6
vn 0.557547 0.146756 0.81707
v 40.3045 -68.9142 1028.6
vn 0.876409 -0.0809364 0.474718
v 40.4066 -68.5749 1028.47
vn 0.459119 0.872591 -0.166719
v 40.4066 -68.5749 1028.47
vn 0.703816 0.24796 0.665702
v 40.4066 -68.5749 1028.47
vn 0.932654 0.256493 0.253708
v 40.6964 -68.7922 1028.13
vn 0.973329 -0.228881 -0.0156382
v 39.9569 -68.8444 1031.47
vn 0.201557 0.807361 -0.554565
v 39.6071 -64.7521 1028.91
vn 0.894145 -0.215765 0.392365
v 39.5688 -64.4645 1030.72
vn 0.969784 0.243286 -0.0181906
v 39.5688 -64.4645 1030.72
vn 0.986959 0.160966 -0.00170239
v 39.5688 -64.4645 1030.72
vn 0.809422 0.400031 -0.429898
v 39.5688 -64.4645 1030.72
vn 0.518313 -0.620049 0.588975
v 39.5688 -64.4645 1030.72
vn 0.629874 0.629409 -0.455086
v 53.1097 -117.432 839.473
vn 0.968027 -0.208014 -0.140193
v 52.7769 -117.038 839.305
vn 0.968027 -0.208014 -0.140193
v 53.0128 -116.568 840.236
vn 0.734222 -0.537919 0.414199
v 53.0128 -116.568 840.236
vn 0.978308 -0.200414 0.0524236
v 53.0128 -116.568 840.236
vn 0.68365 0.378987 -0.623692
v 52.8903 -115.391 840.433
vn -0.557586 0.666873 -0.494346
v 54.1785 -116.335 840.599
vn 0.973277 -0.229621 0.00239589
v 53.0815 -115.882 841.579
vn 0.641856 0.608254 -0.466956
v 53.0815 -115.882 841.579
vn 0.837098 0.265427 -0.478348
v 53.3703 -115.453 841.05
vn 0.690405 -0.619869 0.372965
v 53.3703 -115.453 841.05
vn 0.90959 -0.407417 -0.081596
v 53.1663 -115.64 841.99
vn 0.540275 -0.547496 -0.639023
v 53.1663 -115.64 841.99
vn -0.48296 0.68438 -0.546236
v 53.4919 -115.93 842.08
vn 0.915424 0.132711 -0.379981
v 53.4471 -115.219 841.398
vn 0.540275 -0.547496 -0.639023
v 53.4612 -115.658 842.255
vn 0.0194006 -0.576868 -0.816607
v 53.4612 -115.658 842.255
vn -0.572095 0.39836 -0.71695
v 53.4612 -115.658 842.255
vn -0.519321 -0.197655 -0.831407
v 53.4612 -115.658 842.255
vn -0.055276 0.453137 -0.889726
v 54.0645 -115.526 841.847
vn -0.519321 -0.197655 -0.831407
v 54.0645 -115.526 841.847
vn 0.500434 0.756163 -0.421644
v 54.3463 -115.267 841.707
vn 0.175596 0.779195 -0.601682
v 54.8656 -116.17 842.467
vn 0.421745 0.423461 -0.801755
v 54.8656 -116.17 842.467
vn 0.501209 0.660178 -0.559423
v 54.8682 -115.716 841.634
vn 0.991335 -0.130606 0.0140214
v 54.8682 -115.716 841.634
vn 0.151899 0.855533 -0.494964
v 53.4168 -114.905 841.435
vn 0.711649 0.629296 -0.31232
v 53.4168 -114.905 841.435
vn 0.540275 -0.547496 -0.639023
v 53.5919 -114.944 841.754
vn 0.0194006 -0.576868 -0.816607
v 53.5919 -114.944 841.754
vn 0.875552 0.138547 -0.462831
v 53.5919 -114.944 841.754
vn 0.711649 0.629296 -0.31232
v 53.5919 -114.944 841.754
vn 0.589152 0.155058 -0.793005
v 53.5919 -114.944 841.754
vn 0.711649 0.629296 -0.31232
v 53.3829 -114.672 841.827
vn 0.345243 0.480979 -0.805895
v 53.3829 -114.672 841.827
vn -0.055276 0.453137 -0.889726
v 53.7356 -115.279 841.994
vn -0.519321 -0.197655 -0.831407
v 53.7356 -115.279 841.994
vn 0.649587 -0.238366 -0.721954
v 53.7356 -115.279 841.994
vn -0.631584 0.300134 -0.714857
v 54.0041 -114.971 842.134
vn 0.676643 -0.0217534 -0.73599
v 54.0041 -114.971 842.134
vn -0.227845 0.152181 -0.961732
v 54.0041 -114.971 842.134
vn 0.44179 0.86318 -0.244421
v 54.0041 -114.971 842.134
vn 0.479616 -0.120601 -0.869151
v 54.0041 -114.971 842.134
vn -0.147861 0.833308 -0.532668
v 53.9462 -114.383 842.24
vn -0.227845 0.152181 -0.961732
v 53.9462 -114.383 842.24
vn -0.227845 0.152181 -0.961732
v 54.2448 -114.332 842.178
vn 0.479616 -0.120601 -0.869151
v 54.2448 -114.332 842.178
vn 0.8471 0.455988 -0.272941
v 54.2448 -114.332 842.178
vn 0.355823 0.839906 -0.409815
v 54.2448 -114.332 842.178
vn -0.978 -0.0243705 0.207174
v 52.5044 -117.543 859.238
vn -0.972613 0.184967 0.140749
v 52.5044 -117.543 859.238
vn -0.957218 -0.146038 0.249812
v 53.3931 -118.476 861.54
vn -0.979196 0.200649 0.030248
v 53.1748 -116.979 863.329
vn 0.408096 0.813175 -0.414973
v 53.8671 -111.856 846.925
vn 0.515743 0.749403 -0.415216
v 51.8813 -110.418 848.33
vn -0.209591 0.840459 -0.4997
v 53.1228 -110.981 848.857
vn -0.28277 0.800399 -0.528586
v 53.6099 -110.095 849.937
vn -0.580176 -0.800158 0.152128
v 53.4256 -115.742 882.366
vn -0.696016 0.66258 -0.276676
v 50.3358 -101.644 878.834
vn 0.0272951 0.993009 -0.114839
v 48.0232 -73.304 919.663
vn -0.00506124 0.999094 0.0422528
v 46.3359 -72.9678 924.446
vn 0.59413 0.335835 0.730907
v 45.6148 -77.4781 951.364
vn -0.011986 0.99143 -0.130089
v 44.7498 -77.9435 980.529
vn 0.343525 0.938032 0.0456845
v 44.7498 -77.9435 980.529
vn -0.9277 0.3233 -0.186684
v 45.2639 -68.7623 942.556
vn 0.433129 0.69031 0.579544
v 45.2639 -68.7623 942.556
vn -0.418627 0.745375 -0.518813
v 45.057 -68.4347 942.32
vn 0.36019 0.798566 -0.48224
v 45.057 -68.4347 942.32
vn 0.433129 0.69031 0.579544
v 45.057 -68.4347 942.32
vn -0.351589 0.893054 0.280784
v 45.4068 -69.0756 942.676
vn -0.9277 0.3233 -0.186684
v 45.3751 -68.6016 942.282
vn 0.433129 0.69031 0.579544
v 45.3751 -68.6016 942.282
vn -0.484356 0.00449878 0.874859
v 45.351 -68.4628 942.642
vn 0.623778 0.742408 -0.244399
v 45.351 -68.4628 942.642
vn -0.276916 0.0281552 0.960482
v 45.9916 -68.9357 942.84
vn -0.25069 0.965543 0.0698603
v 45.9916 -68.9357 942.84
vn -0.351589 0.893054 0.280784
v 46.2784 -68.8842 943.159
vn -0.826512 0.472232 0.306392
v 46.2784 -68.8842 943.159
vn -0.431419 0.767049 0.474881
v 46.2852 -69.0507 943.434
vn 0.312579 0.382628 0.869419
v 47.2487 -71.3561 953.093
vn 0.569488 0.784591 0.245155
v 47.0445 -70.6667 952.909
vn 0.569488 0.784591 0.245155
v 47.0434 -70.8175 953.394
vn 0.0322127 0.954424 0.296711
v 47.0434 -70.8175 953.394
vn -0.185079 0.47572 0.859905
v 45.5084 -70.8247 954.309
vn 0.478705 -0.015555 0.877838
v 46.0719 -70.3548 954.17
vn 0.569488 0.784591 0.245155
v 46.0719 -70.3548 954.17
vn -0.185079 0.47572 0.859905
v 46.0719 -70.3548 954.17
vn 0.708109 0.702658 0.0696727
v 45.5127 -77.2098 1023.04
vn -0.0526253 -0.995662 -0.0767261
v 58.0881 -132.013 819.867
vn 0.10854 0.834654 0.539974
v 58.0483 -123.457 814.997
vn 0.584255 0.795145 -0.162451
v 56.8651 -122.858 831.851
vn 0.864511 0.488179 -0.11959
v 56.6046 -121.487 835.445
vn 0.939988 0.317326 -0.125406
v 56.3783 -120.339 837.476
vn 0.661641 0.63104 -0.404993
v 56.6604 -119.837 839.094
vn 0.996987 0.0759982 0.0155622
v 57.6603 -121.076 838.887
vn 0.999216 0.0337328 -0.0207245
v 57.6126 -120.592 839.582
vn 0.701315 0.645173 -0.303165
v 57.6128 -120.715 840.17
vn 0.783488 0.50904 -0.356407
v 55.7956 -117.655 841.001
vn 0.503227 0.499925 -0.704867
v 55.0787 -115.609 842.876
vn -0.0649893 0.77802 -0.62487
v 55.274 -115.895 842.827
vn 0.870944 0.361133 -0.333226
v 55.8809 -115.939 842.828
vn 0.952491 0.190378 -0.237732
v 54.9204 -115.284 842.683
vn 0.479616 -0.120601 -0.869151
v 54.9204 -115.284 842.683
vn 0.81721 0.528553 -0.22978
v 56.1637 -113.652 846.29
vn -0.108947 -0.991769 0.0672632
v 55.2887 -118.333 878.662
vn -0.889909 0.455438 -0.0252539
v 54.6299 -117.407 880.342
vn 0.112367 -0.988929 0.0969219
v 55.2568 -118.299 879.582
vn -0.897126 -0.422651 0.128574
v 56.1848 -118.543 879.552
vn -0.524786 -0.851172 -0.0103335
v 54.8584 -118.083 882.053
vn -0.0308352 -0.983547 0.177999
v 54.8584 -118.083 882.053
vn -0.266986 -0.893375 0.361387
v 54.8112 -117.826 882.803
vn -0.920472 0.3884 0.0433176
v 54.529 -117.487 882.46
vn -0.989013 0.120989 0.0849446
v 55.1527 -116.557 884.464
vn -0.813855 -0.556336 0.167722
v 53.7433 -114.96 885.034
vn -0.740972 -0.652582 0.158419
v 54.8149 -115.35 884.98
vn -0.571381 -0.819925 -0.0353114
v 54.1333 -115.341 897.164
vn -0.0375941 -0.980534 0.192716
v 53.1134 -114.933 899.66
vn -0.214699 0.800583 -0.559438
v 55.492 -103.884 858.103
vn -0.23365 0.781428 -0.5786
v 53.5837 -101.048 862.528
vn -0.280677 0.851917 -0.442107
v 52.6694 -99.0365 866.533
vn 0.461676 -0.882362 0.0910669
v 52.4352 -110.423 937.033
vn -0.992516 0.0243705 0.119657
v 53.0318 -96.5399 873.995
vn -0.594251 0.633766 -0.495183
v 50.2568 -80.7984 899.316
vn 0.134117 0.98827 -0.0730466
v 49.0864 -75.0516 910.092
vn 0.315255 0.70018 -0.640596
v 48.3414 -74.7235 938.181
vn 0.83941 0.269756 -0.471829
v 48.3414 -74.7235 938.181
vn 0.591409 0.760321 0.268603
v 48.1329 -77.9524 949.356
vn 0.45542 0.629285 -0.629756
v 49.4499 -72.7191 941.299
vn 0.0310046 0.788281 -0.614534
v 48.7487 -70.4287 943.528
vn 0.076152 0.957663 0.277636
v 48.8323 -69.8847 951.246
vn 0.299373 0.905102 0.301936
v 49.1392 -69.6527 950.378
vn -0.0256239 0.716485 0.697131
v 49.1392 -69.6527 950.378
vn 0.835042 -0.250532 0.489835
v 49.1392 -69.6527 950.378
vn 0.903979 -0.0618818 0.423076
v 49.3662 -69.3959 950.122
vn 0.484748 0.82116 0.301191
v 49.4565 -69.6433 949.842
vn 0.416263 0.55885 0.717225
v 49.5362 -68.9785 949.59
vn 0.275192 0.627209 0.728614
v 49.394 -68.8902 949.604
vn -0.325941 0.808269 0.490371
v 47.6579 -70.5836 952.323
vn 0.71479 -0.113169 0.690122
v 47.9526 -70.5682 952.494
vn 0.292872 0.428056 0.854982
v 47.9526 -70.5682 952.494
vn -0.325941 0.808269 0.490371
v 47.9526 -70.5682 952.494
vn 0.393604 0.381261 0.83649
v 48.2507 -70.4846 952.35
vn -0.325941 0.808269 0.490371
v 48.4129 -70.1482 952.107
vn 0.446338 0.325611 0.833523
v 48.4129 -70.1482 952.107
vn -0.029453 0.95975 0.279308
v 48.4129 -70.1482 952.107
vn 0.524897 0.245691 0.814935
v 48.5557 -70.4395 952.103
vn 0.942007 0.094961 0.321877
v 48.9913 -69.9896 951.534
vn 0.063348 0.960422 0.271248
v 48.8839 -70.052 951.827
vn 0.858208 -0.137913 0.494427
v 48.8839 -70.052 951.827
vn -0.0552801 0.986902 -0.151551
v 47.3508 -67.9203 944.566
vn -0.152864 0.988131 0.0151888
v 47.9404 -68.0775 945.461
vn -0.0753585 0.9968 0.0266464
v 48.2372 -68.0318 945.473
vn -0.871482 0.306686 0.382704
v 49.181 -67.4052 947.428
vn 0.0310046 0.788281 -0.614534
v 49.181 -67.4052 947.428
vn -0.137804 0.96059 -0.241407
v 49.181 -67.4052 947.428
vn -0.588227 0.804629 0.0809974
v 49.181 -67.4052 947.428
vn 0.962946 0.0285702 0.268178
v 46.8015 -78.4328 1018.57
vn 0.959754 0.275893 0.0524817
v 61.419 -131.947 831.51
vn 0.630713 0.575774 0.520275
v 60.4094 -122.955 815.121
vn 0.512904 0.804508 0.299494
v 59.8084 -124.418 819.422
vn 0.682725 0.69105 0.237353
v 59.4909 -124.639 820.597
vn 0.641342 0.717688 0.271301
v 59.8202 -124.989 820.745
vn 0.244903 0.831413 0.498773
v 60.6872 -115.312 802.777
vn -0.916747 -0.383186 0.112883
v 56.5958 -117.744 883.33
vn 0.0407608 0.793043 -0.6078
v 55.3872 -91.9352 874.244
vn 0.508847 0.860555 0.0228173
v 49.8102 -78.4506 974.416
vn 0.619893 0.784678 -0.00365388
v 51.5746 -81.2803 990.699
vn 0.847408 0.326047 -0.419039
v 49.5898 -67.1423 947.786
vn -0.588227 0.804629 0.0809974
v 49.5898 -67.1423 947.786
vn -0.0480337 0.992351 0.113723
v 49.5898 -67.1423 947.786
vn -0.588227 0.804629 0.0809974
v 49.5834 -67.1784 948.098
vn -0.0480337 0.992351 0.113723
v 49.5834 -67.1784 948.098
vn 0.376641 0.483715 0.790039
v 49.8787 -67.191 948.332
vn -0.0480337 0.992351 0.113723
v 49.8787 -67.191 948.332
vn -0.476638 0.609784 0.63323
v 49.8787 -67.191 948.332
vn 0.956436 0.265949 0.120424
v 62.2779 -129.489 816.417
vn 0.839445 0.458158 0.292274
v 61.7517 -124.894 812.66
vn 0.861128 0.374674 0.343623
v 62.4056 -123.786 811.953
vn 0.595213 0.589409 0.546185
v 62.0146 -118.387 808.037
vn 0.672154 0.544268 0.501977
v 62.9966 -119.734 808.42
vn 0.623529 0.585868 0.517659
v 61.4952 -120.198 810.754
vn -0.62351 0.751628 0.215155
v 61.3243 -115.952 803.586
vn 0.00231861 0.863651 0.504085
v 62.8593 -116.796 805.591
vn -0.461954 -0.804398 0.373553
v 61.4753 -128.349 864.728
vn 0.00474363 0.874486 0.485027
v 60.941 -113.286 798.267
vn -0.741443 -0.628201 0.235851
v 59.2265 -121.293 877.192
vn -0.621794 -0.745553 0.23984
v 61.1277 -122.655 878.278
vn 0.432266 0.71882 -0.544467
v 58.8593 -92.8481 871.947
vn 0.242381 -0.832599 -0.498026
v 64.8406 -119.2 787.469
vn 0.739652 0.479776 0.471943
v 63.7174 -115.731 803.517
vn -0.62272 0.724973 0.294334
v 63.5414 -112.047 798.186
vn 0.181439 0.796942 0.576163
v 63.5414 -112.047 798.186
vn 0.644751 0.554864 0.525758
v 64.2147 -113.548 800.401
vn -0.108411 -0.956314 0.271497
v 62.1744 -125.627 872.885
vn 0.000722174 0.78428 0.620407
v 64.9049 -108.965 793.611
vn 0.238844 0.677273 0.695884
v 64.9223 -109.238 793.867
vn -0.0628606 -0.953751 0.293951
v 63.9768 -124.149 878.357
vn -0.205346 -0.945151 0.254013
v 61.2398 -120.081 886.361
vn 0.672403 0.45417 0.584469
v 65.9247 -111.011 796.003
vn 0.17596 0.826085 0.535371
v 65.9247 -111.011 796.003
vn -0.880621 0.450726 -0.146128
v 67.5113 -102.549 771.023
vn 0.652234 0.320339 0.687004
v 70.1873 -110.422 790.989
vn 0.504442 -0.767274 0.396016
v 65.0519 -113.321 908.352
vn 0.77963 0.493632 0.385362
v 61.8303 -78.5652 917.878
vn -0.328758 0.790477 0.516783
v 71.0313 -104.285 786.202
vn 0.637345 0.221262 0.738129
v 73.1304 -103.979 785.643
vn 0.0142945 0.706123 0.707944
v 73.2877 -96.5057 777.675
vn 0.857312 0.474114 -0.200578
v 69.0398 -90.7998 890.19
vn 0.970305 0.0693354 0.231733
v 69.2707 -96.9669 925.056
vn 0.703084 0.708909 0.0558553
v 69.3172 -90.6782 920.696
vn 0.950545 -0.298882 0.0844598
v 72.752 -111.086 892.709
vn 0.975693 0.218536 0.0162733
v 73.4568 -104.495 902.533
vn 0.973932 -0.0361357 -0.223942
v 71.351 -97.4806 891.167
vn 0.808501 0.470285 -0.353777
v 71.4565 -96.0388 891.726
vn 0.955113 0.294869 -0.0284736
v 72.1393 -92.8736 908.761
vn 0.829484 0.558442 -0.0099677
v 72.1365 -93.9573 913.139
vn 0.80069 -0.410816 0.436035
v 70.2702 -95.8792 924.655
vn 0.798311 0.601215 0.0352053
v 70.7787 -91.8851 916.234
vn 0.938463 0.0367435 0.34342
v 70.7787 -91.8851 916.234
vn 0.205027 0.546564 0.811931
v 80.1151 -99.1294 779.438
vn -0.388739 0.691121 0.609289
v 83.7066 -72.0894 757.507
vn 0.673117 0.738236 -0.0438281
v 87.1292 -91.9121 766.811
vn 0.925581 0.377168 -0.0323267
v 88.2299 -93.1016 767.224
vn 0.950674 -0.0921331 -0.296193
v 88.2592 -93.448 767.467
vn -0.261616 -0.613839 -0.744821
v 87.0122 -86.7304 753.077
vn 0.851007 0.417507 -0.318552
v 86.6504 -90.8747 767.599
vn -0.578386 -0.368353 -0.727864
v 86.5057 -82.8174 747.998
vn -0.667648 0.736514 0.108601
v 86.2105 -71.6067 748.486
vn -0.719068 0.694882 -0.00894227
v 86.7403 -71.1035 747.669
vn -0.615887 0.785063 0.0660232
v 86.0903 -71.7752 749.368
vn -0.56292 0.684798 -0.462788
v 87.0446 -70.9883 748.914
vn -0.730345 0.683054 0.00579813
v 87.1898 -70.6237 747.762
vn -0.756663 0.0771583 -0.649236
v 84.9699 -69.1056 754.402
vn -0.668311 0.622018 -0.407987
v 84.9699 -69.1056 754.402
vn -0.87366 0.475782 0.101737
v 85.5081 -68.218 754.873
vn 0.399506 0.384763 0.832077
v 88.0201 -81.3928 768.401
vn -0.389888 0.917044 0.0837724
v 87.6562 -70.6349 748.986
vn -0.424427 0.814928 -0.394658
v 87.6562 -70.6349 748.986
vn -0.704023 0.636615 -0.314759
v 87.367 -69.7995 749.293
vn 0.330911 -0.115582 0.936557
v 91.4189 -68.1069 759.246
vn -0.207136 0.978153 -0.0176391
v 91.3057 -66.4482 758.017
vn 0.507213 -0.15956 0.846921
v 93.8496 -79.6095 758.137
vn -0.655274 -0.150521 -0.740243
v 92.7206 -73.3092 742.716
vn -0.284367 0.813208 -0.507767
v 92.2891 -66.4844 755.587
vn 0.816347 -0.494223 0.298867
v 96.0543 -80.626 756.464
vn 0.100878 0.0124966 0.99482
v 101.178 -75.8801 749.813
vn 0.548673 0.278604 0.78825
v 102.192 -76.9466 749.484
vn -0.185412 -0.145829 0.97178
v 99.7912 -70.9643 750.667
vn 0.54802 0.570565 0.611662
v 100.654 -70.532 750.717
vn 0.697884 0.428606 0.573807
v 100.985 -70.8584 750.732
vn 0.239034 0.266673 0.933675
v 99.9787 -69.7036 750.567
f 40//40 6//6 1//1
f 40//40 44//44 6//6
f 1//1 3//3 2//2
f 3//3 1//1 6//6
f 3//3 4//4 43//43
f 7//7 43//43 4//4
f 6//6 5//5 3//3
f 3//3 5569//5569 4//4
f 8//8 5570//5570 5571//5571
f 5569//5569 7//7 4//4
f 11//11 5570//5570 9//9
f 9//9 5570//5570 8//8
f 5569//5569 10//10 7//7
f 10//10 47//47 7//7
f 5569//5569 5572//5572 10//10
f 8//8 46//46 9//9
f 46//46 11//11 9//9
f 5572//5572 47//47 10//10
f 13//13 14//14 18//18
f 1023//1023 5581//5581 5577//5577
f 5574//5574 12//12 81//81
f 5574//5574 81//81 74//74
f 76//76 14//14 13//13
f 16//16 97//97 81//81
f 81//81 12//12 16//16
f 16//16 15//15 97//97
f 5573//5573 5582//5582 17//17
f 16//16 12//12 5579//5579
f 16//16 5579//5579 15//15
f 5580//5580 19//19 5578//5578
f 5580//5580 5581//5581 19//19
f 5575//5575 5582//5582 5573//5573
f 1023//1023 19//19 5581//5581
f 5578//5578 19//19 20//20
f 21//21 97//97 15//15
f 5583//5583 21//21 15//15
f 24//24 5586//5586 5584//5584
f 19//19 5587//5587 5585//5585
f 21//21 23//23 97//97
f 23//23 21//21 22//22
f 22//22 5586//5586 24//24
f 22//22 24//24 25//25
f 97//97 23//23 26//26
f 23//23 22//22 26//26
f 5587//5587 27//27 5588//5588
f 25//25 26//26 22//22
f 27//27 5587//5587 19//19
f 19//19 107//107 27//27
f 107//107 5588//5588 27//27
f 5670//5670 106//106 5589//5589
f 34//34 149//149 150//150
f 28//28 34//34 150//150
f 38//38 153//153 39//39
f 5716//5716 41//41 5590//5590
f 33//33 144//144 5711//5711
f 144//144 33//33 29//29
f 30//30 29//29 33//33
f 144//144 29//29 30//30
f 42//42 173//173 30//30
f 30//30 173//173 144//144
f 32//32 5599//5599 31//31
f 5594//5594 35//35 32//32
f 32//32 35//35 5599//5599
f 32//32 33//33 5594//5594
f 40//40 5595//5595 36//36
f 45//45 40//40 36//36
f 33//33 32//32 31//31
f 30//30 33//33 5593//5593
f 30//30 31//31 42//42
f 28//28 5596//5596 34//34
f 5711//5711 5594//5594 33//33
f 37//37 5597//5597 5591//5591
f 5597//5597 37//37 36//36
f 5600//5600 37//37 5591//5591
f 37//37 5600//5600 36//36
f 38//38 5601//5601 5717//5717
f 38//38 39//39 5601//5601
f 36//36 5600//5600 45//45
f 39//39 5603//5603 5601//5601
f 44//44 45//45 448//448
f 2//2 43//43 42//42
f 43//43 173//173 42//42
f 2//2 3//3 43//43
f 31//31 1//1 42//42
f 1//1 2//2 42//42
f 1//1 31//31 5599//5599
f 40//40 45//45 44//44
f 5602//5602 8//8 5571//5571
f 448//448 199//199 5602//5602
f 7//7 47//47 43//43
f 556//556 43//43 47//47
f 8//8 48//48 46//46
f 5602//5602 48//48 8//8
f 5602//5602 199//199 48//48
f 5572//5572 5604//5604 47//47
f 11//11 46//46 48//48
f 207//207 47//47 209//209
f 209//209 47//47 5604//5604
f 55//55 56//56 213//213
f 213//213 204//204 49//49
f 5606//5606 50//50 5615//5615
f 49//49 55//55 213//213
f 5607//5607 215//215 51//51
f 5608//5608 52//52 5609//5609
f 5612//5612 5607//5607 51//51
f 214//214 215//215 5607//5607
f 213//213 53//53 232//232
f 233//233 232//232 61//61
f 57//57 53//53 54//54
f 55//55 5610//5610 56//56
f 54//54 56//56 5610//5610
f 5611//5611 5612//5612 5613//5613
f 54//54 53//53 56//56
f 213//213 56//56 53//53
f 58//58 5616//5616 5614//5614
f 5612//5612 5618//5618 5613//5613
f 232//232 53//53 61//61
f 63//63 238//238 59//59
f 5624//5624 5619//5619 61//61
f 237//237 61//61 5620//5620
f 240//240 5821//5821 5625//5625
f 240//240 249//249 5821//5821
f 5621//5621 5822//5822 241//241
f 5618//5618 62//62 60//60
f 5617//5617 5618//5618 60//60
f 53//53 5622//5622 61//61
f 57//57 5623//5623 53//53
f 62//62 5625//5625 60//60
f 5624//5624 61//61 5622//5622
f 62//62 240//240 5625//5625
f 243//243 5620//5620 5823//5823
f 67//67 64//64 260//260
f 66//66 258//258 5626//5626
f 5626//5626 65//65 5834//5834
f 5630//5630 5835//5835 263//263
f 67//67 5627//5627 64//64
f 71//71 68//68 263//263
f 263//263 5628//5628 5630//5630
f 69//69 258//258 66//66
f 69//69 5631//5631 70//70
f 72//72 70//70 5631//5631
f 635//635 70//70 5633//5633
f 5634//5634 5632//5632 264//264
f 5628//5628 68//68 71//71
f 5631//5631 69//69 5629//5629
f 81//81 80//80 265//265
f 265//265 268//268 73//73
f 268//268 265//265 267//267
f 265//265 73//73 81//81
f 81//81 73//73 74//74
f 75//75 74//74 73//73
f 5576//5576 74//74 75//75
f 5576//5576 75//75 5635//5635
f 75//75 73//73 77//77
f 77//77 78//78 75//75
f 75//75 78//78 5635//5635
f 5637//5637 79//79 5636//5636
f 79//79 1265//1265 5636//5636
f 272//272 77//77 271//271
f 78//78 77//77 272//272
f 5637//5637 5840//5840 270//270
f 270//270 1265//1265 79//79
f 270//270 79//79 5637//5637
f 94//94 288//288 80//80
f 1023//1023 5577//5577 5636//5636
f 663//663 1023//1023 5636//5636
f 82//82 291//291 84//84
f 5639//5639 83//83 5638//5638
f 292//292 5638//5638 83//83
f 5638//5638 292//292 290//290
f 82//82 5876//5876 291//291
f 5878//5878 293//293 5640//5640
f 85//85 666//666 83//83
f 86//86 5642//5642 87//87
f 83//83 5639//5639 85//85
f 5647//5647 5643//5643 5641//5641
f 89//89 5644//5644 5648//5648
f 85//85 5645//5645 88//88
f 5646//5646 5651//5651 5649//5649
f 90//90 92//92 99//99
f 5640//5640 293//293 5648//5648
f 5652//5652 89//89 5648//5648
f 5652//5652 5648//5648 293//293
f 5651//5651 5653//5653 5649//5649
f 90//90 91//91 5650//5650
f 90//90 99//99 91//91
f 85//85 88//88 101//101
f 101//101 88//88 5654//5654
f 101//101 5655//5655 5661//5661
f 5652//5652 297//297 5656//5656
f 93//93 95//95 94//94
f 94//94 80//80 81//81
f 94//94 81//81 93//93
f 95//95 96//96 94//94
f 5658//5658 95//95 304//304
f 296//296 94//94 302//302
f 302//302 94//94 5659//5659
f 304//304 303//303 5658//5658
f 5660//5660 5886//5886 302//302
f 296//296 288//288 94//94
f 26//26 98//98 97//97
f 93//93 81//81 97//97
f 97//97 98//98 93//93
f 98//98 95//95 93//93
f 98//98 26//26 105//105
f 95//95 98//98 104//104
f 104//104 98//98 105//105
f 304//304 95//95 104//104
f 5657//5657 100//100 5662//5662
f 5663//5663 101//101 5661//5661
f 301//301 101//101 5663//5663
f 5657//5657 102//102 100//100
f 5664//5664 5656//5656 297//297
f 301//301 5663//5663 103//103
f 102//102 5666//5666 100//100
f 5665//5665 298//298 5667//5667
f 5669//5669 105//105 26//26
f 105//105 304//304 104//104
f 25//25 5669//5669 26//26
f 305//305 105//105 5669//5669
f 108//108 107//107 19//19
f 5669//5669 109//109 305//305
f 5670//5670 5671//5671 106//106
f 110//110 107//107 108//108
f 5671//5671 5670//5670 5672//5672
f 111//111 305//305 109//109
f 5673//5673 111//111 109//109
f 5674//5674 112//112 5675//5675
f 671//671 305//305 111//111
f 5676//5676 110//110 108//108
f 112//112 307//307 5675//5675
f 671//671 111//111 308//308
f 140//140 113//113 115//115
f 116//116 115//115 113//113
f 139//139 113//113 140//140
f 142//142 114//114 121//121
f 115//115 116//116 5677//5677
f 5678//5678 5704//5704 115//115
f 115//115 5704//5704 140//140
f 5679//5679 321//321 117//117
f 117//117 118//118 5679//5679
f 5677//5677 116//116 5896//5896
f 5896//5896 116//116 113//113
f 118//118 117//117 119//119
f 323//323 325//325 5680//5680
f 5682//5682 323//323 5680//5680
f 5681//5681 5899//5899 122//122
f 120//120 121//121 114//114
f 5679//5679 118//118 5684//5684
f 5687//5687 5685//5685 5689//5689
f 5681//5681 122//122 5686//5686
f 5689//5689 123//123 5687//5687
f 389//389 5688//5688 123//123
f 326//326 123//123 5689//5689
f 125//125 124//124 332//332
f 152//152 124//124 125//125
f 124//124 152//152 332//332
f 331//331 127//127 5908//5908
f 5908//5908 126//126 5690//5690
f 5690//5690 126//126 153//153
f 126//126 127//127 153//153
f 153//153 127//127 154//154
f 5908//5908 127//127 126//126
f 334//334 129//129 128//128
f 159//159 5691//5691 155//155
f 5691//5691 344//344 155//155
f 163//163 130//130 131//131
f 161//161 163//163 131//131
f 131//131 352//352 161//161
f 5930//5930 395//395 167//167
f 431//431 132//132 133//133
f 136//136 134//134 135//135
f 133//133 134//134 431//431
f 5698//5698 135//135 134//134
f 430//430 431//431 134//134
f 138//138 171//171 134//134
f 374//374 372//372 368//368
f 137//137 136//136 373//373
f 5699//5699 5697//5697 368//368
f 372//372 5698//5698 368//368
f 372//372 135//135 5698//5698
f 139//139 141//141 137//137
f 136//136 137//137 134//134
f 134//134 137//137 138//138
f 137//137 141//141 138//138
f 141//141 171//171 138//138
f 5705//5705 141//141 5703//5703
f 141//141 139//139 140//140
f 142//142 121//121 5980//5980
f 147//147 143//143 5711//5711
f 144//144 147//147 5711//5711
f 143//143 147//147 146//146
f 5715//5715 143//143 146//146
f 5708//5708 144//144 145//145
f 148//148 328//328 146//146
f 5909//5909 5715//5715 146//146
f 147//147 148//148 146//146
f 146//146 328//328 5909//5909
f 445//445 5709//5709 5708//5708
f 5707//5707 151//151 149//149
f 149//149 151//151 150//150
f 28//28 150//150 5712//5712
f 143//143 5715//5715 5713//5713
f 5718//5718 5714//5714 152//152
f 125//125 5718//5718 152//152
f 5714//5714 5718//5718 5592//5592
f 154//154 39//39 153//153
f 129//129 5724//5724 154//154
f 128//128 127//127 334//334
f 128//128 154//154 127//127
f 128//128 129//129 154//154
f 160//160 5724//5724 5719//5719
f 344//344 5725//5725 155//155
f 45//45 5598//5598 175//175
f 157//157 156//156 154//154
f 39//39 154//154 156//156
f 175//175 5598//5598 5720//5720
f 5721//5721 5722//5722 158//158
f 5724//5724 5722//5722 154//154
f 160//160 5722//5722 5724//5724
f 161//161 162//162 5722//5722
f 162//162 158//158 5722//5722
f 447//447 5720//5720 5723//5723
f 161//161 5722//5722 160//160
f 5727//5727 447//447 5723//5723
f 176//176 5720//5720 447//447
f 160//160 163//163 161//161
f 164//164 447//447 5727//5727
f 5729//5729 162//162 161//161
f 5729//5729 161//161 352//352
f 165//165 5931//5931 5732//5732
f 5931//5931 165//165 5730//5730
f 5733//5733 391//391 5731//5731
f 166//166 391//391 5733//5733
f 395//395 168//168 167//167
f 430//430 134//134 170//170
f 170//170 134//134 169//169
f 169//169 134//134 171//171
f 5737//5737 427//427 428//428
f 5737//5737 5736//5736 427//427
f 5736//5736 171//171 427//427
f 171//171 444//444 427//427
f 430//430 170//170 429//429
f 5738//5738 6004//6004 6008//6008
f 171//171 141//141 444//444
f 444//444 141//141 172//172
f 5705//5705 172//172 141//141
f 145//145 144//144 174//174
f 174//174 144//144 173//173
f 173//173 43//43 506//506
f 446//446 145//145 174//174
f 174//174 173//173 506//506
f 5708//5708 145//145 446//446
f 175//175 176//176 45//45
f 176//176 448//448 45//45
f 5720//5720 176//176 175//175
f 168//168 178//178 167//167
f 394//394 181//181 168//168
f 180//180 177//177 5740//5740
f 5740//5740 177//177 5734//5734
f 5739//5739 166//166 5735//5735
f 180//180 178//178 181//181
f 181//181 178//178 168//168
f 177//177 180//180 185//185
f 180//180 186//186 185//185
f 180//180 181//181 186//186
f 179//179 187//187 186//186
f 179//179 186//186 181//181
f 179//179 451//451 452//452
f 187//187 179//179 452//452
f 187//187 452//452 453//453
f 6037//6037 454//454 183//183
f 453//453 5743//5743 187//187
f 189//189 5744//5744 191//191
f 182//182 5745//5745 6038//6038
f 182//182 191//191 5745//5745
f 467//467 184//184 5741//5741
f 5746//5746 6049//6049 472//472
f 473//473 193//193 5747//5747
f 174//174 506//506 507//507
f 166//166 561//561 560//560
f 5748//5748 561//561 5739//5739
f 5739//5739 561//561 166//166
f 5748//5748 187//187 188//188
f 187//187 185//185 186//186
f 188//188 561//561 5748//5748
f 187//187 5743//5743 5749//5749
f 187//187 5749//5749 188//188
f 5747//5747 191//191 182//182
f 191//191 190//190 189//189
f 5752//5752 192//192 5750//5750
f 191//191 5747//5747 190//190
f 193//193 190//190 5747//5747
f 5756//5756 5754//5754 5753//5753
f 5756//5756 194//194 5754//5754
f 194//194 5756//5756 484//484
f 483//483 5757//5757 482//482
f 5757//5757 483//483 6058//6058
f 484//484 485//485 194//194
f 197//197 196//196 195//195
f 518//518 198//198 502//502
f 509//509 557//557 199//199
f 511//511 199//199 448//448
f 509//509 199//199 511//511
f 561//561 188//188 5751//5751
f 195//195 196//196 200//200
f 201//201 195//195 200//200
f 201//201 200//200 5766//5766
f 201//201 5766//5766 234//234
f 202//202 196//196 204//204
f 204//204 213//213 202//202
f 200//200 202//202 213//213
f 196//196 202//202 200//200
f 204//204 203//203 5767//5767
f 5761//5761 215//215 214//214
f 204//204 5767//5767 49//49
f 204//204 196//196 203//203
f 205//205 203//203 196//196
f 5761//5761 206//206 215//215
f 5759//5759 205//205 196//196
f 5762//5762 205//205 5760//5760
f 5760//5760 205//205 5759//5759
f 198//198 5764//5764 5763//5763
f 518//518 5764//5764 198//198
f 556//556 47//47 207//207
f 207//207 209//209 210//210
f 210//210 211//211 590//590
f 557//557 208//208 199//199
f 208//208 48//48 199//199
f 208//208 5765//5765 5605//5605
f 557//557 212//212 208//208
f 210//210 209//209 211//211
f 211//211 5765//5765 208//208
f 212//212 211//211 208//208
f 558//558 211//211 212//212
f 559//559 212//212 557//557
f 201//201 234//234 564//564
f 215//215 5612//5612 51//51
f 216//216 224//224 221//221
f 216//216 218//218 219//219
f 216//216 219//219 224//224
f 581//581 217//217 5772//5772
f 579//579 580//580 5773//5773
f 6210//6210 5774//5774 5769//5769
f 6213//6213 5776//5776 5775//5775
f 581//581 5772//5772 231//231
f 231//231 5772//5772 5768//5768
f 5791//5791 220//220 5780//5780
f 5778//5778 5792//5792 222//222
f 5768//5768 5781//5781 223//223
f 225//225 223//223 5781//5781
f 228//228 225//225 5781//5781
f 5781//5781 5782//5782 228//228
f 5779//5779 5782//5782 5781//5781
f 5793//5793 5777//5777 6214//6214
f 229//229 5793//5793 6214//6214
f 223//223 231//231 5768//5768
f 5808//5808 5785//5785 5794//5794
f 5797//5797 226//226 5786//5786
f 5795//5795 5787//5787 5800//5800
f 227//227 5816//5816 5788//5788
f 5789//5789 230//230 5803//5803
f 5804//5804 5810//5810 5806//5806
f 5801//5801 5798//5798 5811//5811
f 5807//5807 5812//5812 5799//5799
f 5783//5783 5802//5802 5813//5813
f 5783//5783 5796//5796 5802//5802
f 5805//5805 228//228 5817//5817
f 5782//5782 5817//5817 228//228
f 5814//5814 5790//5790 5809//5809
f 5815//5815 229//229 5818//5818
f 5815//5815 5818//5818 5784//5784
f 590//590 211//211 558//558
f 234//234 5766//5766 232//232
f 234//234 232//232 233//233
f 234//234 840//840 564//564
f 62//62 5618//5618 5612//5612
f 215//215 62//62 5612//5612
f 215//215 249//249 62//62
f 236//236 237//237 239//239
f 235//235 234//234 233//233
f 61//61 237//237 233//233
f 236//236 233//233 237//237
f 5820//5820 233//233 236//236
f 840//840 234//234 235//235
f 606//606 5820//5820 236//236
f 242//242 237//237 5620//5620
f 249//249 244//244 5821//5821
f 244//244 5824//5824 5821//5821
f 242//242 239//239 237//237
f 62//62 249//249 240//240
f 243//243 242//242 5620//5620
f 5825//5825 5824//5824 244//244
f 245//245 242//242 243//243
f 239//239 242//242 246//246
f 246//246 242//242 247//247
f 247//247 242//242 245//245
f 245//245 5826//5826 248//248
f 5827//5827 5825//5825 244//244
f 245//245 248//248 251//251
f 250//250 246//246 247//247
f 247//247 245//245 250//250
f 5827//5827 249//249 252//252
f 249//249 5827//5827 244//244
f 250//250 245//245 251//251
f 252//252 5828//5828 5827//5827
f 236//236 239//239 246//246
f 236//236 246//246 250//250
f 249//249 253//253 252//252
f 606//606 250//250 251//251
f 253//253 5828//5828 252//252
f 236//236 250//250 606//606
f 607//607 606//606 251//251
f 6255//6255 5828//5828 253//253
f 65//65 5626//5626 254//254
f 258//258 254//254 5626//5626
f 5832//5832 620//620 254//254
f 620//620 619//619 254//254
f 254//254 619//619 65//65
f 619//619 255//255 65//65
f 5829//5829 256//256 5836//5836
f 256//256 257//257 5836//5836
f 5834//5834 65//65 255//255
f 255//255 619//619 5830//5830
f 263//263 5835//5835 5831//5831
f 256//256 632//632 257//257
f 261//261 634//634 259//259
f 634//634 620//620 259//259
f 620//620 5833//5833 259//259
f 259//259 5833//5833 261//261
f 6261//6261 262//262 261//261
f 70//70 635//635 5837//5837
f 634//634 261//261 262//262
f 634//634 262//262 6261//6261
f 69//69 5837//5837 258//258
f 70//70 5837//5837 69//69
f 263//263 68//68 5628//5628
f 71//71 263//263 264//264
f 268//268 267//267 646//646
f 647//647 269//269 268//268
f 5633//5633 947//947 635//635
f 265//265 80//80 288//288
f 266//266 265//265 288//288
f 267//267 265//265 266//266
f 662//662 266//266 288//288
f 6276//6276 267//267 266//266
f 6276//6276 266//266 651//651
f 268//268 77//77 73//73
f 269//269 271//271 77//77
f 269//269 77//77 268//268
f 5840//5840 273//273 270//270
f 274//274 5841//5841 5838//5838
f 275//275 5842//5842 5843//5843
f 273//273 5840//5840 5845//5845
f 273//273 1265//1265 270//270
f 273//273 5845//5845 1265//1265
f 5844//5844 5839//5839 276//276
f 277//277 5846//5846 5844//5844
f 5849//5849 1265//1265 5845//5845
f 276//276 277//277 5844//5844
f 269//269 5847//5847 271//271
f 5850//5850 5848//5848 278//278
f 269//269 5852//5852 5847//5847
f 5850//5850 278//278 279//279
f 5851//5851 5854//5854 6650//6650
f 5853//5853 280//280 5855//5855
f 5859//5859 281//281 5856//5856
f 5861//5861 282//282 5857//5857
f 5864//5864 1265//1265 5858//5858
f 653//653 5852//5852 269//269
f 653//653 5862//5862 5860//5860
f 5860//5860 5852//5852 653//653
f 289//289 284//284 5877//5877
f 5876//5876 5867//5867 286//286
f 5871//5871 287//287 5868//5868
f 283//283 5870//5870 5872//5872
f 5865//5865 5873//5873 285//285
f 660//660 5865//5865 285//285
f 666//666 5869//5869 5874//5874
f 662//662 288//288 296//296
f 663//663 5636//5636 1265//1265
f 666//666 5874//5874 292//292
f 292//292 5875//5875 290//290
f 5876//5876 286//286 291//291
f 286//286 294//294 5878//5878
f 5879//5879 5870//5870 293//293
f 294//294 293//293 5878//5878
f 666//666 292//292 83//83
f 5867//5867 295//295 286//286
f 286//286 295//295 294//294
f 295//295 5867//5867 5870//5870
f 5870//5870 5879//5879 295//295
f 5652//5652 293//293 5870//5870
f 5652//5652 5870//5870 297//297
f 1007//1007 297//297 5870//5870
f 666//666 85//85 101//101
f 299//299 297//297 1007//1007
f 1007//1007 300//300 299//299
f 666//666 101//101 301//301
f 5664//5664 297//297 299//299
f 5664//5664 299//299 5880//5880
f 5882//5882 5884//5884 5668//5668
f 5882//5882 5668//5668 5881//5881
f 299//299 300//300 5880//5880
f 304//304 305//305 303//303
f 305//305 304//304 105//105
f 1023//1023 108//108 19//19
f 5883//5883 306//306 5885//5885
f 5883//5883 667//667 306//306
f 305//305 671//671 303//303
f 303//303 671//671 669//669
f 1023//1023 5888//5888 5676//5676
f 108//108 1023//1023 5676//5676
f 674//674 671//671 308//308
f 308//308 5675//5675 307//307
f 683//683 309//309 5896//5896
f 310//310 313//313 312//312
f 309//309 322//322 321//321
f 310//310 311//311 313//313
f 310//310 322//322 309//309
f 5890//5890 5689//5689 5894//5894
f 5895//5895 5899//5899 5891//5891
f 690//690 314//314 347//347
f 318//318 139//139 317//317
f 315//315 317//317 139//139
f 317//317 316//316 318//318
f 317//317 315//315 371//371
f 319//319 320//320 139//139
f 319//319 139//139 318//318
f 320//320 682//682 113//113
f 319//319 318//318 680//680
f 319//319 680//680 681//681
f 319//319 682//682 320//320
f 683//683 113//113 682//682
f 319//319 681//681 682//682
f 139//139 320//320 113//113
f 683//683 5896//5896 113//113
f 5890//5890 701//701 5689//5689
f 701//701 326//326 5689//5689
f 117//117 321//321 322//322
f 325//325 323//323 324//324
f 322//322 5683//5683 117//117
f 5898//5898 5889//5889 5892//5892
f 5893//5893 325//325 324//324
f 5898//5898 5897//5897 5889//5889
f 5682//5682 322//322 310//310
f 310//310 323//323 5682//5682
f 5895//5895 122//122 5899//5899
f 329//329 390//390 5900//5900
f 327//327 330//330 5906//5906
f 327//327 5901//5901 1068//1068
f 5907//5907 5901//5901 327//327
f 327//327 1068//1068 330//330
f 5904//5904 331//331 5910//5910
f 330//330 331//331 5904//5904
f 330//330 5905//5905 5906//5906
f 5906//5906 5905//5905 5982//5982
f 331//331 333//333 127//127
f 337//337 333//333 341//341
f 333//333 334//334 127//127
f 337//337 334//334 333//333
f 5914//5914 335//335 5911//5911
f 339//339 336//336 338//338
f 338//338 337//337 341//341
f 342//342 339//339 338//338
f 341//341 342//342 338//338
f 340//340 5920//5920 348//348
f 5922//5922 339//339 342//342
f 348//348 5915//5915 340//340
f 5911//5911 335//335 5691//5691
f 349//349 5692//5692 5912//5912
f 335//335 344//344 5691//5691
f 5913//5913 5693//5693 343//343
f 5913//5913 343//343 338//338
f 5914//5914 344//344 335//335
f 337//337 345//345 5917//5917
f 343//343 5918//5918 345//345
f 5726//5726 5918//5918 343//343
f 346//346 350//350 5923//5923
f 338//338 345//345 337//337
f 338//338 343//343 345//345
f 5921//5921 5932//5932 351//351
f 348//348 5920//5920 351//351
f 5919//5919 5924//5924 336//336
f 351//351 5926//5926 348//348
f 5927//5927 5919//5919 5922//5922
f 339//339 5922//5922 336//336
f 336//336 5922//5922 5919//5919
f 314//314 5930//5930 347//347
f 349//349 5694//5694 5692//5692
f 5928//5928 5695//5695 5925//5925
f 5929//5929 5933//5933 5696//5696
f 5693//5693 5728//5728 343//343
f 163//163 160//160 5916//5916
f 351//351 5932//5932 5926//5926
f 703//703 5930//5930 314//314
f 702//702 393//393 703//703
f 703//703 395//395 5930//5930
f 393//393 5986//5986 703//703
f 406//406 354//354 355//355
f 407//407 406//406 355//355
f 696//696 5936//5936 406//406
f 5990//5990 5940//5940 733//733
f 5940//5940 5937//5937 733//733
f 5938//5938 353//353 357//357
f 5938//5938 357//357 358//358
f 708//708 5944//5944 5934//5934
f 5944//5944 708//708 359//359
f 5944//5944 359//359 356//356
f 358//358 357//357 5941//5941
f 356//356 359//359 360//360
f 360//360 359//359 6310//6310
f 5945//5945 5942//5942 716//716
f 364//364 360//360 6310//6310
f 5946//5946 362//362 5943//5943
f 362//362 5946//5946 5950//5950
f 361//361 412//412 5951//5951
f 412//412 5947//5947 5951//5951
f 709//709 363//363 361//361
f 709//709 710//710 5949//5949
f 709//709 361//361 5951//5951
f 366//366 132//132 365//365
f 710//710 367//367 5952//5952
f 365//365 5949//5949 710//710
f 366//366 365//365 710//710
f 361//361 363//363 365//365
f 361//361 365//365 412//412
f 710//710 699//699 367//367
f 5952//5952 367//367 5697//5697
f 368//368 5697//5697 369//369
f 380//380 374//374 368//368
f 369//369 5697//5697 367//367
f 369//369 371//371 370//370
f 367//367 371//371 369//369
f 368//368 369//369 370//370
f 370//370 380//380 368//368
f 370//370 384//384 380//380
f 370//370 371//371 384//384
f 315//315 383//383 371//371
f 383//383 5969//5969 371//371
f 317//317 371//371 367//367
f 375//375 373//373 136//136
f 5701//5701 377//377 5955//5955
f 374//374 135//135 372//372
f 5953//5953 376//376 5700//5700
f 376//376 5959//5959 5700//5700
f 5702//5702 5700//5700 5959//5959
f 373//373 379//379 315//315
f 315//315 137//137 373//373
f 5956//5956 381//381 379//379
f 379//379 373//373 375//375
f 382//382 381//381 5956//5956
f 5957//5957 5960//5960 5967//5967
f 386//386 5954//5954 5966//5966
f 5974//5974 376//376 5953//5953
f 5961//5961 5958//5958 378//378
f 5962//5962 5967//5967 5960//5960
f 5974//5974 5963//5963 376//376
f 438//438 5963//5963 5974//5974
f 6027//6027 432//432 5964//5964
f 5968//5968 5965//5965 6012//6012
f 139//139 137//137 315//315
f 5969//5969 383//383 379//379
f 379//379 381//381 5969//5969
f 385//385 5970//5970 381//381
f 381//381 382//382 385//385
f 5971//5971 386//386 5966//5966
f 6028//6028 5975//5975 435//435
f 436//436 6019//6019 382//382
f 383//383 315//315 379//379
f 5973//5973 5976//5976 5972//5972
f 5976//5976 5973//5973 6020//6020
f 382//382 6019//6019 385//385
f 5706//5706 5981//5981 5983//5983
f 326//326 388//388 123//123
f 123//123 388//388 389//389
f 387//387 5905//5905 5710//5710
f 387//387 5982//5982 5905//5905
f 5902//5902 5984//5984 5978//5978
f 5981//5981 5979//5979 5983//5983
f 445//445 5985//5985 5977//5977
f 5977//5977 5709//5709 445//445
f 5731//5731 392//392 164//164
f 5731//5731 391//391 392//392
f 391//391 480//480 392//392
f 397//397 5986//5986 393//393
f 397//397 393//393 704//704
f 398//398 706//706 399//399
f 394//394 168//168 5986//5986
f 397//397 394//394 5986//5986
f 704//704 396//396 179//179
f 398//398 396//396 704//704
f 711//711 400//400 399//399
f 402//402 398//398 400//400
f 400//400 398//398 399//399
f 712//712 5988//5988 5987//5987
f 5987//5987 707//707 712//712
f 402//402 401//401 398//398
f 465//465 5988//5988 712//712
f 712//712 403//403 463//463
f 403//403 404//404 464//464
f 463//463 403//403 464//464
f 463//463 6048//6048 712//712
f 403//403 712//712 404//404
f 471//471 470//470 404//404
f 408//408 405//405 406//406
f 406//406 407//407 408//408
f 5990//5990 409//409 5991//5991
f 410//410 5991//5991 409//409
f 5989//5989 5992//5992 5994//5994
f 409//409 5990//5990 733//733
f 405//405 5995//5995 730//730
f 5993//5993 730//730 5995//5995
f 5937//5937 5945//5945 736//736
f 5945//5945 716//716 736//736
f 411//411 5942//5942 5948//5948
f 5948//5948 5996//5996 411//411
f 5942//5942 411//411 716//716
f 414//414 411//411 5996//5996
f 411//411 414//414 478//478
f 421//421 132//132 431//431
f 421//421 365//365 132//132
f 365//365 421//421 413//413
f 413//413 6000//6000 423//423
f 413//413 412//412 365//365
f 413//413 415//415 412//412
f 413//413 416//416 415//415
f 413//413 423//423 416//416
f 418//418 5997//5997 423//423
f 418//418 423//423 424//424
f 415//415 414//414 5996//5996
f 417//417 415//415 416//416
f 417//417 416//416 419//419
f 419//419 416//416 5998//5998
f 478//478 414//414 415//415
f 5999//5999 418//418 426//426
f 419//419 420//420 417//417
f 415//415 477//477 478//478
f 417//417 477//477 415//415
f 717//717 419//419 720//720
f 5999//5999 426//426 6314//6314
f 419//419 717//717 420//420
f 417//417 420//420 477//477
f 420//420 717//717 477//477
f 6010//6010 440//440 422//422
f 6035//6035 425//425 6001//6001
f 6000//6000 6011//6011 6002//6002
f 426//426 424//424 6001//6001
f 423//423 6000//6000 424//424
f 6002//6002 424//424 6000//6000
f 425//425 426//426 6001//6001
f 426//426 425//425 719//719
f 425//425 718//718 719//719
f 441//441 718//718 425//425
f 424//424 426//426 418//418
f 426//426 719//719 6315//6315
f 6005//6005 6003//6003 6013//6013
f 437//437 427//427 444//444
f 6014//6014 433//433 6006//6006
f 6016//6016 6009//6009 6007//6007
f 430//430 429//429 434//434
f 430//430 434//434 431//431
f 5968//5968 6012//6012 6024//6024
f 437//437 6015//6015 427//427
f 6029//6029 433//433 6014//6014
f 6016//6016 6017//6017 6009//6009
f 6030//6030 6017//6017 6016//6016
f 6030//6030 6036//6036 6017//6017
f 440//440 6010//6010 6018//6018
f 435//435 6021//6021 6028//6028
f 6025//6025 436//436 382//382
f 6022//6022 439//439 6031//6031
f 6023//6023 6026//6026 6033//6033
f 6034//6034 437//437 442//442
f 6034//6034 6035//6035 6032//6032
f 6034//6034 441//441 6035//6035
f 443//443 441//441 442//442
f 442//442 441//441 6034//6034
f 425//425 6035//6035 441//441
f 479//479 726//726 443//443
f 726//726 441//441 443//443
f 442//442 437//437 444//444
f 442//442 444//444 443//443
f 443//443 444//444 172//172
f 443//443 172//172 479//479
f 5705//5705 5985//5985 172//172
f 172//172 5985//5985 479//479
f 5985//5985 445//445 479//479
f 445//445 757//757 479//479
f 5708//5708 446//446 445//445
f 446//446 757//757 445//445
f 447//447 448//448 176//176
f 448//448 447//447 449//449
f 447//447 164//164 450//450
f 447//447 450//450 449//449
f 450//450 164//164 392//392
f 392//392 480//480 450//450
f 166//166 480//480 391//391
f 394//394 397//397 181//181
f 179//179 181//181 397//397
f 179//179 397//397 704//704
f 396//396 451//451 179//179
f 396//396 398//398 451//451
f 452//452 451//451 401//401
f 453//453 452//452 401//401
f 451//451 398//398 401//401
f 401//401 455//455 6037//6037
f 5988//5988 459//459 6039//6039
f 402//402 455//455 401//401
f 465//465 459//459 5988//5988
f 454//454 6037//6037 455//455
f 6039//6039 456//456 6038//6038
f 6038//6038 456//456 182//182
f 6040//6040 458//458 5742//5742
f 458//458 469//469 5742//5742
f 459//459 460//460 6039//6039
f 464//464 404//404 468//468
f 6039//6039 460//460 456//456
f 6041//6041 6044//6044 462//462
f 6047//6047 457//457 6046//6046
f 457//457 6047//6047 468//468
f 462//462 6042//6042 6041//6041
f 6046//6046 457//457 6043//6043
f 468//468 6050//6050 457//457
f 6050//6050 6043//6043 457//457
f 459//459 465//465 460//460
f 461//461 6045//6045 6048//6048
f 6045//6045 461//461 6046//6046
f 6047//6047 6046//6046 461//461
f 461//461 463//463 6047//6047
f 461//461 6048//6048 463//463
f 6053//6053 472//472 468//468
f 468//468 472//472 466//466
f 6050//6050 468//468 466//466
f 466//466 6049//6049 6051//6051
f 6049//6049 466//466 472//472
f 6052//6052 467//467 5741//5741
f 404//404 6053//6053 468//468
f 714//714 486//486 471//471
f 473//473 472//472 6053//6053
f 473//473 5747//5747 472//472
f 482//482 5757//5757 6054//6054
f 470//470 471//471 6054//6054
f 482//482 6054//6054 471//471
f 471//471 486//486 482//482
f 489//489 727//727 474//474
f 475//475 727//727 1080//1080
f 727//727 493//493 474//474
f 493//493 727//727 475//475
f 733//733 729//729 409//409
f 729//729 6317//6317 409//409
f 738//738 478//478 739//739
f 477//477 739//739 478//478
f 507//507 446//446 174//174
f 507//507 789//789 446//446
f 446//446 789//789 757//757
f 449//449 511//511 448//448
f 513//513 511//511 449//449
f 450//450 513//513 449//449
f 450//450 480//480 481//481
f 450//450 481//481 513//513
f 481//481 764//764 513//513
f 481//481 480//480 764//764
f 480//480 797//797 764//764
f 166//166 514//514 480//480
f 166//166 560//560 514//514
f 483//483 482//482 486//486
f 483//483 486//486 487//487
f 483//483 487//487 6058//6058
f 6064//6064 488//488 6059//6059
f 6060//6060 6059//6059 488//488
f 6064//6064 6063//6063 6065//6065
f 6065//6065 488//488 6064//6064
f 488//488 492//492 6061//6061
f 5758//5758 6062//6062 800//800
f 492//492 800//800 6062//6062
f 6311//6311 6065//6065 6063//6063
f 6065//6065 490//490 488//488
f 474//474 490//490 489//489
f 474//474 493//493 494//494
f 494//494 491//491 474//474
f 474//474 491//491 490//490
f 515//515 6066//6066 494//494
f 492//492 488//488 490//490
f 490//490 491//491 492//492
f 491//491 515//515 492//492
f 493//493 475//475 495//495
f 500//500 499//499 195//195
f 195//195 499//499 197//197
f 495//495 475//475 496//496
f 493//493 495//495 497//497
f 495//495 498//498 497//497
f 495//495 496//496 498//498
f 496//496 499//499 498//498
f 6068//6068 496//496 5760//5760
f 5759//5759 6068//6068 5760//5760
f 497//497 6067//6067 517//517
f 493//493 497//497 517//517
f 500//500 498//498 499//499
f 475//475 5760//5760 496//496
f 500//500 517//517 6067//6067
f 5760//5760 501//501 6069//6069
f 518//518 502//502 519//519
f 502//502 523//523 519//519
f 475//475 501//501 5760//5760
f 523//523 502//502 504//504
f 715//715 501//501 475//475
f 503//503 6070//6070 6069//6069
f 715//715 503//503 501//501
f 6069//6069 501//501 503//503
f 6080//6080 6071//6071 505//505
f 6070//6070 503//503 6072//6072
f 6072//6072 503//503 527//527
f 43//43 556//556 506//506
f 506//506 556//556 507//507
f 507//507 556//556 789//789
f 508//508 557//557 509//509
f 508//508 559//559 557//557
f 510//510 508//508 509//509
f 510//510 509//509 511//511
f 6075//6075 6076//6076 512//512
f 512//512 510//510 511//511
f 762//762 512//512 759//759
f 6076//6076 759//759 512//512
f 480//480 514//514 797//797
f 5758//5758 800//800 5755//5755
f 492//492 515//515 800//800
f 494//494 493//493 515//515
f 493//493 517//517 515//515
f 515//515 765//765 800//800
f 516//516 195//195 201//201
f 195//195 516//516 500//500
f 500//500 516//516 766//766
f 515//515 517//517 801//801
f 801//801 517//517 766//766
f 766//766 517//517 500//500
f 6079//6079 6081//6081 520//520
f 6077//6077 6079//6079 520//520
f 522//522 206//206 6078//6078
f 6077//6077 520//520 521//521
f 521//521 522//522 6077//6077
f 521//521 803//803 522//522
f 524//524 6081//6081 6073//6073
f 6073//6073 525//525 524//524
f 6088//6088 526//526 6082//6082
f 6081//6081 524//524 520//520
f 6089//6089 6083//6083 6074//6074
f 524//524 521//521 520//520
f 525//525 6084//6084 524//524
f 6085//6085 528//528 524//524
f 529//529 6090//6090 6086//6086
f 521//521 524//524 530//530
f 528//528 530//530 524//524
f 6091//6091 6092//6092 6096//6096
f 6093//6093 531//531 6097//6097
f 544//544 6098//6098 6094//6094
f 530//530 6099//6099 532//532
f 532//532 6099//6099 539//539
f 6109//6109 6098//6098 544//544
f 503//503 534//534 527//527
f 534//534 6087//6087 527//527
f 6087//6087 534//534 6095//6095
f 6095//6095 534//534 6122//6122
f 534//534 771//771 6123//6123
f 550//550 6123//6123 771//771
f 533//533 530//530 532//532
f 6149//6149 533//533 532//532
f 6149//6149 532//532 6124//6124
f 6125//6125 6100//6100 545//545
f 530//530 533//533 521//521
f 6101//6101 6110//6110 6128//6128
f 6102//6102 6150//6150 553//553
f 533//533 6161//6161 521//521
f 535//535 534//534 503//503
f 771//771 534//534 535//535
f 771//771 555//555 550//550
f 806//806 521//521 567//567
f 567//567 521//521 6161//6161
f 6177//6177 6162//6162 6173//6173
f 770//770 6345//6345 6103//6103
f 6174//6174 6346//6346 536//536
f 536//536 537//537 6178//6178
f 6179//6179 6174//6174 536//536
f 806//806 802//802 521//521
f 6104//6104 772//772 6180//6180
f 568//568 543//543 538//538
f 6106//6106 6120//6120 541//541
f 6126//6126 540//540 6111//6111
f 6127//6127 546//546 6113//6113
f 547//547 6111//6111 540//540
f 6131//6131 552//552 6114//6114
f 6114//6114 552//552 6136//6136
f 549//549 6115//6115 542//542
f 6120//6120 6118//6118 541//541
f 571//571 6146//6146 6119//6119
f 6121//6121 571//571 6119//6119
f 6132//6132 6125//6125 545//545
f 6129//6129 6137//6137 6133//6133
f 6130//6130 6112//6112 6138//6138
f 6134//6134 6139//6139 551//551
f 6163//6163 6151//6151 6140//6140
f 6153//6153 6141//6141 6152//6152
f 6135//6135 6154//6154 6155//6155
f 6156//6156 548//548 6164//6164
f 6142//6142 6157//6157 6165//6165
f 570//570 6166//6166 6143//6143
f 6144//6144 554//554 6185//6185
f 6145//6145 6158//6158 6168//6168
f 6186//6186 6169//6169 6191//6191
f 6116//6116 6147//6147 6170//6170
f 6192//6192 6171//6171 6148//6148
f 573//573 6117//6117 6172//6172
f 6117//6117 573//573 574//574
f 555//555 6154//6154 550//550
f 6154//6154 555//555 6155//6155
f 6167//6167 6187//6187 6175//6175
f 555//555 6188//6188 6155//6155
f 6172//6172 6159//6159 575//575
f 6200//6200 6160//6160 6189//6189
f 6172//6172 575//575 573//573
f 790//790 556//556 816//816
f 816//816 556//556 207//207
f 816//816 207//207 210//210
f 791//791 558//558 559//559
f 559//559 558//558 212//212
f 508//508 510//510 559//559
f 798//798 514//514 560//560
f 798//798 6176//6176 562//562
f 562//562 6176//6176 561//561
f 799//799 798//798 562//562
f 561//561 591//591 562//562
f 799//799 562//562 819//819
f 829//829 799//799 6382//6382
f 561//561 5751//5751 563//563
f 563//563 5751//5751 593//593
f 594//594 593//593 5751//5751
f 594//594 5751//5751 832//832
f 5751//5751 5755//5755 832//832
f 832//832 5755//5755 800//800
f 516//516 201//201 564//564
f 516//516 564//564 565//565
f 565//565 564//564 841//841
f 206//206 566//566 215//215
f 566//566 249//249 215//215
f 206//206 522//522 566//566
f 803//803 521//521 802//802
f 804//804 522//522 803//803
f 810//810 6180//6180 772//772
f 586//586 6181//6181 583//583
f 6223//6223 568//568 538//538
f 569//569 6121//6121 6181//6181
f 6117//6117 589//589 6107//6107
f 586//586 569//569 6181//6181
f 571//571 6121//6121 572//572
f 589//589 6117//6117 574//574
f 572//572 6121//6121 569//569
f 6248//6248 6199//6199 6182//6182
f 6235//6235 6249//6249 6183//6183
f 6190//6190 571//571 572//572
f 6190//6190 572//572 576//576
f 6195//6195 6193//6193 6184//6184
f 6196//6196 6202//6202 6194//6194
f 6197//6197 6182//6182 6199//6199
f 6203//6203 6200//6200 6189//6189
f 6201//6201 6204//6204 6198//6198
f 6376//6376 806//806 567//567
f 584//584 582//582 6215//6215
f 585//585 6216//6216 6220//6220
f 578//578 5770//5770 577//577
f 5770//5770 578//578 6211//6211
f 587//587 6226//6226 581//581
f 6205//6205 6217//6217 6207//6207
f 6206//6206 5771//5771 6218//6218
f 6208//6208 6219//6219 6229//6229
f 6230//6230 6214//6214 6212//6212
f 6230//6230 6212//6212 6209//6209
f 231//231 587//587 581//581
f 6214//6214 6230//6230 229//229
f 229//229 6230//6230 5818//5818
f 6108//6108 588//588 6224//6224
f 6225//6225 6242//6242 6236//6236
f 6237//6237 6243//6243 6238//6238
f 6221//6221 6227//6227 6244//6244
f 6239//6239 6245//6245 6228//6228
f 6246//6246 6231//6231 6222//6222
f 6235//6235 6240//6240 6249//6249
f 6232//6232 6249//6249 6240//6240
f 5819//5819 6233//6233 6241//6241
f 589//589 6247//6247 6107//6107
f 6247//6247 589//589 6234//6234
f 210//210 590//590 816//816
f 816//816 590//590 817//817
f 558//558 817//817 590//590
f 819//819 562//562 591//591
f 819//819 591//591 592//592
f 591//591 561//561 563//563
f 591//591 563//563 592//592
f 6250//6250 592//592 563//563
f 592//592 6250//6250 820//820
f 820//820 6250//6250 595//595
f 595//595 6250//6250 594//594
f 595//595 594//594 831//831
f 595//595 830//830 820//820
f 830//830 595//595 831//831
f 564//564 840//840 841//841
f 596//596 807//807 597//597
f 823//823 599//599 598//598
f 603//603 823//823 598//598
f 6370//6370 603//603 6251//6251
f 831//831 594//594 832//832
f 6389//6389 5820//5820 606//606
f 597//597 600//600 596//596
f 849//849 600//600 848//848
f 601//601 612//612 858//858
f 613//613 601//601 602//602
f 6251//6251 603//603 6252//6252
f 597//597 602//602 601//601
f 601//601 613//613 612//612
f 598//598 604//604 603//603
f 599//599 604//604 598//598
f 603//603 614//614 6252//6252
f 604//604 614//614 603//603
f 599//599 826//826 605//605
f 599//599 605//605 604//604
f 605//605 614//614 604//604
f 606//606 607//607 608//608
f 6256//6256 6255//6255 253//253
f 609//609 253//253 249//249
f 609//609 6257//6257 253//253
f 610//610 609//609 249//249
f 606//606 608//608 611//611
f 566//566 610//610 249//249
f 6258//6258 6257//6257 609//609
f 610//610 6258//6258 609//609
f 856//856 610//610 566//566
f 856//856 6258//6258 610//610
f 602//602 614//614 613//613
f 624//624 613//613 615//615
f 624//624 612//612 613//613
f 613//613 614//614 615//615
f 614//614 605//605 615//615
f 615//615 625//625 624//624
f 626//626 625//625 615//615
f 616//616 615//615 605//605
f 616//616 859//859 615//615
f 615//615 859//859 626//626
f 628//628 626//626 859//859
f 859//859 860//860 628//628
f 617//617 629//629 628//628
f 617//617 618//618 629//629
f 629//629 630//630 631//631
f 628//628 860//860 617//617
f 629//629 618//618 630//630
f 617//617 861//861 618//618
f 617//617 853//853 861//861
f 853//853 854//854 861//861
f 619//619 622//622 621//621
f 621//621 5830//5830 619//619
f 622//622 620//620 623//623
f 621//621 622//622 867//867
f 865//865 622//622 623//623
f 621//621 867//867 6259//6259
f 621//621 6259//6259 5830//5830
f 625//625 890//890 624//624
f 627//627 625//625 626//626
f 625//625 627//627 890//890
f 628//628 629//629 626//626
f 626//626 629//629 627//627
f 629//629 631//631 627//627
f 875//875 630//630 618//618
f 631//631 890//890 627//627
f 619//619 620//620 622//622
f 868//868 6259//6259 1178//1178
f 257//257 632//632 633//633
f 874//874 612//612 624//624
f 624//624 890//890 919//919
f 895//895 634//634 896//896
f 620//620 634//634 895//895
f 634//634 6261//6261 896//896
f 896//896 6261//6261 935//935
f 5831//5831 899//899 263//263
f 938//938 939//939 637//637
f 6262//6262 636//636 6453//6453
f 940//940 639//639 637//637
f 6453//6453 636//636 951//951
f 640//640 6263//6263 6264//6264
f 638//638 636//636 6262//6262
f 6262//6262 6267//6267 638//638
f 6265//6265 952//952 641//641
f 6264//6264 6268//6268 640//640
f 6267//6267 6269//6269 638//638
f 642//642 641//641 952//952
f 6271//6271 643//643 6270//6270
f 6271//6271 644//644 643//643
f 6269//6269 6272//6272 638//638
f 638//638 6272//6272 6273//6273
f 6274//6274 642//642 952//952
f 952//952 955//955 6274//6274
f 638//638 6273//6273 973//973
f 6274//6274 955//955 956//956
f 645//645 6274//6274 956//956
f 6273//6273 974//974 973//973
f 974//974 6275//6275 957//957
f 6273//6273 6275//6275 974//974
f 6276//6276 652//652 648//648
f 648//648 6277//6277 6276//6276
f 648//648 652//652 992//992
f 992//992 961//961 648//648
f 6278//6278 961//961 654//654
f 646//646 647//647 268//268
f 653//653 647//647 6278//6278
f 6278//6278 654//654 653//653
f 947//947 5633//5633 649//649
f 963//963 649//649 966//966
f 963//963 947//947 649//649
f 969//969 264//264 263//263
f 649//649 5633//5633 650//650
f 264//264 969//969 6279//6279
f 264//264 6279//6279 5634//5634
f 968//968 650//650 6478//6478
f 650//650 966//966 649//649
f 966//966 650//650 968//968
f 972//972 638//638 973//973
f 652//652 6276//6276 651//651
f 651//651 266//266 662//662
f 662//662 652//652 651//651
f 647//647 653//653 269//269
f 5863//5863 655//655 656//656
f 5861//5861 6281//6281 282//282
f 653//653 6280//6280 5862//5862
f 1265//1265 5864//5864 6282//6282
f 654//654 1002//1002 653//653
f 1002//1002 6280//6280 653//653
f 6528//6528 656//656 655//655
f 656//656 6528//6528 657//657
f 658//658 661//661 6292//6292
f 6529//6529 658//658 6284//6284
f 6288//6288 659//659 6285//6285
f 6289//6289 6293//6293 6290//6290
f 658//658 6529//6529 661//661
f 1002//1002 1243//1243 6295//6295
f 6292//6292 661//661 5866//5866
f 283//283 6295//6295 1243//1243
f 1243//1243 5870//5870 283//283
f 996//996 652//652 662//662
f 6283//6283 6286//6286 1252//1252
f 6294//6294 5869//5869 666//666
f 296//296 665//665 662//662
f 665//665 1021//1021 662//662
f 664//664 6296//6296 1007//1007
f 673//673 6296//6296 664//664
f 1007//1007 1016//1016 664//664
f 1016//1016 673//673 664//664
f 1007//1007 6296//6296 300//300
f 665//665 296//296 302//302
f 670//670 302//302 5886//5886
f 303//303 669//669 6299//6299
f 302//302 670//670 665//665
f 672//672 666//666 301//301
f 5887//5887 672//672 301//301
f 666//666 672//672 1017//1017
f 306//306 667//667 668//668
f 1035//1035 5887//5887 6297//6297
f 1035//1035 672//672 5887//5887
f 667//667 6300//6300 668//668
f 6299//6299 669//669 1018//1018
f 1019//1019 669//669 671//671
f 1019//1019 1018//1018 669//669
f 1035//1035 6297//6297 1025//1025
f 6298//6298 6301//6301 6537//6537
f 1023//1023 675//675 5888//5888
f 674//674 308//308 676//676
f 676//676 308//308 307//307
f 6302//6302 5888//5888 675//675
f 1023//1023 1045//1045 675//675
f 1045//1045 6302//6302 675//675
f 684//684 1054//1054 685//685
f 679//679 1064//1064 677//677
f 677//677 678//678 679//679
f 677//677 680//680 678//678
f 680//680 318//318 678//678
f 318//318 679//679 678//678
f 1065//1065 681//681 680//680
f 1065//1065 682//682 681//681
f 682//682 1065//1065 684//684
f 684//684 685//685 309//309
f 683//683 684//684 309//309
f 682//682 684//684 683//683
f 686//686 687//687 6303//6303
f 6304//6304 310//310 309//309
f 6304//6304 309//309 685//685
f 686//686 688//688 687//687
f 1066//1066 688//688 686//686
f 1066//1066 1056//1056 6306//6306
f 1056//1056 1068//1068 6306//6306
f 311//311 310//310 6304//6304
f 701//701 5890//5890 6305//6305
f 688//688 701//701 687//687
f 1057//1057 1070//1070 1067//1067
f 6562//6562 1071//1071 6307//6307
f 1070//1070 690//690 689//689
f 1070//1070 689//689 1067//1067
f 6307//6307 1071//1071 692//692
f 690//690 691//691 689//689
f 689//689 691//691 5915//5915
f 691//691 340//340 5915//5915
f 340//340 691//691 5920//5920
f 347//347 691//691 690//690
f 693//693 314//314 6307//6307
f 692//692 693//693 6307//6307
f 692//692 694//694 693//693
f 1075//1075 694//694 692//692
f 1072//1072 1075//1075 692//692
f 1071//1071 1072//1072 692//692
f 694//694 702//702 693//693
f 695//695 6309//6309 694//694
f 1075//1075 1076//1076 694//694
f 694//694 1076//1076 695//695
f 1076//1076 705//705 695//695
f 697//697 708//708 5934//5934
f 5939//5939 6308//6308 5935//5935
f 5939//5939 696//696 6308//6308
f 709//709 708//708 697//697
f 697//697 1063//1063 709//709
f 698//698 709//709 1063//1063
f 709//709 698//698 710//710
f 317//317 699//699 700//700
f 316//316 317//317 700//700
f 318//318 316//316 679//679
f 316//316 700//700 679//679
f 688//688 326//326 701//701
f 6306//6306 1068//1068 5903//5903
f 1068//1068 331//331 330//330
f 333//333 331//331 1068//1068
f 333//333 1068//1068 1067//1067
f 333//333 1067//1067 341//341
f 5915//5915 341//341 689//689
f 341//341 1067//1067 689//689
f 702//702 703//703 314//314
f 693//693 702//702 314//314
f 6309//6309 704//704 393//393
f 695//695 705//705 704//704
f 704//704 6309//6309 695//695
f 705//705 1076//1076 706//706
f 705//705 398//398 704//704
f 706//706 398//398 705//705
f 1355//1355 711//711 706//706
f 1079//1079 707//707 711//711
f 709//709 5951//5951 708//708
f 699//699 710//710 698//698
f 317//317 367//367 699//699
f 399//399 706//706 711//711
f 711//711 707//707 5987//5987
f 1079//1079 1080//1080 707//707
f 404//404 712//712 707//707
f 713//713 404//404 707//707
f 707//707 1080//1080 713//713
f 713//713 1080//1080 727//727
f 713//713 471//471 404//404
f 713//713 714//714 471//471
f 6312//6312 713//713 727//727
f 715//715 475//475 1080//1080
f 728//728 1081//1081 696//696
f 406//406 405//405 696//696
f 730//730 728//728 405//405
f 696//696 405//405 728//728
f 737//737 736//736 716//716
f 720//720 723//723 717//717
f 717//717 723//723 740//740
f 718//718 721//721 6313//6313
f 721//721 718//718 726//726
f 718//718 441//441 726//726
f 721//721 722//722 6313//6313
f 6313//6313 722//722 720//720
f 722//722 723//723 720//720
f 722//722 721//721 725//725
f 722//722 725//725 723//723
f 1095//1095 721//721 726//726
f 725//725 721//721 1095//1095
f 723//723 725//725 724//724
f 724//724 725//725 1094//1094
f 1095//1095 726//726 479//479
f 6312//6312 727//727 489//489
f 503//503 715//715 535//535
f 728//728 730//730 1089//1089
f 731//731 6317//6317 729//729
f 476//476 6318//6318 6319//6319
f 732//732 729//729 733//733
f 6321//6321 6320//6320 6316//6316
f 734//734 6055//6055 6320//6320
f 1089//1089 730//730 745//745
f 730//730 6056//6056 745//745
f 732//732 733//733 735//735
f 6321//6321 734//734 6320//6320
f 732//732 735//735 734//734
f 5937//5937 736//736 733//733
f 733//733 736//736 735//735
f 1101//1101 735//735 736//736
f 736//736 737//737 1102//1102
f 737//737 756//756 1102//1102
f 736//736 1102//1102 1101//1101
f 478//478 6322//6322 411//411
f 716//716 411//411 737//737
f 411//411 6322//6322 737//737
f 752//752 737//737 6322//6322
f 738//738 741//741 753//753
f 752//752 756//756 737//737
f 741//741 754//754 753//753
f 739//739 477//477 717//717
f 717//717 740//740 739//739
f 723//723 724//724 740//740
f 739//739 740//740 741//741
f 738//738 739//739 741//741
f 724//724 743//743 740//740
f 742//742 741//741 740//740
f 742//742 754//754 741//741
f 742//742 740//740 743//743
f 1094//1094 743//743 724//724
f 744//744 535//535 715//715
f 744//744 715//715 1086//1086
f 1086//1086 6103//6103 744//744
f 1086//1086 767//767 6103//6103
f 6055//6055 746//746 747//747
f 6057//6057 747//747 6323//6323
f 747//747 751//751 6323//6323
f 777//777 750//750 774//774
f 734//734 746//746 6055//6055
f 734//734 747//747 746//746
f 1099//1099 1089//1089 745//745
f 1099//1099 6324//6324 748//748
f 6326//6326 6325//6325 6334//6334
f 6351//6351 6331//6331 778//778
f 734//734 751//751 747//747
f 748//748 749//749 1099//1099
f 6326//6326 6334//6334 6327//6327
f 6328//6328 6335//6335 6332//6332
f 6329//6329 6333//6333 6358//6358
f 778//778 6331//6331 751//751
f 735//735 1122//1122 734//734
f 1148//1148 751//751 734//734
f 1122//1122 1148//1148 734//734
f 752//752 6322//6322 6336//6336
f 6336//6336 756//756 752//752
f 754//754 755//755 753//753
f 6337//6337 753//753 755//755
f 755//755 1106//1106 6337//6337
f 754//754 1106//1106 755//755
f 1158//1158 757//757 789//789
f 510//510 792//792 559//559
f 761//761 758//758 510//510
f 758//758 792//792 510//510
f 758//758 1114//1114 1133//1133
f 758//758 761//761 1114//1114
f 762//762 1114//1114 761//761
f 6339//6339 513//513 764//764
f 760//760 762//762 759//759
f 760//760 759//759 6340//6340
f 760//760 764//764 797//797
f 762//762 760//760 763//763
f 797//797 763//763 760//760
f 510//510 512//512 761//761
f 512//512 762//762 761//761
f 1115//1115 763//763 1117//1117
f 1115//1115 762//762 763//763
f 796//796 1141//1141 1117//1117
f 796//796 1117//1117 763//763
f 797//797 514//514 798//798
f 1375//1375 768//768 770//770
f 767//767 770//770 6103//6103
f 6567//6567 770//770 767//767
f 1375//1375 808//808 768//768
f 1375//1375 769//769 808//808
f 6725//6725 1118//1118 6341//6341
f 6253//6253 6341//6341 1118//1118
f 537//537 536//536 6344//6344
f 536//536 6346//6346 6344//6344
f 768//768 6347//6347 6105//6105
f 768//768 6105//6105 770//770
f 785//785 1121//1121 6330//6330
f 773//773 1121//1121 785//785
f 1099//1099 6581//6581 1120//1120
f 749//749 6581//6581 1099//1099
f 1121//1121 773//773 6580//6580
f 775//775 777//777 774//774
f 776//776 6353//6353 6352//6352
f 778//778 6356//6356 6351//6351
f 778//778 779//779 6356//6356
f 782//782 780//780 776//776
f 6360//6360 6357//6357 781//781
f 6359//6359 6356//6356 779//779
f 6361//6361 786//786 783//783
f 785//785 6330//6330 6354//6354
f 6329//6329 6358//6358 6355//6355
f 751//751 779//779 778//778
f 780//780 6353//6353 776//776
f 751//751 788//788 779//779
f 788//788 6359//6359 779//779
f 6362//6362 6359//6359 788//788
f 6364//6364 6348//6348 6363//6363
f 783//783 786//786 787//787
f 813//813 784//784 6364//6364
f 783//783 787//787 6379//6379
f 773//773 785//785 6354//6354
f 6353//6353 780//780 6349//6349
f 1148//1148 788//788 751//751
f 6350//6350 780//780 782//782
f 788//788 786//786 6361//6361
f 788//788 6365//6365 786//786
f 812//812 6348//6348 6364//6364
f 6364//6364 784//784 812//812
f 784//784 813//813 812//812
f 1148//1148 6365//6365 788//788
f 1158//1158 1132//1132 757//757
f 790//790 1158//1158 789//789
f 789//789 556//556 790//790
f 817//817 791//791 818//818
f 793//793 791//791 559//559
f 817//817 558//558 791//791
f 792//792 793//793 559//559
f 794//794 793//793 792//792
f 791//791 794//794 795//795
f 793//793 794//794 791//791
f 795//795 818//818 791//791
f 758//758 794//794 792//792
f 1162//1162 818//818 795//795
f 6587//6587 794//794 758//758
f 6587//6587 1134//1134 794//794
f 1134//1134 1135//1135 794//794
f 1135//1135 795//795 794//794
f 795//795 1135//1135 1162//1162
f 797//797 796//796 763//763
f 796//796 797//797 798//798
f 1165//1165 796//796 799//799
f 798//798 799//799 796//796
f 801//801 765//765 515//515
f 565//565 822//822 766//766
f 516//516 565//565 766//766
f 801//801 766//766 822//822
f 565//565 841//841 822//822
f 801//801 822//822 1174//1174
f 803//803 802//802 805//805
f 1188//1188 805//805 802//802
f 1188//1188 802//802 845//845
f 803//803 805//805 804//804
f 6347//6347 768//768 6377//6377
f 6377//6377 768//768 808//808
f 802//802 806//806 807//807
f 807//807 845//845 802//802
f 809//809 6371//6371 6367//6367
f 6253//6253 6372//6372 6374//6374
f 6373//6373 6342//6342 6368//6368
f 6343//6343 6375//6375 6369//6369
f 6341//6341 6253//6253 6374//6374
f 6378//6378 6373//6373 6368//6368
f 811//811 823//823 1119//1119
f 1119//1119 824//824 811//811
f 825//825 824//824 1119//1119
f 1166//1166 825//825 1119//1119
f 814//814 6380//6380 6366//6366
f 1148//1148 6381//6381 6365//6365
f 1152//1152 6380//6380 814//814
f 1159//1159 790//790 815//815
f 815//815 790//790 816//816
f 816//816 1163//1163 815//815
f 1163//1163 816//816 817//817
f 817//817 818//818 1162//1162
f 799//799 829//829 1165//1165
f 1169//1169 1165//1165 829//829
f 6382//6382 592//592 820//820
f 820//820 829//829 6382//6382
f 820//820 830//830 829//829
f 800//800 835//835 832//832
f 765//765 821//821 800//800
f 800//800 836//836 835//835
f 821//821 765//765 801//801
f 1174//1174 821//821 801//801
f 804//804 566//566 522//522
f 844//844 842//842 804//804
f 805//805 844//844 804//804
f 805//805 1188//1188 844//844
f 603//603 1119//1119 823//823
f 596//596 845//845 807//807
f 811//811 599//599 823//823
f 599//599 811//811 824//824
f 826//826 824//824 825//825
f 827//827 6383//6383 1166//1166
f 828//828 827//827 1168//1168
f 6383//6383 827//827 826//826
f 827//827 850//850 826//826
f 827//827 828//828 850//850
f 851//851 850//850 828//828
f 1398//1398 851//851 828//828
f 1169//1169 829//829 831//831
f 830//830 831//831 829//829
f 835//835 833//833 832//832
f 831//831 832//832 837//837
f 832//832 833//833 837//837
f 831//831 837//837 834//834
f 835//835 836//836 833//833
f 833//833 855//855 837//837
f 836//836 855//855 833//833
f 837//837 6395//6395 834//834
f 800//800 1182//1182 836//836
f 836//836 1182//1182 855//855
f 821//821 1170//1170 800//800
f 821//821 1174//1174 1170//1170
f 1170//1170 1182//1182 800//800
f 838//838 822//822 841//841
f 841//841 840//840 838//838
f 6384//6384 6389//6389 606//606
f 839//839 6385//6385 6254//6254
f 838//838 1174//1174 822//822
f 1176//1176 606//606 857//857
f 606//606 1176//1176 6387//6387
f 1176//1176 857//857 1177//1177
f 804//804 856//856 566//566
f 856//856 804//804 842//842
f 1177//1177 857//857 843//843
f 842//842 6391//6391 856//856
f 843//843 1185//1185 1177//1177
f 6393//6393 6392//6392 6390//6390
f 1188//1188 845//845 1191//1191
f 845//845 596//596 600//600
f 849//849 846//846 600//600
f 847//847 846//846 849//849
f 600//600 846//846 845//845
f 845//845 846//846 847//847
f 858//858 847//847 849//849
f 845//845 847//847 1191//1191
f 1191//1191 847//847 1197//1197
f 600//600 597//597 848//848
f 858//858 849//849 848//848
f 601//601 848//848 597//597
f 601//601 858//858 848//848
f 826//826 599//599 824//824
f 616//616 605//605 826//826
f 850//850 616//616 826//826
f 850//850 851//851 852//852
f 853//853 852//852 851//851
f 853//853 860//860 852//852
f 860//860 853//853 617//617
f 867//867 854//854 1178//1178
f 854//854 867//867 866//866
f 834//834 6395//6395 1181//1181
f 1181//1181 6395//6395 1180//1180
f 6395//6395 6605//6605 1180//1180
f 857//857 606//606 611//611
f 6397//6397 6258//6258 856//856
f 843//843 857//857 6396//6396
f 6392//6392 6393//6393 6606//6606
f 1177//1177 1185//1185 1430//1430
f 1197//1197 847//847 858//858
f 858//858 612//612 874//874
f 850//850 859//859 616//616
f 850//850 852//852 859//859
f 860//860 859//859 852//852
f 861//861 854//854 866//866
f 861//861 866//866 862//862
f 861//861 6398//6398 618//618
f 6398//6398 863//863 618//618
f 863//863 875//875 618//618
f 863//863 876//876 875//875
f 866//866 867//867 862//862
f 6398//6398 864//864 863//863
f 862//862 867//867 6399//6399
f 867//867 6400//6400 6399//6399
f 863//863 864//864 876//876
f 864//864 865//865 876//876
f 6259//6259 867//867 1178//1178
f 865//865 6401//6401 622//622
f 883//883 868//868 869//869
f 1178//1178 1194//1194 868//868
f 868//868 1194//1194 869//869
f 6402//6402 6610//6610 870//870
f 870//870 879//879 6402//6402
f 6402//6402 879//879 878//878
f 872//872 874//874 873//873
f 871//871 873//873 874//874
f 858//858 874//874 1197//1197
f 6611//6611 872//872 1199//1199
f 874//874 872//872 1197//1197
f 1199//1199 872//872 873//873
f 6612//6612 873//873 871//871
f 871//871 1202//1202 6612//6612
f 630//630 875//875 631//631
f 631//631 893//893 891//891
f 631//631 891//891 890//890
f 631//631 875//875 893//893
f 893//893 875//875 933//933
f 623//623 620//620 895//895
f 877//877 876//876 865//865
f 623//623 877//877 865//865
f 877//877 623//623 895//895
f 875//875 876//876 894//894
f 880//880 881//881 6402//6402
f 881//881 6408//6408 6402//6402
f 880//880 882//882 881//881
f 6402//6402 878//878 880//880
f 1200//1200 882//882 880//880
f 6613//6613 884//884 6405//6405
f 878//878 879//879 880//880
f 1200//1200 880//880 6404//6404
f 6260//6260 6409//6409 898//898
f 6418//6418 6410//6410 6406//6406
f 883//883 6259//6259 868//868
f 6408//6408 881//881 882//882
f 6407//6407 6412//6412 6419//6419
f 902//902 6419//6419 6412//6412
f 633//633 632//632 6411//6411
f 6413//6413 904//904 6420//6420
f 6422//6422 6414//6414 903//903
f 871//871 874//874 886//886
f 6403//6403 885//885 6615//6615
f 885//885 6403//6403 6415//6415
f 1203//1203 885//885 6415//6415
f 885//885 1203//1203 6615//6615
f 874//874 889//889 886//886
f 888//888 6415//6415 887//887
f 6416//6416 6417//6417 887//887
f 6415//6415 888//888 1203//1203
f 624//624 889//889 874//874
f 887//887 6417//6417 913//913
f 887//887 913//913 915//915
f 888//888 887//887 915//915
f 916//916 888//888 915//915
f 888//888 6446//6446 1203//1203
f 1206//1206 1203//1203 1207//1207
f 889//889 624//624 919//919
f 890//890 928//928 919//919
f 890//890 891//891 892//892
f 893//893 892//892 891//891
f 875//875 894//894 933//933
f 933//933 894//894 934//934
f 877//877 897//897 894//894
f 894//894 897//897 934//934
f 935//935 897//897 896//896
f 877//877 895//895 897//897
f 897//897 895//895 896//896
f 897//897 935//935 6452//6452
f 876//876 877//877 894//894
f 6260//6260 898//898 899//899
f 900//900 899//899 898//898
f 899//899 5831//5831 6260//6260
f 898//898 6421//6421 900//900
f 901//901 900//900 6421//6421
f 905//905 6422//6422 903//903
f 6423//6423 901//901 6421//6421
f 901//901 6423//6423 906//906
f 906//906 6423//6423 907//907
f 901//901 906//906 907//907
f 6425//6425 6429//6429 6424//6424
f 907//907 909//909 901//901
f 6430//6430 6426//6426 908//908
f 6434//6434 6430//6430 908//908
f 6435//6435 6431//6431 910//910
f 6437//6437 911//911 6436//6436
f 937//937 1210//1210 909//909
f 937//937 909//909 6440//6440
f 6454//6454 911//911 912//912
f 1211//1211 6455//6455 6442//6442
f 6437//6437 912//912 911//911
f 913//913 914//914 915//915
f 916//916 915//915 914//914
f 916//916 914//914 921//921
f 1203//1203 6446//6446 917//917
f 917//917 6446//6446 921//921
f 917//917 921//921 920//920
f 918//918 1203//1203 917//917
f 917//917 920//920 918//918
f 1203//1203 918//918 1207//1207
f 919//919 6443//6443 889//889
f 6444//6444 6448//6448 6445//6445
f 922//922 920//920 914//914
f 6449//6449 6445//6445 6448//6448
f 920//920 921//921 914//914
f 920//920 925//925 6447//6447
f 918//918 6451//6451 1207//1207
f 1207//1207 6451//6451 1208//1208
f 919//919 928//928 6450//6450
f 928//928 931//931 6450//6450
f 923//923 922//922 924//924
f 922//922 931//931 924//924
f 920//920 922//922 923//923
f 924//924 926//926 923//923
f 920//920 923//923 925//925
f 925//925 923//923 926//926
f 926//926 924//924 927//927
f 1209//1209 6451//6451 926//926
f 1209//1209 1208//1208 6451//6451
f 927//927 1209//1209 926//926
f 932//932 1209//1209 927//927
f 890//890 892//892 928//928
f 928//928 929//929 931//931
f 924//924 931//931 930//930
f 924//924 930//930 927//927
f 927//927 930//930 932//932
f 930//930 931//931 932//932
f 932//932 931//931 1216//1216
f 929//929 928//928 892//892
f 892//892 893//893 929//929
f 929//929 942//942 931//931
f 929//929 893//893 942//942
f 893//893 933//933 942//942
f 6452//6452 935//935 948//948
f 6452//6452 948//948 949//949
f 933//933 934//934 1218//1218
f 934//934 6461//6461 1218//1218
f 933//933 1218//1218 942//942
f 935//935 946//946 948//948
f 263//263 899//899 950//950
f 899//899 936//936 950//950
f 899//899 900//900 936//936
f 936//936 900//900 1220//1220
f 950//950 936//936 1220//1220
f 6453//6453 1210//1210 937//937
f 6440//6440 6453//6453 937//937
f 6455//6455 1211//1211 1212//1212
f 6441//6441 939//939 938//938
f 940//940 637//637 939//939
f 6456//6456 6455//6455 1212//1212
f 6456//6456 1212//1212 6266//6266
f 6266//6266 1212//1212 6465//6465
f 1216//1216 931//931 941//941
f 931//931 942//942 941//941
f 944//944 941//941 942//942
f 942//942 1218//1218 944//944
f 943//943 944//944 945//945
f 944//944 1218//1218 945//945
f 946//946 935//935 6261//6261
f 6460//6460 635//635 947//947
f 6462//6462 947//947 963//963
f 948//948 946//946 949//949
f 6460//6460 947//947 6463//6463
f 967//967 969//969 263//263
f 967//967 263//263 950//950
f 971//971 967//967 950//950
f 6453//6453 951//951 1210//1210
f 636//636 638//638 951//951
f 1212//1212 953//953 6465//6465
f 955//955 6465//6465 953//953
f 953//953 954//954 955//955
f 1222//1222 954//954 953//953
f 1222//1222 1223//1223 954//954
f 955//955 954//954 956//956
f 954//954 1223//1223 956//956
f 958//958 957//957 6275//6275
f 956//956 6466//6466 645//645
f 956//956 1223//1223 6466//6466
f 959//959 957//957 958//958
f 958//958 960//960 959//959
f 6470//6470 6467//6467 977//977
f 1223//1223 1224//1224 6468//6468
f 1224//1224 6481//6481 6468//6468
f 962//962 1225//1225 1476//1476
f 961//961 992//992 994//994
f 6473//6473 6513//6513 993//993
f 962//962 961//961 994//994
f 962//962 1476//1476 961//961
f 961//961 1226//1226 654//654
f 1476//1476 1226//1226 961//961
f 6462//6462 963//963 964//964
f 965//965 963//963 966//966
f 6462//6462 964//964 1219//1219
f 1219//1219 964//964 6477//6477
f 964//964 6476//6476 6477//6477
f 966//966 6619//6619 965//965
f 6619//6619 966//966 1477//1477
f 1477//1477 966//966 968//968
f 970//970 967//967 971//971
f 970//970 969//969 967//967
f 970//970 971//971 1227//1227
f 1227//1227 969//969 970//970
f 1003//1003 1231//1231 972//972
f 972//972 1231//1231 951//951
f 1231//1231 1003//1003 1237//1237
f 1004//1004 972//972 1005//1005
f 638//638 972//972 951//951
f 972//972 973//973 1005//1005
f 973//973 974//974 975//975
f 957//957 975//975 974//974
f 975//975 957//957 1245//1245
f 957//957 6469//6469 1245//1245
f 6469//6469 6471//6471 1245//1245
f 6482//6482 976//976 6472//6472
f 1245//1245 6471//6471 6479//6479
f 6480//6480 6483//6483 979//979
f 978//978 1245//1245 6479//6479
f 6479//6479 6484//6484 978//978
f 980//980 6473//6473 995//995
f 982//982 986//986 978//978
f 982//982 978//978 6484//6484
f 6484//6484 6486//6486 984//984
f 982//982 6484//6484 984//984
f 6486//6486 6514//6514 997//997
f 984//984 6486//6486 997//997
f 6485//6485 6481//6481 1224//1224
f 981//981 6485//6485 1224//1224
f 6487//6487 6485//6485 981//981
f 983//983 6487//6487 981//981
f 6474//6474 6487//6487 983//983
f 985//985 6474//6474 983//983
f 6497//6497 6623//6623 6475//6475
f 6491//6491 6488//6488 6500//6500
f 6622//6622 6501//6501 6489//6489
f 6492//6492 6495//6495 6493//6493
f 6492//6492 6493//6493 6490//6490
f 6498//6498 6494//6494 6496//6496
f 6517//6517 6498//6498 6496//6496
f 6499//6499 6518//6518 987//987
f 6516//6516 990//990 999//999
f 988//988 1000//1000 1239//1239
f 988//988 6519//6519 1000//1000
f 6623//6623 6497//6497 6502//6502
f 989//989 6499//6499 987//987
f 6506//6506 1238//1238 6508//6508
f 6503//6503 6630//6630 6507//6507
f 6503//6503 6505//6505 6630//6630
f 6504//6504 6519//6519 988//988
f 6505//6505 6631//6631 6630//6630
f 986//986 1245//1245 978//978
f 986//986 6499//6499 989//989
f 989//989 1251//1251 986//986
f 989//989 991//991 1251//1251
f 989//989 6509//6509 991//991
f 990//990 6516//6516 6511//6511
f 993//993 992//992 652//652
f 1262//1262 996//996 662//662
f 993//993 6513//6513 992//992
f 993//993 652//652 996//996
f 6473//6473 993//993 995//995
f 6520//6520 6515//6515 6512//6512
f 998//998 6520//6520 6512//6512
f 6516//6516 999//999 998//998
f 6512//6512 6516//6516 998//998
f 6521//6521 1001//1001 6526//6526
f 6521//6521 6522//6522 1001//1001
f 6523//6523 1242//1242 6527//6527
f 6510//6510 6640//6640 6524//6524
f 1242//1242 6523//6523 6525//6525
f 6526//6526 1001//1001 6632//6632
f 1001//1001 1241//1241 6632//6632
f 6637//6637 6527//6527 1242//1242
f 1226//1226 1002//1002 654//654
f 6291//6291 6644//6644 6287//6287
f 1243//1243 1007//1007 5870//5870
f 972//972 1004//1004 6530//6530
f 1004//1004 1244//1244 6530//6530
f 1005//1005 973//973 1008//1008
f 1008//1008 973//973 1006//1006
f 6531//6531 1249//1249 1005//1005
f 973//973 975//975 1006//1006
f 1014//1014 1011//1011 1006//1006
f 975//975 1014//1014 1006//1006
f 1245//1245 1014//1014 975//975
f 6282//6282 6645//6645 1265//1265
f 1008//1008 1006//1006 1010//1010
f 6531//6531 6532//6532 1249//1249
f 6533//6533 1009//1009 1248//1248
f 1012//1012 1009//1009 6533//6533
f 1248//1248 1009//1009 1013//1013
f 1009//1009 1012//1012 1013//1013
f 1010//1010 1006//1006 1011//1011
f 1010//1010 1011//1011 1012//1012
f 1012//1012 1011//1011 1013//1013
f 1014//1014 1259//1259 1011//1011
f 1017//1017 6291//6291 666//666
f 1015//1015 6291//6291 1017//1017
f 666//666 6291//6291 6294//6294
f 1254//1254 1016//1016 1007//1007
f 1254//1254 673//673 1016//1016
f 1262//1262 662//662 1021//1021
f 1265//1265 1023//1023 663//663
f 673//673 1254//1254 1026//1026
f 670//670 6534//6534 665//665
f 1021//1021 665//665 6534//6534
f 1019//1019 1020//1020 1018//1018
f 1020//1020 1019//1019 671//671
f 1022//1022 1021//1021 6535//6535
f 1021//1021 6534//6534 6535//6535
f 1028//1028 6536//6536 1020//1020
f 1020//1020 671//671 1028//1028
f 1021//1021 1022//1022 1029//1029
f 6542//6542 6536//6536 1028//1028
f 1275//1275 1021//1021 1029//1029
f 1262//1262 1021//1021 1275//1275
f 1017//1017 1031//1031 1024//1024
f 1017//1017 672//672 1031//1031
f 1032//1032 1031//1031 672//672
f 1032//1032 672//672 1035//1035
f 6538//6538 6537//6537 6301//6301
f 1025//1025 1034//1034 1035//1035
f 674//674 1028//1028 671//671
f 1027//1027 1028//1028 674//674
f 6540//6540 6542//6542 1028//1028
f 1275//1275 1029//1029 6541//6541
f 1023//1023 1042//1042 1045//1045
f 1042//1042 1046//1046 1045//1045
f 1023//1023 1321//1321 1042//1042
f 1321//1321 1044//1044 1042//1042
f 1024//1024 1031//1031 1311//1311
f 1031//1031 1030//1030 1311//1311
f 6705//6705 1030//1030 1312//1312
f 1031//1031 1032//1032 1030//1030
f 1032//1032 1047//1047 1030//1030
f 1313//1313 1030//1030 1314//1314
f 1313//1313 1312//1312 1030//1030
f 1314//1314 1030//1030 1327//1327
f 1047//1047 1327//1327 1030//1030
f 1032//1032 1035//1035 1049//1049
f 6539//6539 1282//1282 1033//1033
f 6537//6537 6538//6538 6543//6543
f 1033//1033 6544//6544 6539//6539
f 1035//1035 1034//1034 1036//1036
f 1282//1282 6544//6544 1033//1033
f 1282//1282 1037//1037 6544//6544
f 6545//6545 6547//6547 6546//6546
f 1049//1049 1035//1035 1038//1038
f 1035//1035 1036//1036 1039//1039
f 1038//1038 1035//1035 1039//1039
f 6652//6652 1051//1051 6548//6548
f 6556//6556 6550//6550 6549//6549
f 6551//6551 6546//6546 6547//6547
f 1041//1041 674//674 1040//1040
f 1040//1040 674//674 676//676
f 6552//6552 6302//6302 1046//1046
f 1042//1042 6552//6552 1046//1046
f 1044//1044 6552//6552 1042//1042
f 1041//1041 1040//1040 1043//1043
f 6552//6552 1044//1044 6553//6553
f 1320//1320 6553//6553 1044//1044
f 1321//1321 1320//1320 1044//1044
f 1045//1045 1046//1046 6302//6302
f 1032//1032 1048//1048 1047//1047
f 1047//1047 1048//1048 1327//1327
f 1327//1327 1048//1048 1328//1328
f 1048//1048 1032//1032 1049//1049
f 1328//1328 1048//1048 1049//1049
f 1038//1038 1050//1050 1049//1049
f 1038//1038 1039//1039 1050//1050
f 6557//6557 1049//1049 1050//1050
f 1050//1050 1039//1039 6557//6557
f 1336//1336 1054//1054 1053//1053
f 1052//1052 1336//1336 1053//1053
f 680//680 1053//1053 1065//1065
f 1053//1053 1054//1054 1065//1065
f 1054//1054 1553//1553 685//685
f 1553//1553 686//686 6303//6303
f 686//686 1553//1553 1055//1055
f 686//686 1055//1055 1066//1066
f 1055//1055 1056//1056 1066//1066
f 1553//1553 1056//1056 1055//1055
f 1342//1342 1343//1343 1057//1057
f 1343//1343 1058//1058 1057//1057
f 1057//1057 1058//1058 1069//1069
f 1058//1058 1059//1059 6563//6563
f 1060//1060 1059//1059 1058//1058
f 1344//1344 6560//6560 1058//1058
f 6560//6560 1061//1061 1074//1074
f 6563//6563 1059//1059 1060//1060
f 6560//6560 1346//1346 1061//1061
f 1077//1077 1352//1352 1339//1339
f 696//696 1339//1339 6308//6308
f 1063//1063 697//697 1339//1339
f 1063//1063 699//699 698//698
f 699//699 1063//1063 1062//1062
f 1052//1052 1062//1062 1339//1339
f 1063//1063 1339//1339 1062//1062
f 1062//1062 1064//1064 700//700
f 1062//1062 700//700 699//699
f 1052//1052 1064//1064 1062//1062
f 680//680 677//677 1053//1053
f 1053//1053 677//677 1064//1064
f 679//679 700//700 1064//1064
f 1064//1064 1052//1052 1053//1053
f 1054//1054 684//684 1065//1065
f 1067//1067 1068//1068 1056//1056
f 1067//1067 1342//1342 1057//1057
f 6559//6559 6561//6561 1071//1071
f 6563//6563 1069//1069 1058//1058
f 6562//6562 6559//6559 1071//1071
f 6561//6561 1072//1072 1071//1071
f 1073//1073 6564//6564 6563//6563
f 1060//1060 1073//1073 6563//6563
f 6564//6564 1073//1073 1060//1060
f 1074//1074 1061//1061 6565//6565
f 1348//1348 6565//6565 1061//1061
f 6564//6564 1075//1075 6563//6563
f 1076//1076 1075//1075 6564//6564
f 1077//1077 1081//1081 1352//1352
f 1352//1352 1081//1081 1351//1351
f 1339//1339 696//696 1077//1077
f 696//696 1081//1081 1077//1077
f 1355//1355 706//706 6565//6565
f 1355//1355 1078//1078 711//711
f 1079//1079 711//711 1078//1078
f 1080//1080 1079//1079 1357//1357
f 1361//1361 1081//1081 1083//1083
f 1082//1082 715//715 1080//1080
f 6566//6566 1369//1369 715//715
f 1081//1081 1084//1084 1083//1083
f 1084//1084 1368//1368 1083//1083
f 1084//1084 1081//1081 728//728
f 1084//1084 728//728 1089//1089
f 1084//1084 1088//1088 1368//1368
f 1089//1089 1088//1088 1084//1084
f 1095//1095 1094//1094 725//725
f 1086//1086 715//715 1085//1085
f 1087//1087 6568//6568 1085//1085
f 6569//6569 1098//1098 6567//6567
f 1088//1088 1089//1089 1380//1380
f 1091//1091 1090//1090 1093//1093
f 1091//1091 1093//1093 1110//1110
f 743//743 1094//1094 1090//1090
f 743//743 1090//1090 742//742
f 742//742 1090//1090 1091//1091
f 1091//1091 754//754 742//742
f 1094//1094 1092//1092 1090//1090
f 1093//1093 1090//1090 1092//1092
f 6570//6570 1092//1092 1111//1111
f 1095//1095 479//479 1097//1097
f 757//757 1097//1097 479//479
f 1094//1094 1096//1096 1092//1092
f 1095//1095 1096//1096 1094//1094
f 1097//1097 1096//1096 1095//1095
f 1092//1092 1096//1096 1111//1111
f 1096//1096 1097//1097 1111//1111
f 1097//1097 1112//1112 1111//1111
f 6567//6567 1098//1098 770//770
f 1098//1098 1375//1375 770//770
f 1089//1089 1385//1385 1380//1380
f 1100//1100 735//735 1101//1101
f 1100//1100 1122//1122 735//735
f 1101//1101 1102//1102 1104//1104
f 1104//1104 1100//1100 1101//1101
f 1105//1105 1381//1381 1391//1391
f 1103//1103 6571//6571 6338//6338
f 6572//6572 6573//6573 6575//6575
f 1105//1105 6576//6576 6574//6574
f 1105//1105 6574//6574 1108//1108
f 1108//1108 1109//1109 1105//1105
f 1107//1107 1106//1106 754//754
f 1107//1107 1108//1108 1106//1106
f 1108//1108 6574//6574 1106//1106
f 6337//6337 1106//1106 6574//6574
f 754//754 1091//1091 1107//1107
f 1110//1110 1107//1107 1091//1091
f 1108//1108 1107//1107 1109//1109
f 1109//1109 1107//1107 1110//1110
f 6570//6570 1383//1383 6579//6579
f 1109//1109 1110//1110 1382//1382
f 6579//6579 1383//1383 1382//1382
f 1383//1383 6570//6570 1111//1111
f 1383//1383 1111//1111 1112//1112
f 1112//1112 1395//1395 1383//1383
f 1097//1097 757//757 1113//1113
f 1097//1097 1113//1113 1112//1112
f 1113//1113 1130//1130 1112//1112
f 1113//1113 1132//1132 1130//1130
f 757//757 1132//1132 1113//1113
f 1114//1114 1116//1116 1133//1133
f 1116//1116 1115//1115 1117//1117
f 1114//1114 1115//1115 1116//1116
f 1114//1114 762//762 1115//1115
f 1137//1137 1133//1133 1116//1116
f 1136//1136 1137//1137 1116//1116
f 1116//1116 1117//1117 1136//1136
f 1117//1117 1141//1141 1138//1138
f 1376//1376 1118//1118 6725//6725
f 1384//1384 1118//1118 1376//1376
f 1384//1384 1376//1376 1377//1377
f 1118//1118 1384//1384 1119//1119
f 1119//1119 603//603 1118//1118
f 1119//1119 1384//1384 1166//1166
f 1385//1385 1089//1089 1386//1386
f 1089//1089 1120//1120 1386//1386
f 1089//1089 1099//1099 1120//1120
f 1149//1149 1122//1122 1100//1100
f 1100//1100 1104//1104 1123//1123
f 1104//1104 1124//1124 1123//1123
f 6577//6577 6578//6578 6582//6582
f 1124//1124 1125//1125 1123//1123
f 1123//1123 1125//1125 1100//1100
f 1100//1100 1155//1155 1149//1149
f 1125//1125 1124//1124 1126//1126
f 1126//1126 1127//1127 1125//1125
f 1100//1100 1125//1125 6597//6597
f 6597//6597 1125//1125 1127//1127
f 1128//1128 6578//6578 6728//6728
f 6582//6582 6578//6578 1128//1128
f 6584//6584 6583//6583 6586//6586
f 6585//6585 1129//1129 6598//6598
f 1129//1129 6584//6584 1391//1391
f 6584//6584 1129//1129 6585//6585
f 6586//6586 1391//1391 6584//6584
f 1131//1131 1112//1112 1130//1130
f 1394//1394 1131//1131 1130//1130
f 1132//1132 1156//1156 1130//1130
f 1137//1137 6588//6588 1133//1133
f 1135//1135 6588//6588 1137//1137
f 1117//1117 1138//1138 1136//1136
f 1136//1136 1138//1138 1137//1137
f 1135//1135 1137//1137 1139//1139
f 1137//1137 1140//1140 1139//1139
f 1137//1137 1138//1138 1140//1140
f 1138//1138 1141//1141 1140//1140
f 1135//1135 1139//1139 1164//1164
f 1135//1135 1164//1164 1162//1162
f 1140//1140 1141//1141 1165//1165
f 1140//1140 1164//1164 1139//1139
f 1165//1165 1164//1164 1140//1140
f 796//796 1165//1165 1141//1141
f 1396//1396 1167//1167 1166//1166
f 1396//1396 1168//1168 6600//6600
f 1397//1397 1168//1168 1396//1396
f 1397//1397 1398//1398 1168//1168
f 1402//1402 1143//1143 1403//1403
f 812//812 1142//1142 1120//1120
f 1142//1142 812//812 6589//6589
f 6590//6590 812//812 1145//1145
f 1144//1144 6591//6591 1145//1145
f 6730//6730 1142//1142 6589//6589
f 1145//1145 1146//1146 1144//1144
f 1144//1144 1146//1146 6731//6731
f 1144//1144 6731//6731 6591//6591
f 1120//1120 6348//6348 812//812
f 1147//1147 812//812 1150//1150
f 1147//1147 1145//1145 812//812
f 1146//1146 1145//1145 1147//1147
f 1404//1404 6731//6731 1146//1146
f 1146//1146 1147//1147 1406//1406
f 1406//1406 1147//1147 1154//1154
f 6732//6732 6595//6595 1407//1407
f 1122//1122 6592//6592 1148//1148
f 6592//6592 6381//6381 1148//1148
f 813//813 1150//1150 812//812
f 1151//1151 1150//1150 813//813
f 6594//6594 1151//1151 813//813
f 1152//1152 814//814 6593//6593
f 1153//1153 1150//1150 1151//1151
f 1151//1151 6594//6594 1153//1153
f 1147//1147 1150//1150 1153//1153
f 1147//1147 1153//1153 1154//1154
f 6596//6596 1152//1152 6593//6593
f 1154//1154 1153//1153 6594//6594
f 6593//6593 6599//6599 6596//6596
f 6598//6598 1407//1407 6595//6595
f 1410//1410 1394//1394 1130//1130
f 1410//1410 1130//1130 1156//1156
f 1156//1156 1132//1132 1158//1158
f 1156//1156 1158//1158 1157//1157
f 1158//1158 1159//1159 1160//1160
f 1159//1159 1158//1158 790//790
f 1159//1159 815//815 1160//1160
f 1160//1160 1163//1163 1161//1161
f 815//815 1163//1163 1160//1160
f 1164//1164 1161//1161 1163//1163
f 1161//1161 1164//1164 1419//1419
f 817//817 1162//1162 1163//1163
f 1163//1163 1162//1162 1164//1164
f 1411//1411 1164//1164 1165//1165
f 1411//1411 1165//1165 1422//1422
f 1167//1167 827//827 1166//1166
f 1168//1168 1398//1398 828//828
f 1168//1168 827//827 6600//6600
f 853//853 851//851 1398//1398
f 1419//1419 1160//1160 1161//1161
f 1416//1416 1158//1158 1160//1160
f 1423//1423 1169//1169 1424//1424
f 834//834 1426//1426 1169//1169
f 831//831 834//834 1169//1169
f 1426//1426 834//834 1427//1427
f 1427//1427 834//834 1181//1181
f 1181//1181 1172//1172 1173//1173
f 1181//1181 1173//1173 1428//1428
f 1427//1427 1181//1181 1428//1428
f 1182//1182 1170//1170 1171//1171
f 6605//6605 6601//6601 1172//1172
f 1170//1170 1174//1174 1171//1171
f 1172//1172 6601//6601 6602//6602
f 1172//1172 1181//1181 1183//1183
f 1172//1172 1175//1175 1173//1173
f 1429//1429 1428//1428 1173//1173
f 6386//6386 6388//6388 6603//6603
f 6604//6604 6387//6387 1176//1176
f 1172//1172 6604//6604 1175//1175
f 1176//1176 1175//1175 6604//6604
f 1176//1176 1173//1173 1175//1175
f 1430//1430 1173//1173 1177//1177
f 1177//1177 1173//1173 1176//1176
f 1191//1191 1192//1192 1188//1188
f 853//853 1398//1398 854//854
f 1181//1181 1180//1180 1183//1183
f 1180//1180 6605//6605 1183//1183
f 1172//1172 1183//1183 6605//6605
f 1186//1186 1430//1430 1185//1185
f 1186//1186 1184//1184 1430//1430
f 1185//1185 6394//6394 6608//6608
f 1187//1187 1186//1186 1189//1189
f 1187//1187 1184//1184 1186//1186
f 1187//1187 1189//1189 1190//1190
f 1185//1185 6608//6608 1186//1186
f 6609//6609 6607//6607 1192//1192
f 1192//1192 1197//1197 6609//6609
f 1188//1188 1192//1192 6607//6607
f 1197//1197 1192//1192 1191//1191
f 1439//1439 1193//1193 1179//1179
f 1200//1200 1193//1193 1439//1439
f 1439//1439 1432//1432 6613//6613
f 1432//1432 1441//1441 6613//6613
f 1178//1178 1179//1179 1194//1194
f 870//870 6610//6610 879//879
f 1193//1193 6610//6610 1179//1179
f 1200//1200 6404//6404 1193//1193
f 879//879 6610//6610 1193//1193
f 1441//1441 884//884 6613//6613
f 1441//1441 1442//1442 6414//6414
f 1189//1189 6611//6611 1195//1195
f 1189//1189 1195//1195 1190//1190
f 1190//1190 1195//1195 1196//1196
f 1195//1195 6611//6611 1196//1196
f 1196//1196 6611//6611 1199//1199
f 1199//1199 1198//1198 1196//1196
f 1196//1196 1456//1456 1190//1190
f 1456//1456 1196//1196 1198//1198
f 1458//1458 1198//1198 1205//1205
f 6615//6615 1205//1205 1198//1198
f 1198//1198 1199//1199 6615//6615
f 1445//1445 1446//1446 6427//6427
f 6432//6432 1446//1446 1201//1201
f 1446//1446 6432//6432 6427//6427
f 1442//1442 903//903 6414//6414
f 1442//1442 6736//6736 903//903
f 6428//6428 903//903 6736//6736
f 6614//6614 6438//6438 6433//6433
f 6614//6614 1459//1459 6438//6438
f 1461//1461 6439//6439 1459//1459
f 1204//1204 1461//1461 1462//1462
f 1205//1205 6615//6615 1206//1206
f 6615//6615 1203//1203 1206//1206
f 1461//1461 1204//1204 6439//6439
f 6439//6439 1204//1204 6442//6442
f 1462//1462 1211//1211 1204//1204
f 1206//1206 1209//1209 1616//1616
f 1215//1215 1616//1616 1209//1209
f 1206//1206 1208//1208 1209//1209
f 1206//1206 1207//1207 1208//1208
f 1209//1209 932//932 1216//1216
f 1216//1216 1215//1215 1209//1209
f 900//900 901//901 1220//1220
f 909//909 1210//1210 901//901
f 1204//1204 1211//1211 6442//6442
f 1212//1212 1222//1222 953//953
f 1212//1212 1213//1213 1214//1214
f 1214//1214 1222//1222 1212//1212
f 1467//1467 1213//1213 1212//1212
f 1214//1214 1213//1213 1467//1467
f 1217//1217 1215//1215 1216//1216
f 1216//1216 6458//6458 1217//1217
f 6457//6457 6616//6616 941//941
f 944//944 6457//6457 941//941
f 945//945 6617//6617 943//943
f 945//945 1218//1218 6620//6620
f 6618//6618 6464//6464 6621//6621
f 1217//1217 6459//6459 6619//6619
f 1477//1477 1217//1217 6619//6619
f 971//971 950//950 1220//1220
f 1220//1220 901//901 1221//1221
f 901//901 1210//1210 1221//1221
f 1231//1231 1221//1221 1210//1210
f 1210//1210 951//951 1231//1231
f 1214//1214 1223//1223 1222//1222
f 1617//1617 1223//1223 1214//1214
f 1224//1224 1223//1223 1617//1617
f 1472//1472 1475//1475 1224//1224
f 1475//1475 6502//6502 1224//1224
f 6623//6623 6502//6502 1475//1475
f 6739//6739 1476//1476 1225//1225
f 1477//1477 968//968 1478//1478
f 1478//1478 968//968 6478//6478
f 6478//6478 1228//1228 1478//1478
f 1227//1227 6626//6626 969//969
f 1220//1220 1229//1229 971//971
f 971//971 1229//1229 1230//1230
f 971//971 1230//1230 6624//6624
f 6627//6627 6625//6625 6628//6628
f 1232//1232 1229//1229 1220//1220
f 1230//1230 1229//1229 1232//1232
f 1220//1220 1221//1221 1232//1232
f 1237//1237 1233//1233 1231//1231
f 1235//1235 1237//1237 1244//1244
f 1221//1221 1231//1231 1232//1232
f 1233//1233 1232//1232 1231//1231
f 1232//1232 1234//1234 1230//1230
f 1232//1232 1233//1233 1234//1234
f 1234//1234 1233//1233 1235//1235
f 1235//1235 1233//1233 1237//1237
f 1236//1236 1234//1234 1235//1235
f 1236//1236 1230//1230 1234//1234
f 1235//1235 1244//1244 1236//1236
f 1244//1244 1482//1482 1236//1236
f 6530//6530 1244//1244 1237//1237
f 6631//6631 1240//1240 6630//6630
f 6634//6634 6641//6641 1238//1238
f 6641//6641 6508//6508 1238//1238
f 6633//6633 6638//6638 6635//6635
f 6636//6636 6639//6639 6642//6642
f 1481//1481 1002//1002 1226//1226
f 1243//1243 1002//1002 1481//1481
f 1481//1481 1483//1483 1243//1243
f 1482//1482 1244//1244 1004//1004
f 1482//1482 1004//1004 6643//6643
f 1004//1004 1005//1005 6643//6643
f 1246//1246 1250//1250 1245//1245
f 1245//1245 986//986 1246//1246
f 996//996 1247//1247 991//991
f 1247//1247 1251//1251 991//991
f 986//986 1251//1251 1246//1246
f 1007//1007 1243//1243 1484//1484
f 1483//1483 1484//1484 1243//1243
f 1484//1484 1254//1254 1007//1007
f 1005//1005 1249//1249 6643//6643
f 6532//6532 6643//6643 1249//1249
f 1013//1013 1485//1485 6643//6643
f 1245//1245 1250//1250 1014//1014
f 1014//1014 1261//1261 1259//1259
f 1014//1014 1250//1250 1261//1261
f 1250//1250 1246//1246 1251//1251
f 1250//1250 1251//1251 1486//1486
f 1251//1251 1264//1264 1494//1494
f 1251//1251 1247//1247 1264//1264
f 1247//1247 1263//1263 1264//1264
f 1263//1263 1247//1247 996//996
f 6645//6645 1266//1266 1265//1265
f 6644//6644 1253//1253 1266//1266
f 1266//1266 1253//1253 1281//1281
f 1281//1281 1253//1253 1268//1268
f 1253//1253 6644//6644 6291//6291
f 1015//1015 1253//1253 6291//6291
f 1253//1253 1015//1015 1017//1017
f 1269//1269 1026//1026 1254//1254
f 1484//1484 1269//1269 1254//1254
f 1259//1259 1255//1255 1011//1011
f 1255//1255 1485//1485 1013//1013
f 1255//1255 1013//1013 1011//1011
f 1485//1485 1255//1255 1257//1257
f 1255//1255 1259//1259 1256//1256
f 6649//6649 1260//1260 6646//6646
f 6647//6647 1257//1257 1255//1255
f 6648//6648 1258//1258 1485//1485
f 6648//6648 6646//6646 1258//1258
f 6646//6646 1271//1271 1258//1258
f 1260//1260 1271//1271 6646//6646
f 1485//1485 1258//1258 1493//1493
f 1258//1258 1271//1271 1493//1493
f 1260//1260 1259//1259 1261//1261
f 1260//1260 1273//1273 1271//1271
f 1261//1261 1273//1273 1260//1260
f 1250//1250 1486//1486 1261//1261
f 1261//1261 1486//1486 1273//1273
f 1263//1263 996//996 1262//1262
f 1276//1276 1263//1263 1262//1262
f 1263//1263 1276//1276 1264//1264
f 1486//1486 1251//1251 1494//1494
f 1277//1277 1023//1023 1265//1265
f 1267//1267 1277//1277 1265//1265
f 1267//1267 1265//1265 1266//1266
f 1280//1280 1277//1277 1267//1267
f 1266//1266 1281//1281 1267//1267
f 1280//1280 1267//1267 1281//1281
f 1253//1253 1017//1017 1268//1268
f 1490//1490 1491//1491 1269//1269
f 1269//1269 1491//1491 1270//1270
f 1269//1269 1270//1270 1026//1026
f 6653//6653 1270//1270 1491//1491
f 6539//6539 6651//6651 1282//1282
f 1271//1271 1272//1272 1493//1493
f 1274//1274 1272//1272 1271//1271
f 1274//1274 1271//1271 1273//1273
f 1273//1273 1283//1283 1274//1274
f 1283//1283 1272//1272 1274//1274
f 1286//1286 1494//1494 1276//1276
f 1276//1276 1275//1275 1284//1284
f 1262//1262 1275//1275 1276//1276
f 1264//1264 1276//1276 1494//1494
f 1023//1023 1277//1277 1278//1278
f 1277//1277 1279//1279 1278//1278
f 1279//1279 1277//1277 1280//1280
f 1280//1280 1281//1281 1279//1279
f 1291//1291 1281//1281 1268//1268
f 1268//1268 1296//1296 1291//1291
f 1296//1296 1268//1268 1024//1024
f 1268//1268 1017//1017 1024//1024
f 1289//1289 1027//1027 674//674
f 1284//1284 6541//6541 1285//1285
f 1289//1289 1288//1288 1027//1027
f 1276//1276 1284//1284 1285//1285
f 1285//1285 6541//6541 6656//6656
f 1287//1287 1286//1286 1285//1285
f 1285//1285 6657//6657 1287//1287
f 1288//1288 1289//1289 1501//1501
f 1289//1289 1290//1290 1501//1501
f 1286//1286 1276//1276 1285//1285
f 6657//6657 6742//6742 1287//1287
f 1283//1283 1494//1494 1286//1286
f 1283//1283 1287//1287 6742//6742
f 1286//1286 6655//6655 1283//1283
f 1290//1290 1521//1521 1501//1501
f 1284//1284 1275//1275 6541//6541
f 1290//1290 1289//1289 674//674
f 1279//1279 1326//1326 1321//1321
f 1321//1321 1023//1023 1278//1278
f 1278//1278 1279//1279 1321//1321
f 1279//1279 1281//1281 1533//1533
f 1326//1326 1279//1279 1533//1533
f 1281//1281 1534//1534 1533//1533
f 1281//1281 1291//1291 1534//1534
f 1297//1297 1293//1293 6673//6673
f 6674//6674 1295//1295 6658//6658
f 1291//1291 1292//1292 1536//1536
f 6667//6667 6660//6660 6659//6659
f 6668//6668 6673//6673 1293//1293
f 6669//6669 6662//6662 1304//1304
f 6696//6696 6663//6663 1301//1301
f 6670//6670 1294//1294 6661//6661
f 1292//1292 6665//6665 1536//1536
f 1294//1294 6670//6670 1305//1305
f 6666//6666 6698//6698 6664//6664
f 6665//6665 1293//1293 1297//1297
f 6687//6687 6664//6664 6698//6698
f 6665//6665 1297//1297 1536//1536
f 1505//1505 1506//1506 6671//6671
f 1304//1304 6745//6745 6669//6669
f 6747//6747 1306//1306 6699//6699
f 6747//6747 6699//6699 6672//6672
f 1508//1508 6700//6700 6748//6748
f 1300//1300 6675//6675 1310//1310
f 6685//6685 6677//6677 6676//6676
f 6704//6704 1516//1516 6686//6686
f 1302//1302 1303//1303 1298//1298
f 1297//1297 6690//6690 6681//6681
f 1297//1297 6681//6681 1299//1299
f 6682//6682 6693//6693 6683//6683
f 1297//1297 1299//1299 1536//1536
f 6694//6694 6767//6767 6684//6684
f 1516//1516 6678//6678 6686//6686
f 1304//1304 6678//6678 1516//1516
f 6697//6697 6688//6688 6679//6679
f 6689//6689 6691//6691 6680//6680
f 6689//6689 6699//6699 6691//6691
f 1304//1304 1516//1516 6745//6745
f 6699//6699 1306//1306 6691//6691
f 6700//6700 1508//1508 6692//6692
f 6692//6692 1508//1508 6695//6695
f 1311//1311 1307//1307 1024//1024
f 1024//1024 1307//1307 1308//1308
f 6702//6702 6701//6701 1310//1310
f 1310//1310 6701//6701 1309//1309
f 6701//6701 6706//6706 1309//1309
f 1296//1296 1024//1024 1308//1308
f 6675//6675 6702//6702 1310//1310
f 6704//6704 6703//6703 1497//1497
f 1497//1497 6708//6708 6709//6709
f 6708//6708 1497//1497 6707//6707
f 6707//6707 1497//1497 6703//6703
f 1316//1316 1497//1497 6709//6709
f 1315//1315 1497//1497 1316//1316
f 1497//1497 1315//1315 1317//1317
f 6709//6709 6710//6710 1315//1315
f 6710//6710 6720//6720 1315//1315
f 6709//6709 1315//1315 1316//1316
f 1317//1317 1315//1315 1329//1329
f 1517//1517 1317//1317 1329//1329
f 1330//1330 1517//1517 1329//1329
f 1330//1330 1318//1318 1517//1517
f 6652//6652 1500//1500 6711//6711
f 6652//6652 6711//6711 1051//1051
f 1520//1520 1290//1290 674//674
f 1520//1520 674//674 1319//1319
f 1521//1521 1290//1290 1520//1520
f 1519//1519 1319//1319 1522//1522
f 1523//1523 1319//1319 1519//1519
f 6756//6756 1520//1520 1319//1319
f 674//674 1041//1041 1319//1319
f 1319//1319 1041//1041 1522//1522
f 6755//6755 1041//1041 1528//1528
f 1528//1528 1041//1041 1526//1526
f 1531//1531 1043//1043 6712//6712
f 1041//1041 1043//1043 1531//1531
f 1324//1324 1531//1531 6712//6712
f 1320//1320 1321//1321 1325//1325
f 6712//6712 6715//6715 1324//1324
f 1526//1526 1041//1041 1531//1531
f 1321//1321 1323//1323 1325//1325
f 1322//1322 6713//6713 1530//1530
f 6713//6713 6718//6718 1530//1530
f 1323//1323 1321//1321 1326//1326
f 1532//1532 6716//6716 1322//1322
f 6716//6716 6713//6713 1322//1322
f 6717//6717 6761//6761 6714//6714
f 1329//1329 1315//1315 6720//6720
f 1329//1329 6720//6720 1330//1330
f 1330//1330 6720//6720 6721//6721
f 1330//1330 6721//6721 1331//1331
f 6721//6721 6554//6554 1331//1331
f 1318//1318 1330//1330 1331//1331
f 1331//1331 6555//6555 6558//6558
f 1331//1331 6558//6558 1318//1318
f 1332//1332 1551//1551 1334//1334
f 1332//1332 1334//1334 1333//1333
f 1337//1337 1549//1549 1333//1333
f 1541//1541 1332//1332 1549//1549
f 1541//1541 1551//1551 1332//1332
f 1549//1549 1332//1332 1333//1333
f 1338//1338 1334//1334 1551//1551
f 1338//1338 1552//1552 1352//1352
f 1052//1052 1339//1339 1335//1335
f 1545//1545 1335//1335 1339//1339
f 1336//1336 1335//1335 1545//1545
f 1052//1052 1335//1335 1336//1336
f 1336//1336 1545//1545 1540//1540
f 1054//1054 1336//1336 1540//1540
f 1340//1340 1553//1553 1554//1554
f 1554//1554 1555//1555 1340//1340
f 1559//1559 1343//1343 1558//1558
f 1345//1345 1343//1343 1559//1559
f 1334//1334 1352//1352 1333//1333
f 1334//1334 1338//1338 1352//1352
f 1056//1056 1553//1553 1340//1340
f 1340//1340 1555//1555 1341//1341
f 1056//1056 1340//1340 1341//1341
f 1056//1056 1341//1341 1067//1067
f 1558//1558 1343//1343 1341//1341
f 1067//1067 1341//1341 1342//1342
f 1341//1341 1343//1343 1342//1342
f 1345//1345 1344//1344 1343//1343
f 1345//1345 1561//1561 1344//1344
f 1561//1561 1346//1346 1344//1344
f 1562//1562 1346//1346 1561//1561
f 1343//1343 1344//1344 1058//1058
f 1344//1344 1346//1346 6560//6560
f 1349//1349 1061//1061 1346//1346
f 1347//1347 1350//1350 1346//1346
f 1350//1350 1349//1349 1346//1346
f 1346//1346 1562//1562 1347//1347
f 1350//1350 1347//1347 1562//1562
f 1562//1562 1563//1563 6722//6722
f 1348//1348 1061//1061 1349//1349
f 1350//1350 1348//1348 1349//1349
f 1356//1356 1354//1354 1563//1563
f 1351//1351 1565//1565 1337//1337
f 1337//1337 1333//1333 1351//1351
f 1571//1571 1564//1564 1351//1351
f 1333//1333 1352//1352 1351//1351
f 1354//1354 6722//6722 1563//1563
f 6565//6565 1348//1348 1355//1355
f 1353//1353 1348//1348 1354//1354
f 1353//1353 1355//1355 1348//1348
f 1353//1353 1356//1356 1355//1355
f 1354//1354 1356//1356 1353//1353
f 1350//1350 1354//1354 1348//1348
f 1563//1563 1357//1357 1356//1356
f 1078//1078 1355//1355 1356//1356
f 1078//1078 1356//1356 1357//1357
f 1079//1079 1078//1078 1357//1357
f 1357//1357 1566//1566 1080//1080
f 1080//1080 1566//1566 1358//1358
f 1569//1569 1571//1571 1360//1360
f 1571//1571 1351//1351 1360//1360
f 1359//1359 1080//1080 1358//1358
f 1082//1082 1080//1080 1359//1359
f 6566//6566 1363//1363 1369//1369
f 1367//1367 1360//1360 1083//1083
f 1367//1367 1362//1362 1360//1360
f 1366//1366 1572//1572 1362//1362
f 1360//1360 1351//1351 1361//1361
f 1083//1083 1360//1360 1361//1361
f 1351//1351 1081//1081 1361//1361
f 1363//1363 1370//1370 1369//1369
f 1364//1364 1572//1572 1366//1366
f 1572//1572 1364//1364 1575//1575
f 1364//1364 1365//1365 1575//1575
f 1364//1364 1366//1366 1368//1368
f 1365//1365 1364//1364 1373//1373
f 1364//1364 1368//1368 1372//1372
f 1368//1368 1088//1088 1372//1372
f 1367//1367 1366//1366 1362//1362
f 1083//1083 1366//1366 1367//1367
f 1368//1368 1366//1366 1083//1083
f 1085//1085 715//715 1369//1369
f 1371//1371 1098//1098 6569//6569
f 1369//1369 1087//1087 1085//1085
f 1370//1370 6724//6724 1369//1369
f 1369//1369 6724//6724 1087//1087
f 6724//6724 1370//1370 1098//1098
f 1098//1098 1370//1370 1375//1375
f 1375//1375 1370//1370 1576//1576
f 1374//1374 1376//1376 1574//1574
f 1575//1575 1365//1365 1373//1373
f 1364//1364 1372//1372 1373//1373
f 1577//1577 1373//1373 1579//1579
f 1575//1575 1373//1373 1577//1577
f 1373//1373 1088//1088 1378//1378
f 1373//1373 1372//1372 1088//1088
f 6773//6773 1376//1376 6725//6725
f 1374//1374 1377//1377 1376//1376
f 1378//1378 1579//1579 1373//1373
f 1379//1379 1579//1579 1378//1378
f 1380//1380 1379//1379 1378//1378
f 1088//1088 1380//1380 1378//1378
f 1381//1381 1105//1105 1382//1382
f 1105//1105 1109//1109 1382//1382
f 1382//1382 1389//1389 1381//1381
f 1392//1392 1389//1389 1382//1382
f 1382//1382 1383//1383 1392//1392
f 1395//1395 6729//6729 1383//1383
f 1377//1377 1166//1166 1384//1384
f 1377//1377 1396//1396 1166//1166
f 1582//1582 1379//1379 1380//1380
f 1582//1582 1380//1380 1385//1385
f 1399//1399 1385//1385 1386//1386
f 1386//1386 1120//1120 1401//1401
f 1589//1589 1388//1388 1390//1390
f 1129//1129 6726//6726 1407//1407
f 1387//1387 6726//6726 1129//1129
f 1387//1387 6727//6727 1388//1388
f 6774//6774 1407//1407 6726//6726
f 1388//1388 6727//6727 1390//1390
f 1390//1390 1389//1389 1592//1592
f 1381//1381 1387//1387 1391//1391
f 1387//1387 1129//1129 1391//1391
f 1381//1381 6727//6727 1387//1387
f 1392//1392 1592//1592 1389//1389
f 6729//6729 1395//1395 1592//1592
f 1395//1395 1393//1393 1592//1592
f 1395//1395 1394//1394 1393//1393
f 1112//1112 1131//1131 1395//1395
f 1395//1395 1131//1131 1394//1394
f 1396//1396 1593//1593 1397//1397
f 1397//1397 1593//1593 1398//1398
f 1581//1581 1399//1399 1704//1704
f 1399//1399 1386//1386 1401//1401
f 1401//1401 6730//6730 1399//1399
f 1402//1402 1400//1400 1399//1399
f 1399//1399 1400//1400 1704//1704
f 1120//1120 1142//1142 1401//1401
f 1401//1401 1142//1142 6730//6730
f 1403//1403 1400//1400 1402//1402
f 6731//6731 1404//1404 1596//1596
f 1404//1404 1405//1405 1596//1596
f 1405//1405 1404//1404 1406//1406
f 6732//6732 1407//1407 1405//1405
f 1405//1405 1407//1407 1587//1587
f 1404//1404 1146//1146 1406//1406
f 1407//1407 6774//6774 1587//1587
f 1407//1407 6598//6598 1129//1129
f 1393//1393 1408//1408 1409//1409
f 1393//1393 1394//1394 1408//1408
f 1408//1408 1394//1394 1410//1410
f 1410//1410 1409//1409 1408//1408
f 1410//1410 1156//1156 1157//1157
f 1410//1410 1157//1157 1414//1414
f 1417//1417 1414//1414 1157//1157
f 1419//1419 1164//1164 1421//1421
f 854//854 1593//1593 1412//1412
f 1398//1398 1593//1593 854//854
f 1412//1412 1178//1178 854//854
f 1413//1413 1409//1409 1410//1410
f 1413//1413 1597//1597 1409//1409
f 1413//1413 1410//1410 1414//1414
f 1597//1597 1413//1413 1414//1414
f 1415//1415 1414//1414 1417//1417
f 1597//1597 1414//1414 1415//1415
f 1597//1597 1415//1415 1604//1604
f 1157//1157 1158//1158 1416//1416
f 1417//1417 1157//1157 1416//1416
f 1416//1416 1418//1418 1417//1417
f 1417//1417 1418//1418 1607//1607
f 1416//1416 1160//1160 1419//1419
f 1419//1419 1418//1418 1416//1416
f 1418//1418 1419//1419 1420//1420
f 1164//1164 1411//1411 1421//1421
f 1419//1419 1421//1421 1420//1420
f 1421//1421 1411//1411 1420//1420
f 1598//1598 1420//1420 1411//1411
f 1608//1608 1420//1420 1598//1598
f 1411//1411 1422//1422 1598//1598
f 1423//1423 1598//1598 1422//1422
f 1165//1165 1423//1423 1422//1422
f 1598//1598 1424//1424 1599//1599
f 1423//1423 1165//1165 1169//1169
f 1598//1598 1423//1423 1424//1424
f 1424//1424 1426//1426 1425//1425
f 1599//1599 1424//1424 1425//1425
f 1601//1601 1425//1425 1426//1426
f 1424//1424 1169//1169 1426//1426
f 1601//1601 1426//1426 1602//1602
f 1427//1427 1428//1428 1435//1435
f 1429//1429 1435//1435 1428//1428
f 1173//1173 1430//1430 1429//1429
f 1430//1430 1437//1437 1429//1429
f 1603//1603 1433//1433 1702//1702
f 1178//1178 1702//1702 1179//1179
f 1431//1431 1432//1432 1439//1439
f 1179//1179 1431//1431 1439//1439
f 1179//1179 1702//1702 1433//1433
f 1433//1433 1431//1431 1179//1179
f 1433//1433 1603//1603 1431//1431
f 1603//1603 1432//1432 1431//1431
f 1432//1432 1603//1603 1440//1440
f 1417//1417 1606//1606 1415//1415
f 1606//1606 1417//1417 1607//1607
f 1427//1427 1435//1435 1434//1434
f 1434//1434 1602//1602 1427//1427
f 1602//1602 1434//1434 1609//1609
f 1609//1609 1434//1434 1452//1452
f 1434//1434 1436//1436 1452//1452
f 1434//1434 1435//1435 1436//1436
f 1436//1436 1453//1453 1452//1452
f 1437//1437 1435//1435 1429//1429
f 1438//1438 1437//1437 1430//1430
f 1437//1437 1455//1455 1453//1453
f 1437//1437 1436//1436 1435//1435
f 1437//1437 1453//1453 1436//1436
f 1438//1438 1430//1430 1184//1184
f 1438//1438 1455//1455 1437//1437
f 1438//1438 1184//1184 1455//1455
f 1455//1455 1184//1184 1456//1456
f 1184//1184 1187//1187 1456//1456
f 1456//1456 1187//1187 1190//1190
f 6733//6733 1441//1441 1432//1432
f 1443//1443 1441//1441 6733//6733
f 1603//1603 1449//1449 1440//1440
f 1603//1603 1610//1610 1449//1449
f 1449//1449 1610//1610 1450//1450
f 1443//1443 1444//1444 1441//1441
f 1442//1442 1441//1441 1444//1444
f 6734//6734 6736//6736 1442//1442
f 1447//1447 1443//1443 6733//6733
f 1443//1443 1447//1447 1444//1444
f 6737//6737 1448//1448 6735//6735
f 1448//1448 1445//1445 6735//6735
f 1440//1440 1449//1449 6737//6737
f 1445//1445 1448//1448 1450//1450
f 1446//1446 1445//1445 1450//1450
f 1449//1449 1448//1448 6737//6737
f 1449//1449 1450//1450 1448//1448
f 1450//1450 1451//1451 6614//6614
f 1451//1451 1450//1450 1610//1610
f 1201//1201 1446//1446 1450//1450
f 1453//1453 1454//1454 1452//1452
f 1453//1453 1455//1455 1454//1454
f 1614//1614 1454//1454 1464//1464
f 1455//1455 1456//1456 1454//1454
f 1456//1456 1457//1457 1454//1454
f 1454//1454 1457//1457 1464//1464
f 1456//1456 1458//1458 1457//1457
f 1457//1457 1458//1458 1464//1464
f 1456//1456 1198//1198 1458//1458
f 1451//1451 1459//1459 6614//6614
f 1460//1460 1461//1461 1459//1459
f 1460//1460 1462//1462 1461//1461
f 1610//1610 1460//1460 1451//1451
f 1451//1451 1460//1460 1459//1459
f 1610//1610 1611//1611 1460//1460
f 1463//1463 1465//1465 1462//1462
f 1463//1463 1462//1462 1460//1460
f 1614//1614 1464//1464 1205//1205
f 1458//1458 1205//1205 1464//1464
f 1466//1466 1211//1211 1465//1465
f 1613//1613 1466//1466 1465//1465
f 1613//1613 1212//1212 1466//1466
f 1613//1613 1615//1615 1212//1212
f 1465//1465 1211//1211 1462//1462
f 1466//1466 1212//1212 1211//1211
f 1615//1615 1467//1467 1212//1212
f 1205//1205 1206//1206 1616//1616
f 1618//1618 1616//1616 1215//1215
f 1467//1467 1617//1617 1214//1214
f 1215//1215 1217//1217 1477//1477
f 1215//1215 1477//1477 1468//1468
f 1618//1618 1215//1215 1468//1468
f 1619//1619 1469//1469 1617//1617
f 1470//1470 1469//1469 1619//1619
f 1617//1617 1469//1469 1224//1224
f 1472//1472 1224//1224 1469//1469
f 1474//1474 1469//1469 1470//1470
f 1470//1470 1471//1471 1474//1474
f 1620//1620 1471//1471 1470//1470
f 1472//1472 1473//1473 1475//1475
f 1469//1469 1473//1473 1472//1472
f 6739//6739 6738//6738 1469//1469
f 1474//1474 6739//6739 1469//1469
f 1471//1471 1623//1623 1474//1474
f 1474//1474 1476//1476 6739//6739
f 1623//1623 1476//1476 1474//1474
f 1476//1476 1623//1623 1226//1226
f 1477//1477 1622//1622 1468//1468
f 1622//1622 1477//1477 1478//1478
f 6629//6629 1478//1478 1228//1228
f 1478//1478 1230//1230 1479//1479
f 1479//1479 1230//1230 1480//1480
f 1480//1480 1622//1622 1479//1479
f 1236//1236 1480//1480 1230//1230
f 1226//1226 1623//1623 1481//1481
f 1482//1482 1851//1851 1480//1480
f 1851//1851 1482//1482 6643//6643
f 1625//1625 1851//1851 6643//6643
f 1236//1236 1482//1482 1480//1480
f 1481//1481 1731//1731 1483//1483
f 1483//1483 1731//1731 1624//1624
f 1624//1624 1484//1484 1483//1483
f 1624//1624 1487//1487 1484//1484
f 1625//1625 1485//1485 1492//1492
f 1625//1625 6643//6643 1485//1485
f 1740//1740 1499//1499 1489//1489
f 1488//1488 1487//1487 1624//1624
f 1487//1487 1488//1488 1491//1491
f 6652//6652 1489//1489 1499//1499
f 1488//1488 1489//1489 6652//6652
f 1488//1488 1624//1624 1740//1740
f 1489//1489 1488//1488 1740//1740
f 1484//1484 1487//1487 1269//1269
f 1490//1490 1269//1269 1487//1487
f 1491//1491 1490//1490 1487//1487
f 1491//1491 1488//1488 6654//6654
f 1492//1492 1485//1485 1493//1493
f 1272//1272 6742//6742 1493//1493
f 1273//1273 1486//1486 1283//1283
f 1283//1283 1486//1486 1494//1494
f 1496//1496 1516//1516 6704//6704
f 1516//1516 1496//1496 1495//1495
f 1496//1496 6704//6704 1497//1497
f 1496//1496 1498//1498 1739//1739
f 1497//1497 1498//1498 1496//1496
f 6740//6740 1739//1739 1498//1498
f 1317//1317 1498//1498 1497//1497
f 1498//1498 1517//1517 6741//6741
f 6740//6740 1498//1498 6741//6741
f 1499//1499 1500//1500 6652//6652
f 1493//1493 6742//6742 1752//1752
f 1752//1752 1751//1751 1493//1493
f 1272//1272 1283//1283 6742//6742
f 1634//1634 6742//6742 1518//1518
f 1752//1752 6742//6742 1634//1634
f 1521//1521 6753//6753 1501//1501
f 1534//1534 1291//1291 1536//1536
f 1633//1633 1511//1511 1504//1504
f 1503//1503 1504//1504 1514//1514
f 1633//1633 1504//1504 1632//1632
f 1511//1511 1514//1514 1504//1504
f 1629//1629 1502//1502 1515//1515
f 1629//1629 1632//1632 1502//1502
f 6777//6777 6744//6744 6743//6743
f 6746//6746 1507//1507 6748//6748
f 6695//6695 1508//1508 1511//1511
f 1507//1507 1508//1508 6748//6748
f 1509//1509 6745//6745 1512//1512
f 6749//6749 1507//1507 6746//6746
f 1633//1633 1535//1535 1511//1511
f 1513//1513 1507//1507 6749//6749
f 1508//1508 1507//1507 1510//1510
f 1508//1508 1510//1510 1511//1511
f 6743//6743 1513//1513 6749//6749
f 1507//1507 6751//6751 1510//1510
f 1512//1512 1515//1515 1509//1509
f 6745//6745 1516//1516 1512//1512
f 1509//1509 1515//1515 1502//1502
f 6744//6744 1513//1513 6743//6743
f 1514//1514 6751//6751 1503//1503
f 1514//1514 1510//1510 6751//6751
f 1510//1510 1514//1514 1511//1511
f 1515//1515 6750//6750 6752//6752
f 1317//1317 1517//1517 1498//1498
f 1318//1318 6741//6741 1517//1517
f 6753//6753 1521//1521 6756//6756
f 1634//1634 1518//1518 1523//1523
f 1523//1523 1519//1519 1634//1634
f 6754//6754 1524//1524 1527//1527
f 1634//1634 1519//1519 1753//1753
f 6789//6789 6754//6754 1527//1527
f 6759//6759 1636//1636 6790//6790
f 6756//6756 1521//1521 1520//1520
f 6757//6757 1519//1519 1522//1522
f 6755//6755 1526//1526 1525//1525
f 1526//1526 6755//6755 1528//1528
f 6759//6759 6758//6758 6755//6755
f 1525//1525 1526//1526 1636//1636
f 6759//6759 6755//6755 1525//1525
f 1525//1525 1636//1636 6759//6759
f 1526//1526 1635//1635 1636//1636
f 1526//1526 1531//1531 1635//1635
f 1635//1635 1531//1531 1529//1529
f 1637//1637 1529//1529 1531//1531
f 1635//1635 1529//1529 1637//1637
f 1530//1530 6762//6762 1322//1322
f 6762//6762 1530//1530 6764//6764
f 6760//6760 6719//6719 6765//6765
f 1533//1533 1534//1534 6763//6763
f 1531//1531 6714//6714 6761//6761
f 1637//1637 1531//1531 6761//6761
f 6766//6766 1637//1637 6761//6761
f 6766//6766 6768//6768 1637//1637
f 1633//1633 1637//1637 1535//1535
f 1535//1535 1637//1637 6769//6769
f 1535//1535 6695//6695 1511//1511
f 6695//6695 1535//1535 6769//6769
f 1537//1537 1542//1542 1541//1541
f 1537//1537 1645//1645 1542//1542
f 1645//1645 1544//1544 1542//1542
f 1645//1645 1648//1648 1544//1544
f 1648//1648 1651//1651 1544//1544
f 1655//1655 1540//1540 1539//1539
f 1538//1538 1655//1655 1539//1539
f 1554//1554 1639//1639 1557//1557
f 1662//1662 1664//1664 1546//1546
f 1543//1543 1541//1541 1542//1542
f 1541//1541 1543//1543 1552//1552
f 1542//1542 1552//1552 1543//1543
f 1552//1552 1542//1542 1544//1544
f 1544//1544 1666//1666 1539//1539
f 1544//1544 1539//1539 1552//1552
f 1539//1539 1545//1545 1552//1552
f 1540//1540 1545//1545 1539//1539
f 1639//1639 1054//1054 1540//1540
f 1639//1639 1553//1553 1054//1054
f 1639//1639 1554//1554 1553//1553
f 1549//1549 1548//1548 1547//1547
f 1550//1550 1548//1548 1549//1549
f 1550//1550 1668//1668 1548//1548
f 1786//1786 1548//1548 1668//1668
f 1668//1668 1550//1550 1565//1565
f 1549//1549 1560//1560 1550//1550
f 1547//1547 1664//1664 1549//1549
f 1547//1547 1546//1546 1664//1664
f 1549//1549 1337//1337 1560//1560
f 1549//1549 1664//1664 1541//1541
f 1541//1541 1552//1552 1551//1551
f 1338//1338 1551//1551 1552//1552
f 1552//1552 1545//1545 1339//1339
f 1352//1352 1552//1552 1339//1339
f 1557//1557 1556//1556 1554//1554
f 1554//1554 1556//1556 1555//1555
f 1556//1556 1557//1557 1555//1555
f 1557//1557 1558//1558 1555//1555
f 1558//1558 1341//1341 1555//1555
f 1558//1558 1557//1557 1559//1559
f 1559//1559 1561//1561 1345//1345
f 1785//1785 1669//1669 1561//1561
f 1785//1785 1561//1561 1559//1559
f 1669//1669 1562//1562 1561//1561
f 1550//1550 1560//1560 1565//1565
f 1560//1560 1337//1337 1565//1565
f 1562//1562 1669//1669 1563//1563
f 1672//1672 1563//1563 1669//1669
f 1672//1672 1357//1357 1563//1563
f 1565//1565 1351//1351 1564//1564
f 1564//1564 1571//1571 1682//1682
f 1672//1672 1566//1566 1357//1357
f 1673//1673 1566//1566 1672//1672
f 1566//1566 1673//1673 1677//1677
f 1363//1363 6566//6566 1678//1678
f 1677//1677 1358//1358 1566//1566
f 1677//1677 1359//1359 1358//1358
f 6723//6723 6779//6779 1678//1678
f 1678//1678 6566//6566 6723//6723
f 1567//1567 1682//1682 6772//6772
f 1570//1570 1567//1567 6772//6772
f 1570//1570 1568//1568 1567//1567
f 1569//1569 1682//1682 1571//1571
f 6772//6772 1360//1360 1570//1570
f 1362//1362 1570//1570 1360//1360
f 1570//1570 1362//1362 1572//1572
f 1568//1568 1687//1687 1685//1685
f 1572//1572 1568//1568 1570//1570
f 1792//1792 1573//1573 1363//1363
f 1792//1792 1574//1574 1573//1573
f 1363//1363 1573//1573 1574//1574
f 1363//1363 1576//1576 1370//1370
f 1363//1363 1574//1574 1576//1576
f 1572//1572 1575//1575 1568//1568
f 1575//1575 1577//1577 1568//1568
f 1576//1576 1574//1574 1376//1376
f 1688//1688 1374//1374 1574//1574
f 1578//1578 1374//1374 1688//1688
f 1374//1374 1578//1578 1377//1377
f 1579//1579 1379//1379 1699//1699
f 1697//1697 1377//1377 1578//1578
f 1697//1697 1583//1583 1377//1377
f 1379//1379 1580//1580 1699//1699
f 1582//1582 1580//1580 1379//1379
f 1581//1581 1580//1580 1582//1582
f 1581//1581 1699//1699 1580//1580
f 1703//1703 1699//1699 1581//1581
f 1582//1582 1385//1385 1581//1581
f 1583//1583 1396//1396 1377//1377
f 1583//1583 1584//1584 1396//1396
f 1396//1396 1584//1584 1593//1593
f 1584//1584 1594//1594 1593//1593
f 1702//1702 1594//1594 1584//1584
f 1581//1581 1704//1704 1703//1703
f 1399//1399 1581//1581 1385//1385
f 6731//6731 1596//1596 1400//1400
f 1707//1707 1585//1585 1588//1588
f 1585//1585 1706//1706 1708//1708
f 1707//1707 1706//1706 1585//1585
f 1586//1586 1405//1405 1587//1587
f 1405//1405 1586//1586 1596//1596
f 1587//1587 1588//1588 1586//1586
f 1586//1586 1585//1585 1596//1596
f 1586//1586 1588//1588 1585//1585
f 1587//1587 1707//1707 1588//1588
f 1590//1590 1707//1707 1587//1587
f 1587//1587 1589//1589 1590//1590
f 1589//1589 1390//1390 1590//1590
f 1591//1591 1390//1390 1592//1592
f 1591//1591 1590//1590 1390//1390
f 1592//1592 1393//1393 1409//1409
f 1412//1412 1593//1593 1594//1594
f 1412//1412 1594//1594 1178//1178
f 1594//1594 1702//1702 1178//1178
f 1713//1713 1705//1705 1400//1400
f 1713//1713 1400//1400 1595//1595
f 1400//1400 1596//1596 1595//1595
f 6775//6775 1596//1596 1585//1585
f 1585//1585 1708//1708 6775//6775
f 1409//1409 1717//1717 1592//1592
f 1717//1717 1409//1409 1597//1597
f 1597//1597 1604//1604 1717//1717
f 1420//1420 1608//1608 1418//1418
f 1418//1418 1608//1608 1607//1607
f 1608//1608 1598//1598 1599//1599
f 1608//1608 1599//1599 1718//1718
f 1608//1608 1718//1718 1722//1722
f 1718//1718 1599//1599 1600//1600
f 1599//1599 1425//1425 1600//1600
f 1718//1718 1600//1600 1601//1601
f 1425//1425 1601//1601 1600//1600
f 1719//1719 1601//1601 1602//1602
f 1602//1602 1609//1609 1719//1719
f 1427//1427 1602//1602 1426//1426
f 1720//1720 1717//1717 6776//6776
f 1605//1605 1721//1721 1830//1830
f 1605//1605 1604//1604 1415//1415
f 1605//1605 1415//1415 1606//1606
f 1723//1723 1605//1605 1606//1606
f 1721//1721 1605//1605 1723//1723
f 1607//1607 1839//1839 1606//1606
f 1607//1607 1608//1608 1722//1722
f 1603//1603 1821//1821 1610//1610
f 1452//1452 1614//1614 1609//1609
f 1609//1609 1614//1614 1840//1840
f 1614//1614 1452//1452 1454//1454
f 1615//1615 1460//1460 1611//1611
f 1725//1725 1615//1615 1611//1611
f 1463//1463 1460//1460 1612//1612
f 1612//1612 1465//1465 1463//1463
f 1612//1612 1613//1613 1465//1465
f 1460//1460 1615//1615 1612//1612
f 1615//1615 1613//1613 1612//1612
f 1616//1616 1840//1840 1614//1614
f 1616//1616 1614//1614 1205//1205
f 1467//1467 1615//1615 1617//1617
f 1725//1725 1617//1617 1615//1615
f 1843//1843 1840//1840 1616//1616
f 1729//1729 1616//1616 1618//1618
f 1468//1468 1621//1621 1618//1618
f 1727//1727 1620//1620 1619//1619
f 1620//1620 1470//1470 1619//1619
f 1620//1620 1728//1728 1471//1471
f 1471//1471 1728//1728 1623//1623
f 1729//1729 1618//1618 1730//1730
f 1621//1621 1468//1468 1622//1622
f 1618//1618 1621//1621 1730//1730
f 1730//1730 1621//1621 1622//1622
f 1622//1622 1478//1478 1479//1479
f 1854//1854 1481//1481 1623//1623
f 1854//1854 1731//1731 1481//1481
f 1851//1851 1622//1622 1480//1480
f 1851//1851 1625//1625 1734//1734
f 1734//1734 1625//1625 1626//1626
f 1740//1740 6787//6787 1499//1499
f 1626//1626 1751//1751 1748//1748
f 1625//1625 1627//1627 1626//1626
f 1751//1751 1626//1626 1627//1627
f 1492//1492 1627//1627 1625//1625
f 1627//1627 1492//1492 1493//1493
f 1751//1751 1627//1627 1493//1493
f 1746//1746 1628//1628 1630//1630
f 1628//1628 1631//1631 1495//1495
f 1631//1631 1628//1628 1746//1746
f 1631//1631 1745//1745 1629//1629
f 1746//1746 1745//1745 1631//1631
f 1496//1496 1630//1630 1495//1495
f 1629//1629 1516//1516 1495//1495
f 1495//1495 1630//1630 1628//1628
f 1629//1629 1495//1495 1631//1631
f 1630//1630 1496//1496 1739//1739
f 1754//1754 1633//1633 1632//1632
f 1637//1637 1633//1633 1754//1754
f 1629//1629 1754//1754 1632//1632
f 1632//1632 1504//1504 1503//1503
f 6752//6752 1629//1629 1515//1515
f 6790//6790 1636//1636 1635//1635
f 2105//2105 1635//1635 1637//1637
f 1759//1759 1763//1763 1641//1641
f 1638//1638 1652//1652 1768//1768
f 1768//1768 1652//1652 1769//1769
f 1540//1540 1638//1638 1639//1639
f 1656//1656 1776//1776 1640//1640
f 1656//1656 1657//1657 6793//6793
f 6793//6793 1657//1657 1660//1660
f 1642//1642 1643//1643 1665//1665
f 1642//1642 1641//1641 1643//1643
f 1665//1665 1664//1664 1640//1640
f 1641//1641 1763//1763 1764//1764
f 1644//1644 1641//1641 1764//1764
f 1665//1665 1640//1640 1642//1642
f 1641//1641 1642//1642 1759//1759
f 1643//1643 1645//1645 1537//1537
f 1665//1665 1643//1643 1537//1537
f 1537//1537 1541//1541 1665//1665
f 1644//1644 1645//1645 1643//1643
f 1643//1643 1641//1641 1644//1644
f 1764//1764 1765//1765 1644//1644
f 1765//1765 1778//1778 1644//1644
f 1644//1644 1778//1778 1648//1648
f 1778//1778 1779//1779 1648//1648
f 1648//1648 1645//1645 1644//1644
f 1646//1646 1649//1649 1648//1648
f 1647//1647 1650//1650 1649//1649
f 1649//1649 1646//1646 1647//1647
f 1769//1769 1652//1652 1650//1650
f 1647//1647 1769//1769 1650//1650
f 1646//1646 1779//1779 1647//1647
f 1647//1647 6794//6794 1769//1769
f 1649//1649 1651//1651 1648//1648
f 1649//1649 1653//1653 1651//1651
f 1653//1653 1649//1649 1650//1650
f 1653//1653 1650//1650 1654//1654
f 1654//1654 1650//1650 1652//1652
f 6770//6770 1651//1651 1666//1666
f 1538//1538 1666//1666 1652//1652
f 1653//1653 1666//1666 1651//1651
f 1652//1652 1666//1666 1654//1654
f 1653//1653 1654//1654 1666//1666
f 1538//1538 1539//1539 1666//1666
f 1540//1540 1655//1655 1638//1638
f 1638//1638 1655//1655 1652//1652
f 1538//1538 1652//1652 1655//1655
f 1659//1659 1547//1547 1781//1781
f 1656//1656 1640//1640 1664//1664
f 1663//1663 1657//1657 1656//1656
f 1658//1658 1657//1657 1663//1663
f 1661//1661 1657//1657 1658//1658
f 1784//1784 1658//1658 1659//1659
f 1661//1661 1660//1660 1657//1657
f 1658//1658 1784//1784 1661//1661
f 1663//1663 1664//1664 1662//1662
f 1662//1662 1546//1546 1659//1659
f 1659//1659 1546//1546 1547//1547
f 1662//1662 1658//1658 1663//1663
f 1663//1663 1656//1656 1664//1664
f 1659//1659 1658//1658 1662//1662
f 1665//1665 1541//1541 1664//1664
f 1667//1667 1559//1559 1557//1557
f 1786//1786 1782//1782 1548//1548
f 1547//1547 1548//1548 1782//1782
f 1565//1565 1787//1787 1786//1786
f 1668//1668 1565//1565 1786//1786
f 1785//1785 1559//1559 1667//1667
f 1669//1669 1785//1785 1788//1788
f 1788//1788 1672//1672 1669//1669
f 1670//1670 1790//1790 1671//1671
f 1787//1787 1671//1671 1790//1790
f 1564//1564 1671//1671 1565//1565
f 1787//1787 1565//1565 1671//1671
f 1672//1672 1674//1674 1673//1673
f 1673//1673 1674//1674 1675//1675
f 1676//1676 1674//1674 1672//1672
f 1675//1675 1677//1677 1673//1673
f 6778//6778 1678//1678 6779//6779
f 1674//1674 1676//1676 6778//6778
f 1678//1678 6778//6778 1676//1676
f 1792//1792 1678//1678 1676//1676
f 1792//1792 1363//1363 1678//1678
f 1680//1680 6771//6771 1684//1684
f 1684//1684 1683//1683 1681//1681
f 1681//1681 1683//1683 1791//1791
f 1670//1670 1679//1679 1680//1680
f 1681//1681 1680//1680 1684//1684
f 1681//1681 1670//1670 1680//1680
f 1670//1670 1671//1671 1682//1682
f 1564//1564 1682//1682 1671//1671
f 1679//1679 1670//1670 1682//1682
f 1567//1567 1680//1680 1682//1682
f 1568//1568 1680//1680 1567//1567
f 1679//1679 1682//1682 1680//1680
f 1685//1685 1683//1683 1684//1684
f 1684//1684 1568//1568 1685//1685
f 1685//1685 1687//1687 1686//1686
f 1685//1685 1686//1686 1683//1683
f 1688//1688 1574//1574 1792//1792
f 1794//1794 1690//1690 1689//1689
f 1690//1690 1794//1794 1691//1691
f 1689//1689 1578//1578 1688//1688
f 1690//1690 1578//1578 1689//1689
f 1694//1694 1578//1578 1690//1690
f 1690//1690 1691//1691 1694//1694
f 2182//2182 1964//1964 1577//1577
f 1694//1694 1691//1691 1692//1692
f 1692//1692 1691//1691 1794//1794
f 1800//1800 1695//1695 1692//1692
f 1800//1800 1693//1693 1695//1695
f 1800//1800 1692//1692 1794//1794
f 1804//1804 1693//1693 1800//1800
f 1692//1692 1695//1695 1694//1694
f 1695//1695 1578//1578 1694//1694
f 1968//1968 1577//1577 1699//1699
f 1699//1699 1577//1577 1579//1579
f 1696//1696 1695//1695 1693//1693
f 1695//1695 1696//1696 1578//1578
f 1804//1804 6780//6780 1693//1693
f 6780//6780 1804//1804 1698//1698
f 1696//1696 1697//1697 1578//1578
f 1583//1583 1697//1697 1696//1696
f 1698//1698 1583//1583 6780//6780
f 1698//1698 1805//1805 1583//1583
f 1802//1802 1805//1805 1698//1698
f 1701//1701 1583//1583 1700//1700
f 1583//1583 1701//1701 1584//1584
f 1701//1701 1702//1702 1584//1584
f 1702//1702 1701//1701 1700//1700
f 1712//1712 1702//1702 1700//1700
f 1400//1400 1705//1705 1704//1704
f 1704//1704 1705//1705 1817//1817
f 1705//1705 1713//1713 1817//1817
f 1710//1710 1713//1713 6782//6782
f 1706//1706 1707//1707 1708//1708
f 1710//1710 6782//6782 6781//6781
f 1709//1709 1710//1710 6781//6781
f 1709//1709 6781//6781 1711//1711
f 1711//1711 1819//1819 1709//1709
f 1590//1590 1711//1711 6781//6781
f 1591//1591 1711//1711 1590//1590
f 1603//1603 1702//1702 1712//1712
f 1817//1817 1713//1713 1714//1714
f 1714//1714 1713//1713 1715//1715
f 1713//1713 1710//1710 1715//1715
f 1817//1817 1714//1714 1816//1816
f 1816//1816 1714//1714 1715//1715
f 6783//6783 6775//6775 1708//1708
f 1710//1710 1709//1709 1818//1818
f 1819//1819 1818//1818 1709//1709
f 1819//1819 1711//1711 1591//1591
f 1592//1592 1717//1717 1591//1591
f 1717//1717 1716//1716 1591//1591
f 1722//1722 1718//1718 1719//1719
f 1719//1719 1609//1609 1724//1724
f 1719//1719 1718//1718 1601//1601
f 1829//1829 1716//1716 1720//1720
f 1717//1717 1720//1720 1716//1716
f 1720//1720 6776//6776 1605//1605
f 1720//1720 1605//1605 1830//1830
f 1831//1831 1830//1830 1721//1721
f 1721//1721 1723//1723 1832//1832
f 1606//1606 1839//1839 1723//1723
f 1820//1820 1719//1719 1724//1724
f 1836//1836 1820//1820 1724//1724
f 1610//1610 1821//1821 1611//1611
f 1609//1609 1840//1840 1724//1724
f 1836//1836 1724//1724 1840//1840
f 1611//1611 1822//1822 1725//1725
f 1617//1617 1725//1725 1726//1726
f 1616//1616 1729//1729 1843//1843
f 1726//1726 1727//1727 1617//1617
f 1842//1842 1727//1727 1726//1726
f 1845//1845 1843//1843 1729//1729
f 1617//1617 1727//1727 1619//1619
f 1728//1728 1620//1620 1727//1727
f 1728//1728 1727//1727 1842//1842
f 1728//1728 1842//1842 1853//1853
f 1853//1853 1623//1623 1728//1728
f 1851//1851 1730//1730 1622//1622
f 1853//1853 1854//1854 1623//1623
f 6797//6797 1733//1733 6784//6784
f 1730//1730 1851//1851 1729//1729
f 1851//1851 1734//1734 1858//1858
f 1732//1732 1731//1731 1854//1854
f 6797//6797 1863//1863 1733//1733
f 1858//1858 1734//1734 1626//1626
f 1731//1731 1732//1732 1735//1735
f 1732//1732 1859//1859 1735//1735
f 1735//1735 1859//1859 1738//1738
f 1740//1740 1624//1624 1731//1731
f 1731//1731 1735//1735 1740//1740
f 1858//1858 1626//1626 1737//1737
f 1736//1736 1863//1863 1858//1858
f 1737//1737 1736//1736 1858//1858
f 6787//6787 1740//1740 1735//1735
f 1735//1735 1738//1738 6787//6787
f 1736//1736 1737//1737 1864//1864
f 1863//1863 1736//1736 1864//1864
f 1742//1742 1741//1741 1737//1737
f 1864//1864 1737//1737 1741//1741
f 1864//1864 1744//1744 1871//1871
f 1737//1737 1626//1626 1742//1742
f 1626//1626 1748//1748 1742//1742
f 1743//1743 1742//1742 1748//1748
f 1743//1743 1741//1741 1742//1742
f 1743//1743 1744//1744 1741//1741
f 1864//1864 1741//1741 1744//1744
f 1747//1747 2097//2097 2098//2098
f 1754//1754 1747//1747 2098//2098
f 6786//6786 1630//1630 1739//1739
f 1630//1630 1738//1738 1746//1746
f 1747//1747 1738//1738 2097//2097
f 1747//1747 1746//1746 1738//1738
f 1747//1747 1745//1745 1746//1746
f 1754//1754 1745//1745 1747//1747
f 1745//1745 1754//1754 1629//1629
f 1871//1871 1744//1744 1752//1752
f 1749//1749 1748//1748 1751//1751
f 1749//1749 6788//6788 1750//1750
f 1748//1748 1749//1749 1743//1743
f 1750//1750 1743//1743 1749//1749
f 1744//1744 1743//1743 1750//1750
f 1744//1744 1750//1750 1752//1752
f 1751//1751 1752//1752 1750//1750
f 1752//1752 6790//6790 1886//1886
f 1752//1752 1634//1634 6790//6790
f 6790//6790 1635//1635 2105//2105
f 1637//1637 1754//1754 2105//2105
f 1733//1733 1882//1882 1890//1890
f 1756//1756 1638//1638 1755//1755
f 1756//1756 1755//1755 1768//1768
f 1756//1756 1757//1757 1639//1639
f 1757//1757 1758//1758 1639//1639
f 1639//1639 1638//1638 1756//1756
f 1639//1639 1930//1930 1770//1770
f 1937//1937 1759//1759 1936//1936
f 1760//1760 1936//1936 1759//1759
f 1761//1761 6819//6819 1938//1938
f 1762//1762 1765//1765 1763//1763
f 6791//6791 1759//1759 1937//1937
f 6791//6791 1763//1763 1759//1759
f 1761//1761 1762//1762 1763//1763
f 1767//1767 1942//1942 1940//1940
f 1761//1761 1938//1938 1762//1762
f 1941//1941 1762//1762 1938//1938
f 1941//1941 1765//1765 1762//1762
f 6822//6822 6792//6792 6821//6821
f 1767//1767 6792//6792 6822//6822
f 1765//1765 1764//1764 1763//1763
f 1940//1940 1768//1768 1767//1767
f 1768//1768 1766//1766 1767//1767
f 6792//6792 1767//1767 6794//6794
f 1766//1766 6794//6794 1767//1767
f 1768//1768 1769//1769 1766//1766
f 1766//1766 1769//1769 6794//6794
f 1638//1638 1768//1768 1755//1755
f 1557//1557 1639//1639 1770//1770
f 1770//1770 1943//1943 1557//1557
f 1943//1943 1933//1933 1557//1557
f 1660//1660 1772//1772 6793//6793
f 1776//1776 1772//1772 1771//1771
f 1774//1774 1771//1771 1772//1772
f 1772//1772 1780//1780 1774//1774
f 1775//1775 1773//1773 1946//1946
f 1642//1642 1775//1775 1760//1760
f 1771//1771 1774//1774 1773//1773
f 1760//1760 1775//1775 1946//1946
f 1777//1777 1640//1640 1776//1776
f 1760//1760 1759//1759 1642//1642
f 1777//1777 1775//1775 1642//1642
f 1642//1642 1640//1640 1777//1777
f 1776//1776 1771//1771 1777//1777
f 1777//1777 1771//1771 1773//1773
f 1777//1777 1773//1773 1775//1775
f 1779//1779 1778//1778 1765//1765
f 1646//1646 1648//1648 1779//1779
f 1933//1933 1667//1667 1557//1557
f 1944//1944 1667//1667 1933//1933
f 2159//2159 1947//1947 1944//1944
f 1782//1782 1949//1949 1781//1781
f 1547//1547 1782//1782 1781//1781
f 1783//1783 1660//1660 1661//1661
f 1661//1661 1784//1784 1783//1783
f 1783//1783 1784//1784 1780//1780
f 1781//1781 1780//1780 1659//1659
f 1780//1780 1784//1784 1659//1659
f 1772//1772 1660//1660 1783//1783
f 1772//1772 1783//1783 1780//1780
f 1947//1947 1667//1667 1944//1944
f 1785//1785 1667//1667 1947//1947
f 2176//2176 1782//1782 1786//1786
f 2176//2176 1786//1786 1787//1787
f 1959//1959 1670//1670 1681//1681
f 1959//1959 1681//1681 1791//1791
f 1959//1959 1789//1789 1670//1670
f 1670//1670 1789//1789 1790//1790
f 2178//2178 1676//1676 1672//1672
f 2178//2178 1792//1792 1676//1676
f 1683//1683 1960//1960 1791//1791
f 1960//1960 1686//1686 1793//1793
f 1683//1683 1686//1686 1960//1960
f 1793//1793 1687//1687 1964//1964
f 1793//1793 1686//1686 1687//1687
f 2178//2178 1961//1961 1792//1792
f 1792//1792 1961//1961 1795//1795
f 1794//1794 1689//1689 1688//1688
f 1794//1794 1688//1688 1792//1792
f 1795//1795 1794//1794 1792//1792
f 1795//1795 1796//1796 1794//1794
f 1795//1795 1961//1961 1796//1796
f 1687//1687 1568//1568 1577//1577
f 1687//1687 1577//1577 1964//1964
f 1796//1796 1797//1797 1794//1794
f 1799//1799 1797//1797 1796//1796
f 1799//1799 1796//1796 1798//1798
f 1961//1961 1798//1798 1796//1796
f 1798//1798 1961//1961 1803//1803
f 1577//1577 1968//1968 2182//2182
f 1797//1797 1800//1800 1794//1794
f 1801//1801 1797//1797 1799//1799
f 1799//1799 1802//1802 1801//1801
f 1799//1799 1798//1798 1802//1802
f 1801//1801 1800//1800 1797//1797
f 1804//1804 1800//1800 1801//1801
f 1802//1802 1804//1804 1801//1801
f 1798//1798 1803//1803 1802//1802
f 1698//1698 1804//1804 1802//1802
f 1802//1802 1803//1803 1805//1805
f 1803//1803 1966//1966 1805//1805
f 1965//1965 1966//1966 1803//1803
f 1703//1703 1808//1808 1699//1699
f 1966//1966 1700//1700 1805//1805
f 1700//1700 1583//1583 1805//1805
f 1966//1966 1806//1806 1700//1700
f 1966//1966 1967//1967 1806//1806
f 1967//1967 1807//1807 1806//1806
f 1712//1712 1700//1700 1806//1806
f 1712//1712 1806//1806 1811//1811
f 1807//1807 1811//1811 1806//1806
f 1807//1807 1812//1812 1811//1811
f 1703//1703 1809//1809 1808//1808
f 1814//1814 1809//1809 1810//1810
f 1703//1703 1704//1704 1809//1809
f 1809//1809 1704//1704 1810//1810
f 1704//1704 1817//1817 1810//1810
f 1712//1712 1811//1811 1821//1821
f 1812//1812 1821//1821 1811//1811
f 1712//1712 1821//1821 1603//1603
f 1812//1812 1970//1970 1821//1821
f 1970//1970 2186//2186 1821//1821
f 1814//1814 1810//1810 1816//1816
f 1809//1809 1814//1814 1815//1815
f 1814//1814 1816//1816 1815//1815
f 1809//1809 1815//1815 1813//1813
f 1816//1816 1810//1810 1817//1817
f 1816//1816 1818//1818 1981//1981
f 1975//1975 1816//1816 1981//1981
f 1818//1818 1823//1823 1981//1981
f 1818//1818 1715//1715 1710//1710
f 1816//1816 1715//1715 1818//1818
f 1824//1824 1826//1826 1818//1818
f 1819//1819 1591//1591 1716//1716
f 1829//1829 1828//1828 1716//1716
f 1722//1722 1719//1719 1834//1834
f 1822//1822 1821//1821 2186//2186
f 1822//1822 1611//1611 1821//1821
f 1984//1984 1823//1823 1986//1986
f 1823//1823 6795//6795 1986//1986
f 1818//1818 1819//1819 1824//1824
f 1819//1819 1825//1825 1824//1824
f 1824//1824 1825//1825 1826//1826
f 1990//1990 1826//1826 1825//1825
f 1825//1825 1819//1819 1990//1990
f 1990//1990 1819//1819 1837//1837
f 1819//1819 1716//1716 1828//1828
f 1819//1819 1827//1827 1837//1837
f 1819//1819 1828//1828 1827//1827
f 1828//1828 1829//1829 1993//1993
f 1828//1828 1993//1993 1827//1827
f 1830//1830 1829//1829 1720//1720
f 1831//1831 1829//1829 1830//1830
f 1995//1995 1831//1831 1994//1994
f 1721//1721 1832//1832 1831//1831
f 1838//1838 1831//1831 1832//1832
f 1838//1838 1994//1994 1831//1831
f 2001//2001 1839//1839 1607//1607
f 1607//1607 1722//1722 1833//1833
f 1722//1722 1834//1834 1833//1833
f 1834//1834 1719//1719 1820//1820
f 1834//1834 1835//1835 1833//1833
f 1834//1834 2006//2006 1835//1835
f 2006//2006 2005//2005 1835//1835
f 1834//1834 1820//1820 1836//1836
f 1827//1827 1993//1993 1837//1837
f 1838//1838 1832//1832 1723//1723
f 1999//1999 1994//1994 1838//1838
f 1838//1838 1723//1723 1999//1999
f 1999//1999 1723//1723 1839//1839
f 2000//2000 1999//1999 1839//1839
f 2000//2000 1839//1839 2001//2001
f 2001//2001 1607//1607 1833//1833
f 1834//1834 2007//2007 2006//2006
f 1836//1836 2009//2009 1834//1834
f 1840//1840 2009//2009 1836//1836
f 1841//1841 1725//1725 1822//1822
f 1726//1726 1725//1725 1841//1841
f 2029//2029 1840//1840 2037//2037
f 1841//1841 2030//2030 1726//1726
f 1726//1726 2030//2030 1842//1842
f 1840//1840 1843//1843 1844//1844
f 2037//2037 1840//1840 1844//1844
f 1846//1846 1844//1844 1843//1843
f 1843//1843 1845//1845 1846//1846
f 1729//1729 1849//1849 1845//1845
f 1846//1846 1845//1845 1848//1848
f 1844//1844 1846//1846 1847//1847
f 1844//1844 1847//1847 2047//2047
f 1845//1845 1849//1849 1850//1850
f 1848//1848 1845//1845 6796//6796
f 1848//1848 1856//1856 1846//1846
f 1850//1850 1849//1849 1855//1855
f 6798//6798 1848//1848 6796//6796
f 1849//1849 1729//1729 1855//1855
f 1852//1852 1854//1854 1853//1853
f 1852//1852 1732//1732 1854//1854
f 2094//2094 1847//1847 1856//1856
f 1856//1856 1847//1847 1846//1846
f 1856//1856 1850//1850 1855//1855
f 1857//1857 1856//1856 1855//1855
f 6797//6797 1858//1858 1863//1863
f 1852//1852 2089//2089 1859//1859
f 1732//1732 1852//1852 1859//1859
f 1856//1856 1857//1857 1860//1860
f 2096//2096 1856//1856 1860//1860
f 1855//1855 1729//1729 6785//6785
f 1857//1857 1855//1855 6785//6785
f 1857//1857 6785//6785 1860//1860
f 1860//1860 6785//6785 1861//1861
f 1738//1738 1859//1859 2097//2097
f 1860//1860 1861//1861 1862//1862
f 1862//1862 1866//1866 1860//1860
f 1861//1861 6785//6785 1867//1867
f 1867//1867 6785//6785 1868//1868
f 1861//1861 1865//1865 1862//1862
f 1865//1865 1887//1887 1862//1862
f 1866//1866 1862//1862 1877//1877
f 6799//6799 6803//6803 1878//1878
f 6799//6799 1878//1878 2100//2100
f 1868//1868 1869//1869 6800//6800
f 1869//1869 1861//1861 1867//1867
f 1869//1869 1879//1879 1861//1861
f 1861//1861 6804//6804 1865//1865
f 1883//1883 1882//1882 1733//1733
f 1733//1733 1863//1863 1883//1883
f 1864//1864 1870//1870 1863//1863
f 1863//1863 1870//1870 1883//1883
f 1864//1864 1871//1871 1872//1872
f 1872//1872 1873//1873 1864//1864
f 1864//1864 1873//1873 1870//1870
f 1873//1873 1884//1884 1870//1870
f 1871//1871 1875//1875 1872//1872
f 1874//1874 1873//1873 1872//1872
f 1884//1884 1873//1873 1885//1885
f 1873//1873 1874//1874 1885//1885
f 1874//1874 1872//1872 1875//1875
f 1875//1875 1871//1871 1876//1876
f 1752//1752 1876//1876 1871//1871
f 1876//1876 1752//1752 2104//2104
f 1754//1754 2106//2106 2105//2105
f 1877//1877 1862//1862 1889//1889
f 1878//1878 6803//6803 6806//6806
f 1878//1878 6806//6806 1893//1893
f 1868//1868 6785//6785 1891//1891
f 1891//1891 1869//1869 1868//1868
f 1865//1865 6804//6804 1881//1881
f 1865//1865 1881//1881 1887//1887
f 1880//1880 1879//1879 1869//1869
f 6804//6804 1880//1880 1881//1881
f 1880//1880 1888//1888 1881//1881
f 1891//1891 1894//1894 1869//1869
f 1870//1870 1884//1884 1883//1883
f 1883//1883 1884//1884 1892//1892
f 1884//1884 1885//1885 1892//1892
f 2104//2104 1752//1752 1886//1886
f 2104//2104 1886//1886 2105//2105
f 1886//1886 6790//6790 2105//2105
f 1862//1862 6805//6805 1889//1889
f 1887//1887 1888//1888 6807//6807
f 1887//1887 1881//1881 1888//1888
f 6809//6809 6807//6807 1888//1888
f 1891//1891 6785//6785 6808//6808
f 6808//6808 1897//1897 1894//1894
f 1894//1894 1891//1891 6808//6808
f 1895//1895 1869//1869 1894//1894
f 1895//1895 1880//1880 1869//1869
f 6809//6809 1888//1888 1880//1880
f 1882//1882 1897//1897 1890//1890
f 1897//1897 1882//1882 1883//1883
f 1892//1892 1897//1897 1883//1883
f 1885//1885 2120//2120 1892//1892
f 1895//1895 1896//1896 1880//1880
f 6809//6809 1880//1880 1896//1896
f 1895//1895 1894//1894 1901//1901
f 1901//1901 1896//1896 1895//1895
f 1896//1896 1899//1899 6809//6809
f 1897//1897 1892//1892 1902//1902
f 1892//1892 1898//1898 1900//1900
f 1892//1892 2120//2120 1898//1898
f 1899//1899 1896//1896 1904//1904
f 1901//1901 1904//1904 1896//1896
f 1905//1905 1899//1899 1904//1904
f 1898//1898 1903//1903 1900//1900
f 1892//1892 1900//1900 1902//1902
f 1894//1894 1897//1897 1902//1902
f 1903//1903 1902//1902 1900//1900
f 1902//1902 1901//1901 1894//1894
f 1898//1898 2120//2120 1903//1903
f 1901//1901 1902//1902 1904//1904
f 1902//1902 1903//1903 1904//1904
f 1903//1903 1906//1906 1904//1904
f 1899//1899 1905//1905 2122//2122
f 1904//1904 1906//1906 1905//1905
f 2124//2124 2122//2122 1905//1905
f 1906//1906 1908//1908 1905//1905
f 1909//1909 1905//1905 1908//1908
f 1906//1906 2120//2120 1908//1908
f 1913//1913 1907//1907 6813//6813
f 2129//2129 2124//2124 1909//1909
f 2120//2120 1914//1914 1908//1908
f 6811//6811 1912//1912 6813//6813
f 1912//1912 6811//6811 1910//1910
f 6811//6811 1911//1911 1910//1910
f 6812//6812 6816//6816 1911//1911
f 1913//1913 6813//6813 1912//1912
f 6816//6816 1915//1915 1911//1911
f 1914//1914 2120//2120 6817//6817
f 1917//1917 1910//1910 1911//1911
f 2120//2120 1916//1916 6817//6817
f 1911//1911 1915//1915 1917//1917
f 1915//1915 1916//1916 1917//1917
f 1916//1916 2120//2120 2127//2127
f 1917//1917 1916//1916 1919//1919
f 1919//1919 1916//1916 2134//2134
f 1917//1917 1919//1919 2139//2139
f 1917//1917 6888//6888 1918//1918
f 1916//1916 2127//2127 2134//2134
f 1910//1910 1917//1917 1918//1918
f 2141//2141 1918//1918 6888//6888
f 1757//1757 1756//1756 1920//1920
f 1921//1921 1757//1757 1920//1920
f 2144//2144 1921//1921 1920//1920
f 1921//1921 2144//2144 1757//1757
f 2147//2147 2146//2146 1927//1927
f 1927//1927 2146//2146 2148//2148
f 1922//1922 1927//1927 2148//2148
f 1927//1927 1922//1922 1928//1928
f 1922//1922 1923//1923 1928//1928
f 1923//1923 1922//1922 2149//2149
f 2150//2150 1923//1923 2149//2149
f 1928//1928 1923//1923 1930//1930
f 2150//2150 1929//1929 1923//1923
f 2151//2151 2153//2153 1931//1931
f 1924//1924 1925//1925 1768//1768
f 2895//2895 6818//6818 1926//1926
f 1768//1768 6818//6818 1756//1756
f 1926//1926 1768//1768 1925//1925
f 6818//6818 1768//1768 1926//1926
f 2147//2147 1927//1927 1757//1757
f 1758//1758 1757//1757 1927//1927
f 1927//1927 1928//1928 1758//1758
f 1928//1928 1639//1639 1758//1758
f 1639//1639 1928//1928 1930//1930
f 1930//1930 1923//1923 1929//1929
f 1929//1929 2151//2151 1931//1931
f 1929//1929 1931//1931 1930//1930
f 1930//1930 1931//1931 1932//1932
f 1931//1931 1943//1943 1932//1932
f 1931//1931 1933//1933 1943//1943
f 1932//1932 1770//1770 1930//1930
f 1943//1943 1770//1770 1932//1932
f 1936//1936 1760//1760 1934//1934
f 1760//1760 1946//1946 1934//1934
f 1936//1936 2157//2157 1937//1937
f 1936//1936 1934//1934 2157//2157
f 1935//1935 2157//2157 1934//1934
f 1934//1934 1946//1946 1935//1935
f 1946//1946 2168//2168 1935//1935
f 6819//6819 2154//2154 1938//1938
f 2156//2156 6820//6820 6894//6894
f 1937//1937 2157//2157 6894//6894
f 2157//2157 1935//1935 2168//2168
f 1939//1939 6822//6822 6821//6821
f 6821//6821 6820//6820 1939//1939
f 1940//1940 1924//1924 1768//1768
f 1924//1924 1940//1940 1939//1939
f 1940//1940 1942//1942 1939//1939
f 2158//2158 1944//1944 1933//1933
f 2159//2159 1944//1944 2158//2158
f 1780//1780 1946//1946 1774//1774
f 1945//1945 1946//1946 1780//1780
f 1946//1946 1773//1773 1774//1774
f 2159//2159 2160//2160 1947//1947
f 1785//1785 1947//1947 2160//2160
f 1948//1948 1950//1950 1956//1956
f 1951//1951 1950//1950 1948//1948
f 1956//1956 1957//1957 1948//1948
f 1952//1952 1951//1951 1948//1948
f 1952//1952 1948//1948 1949//1949
f 1949//1949 1948//1948 1957//1957
f 1953//1953 1958//1958 1950//1950
f 1950//1950 1958//1958 1956//1956
f 1958//1958 1953//1953 1945//1945
f 1954//1954 1950//1950 1951//1951
f 1955//1955 1954//1954 1951//1951
f 1950//1950 1954//1954 1953//1953
f 1955//1955 1951//1951 1952//1952
f 1955//1955 2170//2170 1954//1954
f 1955//1955 1952//1952 2176//2176
f 6895//6895 1953//1953 1954//1954
f 1953//1953 2162//2162 1945//1945
f 1957//1957 1781//1781 1949//1949
f 1952//1952 1949//1949 1782//1782
f 2176//2176 1952//1952 1782//1782
f 1780//1780 1781//1781 1956//1956
f 1957//1957 1956//1956 1781//1781
f 1780//1780 1956//1956 1958//1958
f 1945//1945 1780//1780 1958//1958
f 1785//1785 2173//2173 1788//1788
f 2175//2175 1787//1787 1790//1790
f 2175//2175 2176//2176 1787//1787
f 1788//1788 2178//2178 1672//1672
f 2500//2500 2174//2174 1959//1959
f 1959//1959 1791//1791 2500//2500
f 2178//2178 2179//2179 1963//1963
f 1964//1964 2917//2917 1793//1793
f 1963//1963 1961//1961 2178//2178
f 1963//1963 1962//1962 1961//1961
f 1963//1963 2179//2179 1962//1962
f 2182//2182 2511//2511 1964//1964
f 1962//1962 1803//1803 1961//1961
f 1968//1968 2513//2513 2182//2182
f 1967//1967 1966//1966 1965//1965
f 1965//1965 2180//2180 1967//1967
f 1699//1699 1808//1808 1968//1968
f 2184//2184 1807//1807 1967//1967
f 2184//2184 1812//1812 1807//1807
f 2185//2185 1812//1812 2184//2184
f 1969//1969 1968//1968 1808//1808
f 1808//1808 1971//1971 1969//1969
f 1971//1971 1808//1808 1809//1809
f 2186//2186 1970//1970 1812//1812
f 2187//2187 1969//1969 1971//1971
f 1974//1974 2193//2193 1971//1971
f 1971//1971 1809//1809 1813//1813
f 1974//1974 1971//1971 1813//1813
f 1975//1975 1815//1815 1816//1816
f 1972//1972 1973//1973 2192//2192
f 1973//1973 2186//2186 2191//2191
f 2192//2192 1973//1973 6897//6897
f 2188//2188 1972//1972 2192//2192
f 1822//1822 2186//2186 1973//1973
f 1822//1822 1973//1973 1989//1989
f 1974//1974 1813//1813 1975//1975
f 1974//1974 1975//1975 1979//1979
f 1815//1815 1975//1975 1813//1813
f 1977//1977 1975//1975 1976//1976
f 1976//1976 1978//1978 1977//1977
f 1975//1975 1977//1977 1979//1979
f 1979//1979 1977//1977 1980//1980
f 1980//1980 1977//1977 2196//2196
f 2196//2196 1977//1977 1978//1978
f 1975//1975 1981//1981 1984//1984
f 1984//1984 1976//1976 1975//1975
f 1985//1985 1976//1976 1984//1984
f 1976//1976 1985//1985 1978//1978
f 1978//1978 1985//1985 1982//1982
f 1978//1978 1982//1982 2196//2196
f 1982//1982 1983//1983 2196//2196
f 1987//1987 2196//2196 1983//1983
f 1981//1981 1823//1823 1984//1984
f 1984//1984 1986//1986 1985//1985
f 1988//1988 1982//1982 1985//1985
f 1983//1983 1988//1988 1987//1987
f 1983//1983 1982//1982 1988//1988
f 1985//1985 1986//1986 1988//1988
f 1988//1988 1990//1990 1987//1987
f 1826//1826 1988//1988 1818//1818
f 1988//1988 1986//1986 6795//6795
f 1988//1988 1826//1826 1990//1990
f 2009//2009 2007//2007 1834//1834
f 1989//1989 1972//1972 2188//2188
f 1989//1989 1973//1973 1972//1972
f 2188//2188 2203//2203 1989//1989
f 2201//2201 1987//1987 1990//1990
f 2201//2201 1990//1990 2204//2204
f 1990//1990 1991//1991 2204//2204
f 1991//1991 1990//1990 1837//1837
f 1837//1837 1992//1992 1991//1991
f 1991//1991 1992//1992 2205//2205
f 2205//2205 2204//2204 1991//1991
f 1992//1992 1837//1837 1993//1993
f 1992//1992 1993//1993 2011//2011
f 2011//2011 2205//2205 1992//1992
f 1831//1831 1995//1995 1829//1829
f 1829//1829 1995//1995 1993//1993
f 1993//1993 1998//1998 2011//2011
f 1996//1996 1995//1995 1994//1994
f 1995//1995 1996//1996 1997//1997
f 1996//1996 1994//1994 1999//1999
f 1997//1997 1996//1996 1999//1999
f 1997//1997 1999//1999 2012//2012
f 1997//1997 1993//1993 1995//1995
f 2012//2012 2231//2231 1997//1997
f 1997//1997 1998//1998 1993//1993
f 1997//1997 2231//2231 1998//1998
f 2000//2000 2014//2014 1999//1999
f 2014//2014 2000//2000 2001//2001
f 2001//2001 2002//2002 2016//2016
f 2001//2001 1833//1833 2002//2002
f 1833//1833 2003//2003 2002//2002
f 2004//2004 2002//2002 2003//2003
f 1835//1835 2003//2003 1833//1833
f 2003//2003 1835//1835 2004//2004
f 2020//2020 2018//2018 2004//2004
f 1835//1835 2020//2020 2004//2004
f 2006//2006 2007//2007 2005//2005
f 2020//2020 1835//1835 2005//2005
f 2007//2007 2008//2008 2005//2005
f 2007//2007 2010//2010 2008//2008
f 2007//2007 2009//2009 2010//2010
f 1822//1822 1989//1989 2203//2203
f 2207//2207 2205//2205 2011//2011
f 2207//2207 2011//2011 2214//2214
f 1998//1998 2231//2231 2011//2011
f 1999//1999 2014//2014 2013//2013
f 2208//2208 1999//1999 2013//2013
f 2208//2208 2013//2013 2015//2015
f 2001//2001 2016//2016 2014//2014
f 2014//2014 2016//2016 2015//2015
f 2013//2013 2014//2014 2015//2015
f 2002//2002 2017//2017 2016//2016
f 2002//2002 2004//2004 2017//2017
f 2004//2004 2018//2018 2017//2017
f 2019//2019 2017//2017 2018//2018
f 2015//2015 2016//2016 2017//2017
f 2211//2211 2015//2015 2017//2017
f 2019//2019 2018//2018 2022//2022
f 2018//2018 2020//2020 2021//2021
f 2024//2024 2018//2018 2025//2025
f 2018//2018 2021//2021 2025//2025
f 2018//2018 2024//2024 2022//2022
f 2005//2005 2008//2008 2023//2023
f 2005//2005 2023//2023 2020//2020
f 2023//2023 2026//2026 2020//2020
f 2008//2008 2026//2026 2023//2023
f 2010//2010 2026//2026 2008//2008
f 2009//2009 1840//1840 2028//2028
f 2010//2010 2009//2009 2028//2028
f 2028//2028 1840//1840 2029//2029
f 1841//1841 2203//2203 2213//2213
f 1841//1841 1822//1822 2203//2203
f 2213//2213 2030//2030 1841//1841
f 2212//2212 2030//2030 2213//2213
f 2240//2240 2022//2022 2024//2024
f 2026//2026 2027//2027 2020//2020
f 2031//2031 2024//2024 2025//2025
f 2025//2025 2021//2021 2032//2032
f 2025//2025 2032//2032 6823//6823
f 2021//2021 2020//2020 6825//6825
f 2027//2027 2026//2026 2033//2033
f 2034//2034 2026//2026 2010//2010
f 2010//2010 2028//2028 2034//2034
f 2029//2029 2035//2035 2028//2028
f 2247//2247 2024//2024 6824//6824
f 2020//2020 2027//2027 6825//6825
f 6824//6824 6825//6825 2247//2247
f 6825//6825 2027//2027 2033//2033
f 2026//2026 2034//2034 2042//2042
f 2042//2042 2034//2034 2058//2058
f 2028//2028 2043//2043 2034//2034
f 2028//2028 2035//2035 2043//2043
f 2043//2043 2035//2035 2044//2044
f 2035//2035 2029//2029 2036//2036
f 2029//2029 2037//2037 2038//2038
f 2029//2029 2038//2038 2036//2036
f 2038//2038 2037//2037 2039//2039
f 2039//2039 2036//2036 2038//2038
f 2046//2046 2037//2037 2249//2249
f 2039//2039 2037//2037 2046//2046
f 2036//2036 2039//2039 2062//2062
f 6903//6903 2037//2037 1844//1844
f 2212//2212 2250//2250 2030//2030
f 1842//1842 2030//2030 1853//1853
f 2040//2040 6825//6825 2033//2033
f 2026//2026 2041//2041 2033//2033
f 2040//2040 2033//2033 2041//2041
f 2041//2041 2056//2056 2053//2053
f 2041//2041 2053//2053 2040//2040
f 2042//2042 2056//2056 2026//2026
f 2026//2026 2056//2056 2041//2041
f 2248//2248 2043//2043 2044//2044
f 2058//2058 2043//2043 2260//2260
f 2034//2034 2043//2043 2058//2058
f 2248//2248 6907//6907 2043//2043
f 2035//2035 2036//2036 2061//2061
f 2035//2035 2061//2061 2045//2045
f 2044//2044 2035//2035 2045//2045
f 2036//2036 2062//2062 6835//6835
f 2062//2062 2039//2039 6827//6827
f 2047//2047 6903//6903 1844//1844
f 6903//6903 2047//2047 2269//2269
f 2048//2048 2030//2030 2250//2250
f 2250//2250 2065//2065 2048//2048
f 2048//2048 1853//1853 2030//2030
f 1853//1853 2048//2048 2065//2065
f 2247//2247 6825//6825 2051//2051
f 2040//2040 2053//2053 2054//2054
f 2049//2049 2040//2040 2054//2054
f 2054//2054 2055//2055 2049//2049
f 2050//2050 2040//2040 2049//2049
f 6828//6828 6833//6833 2066//2066
f 2050//2050 2049//2049 6836//6836
f 6837//6837 2070//2070 6829//6829
f 2051//2051 2040//2040 2050//2050
f 6829//6829 2052//2052 6830//6830
f 6829//6829 2072//2072 2052//2052
f 2070//2070 2072//2072 6829//6829
f 2040//2040 2051//2051 6825//6825
f 6831//6831 6841//6841 2051//2051
f 2042//2042 2058//2058 2056//2056
f 2067//2067 2054//2054 2053//2053
f 2056//2056 2057//2057 2053//2053
f 2056//2056 2059//2059 2057//2057
f 2057//2057 2059//2059 2078//2078
f 2056//2056 2058//2058 6834//6834
f 2078//2078 2053//2053 2057//2057
f 2058//2058 2085//2085 6834//6834
f 2260//2260 2060//2060 2058//2058
f 2060//2060 2085//2085 2058//2058
f 2085//2085 2060//2060 2276//2276
f 2060//2060 2260//2260 2261//2261
f 2061//2061 2280//2280 2045//2045
f 2269//2269 2047//2047 2063//2063
f 1847//1847 2063//2063 2047//2047
f 2063//2063 1847//1847 2094//2094
f 1852//1852 2065//2065 2089//2089
f 1852//1852 1853//1853 2065//2065
f 2071//2071 2247//2247 2051//2051
f 2067//2067 2053//2053 2076//2076
f 2067//2067 2076//2076 2077//2077
f 6838//6838 2069//2069 6832//6832
f 2069//2069 6838//6838 6845//6845
f 6833//6833 2068//2068 2066//2066
f 2068//2068 2090//2090 2066//2066
f 6840//6840 2066//2066 2090//2090
f 6839//6839 2055//2055 2054//2054
f 2083//2083 2055//2055 6839//6839
f 2055//2055 2083//2083 2294//2294
f 2072//2072 2070//2070 2074//2074
f 2074//2074 2070//2070 6861//6861
f 6841//6841 2071//2071 2051//2051
f 2294//2294 2068//2068 6833//6833
f 2071//2071 6841//6841 2075//2075
f 6841//6841 2073//2073 2075//2075
f 6841//6841 6842//6842 2073//2073
f 6842//6842 2075//2075 2073//2073
f 2091//2091 2068//2068 2294//2294
f 2090//2090 2068//2068 2091//2091
f 6843//6843 2074//2074 2287//2287
f 2053//2053 2078//2078 6844//6844
f 2078//2078 2079//2079 6844//6844
f 2077//2077 2076//2076 6846//6846
f 6845//6845 2081//2081 2069//2069
f 2078//2078 2059//2059 2080//2080
f 2081//2081 6845//6845 6847//6847
f 2078//2078 2080//2080 2079//2079
f 2059//2059 2082//2082 2080//2080
f 6848//6848 6849//6849 2084//2084
f 6850//6850 6851//6851 6854//6854
f 2081//2081 6853//6853 2069//2069
f 2081//2081 6847//6847 6853//6853
f 6847//6847 6855//6855 6853//6853
f 6857//6857 2082//2082 2059//2059
f 2082//2082 6857//6857 2086//2086
f 6856//6856 6852//6852 6858//6858
f 2294//2294 2083//2083 2298//2298
f 6856//6856 2298//2298 2083//2083
f 2298//2298 6856//6856 6858//6858
f 6857//6857 2087//2087 2086//2086
f 2085//2085 2296//2296 6859//6859
f 2085//2085 2276//2276 2296//2296
f 2061//2061 2092//2092 2280//2280
f 2088//2088 2092//2092 6835//6835
f 2062//2062 2088//2088 6835//6835
f 2326//2326 2093//2093 2088//2088
f 2088//2088 2093//2093 2092//2092
f 2064//2064 2063//2063 2094//2094
f 6861//6861 6862//6862 2288//2288
f 6862//6862 2684//2684 2288//2288
f 2287//2287 2074//2074 6861//6861
f 2287//2287 6861//6861 2288//2288
f 6858//6858 6860//6860 2298//2298
f 6860//6860 6920//6920 2298//2298
f 2094//2094 1856//1856 2096//2096
f 2097//2097 1859//1859 2089//2089
f 2096//2096 2095//2095 2094//2094
f 2096//2096 1860//1860 1866//1866
f 1866//1866 2095//2095 2096//2096
f 2308//2308 2329//2329 2097//2097
f 2098//2098 2329//2329 2106//2106
f 2329//2329 2098//2098 2097//2097
f 2099//2099 2095//2095 1866//1866
f 6863//6863 2099//2099 1866//1866
f 2099//2099 6863//6863 2101//2101
f 2107//2107 2101//2101 6863//6863
f 2101//2101 2344//2344 2099//2099
f 6802//6802 2103//2103 6801//6801
f 1875//1875 1876//1876 2102//2102
f 6802//6802 6865//6865 2103//2103
f 2109//2109 1885//1885 1874//1874
f 6867//6867 2109//2109 1874//1874
f 1876//1876 2104//2104 2102//2102
f 2102//2102 2104//2104 2349//2349
f 2349//2349 2104//2104 2105//2105
f 2106//2106 1754//1754 2098//2098
f 6864//6864 6870//6870 2108//2108
f 6871//6871 2344//2344 2101//2101
f 6863//6863 1878//1878 2107//2107
f 6870//6870 2113//2113 2108//2108
f 1885//1885 2109//2109 2110//2110
f 2111//2111 2117//2117 2114//2114
f 2371//2371 2344//2344 6871//6871
f 2112//2112 2107//2107 1878//1878
f 1893//1893 2112//2112 1878//1878
f 6873//6873 1899//1899 2113//2113
f 6809//6809 1899//1899 6873//6873
f 6870//6870 6873//6873 2113//2113
f 2116//2116 2108//2108 2113//2113
f 6872//6872 2114//2114 2374//2374
f 2381//2381 2374//2374 2114//2114
f 2381//2381 2114//2114 2115//2115
f 2115//2115 2114//2114 2117//2117
f 2371//2371 6871//6871 2116//2116
f 2119//2119 2118//2118 2371//2371
f 2116//2116 2113//2113 2124//2124
f 2116//2116 2124//2124 2119//2119
f 2371//2371 2116//2116 2119//2119
f 1885//1885 2110//2110 2120//2120
f 2123//2123 2118//2118 2119//2119
f 1899//1899 2122//2122 2113//2113
f 2124//2124 2113//2113 2122//2122
f 2401//2401 2121//2121 2120//2120
f 2120//2120 2110//2110 2401//2401
f 2121//2121 2401//2401 2405//2405
f 2119//2119 2124//2124 2123//2123
f 1903//1903 2120//2120 1906//1906
f 2120//2120 2121//2121 2128//2128
f 2405//2405 2128//2128 2121//2121
f 1905//1905 1909//1909 2124//2124
f 2124//2124 2125//2125 2123//2123
f 2126//2126 6880//6880 2125//2125
f 2126//2126 2125//2125 2130//2130
f 2127//2127 2136//2136 2134//2134
f 2128//2128 2127//2127 2120//2120
f 2136//2136 2127//2127 2128//2128
f 2410//2410 2128//2128 2405//2405
f 2435//2435 2136//2136 2410//2410
f 2136//2136 2128//2128 2410//2410
f 2131//2131 2126//2126 2130//2130
f 2133//2133 6815//6815 6814//6814
f 6815//6815 2133//2133 6810//6810
f 2125//2125 2124//2124 2129//2129
f 6881//6881 6813//6813 1907//1907
f 2130//2130 2125//2125 2129//2129
f 1907//1907 6882//6882 6881//6881
f 6883//6883 6810//6810 2414//2414
f 2414//2414 6810//6810 2133//2133
f 2132//2132 2131//2131 2130//2130
f 6883//6883 2414//2414 6884//6884
f 2126//2126 2131//2131 2132//2132
f 2133//2133 6814//6814 1910//1910
f 2133//2133 1910//1910 2419//2419
f 2427//2427 1910//1910 1918//1918
f 6890//6890 2427//2427 1918//1918
f 2135//2135 1919//1919 2134//2134
f 6889//6889 1919//1919 2135//2135
f 2136//2136 2135//2135 2134//2134
f 2140//2140 6889//6889 2135//2135
f 2423//2423 1910//1910 2427//2427
f 2135//2135 2136//2136 2137//2137
f 2137//2137 2138//2138 2135//2135
f 2140//2140 2135//2135 2138//2138
f 2435//2435 2137//2137 2136//2136
f 2435//2435 2436//2436 2137//2137
f 2138//2138 2436//2436 2438//2438
f 2436//2436 2138//2138 2137//2137
f 2140//2140 6891//6891 6889//6889
f 6891//6891 2140//2140 2142//2142
f 2427//2427 6890//6890 2445//2445
f 2445//2445 6890//6890 6892//6892
f 2138//2138 6893//6893 2140//2140
f 2143//2143 6893//6893 2138//2138
f 2143//2143 7037//7037 6893//6893
f 2144//2144 2147//2147 1757//1757
f 2146//2146 2147//2147 2144//2144
f 2145//2145 2148//2148 2146//2146
f 2146//2146 2144//2144 2145//2145
f 2148//2148 2467//2467 2149//2149
f 1922//1922 2148//2148 2149//2149
f 2467//2467 2150//2150 2149//2149
f 2467//2467 2151//2151 2150//2150
f 2150//2150 2151//2151 1929//1929
f 2153//2153 2151//2151 2152//2152
f 2151//2151 2468//2468 2152//2152
f 2152//2152 2469//2469 2153//2153
f 2468//2468 2469//2469 2152//2152
f 1926//1926 1925//1925 2895//2895
f 1931//1931 2153//2153 1933//1933
f 2158//2158 1933//1933 2153//2153
f 2897//2897 2158//2158 2153//2153
f 2168//2168 2475//2475 2155//2155
f 2168//2168 2477//2477 2475//2475
f 2475//2475 2476//2476 2155//2155
f 2155//2155 6894//6894 2157//2157
f 2155//2155 2157//2157 2168//2168
f 6894//6894 2155//2155 2156//2156
f 1939//1939 2156//2156 1924//1924
f 6820//6820 2156//2156 1939//1939
f 2159//2159 2158//2158 2160//2160
f 2160//2160 2479//2479 2169//2169
f 2169//2169 1785//1785 2160//2160
f 2485//2485 2484//2484 2161//2161
f 2171//2171 2485//2485 2161//2161
f 2484//2484 2489//2489 2161//2161
f 2485//2485 2171//2171 2486//2486
f 6895//6895 2162//2162 1953//1953
f 6895//6895 2164//2164 2162//2162
f 2163//2163 2165//2165 6895//6895
f 6895//6895 2165//2165 2164//2164
f 2170//2170 2171//2171 2161//2161
f 6895//6895 2161//2161 2163//2163
f 1946//1946 2164//2164 2168//2168
f 2165//2165 2167//2167 2164//2164
f 2166//2166 2163//2163 2161//2161
f 2165//2165 2163//2163 2167//2167
f 2161//2161 2489//2489 2166//2166
f 2166//2166 2489//2489 2167//2167
f 2163//2163 2166//2166 2167//2167
f 2168//2168 2164//2164 2487//2487
f 2167//2167 2487//2487 2164//2164
f 2167//2167 7047//7047 2487//2487
f 2164//2164 1946//1946 1945//1945
f 2164//2164 1945//1945 2162//2162
f 2173//2173 1785//1785 2169//2169
f 2169//2169 2491//2491 2173//2173
f 2491//2491 2169//2169 2904//2904
f 2486//2486 2171//2171 2172//2172
f 2486//2486 2172//2172 2496//2496
f 2171//2171 1955//1955 2172//2172
f 2170//2170 1955//1955 2171//2171
f 2176//2176 2496//2496 2172//2172
f 2172//2172 1955//1955 2176//2176
f 2173//2173 2177//2177 1788//1788
f 2177//2177 2173//2173 2178//2178
f 2911//2911 2178//2178 2173//2173
f 2174//2174 2175//2175 1789//1789
f 2174//2174 2499//2499 2175//2175
f 2175//2175 2499//2499 2496//2496
f 2174//2174 1789//1789 1959//1959
f 1789//1789 2175//2175 1790//1790
f 2176//2176 2175//2175 2496//2496
f 1788//1788 2177//2177 2178//2178
f 1793//1793 2505//2505 1960//1960
f 2917//2917 2505//2505 1793//1793
f 2507//2507 1965//1965 2179//2179
f 1965//1965 1803//1803 2179//2179
f 1803//1803 1962//1962 2179//2179
f 1965//1965 2507//2507 2180//2180
f 2507//2507 2183//2183 2180//2180
f 2513//2513 2181//2181 2182//2182
f 2180//2180 2183//2183 2184//2184
f 2184//2184 1967//1967 2180//2180
f 2183//2183 2185//2185 2184//2184
f 2515//2515 2185//2185 2183//2183
f 2186//2186 2185//2185 2515//2515
f 1812//1812 2185//2185 2186//2186
f 1968//1968 1969//1969 2513//2513
f 2517//2517 2520//2520 2186//2186
f 2186//2186 2520//2520 2189//2189
f 2513//2513 2187//2187 2925//2925
f 2523//2523 2187//2187 2193//2193
f 1971//1971 2193//2193 2187//2187
f 1969//1969 2187//2187 2513//2513
f 2924//2924 2190//2190 6896//6896
f 2191//2191 2186//2186 2189//2189
f 6896//6896 2190//2190 2188//2188
f 2188//2188 2192//2192 6896//6896
f 6897//6897 6896//6896 2192//2192
f 2194//2194 2193//2193 1974//1974
f 2195//2195 2532//2532 2194//2194
f 2195//2195 2194//2194 1974//1974
f 1974//1974 1979//1979 2195//2195
f 2195//2195 1979//1979 2533//2533
f 1979//1979 1980//1980 2533//2533
f 2533//2533 1980//1980 2196//2196
f 2197//2197 2198//2198 2196//2196
f 2198//2198 2533//2533 2196//2196
f 1987//1987 2197//2197 2196//2196
f 1987//1987 2552//2552 2197//2197
f 2197//2197 2552//2552 2544//2544
f 2203//2203 2188//2188 2190//2190
f 2190//2190 2567//2567 2203//2203
f 2542//2542 2533//2533 2198//2198
f 2546//2546 2198//2198 2544//2544
f 2197//2197 2544//2544 2198//2198
f 2199//2199 2552//2552 1987//1987
f 2199//2199 2553//2553 2552//2552
f 1987//1987 2201//2201 2200//2200
f 2200//2200 2199//2199 1987//1987
f 2199//2199 2200//2200 2553//2553
f 2561//2561 2553//2553 2200//2200
f 2202//2202 2200//2200 2201//2201
f 2949//2949 2200//2200 2202//2202
f 2949//2949 2202//2202 2206//2206
f 2202//2202 2201//2201 2204//2204
f 2202//2202 2204//2204 2206//2206
f 2204//2204 2205//2205 2206//2206
f 2206//2206 2205//2205 2207//2207
f 2206//2206 2207//2207 2214//2214
f 6901//6901 2214//2214 2011//2011
f 2012//2012 2208//2208 2231//2231
f 1999//1999 2208//2208 2012//2012
f 2218//2218 2217//2217 2208//2208
f 2015//2015 2209//2209 2208//2208
f 2015//2015 2210//2210 2209//2209
f 2208//2208 2209//2209 2218//2218
f 2209//2209 2210//2210 2218//2218
f 2210//2210 2223//2223 2218//2218
f 2211//2211 2210//2210 2015//2015
f 2225//2225 2210//2210 2211//2211
f 2211//2211 2017//2017 2225//2225
f 2017//2017 2019//2019 2225//2225
f 2567//2567 2213//2213 2203//2203
f 2567//2567 2212//2212 2213//2213
f 2215//2215 2206//2206 6898//6898
f 6898//6898 2216//2216 2215//2215
f 2216//2216 6898//6898 2230//2230
f 2585//2585 2215//2215 2216//2216
f 2583//2583 2215//2215 2585//2585
f 2230//2230 2214//2214 6901//6901
f 2208//2208 2217//2217 2231//2231
f 2219//2219 2232//2232 2217//2217
f 2217//2217 2232//2232 2231//2231
f 2223//2223 2210//2210 2225//2225
f 2218//2218 2219//2219 2217//2217
f 2218//2218 2220//2220 2219//2219
f 2220//2220 2232//2232 2219//2219
f 2218//2218 2223//2223 2222//2222
f 6899//6899 6900//6900 2220//2220
f 2232//2232 2220//2220 2221//2221
f 2220//2220 6900//6900 2221//2221
f 2618//2618 2232//2232 2221//2221
f 2590//2590 2222//2222 2223//2223
f 6900//6900 7063//7063 2224//2224
f 2224//2224 2221//2221 6900//6900
f 2224//2224 2618//2618 2221//2221
f 2224//2224 2592//2592 2618//2618
f 2590//2590 2225//2225 2591//2591
f 2590//2590 2223//2223 2225//2225
f 2590//2590 2591//2591 7064//7064
f 2019//2019 2227//2227 2225//2225
f 2225//2225 2227//2227 2226//2226
f 2595//2595 2225//2225 2226//2226
f 2227//2227 2019//2019 2022//2022
f 2022//2022 2229//2229 2227//2227
f 2227//2227 2229//2229 2239//2239
f 2227//2227 2239//2239 2228//2228
f 2228//2228 2226//2226 2227//2227
f 2595//2595 2226//2226 2228//2228
f 2240//2240 2229//2229 2022//2022
f 2239//2239 2229//2229 2240//2240
f 2625//2625 2250//2250 2212//2212
f 2597//2597 2585//2585 2216//2216
f 7066//7066 2216//2216 2230//2230
f 7066//7066 2230//2230 2626//2626
f 2230//2230 6901//6901 2251//2251
f 2231//2231 2232//2232 2241//2241
f 2235//2235 2234//2234 2232//2232
f 2232//2232 2233//2233 2241//2241
f 2234//2234 2233//2233 2232//2232
f 2232//2232 2618//2618 2235//2235
f 2235//2235 2236//2236 2234//2234
f 2618//2618 2614//2614 2235//2235
f 2233//2233 2236//2236 2237//2237
f 2233//2233 2234//2234 2236//2236
f 2235//2235 2614//2614 2238//2238
f 2235//2235 2238//2238 2236//2236
f 2236//2236 2238//2238 2607//2607
f 2236//2236 2606//2606 2237//2237
f 2236//2236 2607//2607 2606//2606
f 2606//2606 2608//2608 2237//2237
f 7072//7072 2630//2630 6902//6902
f 6902//6902 2630//2630 2631//2631
f 2240//2240 2024//2024 2247//2247
f 2240//2240 2247//2247 2246//2246
f 2239//2239 2240//2240 2246//2246
f 2241//2241 2242//2242 2231//2231
f 2241//2241 2243//2243 2242//2242
f 2242//2242 2252//2252 2231//2231
f 2252//2252 2242//2242 2243//2243
f 2251//2251 6901//6901 2252//2252
f 2241//2241 2233//2233 2244//2244
f 2241//2241 2244//2244 2243//2243
f 2244//2244 2252//2252 2243//2243
f 2252//2252 2244//2244 2253//2253
f 2253//2253 2254//2254 2252//2252
f 2237//2237 2245//2245 2233//2233
f 2245//2245 2253//2253 2244//2244
f 2245//2245 2244//2244 2233//2233
f 2237//2237 2255//2255 2245//2245
f 2245//2245 2255//2255 2253//2253
f 2255//2255 2237//2237 7078//7078
f 2258//2258 2255//2255 7078//7078
f 2246//2246 2247//2247 2259//2259
f 2045//2045 2248//2248 2044//2044
f 2267//2267 2046//2046 2249//2249
f 2250//2250 2089//2089 2065//2065
f 2626//2626 2230//2230 2637//2637
f 2637//2637 6904//6904 2640//2640
f 2637//2637 2230//2230 2251//2251
f 2251//2251 2252//2252 2254//2254
f 2640//2640 6904//6904 6905//6905
f 2253//2253 2256//2256 2254//2254
f 2655//2655 6905//6905 2257//2257
f 2253//2253 2255//2255 2256//2256
f 2255//2255 2258//2258 2256//2256
f 6906//6906 2254//2254 2256//2256
f 7078//7078 2641//2641 2258//2258
f 2654//2654 6906//6906 2256//2256
f 2654//2654 2256//2256 2258//2258
f 2262//2262 6907//6907 2248//2248
f 2262//2262 2248//2248 6826//6826
f 6908//6908 2264//2264 2261//2261
f 2263//2263 6907//6907 2262//2262
f 6826//6826 2266//2266 2262//2262
f 6908//6908 6909//6909 2264//2264
f 2262//2262 2265//2265 2263//2263
f 6911//6911 2262//2262 2266//2266
f 6910//6910 2646//2646 2264//2264
f 2645//2645 2646//2646 2263//2263
f 2264//2264 2646//2646 2702//2702
f 2263//2263 2265//2265 2645//2645
f 2646//2646 2664//2664 2702//2702
f 2652//2652 2266//2266 2705//2705
f 2266//2266 6826//6826 2280//2280
f 2706//2706 2266//2266 2280//2280
f 2705//2705 2266//2266 2706//2706
f 6827//6827 6912//6912 2062//2062
f 2062//2062 2272//2272 2088//2088
f 2269//2269 2268//2268 6903//6903
f 2268//2268 2267//2267 2249//2249
f 2088//2088 2272//2272 2281//2281
f 2062//2062 6912//6912 2272//2272
f 2272//2272 2267//2267 2268//2268
f 2270//2270 2269//2269 2284//2284
f 2270//2270 2268//2268 2269//2269
f 2268//2268 2270//2270 2271//2271
f 2270//2270 2285//2285 2271//2271
f 2271//2271 2285//2285 2283//2283
f 2271//2271 2272//2272 2268//2268
f 2271//2271 2283//2283 2272//2272
f 2269//2269 2063//2063 2064//2064
f 2284//2284 2269//2269 2064//2064
f 2285//2285 2270//2270 2284//2284
f 2089//2089 2250//2250 2273//2273
f 2273//2273 2653//2653 2097//2097
f 2273//2273 2097//2097 2089//2089
f 2259//2259 2247//2247 2075//2075
f 2075//2075 2247//2247 2071//2071
f 2075//2075 2291//2291 2259//2259
f 2274//2274 2259//2259 2291//2291
f 2274//2274 2661//2661 2259//2259
f 2075//2075 2287//2287 2291//2291
f 2275//2275 2060//2060 2261//2261
f 2060//2060 2275//2275 2278//2278
f 2261//2261 2277//2277 2275//2275
f 2275//2275 6914//6914 2278//2278
f 2276//2276 2060//2060 6916//6916
f 6917//6917 6921//6921 6913//6913
f 2264//2264 2279//2279 2261//2261
f 2261//2261 2279//2279 2277//2277
f 6915//6915 6918//6918 6917//6917
f 2264//2264 2702//2702 2279//2279
f 2088//2088 2281//2281 2326//2326
f 2283//2283 2281//2281 2272//2272
f 2285//2285 2282//2282 2283//2283
f 2283//2283 2327//2327 2281//2281
f 2283//2283 2282//2282 2327//2327
f 2307//2307 2327//2327 2282//2282
f 2284//2284 2064//2064 2094//2094
f 2094//2094 2095//2095 2284//2284
f 2306//2306 2284//2284 2095//2095
f 2284//2284 2307//2307 2285//2285
f 2306//2306 2307//2307 2284//2284
f 2282//2282 2285//2285 2307//2307
f 3037//3037 2707//2707 2676//2676
f 2291//2291 2286//2286 2274//2274
f 2293//2293 2286//2286 2291//2291
f 2661//2661 2274//2274 2286//2286
f 2287//2287 2288//2288 2289//2289
f 2288//2288 2684//2684 2289//2289
f 2290//2290 2291//2291 2287//2287
f 2289//2289 2290//2290 2287//2287
f 2290//2290 2684//2684 2292//2292
f 2684//2684 2290//2290 2289//2289
f 2291//2291 2290//2290 2292//2292
f 2293//2293 2291//2291 2292//2292
f 2292//2292 2684//2684 2683//2683
f 2286//2286 2293//2293 2681//2681
f 2681//2681 2293//2293 2680//2680
f 2680//2680 2293//2293 2292//2292
f 2295//2295 2684//2684 6862//6862
f 2294//2294 6919//6919 2091//2091
f 2294//2294 2298//2298 6919//6919
f 6919//6919 2298//2298 2303//2303
f 2711//2711 2295//2295 2303//2303
f 6921//6921 2299//2299 2298//2298
f 6918//6918 2302//2302 6917//6917
f 6917//6917 2302//2302 6921//6921
f 6921//6921 2302//2302 2297//2297
f 6921//6921 2297//2297 2299//2299
f 2298//2298 2299//2299 2303//2303
f 2301//2301 2299//2299 2300//2300
f 2299//2299 2297//2297 6922//6922
f 2297//2297 2304//2304 6922//6922
f 6922//6922 2304//2304 2311//2311
f 2301//2301 2300//2300 2311//2311
f 6923//6923 2279//2279 2702//2702
f 2299//2299 2301//2301 2303//2303
f 2304//2304 2297//2297 2305//2305
f 2304//2304 2305//2305 2311//2311
f 7125//7125 2315//2315 6924//6924
f 2302//2302 2305//2305 2297//2297
f 2302//2302 2312//2312 2305//2305
f 6924//6924 2315//2315 6928//6928
f 2281//2281 2327//2327 2326//2326
f 2707//2707 2308//2308 2676//2676
f 2676//2676 2308//2308 2097//2097
f 2309//2309 2301//2301 2311//2311
f 2711//2711 2303//2303 2301//2301
f 2711//2711 2301//2301 6925//6925
f 6928//6928 2313//2313 2310//2310
f 2305//2305 2316//2316 2311//2311
f 2309//2309 2311//2311 2316//2316
f 2316//2316 2305//2305 2312//2312
f 6926//6926 2316//2316 2312//2312
f 6928//6928 2315//2315 2313//2313
f 2315//2315 2317//2317 2313//2313
f 2320//2320 6927//6927 2318//2318
f 2313//2313 2317//2317 2314//2314
f 2310//2310 2313//2313 6929//6929
f 6927//6927 6930//6930 2318//2318
f 2318//2318 6930//6930 2322//2322
f 2715//2715 6925//6925 6931//6931
f 6931//6931 6927//6927 2715//2715
f 2317//2317 2315//2315 2319//2319
f 2715//2715 6927//6927 2320//2320
f 2319//2319 2321//2321 2317//2317
f 2321//2321 2314//2314 2317//2317
f 6932//6932 2314//2314 2321//2321
f 2319//2319 2323//2323 2321//2321
f 2320//2320 2318//2318 2324//2324
f 2323//2323 2325//2325 2321//2321
f 2325//2325 6932//6932 2321//2321
f 2318//2318 2322//2322 2324//2324
f 6936//6936 6934//6934 6933//6933
f 2315//2315 2714//2714 2319//2319
f 2714//2714 2717//2717 2319//2319
f 2319//2319 2717//2717 2323//2323
f 2323//2323 2717//2717 2720//2720
f 2719//2719 2715//2715 2320//2320
f 2320//2320 2324//2324 2719//2719
f 2721//2721 2323//2323 2720//2720
f 2323//2323 2721//2721 2325//2325
f 7142//7142 6934//6934 6936//6936
f 2331//2331 2332//2332 2093//2093
f 2326//2326 2331//2331 2093//2093
f 2093//2093 2332//2332 2092//2092
f 2326//2326 2327//2327 2356//2356
f 2356//2356 2111//2111 2326//2326
f 2307//2307 2335//2335 2327//2327
f 2356//2356 2327//2327 2335//2335
f 2306//2306 2334//2334 2307//2307
f 2095//2095 2099//2099 2338//2338
f 2095//2095 2338//2338 2306//2306
f 2333//2333 2306//2306 2338//2338
f 2333//2333 2334//2334 2306//2306
f 2742//2742 2740//2740 2350//2350
f 2328//2328 2308//2308 2724//2724
f 2308//2308 2328//2328 2352//2352
f 2329//2329 2352//2352 2106//2106
f 2308//2308 2352//2352 2329//2329
f 2092//2092 2353//2353 2280//2280
f 2330//2330 2280//2280 2353//2353
f 2706//2706 2280//2280 2330//2330
f 2353//2353 2092//2092 2332//2332
f 2354//2354 2330//2330 2353//2353
f 2332//2332 6872//6872 2353//2353
f 2332//2332 2331//2331 6872//6872
f 2307//2307 2334//2334 2335//2335
f 2339//2339 2333//2333 2338//2338
f 2339//2339 2341//2341 2333//2333
f 6938//6938 6937//6937 2337//2337
f 2336//2336 2337//2337 6937//6937
f 6942//6942 2335//2335 6939//6939
f 2360//2360 2356//2356 2335//2335
f 2336//2336 6937//6937 2342//2342
f 6942//6942 2360//2360 2335//2335
f 6943//6943 2727//2727 6954//6954
f 2338//2338 2099//2099 2340//2340
f 2339//2339 2338//2338 2340//2340
f 2341//2341 2339//2339 2340//2340
f 2341//2341 2340//2340 2099//2099
f 2341//2341 2099//2099 2344//2344
f 2341//2341 2344//2344 2343//2343
f 2734//2734 2341//2341 2343//2343
f 6944//6944 2333//2333 2341//2341
f 6944//6944 2341//2341 2734//2734
f 2347//2347 2348//2348 2738//2738
f 2345//2345 2109//2109 6868//6868
f 2346//2346 6869//6869 6866//6866
f 6869//6869 2346//2346 6946//6946
f 2365//2365 2109//2109 2345//2345
f 2345//2345 2347//2347 2365//2365
f 6951//6951 6947//6947 6948//6948
f 2348//2348 2347//2347 2345//2345
f 6951//6951 6948//6948 2740//2740
f 6949//6949 2102//2102 2349//2349
f 2740//2740 2349//2349 2105//2105
f 2740//2740 6949//6949 2349//2349
f 2351//2351 2740//2740 2105//2105
f 2351//2351 2350//2350 2740//2740
f 2351//2351 2105//2105 2106//2106
f 2350//2350 2352//2352 2328//2328
f 2351//2351 2352//2352 2350//2350
f 2106//2106 2352//2352 2351//2351
f 2354//2354 2353//2353 2367//2367
f 2706//2706 2330//2330 2354//2354
f 2706//2706 2354//2354 2355//2355
f 2354//2354 2378//2378 2355//2355
f 2353//2353 6872//6872 2367//2367
f 2331//2331 2326//2326 6872//6872
f 2111//2111 2356//2356 2357//2357
f 2357//2357 2368//2368 2111//2111
f 2357//2357 2359//2359 2368//2368
f 2357//2357 2356//2356 2359//2359
f 2356//2356 2360//2360 2358//2358
f 6954//6954 2361//2361 6952//6952
f 2358//2358 2359//2359 2356//2356
f 2743//2743 2361//2361 6954//6954
f 6952//6952 2361//2361 6953//6953
f 2362//2362 6953//6953 2361//2361
f 2727//2727 2743//2743 6954//6954
f 2343//2343 2344//2344 2363//2363
f 2363//2363 2364//2364 2343//2343
f 2364//2364 3127//3127 2343//2343
f 2109//2109 2365//2365 2110//2110
f 2365//2365 2366//2366 2110//2110
f 2347//2347 2366//2366 2365//2365
f 2706//2706 2355//2355 2752//2752
f 2367//2367 6872//6872 2374//2374
f 2354//2354 2367//2367 2378//2378
f 2355//2355 6960//6960 2752//2752
f 2752//2752 6960//6960 2388//2388
f 2117//2117 2111//2111 2368//2368
f 6956//6956 2369//2369 6876//6876
f 2370//2370 2369//2369 6956//6956
f 6953//6953 2362//2362 2370//2370
f 6956//6956 6953//6953 2370//2370
f 2753//2753 2364//2364 2372//2372
f 2363//2363 2344//2344 2371//2371
f 2363//2363 2371//2371 2372//2372
f 2372//2372 2364//2364 2363//2363
f 2384//2384 2373//2373 2746//2746
f 2396//2396 2110//2110 2366//2366
f 2746//2746 2373//2373 6955//6955
f 2378//2378 2367//2367 2377//2377
f 2381//2381 2376//2376 2374//2374
f 2367//2367 2375//2375 6958//6958
f 2367//2367 2374//2374 2375//2375
f 2376//2376 2375//2375 2374//2374
f 2376//2376 6958//6958 2375//2375
f 6959//6959 6957//6957 2382//2382
f 6957//6957 6965//6965 2382//2382
f 2377//2377 2385//2385 2378//2378
f 2378//2378 2385//2385 2387//2387
f 6971//6971 2379//2379 6961//6961
f 6966//6966 2380//2380 2386//2386
f 6962//6962 6963//6963 6973//6973
f 2386//2386 2380//2380 2389//2389
f 6964//6964 2382//2382 6874//6874
f 6963//6963 6975//6975 6973//6973
f 6976//6976 6964//6964 2765//2765
f 6965//6965 6874//6874 2382//2382
f 2369//2369 2383//2383 6876//6876
f 2383//2383 2369//2369 2370//2370
f 2383//2383 2370//2370 2782//2782
f 6879//6879 2394//2394 2371//2371
f 2394//2394 2372//2372 2371//2371
f 2753//2753 2372//2372 2394//2394
f 2384//2384 2397//2397 2373//2373
f 2761//2761 6986//6986 6967//6967
f 6955//6955 2373//2373 6985//6985
f 2373//2373 2397//2397 6985//6985
f 2385//2385 2377//2377 6969//6969
f 2382//2382 6970//6970 6959//6959
f 2387//2387 2385//2385 6969//6969
f 6977//6977 2379//2379 6971//6971
f 2389//2389 6972//6972 2386//2386
f 6975//6975 7165//7165 6973//6973
f 6875//6875 6877//6877 2391//2391
f 6979//6979 6878//6878 2390//2390
f 6876//6876 2383//2383 6978//6978
f 2390//2390 2392//2392 6979//6979
f 6978//6978 2393//2393 6981//6981
f 6978//6978 2383//2383 2393//2393
f 6984//6984 2383//2383 2782//2782
f 6980//6980 6982//6982 2780//2780
f 2393//2393 2782//2782 6981//6981
f 2750//2750 2394//2394 2126//2126
f 2126//2126 2795//2795 2750//2750
f 2750//2750 2753//2753 2394//2394
f 2762//2762 2398//2398 2763//2763
f 2395//2395 2402//2402 2401//2401
f 2395//2395 2401//2401 2110//2110
f 6991//6991 2401//2401 2402//2402
f 2110//2110 2396//2396 2395//2395
f 2403//2403 2402//2402 2395//2395
f 2395//2395 2396//2396 2403//2403
f 6985//6985 2397//2397 2399//2399
f 2763//2763 2398//2398 2399//2399
f 2400//2400 6987//6987 2794//2794
f 2398//2398 6988//6988 2399//2399
f 2406//2406 6991//6991 2402//2402
f 2403//2403 6992//6992 2402//2402
f 6880//6880 2126//2126 6879//6879
f 2394//2394 6879//6879 2126//2126
f 2416//2416 2795//2795 2126//2126
f 2399//2399 6988//6988 2404//2404
f 2399//2399 2404//2404 2408//2408
f 2409//2409 2437//2437 2403//2403
f 7024//7024 6993//6993 6990//6990
f 2403//2403 2396//2396 2407//2407
f 2409//2409 2403//2403 2407//2407
f 6985//6985 2408//2408 6995//6995
f 2404//2404 2425//2425 2408//2408
f 6995//6995 2408//2408 2424//2424
f 2424//2424 2408//2408 2425//2425
f 6985//6985 2399//2399 2408//2408
f 2806//2806 2433//2433 6989//6989
f 2806//2806 2817//2817 2433//2433
f 6991//6991 2406//2406 2411//2411
f 6994//6994 7025//7025 6999//6999
f 6995//6995 2424//2424 6996//6996
f 2404//2404 6988//6988 2425//2425
f 2433//2433 2426//2426 2425//2425
f 2433//2433 2425//2425 6989//6989
f 2411//2411 6997//6997 6991//6991
f 2412//2412 6999//6999 7025//7025
f 2411//2411 7000//7000 6997//6997
f 6998//6998 7001//7001 7021//7021
f 2412//2412 7023//7023 7022//7022
f 2412//2412 7025//7025 7023//7023
f 2133//2133 2420//2420 2414//2414
f 2132//2132 2413//2413 2126//2126
f 2414//2414 2415//2415 6885//6885
f 6886//6886 7004//7004 7002//7002
f 2417//2417 2415//2415 2414//2414
f 2820//2820 2417//2417 2414//2414
f 7003//7003 7005//7005 7006//7006
f 2820//2820 2414//2414 2422//2422
f 2420//2420 2422//2422 2414//2414
f 2413//2413 2416//2416 2126//2126
f 7007//7007 2416//2416 2413//2413
f 2418//2418 2416//2416 7007//7007
f 2418//2418 7007//7007 7200//7200
f 2133//2133 2419//2419 2420//2420
f 2423//2423 2419//2419 1910//1910
f 2420//2420 2419//2419 2421//2421
f 2420//2420 2421//2421 2422//2422
f 2421//2421 2419//2419 2423//2423
f 6996//6996 2424//2424 2439//2439
f 7028//7028 2424//2424 2425//2425
f 2426//2426 2440//2440 2425//2425
f 2425//2425 2440//2440 7028//7028
f 2429//2429 2440//2440 2426//2426
f 2430//2430 2432//2432 7009//7009
f 2432//2432 7012//7012 7009//7009
f 2427//2427 2428//2428 2431//2431
f 7015//7015 7010//7010 7013//7013
f 7017//7017 7015//7015 7013//7013
f 7019//7019 2430//2430 7009//7009
f 2430//2430 7019//7019 2434//2434
f 2432//2432 2430//2430 2434//2434
f 2434//2434 2442//2442 2432//2432
f 2423//2423 2427//2427 2833//2833
f 2833//2833 2427//2427 2431//2431
f 2433//2433 2831//2831 7020//7020
f 7020//7020 2443//2443 7032//7032
f 7025//7025 7026//7026 7023//7023
f 7027//7027 2143//2143 6887//6887
f 2409//2409 7027//7027 2437//2437
f 2444//2444 2143//2143 7027//7027
f 7028//7028 2440//2440 2444//2444
f 7027//7027 7028//7028 2444//2444
f 2409//2409 7028//7028 7027//7027
f 2428//2428 2427//2427 2445//2445
f 7038//7038 2440//2440 7011//7011
f 7011//7011 2440//2440 7014//7014
f 7016//7016 7018//7018 2441//2441
f 7018//7018 7033//7033 2441//2441
f 2833//2833 2431//2431 7029//7029
f 7035//7035 7209//7209 7030//7030
f 7036//7036 7031//7031 7034//7034
f 2440//2440 7038//7038 2444//2444
f 2444//2444 7037//7037 2143//2143
f 2448//2448 2446//2446 2447//2447
f 2846//2846 2450//2450 2447//2447
f 2447//2447 2449//2449 2448//2448
f 2449//2449 2447//2447 2450//2450
f 2850//2850 7040//7040 2449//2449
f 2850//2850 7039//7039 7040//7040
f 2451//2451 2450//2450 2846//2846
f 2850//2850 2449//2449 2863//2863
f 2450//2450 2452//2452 2449//2449
f 2451//2451 2452//2452 2450//2450
f 2452//2452 2453//2453 2449//2449
f 2452//2452 2463//2463 2453//2453
f 2451//2451 2859//2859 2452//2452
f 2859//2859 2860//2860 2452//2452
f 2463//2463 2452//2452 2860//2860
f 2863//2863 2449//2449 2457//2457
f 2864//2864 2863//2863 2457//2457
f 2449//2449 2453//2453 2455//2455
f 2449//2449 2455//2455 2457//2457
f 2463//2463 2460//2460 2453//2453
f 2455//2455 2453//2453 2454//2454
f 2453//2453 7042//7042 2454//2454
f 2457//2457 2455//2455 2456//2456
f 2454//2454 2458//2458 2455//2455
f 2455//2455 2458//2458 2456//2456
f 2457//2457 7041//7041 2459//2459
f 2461//2461 2459//2459 7041//7041
f 2864//2864 2457//2457 2459//2459
f 2865//2865 2459//2459 2461//2461
f 2871//2871 2454//2454 7042//7042
f 2871//2871 2458//2458 2454//2454
f 2458//2458 2462//2462 2456//2456
f 2456//2456 2462//2462 7043//7043
f 2463//2463 2866//2866 2464//2464
f 2463//2463 2465//2465 2460//2460
f 2463//2463 2464//2464 2465//2465
f 7043//7043 2462//2462 2869//2869
f 2871//2871 7042//7042 2465//2465
f 2145//2145 2894//2894 2467//2467
f 2895//2895 2466//2466 6818//6818
f 2466//2466 2896//2896 6818//6818
f 2144//2144 1920//1920 7230//7230
f 2145//2145 2467//2467 2148//2148
f 2467//2467 2894//2894 2151//2151
f 2894//2894 2468//2468 2151//2151
f 2468//2468 2897//2897 2469//2469
f 2468//2468 2894//2894 2897//2897
f 2897//2897 2153//2153 2469//2469
f 2470//2470 2477//2477 2474//2474
f 2471//2471 2476//2476 2470//2470
f 2476//2476 2471//2471 2472//2472
f 2898//2898 2471//2471 2470//2470
f 1924//1924 2895//2895 1925//1925
f 2473//2473 1924//1924 2472//2472
f 2473//2473 2895//2895 1924//1924
f 2473//2473 2472//2472 2471//2471
f 2158//2158 2897//2897 2160//2160
f 2477//2477 2490//2490 2474//2474
f 2477//2477 2168//2168 2490//2490
f 2476//2476 2478//2478 2155//2155
f 2475//2475 2477//2477 2476//2476
f 2472//2472 2156//2156 2478//2478
f 2476//2476 2472//2472 2478//2478
f 2477//2477 2470//2470 2476//2476
f 2156//2156 2155//2155 2478//2478
f 2472//2472 1924//1924 2156//2156
f 2479//2479 2904//2904 2169//2169
f 2480//2480 2902//2902 2482//2482
f 2494//2494 2483//2483 2486//2486
f 2483//2483 2482//2482 2481//2481
f 2483//2483 2481//2481 2488//2488
f 2481//2481 2474//2474 2488//2488
f 2489//2489 2488//2488 2474//2474
f 2483//2483 2480//2480 2482//2482
f 2480//2480 2483//2483 2494//2494
f 2903//2903 2474//2474 2482//2482
f 2481//2481 2482//2482 2474//2474
f 2480//2480 2494//2494 2905//2905
f 2905//2905 2494//2494 2493//2493
f 2487//2487 2490//2490 2168//2168
f 2483//2483 2485//2485 2486//2486
f 7046//7046 7044//7044 7045//7045
f 2489//2489 2483//2483 2488//2488
f 2484//2484 2483//2483 2489//2489
f 2490//2490 2487//2487 2474//2474
f 2487//2487 7047//7047 2474//2474
f 2173//2173 2491//2491 2904//2904
f 2908//2908 2492//2492 2909//2909
f 2497//2497 2910//2910 2909//2909
f 2498//2498 2497//2497 2492//2492
f 2492//2492 2495//2495 2174//2174
f 2497//2497 2909//2909 2492//2492
f 2492//2492 2174//2174 2498//2498
f 2495//2495 2493//2493 2499//2499
f 2499//2499 2174//2174 2495//2495
f 2499//2499 2493//2493 2496//2496
f 2496//2496 2494//2494 2486//2486
f 2496//2496 2493//2493 2494//2494
f 2500//2500 2497//2497 2498//2498
f 2913//2913 2497//2497 2500//2500
f 2498//2498 2174//2174 2500//2500
f 2911//2911 2502//2502 2178//2178
f 2502//2502 2911//2911 2912//2912
f 2500//2500 2501//2501 2913//2913
f 2501//2501 2500//2500 1791//1791
f 1960//1960 2501//2501 1791//1791
f 2502//2502 2912//2912 2503//2503
f 2503//2503 2504//2504 2502//2502
f 2502//2502 2504//2504 2178//2178
f 2505//2505 2501//2501 1960//1960
f 2501//2501 2505//2505 2915//2915
f 2915//2915 2505//2505 2917//2917
f 2504//2504 2503//2503 2916//2916
f 2179//2179 2178//2178 2504//2504
f 2504//2504 2916//2916 2179//2179
f 2506//2506 2916//2916 3306//3306
f 2916//2916 2507//2507 2179//2179
f 2916//2916 2506//2506 2507//2507
f 2506//2506 2919//2919 2509//2509
f 2508//2508 2183//2183 2507//2507
f 2509//2509 2508//2508 2506//2506
f 2508//2508 2507//2507 2506//2506
f 2511//2511 2917//2917 1964//1964
f 2509//2509 2183//2183 2508//2508
f 2919//2919 2510//2510 2509//2509
f 2509//2509 2510//2510 2183//2183
f 2510//2510 2512//2512 2183//2183
f 2181//2181 2511//2511 2182//2182
f 2183//2183 2512//2512 2515//2515
f 2513//2513 2920//2920 2181//2181
f 2512//2512 2516//2516 2515//2515
f 2515//2515 2516//2516 2517//2517
f 2514//2514 2518//2518 2516//2516
f 2517//2517 2516//2516 2518//2518
f 2518//2518 2923//2923 2517//2517
f 2517//2517 2186//2186 2515//2515
f 2519//2519 2521//2521 2517//2517
f 2521//2521 2520//2520 2517//2517
f 2923//2923 2924//2924 2519//2519
f 2189//2189 2520//2520 2522//2522
f 2519//2519 2520//2520 2521//2521
f 2522//2522 2520//2520 2519//2519
f 2189//2189 2522//2522 2519//2519
f 2189//2189 2519//2519 2924//2924
f 2925//2925 2187//2187 2523//2523
f 2193//2193 2524//2524 2523//2523
f 2927//2927 2523//2523 2524//2524
f 2524//2524 2193//2193 2525//2525
f 2525//2525 2193//2193 2194//2194
f 2525//2525 2927//2927 2524//2524
f 2529//2529 2527//2527 2535//2535
f 2526//2526 2525//2525 2528//2528
f 2528//2528 2525//2525 2527//2527
f 2528//2528 2534//2534 2526//2526
f 2527//2527 2534//2534 2528//2528
f 2529//2529 2534//2534 2527//2527
f 2530//2530 7048//7048 2536//2536
f 2527//2527 2525//2525 2194//2194
f 2535//2535 2527//2527 2194//2194
f 2535//2535 2194//2194 2532//2532
f 2530//2530 2536//2536 2537//2537
f 2531//2531 2932//2932 7055//7055
f 7050//7050 7055//7055 2932//2932
f 2531//2531 2532//2532 2538//2538
f 2538//2538 2932//2932 2531//2531
f 2532//2532 2195//2195 2539//2539
f 2924//2924 2567//2567 2190//2190
f 2536//2536 7048//7048 2535//2535
f 7050//7050 2929//2929 7052//7052
f 7049//7049 7051//7051 7053//7053
f 2535//2535 2532//2532 2531//2531
f 2536//2536 2535//2535 7055//7055
f 2531//2531 7055//7055 2535//2535
f 2539//2539 2937//2937 2538//2538
f 2532//2532 2539//2539 2538//2538
f 2539//2539 2195//2195 2533//2533
f 2539//2539 2533//2533 2941//2941
f 2540//2540 2539//2539 2941//2941
f 2540//2540 2941//2941 2942//2942
f 2541//2541 2941//2941 2533//2533
f 2944//2944 2941//2941 2541//2541
f 2944//2944 2541//2541 2543//2543
f 2541//2541 2533//2533 2542//2542
f 2198//2198 2546//2546 2542//2542
f 2542//2542 2546//2546 2541//2541
f 2547//2547 2546//2546 2544//2544
f 2545//2545 2547//2547 2544//2544
f 2541//2541 2546//2546 2547//2547
f 2543//2543 2541//2541 2547//2547
f 2545//2545 2544//2544 2548//2548
f 2544//2544 2552//2552 2548//2548
f 2545//2545 2549//2549 2551//2551
f 2545//2545 2548//2548 2549//2549
f 2550//2550 2549//2549 2548//2548
f 2548//2548 2558//2558 2550//2550
f 7056//7056 2551//2551 2549//2549
f 7056//7056 2558//2558 2551//2551
f 2552//2552 2553//2553 2554//2554
f 2548//2548 2552//2552 2555//2555
f 2555//2555 2552//2552 2554//2554
f 2553//2553 2561//2561 2554//2554
f 2554//2554 2561//2561 2557//2557
f 2556//2556 2555//2555 2554//2554
f 2557//2557 2556//2556 2554//2554
f 2555//2555 2558//2558 2548//2548
f 2556//2556 2557//2557 2559//2559
f 2556//2556 2558//2558 2555//2555
f 2551//2551 2558//2558 2560//2560
f 2558//2558 2556//2556 2560//2560
f 2559//2559 2560//2560 2556//2556
f 2560//2560 2559//2559 2563//2563
f 2560//2560 2574//2574 2551//2551
f 2563//2563 2559//2559 2557//2557
f 2561//2561 2200//2200 2565//2565
f 2557//2557 2561//2561 2563//2563
f 2563//2563 2561//2561 2562//2562
f 2561//2561 2565//2565 2562//2562
f 2562//2562 2565//2565 2566//2566
f 2566//2566 2564//2564 2562//2562
f 2563//2563 2562//2562 2564//2564
f 2563//2563 2564//2564 2560//2560
f 2566//2566 2578//2578 2564//2564
f 2576//2576 2560//2560 2564//2564
f 2564//2564 2577//2577 2576//2576
f 2564//2564 2578//2578 2577//2577
f 2200//2200 2949//2949 2565//2565
f 2948//2948 2566//2566 2565//2565
f 2568//2568 2543//2543 2547//2547
f 2568//2568 2962//2962 2543//2543
f 2962//2962 2568//2568 2953//2953
f 2569//2569 2545//2545 2551//2551
f 2547//2547 2545//2545 7057//7057
f 2551//2551 2574//2574 2570//2570
f 2547//2547 7057//7057 2572//2572
f 2551//2551 2570//2570 2569//2569
f 2571//2571 2572//2572 7057//7057
f 7058//7058 2571//2571 7057//7057
f 2572//2572 2571//2571 2573//2573
f 2571//2571 7058//7058 2573//2573
f 7058//7058 2575//2575 2573//2573
f 2572//2572 2568//2568 2547//2547
f 2953//2953 2568//2568 2572//2572
f 2953//2953 2572//2572 2573//2573
f 2570//2570 2574//2574 7059//7059
f 7059//7059 2574//2574 2582//2582
f 2576//2576 2574//2574 2560//2560
f 2574//2574 2576//2576 7060//7060
f 2578//2578 2579//2579 2577//2577
f 2577//2577 2579//2579 2576//2576
f 2949//2949 2206//2206 2958//2958
f 2949//2949 2958//2958 3338//3338
f 2580//2580 2958//2958 2206//2206
f 2581//2581 2958//2958 2580//2580
f 2206//2206 2584//2584 2580//2580
f 2581//2581 2580//2580 2584//2584
f 2567//2567 2625//2625 2212//2212
f 7059//7059 2582//2582 2964//2964
f 2215//2215 2584//2584 2206//2206
f 2584//2584 2215//2215 2583//2583
f 2583//2583 2588//2588 2584//2584
f 2581//2581 2584//2584 2588//2588
f 2583//2583 2585//2585 2586//2586
f 2583//2583 2587//2587 2588//2588
f 2587//2587 2583//2583 7061//7061
f 2581//2581 2588//2588 7062//7062
f 2581//2581 7062//7062 2589//2589
f 2587//2587 7061//7061 2599//2599
f 7062//7062 7068//7068 2589//2589
f 2592//2592 2224//2224 7063//7063
f 2591//2591 2225//2225 2593//2593
f 2593//2593 7064//7064 2591//2591
f 2592//2592 7065//7065 2594//2594
f 7065//7065 2596//2596 2594//2594
f 2592//2592 2594//2594 2618//2618
f 2593//2593 2225//2225 2595//2595
f 2596//2596 2618//2618 2594//2594
f 2598//2598 7067//7067 2626//2626
f 2586//2586 2585//2585 2598//2598
f 2585//2585 7067//7067 2598//2598
f 2598//2598 2626//2626 2638//2638
f 2598//2598 2638//2638 2627//2627
f 2598//2598 2627//2627 2586//2586
f 2586//2586 2627//2627 7069//7069
f 2610//2610 2600//2600 2628//2628
f 2602//2602 2611//2611 2612//2612
f 2601//2601 2611//2611 2602//2602
f 2600//2600 7071//7071 2628//2628
f 2611//2611 2601//2601 7070//7070
f 2602//2602 2612//2612 2603//2603
f 2628//2628 7071//7071 2605//2605
f 2629//2629 2628//2628 2987//2987
f 2604//2604 2602//2602 2603//2603
f 2601//2601 2602//2602 2604//2604
f 7071//7071 2604//2604 2605//2605
f 2987//2987 2628//2628 2605//2605
f 2604//2604 2984//2984 2985//2985
f 2984//2984 2604//2604 2603//2603
f 2985//2985 2605//2605 2604//2604
f 2996//2996 2603//2603 2998//2998
f 2633//2633 7245//7245 2634//2634
f 2607//2607 2238//2238 2614//2614
f 2606//2606 2609//2609 2608//2608
f 7075//7075 2606//2606 2607//2607
f 7073//7073 2628//2628 2630//2630
f 7074//7074 2611//2611 7076//7076
f 7074//7074 7075//7075 2611//2611
f 7075//7075 2612//2612 2611//2611
f 2614//2614 7075//7075 2607//2607
f 7075//7075 2614//2614 2615//2615
f 2610//2610 2628//2628 7073//7073
f 7075//7075 2613//2613 2612//2612
f 2613//2613 7075//7075 2615//2615
f 7070//7070 7076//7076 2611//2611
f 2612//2612 2613//2613 2603//2603
f 2613//2613 2615//2615 2998//2998
f 2998//2998 2603//2603 2613//2613
f 2615//2615 2614//2614 2616//2616
f 2616//2616 2614//2614 2999//2999
f 2614//2614 2624//2624 2999//2999
f 2998//2998 2615//2615 2617//2617
f 2615//2615 2616//2616 2617//2617
f 2617//2617 2616//2616 2999//2999
f 2617//2617 2999//2999 2998//2998
f 2614//2614 2618//2618 7077//7077
f 2596//2596 2619//2619 2618//2618
f 2618//2618 2619//2619 2624//2624
f 2593//2593 2595//2595 2620//2620
f 2595//2595 2228//2228 2620//2620
f 2228//2228 2622//2622 2620//2620
f 2593//2593 2620//2620 2621//2621
f 2596//2596 2621//2621 2619//2619
f 2621//2621 2596//2596 7065//7065
f 2620//2620 2623//2623 2621//2621
f 2619//2619 2621//2621 2624//2624
f 2621//2621 2623//2623 2624//2624
f 2622//2622 2228//2228 2239//2239
f 2622//2622 2239//2239 2246//2246
f 2620//2620 2622//2622 2623//2623
f 2623//2623 2622//2622 2246//2246
f 2635//2635 2623//2623 2246//2246
f 2623//2623 7080//7080 2624//2624
f 2999//2999 2624//2624 7080//7080
f 2626//2626 2637//2637 2638//2638
f 2627//2627 2638//2638 3016//3016
f 2628//2628 2629//2629 2632//2632
f 2629//2629 2633//2633 7079//7079
f 2987//2987 2633//2633 2629//2629
f 2630//2630 2632//2632 2631//2631
f 2628//2628 2632//2632 2630//2630
f 7078//7078 7079//7079 2633//2633
f 7078//7078 2633//2633 2642//2642
f 2633//2633 2634//2634 2642//2642
f 2246//2246 2259//2259 2635//2635
f 2635//2635 2259//2259 2643//2643
f 2625//2625 3015//3015 2636//2636
f 2250//2250 2625//2625 2636//2636
f 2250//2250 2636//2636 2273//2273
f 2636//2636 3015//3015 2273//2273
f 2640//2640 2639//2639 2637//2637
f 2639//2639 2638//2638 2637//2637
f 2639//2639 2640//2640 2638//2638
f 6905//6905 3017//3017 2640//2640
f 2638//2638 2640//2640 3017//3017
f 3016//3016 2638//2638 7262//7262
f 3049//3049 6905//6905 2655//2655
f 2641//2641 7078//7078 2642//2642
f 2655//2655 2257//2257 7088//7088
f 2641//2641 2654//2654 2258//2258
f 2641//2641 2657//2657 2654//2654
f 2641//2641 2658//2658 2657//2657
f 2642//2642 2658//2658 2641//2641
f 2642//2642 2660//2660 2658//2658
f 7093//7093 2642//2642 3023//3023
f 2634//2634 3023//3023 2642//2642
f 3023//3023 3046//3046 7093//7093
f 2643//2643 2259//2259 2661//2661
f 3011//3011 7082//7082 2644//2644
f 3024//3024 3011//3011 2644//2644
f 2663//2663 2670//2670 2662//2662
f 6911//6911 2648//2648 7083//7083
f 2266//2266 2648//2648 6911//6911
f 7084//7084 2647//2647 2645//2645
f 2647//2647 2646//2646 2645//2645
f 2647//2647 2664//2664 2646//2646
f 2665//2665 2647//2647 7084//7084
f 2664//2664 2647//2647 7097//7097
f 2652//2652 2648//2648 2266//2266
f 7097//7097 7085//7085 2649//2649
f 7097//7097 2649//2649 2668//2668
f 7085//7085 2650//2650 2649//2649
f 2652//2652 7086//7086 2648//2648
f 2668//2668 2649//2649 2672//2672
f 2649//2649 2651//2651 2672//2672
f 2649//2649 2650//2650 2651//2651
f 7087//7087 7086//7086 2652//2652
f 2674//2674 2672//2672 3036//3036
f 3036//3036 2672//2672 3034//3034
f 2672//2672 2651//2651 3034//3034
f 7087//7087 2652//2652 3035//3035
f 3015//3015 3037//3037 2653//2653
f 3015//3015 2653//2653 2273//2273
f 2655//2655 7088//7088 2656//2656
f 2656//2656 7088//7088 7089//7089
f 2655//2655 2656//2656 3049//3049
f 2657//2657 2658//2658 2660//2660
f 2656//2656 7089//7089 2659//2659
f 2660//2660 7090//7090 2657//2657
f 3047//3047 3049//3049 2656//2656
f 7285//7285 7091//7091 7094//7094
f 2656//2656 2659//2659 3047//3047
f 3052//3052 7286//7286 7092//7092
f 7285//7285 7295//7295 7091//7091
f 2661//2661 2644//2644 7082//7082
f 3024//3024 2644//2644 2678//2678
f 3058//3058 7267//7267 2686//2686
f 3058//3058 2686//2686 3067//3067
f 3031//3031 2693//2693 7095//7095
f 3031//3031 2663//2663 3032//3032
f 2666//2666 2702//2702 2664//2664
f 7097//7097 2666//2666 2664//2664
f 2670//2670 2696//2696 2667//2667
f 2671//2671 2701//2701 2666//2666
f 2700//2700 7122//7122 7100//7100
f 2668//2668 2669//2669 7097//7097
f 2666//2666 2669//2669 2671//2671
f 7097//7097 2669//2669 2666//2666
f 2667//2667 7102//7102 2670//2670
f 7098//7098 2671//2671 2674//2674
f 7121//7121 7101//7101 7099//7099
f 7117//7117 7121//7121 7099//7099
f 2672//2672 2669//2669 2668//2668
f 2672//2672 2673//2673 2669//2669
f 2674//2674 2671//2671 2673//2673
f 2673//2673 2671//2671 2669//2669
f 2672//2672 2674//2674 2673//2673
f 7102//7102 3036//3036 2670//2670
f 2652//2652 2705//2705 2675//2675
f 2675//2675 3035//3035 2652//2652
f 2675//2675 2705//2705 3065//3065
f 3037//3037 2676//2676 2653//2653
f 2653//2653 2676//2676 2097//2097
f 2286//2286 2677//2677 2661//2661
f 2286//2286 2681//2681 2677//2677
f 2677//2677 2644//2644 2661//2661
f 7103//7103 2644//2644 2677//2677
f 7104//7104 2679//2679 7268//7268
f 7105//7105 7103//7103 2677//2677
f 7109//7109 7105//7105 2677//2677
f 7268//7268 2679//2679 7110//7110
f 2682//2682 2681//2681 2680//2680
f 2680//2680 2292//2292 2683//2683
f 2680//2680 2683//2683 2682//2682
f 2677//2677 2681//2681 2682//2682
f 2682//2682 7109//7109 2677//2677
f 7106//7106 2692//2692 2688//2688
f 2689//2689 7109//7109 2682//2682
f 2689//2689 2682//2682 2690//2690
f 2682//2682 2683//2683 2690//2690
f 2683//2683 2684//2684 2690//2690
f 7107//7107 7111//7111 7112//7112
f 3068//3068 2687//2687 2691//2691
f 2687//2687 2685//2685 7113//7113
f 3068//3068 3069//3069 2687//2687
f 2685//2685 2687//2687 7111//7111
f 3064//3064 7108//7108 2692//2692
f 7108//7108 2688//2688 2692//2692
f 2686//2686 2689//2689 7310//7310
f 3069//3069 7112//7112 2687//2687
f 7112//7112 7111//7111 2687//2687
f 7310//7310 2689//2689 2690//2690
f 2710//2710 2692//2692 7106//7106
f 2710//2710 3064//3064 2692//2692
f 2694//2694 2295//2295 2711//2711
f 2693//2693 2695//2695 7095//7095
f 2695//2695 2693//2693 7115//7115
f 2709//2709 2684//2684 2295//2295
f 2709//2709 7131//7131 2684//2684
f 7115//7115 2708//2708 7129//7129
f 7115//7115 2693//2693 2708//2708
f 7308//7308 7132//7132 2708//2708
f 2701//2701 2703//2703 2702//2702
f 2701//2701 2702//2702 2666//2666
f 2699//2699 2698//2698 2696//2696
f 2698//2698 2699//2699 2722//2722
f 7116//7116 7134//7134 2712//2712
f 7126//7126 7123//7123 2697//2697
f 7118//7118 2698//2698 7120//7120
f 7096//7096 7116//7116 2712//2712
f 2698//2698 2704//2704 7120//7120
f 2697//2697 7127//7127 7126//7126
f 7136//7136 2699//2699 2663//2663
f 2704//2704 2698//2698 2722//2722
f 2722//2722 2699//2699 7136//7136
f 2699//2699 2696//2696 2670//2670
f 2699//2699 2670//2670 2663//2663
f 7119//7119 7122//7122 2700//2700
f 7124//7124 7118//7118 7120//7120
f 7115//7115 7135//7135 2695//2695
f 2702//2702 2714//2714 2315//2315
f 7126//7126 7127//7127 7138//7138
f 2702//2702 2703//2703 2714//2714
f 7127//7127 7144//7144 7138//7138
f 3070//3070 2705//2705 2706//2706
f 3065//3065 2705//2705 3070//3070
f 3037//3037 2724//2724 2707//2707
f 2308//2308 2707//2707 2724//2724
f 2295//2295 2694//2694 2709//2709
f 7133//7133 7130//7130 7128//7128
f 2711//2711 6925//6925 2713//2713
f 7137//7137 2712//2712 7134//7134
f 2712//2712 7137//7137 7145//7145
f 2715//2715 2713//2713 6925//6925
f 7144//7144 2716//2716 7138//7138
f 2717//2717 7138//7138 2716//2716
f 7139//7139 2718//2718 7145//7145
f 7144//7144 7140//7140 2716//2716
f 2716//2716 7140//7140 2717//2717
f 2717//2717 7140//7140 2720//2720
f 2718//2718 7139//7139 7141//7141
f 7141//7141 6935//6935 7143//7143
f 7141//7141 7143//7143 2718//2718
f 7140//7140 2721//2721 2720//2720
f 7139//7139 7145//7145 7137//7137
f 2706//2706 2725//2725 3070//3070
f 2730//2730 3081//3081 3080//3080
f 2741//2741 2742//2742 2724//2724
f 2723//2723 2741//2741 2724//2724
f 2350//2350 2328//2328 2742//2742
f 2724//2724 2742//2742 2328//2328
f 2706//2706 3141//3141 2725//2725
f 2726//2726 3122//3122 2733//2733
f 3122//3122 2744//2744 2733//2733
f 6940//6940 2735//2735 2728//2728
f 6940//6940 6945//6945 2735//2735
f 7147//7147 6943//6943 6941//6941
f 7147//7147 2727//2727 6943//6943
f 7147//7147 2729//2729 2727//2727
f 2729//2729 2743//2743 2727//2727
f 7148//7148 7151//7151 2730//2730
f 7151//7151 3081//3081 2730//2730
f 7147//7147 2731//2731 2729//2729
f 2743//2743 2729//2729 2731//2731
f 2731//2731 7147//7147 7149//7149
f 7150//7150 7325//7325 7146//7146
f 2731//2731 7149//7149 2726//2726
f 2726//2726 2732//2732 2731//2731
f 2726//2726 2733//2733 2732//2732
f 2732//2732 2733//2733 2744//2744
f 7152//7152 6944//6944 2734//2734
f 7326//7326 7152//7152 2736//2736
f 2736//2736 7152//7152 2734//2734
f 2736//2736 2734//2734 2343//2343
f 2343//2343 3127//3127 2736//2736
f 3111//3111 2746//2746 2737//2737
f 6951//6951 2740//2740 2741//2741
f 6950//6950 2738//2738 2746//2746
f 2746//2746 2738//2738 2737//2737
f 2737//2737 2738//2738 2739//2739
f 2723//2723 2739//2739 2741//2741
f 2348//2348 2739//2739 2738//2738
f 2741//2741 2739//2739 6951//6951
f 2723//2723 2737//2737 2739//2739
f 2742//2742 2741//2741 2740//2740
f 2706//2706 2752//2752 3141//3141
f 2743//2743 2362//2362 2361//2361
f 2744//2744 2747//2747 2743//2743
f 2731//2731 2744//2744 2743//2743
f 2731//2731 2732//2732 2744//2744
f 2747//2747 2744//2744 3161//3161
f 2748//2748 3127//3127 2364//2364
f 3127//3127 2748//2748 2745//2745
f 3099//3099 3127//3127 2745//2745
f 3136//3136 2754//2754 2746//2746
f 6955//6955 6950//6950 2746//2746
f 2747//2747 2370//2370 2743//2743
f 2370//2370 2362//2362 2743//2743
f 2782//2782 2747//2747 3161//3161
f 2744//2744 3122//3122 3161//3161
f 3162//3162 3161//3161 3122//3122
f 2364//2364 2753//2753 2748//2748
f 2753//2753 2750//2750 2748//2748
f 2749//2749 2748//2748 2750//2750
f 2745//2745 2748//2748 2749//2749
f 2745//2745 2749//2749 2750//2750
f 2750//2750 2751//2751 2745//2745
f 3149//3149 2745//2745 2751//2751
f 3148//3148 3149//3149 2751//2751
f 2754//2754 3136//3136 3151//3151
f 2785//2785 3148//3148 2751//2751
f 2756//2756 3150//3150 3164//3164
f 3151//3151 2755//2755 2754//2754
f 7355//7355 7156//7156 2758//2758
f 2384//2384 2746//2746 2754//2754
f 2760//2760 7160//7160 6968//6968
f 2752//2752 2776//2776 3168//3168
f 2765//2765 6964//6964 2768//2768
f 2768//2768 6964//6964 6874//6874
f 2747//2747 2782//2782 2370//2370
f 2782//2782 3161//3161 3175//3175
f 7183//7183 7153//7153 2786//2786
f 2751//2751 2750//2750 7184//7184
f 3165//3165 7183//7183 2789//2789
f 2756//2756 3164//3164 2757//2757
f 7156//7156 7157//7157 2759//2759
f 2755//2755 2758//2758 2792//2792
f 2757//2757 3164//3164 2788//2788
f 2758//2758 7156//7156 2759//2759
f 2758//2758 2759//2759 7188//7188
f 7366//7366 7368//7368 7187//7187
f 7366//7366 7187//7187 7185//7185
f 2384//2384 2754//2754 7158//7158
f 2754//2754 2793//2793 7158//7158
f 2763//2763 7159//7159 2762//2762
f 7159//7159 2763//2763 7161//7161
f 7161//7161 2763//2763 2397//2397
f 2806//2806 7158//7158 2793//2793
f 7162//7162 7158//7158 2806//2806
f 7154//7154 6974//6974 2764//2764
f 7163//7163 6973//6973 7165//7165
f 7164//7164 7166//7166 2766//2766
f 2768//2768 7167//7167 2765//2765
f 7155//7155 7164//7164 2767//2767
f 2767//2767 7164//7164 2766//2766
f 2769//2769 2767//2767 2766//2766
f 2769//2769 7168//7168 2768//2768
f 2752//2752 7169//7169 2770//2770
f 2767//2767 2771//2771 7170//7170
f 2769//2769 2771//2771 2767//2767
f 2769//2769 2773//2773 2771//2771
f 2768//2768 2773//2773 2769//2769
f 7171//7171 7175//7175 2772//2772
f 2768//2768 6874//6874 2773//2773
f 7172//7172 7173//7173 2770//2770
f 2770//2770 7173//7173 2774//2774
f 7174//7174 2778//2778 7177//7177
f 2773//2773 6874//6874 3173//3173
f 2752//2752 2770//2770 2774//2774
f 7174//7174 7176//7176 2778//2778
f 2776//2776 2752//2752 2774//2774
f 2775//2775 2776//2776 2774//2774
f 2775//2775 2774//2774 7179//7179
f 2775//2775 7179//7179 2777//2777
f 7178//7178 2776//2776 2775//2775
f 3167//3167 2776//2776 7178//7178
f 7369//7369 2777//2777 7179//7179
f 3173//3173 6874//6874 3177//3177
f 6980//6980 2780//2780 3177//3177
f 3177//3177 6874//6874 6980//6980
f 3177//3177 2780//2780 2784//2784
f 7181//7181 3178//3178 7378//7378
f 3175//3175 3178//3178 7181//7181
f 2781//2781 2780//2780 6982//6982
f 2779//2779 7180//7180 6983//6983
f 6981//6981 2782//2782 2779//2779
f 2783//2783 2779//2779 2782//2782
f 7181//7181 7180//7180 2783//2783
f 2783//2783 7180//7180 2779//2779
f 3175//3175 7181//7181 2783//2783
f 2781//2781 7182//7182 2780//2780
f 2782//2782 3175//3175 2783//2783
f 7153//7153 7190//7190 2786//2786
f 7190//7190 2416//2416 2786//2786
f 2798//2798 7183//7183 2786//2786
f 2798//2798 2789//2789 7183//7183
f 7157//7157 2787//2787 2759//2759
f 7157//7157 7186//7186 2787//2787
f 2759//2759 2787//2787 7188//7188
f 2790//2790 2754//2754 2755//2755
f 2754//2754 2790//2790 7189//7189
f 2791//2791 2790//2790 2755//2755
f 7185//7185 2799//2799 2800//2800
f 2787//2787 7192//7192 7188//7188
f 2791//2791 2755//2755 2792//2792
f 7192//7192 2787//2787 7186//7186
f 2792//2792 7193//7193 2791//2791
f 2804//2804 2791//2791 7193//7193
f 7162//7162 2794//2794 6987//6987
f 7162//7162 2806//2806 2794//2794
f 2793//2793 2802//2802 2806//2806
f 7189//7189 2790//2790 2802//2802
f 2397//2397 2763//2763 2399//2399
f 2794//2794 2806//2806 6989//6989
f 2786//2786 2416//2416 2796//2796
f 2798//2798 2813//2813 2789//2789
f 2796//2796 2797//2797 2786//2786
f 2797//2797 2810//2810 2811//2811
f 2797//2797 2811//2811 2798//2798
f 2797//2797 2798//2798 2786//2786
f 2812//2812 2798//2798 2811//2811
f 7187//7187 7197//7197 7185//7185
f 7185//7185 7197//7197 2799//2799
f 2799//2799 2801//2801 2800//2800
f 2790//2790 2803//2803 2802//2802
f 7195//7195 2791//2791 2805//2805
f 2791//2791 7195//7195 2790//2790
f 2815//2815 2801//2801 2799//2799
f 2816//2816 2804//2804 7193//7193
f 2805//2805 2791//2791 2804//2804
f 2814//2814 2805//2805 2804//2804
f 7193//7193 7194//7194 2816//2816
f 7194//7194 2815//2815 2816//2816
f 2807//2807 2806//2806 2802//2802
f 2807//2807 2802//2802 2808//2808
f 2817//2817 2806//2806 2807//2807
f 2817//2817 2807//2807 2808//2808
f 2808//2808 2802//2802 2818//2818
f 2808//2808 2818//2818 2817//2817
f 2797//2797 2796//2796 2810//2810
f 2810//2810 2809//2809 2821//2821
f 2810//2810 2796//2796 2809//2809
f 2796//2796 2416//2416 2809//2809
f 2811//2811 2810//2810 2821//2821
f 2812//2812 2811//2811 2821//2821
f 7191//7191 7196//7196 7197//7197
f 2821//2821 2809//2809 2416//2416
f 2812//2812 2821//2821 2822//2822
f 2803//2803 2818//2818 2802//2802
f 2805//2805 7198//7198 7195//7195
f 2815//2815 2799//2799 7197//7197
f 2825//2825 2815//2815 7197//7197
f 7196//7196 2825//2825 7197//7197
f 2815//2815 2825//2825 2827//2827
f 2804//2804 2816//2816 2814//2814
f 2815//2815 2819//2819 2816//2816
f 2816//2816 7199//7199 2814//2814
f 2834//2834 2433//2433 2817//2817
f 2817//2817 2818//2818 2834//2834
f 2805//2805 2814//2814 7211//7211
f 7198//7198 2805//2805 7211//7211
f 2827//2827 2819//2819 2815//2815
f 2814//2814 7199//7199 2829//2829
f 2814//2814 2829//2829 7211//7211
f 2821//2821 2416//2416 2418//2418
f 7202//7202 7008//7008 7201//7201
f 2822//2822 2821//2821 2418//2418
f 2825//2825 7196//7196 7203//7203
f 2422//2422 2824//2824 2820//2820
f 2421//2421 2423//2423 2830//2830
f 2421//2421 2823//2823 2422//2422
f 2422//2422 2823//2823 2824//2824
f 2830//2830 2423//2423 2835//2835
f 7201//7201 7204//7204 7202//7202
f 7205//7205 2826//2826 7203//7203
f 7205//7205 2828//2828 2826//2826
f 7206//7206 2823//2823 2830//2830
f 7206//7206 2824//2824 2823//2823
f 2421//2421 2830//2830 2823//2823
f 2830//2830 2835//2835 2836//2836
f 7213//7213 7211//7211 2829//2829
f 2826//2826 2825//2825 7203//7203
f 2827//2827 2825//2825 2826//2826
f 2828//2828 2827//2827 2826//2826
f 2828//2828 7207//7207 2827//2827
f 2827//2827 7207//7207 2829//2829
f 2829//2829 7207//7207 7213//7213
f 2819//2819 2827//2827 2829//2829
f 2832//2832 2433//2433 2834//2834
f 2832//2832 2831//2831 2433//2433
f 2831//2831 2832//2832 2837//2837
f 7215//7215 7035//7035 7208//7208
f 7215//7215 7209//7209 7035//7035
f 7020//7020 2831//2831 2443//2443
f 2835//2835 2423//2423 2833//2833
f 2837//2837 2832//2832 2834//2834
f 2836//2836 2835//2835 7210//7210
f 2836//2836 7210//7210 7216//7216
f 7217//7217 7212//7212 7214//7214
f 2839//2839 3187//3187 2842//2842
f 2843//2843 3200//3200 2841//2841
f 3187//3187 2839//2839 2838//2838
f 2838//2838 2839//2839 2840//2840
f 7218//7218 2840//2840 2839//2839
f 2840//2840 2841//2841 3200//3200
f 3200//3200 2843//2843 3203//3203
f 7219//7219 7218//7218 2842//2842
f 2842//2842 2844//2844 7219//7219
f 3203//3203 2843//2843 3208//3208
f 2839//2839 2842//2842 7218//7218
f 2845//2845 3208//3208 2843//2843
f 7219//7219 2844//2844 7221//7221
f 2846//2846 2847//2847 2451//2451
f 2846//2846 3482//3482 2847//2847
f 2847//2847 2858//2858 2856//2856
f 3208//3208 2845//2845 2849//2849
f 3208//3208 2849//2849 2850//2850
f 7221//7221 2848//2848 2446//2446
f 7220//7220 2846//2846 2848//2848
f 2844//2844 2848//2848 7221//7221
f 2849//2849 2845//2845 7039//7039
f 2849//2849 7039//7039 2850//2850
f 2848//2848 2447//2447 2446//2446
f 2846//2846 2447//2447 2848//2848
f 2851//2851 2451//2451 2847//2847
f 2851//2851 2859//2859 2451//2451
f 2853//2853 2851//2851 2847//2847
f 2851//2851 2853//2853 2852//2852
f 2851//2851 2852//2852 2859//2859
f 2859//2859 2852//2852 2860//2860
f 2853//2853 2847//2847 2855//2855
f 2857//2857 2847//2847 2856//2856
f 2855//2855 2847//2847 7223//7223
f 2852//2852 2853//2853 2854//2854
f 2852//2852 2854//2854 2860//2860
f 7222//7222 2853//2853 2855//2855
f 2855//2855 2861//2861 7222//7222
f 7224//7224 2860//2860 2854//2854
f 2856//2856 7224//7224 2857//2857
f 2856//2856 2858//2858 7224//7224
f 2858//2858 2862//2862 7224//7224
f 2861//2861 2855//2855 7223//7223
f 7224//7224 2463//2463 2860//2860
f 2463//2463 7224//7224 2866//2866
f 2862//2862 3233//3233 7224//7224
f 3235//3235 3233//3233 2862//2862
f 2865//2865 3218//3218 2863//2863
f 2865//2865 2864//2864 2459//2459
f 2865//2865 2863//2863 2864//2864
f 2865//2865 2867//2867 3218//3218
f 2464//2464 2866//2866 2873//2873
f 7224//7224 3233//3233 2866//2866
f 3233//3233 3234//3234 2866//2866
f 2867//2867 2865//2865 2869//2869
f 2869//2869 2868//2868 2867//2867
f 3225//3225 3224//3224 2867//2867
f 3225//3225 2867//2867 7225//7225
f 2458//2458 2872//2872 2462//2462
f 2869//2869 2865//2865 2461//2461
f 2869//2869 2462//2462 2872//2872
f 2878//2878 2870//2870 2869//2869
f 2869//2869 2870//2870 2868//2868
f 2458//2458 2871//2871 2872//2872
f 2869//2869 2872//2872 2878//2878
f 2879//2879 2872//2872 2871//2871
f 2873//2873 2465//2465 2464//2464
f 2873//2873 2874//2874 2465//2465
f 2871//2871 2465//2465 2874//2874
f 2871//2871 2874//2874 2879//2879
f 2880//2880 2872//2872 2879//2879
f 2875//2875 2873//2873 2866//2866
f 2873//2873 2875//2875 2876//2876
f 2875//2875 2877//2877 2876//2876
f 2875//2875 2886//2886 2877//2877
f 2866//2866 2886//2886 2875//2875
f 2886//2886 2866//2866 7390//7390
f 2887//2887 2868//2868 2870//2870
f 2870//2870 2878//2878 2887//2887
f 2883//2883 2880//2880 2879//2879
f 2880//2880 2888//2888 2872//2872
f 2883//2883 2888//2888 2880//2880
f 2872//2872 2888//2888 2878//2878
f 2873//2873 2881//2881 2874//2874
f 2873//2873 2884//2884 2881//2881
f 2874//2874 7228//7228 2882//2882
f 2883//2883 2874//2874 2882//2882
f 2882//2882 7229//7229 2884//2884
f 2879//2879 2874//2874 2883//2883
f 2884//2884 2873//2873 2876//2876
f 2876//2876 2891//2891 2884//2884
f 2886//2886 2885//2885 2877//2877
f 2877//2877 3263//3263 2876//2876
f 2885//2885 3250//3250 2877//2877
f 2885//2885 3249//3249 3250//3250
f 2885//2885 2886//2886 3249//3249
f 2878//2878 2888//2888 2887//2887
f 2887//2887 2888//2888 2893//2893
f 2890//2890 2883//2883 2882//2882
f 2889//2889 2890//2890 2882//2882
f 2884//2884 2889//2889 2882//2882
f 2884//2884 2891//2891 2889//2889
f 3253//3253 2890//2890 2889//2889
f 3248//3248 2888//2888 2883//2883
f 2890//2890 3248//3248 2883//2883
f 2890//2890 3253//3253 3248//3248
f 2889//2889 3262//3262 3253//3253
f 2876//2876 3262//3262 2891//2891
f 2891//2891 3262//3262 2889//2889
f 3262//3262 2876//2876 3263//3263
f 2892//2892 3252//3252 7226//7226
f 2887//2887 2892//2892 2868//2868
f 2887//2887 2893//2893 3260//3260
f 3260//3260 2893//2893 3264//3264
f 3279//3279 2894//2894 2145//2145
f 2895//2895 2898//2898 3278//3278
f 2895//2895 2896//2896 2466//2466
f 2144//2144 2896//2896 2145//2145
f 2896//2896 3283//3283 2145//2145
f 2900//2900 2160//2160 2897//2897
f 2901//2901 2900//2900 3291//3291
f 2903//2903 2899//2899 2474//2474
f 2474//2474 2899//2899 2470//2470
f 2899//2899 2898//2898 2470//2470
f 2471//2471 2898//2898 2895//2895
f 2473//2473 2471//2471 2895//2895
f 3291//3291 3292//3292 2901//2901
f 2901//2901 2479//2479 2900//2900
f 3292//3292 2479//2479 2901//2901
f 2479//2479 2160//2160 2900//2900
f 2902//2902 2899//2899 2903//2903
f 2902//2902 2908//2908 2906//2906
f 2482//2482 2902//2902 2903//2903
f 2902//2902 2480//2480 2905//2905
f 2905//2905 2493//2493 2495//2495
f 2905//2905 2495//2495 2908//2908
f 2905//2905 2908//2908 2902//2902
f 3301//3301 2907//2907 2913//2913
f 2909//2909 2906//2906 2908//2908
f 2907//2907 2906//2906 2909//2909
f 2907//2907 2909//2909 2910//2910
f 2907//2907 2910//2910 2913//2913
f 2492//2492 2908//2908 2495//2495
f 3299//3299 2173//2173 2904//2904
f 2911//2911 2173//2173 3299//3299
f 2910//2910 2497//2497 2913//2913
f 3303//3303 2913//2913 2914//2914
f 3299//3299 3304//3304 2911//2911
f 2912//2912 2911//2911 3304//3304
f 2501//2501 2914//2914 2913//2913
f 2501//2501 2915//2915 2914//2914
f 2916//2916 2912//2912 3304//3304
f 2916//2916 2503//2503 2912//2912
f 2915//2915 2917//2917 2914//2914
f 2918//2918 2917//2917 2511//2511
f 2511//2511 3307//3307 2918//2918
f 3307//3307 2511//2511 3310//3310
f 3309//3309 2919//2919 3306//3306
f 2919//2919 2506//2506 3306//3306
f 2510//2510 2919//2919 3309//3309
f 3311//3311 2511//2511 2181//2181
f 2510//2510 3309//3309 2512//2512
f 2512//2512 3309//3309 2921//2921
f 2920//2920 3311//3311 2181//2181
f 2921//2921 2514//2514 2512//2512
f 2513//2513 3313//3313 2920//2920
f 2512//2512 2514//2514 2516//2516
f 2921//2921 2518//2518 2514//2514
f 2921//2921 2922//2922 2518//2518
f 2513//2513 2925//2925 3656//3656
f 2518//2518 2922//2922 2923//2923
f 2923//2923 2922//2922 2924//2924
f 3656//3656 2925//2925 3316//3316
f 2923//2923 2519//2519 2517//2517
f 2926//2926 2925//2925 2523//2523
f 2926//2926 2927//2927 3318//3318
f 2523//2523 2927//2927 2926//2926
f 2525//2525 2526//2526 7231//7231
f 2928//2928 7231//7231 2526//2526
f 2526//2526 7054//7054 2929//2929
f 2526//2526 2929//2929 2928//2928
f 2928//2928 2930//2930 3321//3321
f 2929//2929 2930//2930 2928//2928
f 3321//3321 2930//2930 2931//2931
f 7050//7050 2930//2930 2929//2929
f 2930//2930 7050//7050 2932//2932
f 2931//2931 2930//2930 2932//2932
f 7232//7232 2932//2932 2934//2934
f 2933//2933 2567//2567 2924//2924
f 3319//3319 2567//2567 2933//2933
f 3666//3666 2567//2567 3319//3319
f 3322//3322 2934//2934 3324//3324
f 7232//7232 2934//2934 3322//3322
f 3324//3324 2934//2934 2935//2935
f 2936//2936 3325//3325 2935//2935
f 2937//2937 2935//2935 2934//2934
f 2538//2538 2934//2934 2932//2932
f 2937//2937 2934//2934 2538//2538
f 2938//2938 2937//2937 2539//2539
f 2938//2938 2935//2935 2937//2937
f 2939//2939 2935//2935 2938//2938
f 2935//2935 2939//2939 2936//2936
f 2936//2936 2939//2939 2940//2940
f 2938//2938 2539//2539 2540//2540
f 2938//2938 2540//2540 2939//2939
f 2940//2940 2540//2540 3327//3327
f 2940//2940 2939//2939 2540//2540
f 2943//2943 2942//2942 2945//2945
f 2540//2540 2942//2942 3327//3327
f 2943//2943 3327//3327 2942//2942
f 2945//2945 2947//2947 2943//2943
f 2942//2942 2941//2941 2944//2944
f 2944//2944 2945//2945 2942//2942
f 2946//2946 2945//2945 2944//2944
f 2944//2944 2543//2543 2946//2946
f 2945//2945 2946//2946 2947//2947
f 2947//2947 2946//2946 2951//2951
f 2943//2943 2947//2947 3332//3332
f 2947//2947 3341//3341 3332//3332
f 2947//2947 2951//2951 3341//3341
f 2946//2946 2543//2543 2951//2951
f 2948//2948 2578//2578 2566//2566
f 2948//2948 2954//2954 2578//2578
f 2565//2565 2949//2949 2950//2950
f 2954//2954 2948//2948 2955//2955
f 2948//2948 2565//2565 2950//2950
f 2948//2948 2957//2957 2955//2955
f 2948//2948 2950//2950 2957//2957
f 2950//2950 2949//2949 3335//3335
f 2957//2957 2950//2950 3345//3345
f 3347//3347 3345//3345 2950//2950
f 3335//3335 2949//2949 3338//3338
f 2951//2951 2543//2543 7233//7233
f 2962//2962 2953//2953 2952//2952
f 2573//2573 3711//3711 2953//2953
f 2573//2573 2575//2575 3711//3711
f 2578//2578 2954//2954 2579//2579
f 2954//2954 2956//2956 2579//2579
f 2576//2576 2579//2579 7060//7060
f 2956//2956 2965//2965 2579//2579
f 2955//2955 2956//2956 2954//2954
f 2956//2956 3346//3346 2967//2967
f 2956//2956 2955//2955 3346//3346
f 2955//2955 2957//2957 3346//3346
f 3348//3348 3346//3346 2957//2957
f 2956//2956 2967//2967 2965//2965
f 2957//2957 3345//3345 7406//7406
f 2581//2581 2959//2959 2958//2958
f 2960//2960 3339//3339 2958//2958
f 2959//2959 2581//2581 2960//2960
f 2958//2958 2959//2959 2960//2960
f 3352//3352 2960//2960 2961//2961
f 2960//2960 2581//2581 2968//2968
f 2960//2960 2970//2970 2961//2961
f 2951//2951 7233//7233 2963//2963
f 2951//2951 7234//7234 3359//3359
f 2952//2952 2953//2953 3365//3365
f 3365//3365 2962//2962 2952//2952
f 2575//2575 7235//7235 3715//3715
f 2575//2575 3715//3715 3711//3711
f 2964//2964 2582//2582 2966//2966
f 2965//2965 7060//7060 2579//2579
f 7235//7235 7236//7236 2977//2977
f 7060//7060 2965//2965 7237//7237
f 7237//7237 2965//2965 2975//2975
f 7238//7238 7239//7239 7240//7240
f 2967//2967 2976//2976 2965//2965
f 2965//2965 2976//2976 2975//2975
f 2976//2976 2967//2967 2979//2979
f 2979//2979 2967//2967 3346//3346
f 2977//2977 3380//3380 7235//7235
f 2979//2979 3346//3346 3366//3366
f 2589//2589 2968//2968 2581//2581
f 2969//2969 2589//2589 7068//7068
f 7068//7068 2971//2971 2969//2969
f 2970//2970 2960//2960 2968//2968
f 2968//2968 2589//2589 2970//2970
f 2969//2969 2970//2970 2589//2589
f 2972//2972 2969//2969 2971//2971
f 2969//2969 2972//2972 2970//2970
f 2970//2970 2972//2972 2961//2961
f 2961//2961 2972//2972 2973//2973
f 3001//3001 2973//2973 2972//2972
f 2961//2961 2973//2973 3369//3369
f 3388//3388 2994//2994 3371//3371
f 7418//7418 2994//2994 2974//2974
f 2994//2994 2993//2993 2974//2974
f 2974//2974 2997//2997 3374//3374
f 2567//2567 3377//3377 2625//2625
f 2975//2975 2976//2976 2978//2978
f 2976//2976 2979//2979 2978//2978
f 7239//7239 7242//7242 7240//7240
f 3380//3380 2977//2977 2980//2980
f 3381//3381 2978//2978 2979//2979
f 7244//7244 7241//7241 7243//7243
f 7424//7424 7244//7244 7243//7243
f 3380//3380 2980//2980 7425//7425
f 2981//2981 7068//7068 2627//2627
f 7068//7068 2981//2981 2971//2971
f 2971//2971 2981//2981 2972//2972
f 2972//2972 2981//2981 3001//3001
f 2981//2981 2627//2627 3001//3001
f 2994//2994 3388//3388 2982//2982
f 3008//3008 2994//2994 2983//2983
f 2982//2982 2983//2983 2994//2994
f 2985//2985 2989//2989 2986//2986
f 2984//2984 2989//2989 2985//2985
f 2984//2984 2603//2603 2996//2996
f 2986//2986 2605//2605 2985//2985
f 2992//2992 2634//2634 7245//7245
f 2989//2989 2984//2984 2988//2988
f 2988//2988 2984//2984 2996//2996
f 2986//2986 2990//2990 2987//2987
f 2986//2986 2987//2987 2605//2605
f 7250//7250 2987//2987 2990//2990
f 2986//2986 2991//2991 7246//7246
f 2989//2989 2991//2991 2986//2986
f 2991//2991 2989//2989 2995//2995
f 2988//2988 2995//2995 2989//2989
f 2992//2992 7247//7247 2994//2994
f 2995//2995 2988//2988 2996//2996
f 2994//2994 7247//7247 2993//2993
f 7247//7247 7248//7248 2993//2993
f 3008//3008 2634//2634 2992//2992
f 7251//7251 7249//7249 7252//7252
f 3008//3008 2992//2992 2994//2994
f 2974//2974 2993//2993 7253//7253
f 2995//2995 2996//2996 7254//7254
f 2997//2997 2974//2974 7253//7253
f 2999//2999 2996//2996 2998//2998
f 2996//2996 2999//2999 7254//7254
f 7254//7254 2999//2999 3000//3000
f 3391//3391 3010//3010 3393//3393
f 3000//3000 3010//3010 7434//7434
f 3000//3000 3009//3009 3010//3010
f 2625//2625 3377//3377 3015//3015
f 3377//3377 3037//3037 3015//3015
f 2627//2627 3016//3016 3001//3001
f 3001//3001 3002//3002 3390//3390
f 3388//3388 3007//3007 3003//3003
f 2983//2983 2982//2982 3008//3008
f 3389//3389 3004//3004 3005//3005
f 7257//7257 7258//7258 7432//7432
f 3388//3388 3003//3003 2982//2982
f 7257//7257 3019//3019 7258//7258
f 7258//7258 3019//3019 3006//3006
f 3004//3004 7260//7260 3005//3005
f 3007//3007 3388//3388 7259//7259
f 3388//3388 7432//7432 7259//7259
f 2634//2634 3008//3008 3023//3023
f 3008//3008 3020//3020 3023//3023
f 3003//3003 3020//3020 7261//7261
f 3003//3003 3007//3007 3020//3020
f 2982//2982 3003//3003 7261//7261
f 7256//7256 7081//7081 3009//3009
f 3009//3009 3000//3000 2999//2999
f 3010//3010 3009//3009 3011//3011
f 7082//7082 3009//3009 7081//7081
f 3011//3011 3009//3009 7082//7082
f 3011//3011 3012//3012 3010//3010
f 3010//3010 3013//3013 3398//3398
f 3025//3025 3011//3011 7269//7269
f 3011//3011 3025//3025 3012//3012
f 3028//3028 3012//3012 3025//3025
f 3010//3010 3012//3012 3013//3013
f 3013//3013 3012//3012 3028//3028
f 3014//3014 3013//3013 7273//7273
f 3399//3399 3013//3013 3014//3014
f 3029//3029 3399//3399 3014//3014
f 3016//3016 7262//7262 3018//3018
f 7263//7263 3017//3017 6905//6905
f 3001//3001 3016//3016 7264//7264
f 7264//7264 3039//3039 3001//3001
f 3001//3001 7277//7277 7265//7265
f 3001//3001 7265//7265 3002//3002
f 3021//3021 3006//3006 3019//3019
f 7277//7277 3044//3044 7265//7265
f 3005//3005 7260//7260 7266//7266
f 3021//3021 3019//3019 3044//3044
f 3022//3022 3048//3048 3023//3023
f 3022//3022 3023//3023 3020//3020
f 3022//3022 3020//3020 3007//3007
f 3022//3022 3007//3007 7259//7259
f 3044//3044 3022//3022 3021//3021
f 3022//3022 3044//3044 3040//3040
f 3022//3022 3040//3040 3048//3048
f 3021//3021 3022//3022 7259//7259
f 3048//3048 3046//3046 3023//3023
f 7267//7267 3026//3026 3025//3025
f 3025//3025 3026//3026 3028//3028
f 7273//7273 3027//3027 3029//3029
f 3026//3026 7270//7270 3028//3028
f 3029//3029 3014//3014 7273//7273
f 3060//3060 3059//3059 3029//3029
f 3060//3060 3029//3029 3027//3027
f 3064//3064 3030//3030 7274//7274
f 3032//3032 7275//7275 3031//3031
f 2663//2663 2662//2662 3032//3032
f 3036//3036 3032//3032 2662//2662
f 3066//3066 3402//3402 3033//3033
f 3033//3033 3036//3036 3034//3034
f 7276//7276 7087//7087 3035//3035
f 3036//3036 3033//3033 3032//3032
f 3033//3033 7276//7276 3035//3035
f 6905//6905 3038//3038 7263//7263
f 3038//3038 3039//3039 7264//7264
f 6905//6905 3049//3049 3041//3041
f 3041//3041 3049//3049 3056//3056
f 3056//3056 3049//3049 3055//3055
f 3038//3038 6905//6905 3041//3041
f 7304//7304 3043//3043 7278//7278
f 3057//3057 3040//3040 3042//3042
f 3039//3039 3038//3038 3045//3045
f 3045//3045 3038//3038 3041//3041
f 7283//7283 7279//7279 7280//7280
f 7281//7281 3057//3057 3042//3042
f 7280//7280 7279//7279 7282//7282
f 7284//7284 3044//3044 7277//7277
f 3044//3044 7284//7284 3042//3042
f 3040//3040 3044//3044 3042//3042
f 7289//7289 7286//7286 3051//3051
f 3053//3053 3050//3050 7287//7287
f 7296//7296 7288//7288 7291//7291
f 3048//3048 7297//7297 3046//3046
f 7290//7290 7292//7292 7298//7298
f 7293//7293 3050//3050 3053//3053
f 7296//7296 7291//7291 7294//7294
f 7286//7286 3052//3052 3051//3051
f 7290//7290 7298//7298 7300//7300
f 7287//7287 3054//3054 3053//3053
f 3053//3053 3054//3054 7301//7301
f 3048//3048 3040//3040 7299//7299
f 7281//7281 7302//7302 7299//7299
f 7303//7303 3043//3043 7304//7304
f 3040//3040 3057//3057 7299//7299
f 3057//3057 7281//7281 7299//7299
f 3067//3067 3026//3026 7267//7267
f 3067//3067 7270//7270 3026//3026
f 7267//7267 3058//3058 3067//3067
f 3061//3061 7305//7305 7307//7307
f 3062//3062 7305//7305 3061//3061
f 7274//7274 7306//7306 3064//3064
f 7307//7307 7271//7271 3061//3061
f 3061//3061 7272//7272 7309//7309
f 7306//7306 3063//3063 3064//3064
f 2691//2691 3062//3062 3068//3068
f 7114//7114 7108//7108 7306//7306
f 2691//2691 7305//7305 3062//3062
f 3063//3063 7306//7306 7108//7108
f 3062//3062 3061//3061 3068//3068
f 7308//7308 3031//3031 7275//7275
f 2708//2708 3031//3031 7308//7308
f 3036//3036 2662//2662 2670//2670
f 2693//2693 3031//3031 2708//2708
f 3033//3033 3035//3035 2675//2675
f 3066//3066 3033//3033 2675//2675
f 3066//3066 2675//2675 3065//3065
f 3411//3411 3066//3066 3065//3065
f 3411//3411 3065//3065 3076//3076
f 3067//3067 2686//2686 7310//7310
f 3069//3069 3061//3061 7309//7309
f 3063//3063 7108//7108 3064//3064
f 3068//3068 3061//3061 3069//3069
f 3065//3065 3070//3070 3076//3076
f 3425//3425 3426//3426 3072//3072
f 7443//7443 3071//3071 3428//3428
f 3071//3071 3073//3073 3428//3428
f 3425//3425 3072//3072 7312//7312
f 3747//3747 3763//3763 3074//3074
f 3074//3074 3763//3763 3086//3086
f 3086//3086 3085//3085 3074//3074
f 3747//3747 3074//3074 3075//3075
f 3037//3037 3075//3075 2724//2724
f 7311//7311 3087//3087 7318//7318
f 7319//7319 7327//7327 3089//3089
f 7319//7319 3089//3089 3088//3088
f 3077//3077 7320//7320 7329//7329
f 3450//3450 7315//7315 3439//3439
f 7317//7317 7313//7313 3079//3079
f 7317//7317 3079//3079 3078//3078
f 7314//7314 7316//7316 7323//7323
f 7146//7146 7325//7325 7321//7321
f 3429//3429 3073//3073 7321//7321
f 7325//7325 3429//3429 7321//7321
f 3429//3429 7325//7325 3082//3082
f 3429//3429 3082//3082 3093//3093
f 7326//7326 3082//3082 7325//7325
f 3083//3083 3430//3430 3095//3095
f 3763//3763 3441//3441 3086//3086
f 3083//3083 3084//3084 3441//3441
f 3106//3106 3085//3085 3086//3086
f 3086//3086 3441//3441 3106//3106
f 3075//3075 3074//3074 3085//3085
f 3075//3075 3085//3085 2737//2737
f 3111//3111 2737//2737 3085//3085
f 3075//3075 2723//2723 2724//2724
f 2723//2723 3075//3075 2737//2737
f 2725//2725 7328//7328 3070//3070
f 3088//3088 3089//3089 3090//3090
f 7327//7327 3113//3113 3089//3089
f 3089//3089 3113//3113 3090//3090
f 3443//3443 3077//3077 7329//7329
f 7329//7329 3442//3442 3443//3443
f 3088//3088 3090//3090 3115//3115
f 3115//3115 3090//3090 3113//3113
f 7327//7327 3114//3114 3113//3113
f 7336//7336 3442//3442 7329//7329
f 7336//7336 3454//3454 3442//3442
f 3450//3450 3461//3461 7315//7315
f 3091//3091 3078//3078 3079//3079
f 7330//7330 7324//7324 3119//3119
f 7330//7330 3119//3119 3117//3117
f 7330//7330 3122//3122 2726//2726
f 7330//7330 2726//2726 7322//7322
f 7326//7326 2736//2736 3082//3082
f 3096//3096 3082//3082 2736//2736
f 3094//3094 3092//3092 3100//3100
f 3100//3100 7331//7331 3101//3101
f 7331//7331 7332//7332 3101//3101
f 3093//3093 3082//3082 3096//3096
f 7332//7332 7333//7333 3101//3101
f 3095//3095 3092//3092 3094//3094
f 3095//3095 3093//3093 3092//3092
f 3100//3100 3104//3104 3094//3094
f 3095//3095 3094//3094 3102//3102
f 3104//3104 3102//3102 3094//3094
f 3083//3083 3095//3095 3102//3102
f 3098//3098 2736//2736 3127//3127
f 3099//3099 7334//7334 3127//3127
f 3101//3101 7333//7333 3100//3100
f 7333//7333 3097//3097 3100//3100
f 3098//3098 3096//3096 2736//2736
f 7334//7334 3097//3097 7333//7333
f 3097//3097 3099//3099 3100//3100
f 3100//3100 3099//3099 2745//2745
f 3099//3099 3097//3097 7334//7334
f 2745//2745 3104//3104 3100//3100
f 3102//3102 3104//3104 3105//3105
f 3105//3105 3083//3083 3102//3102
f 3103//3103 3105//3105 3084//3084
f 3084//3084 3105//3105 3129//3129
f 3103//3103 3084//3084 3083//3083
f 3103//3103 3083//3083 3105//3105
f 3105//3105 3104//3104 2745//2745
f 3105//3105 2745//2745 3129//3129
f 3084//3084 3129//3129 3441//3441
f 7343//7343 3106//3106 3441//3441
f 3085//3085 3108//3108 3107//3107
f 3112//3112 3085//3085 3136//3136
f 3136//3136 3085//3085 3107//3107
f 3109//3109 3110//3110 3108//3108
f 3110//3110 3107//3107 3108//3108
f 3108//3108 3085//3085 3106//3106
f 3108//3108 3106//3106 3109//3109
f 3110//3110 3109//3109 3128//3128
f 3128//3128 3109//3109 3106//3106
f 7335//7335 3085//3085 3112//3112
f 7335//7335 3112//3112 2746//2746
f 3136//3136 2746//2746 3112//3112
f 3110//3110 3137//3137 3107//3107
f 7349//7349 3136//3136 3107//3107
f 3142//3142 7328//7328 2725//2725
f 7327//7327 3142//3142 3114//3114
f 3113//3113 3114//3114 3115//3115
f 3115//3115 3114//3114 3116//3116
f 3457//3457 3454//3454 7336//7336
f 7336//7336 3455//3455 3457//3457
f 7337//7337 3455//3455 7336//7336
f 3143//3143 3116//3116 3114//3114
f 7351//7351 3455//3455 7337//7337
f 3120//3120 7316//7316 7458//7458
f 7323//7323 7316//7316 3118//3118
f 3118//3118 7316//7316 3120//3120
f 3119//3119 7323//7323 3118//3118
f 7338//7338 7339//7339 3465//3465
f 3118//3118 7466//7466 3119//3119
f 3464//3464 3117//3117 3119//3119
f 3464//3464 3119//3119 7466//7466
f 7458//7458 3121//3121 3120//3120
f 7339//7339 3126//3126 3465//3465
f 3465//3465 3126//3126 3124//3124
f 3121//3121 3126//3126 3120//3120
f 3466//3466 7458//7458 3468//3468
f 3125//3125 7330//7330 3117//3117
f 3122//3122 7330//7330 3123//3123
f 3123//3123 3146//3146 3122//3122
f 3464//3464 3125//3125 3117//3117
f 7330//7330 3125//3125 3123//3123
f 3121//3121 3145//3145 3126//3126
f 3125//3125 3464//3464 7342//7342
f 3124//3124 3126//3126 3145//3145
f 3125//3125 7342//7342 7352//7352
f 3128//3128 3106//3106 7343//7343
f 3130//3130 7349//7349 3131//3131
f 3130//3130 3131//3131 3132//3132
f 3132//3132 3140//3140 3136//3136
f 3133//3133 3131//3131 7349//7349
f 3131//3131 3133//3133 3132//3132
f 3132//3132 3133//3133 3134//3134
f 3132//3132 3134//3134 3140//3140
f 3135//3135 7346//7346 3153//3153
f 7347//7347 3134//3134 3133//3133
f 3134//3134 7347//7347 3140//3140
f 3136//3136 7349//7349 3130//3130
f 3136//3136 3130//3130 3132//3132
f 3153//3153 3138//3138 7344//7344
f 7346//7346 3137//3137 3138//3138
f 7346//7346 3138//3138 3153//3153
f 3110//3110 3139//3139 3137//3137
f 3138//3138 3137//3137 3139//3139
f 3110//3110 3128//3128 3139//3139
f 3138//3138 3139//3139 3128//3128
f 3138//3138 3128//3128 7343//7343
f 2725//2725 7350//7350 3142//3142
f 3144//3144 3142//3142 7350//7350
f 3142//3142 3144//3144 3114//3114
f 3114//3114 3144//3144 3143//3143
f 3143//3143 3144//3144 3467//3467
f 3154//3154 3467//3467 3144//3144
f 3467//3467 3154//3154 3158//3158
f 3155//3155 3466//3466 3468//3468
f 3160//3160 3466//3466 7359//7359
f 3468//3468 3156//3156 3155//3155
f 7352//7352 7340//7340 3125//3125
f 7341//7341 7353//7353 3147//3147
f 7354//7354 7341//7341 3147//3147
f 3122//3122 3146//3146 3162//3162
f 3147//3147 3163//3163 7354//7354
f 3129//3129 2745//2745 3149//3149
f 3152//3152 3149//3149 3148//3148
f 3149//3149 3152//3152 3129//3129
f 7345//7345 7356//7356 7357//7357
f 7367//7367 3135//3135 3153//3153
f 7348//7348 3164//3164 3150//3150
f 7355//7355 2758//2758 3151//3151
f 3152//3152 3148//3148 2785//2785
f 3165//3165 7356//7356 7183//7183
f 3165//3165 7357//7357 7356//7356
f 7358//7358 7368//7368 7366//7366
f 3140//3140 7347//7347 7355//7355
f 3136//3136 3140//3140 3151//3151
f 3151//3151 3140//3140 7355//7355
f 2755//2755 3151//3151 2758//2758
f 2752//2752 3168//3168 3141//3141
f 7350//7350 3154//3154 3144//3144
f 3159//3159 3155//3155 3156//3156
f 7359//7359 7363//7363 3160//3160
f 3159//3159 3156//3156 3174//3174
f 7362//7362 3154//3154 7371//7371
f 7375//7375 7360//7360 3157//3157
f 3178//3178 3145//3145 3121//3121
f 3178//3178 3121//3121 3160//3160
f 7363//7363 3172//3172 3160//3160
f 3160//3160 7373//7373 3178//3178
f 3162//3162 3146//3146 7364//7364
f 7365//7365 3147//3147 7353//7353
f 7364//7364 3161//3161 3162//3162
f 7365//7365 7353//7353 3176//3176
f 7364//7364 7377//7377 3161//3161
f 3154//3154 7350//7350 7371//7371
f 7369//7369 7179//7179 3166//3166
f 7179//7179 2773//2773 3166//3166
f 2773//2773 3169//3169 3166//3166
f 3169//3169 2773//2773 3173//3173
f 3168//3168 2776//2776 3167//3167
f 3170//3170 7371//7371 7370//7370
f 7372//7372 7369//7369 3169//3169
f 7369//7369 3166//3166 3169//3169
f 7372//7372 3169//3169 3171//3171
f 3169//3169 3173//3173 3171//3171
f 7362//7362 7371//7371 3170//3170
f 7376//7376 3158//3158 7372//7372
f 3171//3171 7376//7376 7372//7372
f 7376//7376 3171//3171 3173//3173
f 7361//7361 3158//3158 7376//7376
f 7378//7378 3178//3178 3173//3173
f 3173//3173 3178//3178 7373//7373
f 3159//3159 3174//3174 7374//7374
f 3173//3173 7373//7373 7376//7376
f 7377//7377 3175//3175 3161//3161
f 7377//7377 3178//3178 3175//3175
f 3145//3145 3178//3178 7377//7377
f 3186//3186 3185//3185 3472//3472
f 3472//3472 3474//3474 3179//3179
f 2846//2846 3179//3179 3474//3474
f 3180//3180 3184//3184 3182//3182
f 3180//3180 3182//3182 3193//3193
f 3190//3190 3180//3180 3193//3193
f 3184//3184 3180//3180 3181//3181
f 3181//3181 3180//3180 3190//3190
f 3184//3184 3476//3476 3477//3477
f 3184//3184 3181//3181 3476//3476
f 3190//3190 3475//3475 3181//3181
f 3475//3475 3476//3476 3181//3181
f 3183//3183 3182//3182 3184//3184
f 3194//3194 3182//3182 3183//3183
f 3183//3183 3184//3184 3185//3185
f 3478//3478 3185//3185 3184//3184
f 3477//3477 3478//3478 3184//3184
f 3195//3195 3194//3194 3183//3183
f 3186//3186 3183//3183 3185//3185
f 3187//3187 2838//2838 3195//3195
f 3186//3186 3187//3187 3195//3195
f 3183//3183 3186//3186 3195//3195
f 3186//3186 3179//3179 2846//2846
f 3179//3179 3186//3186 3472//3472
f 3187//3187 3186//3186 2842//2842
f 2846//2846 2842//2842 3186//3186
f 3474//3474 3482//3482 2846//2846
f 3189//3189 3188//3188 3205//3205
f 3205//3205 3188//3188 3191//3191
f 3189//3189 3190//3190 3188//3188
f 3189//3189 3205//3205 3485//3485
f 3485//3485 3190//3190 3189//3189
f 3193//3193 3188//3188 3190//3190
f 3182//3182 3194//3194 3193//3193
f 3188//3188 3194//3194 3191//3191
f 3194//3194 3192//3192 3191//3191
f 3192//3192 3206//3206 3191//3191
f 3193//3193 3194//3194 3188//3188
f 3194//3194 3196//3196 3192//3192
f 3194//3194 3195//3195 3198//3198
f 3196//3196 3194//3194 3198//3198
f 3198//3198 3199//3199 3196//3196
f 7379//7379 7380//7380 3197//3197
f 3195//3195 2838//2838 3198//3198
f 3198//3198 2838//2838 3199//3199
f 2838//2838 2840//2840 3200//3200
f 3200//3200 3199//3199 2838//2838
f 7381//7381 3197//3197 7380//7380
f 3197//3197 7381//7381 3201//3201
f 3197//3197 3201//3201 3202//3202
f 7381//7381 7382//7382 3204//3204
f 7381//7381 3204//3204 3201//3201
f 7220//7220 2842//2842 2846//2846
f 7382//7382 3208//3208 3204//3204
f 3204//3204 3208//3208 2850//2850
f 3202//3202 3201//3201 3204//3204
f 3202//3202 3204//3204 3500//3500
f 3482//3482 2858//2858 2847//2847
f 3482//3482 3483//3483 3210//3210
f 3485//3485 3191//3191 3486//3486
f 3485//3485 3205//3205 3191//3191
f 3486//3486 3206//3206 3499//3499
f 3206//3206 3486//3486 3191//3191
f 3207//3207 3206//3206 3196//3196
f 3499//3499 3206//3206 3207//3207
f 3192//3192 3196//3196 3206//3206
f 7379//7379 3197//3197 3207//3207
f 3204//3204 2850//2850 3500//3500
f 3215//3215 3500//3500 2850//2850
f 3212//3212 3211//3211 2858//2858
f 3482//3482 3210//3210 2858//2858
f 2858//2858 3209//3209 3212//3212
f 3210//3210 3209//3209 2858//2858
f 2863//2863 3215//3215 2850//2850
f 3211//3211 2862//2862 2858//2858
f 3211//3211 3212//3212 3217//3217
f 3212//3212 3209//3209 3216//3216
f 3216//3216 3209//3209 3213//3213
f 3209//3209 3210//3210 3493//3493
f 3209//3209 3214//3214 3213//3213
f 3493//3493 3214//3214 3209//3209
f 2862//2862 3211//3211 3219//3219
f 3212//3212 3216//3216 3217//3217
f 3216//3216 3239//3239 3217//3217
f 3211//3211 3217//3217 3219//3219
f 3216//3216 3213//3213 3220//3220
f 3216//3216 3220//3220 3239//3239
f 3214//3214 3221//3221 3213//3213
f 3221//3221 3220//3220 3213//3213
f 2863//2863 3218//3218 3215//3215
f 3513//3513 3215//3215 3218//3218
f 3513//3513 3218//3218 3229//3229
f 3232//3232 3513//3513 3229//3229
f 2862//2862 7383//7383 3235//3235
f 7383//7383 3237//3237 3235//3235
f 3219//3219 3238//3238 3237//3237
f 3217//3217 3238//3238 3219//3219
f 3220//3220 3240//3240 3239//3239
f 3221//3221 3222//3222 3220//3220
f 3217//3217 3239//3239 3238//3238
f 3221//3221 3510//3510 3223//3223
f 3223//3223 3222//3222 3221//3221
f 7384//7384 3240//3240 3220//3220
f 3240//3240 3540//3540 3239//3239
f 7384//7384 3519//3519 3240//3240
f 3224//3224 3218//3218 2867//2867
f 7385//7385 7386//7386 3226//3226
f 3226//3226 7386//7386 3227//3227
f 7227//7227 3228//3228 7387//7387
f 7227//7227 3231//3231 3228//3228
f 3218//3218 7385//7385 3226//3226
f 3218//3218 3226//3226 3229//3229
f 3226//3226 3227//3227 3229//3229
f 7386//7386 7388//7388 3227//3227
f 3227//3227 7388//7388 3229//3229
f 3229//3229 7388//7388 3230//3230
f 3230//3230 3232//3232 3229//3229
f 7388//7388 3231//3231 3230//3230
f 3230//3230 3231//3231 3232//3232
f 3243//3243 3514//3514 3232//3232
f 3514//3514 3513//3513 3232//3232
f 3523//3523 3514//3514 3243//3243
f 3233//3233 3247//3247 3234//3234
f 3233//3233 3235//3235 3236//3236
f 3236//3236 3247//3247 3233//3233
f 3236//3236 3552//3552 3247//3247
f 3236//3236 3235//3235 7522//7522
f 7522//7522 3235//3235 3237//3237
f 3239//3239 3553//3553 3238//3238
f 3238//3238 3553//3553 3237//3237
f 3239//3239 3540//3540 7524//7524
f 7227//7227 7395//7395 3231//3231
f 3231//3231 7395//7395 3241//3241
f 3231//3231 3241//3241 3232//3232
f 3242//3242 7391//7391 3252//3252
f 3252//3252 3245//3245 3242//3242
f 3243//3243 7389//7389 7392//7392
f 7392//7392 3244//3244 3243//3243
f 3242//3242 7394//7394 7393//7393
f 3245//3245 7394//7394 3242//3242
f 3244//3244 3523//3523 3243//3243
f 3246//3246 3249//3249 2886//2886
f 3247//3247 3249//3249 3246//3246
f 7390//7390 3246//3246 2886//2886
f 7390//7390 3247//3247 3246//3246
f 3251//3251 3249//3249 3247//3247
f 3247//3247 3552//3552 3251//3251
f 3525//3525 3245//3245 3252//3252
f 2888//2888 3248//3248 2893//2893
f 3250//3250 3263//3263 2877//2877
f 3255//3255 3250//3250 3249//3249
f 3255//3255 3249//3249 3251//3251
f 3256//3256 3251//3251 3258//3258
f 3251//3251 3552//3552 3258//3258
f 3571//3571 3525//3525 3252//3252
f 3254//3254 3248//3248 3253//3253
f 3253//3253 3262//3262 3261//3261
f 3254//3254 3253//3253 3261//3261
f 3255//3255 3263//3263 3250//3250
f 3251//3251 3256//3256 3255//3255
f 3263//3263 3255//3255 3257//3257
f 3257//3257 3255//3255 3256//3256
f 3559//3559 3257//3257 3256//3256
f 3258//3258 3559//3559 3256//3256
f 3259//3259 3252//3252 2892//2892
f 3571//3571 3252//3252 3259//3259
f 3572//3572 3571//3571 3259//3259
f 3257//3257 3262//3262 3263//3263
f 2887//2887 3265//3265 2892//2892
f 2892//2892 3269//3269 3259//3259
f 3572//3572 3259//3259 7396//7396
f 3260//3260 3264//3264 3614//3614
f 3260//3260 3265//3265 2887//2887
f 3260//3260 3266//3266 3265//3265
f 3266//3266 3260//3260 3614//3614
f 3268//3268 2892//2892 3265//3265
f 3265//3265 3267//3267 3268//3268
f 2892//2892 3268//3268 3269//3269
f 3265//3265 3266//3266 3267//3267
f 3267//3267 3266//3266 3274//3274
f 3267//3267 3274//3274 3268//3268
f 7396//7396 3585//3585 3572//3572
f 7396//7396 3592//3592 3585//3585
f 2893//2893 3275//3275 3264//3264
f 2893//2893 3248//3248 3270//3270
f 2893//2893 3270//3270 3275//3275
f 3248//3248 3254//3254 3270//3270
f 3261//3261 3262//3262 3271//3271
f 3261//3261 3271//3271 3272//3272
f 3261//3261 3272//3272 3254//3254
f 3254//3254 3272//3272 3270//3270
f 3262//3262 3593//3593 3271//3271
f 3273//3273 3268//3268 3274//3274
f 3269//3269 3268//3268 3273//3273
f 7397//7397 3592//3592 7396//7396
f 3613//3613 3592//3592 7397//7397
f 3270//3270 3272//3272 3275//3275
f 3272//3272 3271//3271 3276//3276
f 3271//3271 3594//3594 3276//3276
f 3271//3271 3593//3593 3594//3594
f 3594//3594 3277//3277 3276//3276
f 3919//3919 3273//3273 3274//3274
f 3274//3274 3930//3930 3919//3919
f 3274//3274 3266//3266 7594//7594
f 3280//3280 3614//3614 3264//3264
f 3264//3264 3275//3275 3280//3280
f 3275//3275 3287//3287 3280//3280
f 3275//3275 3272//3272 3287//3287
f 3614//3614 3280//3280 3930//3930
f 3272//3272 3276//3276 3281//3281
f 3276//3276 3277//3277 3281//3281
f 3272//3272 3281//3281 3287//3287
f 3595//3595 3288//3288 3277//3277
f 3595//3595 3277//3277 3594//3594
f 3596//3596 3615//3615 3595//3595
f 3278//3278 3602//3602 2895//2895
f 2895//2895 3602//3602 3609//3609
f 2895//2895 3609//3609 3283//3283
f 3283//3283 3279//3279 2145//2145
f 2897//2897 2894//2894 3284//3284
f 3287//3287 3620//3620 3280//3280
f 3288//3288 3281//3281 3277//3277
f 3288//3288 3289//3289 3281//3281
f 3595//3595 3615//3615 3288//3288
f 2902//2902 3282//3282 2899//2899
f 2898//2898 2899//2899 3282//3282
f 3278//3278 2898//2898 3282//3282
f 2896//2896 2895//2895 3283//3283
f 2894//2894 3612//3612 3284//3284
f 3284//3284 2900//2900 2897//2897
f 3612//3612 3616//3616 3284//3284
f 3616//3616 3291//3291 3284//3284
f 3284//3284 3291//3291 2900//2900
f 3616//3616 3285//3285 3291//3291
f 3291//3291 3285//3285 3286//3286
f 3285//3285 3618//3618 3286//3286
f 3917//3917 3286//3286 3618//3618
f 3281//3281 3289//3289 3287//3287
f 3287//3287 3289//3289 3293//3293
f 3287//3287 3293//3293 3623//3623
f 3620//3620 3287//3287 3623//3623
f 3288//3288 3294//3294 3289//3289
f 3289//3289 3298//3298 3293//3293
f 3288//3288 3290//3290 3294//3294
f 3294//3294 3290//3290 3295//3295
f 3295//3295 3290//3290 3621//3621
f 3291//3291 3286//3286 3292//3292
f 2479//2479 3292//3292 3286//3286
f 3289//3289 3294//3294 3298//3298
f 3298//3298 3297//3297 3293//3293
f 3296//3296 3294//3294 3295//3295
f 3298//3298 3294//3294 3296//3296
f 2906//2906 3296//3296 3295//3295
f 3621//3621 3607//3607 3295//3295
f 3607//3607 2902//2902 2906//2906
f 3607//3607 2906//2906 3295//3295
f 2904//2904 2479//2479 3286//3286
f 3624//3624 2904//2904 3286//3286
f 3629//3629 3297//3297 3640//3640
f 3298//3298 3640//3640 3297//3297
f 2907//2907 3296//3296 2906//2906
f 3298//3298 3296//3296 2907//2907
f 3302//3302 3640//3640 3298//3298
f 3301//3301 3298//3298 2907//2907
f 3299//3299 3300//3300 3304//3304
f 3643//3643 3300//3300 3299//3299
f 3300//3300 3643//3643 3304//3304
f 3301//3301 3302//3302 3298//3298
f 3303//3303 3302//3302 3301//3301
f 3641//3641 3640//3640 3302//3302
f 3301//3301 2913//2913 3303//3303
f 3938//3938 3304//3304 3643//3643
f 2914//2914 3641//3641 3302//3302
f 2914//2914 3642//3642 3641//3641
f 2914//2914 3302//3302 3303//3303
f 3306//3306 2916//2916 3304//3304
f 2917//2917 2918//2918 3305//3305
f 3647//3647 3307//3307 3310//3310
f 3305//3305 3307//3307 3647//3647
f 3311//3311 3647//3647 3310//3310
f 3305//3305 2918//2918 3307//3307
f 3308//3308 3309//3309 3306//3306
f 3649//3649 3311//3311 3312//3312
f 3650//3650 3311//3311 3649//3649
f 3311//3311 3310//3310 2511//2511
f 3308//3308 2921//2921 3309//3309
f 3308//3308 3315//3315 2921//2921
f 3315//3315 3308//3308 3648//3648
f 3312//3312 3311//3311 2920//2920
f 3313//3313 3314//3314 3654//3654
f 3313//3313 3312//3312 2920//2920
f 3656//3656 3313//3313 2513//2513
f 3656//3656 3314//3314 3313//3313
f 3315//3315 2922//2922 2921//2921
f 3658//3658 3315//3315 3655//3655
f 3659//3659 2924//2924 3658//3658
f 2924//2924 2922//2922 3315//3315
f 3658//3658 2924//2924 3315//3315
f 3954//3954 3316//3316 3660//3660
f 3318//3318 3317//3317 2926//2926
f 3317//3317 2925//2925 2926//2926
f 2925//2925 3317//3317 3316//3316
f 3316//3316 3317//3317 3660//3660
f 3318//3318 3660//3660 3317//3317
f 3659//3659 2933//2933 2924//2924
f 3318//3318 2927//2927 3662//3662
f 3663//3663 3662//3662 7231//7231
f 3319//3319 2933//2933 3659//3659
f 3661//3661 3666//3666 3319//3319
f 3661//3661 3319//3319 3659//3659
f 7231//7231 2928//2928 3663//3663
f 3322//3322 3320//3320 3321//3321
f 3320//3320 3663//3663 3321//3321
f 3321//3321 3663//3663 2928//2928
f 7232//7232 3322//3322 3321//3321
f 3322//3322 3325//3325 3664//3664
f 3664//3664 3325//3325 3323//3323
f 3669//3669 7398//7398 3326//3326
f 7399//7399 3325//3325 3322//3322
f 3325//3325 7399//7399 2935//2935
f 3323//3323 3325//3325 7400//7400
f 3325//3325 2936//2936 7400//7400
f 7400//7400 2936//2936 2940//2940
f 3327//3327 3326//3326 2940//2940
f 3669//3669 3326//3326 3327//3327
f 3327//3327 3670//3670 3669//3669
f 3327//3327 3329//3329 3674//3674
f 2943//2943 3329//3329 3327//3327
f 3329//3329 2943//2943 3328//3328
f 3328//3328 2943//2943 7402//7402
f 3328//3328 3330//3330 3329//3329
f 3330//3330 3328//3328 7402//7402
f 3330//3330 3674//3674 3329//3329
f 3674//3674 3330//3330 3331//3331
f 3330//3330 7402//7402 3331//3331
f 7401//7401 3673//3673 3674//3674
f 3673//3673 7401//7401 3334//3334
f 3334//3334 7401//7401 3333//3333
f 3332//3332 3341//3341 3342//3342
f 7401//7401 3332//3332 3333//3333
f 3332//3332 3342//3342 3333//3333
f 3333//3333 3342//3342 3675//3675
f 3334//3334 3333//3333 3675//3675
f 3335//3335 3347//3347 2950//2950
f 3336//3336 3347//3347 3335//3335
f 3337//3337 3335//3335 3338//3338
f 3685//3685 3335//3335 3337//3337
f 3685//3685 3336//3336 3335//3335
f 3701//3701 3349//3349 3336//3336
f 3685//3685 3701//3701 3336//3336
f 3338//3338 3339//3339 3691//3691
f 2958//2958 3339//3339 3338//3338
f 2960//2960 3340//3340 3339//3339
f 3340//3340 3353//3353 3354//3354
f 2567//2567 3666//3666 3357//3357
f 3359//3359 3341//3341 2951//2951
f 3341//3341 3359//3359 3343//3343
f 3342//3342 3341//3341 3343//3343
f 3343//3343 3344//3344 3342//3342
f 3344//3344 3694//3694 3342//3342
f 3343//3343 3363//3363 3344//3344
f 3694//3694 3344//3344 3708//3708
f 3344//3344 3363//3363 3708//3708
f 7405//7405 7406//7406 3345//3345
f 3346//3346 3348//3348 3350//3350
f 3350//3350 3366//3366 3346//3346
f 3336//3336 7406//7406 7405//7405
f 3349//3349 7406//7406 3336//3336
f 3349//3349 3350//3350 3348//3348
f 3701//3701 3703//3703 3349//3349
f 3703//3703 3351//3351 3349//3349
f 3351//3351 3350//3350 3349//3349
f 3351//3351 3368//3368 3350//3350
f 3703//3703 3368//3368 3351//3351
f 3352//3352 7404//7404 2960//2960
f 7407//7407 7404//7404 3352//3352
f 3356//3356 7407//7407 3352//3352
f 7408//7408 7410//7410 3355//3355
f 3355//3355 7409//7409 7408//7408
f 3369//3369 3352//3352 2961//2961
f 3352//3352 3369//3369 3356//3356
f 3370//3370 3356//3356 3369//3369
f 3355//3355 7417//7417 7409//7409
f 7417//7417 3355//3355 7410//7410
f 3373//3373 3354//3354 7418//7418
f 3354//3354 3373//3373 3340//3340
f 3359//3359 7234//7234 3360//3360
f 7233//7233 7412//7412 2963//2963
f 3358//3358 2962//2962 3365//3365
f 7233//7233 7411//7411 7412//7412
f 3363//3363 3359//3359 3360//3360
f 3361//3361 7412//7412 7411//7411
f 3358//3358 3365//3365 7413//7413
f 3343//3343 3359//3359 3363//3363
f 7414//7414 3363//3363 3360//3360
f 7415//7415 3378//3378 3363//3363
f 7413//7413 3362//3362 7419//7419
f 7413//7413 3365//3365 3362//3362
f 3363//3363 3364//3364 3708//3708
f 3362//3362 3365//3365 3712//3712
f 3365//3365 2953//2953 3712//3712
f 3711//3711 3715//3715 3716//3716
f 7235//7235 3380//3380 3715//3715
f 3381//3381 2979//2979 3366//3366
f 3366//3366 3350//3350 3368//3368
f 3366//3366 3368//3368 3367//3367
f 3381//3381 3366//3366 3367//3367
f 3715//3715 3380//3380 3384//3384
f 3369//3369 2973//2973 3370//3370
f 2973//2973 3390//3390 3370//3370
f 7409//7409 3372//3372 3371//3371
f 7409//7409 7417//7417 3372//3372
f 3372//3372 7417//7417 3388//3388
f 3372//3372 3388//3388 3371//3371
f 7432//7432 3388//3388 7417//7417
f 3373//3373 7418//7418 2974//2974
f 3373//3373 2974//2974 3374//3374
f 3374//3374 3375//3375 3373//3373
f 3375//3375 3374//3374 2997//2997
f 3375//3375 7435//7435 3376//3376
f 3718//3718 3391//3391 3395//3395
f 2567//2567 3357//3357 3377//3377
f 3378//3378 3364//3364 3363//3363
f 7416//7416 3379//3379 7420//7420
f 3722//3722 3378//3378 7421//7421
f 3722//3722 3364//3364 3378//3378
f 7422//7422 3725//3725 3723//3723
f 3723//3723 3724//3724 7422//7422
f 7421//7421 7539//7539 3722//3722
f 3382//3382 7423//7423 7426//7426
f 7428//7428 3383//3383 3380//3380
f 3385//3385 3383//3383 7428//7428
f 7428//7428 7427//7427 3385//3385
f 3383//3383 3384//3384 3380//3380
f 3384//3384 3383//3383 3385//3385
f 3385//3385 3387//3387 3384//3384
f 3367//3367 3386//3386 3381//3381
f 3385//3385 7427//7427 7429//7429
f 3387//3387 3385//3385 7430//7430
f 3735//3735 3386//3386 3367//3367
f 7257//7257 7432//7432 7433//7433
f 3390//3390 2973//2973 3001//3001
f 7417//7417 7433//7433 7432//7432
f 7435//7435 3375//3375 2997//2997
f 3000//3000 7434//7434 7255//7255
f 3740//3740 3395//3395 3741//3741
f 3391//3391 3393//3393 3395//3395
f 3010//3010 3394//3394 3393//3393
f 3394//3394 3395//3395 3393//3393
f 3394//3394 3392//3392 3395//3395
f 3396//3396 3392//3392 3394//3394
f 3010//3010 3396//3396 3394//3394
f 3397//3397 3396//3396 3010//3010
f 3396//3396 3744//3744 3392//3392
f 3397//3397 3744//3744 3396//3396
f 3745//3745 3744//3744 3397//3397
f 3747//3747 3037//3037 3377//3377
f 3397//3397 3010//3010 3398//3398
f 3399//3399 3398//3398 3013//3013
f 3400//3400 3399//3399 7274//7274
f 3398//3398 3399//3399 3397//3397
f 3400//3400 3397//3397 3399//3399
f 3397//3397 3400//3400 3745//3745
f 3745//3745 3400//3400 3746//3746
f 3401//3401 3400//3400 7274//7274
f 3404//3404 3405//3405 3750//3750
f 3750//3750 3405//3405 3751//3751
f 3032//3032 3401//3401 3030//3030
f 3030//3030 3401//3401 7274//7274
f 3402//3402 3032//3032 3033//3033
f 3032//3032 3402//3402 3401//3401
f 3401//3401 3748//3748 3400//3400
f 3401//3401 3402//3402 3403//3403
f 3401//3401 3404//3404 3748//3748
f 3403//3403 3405//3405 3404//3404
f 3403//3403 3404//3404 3401//3401
f 3402//3402 3066//3066 3411//3411
f 3411//3411 3406//3406 3402//3402
f 3406//3406 3403//3403 3402//3402
f 3405//3405 3406//3406 3411//3411
f 3405//3405 3403//3403 3406//3406
f 3405//3405 3411//3411 3751//3751
f 3411//3411 3755//3755 3751//3751
f 3411//3411 3407//3407 3755//3755
f 3408//3408 3407//3407 3411//3411
f 3407//3407 3408//3408 3758//3758
f 3408//3408 3413//3413 3409//3409
f 3409//3409 3414//3414 3410//3410
f 3413//3413 3414//3414 3409//3409
f 3414//3414 3418//3418 3410//3410
f 3760//3760 7436//7436 7437//7437
f 3409//3409 3758//3758 3408//3408
f 3758//3758 7436//7436 3760//3760
f 3418//3418 3419//3419 3410//3410
f 3760//3760 7437//7437 7438//7438
f 3075//3075 3037//3037 3747//3747
f 3408//3408 3411//3411 3412//3412
f 3408//3408 3412//3412 3415//3415
f 3415//3415 3417//3417 3414//3414
f 3415//3415 3412//3412 3417//3417
f 3412//3412 3423//3423 3417//3417
f 3413//3413 3408//3408 3415//3415
f 3413//3413 3415//3415 3414//3414
f 3417//3417 3418//3418 3414//3414
f 3418//3418 3416//3416 3419//3419
f 3420//3420 7438//7438 3421//3421
f 3418//3418 3417//3417 3416//3416
f 3416//3416 3417//3417 3423//3423
f 3419//3419 3416//3416 3422//3422
f 3416//3416 3423//3423 7440//7440
f 7438//7438 3420//3420 3764//3764
f 3421//3421 3764//3764 3420//3420
f 7439//7439 3422//3422 3425//3425
f 3419//3419 3422//3422 7439//7439
f 7443//7443 3764//3764 3421//3421
f 3764//3764 3429//3429 3761//3761
f 7443//7443 3428//3428 3764//3764
f 7320//7320 3412//3412 3411//3411
f 7320//7320 3077//3077 3412//3412
f 3412//3412 3432//3432 3423//3423
f 3423//3423 3432//3432 3433//3433
f 3433//3433 3434//3434 3423//3423
f 3424//3424 7440//7440 3423//3423
f 3423//3423 3437//3437 3424//3424
f 3422//3422 3426//3426 3425//3425
f 7315//7315 7444//7444 3427//3427
f 3439//3439 7315//7315 3427//3427
f 7444//7444 7441//7441 3427//3427
f 7441//7441 7442//7442 3427//3427
f 3427//3427 7442//7442 3438//3438
f 3429//3429 3428//3428 3073//3073
f 3764//3764 3428//3428 3429//3429
f 3431//3431 3430//3430 3441//3441
f 3077//3077 3432//3432 3412//3412
f 3435//3435 3432//3432 3077//3077
f 3077//3077 7446//7446 3435//3435
f 3433//3433 3432//3432 3435//3435
f 3433//3433 3435//3435 3434//3434
f 3434//3434 3435//3435 3436//3436
f 3434//3434 3437//3437 3423//3423
f 3438//3438 3439//3439 3427//3427
f 3439//3439 3438//3438 3440//3440
f 3434//3434 3436//3436 3437//3437
f 3424//3424 3437//3437 7445//7445
f 3436//3436 7445//7445 3437//3437
f 3436//3436 3449//3449 7445//7445
f 3430//3430 3429//3429 3093//3093
f 3095//3095 3430//3430 3093//3093
f 3083//3083 3441//3441 3430//3430
f 3763//3763 3431//3431 3441//3441
f 7446//7446 3444//3444 3435//3435
f 3435//3435 3444//3444 3436//3436
f 3442//3442 3457//3457 3443//3443
f 3442//3442 3454//3454 3457//3457
f 3436//3436 3444//3444 3445//3445
f 3444//3444 7446//7446 3445//3445
f 3445//3445 7446//7446 7454//7454
f 3436//3436 3445//3445 3446//3446
f 7454//7454 3456//3456 3445//3445
f 3446//3446 3445//3445 3456//3456
f 3446//3446 3456//3456 3459//3459
f 3450//3450 3439//3439 3440//3440
f 3446//3446 3447//3447 3436//3436
f 7447//7447 3448//3448 3436//3436
f 3446//3446 3459//3459 3447//3447
f 3449//3449 3448//3448 3463//3463
f 3449//3449 3436//3436 3448//3448
f 3453//3453 3449//3449 7465//7465
f 7451//7451 3440//3440 3438//3438
f 3453//3453 7445//7445 3449//3449
f 3448//3448 7447//7447 3460//3460
f 3450//3450 3440//3440 3451//3451
f 3451//3451 7459//7459 3450//3450
f 3460//3460 3463//3463 3448//3448
f 3452//3452 7460//7460 7449//7449
f 3440//3440 7452//7452 3451//3451
f 3452//3452 7449//7449 7453//7453
f 7450//7450 3453//3453 7465//7465
f 3455//3455 3458//3458 3457//3457
f 7454//7454 7455//7455 3456//3456
f 3456//3456 7455//7455 3459//3459
f 3455//3455 7467//7467 3458//3458
f 3447//3447 3459//3459 7468//7468
f 3459//3459 7455//7455 3467//3467
f 3459//3459 3467//3467 7469//7469
f 7456//7456 7448//7448 7470//7470
f 3462//3462 7457//7457 7471//7471
f 3468//3468 7458//7458 7462//7462
f 3463//3463 3460//3460 7463//7463
f 7450//7450 7465//7465 7464//7464
f 7450//7450 7464//7464 7461//7461
f 3464//3464 7466//7466 7342//7342
f 7458//7458 3466//3466 3121//3121
f 3121//3121 3466//3466 3160//3160
f 7467//7467 3455//3455 7351//7351
f 7469//7469 3467//3467 7361//7361
f 3467//3467 3158//3158 7361//7361
f 3157//3157 7360//7360 7472//7472
f 3185//3185 3470//3470 3471//3471
f 3471//3471 3472//3472 3185//3185
f 3471//3471 3470//3470 3472//3472
f 3472//3472 3470//3470 3474//3474
f 3768//3768 3473//3473 3470//3470
f 3470//3470 3473//3473 3474//3474
f 3474//3474 3480//3480 3482//3482
f 3481//3481 3778//3778 3475//3475
f 3475//3475 3190//3190 3481//3481
f 3477//3477 3476//3476 3479//3479
f 3475//3475 3469//3469 3476//3476
f 3469//3469 3479//3479 3476//3476
f 3469//3469 3475//3475 3778//3778
f 3477//3477 3479//3479 3478//3478
f 3469//3469 3478//3478 3479//3479
f 3478//3478 3470//3470 3185//3185
f 3470//3470 3478//3478 3469//3469
f 3480//3480 3781//3781 3482//3482
f 3482//3482 3781//3781 3785//3785
f 3485//3485 3792//3792 3481//3481
f 3190//3190 3485//3485 3481//3481
f 3800//3800 3491//3491 3197//3197
f 3202//3202 3800//3800 3197//3197
f 3790//3790 3494//3494 3483//3483
f 3494//3494 3793//3793 3495//3495
f 3496//3496 3802//3802 3484//3484
f 3484//3484 3792//3792 3485//3485
f 3485//3485 3486//3486 3496//3496
f 3484//3484 3485//3485 3496//3496
f 3197//3197 3487//3487 3207//3207
f 3197//3197 3489//3489 3487//3487
f 3488//3488 3487//3487 3489//3489
f 3197//3197 3491//3491 3489//3489
f 3491//3491 3490//3490 3489//3489
f 3488//3488 3489//3489 3490//3490
f 3488//3488 3490//3490 3805//3805
f 3490//3490 3795//3795 3805//3805
f 3795//3795 3490//3490 3794//3794
f 3491//3491 3797//3797 3490//3490
f 3490//3490 3797//3797 3794//3794
f 3202//3202 3500//3500 3820//3820
f 3492//3492 3210//3210 3494//3494
f 3492//3492 3493//3493 3210//3210
f 3494//3494 3210//3210 3483//3483
f 3492//3492 3501//3501 3502//3502
f 3492//3492 3494//3494 3501//3501
f 3501//3501 3494//3494 3503//3503
f 3494//3494 3495//3495 3503//3503
f 3497//3497 3496//3496 3486//3486
f 3812//3812 3496//3496 3497//3497
f 3812//3812 3497//3497 3803//3803
f 3486//3486 3803//3803 3497//3497
f 3813//3813 3803//3803 3486//3486
f 3813//3813 3486//3486 3815//3815
f 3499//3499 3498//3498 3486//3486
f 3498//3498 3499//3499 3819//3819
f 3804//3804 3818//3818 3819//3819
f 3819//3819 3499//3499 3207//3207
f 3819//3819 3207//3207 3804//3804
f 3207//3207 3805//3805 3804//3804
f 3487//3487 3805//3805 3207//3207
f 3487//3487 3488//3488 3805//3805
f 3493//3493 3492//3492 3505//3505
f 3492//3492 3502//3502 3505//3505
f 3505//3505 3214//3214 3493//3493
f 3501//3501 3503//3503 3502//3502
f 3503//3503 3504//3504 3502//3502
f 3502//3502 3504//3504 3505//3505
f 3495//3495 3810//3810 3503//3503
f 3820//3820 3500//3500 3821//3821
f 3221//3221 3214//3214 3510//3510
f 3214//3214 3505//3505 3507//3507
f 3505//3505 3504//3504 3507//3507
f 3214//3214 3507//3507 3510//3510
f 3810//3810 3508//3508 3503//3503
f 3503//3503 3506//3506 3504//3504
f 3508//3508 3839//3839 3506//3506
f 3503//3503 3508//3508 3506//3506
f 3504//3504 3506//3506 3507//3507
f 3506//3506 3839//3839 3507//3507
f 3507//3507 3839//3839 3512//3512
f 3222//3222 3223//3223 3511//3511
f 3222//3222 3511//3511 3520//3520
f 3223//3223 3510//3510 3511//3511
f 3512//3512 3511//3511 3510//3510
f 3511//3511 3512//3512 3520//3520
f 3522//3522 3520//3520 3512//3512
f 3507//3507 3512//3512 3510//3510
f 3515//3515 3513//3513 3514//3514
f 3516//3516 3513//3513 3515//3515
f 3527//3527 3516//3516 3515//3515
f 3517//3517 3215//3215 3513//3513
f 3513//3513 3516//3516 3517//3517
f 3215//3215 3517//3517 3509//3509
f 3518//3518 3517//3517 3516//3516
f 3517//3517 3518//3518 3538//3538
f 3509//3509 3517//3517 3835//3835
f 3835//3835 3517//3517 7495//7495
f 3222//3222 3520//3520 3519//3519
f 3520//3520 3521//3521 3519//3519
f 3519//3519 3540//3540 3240//3240
f 3522//3522 3521//3521 3520//3520
f 3519//3519 3521//3521 3540//3540
f 3523//3523 3244//3244 7478//7478
f 3525//3525 7394//7394 3245//3245
f 3524//3524 3514//3514 3523//3523
f 3529//3529 7475//7475 7474//7474
f 3526//3526 3515//3515 3514//3514
f 7478//7478 7482//7482 3523//3523
f 3530//3530 7476//7476 7483//7483
f 7479//7479 3515//3515 3526//3526
f 3516//3516 3539//3539 3518//3518
f 3514//3514 3524//3524 3528//3528
f 7477//7477 3530//3530 7480//7480
f 7473//7473 7481//7481 3532//3532
f 7481//7481 3531//3531 3532//3532
f 7480//7480 3530//3530 7484//7484
f 3530//3530 3544//3544 7484//7484
f 3514//3514 7486//7486 3526//3526
f 3532//3532 3531//3531 3534//3534
f 7483//7483 3533//3533 3530//3530
f 3533//3533 3544//3544 3530//3530
f 7485//7485 7501//7501 7488//7488
f 7489//7489 7502//7502 3546//3546
f 7486//7486 7479//7479 3526//3526
f 7486//7486 7490//7490 3535//3535
f 7492//7492 7508//7508 3547//3547
f 7493//7493 7491//7491 7509//7509
f 7486//7486 3535//3535 7479//7479
f 7479//7479 3535//3535 3536//3536
f 3535//3535 7511//7511 3536//3536
f 3527//3527 7497//7497 3516//3516
f 7497//7497 3527//3527 7494//7494
f 7494//7494 3847//3847 7497//7497
f 3518//3518 7498//7498 3537//3537
f 3518//3518 3537//3537 3538//3538
f 3538//3538 3537//3537 7574//7574
f 3538//3538 7574//7574 3840//3840
f 7498//7498 7574//7574 3537//3537
f 3521//3521 3541//3541 3540//3540
f 3540//3540 3541//3541 7524//7524
f 3521//3521 3542//3542 3541//3541
f 3521//3521 3522//3522 3542//3542
f 3846//3846 3854//3854 3542//3542
f 3542//3542 3854//3854 3541//3541
f 7478//7478 3543//3543 7482//7482
f 3545//3545 7499//7499 3525//3525
f 3558//3558 3525//3525 3551//3551
f 7482//7482 3543//3543 7487//7487
f 7503//7503 7487//7487 3543//3543
f 7506//7506 7504//7504 7500//7500
f 3558//3558 3545//3545 3525//3525
f 7505//7505 7512//7512 7510//7510
f 7505//7505 3548//3548 7512//7512
f 3548//3548 7505//7505 7507//7507
f 3549//3549 7516//7516 3545//3545
f 3550//3550 3549//3549 3558//3558
f 3549//3549 3545//3545 3558//3558
f 3550//3550 7516//7516 3549//3549
f 7518//7518 7513//7513 7517//7517
f 3847//3847 7494//7494 7514//7514
f 7574//7574 3875//3875 3848//3848
f 7575//7575 7515//7515 7519//7519
f 7574//7574 7520//7520 3875//3875
f 3875//3875 7521//7521 7526//7526
f 3237//3237 3553//3553 7522//7522
f 3553//3553 3554//3554 7522//7522
f 7523//7523 7525//7525 3561//3561
f 3553//3553 3564//3564 3554//3554
f 3556//3556 7524//7524 3541//3541
f 3553//3553 3556//3556 3564//3564
f 3557//3557 3541//3541 3854//3854
f 3555//3555 3556//3556 3541//3541
f 3541//3541 3557//3557 3555//3555
f 3555//3555 3568//3568 3556//3556
f 3555//3555 3557//3557 3568//3568
f 3557//3557 3569//3569 3568//3568
f 3551//3551 3525//3525 3571//3571
f 3551//3551 3571//3571 3573//3573
f 3551//3551 7528//7528 3558//3558
f 3573//3573 3571//3571 7527//7527
f 3258//3258 3552//3552 3560//3560
f 3258//3258 3560//3560 3559//3559
f 3552//3552 3563//3563 3560//3560
f 3563//3563 3562//3562 3560//3560
f 7523//7523 3561//3561 3563//3563
f 7525//7525 3578//3578 3561//3561
f 3554//3554 3564//3564 3578//3578
f 3563//3563 3561//3561 3566//3566
f 3566//3566 3561//3561 3578//3578
f 3564//3564 3567//3567 3565//3565
f 3567//3567 3570//3570 3565//3565
f 3564//3564 3565//3565 3578//3578
f 3565//3565 3580//3580 3578//3578
f 3578//3578 3588//3588 3566//3566
f 3564//3564 3556//3556 3567//3567
f 3567//3567 3569//3569 3570//3570
f 3568//3568 3567//3567 3556//3556
f 3568//3568 3569//3569 3567//3567
f 3565//3565 3570//3570 3580//3580
f 3569//3569 3580//3580 3570//3570
f 7527//7527 3586//3586 3573//3573
f 3574//3574 3875//3875 7526//7526
f 7529//7529 3558//3558 7528//7528
f 3912//3912 3573//3573 3586//3586
f 7529//7529 7528//7528 7590//7590
f 3574//3574 3912//3912 3875//3875
f 3257//3257 3576//3576 3262//3262
f 3559//3559 3575//3575 3257//3257
f 3257//3257 3575//3575 3576//3576
f 3560//3560 3575//3575 3559//3559
f 3560//3560 3562//3562 3575//3575
f 3562//3562 3577//3577 3575//3575
f 3575//3575 3587//3587 3576//3576
f 3575//3575 3577//3577 3587//3587
f 3587//3587 3593//3593 3576//3576
f 3562//3562 3579//3579 3577//3577
f 3563//3563 3579//3579 3562//3562
f 3587//3587 3577//3577 3588//3588
f 3577//3577 3579//3579 3588//3588
f 3563//3563 3566//3566 3579//3579
f 3579//3579 3566//3566 3588//3588
f 3578//3578 3580//3580 3588//3588
f 3581//3581 3589//3589 3588//3588
f 3580//3580 3581//3581 3588//3588
f 3862//3862 3582//3582 3580//3580
f 3580//3580 3582//3582 3581//3581
f 3582//3582 3589//3589 3581//3581
f 3862//3862 3878//3878 3582//3582
f 3878//3878 3879//3879 3582//3582
f 3584//3584 3583//3583 3582//3582
f 3584//3584 3892//3892 3583//3583
f 3583//3583 3590//3590 3582//3582
f 3892//3892 3590//3590 3583//3583
f 7530//7530 3893//3893 7586//7586
f 3586//3586 3572//3572 3585//3585
f 3592//3592 3911//3911 3585//3585
f 3585//3585 3911//3911 3586//3586
f 3262//3262 3576//3576 3593//3593
f 3587//3587 3588//3588 3594//3594
f 3593//3593 3587//3587 3594//3594
f 3595//3595 3588//3588 3589//3589
f 3582//3582 3596//3596 3589//3589
f 3582//3582 3590//3590 3596//3596
f 3590//3590 7586//7586 3596//3596
f 7586//7586 3591//3591 3596//3596
f 3912//3912 3586//3586 3911//3911
f 3594//3594 3588//3588 3595//3595
f 3589//3589 3596//3596 3595//3595
f 3597//3597 3591//3591 3598//3598
f 3596//3596 3591//3591 3597//3597
f 3598//3598 3607//3607 3597//3597
f 3599//3599 3600//3600 3598//3598
f 3598//3598 3591//3591 3599//3599
f 3591//3591 3903//3903 3599//3599
f 3600//3600 3278//3278 3598//3598
f 3608//3608 3278//3278 3600//3600
f 3599//3599 3903//3903 3600//3600
f 3903//3903 3608//3608 3600//3600
f 3903//3903 3601//3601 3608//3608
f 3601//3601 3602//3602 3608//3608
f 3904//3904 3891//3891 3602//3602
f 3601//3601 3904//3904 3602//3602
f 3609//3609 3602//3602 3891//3891
f 3900//3900 3905//3905 3609//3609
f 3905//3905 3603//3603 3609//3609
f 3603//3603 3906//3906 3605//3605
f 3906//3906 3603//3603 3905//3905
f 3606//3606 3604//3604 3605//3605
f 3603//3603 3605//3605 3604//3604
f 7589//7589 3606//3606 3605//3605
f 3604//3604 3606//3606 3279//3279
f 3911//3911 3592//3592 3613//3613
f 3597//3597 3615//3615 3596//3596
f 3597//3597 3607//3607 3615//3615
f 3607//3607 3598//3598 2902//2902
f 3598//3598 3282//3282 2902//2902
f 3282//3282 3598//3598 3278//3278
f 3608//3608 3602//3602 3278//3278
f 3604//3604 3609//3609 3603//3603
f 3283//3283 3609//3609 3604//3604
f 3283//3283 3604//3604 3279//3279
f 3907//3907 3279//3279 3606//3606
f 3907//3907 2894//2894 3279//3279
f 3907//3907 3610//3610 2894//2894
f 3908//3908 3610//3610 3907//3907
f 3913//3913 3610//3610 3908//3908
f 3913//3913 2894//2894 3610//3610
f 3611//3611 2894//2894 3913//3913
f 3611//3611 3612//3612 2894//2894
f 3915//3915 3914//3914 3611//3611
f 3914//3914 3612//3612 3611//3611
f 3613//3613 7592//7592 3916//3916
f 7594//7594 3266//3266 3614//3614
f 3288//3288 3615//3615 3290//3290
f 3615//3615 3621//3621 3290//3290
f 3615//3615 3607//3607 3621//3621
f 3617//3617 3285//3285 3616//3616
f 3617//3617 3618//3618 3285//3285
f 4167//4167 3917//3917 3617//3617
f 7592//7592 3613//3613 7397//7397
f 3280//3280 3622//3622 3930//3930
f 3620//3620 3619//3619 3280//3280
f 3619//3619 3622//3622 3280//3280
f 3622//3622 3619//3619 3620//3620
f 3917//3917 3618//3618 3617//3617
f 7531//7531 3630//3630 3632//3632
f 3620//3620 7531//7531 3632//3632
f 3626//3626 3620//3620 3632//3632
f 3297//3297 3623//3623 3293//3293
f 3297//3297 3629//3629 7531//7531
f 3917//3917 3624//3624 3286//3286
f 3625//3625 3624//3624 3917//3917
f 3917//3917 3636//3636 3625//3625
f 3917//3917 3918//3918 3636//3636
f 3624//3624 3625//3625 2904//2904
f 3625//3625 3636//3636 2904//2904
f 3636//3636 3918//3918 3637//3637
f 3636//3636 3299//3299 2904//2904
f 3622//3622 3932//3932 3930//3930
f 3620//3620 3626//3626 3622//3622
f 3626//3626 3632//3632 3633//3633
f 3626//3626 3633//3633 3635//3635
f 3622//3622 3626//3626 3627//3627
f 3627//3627 3628//3628 3622//3622
f 3626//3626 3635//3635 3627//3627
f 3631//3631 3630//3630 7531//7531
f 3631//3631 7531//7531 3629//3629
f 3632//3632 3630//3630 3634//3634
f 3630//3630 3631//3631 3634//3634
f 3634//3634 3631//3631 3638//3638
f 3634//3634 3633//3633 3632//3632
f 3633//3633 3634//3634 3635//3635
f 3635//3635 3628//3628 3627//3627
f 3638//3638 3635//3635 3634//3634
f 3640//3640 3631//3631 3629//3629
f 3637//3637 3929//3929 3636//3636
f 3929//3929 3299//3299 3636//3636
f 3635//3635 3638//3638 3639//3639
f 3628//3628 3635//3635 3639//3639
f 3628//3628 3639//3639 3932//3932
f 3631//3631 3641//3641 3638//3638
f 3631//3631 3640//3640 3641//3641
f 3299//3299 3929//3929 3643//3643
f 3639//3639 3638//3638 3932//3932
f 3932//3932 3638//3638 3644//3644
f 3638//3638 3641//3641 3642//3642
f 3638//3638 3642//3642 3644//3644
f 3934//3934 3932//3932 3645//3645
f 3305//3305 3644//3644 3642//3642
f 3642//3642 2914//2914 3305//3305
f 2914//2914 2917//2917 3305//3305
f 3938//3938 3306//3306 3304//3304
f 3645//3645 3644//3644 3305//3305
f 3644//3644 3645//3645 3932//3932
f 3941//3941 3645//3645 3305//3305
f 3646//3646 3306//3306 3938//3938
f 3647//3647 3941//3941 3305//3305
f 3648//3648 3306//3306 3646//3646
f 3938//3938 3944//3944 3646//3646
f 3646//3646 3944//3944 3648//3648
f 3308//3308 3306//3306 3648//3648
f 3648//3648 3944//3944 3315//3315
f 3649//3649 3651//3651 3650//3650
f 3312//3312 3651//3651 3649//3649
f 3650//3650 3647//3647 3311//3311
f 3651//3651 3312//3312 3945//3945
f 3647//3647 3650//3650 3651//3651
f 3945//3945 3647//3647 3651//3651
f 3945//3945 3312//3312 3313//3313
f 3652//3652 3945//3945 3313//3313
f 3652//3652 3313//3313 3653//3653
f 3313//3313 3654//3654 3653//3653
f 3653//3653 3654//3654 3952//3952
f 3947//3947 3950//3950 3655//3655
f 3654//3654 3656//3656 3952//3952
f 3654//3654 3314//3314 3656//3656
f 3657//3657 3950//3950 3951//3951
f 3950//3950 3658//3658 3655//3655
f 3658//3658 3950//3950 3659//3659
f 3954//3954 3656//3656 3316//3316
f 3657//3657 3659//3659 3950//3950
f 3662//3662 3958//3958 3954//3954
f 3959//3959 3662//3662 3663//3663
f 3318//3318 3954//3954 3660//3660
f 3318//3318 3662//3662 3954//3954
f 3657//3657 3661//3661 3659//3659
f 3320//3320 3960//3960 3663//3663
f 3320//3320 3963//3963 3960//3960
f 7596//7596 3664//3664 3964//3964
f 3963//3963 3320//3320 3322//3322
f 3664//3664 3963//3963 3322//3322
f 3323//3323 3964//3964 3664//3664
f 3967//3967 3964//3964 3665//3665
f 3964//3964 7398//7398 3665//3665
f 3967//3967 3665//3665 3668//3668
f 3692//3692 3666//3666 3667//3667
f 3692//3692 3357//3357 3666//3666
f 3665//3665 7398//7398 3669//3669
f 3665//3665 3669//3669 3668//3668
f 3668//3668 3669//3669 3671//3671
f 3670//3670 3671//3671 3669//3669
f 3671//3671 3670//3670 3327//3327
f 3672//3672 3327//3327 3674//3674
f 3672//3672 3674//3674 3676//3676
f 3674//3674 3673//3673 3676//3676
f 3680//3680 3672//3672 3676//3676
f 3673//3673 3334//3334 3675//3675
f 3675//3675 3676//3676 3673//3673
f 3676//3676 3675//3675 3677//3677
f 3675//3675 3693//3693 3677//3677
f 3677//3677 3678//3678 3676//3676
f 3678//3678 3677//3677 3693//3693
f 3676//3676 3678//3678 3680//3680
f 3680//3680 3681//3681 3974//3974
f 3680//3680 3678//3678 3681//3681
f 3678//3678 3679//3679 3681//3681
f 3974//3974 3681//3681 3682//3682
f 3682//3682 3681//3681 3683//3683
f 3679//3679 3683//3683 3681//3681
f 3682//3682 3683//3683 3975//3975
f 3683//3683 3679//3679 3698//3698
f 3975//3975 3683//3683 3698//3698
f 3686//3686 3684//3684 3688//3688
f 3684//3684 3686//3686 3980//3980
f 3686//3686 7403//7403 3980//3980
f 7403//7403 3686//3686 7534//7534
f 3687//3687 3701//3701 3686//3686
f 3686//3686 3701//3701 7534//7534
f 3687//3687 3702//3702 3701//3701
f 3688//3688 3687//3687 3686//3686
f 3688//3688 3702//3702 3687//3687
f 3689//3689 3704//3704 3702//3702
f 3688//3688 3689//3689 3702//3702
f 3337//3337 3338//3338 3981//3981
f 3689//3689 3688//3688 3690//3690
f 3689//3689 3690//3690 3704//3704
f 3981//3981 3338//3338 3691//3691
f 3688//3688 3684//3684 3690//3690
f 3981//3981 3691//3691 3971//3971
f 7599//7599 3337//3337 3981//3981
f 3340//3340 3691//3691 3339//3339
f 3971//3971 3691//3691 3972//3972
f 3972//3972 3691//3691 3340//3340
f 3357//3357 3692//3692 3707//3707
f 3693//3693 3675//3675 3696//3696
f 3678//3678 3693//3693 3696//3696
f 3342//3342 3694//3694 3695//3695
f 3708//3708 3697//3697 3694//3694
f 3675//3675 3342//3342 3695//3695
f 3695//3695 3694//3694 3697//3697
f 3696//3696 3675//3675 3695//3695
f 3695//3695 3697//3697 3696//3696
f 3678//3678 3696//3696 3699//3699
f 3699//3699 3696//3696 3697//3697
f 3679//3679 3699//3699 3698//3698
f 3678//3678 3699//3699 3679//3679
f 3697//3697 3700//3700 3699//3699
f 3698//3698 3700//3700 3975//3975
f 3698//3698 3699//3699 3700//3700
f 3700//3700 3709//3709 3710//3710
f 3975//3975 3700//3700 3710//3710
f 3983//3983 3690//3690 3684//3684
f 3702//3702 3703//3703 3701//3701
f 3704//3704 3703//3703 3702//3702
f 3704//3704 3984//3984 3703//3703
f 3690//3690 3984//3984 3704//3704
f 3705//3705 3972//3972 3340//3340
f 3972//3972 3705//3705 3991//3991
f 3706//3706 3377//3377 3707//3707
f 3377//3377 3706//3706 3721//3721
f 3721//3721 3706//3706 3986//3986
f 3707//3707 3986//3986 3706//3706
f 3986//3986 3987//3987 3721//3721
f 3707//3707 3377//3377 3357//3357
f 3708//3708 3364//3364 3697//3697
f 3697//3697 3364//3364 3709//3709
f 3709//3709 3726//3726 3710//3710
f 3709//3709 3700//3700 3697//3697
f 3730//3730 4002//4002 3710//3710
f 3713//3713 3711//3711 3716//3716
f 3711//3711 3712//3712 2953//2953
f 3711//3711 3713//3713 3712//3712
f 3714//3714 3712//3712 3713//3713
f 3712//3712 3714//3714 3362//3362
f 4010//4010 3714//3714 3713//3713
f 4005//4005 4010//4010 3713//3713
f 3716//3716 3715//3715 3384//3384
f 3716//3716 4004//4004 3713//3713
f 4005//4005 3713//3713 4004//4004
f 3716//3716 4014//4014 4004//4004
f 4011//4011 4014//4014 3716//3716
f 3703//3703 3737//3737 3368//3368
f 3367//3367 3368//3368 3735//3735
f 3737//3737 3735//3735 3368//3368
f 3703//3703 3984//3984 3737//3737
f 3717//3717 3340//3340 3373//3373
f 3717//3717 3705//3705 3340//3340
f 3373//3373 3375//3375 3717//3717
f 3705//3705 7535//7535 3991//3991
f 3717//3717 3375//3375 3376//3376
f 3717//3717 3376//3376 3705//3705
f 3705//3705 3376//3376 7536//7536
f 3376//3376 7435//7435 7536//7536
f 3992//3992 7535//7535 3720//3720
f 3740//3740 3718//3718 3395//3395
f 3720//3720 7535//7535 3719//3719
f 3719//3719 7535//7535 3740//3740
f 3742//3742 3720//3720 3719//3719
f 3377//3377 3721//3721 4000//4000
f 3377//3377 4000//4000 3747//3747
f 3364//3364 3722//3722 3709//3709
f 3726//3726 3709//3709 3722//3722
f 3725//3725 3362//3362 3731//3731
f 7422//7422 3362//3362 3725//3725
f 3727//3727 7543//7543 7537//7537
f 3722//3722 7540//7540 3726//3726
f 7538//7538 7544//7544 7541//7541
f 3723//3723 3725//3725 7545//7545
f 3726//3726 3729//3729 3728//3728
f 7547//7547 7545//7545 3725//3725
f 3729//3729 3726//3726 7546//7546
f 3730//3730 3710//3710 3728//3728
f 3710//3710 3726//3726 3728//3728
f 7549//7549 7548//7548 7542//7542
f 7542//7542 7551//7551 7549//7549
f 3728//3728 3729//3729 3730//3730
f 3731//3731 3714//3714 4028//4028
f 7550//7550 3731//3731 4028//4028
f 4001//4001 3730//3730 7622//7622
f 4001//4001 4002//4002 3730//3730
f 3731//3731 3362//3362 3714//3714
f 4011//4011 3716//3716 3384//3384
f 3733//3733 3384//3384 3387//3387
f 3739//3739 3733//3733 3387//3387
f 3737//3737 3984//3984 3738//3738
f 3738//3738 3734//3734 7557//7557
f 7554//7554 7553//7553 7558//7558
f 3984//3984 3732//3732 3738//3738
f 3384//3384 3733//3733 4011//4011
f 4011//4011 3733//3733 4012//4012
f 3734//3734 3732//3732 7611//7611
f 3738//3738 3732//3732 3734//3734
f 7555//7555 4012//4012 3733//3733
f 3739//3739 3387//3387 7430//7430
f 3736//3736 3386//3386 3735//3735
f 7556//7556 7559//7559 7431//7431
f 3737//3737 3736//3736 3735//3735
f 3737//3737 3738//3738 3736//3736
f 3736//3736 3738//3738 7557//7557
f 3741//3741 3395//3395 3392//3392
f 3741//3741 3392//3392 3742//3742
f 3719//3719 3740//3740 3741//3741
f 3742//3742 3719//3719 3741//3741
f 3742//3742 3392//3392 3744//3744
f 3743//3743 3742//3742 3744//3744
f 3743//3743 3744//3744 3745//3745
f 3748//3748 4019//4019 3746//3746
f 3746//3746 3400//3400 3748//3748
f 3748//3748 3404//3404 3750//3750
f 3748//3748 3750//3750 3749//3749
f 3749//3749 3750//3750 3752//3752
f 3752//3752 3753//3753 3749//3749
f 3752//3752 3750//3750 3751//3751
f 3763//3763 3747//3747 4027//4027
f 3751//3751 3753//3753 3752//3752
f 3753//3753 3751//3751 3755//3755
f 3754//3754 3753//3753 3755//3755
f 4033//4033 4021//4021 3754//3754
f 3755//3755 3407//3407 3754//3754
f 3757//3757 3754//3754 3407//3407
f 3756//3756 3757//3757 3407//3407
f 3757//3757 4033//4033 3754//3754
f 3758//3758 3756//3756 3407//3407
f 3758//3758 3759//3759 3756//3756
f 7438//7438 3764//3764 3760//3760
f 3759//3759 3758//3758 3760//3760
f 3759//3759 3761//3761 4037//4037
f 4040//4040 3761//3761 4041//4041
f 4040//4040 4037//4037 3761//3761
f 3763//3763 4027//4027 3762//3762
f 3762//3762 7629//7629 3765//3765
f 3760//3760 3764//3764 3759//3759
f 3759//3759 3764//3764 3761//3761
f 3430//3430 3761//3761 3429//3429
f 7560//7560 4041//4041 3761//3761
f 3762//3762 3765//3765 3431//3431
f 3430//3430 7560//7560 3761//3761
f 3431//3431 3765//3765 3430//3430
f 3431//3431 3763//3763 3762//3762
f 4045//4045 4046//4046 3770//3770
f 4051//4051 4043//4043 3766//3766
f 3469//3469 3778//3778 3766//3766
f 4044//4044 3469//3469 4043//4043
f 4043//4043 3469//3469 3766//3766
f 4044//4044 3767//3767 3469//3469
f 3771//3771 3767//3767 4044//4044
f 3470//3470 3469//3469 3767//3767
f 3767//3767 3769//3769 3470//3470
f 3767//3767 3771//3771 3769//3769
f 3773//3773 3768//3768 3770//3770
f 3769//3769 3770//3770 3768//3768
f 3769//3769 3768//3768 3470//3470
f 3771//3771 3772//3772 3769//3769
f 3770//3770 3769//3769 3772//3772
f 3772//3772 4045//4045 3770//3770
f 3771//3771 4251//4251 3772//3772
f 3772//3772 4251//4251 4045//4045
f 3768//3768 3773//3773 3473//3473
f 3773//3773 3770//3770 4046//4046
f 3775//3775 3773//3773 4046//4046
f 3773//3773 3774//3774 3473//3473
f 3774//3774 3474//3474 3473//3473
f 3773//3773 7561//7561 3774//3774
f 3474//3474 3774//3774 3480//3480
f 4046//4046 3776//3776 3775//3775
f 7561//7561 3776//3776 3774//3774
f 3774//3774 3779//3779 3480//3480
f 3774//3774 3776//3776 3779//3779
f 4046//4046 3777//3777 3776//3776
f 3779//3779 3776//3776 3777//3777
f 4049//4049 3777//3777 4046//4046
f 3784//3784 3777//3777 4056//4056
f 4056//4056 3777//3777 4049//4049
f 3792//3792 3778//3778 3481//3481
f 4061//4061 3778//3778 3792//3792
f 4061//4061 3766//3766 3778//3778
f 3766//3766 4061//4061 4253//4253
f 4253//4253 4051//4051 3766//3766
f 3782//3782 3781//3781 3480//3480
f 3779//3779 3782//3782 3480//3480
f 3780//3780 3782//3782 3779//3779
f 3780//3780 3779//3779 3777//3777
f 3777//3777 3784//3784 3780//3780
f 3781//3781 3782//3782 3785//3785
f 3782//3782 3786//3786 3785//3785
f 3783//3783 3788//3788 3786//3786
f 3786//3786 3782//3782 3783//3783
f 3783//3783 3782//3782 3780//3780
f 3783//3783 3780//3780 3784//3784
f 3784//3784 3788//3788 3783//3783
f 3784//3784 4056//4056 3788//3788
f 3786//3786 3482//3482 3785//3785
f 3483//3483 3482//3482 3786//3786
f 3786//3786 3787//3787 3483//3483
f 3786//3786 3788//3788 3787//3787
f 3787//3787 3790//3790 3483//3483
f 3788//3788 3789//3789 3787//3787
f 3790//3790 3787//3787 3789//3789
f 4056//4056 3789//3789 3788//3788
f 4056//4056 4057//4057 3789//3789
f 3789//3789 3791//3791 3790//3790
f 3790//3790 3793//3793 3494//3494
f 3791//3791 3793//3793 3790//3790
f 3791//3791 4087//4087 3793//3793
f 4088//4088 3484//3484 3802//3802
f 3484//3484 4088//4088 3792//3792
f 3795//3795 3794//3794 3796//3796
f 7562//7562 4069//4069 3809//3809
f 3491//3491 3800//3800 3798//3798
f 3798//3798 3797//3797 3491//3491
f 3798//3798 3800//3800 3799//3799
f 3799//3799 3800//3800 4076//4076
f 3798//3798 4069//4069 7562//7562
f 4069//4069 3798//3798 4073//4073
f 3798//3798 3799//3799 4073//4073
f 4073//4073 3799//3799 4076//4076
f 3800//3800 3202//3202 3801//3801
f 4078//4078 3800//3800 3801//3801
f 3801//3801 3202//3202 3820//3820
f 4083//4083 3801//3801 7563//7563
f 3495//3495 3793//3793 3810//3810
f 3810//3810 3793//3793 4086//4086
f 3802//3802 3496//3496 4094//4094
f 4100//4100 3804//3804 3806//3806
f 3805//3805 3806//3806 3804//3804
f 3807//3807 3805//3805 3808//3808
f 3806//3806 3805//3805 3807//3807
f 3807//3807 4100//4100 3806//3806
f 3805//3805 3795//3795 3796//3796
f 3796//3796 3808//3808 3805//3805
f 3808//3808 3796//3796 3807//3807
f 3807//3807 3809//3809 4100//4100
f 4100//4100 3809//3809 4103//4103
f 3796//3796 3794//3794 3797//3797
f 3796//3796 3797//3797 3809//3809
f 3796//3796 3809//3809 3807//3807
f 4090//4090 7563//7563 3822//3822
f 3810//3810 4086//4086 3811//3811
f 3811//3811 4109//4109 3810//3810
f 4109//4109 3811//3811 4111//4111
f 3812//3812 4094//4094 3496//3496
f 3803//3803 4095//4095 3812//3812
f 3813//3813 4112//4112 3803//3803
f 3814//3814 4112//4112 3813//3813
f 3816//3816 3817//3817 3814//3814
f 3819//3819 3816//3816 3815//3815
f 3813//3813 3815//3815 3814//3814
f 3815//3815 3816//3816 3814//3814
f 3816//3816 4096//4096 3817//3817
f 3818//3818 4096//4096 3816//3816
f 3817//3817 4096//4096 4098//4098
f 3486//3486 3498//3498 3815//3815
f 3498//3498 3819//3819 3815//3815
f 3818//3818 3816//3816 3819//3819
f 3804//3804 4099//4099 3818//3818
f 4099//4099 3804//3804 4100//4100
f 4099//4099 4100//4100 4102//4102
f 7563//7563 7564//7564 3822//3822
f 3823//3823 4092//4092 3822//3822
f 7564//7564 3825//3825 3822//3822
f 3825//3825 3828//3828 3822//3822
f 3826//3826 3822//3822 3828//3828
f 3826//3826 3823//3823 3822//3822
f 3826//3826 3830//3830 3823//3823
f 3810//3810 4110//4110 3508//3508
f 3500//3500 3215//3215 3821//3821
f 3215//3215 3509//3509 3821//3821
f 3821//3821 3509//3509 3824//3824
f 3824//3824 3509//3509 3836//3836
f 7564//7564 7565//7565 3825//3825
f 3825//3825 7565//7565 3827//3827
f 7565//7565 7570//7570 3827//3827
f 3825//3825 3827//3827 3828//3828
f 3830//3830 3826//3826 3828//3828
f 3827//3827 7570//7570 3828//3828
f 3830//3830 3828//3828 3829//3829
f 7570//7570 7566//7566 3828//3828
f 4120//4120 7566//7566 7570//7570
f 3830//3830 3832//3832 3831//3831
f 3832//3832 3830//3830 7566//7566
f 3832//3832 7566//7566 4120//4120
f 3830//3830 3831//3831 3823//3823
f 7567//7567 7568//7568 3834//3834
f 3833//3833 3831//3831 7569//7569
f 7568//7568 3837//3837 3834//3834
f 3834//3834 3837//3837 4118//4118
f 4110//4110 3839//3839 3508//3508
f 3509//3509 3835//3835 3836//3836
f 7568//7568 4120//4120 3837//3837
f 4118//4118 3837//3837 4120//4120
f 3512//3512 3838//3838 3522//3522
f 3845//3845 3522//3522 3838//3838
f 3512//3512 3839//3839 3838//3838
f 3839//3839 4110//4110 4125//4125
f 7571//7571 3841//3841 7496//7496
f 7572//7572 3835//3835 7495//7495
f 7572//7572 3849//3849 3835//3835
f 3841//3841 7571//7571 3849//3849
f 3842//3842 3836//3836 3835//3835
f 3849//3849 3842//3842 3835//3835
f 7570//7570 7573//7573 3843//3843
f 7570//7570 3853//3853 4120//4120
f 4120//4120 3853//3853 4135//4135
f 3853//3853 7570//7570 3843//3843
f 4135//4135 4127//4127 4120//4120
f 3845//3845 3542//3542 3522//3522
f 3845//3845 3838//3838 3844//3844
f 3838//3838 3839//3839 3844//3844
f 3845//3845 3846//3846 3542//3542
f 3855//3855 3846//3846 3845//3845
f 3839//3839 4125//4125 3844//3844
f 4125//4125 3855//3855 3844//3844
f 3855//3855 3845//3845 3844//3844
f 4125//4125 4126//4126 3855//3855
f 3848//3848 3840//3840 7574//7574
f 3849//3849 7571//7571 3848//3848
f 3851//3851 3842//3842 3849//3849
f 3875//3875 3849//3849 3848//3848
f 3859//3859 3849//3849 3875//3875
f 3851//3851 3849//3849 3859//3859
f 3843//3843 7573//7573 3850//3850
f 7573//7573 7576//7576 3850//3850
f 7576//7576 3860//3860 3850//3850
f 3859//3859 3860//3860 7576//7576
f 3859//3859 3876//3876 3860//3860
f 3843//3843 3850//3850 3853//3853
f 3850//3850 3860//3860 3852//3852
f 3850//3850 3852//3852 3853//3853
f 3557//3557 3854//3854 3856//3856
f 3856//3856 3569//3569 3557//3557
f 3854//3854 3846//3846 3855//3855
f 3856//3856 3854//3854 3855//3855
f 3857//3857 3856//3856 3855//3855
f 4126//4126 4128//4128 3855//3855
f 3857//3857 3864//3864 3856//3856
f 3857//3857 3858//3858 3864//3864
f 3855//3855 4128//4128 3857//3857
f 3857//3857 4128//4128 3858//3858
f 4137//4137 3858//3858 4128//4128
f 3859//3859 3875//3875 3876//3876
f 3860//3860 3861//3861 3852//3852
f 3861//3861 3860//3860 3876//3876
f 3861//3861 4142//4142 3852//3852
f 3853//3853 3852//3852 4142//4142
f 3861//3861 3876//3876 4161//4161
f 3853//3853 4142//4142 4135//4135
f 3856//3856 3580//3580 3569//3569
f 3580//3580 3864//3864 3862//3862
f 3580//3580 3856//3856 3864//3864
f 3862//3862 3864//3864 3863//3863
f 3863//3863 3867//3867 3862//3862
f 3863//3863 3864//3864 3865//3865
f 3865//3865 3868//3868 3863//3863
f 3866//3866 7577//7577 3864//3864
f 3866//3866 7579//7579 7577//7577
f 3866//3866 3864//3864 3858//3858
f 3858//3858 3870//3870 3866//3866
f 3858//3858 4137//4137 7580//7580
f 3867//3867 3863//3863 3884//3884
f 3881//3881 7578//7578 7584//7584
f 3863//3863 3871//3871 3884//3884
f 3862//3862 3867//3867 3878//3878
f 3881//3881 3878//3878 3867//3867
f 3868//3868 7581//7581 3863//3863
f 7579//7579 3869//3869 7582//7582
f 3866//3866 3874//3874 7579//7579
f 3874//3874 3869//3869 7579//7579
f 4144//4144 3866//3866 3870//3870
f 4144//4144 3874//3874 3866//3866
f 3871//3871 3872//3872 3884//3884
f 3872//3872 3886//3886 3884//3884
f 7582//7582 3869//3869 3873//3873
f 7582//7582 3873//3873 7583//7583
f 3890//3890 7583//7583 3873//3873
f 3890//3890 3886//3886 3872//3872
f 3873//3873 3869//3869 3874//3874
f 3874//3874 3888//3888 3873//3873
f 3874//3874 4144//4144 3888//3888
f 3875//3875 3912//3912 4161//4161
f 3876//3876 3875//3875 3877//3877
f 4161//4161 3877//3877 3875//3875
f 3876//3876 3877//3877 4161//4161
f 3861//3861 4161//4161 4142//4142
f 3879//3879 7530//7530 3582//3582
f 3880//3880 7530//7530 3879//3879
f 3878//3878 3882//3882 3879//3879
f 3879//3879 3882//3882 3880//3880
f 3880//3880 3882//3882 3883//3883
f 3878//3878 3887//3887 3882//3882
f 3878//3878 3881//3881 3887//3887
f 3881//3881 7584//7584 3887//3887
f 3887//3887 3883//3883 3882//3882
f 3880//3880 3893//3893 7530//7530
f 3883//3883 3885//3885 3880//3880
f 3880//3880 3885//3885 3893//3893
f 7584//7584 7585//7585 3887//3887
f 3883//3883 3896//3896 3885//3885
f 3895//3895 3893//3893 3896//3896
f 3896//3896 3893//3893 3885//3885
f 3883//3883 3887//3887 7587//7587
f 7587//7587 3887//3887 3897//3897
f 3886//3886 3890//3890 3891//3891
f 3888//3888 3890//3890 3873//3873
f 4144//4144 4147//4147 3888//3888
f 3888//3888 4147//4147 3890//3890
f 4148//4148 3890//3890 4147//4147
f 7585//7585 3889//3889 3887//3887
f 3887//3887 3889//3889 3897//3897
f 7587//7587 3897//3897 3898//3898
f 3886//3886 3891//3891 3889//3889
f 3889//3889 3891//3891 3899//3899
f 3889//3889 3899//3899 3898//3898
f 3891//3891 3890//3890 4148//4148
f 3893//3893 3591//3591 7586//7586
f 3894//3894 3903//3903 3591//3591
f 3893//3893 3894//3894 3591//3591
f 3898//3898 3893//3893 3895//3895
f 3894//3894 3893//3893 3898//3898
f 3903//3903 3894//3894 3898//3898
f 3896//3896 3898//3898 3895//3895
f 3903//3903 3899//3899 3891//3891
f 3897//3897 3889//3889 3898//3898
f 3899//3899 3903//3903 3898//3898
f 4151//4151 3900//3900 3891//3891
f 3891//3891 3904//3904 3903//3903
f 3891//3891 3900//3900 3609//3609
f 4153//4153 3901//3901 3900//3900
f 3901//3901 4153//4153 3902//3902
f 3905//3905 3900//3900 3901//3901
f 7588//7588 3905//3905 3901//3901
f 4153//4153 4155//4155 3902//3902
f 3601//3601 3903//3903 3904//3904
f 3906//3906 3905//3905 7588//7588
f 3902//3902 4155//4155 7589//7589
f 4155//4155 3606//3606 7589//7589
f 4155//4155 3907//3907 3606//3606
f 3907//3907 3909//3909 3908//3908
f 3907//3907 4155//4155 4156//4156
f 4156//4156 3909//3909 3907//3907
f 3909//3909 4156//4156 4157//4157
f 3909//3909 4157//4157 3910//3910
f 3910//3910 3611//3611 3913//3913
f 3908//3908 3909//3909 3913//3913
f 3909//3909 3910//3910 3913//3913
f 3915//3915 3611//3611 3910//3910
f 3914//3914 3915//3915 4158//4158
f 4158//4158 4159//4159 3914//3914
f 4159//4159 3612//3612 3914//3914
f 3612//3612 4162//4162 3616//3616
f 3613//3613 3916//3916 3911//3911
f 3911//3911 4165//4165 3912//3912
f 3911//3911 4166//4166 4165//4165
f 4166//4166 3911//3911 3916//3916
f 4162//4162 4167//4167 3616//3616
f 3616//3616 4167//4167 3617//3617
f 3917//3917 4167//4167 4168//4168
f 4168//4168 3918//3918 3917//3917
f 3919//3919 3925//3925 7591//7591
f 7591//7591 3925//3925 3924//3924
f 4169//4169 7591//7591 3924//3924
f 3916//3916 4169//4169 4166//4166
f 3921//3921 3920//3920 3918//3918
f 4168//4168 3921//3921 3918//3918
f 3920//3920 3922//3922 3918//3918
f 3926//3926 3920//3920 3921//3921
f 3637//3637 3918//3918 3922//3922
f 3637//3637 3922//3922 3923//3923
f 3920//3920 3923//3923 3922//3922
f 3920//3920 3926//3926 7593//7593
f 3926//3926 3921//3921 4171//4171
f 3926//3926 3637//3637 7593//7593
f 3919//3919 3930//3930 3925//3925
f 3926//3926 3928//3928 3637//3637
f 3927//3927 3928//3928 3926//3926
f 3927//3927 3926//3926 4171//4171
f 3927//3927 4171//4171 4172//4172
f 3928//3928 3929//3929 3637//3637
f 3927//3927 4172//4172 3928//3928
f 3928//3928 4172//4172 3929//3929
f 4172//4172 3931//3931 3929//3929
f 4179//4179 3925//3925 3930//3930
f 3622//3622 3628//3628 3932//3932
f 3931//3931 3643//3643 3929//3929
f 3931//3931 4177//4177 3643//3643
f 3933//3933 4179//4179 3930//3930
f 4180//4180 3643//3643 4177//4177
f 3930//3930 3932//3932 3934//3934
f 3933//3933 3930//3930 3934//3934
f 3941//3941 3937//3937 3933//3933
f 3643//3643 4180//4180 3935//3935
f 3643//3643 3935//3935 3938//3938
f 3938//3938 3935//3935 4180//4180
f 4180//4180 4181//4181 3938//3938
f 3936//3936 4179//4179 3933//3933
f 3933//3933 3937//3937 3936//3936
f 3936//3936 3937//3937 3942//3942
f 3933//3933 3934//3934 3941//3941
f 3941//3941 3934//3934 3645//3645
f 3943//3943 3937//3937 3939//3939
f 3940//3940 3937//3937 3941//3941
f 3937//3937 3940//3940 3939//3939
f 3940//3940 3941//3941 3647//3647
f 3943//3943 3939//3939 3647//3647
f 3940//3940 3647//3647 3939//3939
f 4181//4181 3944//3944 3938//3938
f 3937//3937 3943//3943 3942//3942
f 4187//4187 3944//3944 4181//4181
f 3944//3944 4187//4187 3946//3946
f 4187//4187 3947//3947 3946//3946
f 4187//4187 4188//4188 3947//3947
f 3949//3949 3942//3942 3943//3943
f 3949//3949 3948//3948 3942//3942
f 4190//4190 3942//3942 3948//3948
f 3949//3949 3943//3943 3945//3945
f 3945//3945 3943//3943 3647//3647
f 3655//3655 3315//3315 3944//3944
f 3946//3946 3655//3655 3944//3944
f 3946//3946 3947//3947 3655//3655
f 4190//4190 3948//3948 7595//7595
f 3949//3949 3653//3653 3952//3952
f 3945//3945 3653//3653 3949//3949
f 3949//3949 3952//3952 3948//3948
f 3945//3945 3652//3652 3653//3653
f 4188//4188 3950//3950 3947//3947
f 4189//4189 3951//3951 4188//4188
f 3951//3951 3950//3950 4188//4188
f 7595//7595 3656//3656 3954//3954
f 4190//4190 7595//7595 3954//3954
f 4189//4189 3953//3953 3951//3951
f 3956//3956 3953//3953 4189//4189
f 3957//3957 3956//3956 4189//4189
f 4189//4189 3955//3955 3957//3957
f 3953//3953 3956//3956 3657//3657
f 3657//3657 3951//3951 3953//3953
f 3960//3960 4190//4190 3958//3958
f 3958//3958 4190//4190 3954//3954
f 3955//3955 4191//4191 3961//3961
f 3955//3955 3961//3961 3957//3957
f 3956//3956 3661//3661 3657//3657
f 3958//3958 3662//3662 3959//3959
f 3960//3960 3958//3958 3959//3959
f 3960//3960 3959//3959 3663//3663
f 3661//3661 3956//3956 3957//3957
f 3961//3961 3965//3965 3957//3957
f 4377//4377 3966//3966 4191//4191
f 3666//3666 3661//3661 3957//3957
f 3962//3962 3960//3960 7596//7596
f 3962//3962 7596//7596 3964//3964
f 3961//3961 4191//4191 3965//3965
f 3966//3966 3965//3965 4191//4191
f 3666//3666 3957//3957 3965//3965
f 3666//3666 3965//3965 3667//3667
f 3667//3667 3965//3965 3966//3966
f 3692//3692 3966//3966 4218//4218
f 3966//3966 3692//3692 3667//3667
f 3967//3967 7532//7532 4192//4192
f 4192//4192 7532//7532 3968//3968
f 3979//3979 3969//3969 3976//3976
f 4204//4204 4202//4202 3976//3976
f 4204//4204 3976//3976 3969//3969
f 3969//3969 3970//3970 4204//4204
f 3970//3970 3969//3969 7599//7599
f 3980//3980 3969//3969 3979//3979
f 4207//4207 3970//3970 3971//3971
f 4208//4208 3971//3971 3972//3972
f 3707//3707 3692//3692 4218//4218
f 7532//7532 4193//4193 3968//3968
f 3672//3672 4193//4193 7533//7533
f 7532//7532 7533//7533 4193//4193
f 7533//7533 3327//3327 3672//3672
f 4212//4212 3672//3672 3973//3973
f 3680//3680 3973//3973 3672//3672
f 4212//4212 3973//3973 4214//4214
f 3974//3974 3973//3973 3680//3680
f 3973//3973 3974//3974 4214//4214
f 4198//4198 4212//4212 4214//4214
f 3974//3974 3682//3682 4200//4200
f 4200//4200 3682//3682 3975//3975
f 4214//4214 3974//3974 4200//4200
f 3978//3978 4200//4200 3975//3975
f 3979//3979 3976//3976 3977//3977
f 4202//4202 3977//3977 3976//3976
f 3990//3990 3977//3977 3978//3978
f 3977//3977 3990//3990 3979//3979
f 3979//3979 3684//3684 3980//3980
f 3979//3979 3983//3983 3684//3684
f 3970//3970 7599//7599 3981//3981
f 3971//3971 3970//3970 3981//3981
f 4210//4210 3972//3972 4387//4387
f 4218//4218 3997//3997 3987//3987
f 3986//3986 3707//3707 4218//4218
f 3710//3710 3988//3988 7597//7597
f 7598//7598 3982//3982 3978//3978
f 3978//3978 3989//3989 3990//3990
f 3978//3978 3982//3982 3989//3989
f 3983//3983 3984//3984 3690//3690
f 3990//3990 3983//3983 3979//3979
f 3991//3991 4215//4215 3972//3972
f 4215//4215 3991//3991 4220//4220
f 3985//3985 3991//3991 3992//3992
f 3991//3991 3985//3985 4220//4220
f 4219//4219 3985//3985 3992//3992
f 3987//3987 3986//3986 4218//4218
f 3710//3710 4002//4002 3988//3988
f 7600//7600 3988//3988 4002//4002
f 7600//7600 7597//7597 3988//3988
f 4002//4002 3989//3989 3982//3982
f 3984//3984 3983//3983 4015//4015
f 3992//3992 3991//3991 7535//7535
f 3993//3993 4219//4219 3992//3992
f 3720//3720 3742//3742 3992//3992
f 3992//3992 3995//3995 3993//3993
f 3994//3994 3993//3993 3995//3995
f 3994//3994 3995//3995 3743//3743
f 3994//3994 3743//3743 4227//4227
f 3742//3742 3995//3995 3992//3992
f 3743//3743 3995//3995 3742//3742
f 4227//4227 3743//3743 3745//3745
f 3746//3746 4019//4019 4228//4228
f 4027//4027 3999//3999 3996//3996
f 3996//3996 3999//3999 3998//3998
f 3996//3996 3998//3998 3997//3997
f 3998//3998 3999//3999 3997//3997
f 4000//4000 3721//3721 3987//3987
f 3999//3999 4000//4000 3987//3987
f 3999//3999 4027//4027 4000//4000
f 3997//3997 3999//3999 3987//3987
f 4027//4027 3747//3747 4000//4000
f 4001//4001 4029//4029 4002//4002
f 4001//4001 7622//7622 4029//4029
f 4029//4029 4003//4003 4002//4002
f 4002//4002 4003//4003 3989//3989
f 3714//3714 4030//4030 4028//4028
f 4031//4031 4003//4003 4029//4029
f 4003//4003 4031//4031 4032//4032
f 4010//4010 7625//7625 3714//3714
f 7601//7601 7626//7626 4241//4241
f 4032//4032 3989//3989 4003//4003
f 3989//3989 4243//4243 3990//3990
f 3990//3990 4243//4243 4008//4008
f 4243//4243 3989//3989 7640//7640
f 3990//3990 4016//4016 3983//3983
f 4017//4017 7603//7603 7602//7602
f 7604//7604 4006//4006 7609//7609
f 4007//4007 7619//7619 4016//4016
f 4007//4007 4016//4016 3990//3990
f 4017//4017 7607//7607 7603//7603
f 7605//7605 4007//4007 7606//7606
f 3990//3990 4008//4008 4007//4007
f 4007//4007 4008//4008 7606//7606
f 4243//4243 4009//4009 4008//4008
f 4008//4008 4009//4009 7606//7606
f 7609//7609 7608//7608 7645//7645
f 4006//4006 7608//7608 7609//7609
f 3984//3984 4013//4013 3732//3732
f 7614//7614 7612//7612 7552//7552
f 7610//7610 7613//7613 7615//7615
f 4013//4013 3984//3984 4015//4015
f 7614//7614 7616//7616 7612//7612
f 7616//7616 7614//7614 7618//7618
f 7618//7618 4018//4018 7616//7616
f 7620//7620 7602//7602 7617//7617
f 7621//7621 4015//4015 3983//3983
f 7621//7621 3983//3983 4016//4016
f 4016//4016 7619//7619 7621//7621
f 7620//7620 4017//4017 7602//7602
f 3749//3749 4019//4019 3748//3748
f 4033//4033 4020//4020 4021//4021
f 4022//4022 4021//4021 4020//4020
f 4020//4020 4033//4033 4022//4022
f 4023//4023 4022//4022 4033//4033
f 4023//4023 4235//4235 4229//4229
f 4023//4023 4234//4234 4235//4235
f 4236//4236 4035//4035 4036//4036
f 4237//4237 4036//4036 4038//4038
f 4240//4240 4238//4238 4038//4038
f 4038//4038 4238//4238 4237//4237
f 4025//4025 4027//4027 3996//3996
f 4233//4233 4039//4039 4026//4026
f 4024//4024 4039//4039 4233//4233
f 4025//4025 4039//4039 4027//4027
f 4233//4233 4025//4025 3996//3996
f 4025//4025 4233//4233 4026//4026
f 4026//4026 4039//4039 4025//4025
f 7622//7622 7624//7624 4029//4029
f 7622//7622 7623//7623 7624//7624
f 3714//3714 7625//7625 4030//4030
f 7623//7623 7627//7627 7624//7624
f 4242//4242 7625//7625 4010//4010
f 7628//7628 7643//7643 7641//7641
f 3753//3753 4021//4021 3749//3749
f 3754//3754 4021//4021 3753//3753
f 4034//4034 4023//4023 4033//4033
f 4035//4035 4023//4023 4034//4034
f 3759//3759 4036//4036 4035//4035
f 3759//3759 4035//4035 4034//4034
f 4033//4033 3757//3757 4034//4034
f 3757//3757 3759//3759 4034//4034
f 4036//4036 4037//4037 4038//4038
f 4036//4036 3759//3759 4037//4037
f 4024//4024 4239//4239 4039//4039
f 4027//4027 4039//4039 3762//3762
f 7629//7629 4039//4039 4239//4239
f 4039//4039 7629//7629 3762//3762
f 4239//4239 4038//4038 4040//4040
f 4239//4239 4040//4040 4041//4041
f 3757//3757 3756//3756 3759//3759
f 4038//4038 4037//4037 4040//4040
f 4043//4043 4051//4051 4245//4245
f 4042//4042 4043//4043 4245//4245
f 4042//4042 4044//4044 4043//4043
f 4245//4245 4247//4247 4042//4042
f 4044//4044 4042//4042 4247//4247
f 4247//4247 4248//4248 4044//4044
f 3771//3771 4044//4044 4244//4244
f 4244//4244 4251//4251 3771//3771
f 4251//4251 4054//4054 4048//4048
f 4045//4045 4047//4047 4046//4046
f 4047//4047 4045//4045 4048//4048
f 4251//4251 4048//4048 4045//4045
f 4048//4048 4050//4050 4047//4047
f 4047//4047 4049//4049 4046//4046
f 4050//4050 4056//4056 4049//4049
f 4049//4049 4047//4047 4050//4050
f 4245//4245 4051//4051 4253//4253
f 4053//4053 4052//4052 4067//4067
f 4067//4067 4085//4085 7630//7630
f 4048//4048 4055//4055 4050//4050
f 4048//4048 4054//4054 4055//4055
f 4056//4056 4050//4050 4055//4055
f 4252//4252 4055//4055 4054//4054
f 4057//4057 4056//4056 4055//4055
f 4059//4059 4057//4057 4055//4055
f 4252//4252 4264//4264 4059//4059
f 4058//4058 3789//3789 4057//4057
f 4059//4059 4058//4058 4057//4057
f 3789//3789 4058//4058 3791//3791
f 4265//4265 4058//4058 4059//4059
f 4059//4059 4264//4264 4265//4265
f 4061//4061 3792//3792 4060//4060
f 4061//4061 4060//4060 4253//4253
f 4259//4259 4062//4062 4262//4262
f 4062//4062 4261//4261 7649//7649
f 4259//4259 4263//4263 4062//4062
f 4263//4263 4271//4271 4062//4062
f 4261//4261 4062//4062 4063//4063
f 4261//4261 4063//4063 4064//4064
f 4062//4062 4271//4271 4080//4080
f 4064//4064 4260//4260 4261//4261
f 4064//4064 4063//4063 4066//4066
f 4063//4063 4079//4079 4066//4066
f 4063//4063 4062//4062 4079//4079
f 4062//4062 4080//4080 4079//4079
f 4250//4250 4065//4065 4052//4052
f 4067//4067 4052//4052 4065//4065
f 4065//4065 4064//4064 4067//4067
f 4085//4085 4067//4067 4066//4066
f 4064//4064 4066//4066 4067//4067
f 4252//4252 4085//4085 4272//4272
f 4265//4265 3791//3791 4058//4058
f 4060//4060 3792//3792 4088//4088
f 4070//4070 4068//4068 4089//4089
f 3809//3809 4070//4070 4089//4089
f 4275//4275 4068//4068 4071//4071
f 4068//4068 4069//4069 4073//4073
f 4070//4070 4069//4069 4068//4068
f 4070//4070 3809//3809 4069//4069
f 4068//4068 4073//4073 4071//4071
f 4071//4071 4073//4073 4074//4074
f 4072//4072 4071//4071 4074//4074
f 4074//4074 4076//4076 4077//4077
f 4076//4076 4074//4074 4073//4073
f 4074//4074 4077//4077 4075//4075
f 4075//4075 4072//4072 4074//4074
f 4271//4271 4075//4075 4081//4081
f 4271//4271 4072//4072 4075//4075
f 4271//4271 4081//4081 4080//4080
f 3800//3800 4078//4078 4076//4076
f 4077//4077 4076//4076 4078//4078
f 4075//4075 7632//7632 4081//4081
f 7633//7633 4081//4081 7632//7632
f 4066//4066 4082//4082 4084//4084
f 4081//4081 7633//7633 7634//7634
f 4081//4081 4082//4082 4080//4080
f 4082//4082 4079//4079 4080//4080
f 4066//4066 4079//4079 4082//4082
f 4083//4083 4078//4078 3801//3801
f 7633//7633 4083//4083 4084//4084
f 7634//7634 7633//7633 4084//4084
f 4083//4083 7563//7563 4090//4090
f 4066//4066 4084//4084 4085//4085
f 4084//4084 4083//4083 4090//4090
f 4084//4084 4090//4090 4085//4085
f 4272//4272 4085//4085 4276//4276
f 4086//4086 3793//3793 4087//4087
f 4086//4086 4087//4087 4093//4093
f 4279//4279 4088//4088 4094//4094
f 4094//4094 4088//4088 3802//3802
f 4108//4108 4103//4103 4089//4089
f 4089//4089 4273//4273 4287//4287
f 4089//4089 4287//4287 4108//4108
f 4108//4108 4287//4287 4107//4107
f 4273//4273 4089//4089 4275//4275
f 4103//4103 3809//3809 4089//4089
f 4068//4068 4275//4275 4089//4089
f 4275//4275 4071//4071 4072//4072
f 3822//3822 4092//4092 4090//4090
f 4085//4085 4090//4090 4091//4091
f 4091//4091 4090//4090 4092//4092
f 4092//4092 3823//3823 4091//4091
f 4091//4091 3823//3823 4085//4085
f 4086//4086 4111//4111 3811//3811
f 4111//4111 4086//4086 4093//4093
f 4093//4093 4087//4087 4290//4290
f 4279//4279 4094//4094 4291//4291
f 4306//4306 3812//3812 4095//4095
f 4098//4098 4096//4096 4097//4097
f 4096//4096 3818//3818 4097//4097
f 4097//4097 4115//4115 4098//4098
f 4099//4099 4097//4097 3818//3818
f 4097//4097 4099//4099 4115//4115
f 4293//4293 4099//4099 4102//4102
f 4102//4102 4100//4100 4101//4101
f 4101//4101 4100//4100 4104//4104
f 4105//4105 4101//4101 4104//4104
f 4282//4282 4101//4101 4105//4105
f 4101//4101 4283//4283 7635//7635
f 4101//4101 4282//4282 4283//4283
f 4100//4100 4103//4103 4104//4104
f 4103//4103 4105//4105 4104//4104
f 4105//4105 4103//4103 4106//4106
f 4106//4106 4103//4103 4108//4108
f 4106//4106 4282//4282 4105//4105
f 4106//4106 4108//4108 4107//4107
f 4106//4106 4107//4107 4282//4282
f 4085//4085 3823//3823 4276//4276
f 4110//4110 4109//4109 4111//4111
f 4109//4109 4110//4110 3810//3810
f 4094//4094 3812//3812 4292//4292
f 4306//4306 4292//4292 3812//3812
f 4112//4112 4306//4306 3803//3803
f 4095//4095 3803//3803 4306//4306
f 4112//4112 3814//3814 4113//4113
f 4113//4113 3814//3814 3817//3817
f 3817//3817 4310//4310 4113//4113
f 3817//3817 4098//4098 4310//4310
f 4310//4310 4098//4098 4115//4115
f 4310//4310 4115//4115 4099//4099
f 4114//4114 4310//4310 4099//4099
f 4114//4114 4099//4099 4312//4312
f 4114//4114 4311//4311 4310//4310
f 4311//4311 4114//4114 4312//4312
f 4312//4312 4099//4099 4293//4293
f 3823//3823 3831//3831 4276//4276
f 3831//3831 3833//3833 4276//4276
f 4118//4118 3833//3833 7569//7569
f 4276//4276 3833//3833 4124//4124
f 4276//4276 4124//4124 4116//4116
f 4110//4110 4111//4111 4117//4117
f 4111//4111 4299//4299 4117//4117
f 4300//4300 4126//4126 4117//4117
f 4307//4307 4112//4112 4113//4113
f 4118//4118 4119//4119 4123//4123
f 4118//4118 4120//4120 4119//4119
f 4119//4119 4120//4120 4121//4121
f 4119//4119 4121//4121 4123//4123
f 4120//4120 4127//4127 4121//4121
f 4123//4123 4122//4122 4118//4118
f 4121//4121 4127//4127 4123//4123
f 4122//4122 4124//4124 3833//3833
f 4118//4118 4122//4122 3833//3833
f 4122//4122 4123//4123 4124//4124
f 4124//4124 4123//4123 4127//4127
f 4124//4124 4127//4127 4314//4314
f 4124//4124 4314//4314 4116//4116
f 4117//4117 4125//4125 4110//4110
f 4117//4117 4126//4126 4125//4125
f 4135//4135 4320//4320 4127//4127
f 4320//4320 4314//4314 4127//4127
f 4129//4129 4131//4131 4128//4128
f 4126//4126 4129//4129 4128//4128
f 4126//4126 4130//4130 4129//4129
f 4131//4131 4129//4129 4132//4132
f 4129//4129 4134//4134 4132//4132
f 4322//4322 4134//4134 4129//4129
f 4132//4132 4133//4133 4131//4131
f 4134//4134 4133//4133 4132//4132
f 4134//4134 4141//4141 4133//4133
f 4320//4320 4135//4135 4326//4326
f 4128//4128 4136//4136 4137//4137
f 4128//4128 4131//4131 4136//4136
f 4136//4136 4131//4131 4133//4133
f 4133//4133 4139//4139 4136//4136
f 4324//4324 4141//4141 4134//4134
f 4322//4322 4324//4324 4134//4134
f 4136//4136 4138//4138 4137//4137
f 4136//4136 4139//4139 4138//4138
f 4133//4133 4140//4140 4139//4139
f 4141//4141 4140//4140 4133//4133
f 4324//4324 4140//4140 4141//4141
f 4137//4137 4138//4138 4145//4145
f 4150//4150 4139//4139 4146//4146
f 4140//4140 4146//4146 4139//4139
f 4140//4140 4324//4324 4146//4146
f 4325//4325 4146//4146 4324//4324
f 4143//4143 4135//4135 4142//4142
f 4135//4135 4143//4143 4331//4331
f 7636//7636 7580//7580 4137//4137
f 4137//4137 4145//4145 7636//7636
f 4138//4138 4139//4139 4145//4145
f 4139//4139 4150//4150 4145//4145
f 4145//4145 4149//4149 7636//7636
f 4145//4145 4150//4150 4149//4149
f 4150//4150 4151//4151 4149//4149
f 4150//4150 4146//4146 4152//4152
f 4142//4142 4161//4161 4143//4143
f 4161//4161 4331//4331 4143//4143
f 4148//4148 4147//4147 4144//4144
f 3891//3891 4148//4148 4151//4151
f 7636//7636 4149//4149 4148//4148
f 4148//4148 4149//4149 4151//4151
f 4150//4150 4152//4152 4151//4151
f 4155//4155 4153//4153 4151//4151
f 4152//4152 4155//4155 4151//4151
f 4146//4146 4327//4327 4152//4152
f 4327//4327 4155//4155 4152//4152
f 4325//4325 4327//4327 4146//4146
f 4154//4154 4155//4155 4327//4327
f 4154//4154 4327//4327 4328//4328
f 4328//4328 4156//4156 4154//4154
f 4329//4329 4156//4156 4328//4328
f 4153//4153 3900//3900 4151//4151
f 4155//4155 4154//4154 4156//4156
f 4333//4333 4157//4157 4156//4156
f 4333//4333 4158//4158 4157//4157
f 4158//4158 4333//4333 4334//4334
f 3915//3915 3910//3910 4157//4157
f 4158//4158 3915//3915 4157//4157
f 4334//4334 4337//4337 4158//4158
f 4159//4159 4158//4158 4337//4337
f 4159//4159 4337//4337 4162//4162
f 4161//4161 3912//3912 4160//4160
f 4159//4159 4162//4162 3612//3612
f 4343//4343 4342//4342 4162//4162
f 3912//3912 4163//4163 4160//4160
f 4160//4160 4164//4164 4161//4161
f 4163//4163 4164//4164 4160//4160
f 4342//4342 4167//4167 4162//4162
f 4347//4347 4165//4165 4166//4166
f 4165//4165 4345//4345 3912//3912
f 4345//4345 4165//4165 4347//4347
f 4344//4344 4167//4167 4343//4343
f 4347//4347 4166//4166 4352//4352
f 4346//4346 4168//4168 4167//4167
f 4168//4168 4171//4171 3921//3921
f 4168//4168 4351//4351 4171//4171
f 4166//4166 4169//4169 4349//4349
f 4173//4173 4169//4169 3924//3924
f 4170//4170 4349//4349 4169//4169
f 4172//4172 4171//4171 4351//4351
f 4351//4351 4474//4474 4176//4176
f 4177//4177 3931//3931 4172//4172
f 4177//4177 4172//4172 4351//4351
f 4173//4173 3924//3924 3925//3925
f 4173//4173 4175//4175 4169//4169
f 4170//4170 4169//4169 4175//4175
f 4178//4178 3925//3925 4179//4179
f 4170//4170 4175//4175 4354//4354
f 4351//4351 4176//4176 4177//4177
f 3925//3925 4178//4178 4174//4174
f 4173//4173 3925//3925 4174//4174
f 4175//4175 4173//4173 7637//7637
f 4360//4360 4175//4175 7637//7637
f 4354//4354 4175//4175 4360//4360
f 4180//4180 4177//4177 4176//4176
f 4360//4360 4174//4174 4178//4178
f 4360//4360 4357//4357 4354//4354
f 4181//4181 4180//4180 4176//4176
f 4182//4182 4181//4181 4176//4176
f 4178//4178 4179//4179 4183//4183
f 4360//4360 4178//4178 4183//4183
f 3936//3936 4183//4183 4179//4179
f 3936//3936 4185//4185 4183//4183
f 4184//4184 3936//3936 3942//3942
f 4186//4186 4183//4183 4185//4185
f 4183//4183 4186//4186 4371//4371
f 4365//4365 4183//4183 4371//4371
f 3936//3936 4184//4184 4185//4185
f 4186//4186 4185//4185 4184//4184
f 4184//4184 3942//3942 4371//4371
f 4187//4187 4181//4181 4182//4182
f 4182//4182 4188//4188 4187//4187
f 4371//4371 3942//3942 4190//4190
f 4186//4186 4184//4184 4371//4371
f 4189//4189 4188//4188 4370//4370
f 4370//4370 4191//4191 4189//4189
f 4189//4189 4191//4191 3955//3955
f 4374//4374 4190//4190 3960//3960
f 4375//4375 4374//4374 3960//3960
f 3960//3960 3962//3962 4375//4375
f 4378//4378 4375//4375 3962//3962
f 3964//3964 4378//4378 3962//3962
f 3967//3967 4378//4378 3964//3964
f 3967//3967 4192//4192 4378//4378
f 4494//4494 4378//4378 4192//4192
f 4218//4218 3966//3966 4377//4377
f 4192//4192 3968//3968 4193//4193
f 4192//4192 4193//4193 4194//4194
f 4193//4193 3672//3672 4194//4194
f 4194//4194 3672//3672 4195//4195
f 4195//4195 3672//3672 4212//4212
f 4194//4194 4195//4195 4196//4196
f 4196//4196 4195//4195 4212//4212
f 4196//4196 4213//4213 4384//4384
f 4198//4198 4380//4380 4379//4379
f 4197//4197 4198//4198 4214//4214
f 4197//4197 4201//4201 4199//4199
f 4199//4199 4198//4198 4197//4197
f 4199//4199 4380//4380 4198//4198
f 4214//4214 4200//4200 4197//4197
f 4197//4197 4200//4200 4201//4201
f 4199//4199 4203//4203 4380//4380
f 4201//4201 4203//4203 4199//4199
f 4203//4203 4201//4201 4200//4200
f 4203//4203 4202//4202 4204//4204
f 4203//4203 3978//3978 4202//4202
f 4380//4380 4203//4203 4204//4204
f 4380//4380 4204//4204 4512//4512
f 4205//4205 4204//4204 4207//4207
f 4512//4512 4204//4204 4205//4205
f 4205//4205 4207//4207 4206//4206
f 4512//4512 4205//4205 4206//4206
f 4204//4204 3970//3970 4207//4207
f 4208//4208 4207//4207 3971//3971
f 4208//4208 4206//4206 4207//4207
f 4206//4206 4208//4208 4385//4385
f 4208//4208 3972//3972 4385//4385
f 4385//4385 3972//3972 4209//4209
f 4209//4209 3972//3972 4210//4210
f 4388//4388 4210//4210 4387//4387
f 4211//4211 4382//4382 4216//4216
f 4217//4217 4211//4211 4216//4216
f 4213//4213 4196//4196 4212//4212
f 4212//4212 4198//4198 4213//4213
f 4203//4203 4200//4200 3978//3978
f 4202//4202 3978//3978 3977//3977
f 3972//3972 4215//4215 4387//4387
f 4221//4221 4387//4387 4215//4215
f 4223//4223 4217//4217 4216//4216
f 4225//4225 4223//4223 4216//4216
f 4211//4211 4217//4217 4226//4226
f 4218//4218 4377//4377 4211//4211
f 4226//4226 4218//4218 4211//4211
f 4218//4218 4226//4226 3997//3997
f 7638//7638 4219//4219 4215//4215
f 4221//4221 4215//4215 4219//4219
f 4219//4219 7638//7638 3985//3985
f 3993//3993 3994//3994 4219//4219
f 4219//4219 3994//3994 4221//4221
f 4227//4227 4387//4387 4221//4221
f 4387//4387 4227//4227 4391//4391
f 4221//4221 3994//3994 4227//4227
f 4392//4392 4397//4397 4222//4222
f 7639//7639 4396//4396 4392//4392
f 4229//4229 4396//4396 7639//7639
f 4216//4216 4394//4394 4225//4225
f 4224//4224 4223//4223 4225//4225
f 4226//4226 4217//4217 3996//3996
f 4223//4223 3996//3996 4217//4217
f 4228//4228 4391//4391 4227//4227
f 4228//4228 4395//4395 4391//4391
f 4227//4227 3745//3745 3746//3746
f 3746//3746 4228//4228 4227//4227
f 4228//4228 4019//4019 4395//4395
f 4019//4019 4021//4021 4395//4395
f 4395//4395 4021//4021 4397//4397
f 4022//4022 4222//4222 4397//4397
f 4229//4229 7639//7639 4022//4022
f 4400//4400 4229//4229 4235//4235
f 4397//4397 4021//4021 4022//4022
f 4023//4023 4229//4229 4022//4022
f 4401//4401 4231//4231 4393//4393
f 4401//4401 4230//4230 4231//4231
f 4230//4230 4237//4237 4231//4231
f 4231//4231 4237//4237 4393//4393
f 4225//4225 4394//4394 4232//4232
f 4394//4394 4393//4393 4232//4232
f 4232//4232 4224//4224 4225//4225
f 4223//4223 4224//4224 3996//3996
f 4224//4224 4232//4232 4233//4233
f 4226//4226 3996//3996 3997//3997
f 4233//4233 3996//3996 4224//4224
f 4021//4021 4019//4019 3749//3749
f 4235//4235 4234//4234 4236//4236
f 4236//4236 4230//4230 4235//4235
f 4230//4230 4236//4236 4036//4036
f 4234//4234 4023//4023 4035//4035
f 4236//4236 4234//4234 4035//4035
f 4036//4036 4237//4237 4230//4230
f 4237//4237 4238//4238 4232//4232
f 4232//4232 4393//4393 4237//4237
f 4240//4240 4232//4232 4238//4238
f 4233//4233 4232//4232 4239//4239
f 4239//4239 4024//4024 4233//4233
f 4232//4232 4240//4240 4239//4239
f 4240//4240 4038//4038 4239//4239
f 7644//7644 7646//7646 7642//7642
f 7647//7647 4242//4242 4010//4010
f 4251//4251 4244//4244 4249//4249
f 4251//4251 4249//4249 4250//4250
f 4246//4246 4403//4403 4248//4248
f 4245//4245 4246//4246 4247//4247
f 4246//4246 4248//4248 4247//4247
f 4249//4249 4244//4244 4044//4044
f 4044//4044 4248//4248 4249//4249
f 4249//4249 4405//4405 4250//4250
f 7648//7648 4250//4250 4052//4052
f 7630//7630 7648//7648 4053//4053
f 4053//4053 7648//7648 4052//4052
f 4067//4067 7630//7630 4053//4053
f 7630//7630 4085//4085 4252//4252
f 4059//4059 4055//4055 4252//4252
f 4408//4408 4254//4254 4250//4250
f 4258//4258 4254//4254 4256//4256
f 4250//4250 4254//4254 4258//4258
f 4256//4256 4257//4257 4260//4260
f 4255//4255 4259//4259 4257//4257
f 4258//4258 4260//4260 4250//4250
f 4258//4258 4256//4256 4260//4260
f 4256//4256 4254//4254 4257//4257
f 4257//4257 4408//4408 4255//4255
f 4260//4260 4257//4257 7649//7649
f 4257//4257 4259//4259 4262//4262
f 4255//4255 4408//4408 4270//4270
f 4261//4261 4260//4260 7649//7649
f 4255//4255 4263//4263 4259//4259
f 4270//4270 4263//4263 4255//4255
f 4271//4271 4263//4263 4270//4270
f 4065//4065 4250//4250 4260//4260
f 4065//4065 4260//4260 4064//4064
f 4252//4252 4272//4272 4264//4264
f 4264//4264 4277//4277 4278//4278
f 4264//4264 4272//4272 4277//4277
f 4264//4264 4278//4278 4265//4265
f 4266//4266 4253//4253 4060//4060
f 4254//4254 4408//4408 4257//4257
f 4268//4268 4411//4411 4267//4267
f 4269//4269 4267//4267 4411//4411
f 4408//4408 4267//4267 7650//7650
f 4268//4268 4267//4267 4408//4408
f 4267//4267 4271//4271 7650//7650
f 4269//4269 4271//4271 4267//4267
f 4274//4274 4269//4269 4411//4411
f 4271//4271 4269//4269 4072//4072
f 4269//4269 4274//4274 4072//4072
f 4272//4272 4276//4276 4289//4289
f 4265//4265 4413//4413 3791//3791
f 4413//4413 4087//4087 3791//3791
f 4088//4088 4279//4279 4280//4280
f 4088//4088 4280//4280 4060//4060
f 4060//4060 4280//4280 4281//4281
f 4410//4410 4411//4411 4268//4268
f 4286//4286 7652//7652 4411//4411
f 4286//4286 7651//7651 7652//7652
f 7651//7651 7653//7653 7652//7652
f 7653//7653 7631//7631 7652//7652
f 4276//4276 4288//4288 4289//4289
f 4427//4427 4277//4277 4428//4428
f 4278//4278 4421//4421 4265//4265
f 4087//4087 4413//4413 4290//4290
f 4291//4291 4414//4414 4280//4280
f 4280//4280 4279//4279 4291//4291
f 4283//4283 4297//4297 7635//7635
f 4283//4283 4282//4282 4284//4284
f 7654//7654 4282//4282 4285//4285
f 4283//4283 4284//4284 4295//4295
f 7654//7654 4285//4285 4295//4295
f 7655//7655 4419//4419 4285//4285
f 4419//4419 4424//4424 4285//4285
f 4282//4282 4107//4107 4285//4285
f 4273//4273 4285//4285 4107//4107
f 7655//7655 4285//4285 4273//4273
f 4420//4420 4286//4286 4411//4411
f 4107//4107 4287//4287 4273//4273
f 4276//4276 4298//4298 4288//4288
f 4272//4272 4289//4289 4277//4277
f 4277//4277 4289//4289 4428//4428
f 4289//4289 4425//4425 4428//4428
f 4093//4093 7656//7656 4111//4111
f 4111//4111 7656//7656 4301//4301
f 4301//4301 4299//4299 4111//4111
f 4432//4432 4291//4291 4302//4302
f 4302//4302 4291//4291 4094//4094
f 4094//4094 4292//4292 4302//4302
f 4304//4304 4292//4292 4306//4306
f 4302//4302 4292//4292 4304//4304
f 4303//4303 4304//4304 4306//4306
f 4113//4113 4310//4310 4309//4309
f 4313//4313 4312//4312 4293//4293
f 7635//7635 4294//4294 7657//7657
f 4313//4313 7657//7657 4294//4294
f 4313//4313 4294//4294 4295//4295
f 4313//4313 4295//4295 4433//4433
f 4433//4433 4295//4295 4296//4296
f 4296//4296 4295//4295 4285//4285
f 4423//4423 4296//4296 4422//4422
f 4296//4296 4285//4285 4422//4422
f 4433//4433 4296//4296 7663//7663
f 4283//4283 4294//4294 4297//4297
f 4297//4297 4294//4294 7635//7635
f 4294//4294 4283//4283 4295//4295
f 4298//4298 4276//4276 4116//4116
f 4315//4315 4298//4298 4116//4116
f 4288//4288 4298//4298 4316//4316
f 4425//4425 4289//4289 4426//4426
f 4289//4289 4288//4288 4426//4426
f 4299//4299 4300//4300 4117//4117
f 4299//4299 4319//4319 4300//4300
f 4430//4430 4301//4301 7656//7656
f 4301//4301 4429//4429 4299//4299
f 4429//4429 4319//4319 4299//4299
f 4304//4304 4439//4439 4302//4302
f 4440//4440 4305//4305 4441//4441
f 4306//4306 4305//4305 4303//4303
f 4307//4307 4306//4306 4112//4112
f 4307//4307 4305//4305 4306//4306
f 4305//4305 4307//4307 4441//4441
f 4441//4441 4307//4307 4308//4308
f 4307//4307 4310//4310 4308//4308
f 4441//4441 4308//4308 4310//4310
f 4307//4307 4113//4113 4309//4309
f 4307//4307 4309//4309 4310//4310
f 4442//4442 4310//4310 4311//4311
f 4312//4312 4442//4442 4311//4311
f 4442//4442 4312//4312 4313//4313
f 4442//4442 4313//4313 4555//4555
f 4315//4315 4116//4116 4314//4314
f 4315//4315 4316//4316 4298//4298
f 4317//4317 4130//4130 4126//4126
f 4317//4317 4126//4126 4318//4318
f 4318//4318 4126//4126 4300//4300
f 4300//4300 4319//4319 4318//4318
f 4429//4429 4437//4437 4319//4319
f 4317//4317 4318//4318 4323//4323
f 7659//7659 4130//4130 4317//4317
f 4444//4444 4318//4318 4319//4319
f 4323//4323 4318//4318 4444//4444
f 4314//4314 4320//4320 4321//4321
f 4315//4315 4314//4314 4321//4321
f 4316//4316 4315//4315 4445//4445
f 4315//4315 4321//4321 4445//4445
f 4130//4130 7658//7658 4129//4129
f 4130//4130 4448//4448 7658//7658
f 4320//4320 4326//4326 4449//4449
f 4320//4320 4449//4449 4321//4321
f 4324//4324 4322//4322 7670//7670
f 4448//4448 4130//4130 7659//7659
f 7670//7670 4323//4323 4451//4451
f 4325//4325 4324//4324 7670//7670
f 4331//4331 4326//4326 4135//4135
f 4325//4325 7670//7670 4451//4451
f 4456//4456 4326//4326 4332//4332
f 4327//4327 4325//4325 4328//4328
f 4328//4328 4325//4325 4329//4329
f 4329//4329 4325//4325 4451//4451
f 4330//4330 4329//4329 4451//4451
f 4156//4156 4329//4329 4330//4330
f 4335//4335 4326//4326 4331//4331
f 4331//4331 4336//4336 4335//4335
f 4333//4333 4156//4156 4330//4330
f 4451//4451 4333//4333 4330//4330
f 4451//4451 4334//4334 4333//4333
f 4337//4337 4334//4334 4454//4454
f 4326//4326 4335//4335 4332//4332
f 4339//4339 4335//4335 4336//4336
f 4457//4457 4335//4335 4340//4340
f 4335//4335 4339//4339 4340//4340
f 4335//4335 4457//4457 4332//4332
f 4338//4338 4337//4337 4454//4454
f 4338//4338 4454//4454 4341//4341
f 4162//4162 4337//4337 4338//4338
f 4331//4331 4161//4161 4336//4336
f 4161//4161 4339//4339 4336//4336
f 4339//4339 4161//4161 4164//4164
f 4338//4338 4343//4343 4162//4162
f 4341//4341 4343//4343 4338//4338
f 4455//4455 4460//4460 4341//4341
f 4341//4341 4460//4460 4343//4343
f 4163//4163 4345//4345 4164//4164
f 4618//4618 4164//4164 4345//4345
f 4342//4342 4343//4343 4167//4167
f 3912//3912 4345//4345 4163//4163
f 4164//4164 4462//4462 4339//4339
f 4164//4164 4463//4463 4462//4462
f 4473//4473 4463//4463 4164//4164
f 4346//4346 4344//4344 4348//4348
f 4346//4346 4167//4167 4344//4344
f 4164//4164 4618//4618 4473//4473
f 4348//4348 4168//4168 4346//4346
f 4348//4348 4350//4350 4168//4168
f 4352//4352 4166//4166 4349//4349
f 4475//4475 4347//4347 4352//4352
f 4475//4475 4345//4345 4347//4347
f 4350//4350 4351//4351 4168//4168
f 4350//4350 4474//4474 4351//4351
f 4349//4349 4170//4170 4356//4356
f 4353//4353 4352//4352 4349//4349
f 4475//4475 4352//4352 7660//7660
f 7660//7660 4476//4476 4475//4475
f 4354//4354 4356//4356 4170//4170
f 4176//4176 4474//4474 4477//4477
f 4353//4353 4349//4349 4356//4356
f 4478//4478 4353//4353 4356//4356
f 4354//4354 4355//4355 4356//4356
f 4355//4355 4354//4354 4357//4357
f 4355//4355 4478//4478 4356//4356
f 7660//7660 4478//4478 4476//4476
f 4357//4357 4478//4478 4355//4355
f 4479//4479 4478//4478 4357//4357
f 4360//4360 4479//4479 4357//4357
f 4361//4361 4358//4358 4477//4477
f 4358//4358 4359//4359 4176//4176
f 4176//4176 4359//4359 4182//4182
f 4363//4363 4182//4182 4359//4359
f 4365//4365 4360//4360 4183//4183
f 4360//4360 4365//4365 4479//4479
f 4362//4362 4361//4361 4482//4482
f 4359//4359 4362//4362 4363//4363
f 4362//4362 4359//4359 4358//4358
f 4361//4361 4362//4362 4358//4358
f 4363//4363 4362//4362 4364//4364
f 4362//4362 4488//4488 4364//4364
f 4483//4483 4488//4488 4362//4362
f 4364//4364 4488//4488 4370//4370
f 4363//4363 4364//4364 4370//4370
f 4370//4370 4182//4182 4363//4363
f 4365//4365 4367//4367 4479//4479
f 4366//4366 4479//4479 4367//4367
f 4372//4372 4367//4367 4365//4365
f 4367//4367 4368//4368 4366//4366
f 4372//4372 4368//4368 4367//4367
f 4368//4368 4372//4372 4369//4369
f 4366//4366 4368//4368 4369//4369
f 4369//4369 4484//4484 4366//4366
f 4365//4365 4371//4371 4372//4372
f 4485//4485 4484//4484 4369//4369
f 4490//4490 4191//4191 4370//4370
f 4488//4488 4490//4490 4370//4370
f 4188//4188 4182//4182 4370//4370
f 4190//4190 4372//4372 4371//4371
f 4373//4373 4372//4372 4190//4190
f 4373//4373 4369//4369 4372//4372
f 4374//4374 4485//4485 4369//4369
f 4374//4374 4369//4369 4373//4373
f 4374//4374 4373//4373 4190//4190
f 4374//4374 4375//4375 4491//4491
f 4492//4492 4375//4375 4378//4378
f 4378//4378 4376//4376 4492//4492
f 4494//4494 4376//4376 4378//4378
f 4505//4505 4494//4494 4192//4192
f 4505//4505 4192//4192 4383//4383
f 4379//4379 4380//4380 4511//4511
f 4513//4513 4512//4512 4385//4385
f 4514//4514 4209//4209 4386//4386
f 4514//4514 4381//4381 4497//4497
f 4386//4386 4388//4388 4381//4381
f 4388//4388 4515//4515 4381//4381
f 4386//4386 4381//4381 4514//4514
f 4388//4388 4516//4516 4515//4515
f 4393//4393 4382//4382 4390//4390
f 4382//4382 4211//4211 4377//4377
f 4194//4194 4383//4383 4192//4192
f 4384//4384 4213//4213 4198//4198
f 4198//4198 4379//4379 4384//4384
f 4509//4509 4196//4196 4384//4384
f 4379//4379 4509//4509 4384//4384
f 4206//4206 4385//4385 4512//4512
f 4209//4209 4513//4513 4385//4385
f 4386//4386 4209//4209 4210//4210
f 4388//4388 4386//4386 4210//4210
f 4388//4388 4387//4387 4391//4391
f 4389//4389 4393//4393 4390//4390
f 4393//4393 4394//4394 4382//4382
f 4638//4638 4395//4395 4392//4392
f 4392//4392 4399//4399 4638//4638
f 4393//4393 4638//4638 4399//4399
f 4399//4399 4401//4401 4393//4393
f 4394//4394 4216//4216 4382//4382
f 4392//4392 4395//4395 4397//4397
f 4396//4396 4398//4398 4399//4399
f 4229//4229 4398//4398 4396//4396
f 4400//4400 4398//4398 4229//4229
f 4396//4396 4399//4399 4392//4392
f 4399//4399 4398//4398 4400//4400
f 4401//4401 4400//4400 4230//4230
f 4230//4230 4400//4400 4235//4235
f 4399//4399 4400//4400 4401//4401
f 4404//4404 4248//4248 4403//4403
f 4249//4249 4248//4248 4404//4404
f 4249//4249 4404//4404 4405//4405
f 4405//4405 4407//4407 4250//4250
f 4266//4266 4406//4406 4253//4253
f 4406//4406 4245//4245 4253//4253
f 4245//4245 7661//7661 4246//4246
f 7661//7661 4532//4532 4402//4402
f 7661//7661 4402//4402 4246//4246
f 4402//4402 4403//4403 4246//4246
f 4403//4403 4527//4527 4404//4404
f 4405//4405 4404//4404 4523//4523
f 4524//4524 4407//4407 4405//4405
f 4407//4407 4408//4408 4250//4250
f 4525//4525 4402//4402 4532//4532
f 4403//4403 4402//4402 4526//4526
f 4527//4527 4403//4403 4526//4526
f 4408//4408 4407//4407 4529//4529
f 4529//4529 4407//4407 4524//4524
f 4409//4409 4268//4268 4408//4408
f 4266//4266 4060//4060 4539//4539
f 4531//4531 4406//4406 4266//4266
f 4408//4408 4533//4533 4409//4409
f 4409//4409 4533//4533 4410//4410
f 4410//4410 4268//4268 4409//4409
f 4420//4420 4411//4411 4410//4410
f 4427//4427 4278//4278 4277//4277
f 4265//4265 4421//4421 4412//4412
f 4278//4278 4427//4427 4421//4421
f 4413//4413 4265//4265 4412//4412
f 4413//4413 4412//4412 4534//4534
f 4544//4544 4290//4290 4413//4413
f 4281//4281 4414//4414 4537//4537
f 4414//4414 4281//4281 4280//4280
f 4415//4415 4420//4420 4417//4417
f 4417//4417 4420//4420 4410//4410
f 4417//4417 4543//4543 4415//4415
f 4416//4416 7662//7662 4415//4415
f 4543//4543 4416//4416 4415//4415
f 4420//4420 4418//4418 4286//4286
f 4418//4418 7662//7662 4286//4286
f 4420//4420 4415//4415 4418//4418
f 4415//4415 7662//7662 4418//4418
f 4544//4544 4430//4430 4290//4290
f 4544//4544 4545//4545 4430//4430
f 4414//4414 4432//4432 4538//4538
f 4537//4537 4414//4414 4538//4538
f 4432//4432 4414//4414 4291//4291
f 4422//4422 4542//4542 7664//7664
f 4285//4285 4542//4542 4422//4422
f 4285//4285 4424//4424 4542//4542
f 7671//7671 4416//4416 4543//4543
f 4541//4541 7671//7671 4543//4543
f 7665//7665 7662//7662 4416//4416
f 4416//4416 7671//7671 7665//7665
f 4426//4426 4288//4288 4561//4561
f 4425//4425 4426//4426 4561//4561
f 4430//4430 7666//7666 4301//4301
f 4545//4545 4431//4431 4430//4430
f 7666//7666 4430//4430 4431//4431
f 4545//4545 4672//4672 4431//4431
f 4302//4302 4551//4551 4432//4432
f 7673//7673 4302//4302 4683//4683
f 4439//4439 4683//4683 4302//4302
f 4439//4439 4304//4304 4303//4303
f 4439//4439 4303//4303 4305//4305
f 4305//4305 4440//4440 4439//4439
f 4441//4441 4310//4310 4442//4442
f 4434//4434 4435//4435 4565//4565
f 4433//4433 4555//4555 4313//4313
f 4435//4435 4434//4434 4436//4436
f 4434//4434 4433//4433 4436//4436
f 4542//4542 4436//4436 4433//4433
f 4547//4547 7667//7667 7668//7668
f 4549//4549 4547//4547 7668//7668
f 4433//4433 7664//7664 4542//4542
f 4425//4425 4561//4561 4567//4567
f 4425//4425 4567//4567 4428//4428
f 4429//4429 4444//4444 4437//4437
f 4437//4437 4444//4444 4319//4319
f 4429//4429 4438//4438 4444//4444
f 7669//7669 7666//7666 4431//4431
f 4439//4439 4440//4440 4552//4552
f 4433//4433 4565//4565 4555//4555
f 4434//4434 4565//4565 4433//4433
f 4316//4316 4445//4445 4447//4447
f 4316//4316 4447//4447 4446//4446
f 4316//4316 4443//4443 4288//4288
f 4316//4316 4446//4446 4443//4443
f 4561//4561 4288//4288 4443//4443
f 4451//4451 4323//4323 4444//4444
f 4321//4321 4450//4450 4445//4445
f 4450//4450 4321//4321 4449//4449
f 4576//4576 4447//4447 4445//4445
f 4450//4450 4576//4576 4445//4445
f 4446//4446 4566//4566 4443//4443
f 4446//4446 4447//4447 4571//4571
f 4447//4447 4576//4576 4571//4571
f 4452//4452 4454//4454 4451//4451
f 4452//4452 4453//4453 4454//4454
f 4449//4449 4326//4326 4575//4575
f 4450//4450 4449//4449 4575//4575
f 4456//4456 4575//4575 4326//4326
f 4454//4454 4334//4334 4451//4451
f 4454//4454 4453//4453 4455//4455
f 4455//4455 4341//4341 4454//4454
f 4458//4458 4457//4457 4461//4461
f 4456//4456 4332//4332 4458//4458
f 4458//4458 4332//4332 4457//4457
f 4458//4458 4587//4587 4575//4575
f 4575//4575 4456//4456 4458//4458
f 4461//4461 4587//4587 4458//4458
f 4586//4586 4459//4459 4455//4455
f 4457//4457 4340//4340 4461//4461
f 4339//4339 4462//4462 4340//4340
f 4587//4587 4461//4461 4598//4598
f 4460//4460 4455//4455 4465//4465
f 4465//4465 4455//4455 4459//4459
f 4460//4460 4344//4344 4343//4343
f 4460//4460 4465//4465 4344//4344
f 4340//4340 4462//4462 4464//4464
f 4340//4340 4464//4464 4461//4461
f 4461//4461 4464//4464 4601//4601
f 4461//4461 4601//4601 4598//4598
f 4463//4463 4473//4473 4462//4462
f 4464//4464 4462//4462 4468//4468
f 4601//4601 4464//4464 4470//4470
f 4465//4465 4348//4348 4344//4344
f 4465//4465 4467//4467 4348//4348
f 4465//4465 4466//4466 4467//4467
f 4606//4606 4467//4467 4466//4466
f 4467//4467 4612//4612 4348//4348
f 4467//4467 4606//4606 4612//4612
f 4462//4462 4473//4473 4469//4469
f 4462//4462 4469//4469 4468//4468
f 4464//4464 4468//4468 4470//4470
f 4469//4469 4615//4615 4468//4468
f 4470//4470 4468//4468 4615//4615
f 4471//4471 4348//4348 4612//4612
f 4612//4612 4472//4472 4471//4471
f 4348//4348 4471//4471 4350//4350
f 4473//4473 4618//4618 4613//4613
f 4469//4469 4473//4473 4613//4613
f 4612//4612 4617//4617 4472//4472
f 4472//4472 4474//4474 4471//4471
f 4474//4474 4472//4472 4617//4617
f 4474//4474 4350//4350 4471//4471
f 4617//4617 4477//4477 4474//4474
f 4476//4476 4618//4618 4475//4475
f 4475//4475 4618//4618 4345//4345
f 4618//4618 4619//4619 4613//4613
f 4479//4479 4476//4476 4478//4478
f 4476//4476 4727//4727 4618//4618
f 4358//4358 4176//4176 4477//4477
f 4477//4477 4480//4480 4482//4482
f 4482//4482 4361//4361 4477//4477
f 4481//4481 4479//4479 4366//4366
f 4622//4622 4483//4483 4482//4482
f 4484//4484 4481//4481 4366//4366
f 4625//4625 4479//4479 4481//4481
f 4625//4625 4481//4481 4487//4487
f 4482//4482 4483//4483 4362//4362
f 4484//4484 4485//4485 4481//4481
f 4485//4485 4489//4489 4486//4486
f 4486//4486 4481//4481 4485//4485
f 4487//4487 4481//4481 4486//4486
f 4487//4487 4486//4486 4489//4489
f 4490//4490 4488//4488 4483//4483
f 4485//4485 4374//4374 4489//4489
f 4374//4374 4491//4491 4489//4489
f 4489//4489 4491//4491 4627//4627
f 4493//4493 4490//4490 4641//4641
f 4491//4491 4630//4630 4627//4627
f 4630//4630 4491//4491 4631//4631
f 4492//4492 4491//4491 4375//4375
f 4494//4494 4492//4492 4376//4376
f 4635//4635 4499//4499 4498//4498
f 4493//4493 4191//4191 4490//4490
f 4377//4377 4191//4191 4493//4493
f 4493//4493 4504//4504 4377//4377
f 4495//4495 4380//4380 4646//4646
f 4380//4380 4763//4763 4646//4646
f 4636//4636 4648//4648 4637//4637
f 4637//4637 4514//4514 4496//4496
f 4496//4496 4514//4514 4497//4497
f 4496//4496 4497//4497 4649//4649
f 4516//4516 4388//4388 4650//4650
f 4651//4651 4498//4498 4500//4500
f 4499//4499 4390//4390 4498//4498
f 4520//4520 4651//4651 4500//4500
f 4651//4651 4520//4520 4502//4502
f 4493//4493 4521//4521 4504//4504
f 4521//4521 4501//4501 4503//4503
f 4503//4503 4501//4501 4502//4502
f 4519//4519 4503//4503 4502//4502
f 4493//4493 4501//4501 4521//4521
f 4377//4377 4504//4504 4382//4382
f 4504//4504 4521//4521 4382//4382
f 4503//4503 4519//4519 4521//4521
f 4652//4652 4505//4505 4383//4383
f 4194//4194 4509//4509 4506//4506
f 4506//4506 4383//4383 4194//4194
f 4508//4508 4509//4509 4507//4507
f 4506//4506 4509//4509 4508//4508
f 4383//4383 4506//4506 4652//4652
f 4506//4506 4508//4508 4652//4652
f 4509//4509 4194//4194 4196//4196
f 4510//4510 4653//4653 4509//4509
f 4379//4379 4510//4510 4509//4509
f 4647//4647 4510//4510 4495//4495
f 4653//4653 4510//4510 4647//4647
f 4511//4511 4510//4510 4379//4379
f 4495//4495 4511//4511 4380//4380
f 4511//4511 4495//4495 4510//4510
f 4380//4380 4648//4648 4763//4763
f 4648//4648 4380//4380 4512//4512
f 4648//4648 4512//4512 4513//4513
f 4637//4637 4648//4648 4513//4513
f 4513//4513 4209//4209 4514//4514
f 4514//4514 4637//4637 4513//4513
f 4515//4515 4497//4497 4381//4381
f 4515//4515 4649//4649 4497//4497
f 4515//4515 4516//4516 4649//4649
f 4650//4650 4388//4388 4391//4391
f 4650//4650 4395//4395 4638//4638
f 4391//4391 4395//4395 4650//4650
f 4498//4498 4390//4390 4500//4500
f 4500//4500 4390//4390 4517//4517
f 4517//4517 4520//4520 4500//4500
f 4389//4389 4390//4390 4499//4499
f 4389//4389 4499//4499 4522//4522
f 4517//4517 4390//4390 4518//4518
f 4390//4390 4519//4519 4518//4518
f 4520//4520 4517//4517 4518//4518
f 4520//4520 4519//4519 4502//4502
f 4520//4520 4518//4518 4519//4519
f 4382//4382 4521//4521 4519//4519
f 4390//4390 4382//4382 4519//4519
f 4638//4638 4393//4393 4522//4522
f 4393//4393 4389//4389 4522//4522
f 4523//4523 4524//4524 4405//4405
f 4655//4655 4524//4524 4523//4523
f 4525//4525 4532//4532 4656//4656
f 4525//4525 4526//4526 4402//4402
f 4656//4656 4526//4526 4525//4525
f 4656//4656 4654//4654 4526//4526
f 4654//4654 4527//4527 4526//4526
f 4404//4404 4527//4527 4654//4654
f 4404//4404 4654//4654 4528//4528
f 4523//4523 4404//4404 4528//4528
f 4655//4655 4523//4523 4528//4528
f 4529//4529 4530//4530 4655//4655
f 4524//4524 4655//4655 4530//4530
f 4524//4524 4530//4530 4529//4529
f 4266//4266 4539//4539 4531//4531
f 4532//4532 4406//4406 4531//4531
f 4529//4529 4533//4533 4408//4408
f 4539//4539 4665//4665 4532//4532
f 4532//4532 4531//4531 4539//4539
f 4533//4533 4660//4660 4658//4658
f 4661//4661 4663//4663 4658//4658
f 4658//4658 4663//4663 4410//4410
f 4533//4533 4658//4658 4410//4410
f 4534//4534 4544//4544 4413//4413
f 4534//4534 4664//4664 4544//4544
f 4664//4664 4534//4534 4669//4669
f 4535//4535 4538//4538 4546//4546
f 4535//4535 4546//4546 4665//4665
f 4665//4665 4536//4536 4535//4535
f 4536//4536 4665//4665 4539//4539
f 4537//4537 4539//4539 4281//4281
f 4537//4537 4538//4538 4536//4536
f 4536//4536 4538//4538 4535//4535
f 4538//4538 4432//4432 4546//4546
f 4539//4539 4537//4537 4536//4536
f 4539//4539 4060//4060 4281//4281
f 4659//4659 4541//4541 4540//4540
f 4541//4541 4543//4543 4540//4540
f 4410//4410 4663//4663 4417//4417
f 4540//4540 4543//4543 4417//4417
f 4663//4663 4540//4540 4417//4417
f 4562//4562 4421//4421 4427//4427
f 4534//4534 4412//4412 4421//4421
f 4544//4544 4672//4672 4545//4545
f 4673//4673 4546//4546 4432//4432
f 4665//4665 4546//4546 4673//4673
f 4549//4549 4666//4666 4548//4548
f 4666//4666 4559//4559 4548//4548
f 4565//4565 7667//7667 4547//4547
f 4548//4548 4547//4547 4549//4549
f 4548//4548 4559//4559 4547//4547
f 4666//4666 4549//4549 7672//7672
f 7668//7668 7672//7672 4549//4549
f 4421//4421 4562//4562 4550//4550
f 4672//4672 4682//4682 4431//4431
f 4682//4682 7669//7669 4431//4431
f 4682//4682 4569//4569 7669//7669
f 4432//4432 4551//4551 4673//4673
f 4440//4440 4441//4441 4563//4563
f 4441//4441 4442//4442 4564//4564
f 4442//4442 4555//4555 4564//4564
f 4554//4554 4553//4553 4556//4556
f 4554//4554 4784//4784 4553//4553
f 4547//4547 4553//4553 4565//4565
f 4558//4558 4553//4553 4547//4547
f 4556//4556 4558//4558 4557//4557
f 4553//4553 4558//4558 4556//4556
f 4557//4557 4558//4558 4559//4559
f 4556//4556 4557//4557 4554//4554
f 4557//4557 4559//4559 4560//4560
f 4557//4557 4676//4676 4554//4554
f 4558//4558 4547//4547 4559//4559
f 4666//4666 4677//4677 4559//4559
f 4560//4560 4559//4559 4677//4677
f 4443//4443 4566//4566 4561//4561
f 4567//4567 4561//4561 4566//4566
f 4569//4569 4444//4444 4438//4438
f 4552//4552 4683//4683 4439//4439
f 4552//4552 4440//4440 4563//4563
f 4684//4684 4563//4563 4441//4441
f 4564//4564 4684//4684 4441//4441
f 4684//4684 4564//4564 4565//4565
f 4564//4564 4555//4555 4565//4565
f 4553//4553 4784//4784 4565//4565
f 4566//4566 4446//4446 4572//4572
f 4574//4574 4566//4566 4572//4572
f 4567//4567 4566//4566 4568//4568
f 4567//4567 4568//4568 4692//4692
f 4444//4444 4569//4569 4451//4451
f 4569//4569 4682//4682 4570//4570
f 4682//4682 4695//4695 4570//4570
f 4695//4695 4569//4569 4570//4570
f 4575//4575 4576//4576 4450//4450
f 4572//4572 4446//4446 4571//4571
f 4572//4572 4571//4571 4573//4573
f 4572//4572 4573//4573 4574//4574
f 4584//4584 4574//4574 4573//4573
f 4566//4566 4574//4574 4691//4691
f 4569//4569 4452//4452 4451//4451
f 4695//4695 4453//4453 4569//4569
f 4452//4452 4569//4569 4453//4453
f 4576//4576 4578//4578 4571//4571
f 4571//4571 4578//4578 4573//4573
f 4573//4573 4578//4578 4584//4584
f 4577//4577 4453//4453 4695//4695
f 4586//4586 4577//4577 4701//4701
f 4576//4576 4575//4575 4587//4587
f 4576//4576 4587//4587 4578//4578
f 4584//4584 4578//4578 4582//4582
f 4578//4578 4579//4579 4582//4582
f 4578//4578 4580//4580 4579//4579
f 4582//4582 4581//4581 4584//4584
f 4579//4579 4581//4581 4582//4582
f 4584//4584 4581//4581 4583//4583
f 4579//4579 4580//4580 4588//4588
f 4579//4579 4588//4588 4581//4581
f 4592//4592 4581//4581 4588//4588
f 4581//4581 4593//4593 4583//4583
f 4583//4583 4585//4585 4584//4584
f 4583//4583 4593//4593 4594//4594
f 4594//4594 4585//4585 4583//4583
f 4577//4577 4455//4455 4453//4453
f 4577//4577 4586//4586 4455//4455
f 4702//4702 4586//4586 4701//4701
f 4586//4586 4702//4702 4595//4595
f 4703//4703 4595//4595 4702//4702
f 4587//4587 4591//4591 4578//4578
f 4588//4588 4590//4590 4592//4592
f 4580//4580 4578//4578 4589//4589
f 4580//4580 4589//4589 4588//4588
f 4581//4581 4592//4592 4593//4593
f 4589//4589 4578//4578 4591//4591
f 4589//4589 4591//4591 4590//4590
f 4589//4589 4590//4590 4588//4588
f 4590//4590 4591//4591 4592//4592
f 4591//4591 4598//4598 4592//4592
f 4593//4593 4592//4592 4596//4596
f 4593//4593 4596//4596 4594//4594
f 4596//4596 4585//4585 4594//4594
f 4585//4585 4596//4596 4710//4710
f 4595//4595 4465//4465 4459//4459
f 4586//4586 4595//4595 4459//4459
f 4595//4595 4711//4711 4465//4465
f 4711//4711 4595//4595 4703//4703
f 4587//4587 4598//4598 4591//4591
f 4592//4592 4598//4598 4597//4597
f 4592//4592 4597//4597 4596//4596
f 4710//4710 4596//4596 4597//4597
f 4601//4601 4602//4602 4598//4598
f 4598//4598 4602//4602 4597//4597
f 4599//4599 4465//4465 4711//4711
f 4711//4711 4600//4600 4599//4599
f 4466//4466 4465//4465 4599//4599
f 4602//4602 4601//4601 4607//4607
f 4603//4603 4602//4602 4608//4608
f 4599//4599 4606//4606 4466//4466
f 4599//4599 4604//4604 4612//4612
f 4600//4600 4604//4604 4599//4599
f 4600//4600 4708//4708 4715//4715
f 4600//4600 4715//4715 4605//4605
f 4605//4605 4715//4715 4716//4716
f 4606//4606 4599//4599 4612//4612
f 4600//4600 4605//4605 4604//4604
f 4605//4605 4612//4612 4604//4604
f 4601//4601 4470//4470 4607//4607
f 4607//4607 4470//4470 4610//4610
f 4602//4602 4607//4607 4608//4608
f 4610//4610 4470//4470 4615//4615
f 4607//4607 4609//4609 4608//4608
f 4610//4610 4609//4609 4607//4607
f 4717//4717 4608//4608 4609//4609
f 4717//4717 4609//4609 4611//4611
f 4609//4609 4610//4610 4611//4611
f 4717//4717 4603//4603 4608//4608
f 4717//4717 4611//4611 4723//4723
f 4605//4605 4719//4719 4617//4617
f 4605//4605 4617//4617 4612//4612
f 4610//4610 4615//4615 4721//4721
f 4908//4908 4617//4617 4720//4720
f 4614//4614 4613//4613 4619//4619
f 4469//4469 4616//4616 4615//4615
f 4469//4469 4613//4613 4616//4616
f 4613//4613 4614//4614 4616//4616
f 4617//4617 4908//4908 4726//4726
f 4621//4621 4477//4477 4617//4617
f 4726//4726 4621//4621 4617//4617
f 4727//4727 4619//4619 4618//4618
f 4619//4619 4727//4727 4724//4724
f 4614//4614 4619//4619 4724//4724
f 4620//4620 4477//4477 4621//4621
f 4480//4480 4477//4477 4622//4622
f 4476//4476 4479//4479 4624//4624
f 4476//4476 4624//4624 4727//4727
f 4477//4477 4620//4620 4622//4622
f 4621//4621 4623//4623 4620//4620
f 4620//4620 4623//4623 4622//4622
f 4623//4623 4483//4483 4622//4622
f 4621//4621 4483//4483 4623//4623
f 4622//4622 4482//4482 4480//4480
f 4726//4726 4483//4483 4621//4621
f 4624//4624 4479//4479 4625//4625
f 4624//4624 4625//4625 4729//4729
f 4728//4728 4483//4483 4726//4726
f 4625//4625 4487//4487 4626//4626
f 4487//4487 4489//4489 4626//4626
f 4626//4626 4489//4489 4627//4627
f 4628//4628 4627//4627 4630//4630
f 4626//4626 4627//4627 4628//4628
f 4629//4629 4732//4732 4628//4628
f 4745//4745 4632//4632 4483//4483
f 4629//4629 4628//4628 4630//4630
f 4630//4630 4631//4631 4629//4629
f 4732//4732 4629//4629 4631//4631
f 4635//4635 4632//4632 4745//4745
f 4633//4633 4483//4483 4632//4632
f 4483//4483 4633//4633 4490//4490
f 4633//4633 4641//4641 4490//4490
f 4492//4492 4631//4631 4491//4491
f 4631//4631 4492//4492 4494//4494
f 4631//4631 4494//4494 4634//4634
f 4755//4755 4650//4650 4747//4747
f 4633//4633 4632//4632 4641//4641
f 4642//4642 4632//4632 4635//4635
f 4493//4493 4641//4641 4501//4501
f 4839//4839 4496//4496 4649//4649
f 4516//4516 4650//4650 4765//4765
f 4638//4638 4747//4747 4650//4650
f 4638//4638 4522//4522 4639//4639
f 4745//4745 4639//4639 4635//4635
f 4635//4635 4639//4639 4522//4522
f 4499//4499 4635//4635 4522//4522
f 4642//4642 4635//4635 4640//4640
f 4640//4640 4635//4635 4498//4498
f 4502//4502 4501//4501 4641//4641
f 4641//4641 4632//4632 4642//4642
f 4502//4502 4641//4641 4642//4642
f 4643//4643 4494//4494 4505//4505
f 4643//4643 4505//4505 4652//4652
f 4766//4766 4643//4643 4652//4652
f 4766//4766 4652//4652 4508//4508
f 4508//4508 4507//4507 4766//4766
f 4644//4644 4766//4766 4507//4507
f 4644//4644 4507//4507 4645//4645
f 4653//4653 4647//4647 4645//4645
f 4653//4653 4645//4645 4507//4507
f 4647//4647 4646//4646 4645//4645
f 4495//4495 4646//4646 4647//4647
f 4516//4516 4839//4839 4649//4649
f 4640//4640 4498//4498 4651//4651
f 4640//4640 4651//4651 4642//4642
f 4642//4642 4651//4651 4502//4502
f 4653//4653 4507//4507 4509//4509
f 4656//4656 4851//4851 4654//4654
f 4655//4655 4528//4528 4657//4657
f 4528//4528 4654//4654 4851//4851
f 4528//4528 4851//4851 4657//4657
f 4767//4767 4655//4655 4657//4657
f 4768//4768 4529//4529 4655//4655
f 4768//4768 4533//4533 4529//4529
f 4658//4658 4660//4660 4661//4661
f 4660//4660 4533//4533 4768//4768
f 4532//4532 4665//4665 4854//4854
f 4541//4541 4659//4659 4667//4667
f 4540//4540 4663//4663 4659//4659
f 4659//4659 4663//4663 4661//4661
f 4668//4668 4659//4659 4661//4661
f 4668//4668 4667//4667 4659//4659
f 4661//4661 4660//4660 4662//4662
f 4662//4662 4660//4660 4768//4768
f 7674//7674 4668//4668 4661//4661
f 4667//4667 7671//7671 4541//4541
f 4666//4666 4667//4667 4668//4668
f 4667//4667 4666//4666 7671//7671
f 4664//4664 4669//4669 4771//4771
f 4670//4670 4664//4664 4771//4771
f 4671//4671 4544//4544 4664//4664
f 4671//4671 4664//4664 4670//4670
f 4671//4671 4672//4672 4544//4544
f 4674//4674 4769//4769 4780//4780
f 4557//4557 4674//4674 4675//4675
f 4674//4674 4557//4557 4560//4560
f 4676//4676 4557//4557 4675//4675
f 4668//4668 4855//4855 4666//4666
f 4674//4674 4666//4666 4769//4769
f 4677//4677 4674//4674 4560//4560
f 4674//4674 4677//4677 4666//4666
f 4562//4562 4427//4427 4679//4679
f 4427//4427 4428//4428 4679//4679
f 4550//4550 4562//4562 4678//4678
f 4679//4679 4688//4688 4562//4562
f 4562//4562 4688//4688 4678//4678
f 4679//4679 4686//4686 4688//4688
f 4421//4421 4550//4550 4680//4680
f 4680//4680 4550//4550 4678//4678
f 4680//4680 4678//4678 4689//4689
f 4680//4680 4689//4689 4681//4681
f 4680//4680 4681//4681 4421//4421
f 4421//4421 4681//4681 4534//4534
f 4534//4534 4681//4681 4770//4770
f 4669//4669 4534//4534 4770//4770
f 4770//4770 4681//4681 4689//4689
f 4682//4682 4672//4672 4696//4696
f 4673//4673 4551//4551 4778//4778
f 7673//7673 4683//4683 4783//4783
f 4552//4552 4563//4563 4788//4788
f 4684//4684 4565//4565 4784//4784
f 4675//4675 4674//4674 4869//4869
f 7679//7679 4674//4674 4780//4780
f 4567//4567 4685//4685 4428//4428
f 4428//4428 4685//4685 4679//4679
f 4567//4567 4692//4692 4693//4693
f 4679//4679 4685//4685 4686//4686
f 4685//4685 4567//4567 4693//4693
f 4685//4685 4693//4693 4686//4686
f 4678//4678 4688//4688 4687//4687
f 4686//4686 4693//4693 4694//4694
f 4688//4688 4686//4686 4694//4694
f 4678//4678 4687//4687 4689//4689
f 4688//4688 4694//4694 4687//4687
f 4687//4687 4694//4694 4689//4689
f 4690//4690 4695//4695 4682//4682
f 4690//4690 4682//4682 4696//4696
f 4683//4683 4552//4552 4788//4788
f 4789//4789 4684//4684 4784//4784
f 4568//4568 4566//4566 4691//4691
f 4692//4692 4568//4568 4691//4691
f 4691//4691 4574//4574 4699//4699
f 4691//4691 4699//4699 4692//4692
f 4574//4574 4584//4584 4699//4699
f 4693//4693 4692//4692 4698//4698
f 4692//4692 4699//4699 4698//4698
f 4694//4694 4786//4786 4689//4689
f 4695//4695 4690//4690 4697//4697
f 4696//4696 4697//4697 4690//4690
f 4699//4699 4786//4786 4698//4698
f 4698//4698 4786//4786 4693//4693
f 4786//4786 4699//4699 4585//4585
f 4786//4786 4694//4694 4693//4693
f 4585//4585 4793//4793 4786//4786
f 4695//4695 4701//4701 4577//4577
f 4695//4695 4697//4697 4701//4701
f 4584//4584 4585//4585 4699//4699
f 4585//4585 4700//4700 4793//4793
f 4585//4585 4707//4707 4700//4700
f 4706//4706 4701//4701 4697//4697
f 4697//4697 4696//4696 4706//4706
f 4704//4704 4702//4702 4701//4701
f 4702//4702 4704//4704 4703//4703
f 4701//4701 4708//4708 4704//4704
f 4705//4705 4708//4708 4701//4701
f 4701//4701 4706//4706 4705//4705
f 4710//4710 4707//4707 4585//4585
f 4703//4703 4704//4704 7675//7675
f 4711//4711 4704//4704 4708//4708
f 4705//4705 4706//4706 4708//4708
f 4706//4706 4709//4709 4708//4708
f 4708//4708 4600//4600 4711//4711
f 4886//4886 4712//4712 4709//4709
f 4713//4713 4708//4708 4709//4709
f 4709//4709 4712//4712 4713//4713
f 4714//4714 4712//4712 4886//4886
f 4714//4714 4720//4720 4712//4712
f 4602//4602 4603//4603 4718//4718
f 4597//4597 4602//4602 4718//4718
f 4710//4710 4597//4597 4899//4899
f 4715//4715 4708//4708 4713//4713
f 4713//4713 4716//4716 4715//4715
f 4713//4713 4712//4712 4716//4716
f 4716//4716 4712//4712 4719//4719
f 4719//4719 4712//4712 4720//4720
f 4716//4716 4719//4719 4605//4605
f 4610//4610 4723//4723 4611//4611
f 4603//4603 4717//4717 4718//4718
f 4797//4797 4718//4718 4717//4717
f 4717//4717 4723//4723 4797//4797
f 4720//4720 4617//4617 4719//4719
f 4721//4721 4615//4615 4722//4722
f 4721//4721 4723//4723 4610//4610
f 4723//4723 4721//4721 4722//4722
f 4723//4723 4802//4802 4797//4797
f 4722//4722 4802//4802 4723//4723
f 4615//4615 4616//4616 4724//4724
f 4616//4616 4614//4614 4724//4724
f 4724//4724 4725//4725 4615//4615
f 4615//4615 4725//4725 4722//4722
f 4725//4725 4802//4802 4722//4722
f 4726//4726 4908//4908 4806//4806
f 4724//4724 4808//4808 4725//4725
f 4806//4806 4728//4728 4726//4726
f 4727//4727 4624//4624 4808//4808
f 4724//4724 4727//4727 4808//4808
f 4624//4624 4729//4729 4808//4808
f 4729//4729 4730//4730 4808//4808
f 4730//4730 4729//4729 4816//4816
f 4728//4728 4741//4741 4745//4745
f 4741//4741 4728//4728 4737//4737
f 4625//4625 4626//4626 4732//4732
f 4626//4626 4628//4628 4732//4732
f 4729//4729 4625//4625 4731//4731
f 4729//4729 4731//4731 4733//4733
f 4625//4625 4732//4732 4731//4731
f 4731//4731 4732//4732 4733//4733
f 4729//4729 4733//4733 4734//4734
f 4816//4816 4729//4729 4734//4734
f 4734//4734 4743//4743 4827//4827
f 4732//4732 4742//4742 4735//4735
f 4734//4734 4733//4733 4735//4735
f 4733//4733 4732//4732 4735//4735
f 4734//4734 4735//4735 4743//4743
f 4743//4743 4634//4634 4827//4827
f 4737//4737 4738//4738 4740//4740
f 4737//4737 4740//4740 4741//4741
f 4738//4738 4739//4739 4744//4744
f 4738//4738 4744//4744 4745//4745
f 4736//4736 4744//4744 4739//4739
f 4741//4741 4740//4740 4745//4745
f 4745//4745 4740//4740 4738//4738
f 4745//4745 4483//4483 4728//4728
f 4732//4732 4631//4631 4742//4742
f 4735//4735 4742//4742 4743//4743
f 4631//4631 4634//4634 4742//4742
f 4742//4742 4634//4634 4743//4743
f 4747//4747 4830//4830 4833//4833
f 4830//4830 4747//4747 4736//4736
f 4748//4748 4736//4736 4747//4747
f 4833//4833 4755//4755 4747//4747
f 4745//4745 4744//4744 4748//4748
f 4748//4748 4744//4744 4736//4736
f 4494//4494 4746//4746 4634//4634
f 4834//4834 4746//4746 4835//4835
f 4840//4840 4496//4496 4839//4839
f 4639//4639 4745//4745 4748//4748
f 4748//4748 4638//4638 4639//4639
f 4841//4841 4746//4746 4494//4494
f 4746//4746 4841//4841 4835//4835
f 4842//4842 4759//4759 4844//4844
f 4844//4844 4762//4762 4845//4845
f 4763//4763 4749//4749 4762//4762
f 4762//4762 4749//4749 4846//4846
f 4751//4751 4749//4749 4750//4750
f 4750//4750 4749//4749 4752//4752
f 4763//4763 4752//4752 4749//4749
f 4753//4753 4764//4764 4636//4636
f 4848//4848 4750//4750 4764//4764
f 4848//4848 4764//4764 4753//4753
f 4636//4636 4849//4849 4836//4836
f 4636//4636 4836//4836 4753//4753
f 4636//4636 4754//4754 4849//4849
f 4496//4496 4840//4840 4754//4754
f 4516//4516 4765//4765 4839//4839
f 4765//4765 4828//4828 4839//4839
f 4755//4755 4765//4765 4650//4650
f 4828//4828 4765//4765 4755//4755
f 4638//4638 4748//4748 4747//4747
f 4643//4643 4841//4841 4494//4494
f 4756//4756 4841//4841 4643//4643
f 4756//4756 4643//4643 4758//4758
f 4756//4756 4950//4950 4841//4841
f 4757//4757 4760//4760 4761//4761
f 4757//4757 4756//4756 4760//4760
f 4842//4842 4757//4757 4761//4761
f 4645//4645 4759//4759 7676//7676
f 4758//4758 4766//4766 4760//4760
f 4756//4756 4758//4758 4760//4760
f 4759//4759 4760//4760 7676//7676
f 4761//4761 4760//4760 4759//4759
f 4759//4759 4842//4842 4761//4761
f 4646//4646 4759//4759 4645//4645
f 4763//4763 4759//4759 4646//4646
f 4759//4759 4763//4763 4762//4762
f 4759//4759 4762//4762 4844//4844
f 4752//4752 4648//4648 4750//4750
f 4648//4648 4752//4752 4763//4763
f 4648//4648 4764//4764 4750//4750
f 4764//4764 4648//4648 4636//4636
f 4754//4754 4637//4637 4496//4496
f 4637//4637 4754//4754 4636//4636
f 4766//4766 4758//4758 4643//4643
f 4645//4645 4766//4766 4644//4644
f 4657//4657 4853//4853 4767//4767
f 4657//4657 4851//4851 4852//4852
f 4853//4853 4768//4768 4767//4767
f 4655//4655 4767//4767 4768//4768
f 4853//4853 4657//4657 4852//4852
f 4957//4957 4532//4532 4854//4854
f 4668//4668 7674//7674 7678//7678
f 4670//4670 4775//4775 4671//4671
f 4665//4665 4673//4673 4856//4856
f 4854//4854 4665//4665 4856//4856
f 4769//4769 4857//4857 4780//4780
f 4855//4855 4769//4769 4666//4666
f 4669//4669 4770//4770 4781//4781
f 4670//4670 4771//4771 4775//4775
f 4771//4771 4669//4669 4772//4772
f 4772//4772 4669//4669 4773//4773
f 4669//4669 4774//4774 4773//4773
f 4771//4771 4772//4772 4776//4776
f 4776//4776 4775//4775 4771//4771
f 4671//4671 4777//4777 4672//4672
f 4777//4777 4671//4671 4775//4775
f 4775//4775 4776//4776 4777//4777
f 4782//4782 4777//4777 4776//4776
f 4551//4551 4783//4783 4778//4778
f 4779//4779 4676//4676 4675//4675
f 4857//4857 7679//7679 4780//4780
f 4689//4689 4786//4786 4787//4787
f 4689//4689 4787//4787 4770//4770
f 4781//4781 4770//4770 4787//4787
f 4669//4669 4781//4781 4774//4774
f 4781//4781 4787//4787 4774//4774
f 4773//4773 4774//4774 4870//4870
f 4773//4773 4870//4870 4772//4772
f 4870//4870 4871//4871 4772//4772
f 4776//4776 4858//4858 4782//4782
f 4776//4776 4772//4772 4858//4858
f 4777//4777 4696//4696 4672//4672
f 4860//4860 4777//4777 4782//4782
f 4863//4863 4696//4696 4777//4777
f 4783//4783 4972//4972 4778//4778
f 4788//4788 4563//4563 4789//4789
f 4684//4684 4789//4789 4563//4563
f 4785//4785 4790//4790 4784//4784
f 4789//4789 4784//4784 4790//4790
f 4554//4554 4785//4785 4784//4784
f 4785//4785 4554//4554 4676//4676
f 4676//4676 4779//4779 4785//4785
f 4869//4869 4779//4779 4675//4675
f 4774//4774 4787//4787 4791//4791
f 4787//4787 4786//4786 4791//4791
f 4870//4870 4774//4774 4791//4791
f 4973//4973 4683//4683 4874//4874
f 4683//4683 4788//4788 4874//4874
f 4786//4786 4793//4793 4791//4791
f 4707//4707 4887//4887 4700//4700
f 4700//4700 4887//4887 4793//4793
f 4887//4887 4794//4794 4793//4793
f 4791//4791 4793//4793 4794//4794
f 4792//4792 4886//4886 4696//4696
f 4886//4886 4792//4792 4883//4883
f 4696//4696 4886//4886 4706//4706
f 4706//4706 4886//4886 4709//4709
f 4898//4898 4707//4707 4795//4795
f 4795//4795 4707//4707 4710//4710
f 4710//4710 4796//4796 4795//4795
f 4710//4710 4899//4899 4796//4796
f 4597//4597 4718//4718 4899//4899
f 4898//4898 4795//4795 4796//4796
f 4899//4899 4718//4718 4801//4801
f 4895//4895 4908//4908 4714//4714
f 4797//4797 4802//4802 4903//4903
f 4797//4797 4903//4903 4718//4718
f 4798//4798 4718//4718 4799//4799
f 4799//4799 4718//4718 4803//4803
f 4801//4801 4718//4718 4798//4798
f 4799//4799 4800//4800 4798//4798
f 4798//4798 4905//4905 4801//4801
f 4800//4800 4905//4905 4798//4798
f 4799//4799 4803//4803 4800//4800
f 4905//4905 4899//4899 4801//4801
f 4714//4714 4908//4908 4720//4720
f 4802//4802 4725//4725 4804//4804
f 4910//4910 4803//4803 4718//4718
f 4718//4718 4903//4903 4910//4910
f 4725//4725 4809//4809 4804//4804
f 4909//4909 4903//4903 4802//4802
f 4804//4804 4805//4805 4802//4802
f 4805//4805 4804//4804 4809//4809
f 4805//4805 4809//4809 4909//4909
f 4806//4806 4908//4908 4807//4807
f 4814//4814 4806//4806 4807//4807
f 4725//4725 4808//4808 4809//4809
f 4807//4807 4810//4810 4811//4811
f 4807//4807 4811//4811 4812//4812
f 4821//4821 4810//4810 4931//4931
f 4728//4728 4806//4806 4814//4814
f 4812//4812 4813//4813 4814//4814
f 4810//4810 4821//4821 4811//4811
f 4812//4812 4811//4811 4813//4813
f 4812//4812 4814//4814 4807//4807
f 4809//4809 4808//4808 4817//4817
f 4821//4821 4813//4813 4811//4811
f 4821//4821 4824//4824 4813//4813
f 4728//4728 4814//4814 4737//4737
f 4814//4814 4813//4813 4737//4737
f 4737//4737 4813//4813 4738//4738
f 4808//4808 4815//4815 4817//4817
f 4730//4730 4815//4815 4808//4808
f 4815//4815 4730//4730 4816//4816
f 4815//4815 4816//4816 4817//4817
f 4816//4816 4734//4734 4827//4827
f 4817//4817 4816//4816 4827//4827
f 4817//4817 4827//4827 4818//4818
f 4809//4809 4817//4817 4818//4818
f 4827//4827 4941//4941 4818//4818
f 4933//4933 4818//4818 4941//4941
f 4809//4809 4818//4818 4933//4933
f 4822//4822 4940//4940 4819//4819
f 4821//4821 4825//4825 4824//4824
f 4821//4821 4820//4820 4825//4825
f 4940//4940 4820//4820 4821//4821
f 4940//4940 4822//4822 4820//4820
f 4823//4823 4822//4822 4819//4819
f 4946//4946 4823//4823 4819//4819
f 4829//4829 4823//4823 4946//4946
f 4813//4813 4824//4824 4738//4738
f 4825//4825 4738//4738 4824//4824
f 4739//4739 4738//4738 4825//4825
f 4736//4736 4739//4739 4825//4825
f 4820//4820 4826//4826 4825//4825
f 4820//4820 4822//4822 4826//4826
f 4736//4736 4825//4825 4826//4826
f 4941//4941 4827//4827 4634//4634
f 4941//4941 4634//4634 4831//4831
f 4945//4945 4833//4833 4829//4829
f 4945//4945 4828//4828 4833//4833
f 4736//4736 4823//4823 4830//4830
f 4829//4829 4830//4830 4823//4823
f 4823//4823 4826//4826 4822//4822
f 4736//4736 4826//4826 4823//4823
f 4833//4833 4828//4828 4832//4832
f 4829//4829 4833//4833 4830//4830
f 4831//4831 4634//4634 4834//4834
f 4834//4834 4634//4634 4746//4746
f 4839//4839 4838//4838 4840//4840
f 4954//4954 4839//4839 4828//4828
f 4833//4833 4832//4832 4755//4755
f 4755//4755 4832//4832 4828//4828
f 4834//4834 4835//4835 4831//4831
f 4831//4831 4835//4835 4950//4950
f 4835//4835 4841//4841 4950//4950
f 4950//4950 4843//4843 4956//4956
f 4847//4847 4956//4956 4846//4846
f 4956//4956 4847//4847 4848//4848
f 4837//4837 4848//4848 4753//4753
f 4753//4753 4836//4836 4837//4837
f 4837//4837 4956//4956 4848//4848
f 4947//4947 4849//4849 4838//4838
f 4849//4849 4947//4947 4836//4836
f 4838//4838 4849//4849 4840//4840
f 4840//4840 4849//4849 4754//4754
f 4843//4843 4844//4844 4845//4845
f 4843//4843 4842//4842 4844//4844
f 4950//4950 4842//4842 4843//4843
f 4845//4845 4762//4762 4843//4843
f 4843//4843 4762//4762 4846//4846
f 4846//4846 4956//4956 4843//4843
f 4846//4846 4749//4749 4847//4847
f 4847//4847 4751//4751 4750//4750
f 4750//4750 4848//4848 4847//4847
f 4751//4751 4847//4847 4749//4749
f 4950//4950 4756//4756 4842//4842
f 4757//4757 4842//4842 4756//4756
f 4850//4850 4532//4532 4957//4957
f 4850//4850 4656//4656 4532//4532
f 4856//4856 5089//5089 4854//4854
f 4856//4856 4960//4960 4959//4959
f 4856//4856 4673//4673 4960//4960
f 4960//4960 4673//4673 4778//4778
f 4961//4961 4857//4857 7677//7677
f 4769//4769 4855//4855 4962//4962
f 4860//4860 4782//4782 4858//4858
f 4785//4785 4779//4779 4866//4866
f 4869//4869 4866//4866 4779//4779
f 4857//4857 4964//4964 7679//7679
f 4961//4961 7677//7677 4962//4962
f 4859//4859 4772//4772 4871//4871
f 4858//4858 4772//4772 4859//4859
f 4858//4858 4859//4859 4860//4860
f 4861//4861 4859//4859 4878//4878
f 4861//4861 4860//4860 4859//4859
f 4861//4861 4878//4878 4860//4860
f 4860//4860 4878//4878 4862//4862
f 4863//4863 4777//4777 4860//4860
f 4860//4860 4862//4862 4863//4863
f 4863//4863 4862//4862 4872//4872
f 4696//4696 4863//4863 4792//4792
f 4872//4872 4873//4873 4863//4863
f 4778//4778 4972//4972 4966//4966
f 4783//4783 4683//4683 4973//4973
f 4788//4788 4789//4789 4865//4865
f 4790//4790 4864//4864 4865//4865
f 4790//4790 4865//4865 4789//4789
f 4865//4865 4864//4864 4968//4968
f 4968//4968 4864//4864 4867//4867
f 4868//4868 4963//4963 4867//4867
f 4968//4968 4867//4867 4963//4963
f 4790//4790 4785//4785 4867//4867
f 4785//4785 4866//4866 4867//4867
f 4790//4790 4867//4867 4864//4864
f 4867//4867 4866//4866 4868//4868
f 4868//4868 4866//4866 4869//4869
f 4876//4876 4870//4870 4791//4791
f 4870//4870 4876//4876 4877//4877
f 4862//4862 4878//4878 4872//4872
f 4870//4870 4969//4969 4871//4871
f 4873//4873 4792//4792 4863//4863
f 4873//4873 4882//4882 4792//4792
f 4872//4872 4881//4881 4873//4873
f 4884//4884 4883//4883 4792//4792
f 4875//4875 4874//4874 4788//4788
f 4967//4967 4875//4875 4788//4788
f 4967//4967 4788//4788 4968//4968
f 4788//4788 4865//4865 4968//4968
f 4794//4794 4888//4888 4791//4791
f 4791//4791 4971//4971 4876//4876
f 4969//4969 4879//4879 4871//4871
f 4876//4876 4971//4971 4877//4877
f 4971//4971 4970//4970 4877//4877
f 4870//4870 4877//4877 4969//4969
f 4971//4971 4986//4986 4970//4970
f 4871//4871 4880//4880 4859//4859
f 4880//4880 4871//4871 4879//4879
f 4872//4872 4878//4878 4881//4881
f 4979//4979 4880//4880 4879//4879
f 4881//4881 4878//4878 4981//4981
f 4878//4878 4859//4859 4880//4880
f 4878//4878 4880//4880 4981//4981
f 4979//4979 4879//4879 4969//4969
f 4881//4881 4882//4882 4873//4873
f 4792//4792 4882//4882 4884//4884
f 4881//4881 4982//4982 4882//4882
f 4893//4893 4884//4884 4885//4885
f 4884//4884 4882//4882 4885//4885
f 4890//4890 4886//4886 4883//4883
f 4884//4884 4890//4890 4883//4883
f 4887//4887 4983//4983 4794//4794
f 4794//4794 4983//4983 4889//4889
f 4791//4791 4888//4888 4971//4971
f 4889//4889 4888//4888 4794//4794
f 4882//4882 4892//4892 4885//4885
f 4982//4982 4892//4892 4882//4882
f 4714//4714 4886//4886 4890//4890
f 4884//4884 4893//4893 4890//4890
f 4893//4893 4885//4885 4891//4891
f 4891//4891 4892//4892 4893//4893
f 4892//4892 4895//4895 4893//4893
f 4885//4885 4892//4892 4891//4891
f 4887//4887 4894//4894 4897//4897
f 4887//4887 4707//4707 4894//4894
f 4894//4894 4707//4707 4896//4896
f 4897//4897 4983//4983 4887//4887
f 4890//4890 4893//4893 4714//4714
f 4895//4895 4714//4714 4893//4893
f 4897//4897 4894//4894 4896//4896
f 4896//4896 4707//4707 4898//4898
f 4895//4895 4892//4892 4908//4908
f 4908//4908 4892//4892 5013//5013
f 4900//4900 4796//4796 4899//4899
f 4796//4796 4900//4900 4898//4898
f 4898//4898 4900//4900 5015//5015
f 4803//4803 4905//4905 4800//4800
f 4902//4902 4899//4899 4901//4901
f 4899//4899 4905//4905 4901//4901
f 4900//4900 4899//4899 5036//5036
f 4899//4899 4902//4902 7685//7685
f 4902//4902 4907//4907 7685//7685
f 4901//4901 4905//4905 4906//4906
f 4902//4902 4901//4901 4906//4906
f 4803//4803 4910//4910 4904//4904
f 4803//4803 4904//4904 4905//4905
f 4905//4905 4904//4904 4912//4912
f 4910//4910 4912//4912 4904//4904
f 4905//4905 4912//4912 4906//4906
f 4902//4902 4906//4906 4907//4907
f 4907//4907 4906//4906 5033//5033
f 4906//4906 4912//4912 5033//5033
f 4914//4914 4908//4908 5013//5013
f 5013//5013 5046//5046 4914//4914
f 4807//4807 4908//4908 4810//4810
f 4805//4805 4909//4909 4802//4802
f 4911//4911 4903//4903 4909//4909
f 4910//4910 4903//4903 4911//4911
f 4911//4911 4912//4912 4910//4910
f 4921//4921 4912//4912 4911//4911
f 4921//4921 4913//4913 4912//4912
f 4913//4913 4921//4921 4927//4927
f 5046//5046 4915//4915 4914//4914
f 5046//5046 5055//5055 4929//4929
f 5046//5046 4929//4929 4915//4915
f 4944//4944 4930//4930 5055//5055
f 7681//7681 4929//4929 5055//5055
f 4914//4914 4916//4916 4908//4908
f 4928//4928 4916//4916 4914//4914
f 4929//4929 4914//4914 4915//4915
f 4914//4914 4929//4929 4928//4928
f 4908//4908 4917//4917 4810//4810
f 4810//4810 4917//4917 4919//4919
f 4919//4919 4917//4917 4908//4908
f 4916//4916 4919//4919 4908//4908
f 4916//4916 4918//4918 4919//4919
f 4918//4918 4928//4928 4919//4919
f 4916//4916 4928//4928 4918//4918
f 4909//4909 4933//4933 4920//4920
f 4911//4911 4922//4922 4921//4921
f 4911//4911 4909//4909 4920//4920
f 4911//4911 4920//4920 4922//4922
f 4921//4921 4922//4922 4923//4923
f 4926//4926 4922//4922 4920//4920
f 4923//4923 4924//4924 4925//4925
f 4926//4926 4923//4923 4922//4922
f 4932//4932 4923//4923 4926//4926
f 4923//4923 4932//4932 4935//4935
f 4924//4924 4923//4923 4935//4935
f 4925//4925 4921//4921 4923//4923
f 4921//4921 4925//4925 4927//4927
f 4925//4925 4924//4924 4927//4927
f 4933//4933 7680//7680 4920//4920
f 4924//4924 4935//4935 4927//4927
f 4913//4913 4927//4927 5047//5047
f 5047//5047 4927//4927 5077//5077
f 4929//4929 7681//7681 4938//4938
f 4929//4929 4937//4937 4928//4928
f 4929//4929 4939//4939 4937//4937
f 4938//4938 4939//4939 4929//4929
f 4919//4919 4931//4931 4810//4810
f 4933//4933 4909//4909 4809//4809
f 4926//4926 4934//4934 4932//4932
f 4934//4934 4935//4935 4932//4932
f 4933//4933 4941//4941 4934//4934
f 4934//4934 7680//7680 4933//4933
f 4935//4935 4934//4934 4936//4936
f 4935//4935 4936//4936 4927//4927
f 4936//4936 4942//4942 4927//4927
f 4945//4945 4938//4938 7681//7681
f 4944//4944 4945//4945 4930//4930
f 4919//4919 4928//4928 4940//4940
f 4928//4928 4946//4946 4940//4940
f 4946//4946 4928//4928 4937//4937
f 4937//4937 4939//4939 4946//4946
f 4939//4939 4938//4938 4829//4829
f 4821//4821 4931//4931 4940//4940
f 4931//4931 4919//4919 4940//4940
f 4829//4829 4946//4946 4939//4939
f 4936//4936 4934//4934 4941//4941
f 4936//4936 4941//4941 4831//4831
f 4831//4831 4942//4942 4936//4936
f 4927//4927 4950//4950 5077//5077
f 4943//4943 4949//4949 5062//5062
f 5062//5062 4949//4949 5076//5076
f 4945//4945 4829//4829 4938//4938
f 4949//4949 4944//4944 5076//5076
f 4940//4940 4946//4946 4819//4819
f 4942//4942 4831//4831 4950//4950
f 4942//4942 4950//4950 4927//4927
f 5077//5077 4952//4952 5084//5084
f 5086//5086 4838//4838 5085//5085
f 5086//5086 4947//4947 4838//4838
f 5085//5085 4838//4838 4839//4839
f 4948//4948 5085//5085 4839//4839
f 7682//7682 4839//4839 4954//4954
f 5083//5083 7682//7682 4954//4954
f 5083//5083 4954//4954 4943//4943
f 4943//4943 4954//4954 4949//4949
f 4949//4949 4954//4954 4828//4828
f 4944//4944 4828//4828 4945//4945
f 4944//4944 4949//4949 4828//4828
f 4952//4952 5077//5077 4951//4951
f 5077//5077 4950//4950 4951//4951
f 4951//4951 4950//4950 4956//4956
f 4953//4953 4836//4836 4952//4952
f 4952//4952 4951//4951 4953//4953
f 4952//4952 4836//4836 5084//5084
f 4955//4955 4953//4953 4951//4951
f 4955//4955 4837//4837 4953//4953
f 4953//4953 4837//4837 4836//4836
f 5079//5079 5084//5084 4947//4947
f 5084//5084 4836//4836 4947//4947
f 4956//4956 4837//4837 4955//4955
f 4956//4956 4955//4955 4951//4951
f 4850//4850 4958//4958 4656//4656
f 4958//4958 4851//4851 4656//4656
f 4852//4852 4851//4851 4958//4958
f 4853//4853 4852//4852 5095//5095
f 4853//4853 5095//5095 4768//4768
f 4852//4852 4958//4958 5095//5095
f 4768//4768 5088//5088 4662//4662
f 4768//4768 5095//5095 5088//5088
f 4959//4959 5089//5089 4856//4856
f 7674//7674 5088//5088 7678//7678
f 4854//4854 5089//5089 5097//5097
f 4857//4857 4961//4961 4962//4962
f 4964//4964 4963//4963 7679//7679
f 4869//4869 4963//4963 4868//4868
f 4964//4964 4857//4857 4965//4965
f 4857//4857 4962//4962 4965//4965
f 4973//4973 4972//4972 4783//4783
f 4973//4973 4874//4874 4974//4974
f 4969//4969 4877//4877 4978//4978
f 4981//4981 4982//4982 4881//4881
f 4874//4874 4875//4875 4974//4974
f 4976//4976 4975//4975 4875//4875
f 4975//4975 4976//4976 5094//5094
f 4975//4975 4974//4974 4875//4875
f 5094//5094 4974//4974 4975//4975
f 4976//4976 4875//4875 4967//4967
f 4968//4968 4976//4976 4967//4967
f 4971//4971 4888//4888 4977//4977
f 4985//4985 4977//4977 4888//4888
f 4889//4889 4985//4985 4888//4888
f 4971//4971 4977//4977 4986//4986
f 4992//4992 4986//4986 4977//4977
f 4970//4970 7683//7683 4877//4877
f 7683//7683 4970//4970 4986//4986
f 4986//4986 4993//4993 7683//7683
f 4987//4987 4981//4981 4979//4979
f 4979//4979 4969//4969 4980//4980
f 4979//4979 4981//4981 4880//4880
f 4969//4969 4978//4978 4980//4980
f 4979//4979 4980//4980 4987//4987
f 4995//4995 4980//4980 4978//4978
f 4981//4981 4987//4987 4982//4982
f 4889//4889 4983//4983 4984//4984
f 4983//4983 4989//4989 4984//4984
f 4977//4977 4985//4985 4992//4992
f 4985//4985 4889//4889 4992//4992
f 4993//4993 4986//4986 4992//4992
f 4980//4980 4995//4995 4987//4987
f 4994//4994 7683//7683 4993//4993
f 4982//4982 4987//4987 4995//4995
f 4982//4982 4995//4995 4892//4892
f 4983//4983 4897//4897 4988//4988
f 4897//4897 4896//4896 4988//4988
f 4989//4989 4983//4983 4990//4990
f 4990//4990 4983//4983 4988//4988
f 4988//4988 4997//4997 4990//4990
f 4989//4989 4996//4996 4984//4984
f 4990//4990 4997//4997 4998//4998
f 4990//4990 4998//4998 4989//4989
f 4996//4996 4989//4989 4998//4998
f 4889//4889 4984//4984 4991//4991
f 4984//4984 4996//4996 4991//4991
f 4992//4992 4889//4889 4991//4991
f 4993//4993 5002//5002 4994//4994
f 4994//4994 5005//5005 7683//7683
f 4995//4995 7683//7683 5005//5005
f 4994//4994 5002//5002 5005//5005
f 4892//4892 4995//4995 5013//5013
f 4988//4988 4896//4896 5016//5016
f 4896//4896 4898//4898 5016//5016
f 4988//4988 5016//5016 4997//4997
f 4996//4996 4999//4999 4991//4991
f 4996//4996 4998//4998 5000//5000
f 5000//5000 4998//4998 5001//5001
f 4998//4998 4997//4997 5001//5001
f 4991//4991 4999//4999 5020//5020
f 4991//4991 5020//5020 4992//4992
f 4996//4996 5000//5000 4999//4999
f 5018//5018 5022//5022 4999//4999
f 5022//5022 5020//5020 4999//4999
f 5018//5018 4999//4999 5000//5000
f 5000//5000 5001//5001 5018//5018
f 4993//4993 5003//5003 5002//5002
f 5020//5020 5004//5004 4992//4992
f 5003//5003 4993//4993 4992//4992
f 5003//5003 4992//4992 5004//5004
f 5005//5005 5006//5006 5007//5007
f 5013//5013 5005//5005 5007//5007
f 5005//5005 5008//5008 5006//5006
f 5006//5006 5009//5009 5007//5007
f 5008//5008 5009//5009 5006//5006
f 5009//5009 5013//5013 5007//5007
f 5014//5014 5009//5009 5011//5011
f 5002//5002 5010//5010 5008//5008
f 5005//5005 5002//5002 5008//5008
f 5008//5008 5010//5010 5009//5009
f 5009//5009 5010//5010 5011//5011
f 5012//5012 5010//5010 5002//5002
f 5010//5010 5056//5056 5011//5011
f 5011//5011 5056//5056 5014//5014
f 5010//5010 5012//5012 5056//5056
f 5012//5012 5002//5002 5003//5003
f 5025//5025 5012//5012 5003//5003
f 5003//5003 5004//5004 7684//7684
f 5005//5005 5013//5013 4995//4995
f 5009//5009 5014//5014 5013//5013
f 5013//5013 5014//5014 5056//5056
f 5016//5016 4898//4898 5015//5015
f 5027//5027 5016//5016 5015//5015
f 5016//5016 5028//5028 4997//4997
f 5001//5001 4997//4997 5017//5017
f 4997//4997 5028//5028 5017//5017
f 5001//5001 5017//5017 5019//5019
f 5001//5001 5019//5019 5018//5018
f 5018//5018 5019//5019 5021//5021
f 5019//5019 5023//5023 5021//5021
f 5019//5019 5017//5017 5023//5023
f 5028//5028 5029//5029 5017//5017
f 5017//5017 5029//5029 5023//5023
f 5022//5022 5018//5018 5021//5021
f 5030//5030 5021//5021 5023//5023
f 5021//5021 5030//5030 5022//5022
f 5025//5025 5024//5024 5012//5012
f 5025//5025 5026//5026 5024//5024
f 5045//5045 5020//5020 5022//5022
f 5026//5026 7684//7684 5004//5004
f 5056//5056 5012//5012 5024//5024
f 5024//5024 5026//5026 5056//5056
f 5004//5004 5020//5020 5026//5026
f 5036//5036 5015//5015 4900//4900
f 5015//5015 5036//5036 5040//5040
f 5036//5036 5042//5042 5040//5040
f 5015//5015 5040//5040 5043//5043
f 5015//5015 5043//5043 5027//5027
f 5016//5016 5027//5027 5028//5028
f 5030//5030 5023//5023 5029//5029
f 5054//5054 5045//5045 5022//5022
f 5030//5030 5029//5029 5031//5031
f 5030//5030 5031//5031 5054//5054
f 5031//5031 5029//5029 5028//5028
f 5031//5031 5028//5028 5044//5044
f 5031//5031 5044//5044 5054//5054
f 5054//5054 5022//5022 5030//5030
f 5026//5026 5020//5020 5032//5032
f 5020//5020 5045//5045 5032//5032
f 5026//5026 5032//5032 5056//5056
f 5032//5032 5045//5045 5056//5056
f 5056//5056 5046//5046 5013//5013
f 4907//4907 5033//5033 5034//5034
f 4907//4907 5034//5034 7685//7685
f 5033//5033 4912//4912 5035//5035
f 5033//5033 5035//5035 5034//5034
f 4913//4913 5035//5035 4912//4912
f 7685//7685 5034//5034 5037//5037
f 5037//5037 5041//5041 7685//7685
f 5037//5037 5034//5034 5038//5038
f 5041//5041 5037//5037 5039//5039
f 5035//5035 7686//7686 5034//5034
f 5037//5037 5038//5038 5039//5039
f 4913//4913 7686//7686 5035//5035
f 5038//5038 5047//5047 5039//5039
f 5042//5042 5036//5036 5041//5041
f 5043//5043 5040//5040 5049//5049
f 5040//5040 5042//5042 5049//5049
f 5043//5043 5049//5049 5064//5064
f 5043//5043 7687//7687 5027//5027
f 5028//5028 5027//5027 5051//5051
f 5052//5052 5051//5051 5027//5027
f 5051//5051 5044//5044 5028//5028
f 5051//5051 5060//5060 5044//5044
f 5044//5044 5062//5062 5054//5054
f 5045//5045 5054//5054 5056//5056
f 4913//4913 5047//5047 7686//7686
f 5041//5041 5039//5039 5048//5048
f 5039//5039 5047//5047 5048//5048
f 5048//5048 5047//5047 5077//5077
f 5041//5041 5048//5048 5042//5042
f 7687//7687 5052//5052 5027//5027
f 5058//5058 5042//5042 5048//5048
f 5049//5049 5042//5042 5050//5050
f 5050//5050 5042//5042 5058//5058
f 5062//5062 5044//5044 5061//5061
f 5061//5061 5044//5044 5053//5053
f 5053//5053 5060//5060 5072//5072
f 5044//5044 5060//5060 5053//5053
f 5063//5063 5056//5056 5054//5054
f 5056//5056 5055//5055 5046//5046
f 5063//5063 5055//5055 5056//5056
f 5048//5048 5077//5077 5057//5057
f 5057//5057 5058//5058 5048//5048
f 5050//5050 5058//5058 5059//5059
f 5050//5050 5059//5059 5049//5049
f 5059//5059 5064//5064 5049//5049
f 5052//5052 5065//5065 5060//5060
f 5052//5052 7687//7687 5065//5065
f 5052//5052 5060//5060 5051//5051
f 5065//5065 5073//5073 5060//5060
f 5053//5053 5075//5075 5061//5061
f 5053//5053 5072//5072 5075//5075
f 5054//5054 5062//5062 5063//5063
f 5062//5062 5061//5061 5075//5075
f 5063//5063 4944//4944 5055//5055
f 4944//4944 5063//5063 7689//7689
f 5076//5076 5063//5063 5062//5062
f 5057//5057 5069//5069 5058//5058
f 5069//5069 5057//5057 5077//5077
f 5059//5059 5058//5058 5067//5067
f 5059//5059 5068//5068 5064//5064
f 5058//5058 5069//5069 5067//5067
f 5059//5059 5067//5067 5068//5068
f 5078//5078 5064//5064 5066//5066
f 5068//5068 5066//5066 5064//5064
f 5066//5066 5071//5071 5078//5078
f 5069//5069 5079//5079 5070//5070
f 5068//5068 5067//5067 5070//5070
f 5066//5066 5068//5068 5071//5071
f 5071//5071 5068//5068 5070//5070
f 5067//5067 5069//5069 5070//5070
f 5071//5071 5070//5070 5079//5079
f 7687//7687 5078//5078 5065//5065
f 5065//5065 5078//5078 5080//5080
f 5060//5060 5073//5073 5072//5072
f 5065//5065 5080//5080 5073//5073
f 5072//5072 5073//5073 5081//5081
f 5080//5080 5081//5081 5073//5073
f 7688//7688 7690//7690 5074//5074
f 5075//5075 5072//5072 5074//5074
f 5062//5062 5075//5075 4943//4943
f 5075//5075 5074//5074 5083//5083
f 5077//5077 5084//5084 5069//5069
f 5069//5069 5084//5084 5079//5079
f 5078//5078 5071//5071 5079//5079
f 5079//5079 5081//5081 5080//5080
f 5080//5080 5078//5078 5079//5079
f 7691//7691 5085//5085 4948//4948
f 7682//7682 5082//5082 7690//7690
f 5074//5074 7690//7690 5082//5082
f 5083//5083 5074//5074 5082//5082
f 7682//7682 5083//5083 5082//5082
f 5075//5075 5083//5083 4943//4943
f 5079//5079 4947//4947 5081//5081
f 5081//5081 4947//4947 5086//5086
f 5086//5086 5085//5085 7691//7691
f 4957//4957 5106//5106 5105//5105
f 4957//4957 5105//5105 5087//5087
f 5087//5087 4850//4850 4957//4957
f 5087//5087 5096//5096 4850//4850
f 5096//5096 4958//4958 4850//4850
f 4957//4957 4854//4854 5106//5106
f 5108//5108 5088//5088 5095//5095
f 5097//5097 5106//5106 4854//4854
f 5088//5088 5098//5098 7678//7678
f 4962//4962 4855//4855 7692//7692
f 4966//4966 5103//5103 4960//4960
f 4778//4778 4966//4966 4960//4960
f 4962//4962 5090//5090 4965//4965
f 5103//5103 5099//5099 4960//4960
f 4963//4963 5091//5091 4968//4968
f 5091//5091 4965//4965 5093//5093
f 4964//4964 5091//5091 4963//4963
f 5091//5091 4964//4964 4965//4965
f 5092//5092 5093//5093 4965//4965
f 5090//5090 5092//5092 4965//4965
f 5103//5103 4966//4966 4972//4972
f 4976//4976 4968//4968 5091//5091
f 4976//4976 5091//5091 5124//5124
f 4973//4973 5104//5104 4972//4972
f 5103//5103 4972//4972 5104//5104
f 4974//4974 5104//5104 4973//4973
f 5096//5096 5107//5107 4958//4958
f 5133//5133 5087//5087 5105//5105
f 5133//5133 5096//5096 5087//5087
f 5107//5107 5096//5096 5133//5133
f 5107//5107 5135//5135 4958//4958
f 5135//5135 5095//5095 4958//4958
f 5095//5095 5135//5135 5108//5108
f 5140//5140 5106//5106 5097//5097
f 4959//4959 5114//5114 5089//5089
f 5089//5089 5114//5114 5109//5109
f 5089//5089 5109//5109 5097//5097
f 5112//5112 5090//5090 4962//4962
f 5111//5111 5112//5112 5098//5098
f 5088//5088 5111//5111 5098//5098
f 7692//7692 5112//5112 4962//4962
f 5101//5101 5115//5115 4959//4959
f 5112//5112 5117//5117 5090//5090
f 5100//5100 4959//4959 4960//4960
f 5101//5101 4959//4959 5100//5100
f 5100//5100 4960//4960 5099//5099
f 5100//5100 5143//5143 5101//5101
f 5143//5143 5115//5115 5101//5101
f 5092//5092 5102//5102 5093//5093
f 5092//5092 5117//5117 5102//5102
f 5090//5090 5117//5117 5092//5092
f 5117//5117 5120//5120 5102//5102
f 5122//5122 5120//5120 5117//5117
f 5118//5118 5103//5103 5222//5222
f 5103//5103 5118//5118 5099//5099
f 5124//5124 5091//5091 5093//5093
f 5123//5123 5124//5124 5093//5093
f 5093//5093 5102//5102 5123//5123
f 5123//5123 5102//5102 5119//5119
f 5153//5153 5104//5104 5154//5154
f 5154//5154 5104//5104 5125//5125
f 5126//5126 5104//5104 4974//4974
f 5127//5127 5126//5126 4974//4974
f 4974//4974 5094//5094 5128//5128
f 5126//5126 5125//5125 5104//5104
f 5106//5106 5195//5195 5105//5105
f 5140//5140 5195//5195 5106//5106
f 5107//5107 5133//5133 5134//5134
f 5135//5135 5165//5165 5108//5108
f 5111//5111 5088//5088 5108//5108
f 5109//5109 5138//5138 5097//5097
f 5112//5112 5111//5111 5110//5110
f 4959//4959 5115//5115 5113//5113
f 5114//5114 5113//5113 5116//5116
f 5113//5113 5114//5114 4959//4959
f 5138//5138 5139//5139 5097//5097
f 5097//5097 5139//5139 5140//5140
f 5110//5110 5151//5151 5112//5112
f 5099//5099 5118//5118 5100//5100
f 5100//5100 5118//5118 5143//5143
f 5116//5116 5113//5113 5142//5142
f 5114//5114 5116//5116 5142//5142
f 5115//5115 5142//5142 5113//5113
f 5117//5117 5112//5112 5151//5151
f 5119//5119 5147//5147 5149//5149
f 5121//5121 5119//5119 5102//5102
f 5102//5102 5120//5120 5121//5121
f 5120//5120 5122//5122 5121//5121
f 5119//5119 5121//5121 5122//5122
f 5147//5147 5119//5119 5122//5122
f 5145//5145 5144//5144 5150//5150
f 5122//5122 5144//5144 5145//5145
f 5117//5117 5144//5144 5122//5122
f 5146//5146 5122//5122 5145//5145
f 5122//5122 5146//5146 5147//5147
f 5222//5222 5103//5103 5152//5152
f 5119//5119 5223//5223 5123//5123
f 5152//5152 5103//5103 5104//5104
f 5153//5153 5152//5152 5104//5104
f 4974//4974 5128//5128 5127//5127
f 5128//5128 5094//5094 5132//5132
f 4976//4976 5124//5124 5094//5094
f 5094//5094 5124//5124 5159//5159
f 5241//5241 5154//5154 5125//5125
f 5127//5127 5128//5128 5132//5132
f 5127//5127 5132//5132 5130//5130
f 5127//5127 5129//5129 5126//5126
f 5127//5127 5130//5130 5129//5129
f 5131//5131 5126//5126 5129//5129
f 5132//5132 5129//5129 5130//5130
f 5131//5131 5129//5129 5155//5155
f 5129//5129 5132//5132 5155//5155
f 5132//5132 5094//5094 5158//5158
f 5094//5094 5159//5159 5158//5158
f 5155//5155 5126//5126 5131//5131
f 5126//5126 5155//5155 5163//5163
f 5135//5135 5257//5257 5165//5165
f 5105//5105 5196//5196 5133//5133
f 5134//5134 5164//5164 5107//5107
f 5196//5196 5134//5134 5133//5133
f 5111//5111 5108//5108 5137//5137
f 5165//5165 5137//5137 5108//5108
f 5137//5137 5136//5136 5111//5111
f 5137//5137 5165//5165 5136//5136
f 5138//5138 5109//5109 5193//5193
f 5136//5136 5141//5141 5111//5111
f 5151//5151 5110//5110 5212//5212
f 5143//5143 5142//5142 5115//5115
f 5142//5142 5143//5143 5208//5208
f 5189//5189 5114//5114 5142//5142
f 5142//5142 5208//5208 5189//5189
f 5117//5117 5151//5151 5144//5144
f 5212//5212 5213//5213 5151//5151
f 5118//5118 5216//5216 5143//5143
f 5147//5147 5150//5150 5149//5149
f 5148//5148 5145//5145 5150//5150
f 5146//5146 5145//5145 5148//5148
f 5146//5146 5148//5148 5147//5147
f 5150//5150 5147//5147 5148//5148
f 5144//5144 5151//5151 5150//5150
f 5213//5213 5150//5150 5151//5151
f 5222//5222 7699//7699 5118//5118
f 5150//5150 5223//5223 5149//5149
f 5119//5119 5149//5149 5223//5223
f 5220//5220 5150//5150 5213//5213
f 5152//5152 5284//5284 5222//5222
f 5152//5152 5224//5224 5284//5284
f 5153//5153 5287//5287 5152//5152
f 5236//5236 5153//5153 5154//5154
f 5236//5236 5235//5235 5153//5153
f 5242//5242 5154//5154 5241//5241
f 5126//5126 5245//5245 5125//5125
f 5242//5242 5236//5236 5154//5154
f 5245//5245 5241//5241 5125//5125
f 5155//5155 5157//5157 5156//5156
f 5156//5156 7693//7693 5155//5155
f 5155//5155 5132//5132 5157//5157
f 5157//5157 5132//5132 5158//5158
f 5158//5158 5156//5156 5157//5157
f 5158//5158 5254//5254 5156//5156
f 5158//5158 5159//5159 5254//5254
f 5162//5162 5160//5160 5126//5126
f 5126//5126 5160//5160 5245//5245
f 5162//5162 5126//5126 5161//5161
f 5163//5163 5161//5161 5126//5126
f 5247//5247 5161//5161 5163//5163
f 5161//5161 5244//5244 5162//5162
f 5248//5248 5244//5244 5161//5161
f 7705//7705 5248//5248 5161//5161
f 7693//7693 5156//5156 5251//5251
f 5164//5164 5173//5173 5180//5180
f 5168//5168 5164//5164 5134//5134
f 5173//5173 5164//5164 5168//5168
f 5107//5107 5182//5182 5135//5135
f 5166//5166 5136//5136 5165//5165
f 5195//5195 5167//5167 5105//5105
f 5167//5167 5195//5195 5196//5196
f 5134//5134 5196//5196 5260//5260
f 5260//5260 5168//5168 5134//5134
f 5200//5200 5199//5199 5169//5169
f 7694//7694 7698//7698 5204//5204
f 5198//5198 5200//5200 5170//5170
f 5169//5169 5170//5170 5200//5200
f 5170//5170 5171//5171 5178//5178
f 7694//7694 5171//5171 5170//5170
f 5177//5177 5171//5171 5172//5172
f 5172//5172 5171//5171 7694//7694
f 5204//5204 5172//5172 7694//7694
f 5170//5170 5178//5178 5197//5197
f 5197//5197 5198//5198 5170//5170
f 5174//5174 5173//5173 5168//5168
f 5173//5173 5174//5174 5175//5175
f 5173//5173 5175//5175 7696//7696
f 7696//7696 5175//5175 5181//5181
f 5174//5174 5176//5176 5177//5177
f 5174//5174 5177//5177 7695//7695
f 7695//7695 5177//5177 5172//5172
f 7695//7695 5172//5172 5181//5181
f 5168//5168 5179//5179 5174//5174
f 5174//5174 5179//5179 5176//5176
f 5176//5176 5179//5179 5178//5178
f 5171//5171 5177//5177 5178//5178
f 5178//5178 5177//5177 5176//5176
f 5179//5179 5268//5268 5178//5178
f 5268//5268 5197//5197 5178//5178
f 5180//5180 5182//5182 5164//5164
f 5164//5164 5182//5182 5107//5107
f 5182//5182 7696//7696 5181//5181
f 5181//5181 5172//5172 5256//5256
f 5256//5256 5172//5172 5204//5204
f 5135//5135 5182//5182 5257//5257
f 5205//5205 5186//5186 5256//5256
f 5141//5141 5207//5207 5111//5111
f 5184//5184 5166//5166 5165//5165
f 5183//5183 5165//5165 5257//5257
f 5184//5184 5165//5165 5183//5183
f 5141//5141 5187//5187 5207//5207
f 5185//5185 5187//5187 5141//5141
f 5257//5257 5258//5258 5183//5183
f 5183//5183 5258//5258 5184//5184
f 5184//5184 5185//5185 5141//5141
f 5187//5187 5186//5186 5205//5205
f 5136//5136 5188//5188 5141//5141
f 5166//5166 5188//5188 5136//5136
f 5188//5188 5184//5184 5141//5141
f 5166//5166 5184//5184 5188//5188
f 5114//5114 5190//5190 5109//5109
f 7697//7697 5114//5114 5189//5189
f 7697//7697 5189//5189 5208//5208
f 5109//5109 5190//5190 5193//5193
f 5138//5138 5193//5193 5191//5191
f 5192//5192 5139//5139 5138//5138
f 5191//5191 5193//5193 5209//5209
f 5191//5191 5192//5192 5138//5138
f 5209//5209 5192//5192 5191//5191
f 5209//5209 5210//5210 5192//5192
f 5194//5194 5140//5140 5139//5139
f 5140//5140 5210//5210 5195//5195
f 5194//5194 5210//5210 5140//5140
f 5139//5139 5192//5192 5194//5194
f 5194//5194 5192//5192 5210//5210
f 5259//5259 5210//5210 5275//5275
f 5167//5167 5196//5196 5105//5105
f 5195//5195 5276//5276 5196//5196
f 5397//5397 5200//5200 5278//5278
f 5268//5268 5198//5198 5197//5197
f 5198//5198 5270//5270 5278//5278
f 5200//5200 5198//5198 5278//5278
f 5218//5218 5199//5199 5200//5200
f 5200//5200 5397//5397 5218//5218
f 7698//7698 5214//5214 5202//5202
f 5201//5201 5207//5207 5205//5205
f 5201//5201 5206//5206 5207//5207
f 7698//7698 5202//5202 5204//5204
f 5201//5201 5202//5202 5203//5203
f 5201//5201 5203//5203 5206//5206
f 5206//5206 5203//5203 5215//5215
f 5202//5202 5214//5214 5203//5203
f 5203//5203 5214//5214 5215//5215
f 5204//5204 5202//5202 5205//5205
f 5201//5201 5205//5205 5202//5202
f 5204//5204 5205//5205 5256//5256
f 5111//5111 5207//5207 5110//5110
f 5206//5206 5211//5211 5110//5110
f 5207//5207 5206//5206 5110//5110
f 5187//5187 5205//5205 5207//5207
f 5208//5208 5143//5143 5273//5273
f 7697//7697 5208//5208 5273//5273
f 5210//5210 5209//5209 5275//5275
f 5199//5199 5218//5218 5217//5217
f 7698//7698 5217//5217 5214//5214
f 5110//5110 5211//5211 5212//5212
f 5212//5212 5215//5215 5213//5213
f 5215//5215 5220//5220 5213//5213
f 5206//5206 5215//5215 5211//5211
f 5211//5211 5215//5215 5212//5212
f 5214//5214 5217//5217 5221//5221
f 5214//5214 5221//5221 5215//5215
f 7699//7699 5222//5222 5281//5281
f 5216//5216 5273//5273 5143//5143
f 5220//5220 5223//5223 5150//5150
f 5221//5221 5217//5217 5218//5218
f 5219//5219 5221//5221 5218//5218
f 5219//5219 5223//5223 5220//5220
f 5215//5215 5221//5221 5220//5220
f 5221//5221 5219//5219 5220//5220
f 5281//5281 5284//5284 5346//5346
f 5284//5284 5281//5281 5222//5222
f 5219//5219 5218//5218 5286//5286
f 5219//5219 7708//7708 5223//5223
f 5288//5288 5287//5287 5153//5153
f 5152//5152 5287//5287 5224//5224
f 5227//5227 5231//5231 5153//5153
f 5227//5227 5225//5225 5226//5226
f 5153//5153 5235//5235 5225//5225
f 5235//5235 5226//5226 5225//5225
f 5235//5235 5237//5237 5226//5226
f 5228//5228 5230//5230 5227//5227
f 5228//5228 5227//5227 5226//5226
f 5228//5228 5226//5226 5229//5229
f 5229//5229 5226//5226 5237//5237
f 5153//5153 5231//5231 5288//5288
f 5231//5231 5227//5227 5230//5230
f 5230//5230 5228//5228 5233//5233
f 5228//5228 5229//5229 5232//5232
f 5240//5240 7701//7701 7700//7700
f 5231//5231 5230//5230 5233//5233
f 5234//5234 5233//5233 5232//5232
f 5232//5232 5233//5233 5228//5228
f 5234//5234 5232//5232 5239//5239
f 7704//7704 7701//7701 5240//5240
f 5238//5238 5240//5240 7700//7700
f 7702//7702 5238//5238 7700//7700
f 5243//5243 7703//7703 5237//5237
f 5233//5233 5234//5234 5289//5289
f 5153//5153 5225//5225 5227//5227
f 5236//5236 5237//5237 5235//5235
f 5236//5236 5242//5242 5237//5237
f 5242//5242 5243//5243 5237//5237
f 5159//5159 5124//5124 5302//5302
f 5291//5291 5302//5302 5123//5123
f 5123//5123 5302//5302 5124//5124
f 5293//5293 5243//5243 5294//5294
f 5294//5294 5243//5243 5295//5295
f 5234//5234 5239//5239 5298//5298
f 5298//5298 5239//5239 5296//5296
f 5296//5296 5239//5239 5240//5240
f 7709//7709 5240//5240 5238//5238
f 7710//7710 7703//7703 5243//5243
f 7711//7711 5242//5242 5241//5241
f 5241//5241 5245//5245 5309//5309
f 5160//5160 5246//5246 5245//5245
f 5242//5242 5295//5295 5243//5243
f 5246//5246 5309//5309 5245//5245
f 7711//7711 5241//5241 5301//5301
f 5309//5309 5301//5301 5241//5241
f 5249//5249 5160//5160 5162//5162
f 5249//5249 5162//5162 5244//5244
f 5248//5248 5249//5249 5244//5244
f 5303//5303 5254//5254 5159//5159
f 5159//5159 5302//5302 5303//5303
f 5309//5309 5246//5246 5361//5361
f 5246//5246 5308//5308 5361//5361
f 5250//5250 7706//7706 5251//5251
f 5248//5248 7705//7705 5250//5250
f 5310//5310 5250//5250 5251//5251
f 5310//5310 5251//5251 5311//5311
f 5246//5246 5160//5160 5308//5308
f 5308//5308 5249//5249 5248//5248
f 5308//5308 5160//5160 5249//5249
f 5308//5308 5250//5250 5310//5310
f 5248//5248 5250//5250 5308//5308
f 7707//7707 5247//5247 5163//5163
f 5251//5251 5156//5156 5252//5252
f 5311//5311 5251//5251 5253//5253
f 5253//5253 5251//5251 5252//5252
f 5156//5156 5254//5254 5252//5252
f 5252//5252 5254//5254 5312//5312
f 5311//5311 5253//5253 5312//5312
f 5253//5253 5252//5252 5312//5312
f 5313//5313 5312//5312 5254//5254
f 5260//5260 5266//5266 5168//5168
f 5168//5168 5266//5266 5179//5179
f 5255//5255 5257//5257 5182//5182
f 5182//5182 5181//5181 5255//5255
f 5256//5256 5255//5255 5181//5181
f 5257//5257 5255//5255 5258//5258
f 5255//5255 5256//5256 5258//5258
f 5256//5256 5186//5186 5258//5258
f 5258//5258 5186//5186 5185//5185
f 5185//5185 5184//5184 5258//5258
f 5187//5187 5185//5185 5186//5186
f 5210//5210 5259//5259 5195//5195
f 5276//5276 5195//5195 5333//5333
f 5277//5277 5261//5261 5196//5196
f 5196//5196 5276//5276 5277//5277
f 5261//5261 5260//5260 5196//5196
f 5260//5260 5261//5261 5262//5262
f 5260//5260 5262//5262 5266//5266
f 5272//5272 5266//5266 5262//5262
f 5272//5272 5262//5262 5263//5263
f 5279//5279 5263//5263 5262//5262
f 5264//5264 5263//5263 5279//5279
f 5279//5279 5278//5278 5264//5264
f 5261//5261 5277//5277 5265//5265
f 5261//5261 5265//5265 5262//5262
f 5262//5262 5265//5265 5279//5279
f 5269//5269 5198//5198 5268//5268
f 5269//5269 5270//5270 5198//5198
f 5267//5267 5179//5179 5266//5266
f 5179//5179 5267//5267 5268//5268
f 5269//5269 5267//5267 5272//5272
f 5267//5267 5269//5269 5268//5268
f 5270//5270 5264//5264 5278//5278
f 5266//5266 5272//5272 5267//5267
f 5272//5272 5271//5271 5269//5269
f 5272//5272 5263//5263 5271//5271
f 5269//5269 5271//5271 5270//5270
f 5271//5271 5264//5264 5270//5270
f 5263//5263 5264//5264 5271//5271
f 5273//5273 5274//5274 5190//5190
f 5190//5190 5274//5274 5193//5193
f 5193//5193 5274//5274 5209//5209
f 5274//5274 5329//5329 5209//5209
f 5274//5274 5327//5327 5329//5329
f 5209//5209 5329//5329 5275//5275
f 5332//5332 5259//5259 5275//5275
f 5329//5329 5332//5332 5275//5275
f 5259//5259 5332//5332 5195//5195
f 5332//5332 5333//5333 5195//5195
f 5276//5276 5333//5333 5334//5334
f 5330//5330 5332//5332 5329//5329
f 5277//5277 5276//5276 5336//5336
f 5280//5280 5265//5265 5277//5277
f 5345//5345 5340//5340 5338//5338
f 5397//5397 5278//5278 5345//5345
f 5340//5340 5278//5278 5279//5279
f 5345//5345 5278//5278 5340//5340
f 5279//5279 5265//5265 5280//5280
f 5340//5340 5279//5279 5280//5280
f 5281//5281 5282//5282 5216//5216
f 5343//5343 5282//5282 5281//5281
f 5281//5281 5342//5342 5343//5343
f 5216//5216 5282//5282 5273//5273
f 5284//5284 5347//5347 5346//5346
f 5347//5347 5284//5284 5283//5283
f 5285//5285 5283//5283 5284//5284
f 5285//5285 5224//5224 5352//5352
f 5287//5287 5398//5398 5352//5352
f 5285//5285 5284//5284 5224//5224
f 5224//5224 5287//5287 5352//5352
f 5223//5223 5292//5292 5123//5123
f 5292//5292 5223//5223 7708//7708
f 5290//5290 5289//5289 5234//5234
f 5288//5288 5233//5233 5289//5289
f 5289//5289 7715//7715 5288//5288
f 5290//5290 5398//5398 5289//5289
f 5288//5288 5398//5398 5287//5287
f 5288//5288 5231//5231 5233//5233
f 5291//5291 5123//5123 5292//5292
f 5291//5291 5292//5292 5306//5306
f 5306//5306 5292//5292 5354//5354
f 5354//5354 5357//5357 5306//5306
f 5354//5354 5292//5292 7708//7708
f 5290//5290 5234//5234 5298//5298
f 5240//5240 7709//7709 5296//5296
f 5293//5293 5294//5294 5300//5300
f 5300//5300 5294//5294 5295//5295
f 5298//5298 5296//5296 5297//5297
f 5297//5297 5296//5296 7709//7709
f 5297//5297 7709//7709 5299//5299
f 5299//5299 5293//5293 5300//5300
f 5300//5300 7711//7711 5301//5301
f 5299//5299 5298//5298 5297//5297
f 5299//5299 5300//5300 5409//5409
f 5299//5299 5409//5409 5298//5298
f 5305//5305 5303//5303 5302//5302
f 5306//5306 5304//5304 5291//5291
f 5304//5304 5302//5302 5291//5291
f 5304//5304 5305//5305 5302//5302
f 5307//5307 5305//5305 5304//5304
f 5307//5307 5315//5315 5305//5305
f 5315//5315 5303//5303 5305//5305
f 5304//5304 5306//5306 5357//5357
f 5307//5307 5304//5304 5357//5357
f 5301//5301 5309//5309 5358//5358
f 5300//5300 5301//5301 5358//5358
f 5358//5358 5309//5309 5359//5359
f 5361//5361 5308//5308 5310//5310
f 5361//5361 5359//5359 5309//5309
f 5311//5311 5312//5312 5316//5316
f 5369//5369 5316//5316 5312//5312
f 5310//5310 5311//5311 5364//5364
f 5316//5316 5364//5364 5311//5311
f 5369//5369 5312//5312 5313//5313
f 5254//5254 5303//5303 5313//5313
f 5314//5314 5313//5313 5303//5303
f 5364//5364 5316//5316 5367//5367
f 5367//5367 5316//5316 5368//5368
f 5316//5316 5369//5369 5368//5368
f 5369//5369 5313//5313 5370//5370
f 5317//5317 5282//5282 5343//5343
f 5445//5445 5317//5317 5343//5343
f 5282//5282 5320//5320 5273//5273
f 5320//5320 5282//5282 5322//5322
f 5324//5324 5322//5322 5318//5318
f 5322//5322 5282//5282 5318//5318
f 5319//5319 5324//5324 5318//5318
f 5282//5282 5381//5381 5318//5318
f 5320//5320 5321//5321 5273//5273
f 5274//5274 5273//5273 5321//5321
f 5323//5323 5274//5274 5321//5321
f 5322//5322 5321//5321 5320//5320
f 5322//5322 5324//5324 5321//5321
f 5324//5324 5323//5323 5321//5321
f 5326//5326 5274//5274 5323//5323
f 5324//5324 5325//5325 5323//5323
f 5319//5319 5325//5325 5324//5324
f 5325//5325 5344//5344 5323//5323
f 5323//5323 5344//5344 5326//5326
f 5344//5344 5328//5328 5326//5326
f 5319//5319 5384//5384 5325//5325
f 5325//5325 5384//5384 5344//5344
f 5327//5327 5274//5274 5326//5326
f 5328//5328 5327//5327 5326//5326
f 5386//5386 5327//5327 5328//5328
f 5327//5327 5386//5386 5331//5331
f 5329//5329 5327//5327 5331//5331
f 5331//5331 5330//5330 5329//5329
f 5334//5334 5330//5330 5386//5386
f 5386//5386 5330//5330 5331//5331
f 5333//5333 5332//5332 5330//5330
f 5334//5334 5333//5333 5330//5330
f 5276//5276 5334//5334 5336//5336
f 5387//5387 5336//5336 5334//5334
f 5336//5336 5387//5387 5339//5339
f 5277//5277 5335//5335 5280//5280
f 5280//5280 5337//5337 5340//5340
f 5340//5340 5337//5337 5338//5338
f 5337//5337 5280//5280 5335//5335
f 5336//5336 5335//5335 5277//5277
f 5338//5338 5339//5339 5345//5345
f 5335//5335 5336//5336 5339//5339
f 5337//5337 5335//5335 5339//5339
f 5338//5338 5337//5337 5339//5339
f 5342//5342 5281//5281 5341//5341
f 5341//5341 5379//5379 5342//5342
f 5379//5379 5343//5343 5342//5342
f 5383//5383 5344//5344 5384//5384
f 5383//5383 5328//5328 5344//5344
f 5386//5386 5387//5387 5334//5334
f 5345//5345 5395//5395 5397//5397
f 5395//5395 5345//5345 5394//5394
f 5351//5351 5347//5347 5283//5283
f 5341//5341 5346//5346 5348//5348
f 5346//5346 5347//5347 5348//5348
f 5348//5348 5347//5347 5349//5349
f 5347//5347 5350//5350 5349//5349
f 5347//5347 5351//5351 5350//5350
f 5389//5389 5341//5341 5348//5348
f 5392//5392 5348//5348 5349//5349
f 5349//5349 5350//5350 5390//5390
f 5390//5390 5350//5350 5399//5399
f 5346//5346 5341//5341 5281//5281
f 5352//5352 5283//5283 5285//5285
f 5283//5283 5352//5352 5351//5351
f 5397//5397 5286//5286 5218//5218
f 5408//5408 5401//5401 5290//5290
f 5401//5401 5398//5398 5290//5290
f 5354//5354 5286//5286 5415//5415
f 5415//5415 5353//5353 5354//5354
f 5353//5353 5357//5357 5354//5354
f 5290//5290 5298//5298 5409//5409
f 5409//5409 5300//5300 5355//5355
f 5355//5355 5462//5462 5420//5420
f 5462//5462 5355//5355 5356//5356
f 5307//5307 5365//5365 5315//5315
f 5365//5365 5307//5307 5357//5357
f 5353//5353 5365//5365 5357//5357
f 5356//5356 5355//5355 5300//5300
f 5356//5356 5300//5300 5358//5358
f 5358//5358 5359//5359 5356//5356
f 5359//5359 5360//5360 5356//5356
f 5361//5361 5360//5360 5359//5359
f 5356//5356 5360//5360 5462//5462
f 5361//5361 5462//5462 5360//5360
f 5310//5310 5364//5364 5362//5362
f 5362//5362 5364//5364 5363//5363
f 5363//5363 5364//5364 5366//5366
f 5310//5310 5362//5362 5361//5361
f 5361//5361 5362//5362 5422//5422
f 5362//5362 5363//5363 5422//5422
f 5363//5363 5366//5366 5422//5422
f 5367//5367 5366//5366 5364//5364
f 5314//5314 5370//5370 5313//5313
f 5315//5315 5377//5377 5375//5375
f 5365//5365 5377//5377 5315//5315
f 5375//5375 5303//5303 5315//5315
f 5432//5432 5368//5368 5369//5369
f 5366//5366 5367//5367 5368//5368
f 5429//5429 5366//5366 5368//5368
f 5430//5430 5429//5429 5368//5368
f 5430//5430 5368//5368 5432//5432
f 5372//5372 5369//5369 5370//5370
f 5372//5372 5370//5370 5371//5371
f 5372//5372 5373//5373 5369//5369
f 5372//5372 5371//5371 5374//5374
f 5373//5373 5372//5372 5374//5374
f 5373//5373 5432//5432 5369//5369
f 5371//5371 5370//5370 5314//5314
f 5314//5314 5376//5376 5371//5371
f 5303//5303 5375//5375 5314//5314
f 5376//5376 5374//5374 5371//5371
f 5376//5376 5314//5314 5375//5375
f 5378//5378 5376//5376 5375//5375
f 5374//5374 5376//5376 7713//7713
f 5378//5378 5375//5375 5377//5377
f 5446//5446 5379//5379 5380//5380
f 5446//5446 5445//5445 5379//5379
f 5343//5343 5379//5379 5445//5445
f 5448//5448 5446//5446 5380//5380
f 5448//5448 5380//5380 5442//5442
f 5442//5442 5380//5380 5450//5450
f 5445//5445 5449//5449 5382//5382
f 5445//5445 5381//5381 5317//5317
f 5317//5317 5381//5381 5282//5282
f 5381//5381 5382//5382 5318//5318
f 5445//5445 5382//5382 5381//5381
f 5382//5382 5449//5449 5318//5318
f 5449//5449 5319//5319 5318//5318
f 5385//5385 5384//5384 5319//5319
f 5379//5379 5341//5341 5380//5380
f 5380//5380 5341//5341 5389//5389
f 5450//5450 5380//5380 5389//5389
f 5384//5384 5385//5385 5383//5383
f 5385//5385 5452//5452 5383//5383
f 5328//5328 5383//5383 5386//5386
f 5453//5453 5386//5386 5383//5383
f 5387//5387 5386//5386 5453//5453
f 5387//5387 5393//5393 5388//5388
f 5388//5388 5393//5393 5394//5394
f 5456//5456 5393//5393 5387//5387
f 5339//5339 5394//5394 5345//5345
f 5387//5387 5388//5388 5339//5339
f 5339//5339 5388//5388 5394//5394
f 5391//5391 5389//5389 5348//5348
f 5392//5392 5349//5349 5390//5390
f 5392//5392 5390//5390 5399//5399
f 5391//5391 5348//5348 5392//5392
f 5391//5391 5392//5392 5454//5454
f 5399//5399 5454//5454 5392//5392
f 5389//5389 5391//5391 5451//5451
f 5450//5450 5389//5389 5451//5451
f 5451//5451 5391//5391 5454//5454
f 5394//5394 5393//5393 7714//7714
f 5457//5457 5396//5396 7714//7714
f 5351//5351 5352//5352 5350//5350
f 5350//5350 5352//5352 5399//5399
f 5454//5454 5399//5399 5403//5403
f 5404//5404 5454//5454 5403//5403
f 5397//5397 5395//5395 5396//5396
f 5399//5399 5352//5352 5400//5400
f 5400//5400 5352//5352 5398//5398
f 5398//5398 5401//5401 5400//5400
f 5403//5403 5399//5399 5402//5402
f 5399//5399 5400//5400 5402//5402
f 5402//5402 5400//5400 5404//5404
f 5404//5404 5400//5400 5401//5401
f 5404//5404 5403//5403 5402//5402
f 5410//5410 5404//5404 5401//5401
f 5413//5413 5404//5404 5410//5410
f 5405//5405 5397//5397 5406//5406
f 5406//5406 5397//5397 5396//5396
f 5406//5406 5407//5407 5405//5405
f 5406//5406 5417//5417 5407//5407
f 5406//5406 5396//5396 5458//5458
f 5417//5417 5406//5406 5485//5485
f 5405//5405 5286//5286 5397//5397
f 5290//5290 5409//5409 5408//5408
f 5408//5408 5410//5410 5401//5401
f 5410//5410 5408//5408 5409//5409
f 5410//5410 5409//5409 5411//5411
f 5413//5413 5410//5410 5414//5414
f 5414//5414 5410//5410 5411//5411
f 5414//5414 5411//5411 5412//5412
f 5414//5414 5412//5412 5460//5460
f 5460//5460 5412//5412 5420//5420
f 5414//5414 5460//5460 5459//5459
f 5414//5414 5459//5459 5413//5413
f 5409//5409 5412//5412 5411//5411
f 5412//5412 5419//5419 5420//5420
f 5405//5405 5415//5415 5286//5286
f 5407//5407 5415//5415 5405//5405
f 5417//5417 5415//5415 5407//5407
f 5415//5415 5416//5416 5427//5427
f 5415//5415 5417//5417 5416//5416
f 5417//5417 5418//5418 5416//5416
f 5418//5418 5427//5427 5416//5416
f 5417//5417 5485//5485 5418//5418
f 5412//5412 5409//5409 5419//5419
f 5419//5419 5409//5409 5355//5355
f 5420//5420 5419//5419 5355//5355
f 5421//5421 5365//5365 5353//5353
f 5415//5415 5421//5421 5353//5353
f 5424//5424 5421//5421 5415//5415
f 5424//5424 5415//5415 5427//5427
f 5422//5422 5462//5462 5361//5361
f 5366//5366 5423//5423 5422//5422
f 5366//5366 5429//5429 5423//5423
f 5429//5429 5430//5430 5423//5423
f 5423//5423 5462//5462 5422//5422
f 5464//5464 5423//5423 5430//5430
f 5462//5462 5423//5423 5464//5464
f 5464//5464 5430//5430 5431//5431
f 5427//5427 5485//5485 5428//5428
f 5421//5421 5424//5424 7712//7712
f 5424//5424 5425//5425 7712//7712
f 5425//5425 5377//5377 5365//5365
f 5425//5425 5441//5441 5377//5377
f 5427//5427 5426//5426 5425//5425
f 5424//5424 5427//5427 5425//5425
f 5441//5441 5426//5426 5469//5469
f 5425//5425 5426//5426 5441//5441
f 5428//5428 5426//5426 5427//5427
f 5469//5469 5426//5426 5428//5428
f 5431//5431 5430//5430 5432//5432
f 5431//5431 5432//5432 5435//5435
f 5431//5431 5435//5435 5433//5433
f 5435//5435 5465//5465 5433//5433
f 5465//5465 5435//5435 5436//5436
f 5433//5433 5465//5465 5431//5431
f 5468//5468 5436//5436 5437//5437
f 5439//5439 5468//5468 5437//5437
f 5465//5465 5436//5436 5468//5468
f 5432//5432 5373//5373 5435//5435
f 5373//5373 5434//5434 5435//5435
f 5434//5434 5373//5373 5374//5374
f 5437//5437 7716//7716 5374//5374
f 5434//5434 5436//5436 5435//5435
f 7716//7716 5437//5437 5436//5436
f 5437//5437 5374//5374 7713//7713
f 5378//5378 5441//5441 5438//5438
f 7713//7713 5438//5438 5437//5437
f 5440//5440 5441//5441 5469//5469
f 5441//5441 5440//5440 5438//5438
f 5439//5439 5438//5438 5440//5440
f 5438//5438 5439//5439 5437//5437
f 5377//5377 5441//5441 5378//5378
f 5445//5445 5447//5447 5470//5470
f 5445//5445 5470//5470 5473//5473
f 5448//5448 5442//5442 5444//5444
f 5444//5444 5442//5442 5443//5443
f 5474//5474 5448//5448 5444//5444
f 5446//5446 5447//5447 5445//5445
f 5447//5447 5446//5446 5448//5448
f 5443//5443 5442//5442 5450//5450
f 5445//5445 5473//5473 5449//5449
f 5319//5319 5449//5449 5385//5385
f 5477//5477 5481//5481 5449//5449
f 5481//5481 5385//5385 5449//5449
f 5443//5443 5450//5450 5451//5451
f 5454//5454 5483//5483 5451//5451
f 5452//5452 5453//5453 5383//5383
f 5455//5455 5453//5453 5482//5482
f 7717//7717 5387//5387 5453//5453
f 7717//7717 5453//5453 5455//5455
f 7717//7717 5455//5455 5484//5484
f 5521//5521 5455//5455 5482//5482
f 5393//5393 5456//5456 5457//5457
f 5393//5393 5457//5457 7714//7714
f 5487//5487 5457//5457 5484//5484
f 5457//5457 7717//7717 5484//5484
f 5404//5404 5483//5483 5454//5454
f 5413//5413 5483//5483 5404//5404
f 5396//5396 5457//5457 5487//5487
f 5483//5483 5413//5413 5459//5459
f 5459//5459 5488//5488 5483//5483
f 5406//5406 5458//5458 5485//5485
f 5485//5485 5458//5458 5396//5396
f 5488//5488 5459//5459 5461//5461
f 5460//5460 5461//5461 5459//5459
f 5461//5461 5489//5489 5488//5488
f 5461//5461 5460//5460 5462//5462
f 5461//5461 5462//5462 5492//5492
f 5462//5462 5460//5460 5420//5420
f 5492//5492 5462//5462 5493//5493
f 5427//5427 5418//5418 5485//5485
f 5462//5462 5464//5464 5463//5463
f 5463//5463 5493//5493 5462//5462
f 5431//5431 5498//5498 5464//5464
f 5498//5498 5463//5463 5464//5464
f 5431//5431 5465//5465 5498//5498
f 5467//5467 5498//5498 5465//5465
f 5467//5467 5466//5466 5499//5499
f 5469//5469 5485//5485 5466//5466
f 5428//5428 5485//5485 5469//5469
f 5467//5467 5469//5469 5466//5466
f 5467//5467 5465//5465 5468//5468
f 5439//5439 5467//5467 5468//5468
f 5467//5467 5440//5440 5469//5469
f 5440//5440 5467//5467 5439//5439
f 5447//5447 5471//5471 5470//5470
f 5447//5447 5472//5472 5471//5471
f 5472//5472 5501//5501 5471//5471
f 5471//5471 5473//5473 5470//5470
f 5471//5471 5502//5502 5473//5473
f 5501//5501 5502//5502 5471//5471
f 5478//5478 5474//5474 5444//5444
f 5478//5478 5444//5444 5443//5443
f 5478//5478 5476//5476 5474//5474
f 5448//5448 5472//5472 5447//5447
f 5475//5475 5472//5472 5448//5448
f 5448//5448 5474//5474 5475//5475
f 5476//5476 5478//5478 5479//5479
f 5474//5474 5505//5505 5475//5475
f 5505//5505 5504//5504 5475//5475
f 5505//5505 5474//5474 5476//5476
f 5503//5503 5472//5472 5475//5475
f 5504//5504 5503//5503 5475//5475
f 5473//5473 5502//5502 5510//5510
f 5510//5510 5477//5477 5473//5473
f 5473//5473 5477//5477 5449//5449
f 5443//5443 5451//5451 5478//5478
f 5483//5483 5478//5478 5451//5451
f 5479//5479 5478//5478 5483//5483
f 5483//5483 5480//5480 5479//5479
f 5479//5479 5506//5506 5476//5476
f 5481//5481 5452//5452 5385//5385
f 5482//5482 5453//5453 5452//5452
f 5482//5482 5452//5452 5481//5481
f 5481//5481 5554//5554 5482//5482
f 5483//5483 5488//5488 5480//5480
f 5489//5489 5480//5480 5488//5488
f 5521//5521 5482//5482 5554//5554
f 5521//5521 5486//5486 5484//5484
f 5521//5521 5484//5484 5455//5455
f 5485//5485 5396//5396 5487//5487
f 5491//5491 5485//5485 5527//5527
f 5486//5486 5485//5485 5487//5487
f 5486//5486 5487//5487 5484//5484
f 5523//5523 5485//5485 5486//5486
f 5489//5489 5490//5490 5522//5522
f 5533//5533 5491//5491 5526//5526
f 5489//5489 5461//5461 5492//5492
f 5492//5492 5490//5490 5489//5489
f 5497//5497 5491//5491 5533//5533
f 5490//5490 5492//5492 5493//5493
f 5494//5494 5493//5493 5495//5495
f 5494//5494 5495//5495 5541//5541
f 5530//5530 5490//5490 5493//5493
f 5494//5494 5530//5530 5493//5493
f 5499//5499 5497//5497 5496//5496
f 5497//5497 5499//5499 5466//5466
f 5495//5495 5500//5500 5496//5496
f 5500//5500 5499//5499 5496//5496
f 5498//5498 5500//5500 5495//5495
f 5491//5491 5497//5497 5466//5466
f 5495//5495 5496//5496 5541//5541
f 5466//5466 5485//5485 5491//5491
f 5463//5463 5495//5495 5493//5493
f 5500//5500 5498//5498 5467//5467
f 5498//5498 5495//5495 5463//5463
f 5500//5500 5467//5467 5499//5499
f 5501//5501 5472//5472 5503//5503
f 5511//5511 5502//5502 5501//5501
f 5505//5505 5476//5476 5506//5506
f 5503//5503 5507//5507 5501//5501
f 5507//5507 5511//5511 5501//5501
f 5503//5503 5504//5504 5507//5507
f 5507//5507 5513//5513 5511//5511
f 5504//5504 5505//5505 5508//5508
f 5508//5508 5505//5505 5506//5506
f 5508//5508 5506//5506 5518//5518
f 5509//5509 5507//5507 5504//5504
f 5508//5508 5509//5509 5504//5504
f 5519//5519 5509//5509 5508//5508
f 5518//5518 5519//5519 5508//5508
f 5514//5514 5507//5507 5509//5509
f 5547//5547 5509//5509 5519//5519
f 5509//5509 5547//5547 5514//5514
f 5511//5511 5512//5512 5502//5502
f 5512//5512 5510//5510 5502//5502
f 5512//5512 5515//5515 5510//5510
f 5512//5512 5511//5511 5513//5513
f 5513//5513 5546//5546 5512//5512
f 5514//5514 5513//5513 5507//5507
f 5546//5546 5513//5513 5514//5514
f 5512//5512 5546//5546 5515//5515
f 5548//5548 5514//5514 5547//5547
f 5546//5546 5514//5514 5548//5548
f 5481//5481 5477//5477 5516//5516
f 5510//5510 5515//5515 5477//5477
f 5516//5516 5477//5477 5515//5515
f 5515//5515 5517//5517 5516//5516
f 5517//5517 5515//5515 5546//5546
f 5546//5546 5550//5550 5517//5517
f 5506//5506 5479//5479 5518//5518
f 5518//5518 5479//5479 5480//5480
f 5480//5480 5520//5520 5518//5518
f 5518//5518 5520//5520 5519//5519
f 5516//5516 5554//5554 5481//5481
f 5489//5489 5522//5522 5480//5480
f 5480//5480 5522//5522 5520//5520
f 5521//5521 5525//5525 5486//5486
f 5521//5521 5557//5557 5563//5563
f 5525//5525 5521//5521 5563//5563
f 5554//5554 5557//5557 5521//5521
f 5522//5522 5559//5559 5520//5520
f 5523//5523 5527//5527 5485//5485
f 5529//5529 5527//5527 7718//7718
f 5524//5524 5529//5529 7718//7718
f 5523//5523 5486//5486 7719//7719
f 5562//5562 5529//5529 5524//5524
f 5525//5525 5524//5524 7718//7718
f 5525//5525 5562//5562 5524//5524
f 5559//5559 5530//5530 5564//5564
f 5559//5559 5522//5522 5530//5530
f 5564//5564 5530//5530 5532//5532
f 5527//5527 5526//5526 5491//5491
f 5528//5528 5526//5526 5527//5527
f 5529//5529 5528//5528 5527//5527
f 5568//5568 5539//5539 5562//5562
f 5522//5522 5490//5490 5530//5530
f 5531//5531 5530//5530 5544//5544
f 5532//5532 5530//5530 5531//5531
f 5531//5531 5537//5537 5532//5532
f 5532//5532 5540//5540 5565//5565
f 5533//5533 5542//5542 5497//5497
f 5533//5533 5526//5526 5528//5528
f 5528//5528 5529//5529 5533//5533
f 5535//5535 5534//5534 7720//7720
f 5534//5534 5542//5542 7720//7720
f 5536//5536 5542//5542 5534//5534
f 5529//5529 5562//5562 5535//5535
f 5535//5535 7720//7720 5529//5529
f 5536//5536 5534//5534 5535//5535
f 5539//5539 5535//5535 5562//5562
f 5539//5539 5538//5538 5535//5535
f 5544//5544 5537//5537 5531//5531
f 5536//5536 5535//5535 5538//5538
f 5537//5537 5544//5544 5545//5545
f 5545//5545 7721//7721 5537//5537
f 5540//5540 7722//7722 5539//5539
f 5537//5537 7722//7722 5540//5540
f 7721//7721 7722//7722 5537//5537
f 5540//5540 5539//5539 5568//5568
f 5537//5537 5540//5540 5532//5532
f 5540//5540 5568//5568 5567//5567
f 5530//5530 5494//5494 5544//5544
f 5544//5544 5494//5494 5541//5541
f 5543//5543 5497//5497 5542//5542
f 5543//5543 5496//5496 5497//5497
f 5536//5536 7723//7723 5542//5542
f 7723//7723 5543//5543 5542//5542
f 5496//5496 5543//5543 5541//5541
f 5545//5545 5544//5544 5541//5541
f 5543//5543 5545//5545 5541//5541
f 5548//5548 5551//5551 5546//5546
f 5551//5551 5550//5550 5546//5546
f 5520//5520 5547//5547 5519//5519
f 5548//5548 5547//5547 5549//5549
f 5547//5547 5520//5520 5549//5549
f 5520//5520 5555//5555 5549//5549
f 5552//5552 5548//5548 5549//5549
f 5516//5516 5517//5517 5550//5550
f 5550//5550 5554//5554 5516//5516
f 5553//5553 5554//5554 5550//5550
f 5548//5548 5552//5552 5551//5551
f 5551//5551 5553//5553 5550//5550
f 5553//5553 5551//5551 5552//5552
f 5552//5552 5549//5549 5556//5556
f 5558//5558 5552//5552 5556//5556
f 5558//5558 5553//5553 5552//5552
f 5553//5553 5558//5558 5554//5554
f 5556//5556 5549//5549 5555//5555
f 5556//5556 5555//5555 5560//5560
f 5557//5557 5554//5554 5558//5558
f 5557//5557 5558//5558 5563//5563
f 5558//5558 5556//5556 5561//5561
f 5556//5556 5560//5560 5561//5561
f 5520//5520 5559//5559 5555//5555
f 5559//5559 5560//5560 5555//5555
f 5559//5559 5564//5564 5560//5560
f 5567//5567 5568//5568 5563//5563
f 5564//5564 5566//5566 5560//5560
f 5558//5558 5561//5561 5563//5563
f 5561//5561 5560//5560 5566//5566
f 5567//5567 5563//5563 5561//5561
f 5567//5567 5561//5561 5566//5566
f 5563//5563 5562//5562 5525//5525
f 5563//5563 5568//5568 5562//5562
f 5565//5565 5564//5564 5532//5532
f 5564//5564 5565//5565 5566//5566
f 5567//5567 5566//5566 5565//5565
f 5567//5567 5565//5565 5540//5540
