# Wavafront OBJ file of BodyParts3D
# BodyParts3D, Copyright(C) 2010-2011 The Database Center for Life Science licensed under CC Attribution-Share Alike 2.1 Japan.
vn -0.923532 -0.35153 0.153346
v 62.5068 -73.0232 927.9
vn -0.987765 0.0918732 -0.126016
v 62.4344 -72.3944 928.2
vn -0.967261 0.238096 -0.0878484
v 62.2386 -71.4327 930.288
vn -0.890697 0.393229 -0.228102
v 62.4812 -71.791 928.8
vn -0.774288 -0.611702 0.162168
v 62.3563 -71.1511 931.5
vn -0.96183 0.246496 0.118841
v 62.4546 -71.1719 931.8
vn -0.988187 -0.109114 -0.107614
v 62.5316 -71.4974 932.7
vn -0.681959 -0.731343 0.00829472
v 62.8143 -71.6102 931.8
vn -0.71606 0.659425 -0.228947
v 63.0929 -70.6942 928.8
vn -0.96031 -0.106036 -0.257994
v 62.2969 -70.8317 933.3
vn -0.761189 0.64288 0.0854193
v 62.4911 -70.873 931.5
vn -0.772034 0.634771 -0.0320913
v 62.5537 -70.8863 931.8
vn -0.932419 0.31382 -0.179196
v 62.462 -70.8668 932.7
vn -0.575964 0.817249 -0.0192259
v 62.6833 -70.7836 931.8
vn -0.511096 0.839033 -0.18656
v 62.8097 -70.634 932.1
vn -0.552361 0.78913 -0.268646
v 62.7413 -70.5107 932.7
vn -0.680857 0.730223 -0.0566436
v 63.2607 -70.4232 931.8
vn -0.443479 0.862867 -0.242458
v 63.075 -70.3837 932.65
vn -0.964729 0.262397 -0.0211184
v 62.4538 -70.2517 933.9
vn -0.755814 -0.590621 0.282688
v 62.44 -70.2487 934.8
vn -0.96454 -0.188716 0.184526
v 62.4148 -70.604 933.9
vn -0.703546 0.658591 -0.266987
v 62.517 -70.2651 933.6
vn -0.889365 0.451132 0.0742237
v 62.5447 -69.993 934.5
vn -0.578403 0.795413 -0.18102
v 62.8366 -69.7196 935.1
vn -0.619236 -0.697574 0.360467
v 62.7207 -70.6079 934.8
vn -0.408193 0.873645 -0.264808
v 62.844 -70.0279 933.793
vn -0.490855 0.822223 -0.288115
v 63.2622 -69.5034 935.129
vn -0.771273 -0.472486 0.42649
v 62.6129 -69.6721 936.313
vn -0.656663 0.716369 -0.235815
v 62.9738 -69.1354 936.3
vn -0.732379 -0.380393 0.564732
v 62.8829 -69.8445 936.6
vn -0.196066 -0.851485 0.486344
v 63.1554 -70.0054 936.3
vn -0.997568 0.030052 -0.0628814
v 63.5937 -68.6537 933
vn -0.994268 -0.0707315 0.0801718
v 63.6364 -67.7427 935.513
vn -0.827502 0.540413 -0.152297
v 63.8386 -67.479 935.4
vn -0.987437 0.142881 -0.0674776
v 64.1587 -66.6269 933.6
vn -0.704344 -0.252063 0.663599
v 63.4681 -68.3203 937.8
vn -0.854073 0.487749 -0.180722
v 63.6579 -68.6674 936.3
vn -0.997239 0.0716259 0.0196084
v 63.7478 -68.3798 936
vn -0.955487 0.292858 -0.0357636
v 63.8689 -67.1787 937.5
vn -0.979736 0.16797 0.109104
v 63.735 -67.7637 938.7
vn -0.889259 -0.302035 0.343503
v 63.9 -67.7988 939.6
vn -0.996485 -0.0718217 0.043109
v 64.178 -66.0176 935.7
vn -0.945369 0.322994 -0.0441867
v 64.2468 -66.0322 936.9
vn -0.772242 0.613643 -0.164574
v 64.4119 -64.5338 939.3
vn -0.983085 0.177967 0.0432673
v 63.9259 -64.4305 942.9
vn -0.990726 -0.0329927 0.131805
v 64.0973 -66.3072 941.4
vn -0.975451 0.0407384 0.216414
v 64.1533 -64.1722 943.5
vn -0.921261 -0.198835 0.334279
v 64.3386 -64.5182 944.4
vn -0.697556 0.710126 -0.0955859
v 64.4129 -63.9206 943.2
vn -0.970503 0.0225398 0.240032
v 64.2616 -63.8885 944.4
vn -0.624268 0.75236 -0.210343
v 64.9861 -62.509 945.9
vn -0.996183 -0.0139095 -0.0861774
v 63.8756 -79.1415 913.2
vn -0.982263 0.15937 -0.0988005
v 63.5055 -78.459 916.8
vn -0.886767 -0.454384 0.0847303
v 63.7585 -78.7117 920.1
vn -0.831992 0.46357 -0.304783
v 64.226 -76.4557 913.8
vn -0.982164 0.0732853 -0.173154
v 64.1489 -77.3594 913.8
vn -0.944231 0.245373 -0.219589
v 64.3351 -77.0923 912.9
vn -0.976218 0.209563 -0.0555074
v 63.6666 -77.8703 915.9
vn -0.988731 0.0680946 -0.13332
v 63.7959 -77.2844 915.9
vn -0.904667 0.320593 -0.28071
v 63.944 -76.3958 914.586
vn -0.993596 -0.038447 -0.106249
v 63.3273 -76.2647 918.3
vn -0.988027 0.132372 -0.0792432
v 63.6987 -77.8771 916.8
vn -0.932368 -0.361306 0.0121816
v 63.219 -78.0819 919.5
vn -0.981154 0.148 -0.124231
v 63.2539 -77.7826 919.2
vn -0.784002 -0.608308 0.123704
v 63.1306 -77.337 923.7
vn -0.705374 -0.692207 0.152631
v 63.5722 -78.145 921.9
vn -0.951948 -0.302235 0.0494935
v 63.8472 -78.2154 923.4
vn -0.762976 -0.630593 0.142194
v 63.6648 -77.7094 923.7
vn -0.902854 -0.42051 0.0895932
v 63.9224 -78.5381 921.9
vn -0.995417 -0.0950312 -0.010716
v 62.7863 -76.1497 925.8
vn -0.950001 -0.299569 0.0880718
v 62.9726 -76.6373 926.1
vn -0.927507 -0.348573 0.135008
v 63.9398 -77.6217 926.7
vn -0.902903 -0.375976 0.208345
v 63.8885 -76.6569 928.5
vn -0.981403 -0.15164 0.117701
v 64.0187 -77.025 929.1
vn -0.910964 -0.352997 0.213395
v 64.0728 -77.6499 928.8
vn -0.668549 0.652508 -0.356757
v 64.3692 -74.3392 917.7
vn -0.966014 0.199242 -0.164679
v 63.4036 -74.4407 919.2
vn -0.99511 -0.0868554 -0.04704
v 63.2338 -75.9381 921.6
vn -0.995215 1.70586e-005 -0.0977063
v 62.7461 -73.9942 924.3
vn -0.999678 -0.00927014 0.0236009
v 62.9799 -74.0439 928.2
vn -0.842428 -0.486001 0.232631
v 62.9421 -75.5694 928.5
vn -0.976472 -0.115931 0.181829
v 62.8093 -74.6211 929.7
vn -0.766294 -0.551736 0.329212
v 63.2922 -75.1334 930.3
vn -0.973997 -0.0932105 0.206497
v 63.5627 -73.8611 931.931
vn -0.778891 -0.496654 0.382967
v 64.0507 -74.4512 932.7
vn -0.865953 -0.408621 0.288364
v 64.2022 -75.5305 931.5
vn -0.817463 -0.410162 0.404378
v 64.5064 -75.193 932.7
vn -0.905609 0.369629 -0.207958
v 65.0652 -73.5671 915.3
vn -0.877256 0.461371 -0.132507
v 65.2267 -72.988 916.5
vn -0.959602 0.256187 -0.116331
v 64.9387 -73.8469 916.8
vn -0.712497 0.630889 -0.307126
v 63.5994 -73.5622 920.1
vn -0.84196 0.484777 -0.236843
v 64.7388 -72.5776 920.1
vn -0.967456 -0.163125 0.193442
v 63.0478 -73.1382 929.4
vn -0.990735 0.11483 0.0725119
v 63.0588 -73.4473 929.7
vn -0.97062 0.0720039 0.229592
v 63.1991 -73.1704 930.6
vn -0.947839 -0.203256 0.245537
v 63.278 -72.5738 930.9
vn -0.653598 -0.733113 0.188027
v 63.0863 -71.7735 932.7
vn -0.816961 -0.566253 0.109237
v 63.3242 -72.0972 931.8
vn -0.963649 -0.264603 0.03695
v 63.3496 -72.2823 932.7
vn -0.992585 -0.113258 -0.044124
v 63.5779 -72.9442 932.1
vn -0.979872 -0.171368 0.102389
v 63.5944 -72.641 931.8
vn -0.996545 -0.0539169 0.0631716
v 63.4734 -72.3086 934.2
vn -0.961575 -0.16722 0.217739
v 63.5284 -72.3203 935.4
vn -0.981064 0.0760732 0.178119
v 63.6697 -71.4302 935.4
vn -0.901429 -0.401867 0.161024
v 63.6874 -73.2742 933.825
vn -0.567818 -0.706255 0.422832
v 63.799 -72.7492 935.4
vn -0.60784 -0.712296 0.350949
v 64.0204 -73.1509 934.8
vn -0.522777 -0.680801 0.513044
v 64.8208 -73.714 934.8
vn -0.813528 -0.353048 0.462092
v 63.8447 -72.0808 936.3
vn -0.952437 0.0899186 0.291169
v 63.8301 -71.4643 936.3
vn -0.242104 -0.796766 0.553669
v 64.733 -72.6842 936
vn -0.863208 0.435772 -0.254901
v 64.8416 -71.3726 921.3
vn -0.795369 0.593846 -0.12139
v 64.4116 -70.6678 926.1
vn -0.891598 0.448186 -0.0646693
v 64.7399 -70.4309 924.3
vn -0.67862 0.687967 -0.257248
v 63.7504 -71.1407 926.7
vn -0.664312 0.671941 -0.327392
v 64.86 -69.843 927.9
vn -0.826844 0.550725 -0.114151
v 65.0221 -69.881 927.3
vn -0.896969 0.427953 -0.110915
v 65.225 -69.6139 926.4
vn -0.982306 0.186492 -0.0172144
v 65.1865 -69.299 927.3
vn -0.920155 0.32791 -0.213985
v 65.237 -69.3097 927.9
vn -0.858503 0.489239 -0.153679
v 63.8587 -69.3235 930.9
vn -0.763168 0.549261 -0.340421
v 64.5581 -69.178 929.4
vn -0.82104 0.559516 -0.113295
v 63.4274 -70.1689 932.4
vn -0.909165 0.415655 -0.025478
v 63.5597 -69.8733 931.5
vn -0.984559 0.170205 -0.0409227
v 63.6037 -69.576 932.4
vn -0.36732 -0.791843 0.487914
v 63.5995 -70.8019 935.38
vn -0.201056 -0.816338 0.54145
v 63.6146 -69.2884 937.5
vn -0.940488 0.012497 0.339597
v 64.5764 -69.476 937.8
vn -0.381447 -0.733711 0.562287
v 65.0044 -71.4072 938.322
vn -0.956977 0.0456991 0.286543
v 64.8216 -69.5281 938.4
vn -0.829955 -0.26718 0.489682
v 64.8995 -70.4578 939
vn -0.945701 0.0807522 0.314846
v 65.1476 -69.2907 939.792
vn -0.620869 0.715097 -0.32118
v 65.7927 -68.8145 923.1
vn -0.788241 0.606635 -0.103298
v 65.7194 -68.7989 923.4
vn -0.554538 0.81034 -0.189308
v 65.898 -68.6459 923.4
vn -0.87632 0.447101 -0.179346
v 65.8459 -68.5191 925.8
vn -0.782004 0.623263 0.00354533
v 65.8949 -68.6605 924.3
vn -0.94954 0.312052 -0.0315693
v 65.2517 -68.6995 927.3
vn -0.92819 0.222036 -0.298603
v 65.3049 -68.4041 928.2
vn -0.922813 0.29536 -0.247344
v 65.3131 -69.0192 926.7
vn -0.976371 0.212782 -0.0377237
v 65.3296 -68.716 927.9
vn -0.355365 0.875103 -0.328497
v 65.5323 -68.1457 927.3
vn -0.864431 0.498572 -0.0646877
v 65.5507 -68.1496 927.6
vn -0.836969 0.452923 -0.307154
v 65.5186 -68.1428 927.9
vn -0.663496 0.678925 -0.314379
v 65.6956 -67.8737 927.9
vn -0.710978 0.695498 -0.103887
v 65.75 -67.8996 927.6
vn -0.246395 0.910612 -0.331777
v 65.7654 -67.8267 927.9
vn -0.936444 0.191302 -0.294069
v 64.7478 -68.2857 929.813
vn -0.83765 0.360372 -0.410457
v 65.1178 -67.7509 928.8
vn -0.942733 0.24227 -0.229258
v 64.3577 -66.9759 931.8
vn -0.856277 0.458705 -0.237445
v 64.165 -68.4685 931.8
vn -0.987141 0.08744 -0.13382
v 64.3448 -67.8933 931.8
vn -0.984469 0.166464 -0.0557735
v 64.2229 -66.6406 935.7
vn -0.471078 -0.700905 0.535554
v 64.6854 -68.5791 939.053
vn -0.792734 -0.42135 0.440496
v 64.9193 -68.6288 939.3
vn -0.837441 -0.38214 0.390718
v 64.9165 -68.9349 938.878
vn -0.947904 -0.0622187 0.31242
v 65.1343 -68.9812 939.6
vn -0.867116 -0.138301 0.478521
v 65.8592 -68.8286 941.475
vn -0.877523 -0.150229 0.455395
v 66.3201 -67.393 942.3
vn -0.810688 0.556237 -0.182714
v 64.2761 -66.3452 933.3
vn -0.523141 0.775063 -0.354403
v 64.7942 -66.4553 931.5
vn -0.243748 0.943704 -0.223629
v 64.9636 -65.8276 933.3
vn 0.123397 0.937892 -0.324241
v 65.1479 -66.4035 931.5
vn -0.598174 0.789531 -0.137217
v 64.3783 -65.7535 935.4
vn -0.248353 0.944599 -0.214601
v 65.6781 -65.3517 935.4
vn 0.188811 0.941762 -0.278272
v 65.9092 -65.7075 934.5
vn -0.755846 0.654138 0.0282948
v 64.3703 -65.733 936
vn -0.50972 0.840133 -0.18537
v 64.7391 -65.4405 936.6
vn 0.263913 0.922794 -0.280715
v 66.3371 -65.1371 936.9
vn -0.324618 -0.812168 0.484774
v 65.1372 -66.4539 942.9
vn -0.218744 -0.858874 0.463127
v 66.0438 -66.5172 942.9
vn -0.743123 -0.529558 0.409067
v 64.7042 -65.6047 943.8
vn -0.324354 -0.843052 0.429019
v 66.5819 -65.4288 945.6
vn -0.684112 0.693923 -0.224634
v 65.0697 -63.8853 939.3
vn 0.338512 0.908239 -0.24599
v 65.4587 -63.4984 940.8
vn -0.734975 0.666337 -0.125728
v 64.8598 -63.4298 943.8
vn -0.71299 0.680521 -0.168927
v 65.3562 -62.5373 944.7
vn -0.943506 0.212334 0.254384
v 65.4084 -62.292 947.758
vn -0.716718 0.687096 0.119224
v 65.4782 -61.9636 947.1
vn -0.839969 0.494408 0.223637
v 65.6335 -62.0332 948.3
vn -0.904629 0.0775652 0.419081
v 65.9178 -62.0936 949.2
vn -0.665126 0.533654 0.522323
v 66.1012 -62.1326 949.5
vn -0.850477 -0.2096 0.482448
v 66.3167 -62.1784 949.8
vn -0.792191 -0.363932 0.489885
v 66.3965 -62.502 949.8
vn -0.694695 0.560803 0.450444
v 66.3871 -62.0164 949.8
vn -0.778424 0.105505 0.618809
v 66.4634 -62.2096 950.1
vn -0.589056 -0.553376 0.588887
v 67.1976 -62.6723 950.7
vn -0.552947 0.772437 0.312396
v 66.0821 -61.8218 949.2
vn 0.149357 0.986549 -0.066431
v 66.1332 -61.768 948.6
vn -0.554655 0.708631 0.436119
v 66.4198 -61.8625 949.5
vn 0.419836 0.897362 -0.135937
v 66.7074 -61.9523 949.2
vn 0.298238 0.95412 -0.0266454
v 66.7142 -61.9202 949.5
vn -0.598075 0.583959 0.548906
v 66.7069 -61.9546 950.149
vn -0.938689 0.234834 -0.252419
v 60.3206 -105.989 858.9
vn -0.723623 0.614188 -0.314871
v 60.5348 -105.421 859.167
vn -0.990247 0.138604 0.0141195
v 60.4334 -105.706 859.8
vn -0.938841 -0.2566 0.22964
v 60.5443 -106.65 859.8
vn -0.862034 0.468392 -0.193663
v 60.5627 -105.29 859.8
vn -0.665473 0.66702 -0.335007
v 60.7324 -105.157 859.5
vn -0.879641 0.431175 -0.2008
v 60.6454 -103.604 861.9
vn -0.975211 -0.0874171 0.203279
v 60.6408 -103.604 863.1
vn -0.787847 0.542182 -0.292123
v 61.3213 -102.521 862.5
vn -0.842226 0.472822 -0.259027
v 61.2819 -101.286 864.3
vn -0.78463 -0.32398 0.528576
v 61.5584 -100.732 867
vn -0.969209 0.180486 0.167506
v 61.4654 -99.7917 867.3
vn -0.915084 -0.018271 0.40285
v 61.5781 -99.8156 867.6
vn -0.939469 0.059173 0.337486
v 61.9111 -99.273 868.2
vn -0.894414 0.431633 -0.117119
v 62.0588 -98.691 867.3
vn -0.858491 -0.329773 0.392738
v 62.3045 -98.4365 869.4
vn -0.961657 0.269791 -0.0492843
v 62.4193 -96.9274 870
vn -0.898913 -0.319095 0.300222
v 62.3359 -95.9896 871.8
vn -0.797607 -0.448107 0.403762
v 62.4808 -95.7137 872.7
vn -0.969583 0.227895 0.0892878
v 62.6514 -95.1365 873
vn -0.796334 -0.366368 0.481276
v 62.7824 -95.4711 873.3
vn -0.863058 0.493953 -0.105555
v 63.3411 -92.5228 875.4
vn -0.961315 0.05271 0.27036
v 63.4768 -92.245 876.9
vn -0.89836 0.42869 0.0957811
v 63.7208 -91.6834 877.2
vn -0.987789 0.100769 -0.118819
v 65.1288 -84.3152 899.1
vn -0.837756 0.498803 -0.222172
v 65.6819 -82.5925 894.9
vn -0.880943 -0.46154 0.104502
v 64.8838 -83.5179 904.8
vn -0.833063 -0.533828 0.145028
v 65.3644 -82.6999 908.7
vn -0.86348 -0.498295 0.0781296
v 65.1495 -81.5592 910.8
vn -0.897657 -0.440692 0.001771
v 65.3179 -82.2084 910.8
vn -0.785269 -0.619022 -0.0128113
v 65.1528 -82.2524 915.9
vn -0.68808 -0.725044 0.0292842
v 65.4823 -82.1451 920.4
vn -0.787773 -0.615686 0.0185368
v 65.4796 -82.1576 921.9
vn -0.897377 0.40801 -0.168053
v 65.7742 -80.7719 900.707
vn -0.840158 0.481052 -0.250446
v 65.5161 -80.1036 903
vn -0.946722 0.261626 -0.187803
v 64.7394 -79.6318 905.7
vn -0.839544 -0.529074 0.123481
v 64.2221 -80.442 911.4
vn -0.895816 -0.443857 0.0224686
v 64.4239 -80.4849 913.2
vn -0.96179 -0.262884 -0.0764927
v 64.2773 -80.5994 918
vn -0.972206 -0.233435 -0.0180152
v 63.9213 -80.6848 920.7
vn -0.991477 -0.12984 0.0106795
v 63.9856 -79.1649 921.3
vn -0.774679 -0.625272 0.0943782
v 64.1707 -81.0445 921.6
vn -0.95248 -0.26699 0.146624
v 64.2226 -79.4141 925.8
vn -0.77429 -0.540975 0.32836
v 64.6478 -80.2258 925.8
vn -0.848783 -0.427587 0.311027
v 64.3799 -79.2487 926.4
vn -0.718763 -0.582608 0.379403
v 65.4621 -80.7056 926.4
vn -0.687855 0.653863 -0.31515
v 66.5808 -78.183 903.3
vn -0.76432 0.569049 -0.303312
v 64.7671 -76.5707 911.7
vn -0.770706 -0.508224 0.384344
v 64.4686 -76.814 930.935
vn -0.685858 0.672565 -0.27795
v 66.8652 -76.71 905.7
vn -0.789464 0.529372 -0.310663
v 65.9152 -75.5879 911.7
vn -0.813561 0.526002 -0.247872
v 65.9023 -76.5053 909.6
vn -0.882849 0.41948 -0.21122
v 64.6414 -76.2373 912.9
vn -0.847274 0.440187 -0.29726
v 65.0331 -75.0937 913.8
vn -0.614811 0.670525 -0.415216
v 65.2504 -75.4466 912.9
vn -0.749754 0.492207 -0.442268
v 65.5998 -74.9075 913.2
vn -0.845857 0.484698 -0.222695
v 64.8652 -75.3648 914.4
vn -0.773856 -0.394639 0.495386
v 65.4495 -74.2621 935.1
vn -0.708466 -0.503782 0.494247
v 66.4017 -75.078 936.3
vn -0.75463 -0.441684 0.48523
v 66.7562 -74.5399 937.2
vn -0.651331 -0.604037 0.459247
v 67.0217 -74.903 937.132
vn -0.689288 -0.539683 0.483348
v 67.0926 -74.5692 937.8
vn -0.778178 0.444534 -0.443654
v 66.3042 -73.217 913.2
vn -0.531212 0.658473 -0.533129
v 67.8237 -72.3132 912.3
vn -0.830422 0.374071 -0.412881
v 65.5907 -73.372 914.4
vn -0.890906 0.416098 -0.182068
v 65.6467 -72.7705 915
vn -0.784964 0.453296 -0.422321
v 65.9823 -72.2285 914.4
vn -0.880688 0.448559 -0.152262
v 65.8173 -72.1934 915
vn -0.48939 -0.646707 0.585036
v 65.299 -72.9072 936
vn -0.233794 -0.801749 0.550035
v 65.5547 -71.7039 937.8
vn -0.858192 -0.269274 0.437032
v 67.136 -72.167 939.3
vn -0.866953 -0.185109 0.462738
v 67.5028 -72.245 940.2
vn -0.345348 0.788501 -0.508922
v 67.4304 -71.5371 913.5
vn 0.118824 0.932479 -0.341122
v 67.7701 -71.3817 913.821
vn -0.661035 0.675527 -0.326644
v 66.2722 -71.6767 914.7
vn -0.755745 0.626677 -0.190066
v 66.3029 -71.0698 916.73
vn -0.362271 0.874444 -0.322657
v 67.1993 -71.1813 914.4
vn -0.851365 0.482925 -0.204844
v 65.8228 -71.5812 918.6
vn -0.915903 0.390512 -0.0928553
v 66.1144 -71.3365 917.1
vn -0.72177 0.629789 -0.287078
v 66.1494 -69.5037 921.3
vn -0.724435 -0.417274 0.548705
v 67.2695 -70.8512 940.2
vn -0.542826 -0.586683 0.600952
v 66.0713 -69.2738 941.4
vn -0.235162 -0.780863 0.57875
v 66.2429 -69.9093 940.8
vn -0.832468 -0.175394 0.52558
v 67.9797 -70.8128 941.1
vn 0.0463945 0.961025 -0.272542
v 66.6932 -69.2335 921.3
vn -0.0656105 0.972465 -0.223623
v 66.2798 -68.2926 926.1
vn 0.164729 0.977966 -0.128246
v 66.5245 -68.5842 924.3
vn 0.209608 0.944367 -0.253449
v 66.3398 -68.0106 927.341
vn -0.889112 -0.119358 0.441853
v 66.7401 -67.1756 943.2
vn -0.76725 -0.384376 0.513402
v 67.3567 -67.3067 944.4
vn -0.45548 -0.698508 0.551928
v 67.6383 -67.6732 944.294
vn -0.696833 -0.535731 0.476883
v 66.6716 -66.4494 943.5
vn -0.758459 -0.465726 0.455895
v 68.3386 -65.6752 947.4
vn 0.404307 0.914457 -0.0174249
v 67.8432 -62.3806 950.7
vn 0.305354 0.927425 0.215969
v 67.8393 -62.399 951
vn -0.628369 0.0230002 0.777575
v 67.8183 -62.4976 951.258
vn -0.096233 0.435433 0.895063
v 68.0758 -62.7292 951.3
vn -0.584575 -0.546464 0.599708
v 68.0494 -62.8534 951.326
vn 0.350376 0.529427 0.772622
v 68.1118 -62.5599 951.168
vn 0.0822294 0.927902 0.363643
v 68.6811 -62.7672 951.6
vn -0.495492 -0.627906 0.600185
v 68.641 -62.9561 951.9
vn -0.549993 -0.683791 0.479518
v 69.5398 -64.0903 951.3
vn -0.953567 -0.264759 0.143572
v 60.1603 -119.143 846.3
vn -0.970839 0.120711 -0.207123
v 59.9403 -117.563 847.2
vn -0.996133 0.0767267 0.0428076
v 59.8715 -117.548 847.8
vn -0.58169 -0.583181 0.567041
v 60.325 -117.951 847.987
vn -0.857823 0.41835 -0.298535
v 60.441 -117.056 846
vn -0.971215 0.235172 -0.0378849
v 59.9642 -116.955 847.8
vn -0.827197 0.490772 -0.273658
v 60.2054 -116.699 847.5
vn -0.957169 0.240549 -0.161135
v 60.287 -115.796 848.7
vn -0.71797 -0.468426 0.514874
v 60.407 -117.049 849
vn -0.861807 -0.364509 0.352734
v 60.3632 -115.506 850.2
vn -0.699944 -0.563402 0.438927
v 60.7397 -116 850.5
vn -0.945584 0.2173 -0.242181
v 60.7338 -113.131 849
vn -0.897527 0.201025 -0.392472
v 60.8401 -114.074 848.1
vn -0.784107 0.394181 -0.479373
v 60.9969 -113.494 848.1
vn -0.997725 -0.061918 0.0266722
v 60.5769 -113.711 851.1
vn -0.998056 -0.053262 -0.0323613
v 60.4449 -113.07 851.4
vn -0.940685 0.276098 -0.197183
v 60.6522 -112.5 850.2
vn -0.993303 -0.0758863 -0.0871276
v 60.6549 -113.728 851.7
vn -0.975639 -0.0457307 -0.214562
v 60.444 -113.683 852.3
vn -0.991361 -0.0892507 0.0961085
v 60.3844 -113.67 852.9
vn -0.990981 -0.120246 0.0591441
v 60.425 -113.152 852.3
vn -0.981635 -0.176823 0.0716038
v 60.4815 -114.329 852.3
vn -0.769084 -0.513479 0.380589
v 60.6113 -113.718 853.554
vn -0.642793 0.555025 -0.527981
v 61.6569 -110.567 850.2
vn -0.91696 0.330603 -0.223354
v 60.4084 -109.995 852.9
vn -0.996733 0.0752495 -0.0293369
v 60.3809 -109.989 855.6
vn -0.978955 -0.0940345 0.181122
v 60.8154 -112.228 855.6
vn -0.989052 0.143599 0.0339887
v 60.8411 -111.927 855.6
vn -0.844899 -0.412999 0.339966
v 61.1062 -111.063 857.7
vn -0.996769 0.075907 0.0262437
v 61.1163 -110.452 856.8
vn -0.999012 0.0270701 0.0352475
v 61.0155 -110.431 857.7
vn -0.878596 0.438565 -0.18902
v 60.7762 -109.46 852.9
vn -0.741839 0.520407 -0.422907
v 61.3548 -108.969 852.3
vn -0.926494 0.343576 -0.153506
v 60.5377 -109.409 854.4
vn -0.950687 0.217403 -0.221203
v 60.4667 -108.627 855.9
vn -0.787028 0.481255 -0.38598
v 60.6387 -107.897 856.2
vn -0.851172 0.460612 -0.25168
v 60.8046 -108.852 854.4
vn -0.865509 0.443714 -0.232406
v 60.4581 -107.552 856.8
vn -0.971703 0.224676 -0.0728941
v 60.4764 -107.556 857.4
vn -0.8356 -0.403962 0.372273
v 61.0258 -109.513 857.1
vn -0.987749 -0.106259 0.114288
v 61.12 -109.533 859.8
vn -0.998766 0.049283 0.00613891
v 61.0568 -108.906 859.8
vn -0.680919 -0.606097 0.411091
v 61.6303 -108.925 861.6
vn -0.811739 -0.516707 0.272201
v 62.5983 -108.62 863.7
vn -0.317806 0.693376 -0.646706
v 62.4833 -106.355 854.1
vn -0.942109 0.291584 -0.165561
v 61.1715 -107.397 855
vn -0.956174 0.263746 -0.12716
v 61.1486 -107.392 855.9
vn -0.781632 0.582329 -0.223484
v 60.658 -107.288 857.1
vn -0.992078 0.0482889 -0.115973
v 60.5085 -106.987 858
vn -0.882029 0.332644 -0.333726
v 60.5966 -106.968 857.7
vn -0.545657 0.63348 -0.5486
v 60.7619 -105.796 858.6
vn -0.715599 0.56805 -0.406494
v 61.0367 -107.061 856.8
vn -0.816373 0.460282 -0.34882
v 61.184 -105.253 858.83
vn -0.530239 0.675643 -0.512205
v 60.9479 -105.202 859.2
vn -0.793451 -0.456506 0.40254
v 61.0707 -105.842 861.6
vn -0.961438 -0.207403 0.180611
v 61.3555 -105.889 862.2
vn -0.711548 -0.588412 0.384019
v 62.2677 -107.369 864.9
vn -0.816012 -0.523182 0.245773
v 62.6512 -105.564 871.492
vn -0.985483 0.160469 -0.0554433
v 61.3569 -104.676 858.6
vn -0.533373 0.66218 -0.526337
v 62.1933 -103.627 857.4
vn -0.186576 0.753927 -0.629907
v 62.7666 -103.579 857.1
vn -0.770072 0.525308 -0.361995
v 61.2478 -104.039 860.1
vn -0.970306 0.238 -0.0431606
v 61.5147 -103.483 860.1
vn -0.962594 -0.168885 0.211876
v 61.2464 -104.959 863.25
vn -0.995778 -0.0131591 0.0908466
v 61.8155 -103.24 869.7
vn -0.90057 -0.352518 0.25437
v 61.9182 -103.568 870.3
vn -0.946035 -0.258365 0.195618
v 62.439 -104.906 871.8
vn -0.836032 -0.447588 0.317357
v 62.776 -104.977 872.95
vn -0.924813 -0.169065 0.340791
v 62.7509 -103.439 874.2
vn -0.845587 -0.341225 0.410546
v 63.1653 -103.833 874.8
vn -0.936087 0.32184 -0.141988
v 61.5459 -102.569 859.8
vn -0.984966 0.0870629 0.149208
v 61.7945 -102.009 860.7
vn -0.688732 0.62297 -0.370885
v 62.0999 -101.767 860.1
vn 0.138961 0.763907 -0.630187
v 63.7609 -101.787 859.2
vn -0.947525 0.301925 -0.105059
v 62.1191 -101.157 862.8
vn -0.845098 -0.209113 0.492016
v 61.8018 -101.703 866.7
vn -0.964424 0.25089 0.0833078
v 61.8284 -102.322 867
vn -0.862346 0.490265 -0.126487
v 62.3026 -101.196 868.5
vn -0.902656 -0.106406 0.417001
v 62.5007 -100.625 867.9
vn -0.937453 0.332281 -0.103787
v 61.944 -101.734 868.8
vn -0.986246 -0.0116615 0.16487
v 61.9723 -102.66 871.2
vn -0.939658 0.0272862 0.341026
v 63.1747 -100.768 875.7
vn -0.927981 0.344021 -0.143179
v 62.2247 -99.6464 863.4
vn -0.344229 0.760631 -0.550407
v 62.9877 -99.6528 862.2
vn -0.873562 0.428093 -0.231571
v 62.1559 -99.6317 865.2
vn -0.629853 -0.429696 0.647028
v 62.2444 -100.264 867.826
vn -0.789976 -0.353935 0.500667
v 62.7695 -98.842 869.7
vn -0.944547 0.328375 0.000860493
v 62.7235 -100.366 868.8
vn -0.830211 0.49699 -0.252488
v 62.6226 -100.344 869.4
vn -0.972965 0.208841 0.0986081
v 62.31 -99.3578 871.8
vn -0.834244 0.491122 -0.250671
v 62.544 -98.8541 871.8
vn -0.865954 -0.00562127 0.500093
v 64.1922 -99.7579 877.911
vn -0.712242 -0.507626 0.484796
v 62.8556 -97.9402 870.6
vn -0.704946 -0.531495 0.469642
v 62.58 -97.2419 871.2
vn -0.666867 -0.550003 0.502777
v 63.1556 -96.4705 872.7
vn -0.899816 -0.25364 0.354963
v 63.3261 -97.7336 871.8
vn -0.801693 0.522623 -0.290093
v 63.2051 -97.4011 872.7
vn -0.873564 0.463851 -0.147404
v 63.5812 -95.9476 874.8
vn -0.936879 0.024396 0.348803
v 64.1625 -96.6845 876.6
vn 0.200137 0.789743 -0.579872
v 64.9591 -94.7069 868.517
vn -0.882098 0.439246 -0.170192
v 63.3877 -94.9863 869.1
vn -0.638689 0.665062 -0.387
v 63.6564 -94.7367 868.8
vn -0.187385 0.820121 -0.540636
v 64.2215 -93.8481 869.7
vn -0.900062 -0.224187 0.373669
v 63.8225 -94.1586 876
vn -0.934887 -0.126737 0.331548
v 64.1462 -93.9207 876.9
vn 0.178061 0.844058 -0.505827
v 64.9955 -93.0925 870.9
vn -0.639464 0.704385 -0.308104
v 64.2219 -92.4033 872.377
vn -0.85548 -0.232541 0.462687
v 63.8116 -92.3161 877.5
vn -0.92211 0.0547268 0.383039
v 63.6974 -91.9851 877.381
vn -0.925654 -0.162206 0.341839
v 64.4544 -91.8393 879
vn -0.875719 -0.249488 0.413367
v 64.8349 -93.4537 879.3
vn 0.0384938 0.910297 -0.412162
v 65.4141 -91.1232 874.84
vn -0.955059 0.242197 0.17089
v 64.5526 -90.6334 879.3
vn -0.774314 0.620081 -0.126242
v 65.5266 -89.1512 879.6
vn 0.0846563 0.884451 -0.45889
v 66.3475 -89.618 878.7
vn -0.844826 -0.408707 0.345295
v 65.5393 -90.2297 883.2
vn -0.832601 -0.445146 0.329577
v 66.1345 -90.3563 883.8
vn -0.965241 -0.25417 0.0608936
v 66.2949 -91.0038 883.8
vn -0.842972 -0.468286 0.264776
v 66.2317 -90.3769 885.3
vn -0.729537 -0.60828 0.312682
v 66.1483 -89.4391 886.8
vn -0.812086 0.581106 -0.0532154
v 65.5243 -88.0796 882.3
vn -0.131172 0.908762 -0.396163
v 66.0773 -88.0031 882
vn -0.7808 -0.529847 0.331078
v 65.2671 -88.3317 885.3
vn -0.972009 0.229239 0.0514491
v 65.387 -88.3648 883.8
vn -0.738071 -0.570418 0.360381
v 65.5103 -88.6901 885.3
vn -0.209479 0.910629 -0.356192
v 66.5199 -87.364 883.5
vn -0.875714 -0.44415 0.189358
v 65.4359 -87.4474 887.4
vn -0.911192 0.382816 -0.152251
v 65.4918 -86.8459 886.8
vn -0.567505 -0.812929 0.130712
v 66.6466 -86.7679 896.4
vn -0.417056 0.842827 -0.340158
v 66.5494 -85.7821 886.8
vn -0.971543 0.220566 -0.0863444
v 65.4818 -85.9237 889.8
vn -0.69202 0.664143 -0.282882
v 65.7368 -85.6712 888.9
vn -0.998588 0.036528 -0.0385832
v 65.4571 -85.6117 892.5
vn -0.869985 -0.48364 0.0960101
v 65.5872 -85.9461 894.3
vn -0.858206 -0.512628 -0.0263713
v 67.5077 -84.5141 911.4
vn -0.812501 -0.578731 -0.0700907
v 67.0696 -84.778 915.9
vn -0.902583 -0.422242 -0.0840008
v 67.3523 -84.8909 914.7
vn -0.649243 -0.751 0.120341
v 67.0627 -84.8101 919.8
vn -0.539614 0.724671 -0.428565
v 65.9368 -83.8735 891.9
vn -0.710305 -0.681778 0.175062
v 65.8099 -83.4895 907.8
vn -0.737867 -0.671976 0.0632583
v 65.9244 -82.9508 911.287
vn -0.533667 -0.84235 0.0751429
v 66.4085 -83.5592 910.5
vn -0.635461 -0.771775 -0.0234862
v 66.6893 -83.6812 911.4
vn -0.685717 -0.721272 -0.0977743
v 66.965 -83.8272 910.8
vn -0.716883 -0.6932 0.0745195
v 66.9749 -83.7803 910.2
vn -0.80977 -0.585254 -0.0418353
v 66.68 -83.7248 915.083
vn -0.861512 -0.507378 0.0190909
v 66.2233 -83.6277 920.4
vn -0.701748 -0.67261 0.234833
v 65.7816 -82.18 924.3
vn -0.38259 0.790938 -0.477537
v 67.7674 -81.4951 893.4
vn -0.549347 0.789578 -0.273466
v 67.4134 -79.5868 897.9
vn -0.546463 0.785545 -0.290341
v 66.5971 -79.4133 900.3
vn -0.585492 -0.702842 0.403995
v 66.9553 -80.987 929.4
vn -0.385053 -0.822556 0.418493
v 68.0365 -81.6721 929.1
vn -0.559123 -0.666685 0.492862
v 68.0042 -80.3809 931.5
vn -0.284788 0.885728 -0.366581
v 68.6397 -78.8339 897.9
vn -0.51127 0.789396 -0.339788
v 67.8027 -78.4428 901.596
vn -0.509689 0.807624 -0.296582
v 68.9339 -78.0698 900.3
vn -0.667327 -0.597688 0.444346
v 66.709 -77.817 932.7
vn -0.135597 0.911995 -0.387142
v 69.436 -75.0879 905.1
vn -0.591342 -0.647471 0.480725
v 67.3137 -76.4147 935.4
vn -0.406658 0.81056 -0.421452
v 69.4076 -73.7784 908.7
vn 0.16313 0.923321 -0.34766
v 69.7361 -73.6757 909
vn -0.594425 0.592552 -0.543636
v 67.9603 -72.9556 911.4
vn -0.392938 0.755378 -0.524408
v 68.1573 -72.4462 911.7
vn -0.308015 0.786324 -0.535557
v 68.4346 -72.5844 911.4
vn -0.602986 -0.66089 0.446803
v 67.793 -74.1469 939
vn -0.792643 -0.417895 0.443937
v 67.5571 -73.8271 939
vn -0.61426 -0.620085 0.488036
v 67.8478 -73.9021 939.6
vn -0.459128 -0.733214 0.501596
v 68.0672 -74.313 939
vn -0.409981 -0.672664 0.615986
v 68.4269 -74.0636 939.6
vn -0.0206024 0.901475 -0.43234
v 68.2513 -72.0039 912.6
vn -0.636108 -0.477278 0.606277
v 68.5459 -72.0606 942
vn -0.861888 -0.0557921 0.504021
v 69.1934 -70.4574 943.698
vn 0.444609 0.869061 -0.216924
v 70.8589 -68.3937 933.9
vn -0.530443 -0.632826 0.564058
v 68.8121 -67.9227 944.648
vn -0.893583 0.175096 0.41334
v 69.3182 -69.8705 943.719
vn -0.810226 -0.198418 0.551511
v 70.1696 -69.4381 945.3
vn -0.653896 -0.40975 0.636023
v 70.2478 -69.8256 945.3
vn -0.548477 -0.673975 0.494905
v 69.6869 -65.2501 949.8
vn 0.332818 0.919919 0.20732
v 71.4717 -63.8875 952.5
vn 0.710132 -0.700851 -0.0672307
v 71.5083 -63.8953 952.537
vn 0.478867 0.853689 -0.204697
v 71.7394 -64.2511 951.204
vn 0.710132 -0.700851 -0.0672307
v 71.5015 -63.9274 952.8
vn 0.710132 -0.700851 -0.0672307
v 71.5289 -63.8997 952.8
vn -0.986154 -0.155037 -0.0588542
v 60.9476 -127.591 823.8
vn -0.96549 0.259816 -0.0180129
v 60.9687 -127.289 823.8
vn -0.985954 0.143862 -0.08485
v 61.2191 -125.502 832.8
vn -0.978152 -0.166425 -0.124582
v 61.1073 -125.172 837
vn -0.885588 -0.464456 0.00386383
v 60.8918 -125.126 838.2
vn -0.718101 -0.657033 0.229433
v 60.7753 -124.49 841.2
vn -0.888501 -0.4327 0.152765
v 61.1218 -124.868 841.2
vn -0.998857 -0.0433794 0.0200572
v 61.3126 -125.829 842.1
vn -0.99786 -0.0186131 0.0626836
v 61.3613 -125.533 841.8
vn -0.92704 -0.295343 0.231017
v 61.3402 -125.835 843
vn -0.740595 0.651202 -0.165696
v 61.7034 -123.765 834.3
vn -0.928596 0.338425 -0.152245
v 61.1935 -124.27 836.4
vn -0.683845 0.708682 -0.173569
v 61.7795 -123.475 836.7
vn -0.989231 -0.0225452 -0.144617
v 60.5672 -124.444 838.8
vn -0.844471 0.500174 -0.191558
v 60.6754 -124.16 838.8
vn -0.924705 -0.373156 0.0753361
v 60.4278 -124.107 841.2
vn -0.96783 0.206369 -0.143931
v 60.426 -123.8 841.2
vn -0.955152 0.0959135 -0.280151
v 60.7873 -122.957 840.3
vn -0.95039 0.234075 -0.204861
v 60.713 -123.555 840.3
vn -0.998012 0.0442617 -0.044875
v 60.2692 -122.847 842.7
vn -0.796074 -0.53383 0.285118
v 60.672 -123.534 843.3
vn -0.980166 -0.00894525 0.197978
v 61.553 -124.653 844.2
vn -0.907991 -0.32555 0.263761
v 61.6044 -124.051 844.5
vn -0.784181 -0.505197 0.360328
v 61.3758 -123.108 845.4
vn -0.893107 0.356007 -0.27499
v 61.2166 -121.208 839.7
vn -0.677749 0.610989 -0.409082
v 61.566 -120.669 839.7
vn -0.913135 0.195624 -0.357654
v 61.3853 -121.857 838.5
vn -0.825479 0.378926 -0.41833
v 61.7485 -121.321 838.2
vn 0.144343 0.877042 -0.458217
v 62.0488 -121.385 838.167
vn -0.0355017 0.793136 -0.608009
v 62.2676 -120.355 839.7
vn -0.994188 0.0996186 0.0408325
v 60.4665 -121.355 844.5
vn -0.957288 0.204758 -0.20414
v 60.4738 -121.05 842.7
vn -0.999184 0.026664 -0.0303314
v 60.3821 -121.031 843.3
vn -0.986488 0.134348 -0.0937683
v 60.5023 -120.443 843.6
vn -0.972233 0.188685 -0.138422
v 60.4701 -121.969 843.3
vn -0.998314 -0.0479207 -0.0327539
v 60.5004 -121.669 842.7
vn -0.986472 -0.121747 0.109771
v 60.5087 -120.751 844.8
vn -0.937841 -0.219261 0.269033
v 60.4558 -121.966 844.8
vn -0.936104 -0.189845 0.296089
v 60.8498 -121.13 846.3
vn -0.911406 -0.26078 0.318329
v 60.7687 -120.193 846.693
vn -0.883784 -0.308345 0.351922
v 61.6458 -120.992 848.4
vn -0.803427 0.438406 -0.40287
v 61.5606 -119.748 840.9
vn -0.416841 0.683085 -0.599698
v 61.861 -119.383 840.9
vn 0.142897 0.739129 -0.658231
v 62.192 -119.268 841.005
vn -0.923616 0.248273 -0.292051
v 60.904 -118.688 843.3
vn -0.79679 -0.319626 0.512801
v 60.8307 -118.672 847.8
vn -0.52748 -0.600164 0.601305
v 61.0049 -117.638 848.7
vn -0.965771 0.0488217 0.254759
v 61.2342 -118.758 849
vn -0.894243 -0.20607 0.397322
v 61.4488 -117.884 849
vn -0.945582 -0.0953362 0.311103
v 61.4155 -118.797 849.9
vn -0.956072 0.261347 0.132754
v 61.4364 -118.494 849.859
vn -0.949871 0.279492 0.140105
v 61.5561 -118.213 849.6
vn -0.975591 0.142454 0.167117
v 61.8963 -117.672 851.4
vn -0.840839 -0.31891 0.437362
v 62.4324 -117.786 852.3
vn -0.192513 0.720906 -0.665757
v 62.2912 -115.916 844.585
vn 0.20248 0.693162 -0.691757
v 62.5793 -116.003 844.5
vn -0.801805 0.476982 -0.359996
v 61.2389 -115.692 846.3
vn -0.738441 0.525337 -0.422761
v 61.2398 -116.612 844.8
vn -0.795385 0.339524 -0.502082
v 61.5851 -114.909 846.3
vn -0.598235 0.568834 -0.564396
v 61.9047 -115.22 845.7
vn -0.555059 -0.658689 0.507974
v 61.1798 -115.373 851.944
vn -0.583005 -0.638328 0.502636
v 61.2116 -116.666 850.2
vn -0.976366 0.139756 0.164854
v 61.8899 -117.364 851.1
vn -0.684649 -0.571989 0.451757
v 61.6899 -115.788 852
vn -0.677744 -0.578155 0.454313
v 61.5877 -114.896 852.9
vn -0.898724 -0.264232 0.349965
v 62.6704 -115.383 854.7
vn 0.0620964 0.69475 -0.716566
v 62.4783 -115.035 845.454
vn -0.561702 0.546448 -0.621197
v 61.6098 -113.35 847.5
vn -0.768925 -0.483839 0.417917
v 63.19 -114.573 856.434
vn -0.946206 -0.230453 0.227124
v 64.0543 -113.223 859.5
vn -0.765653 -0.53741 0.353506
v 63.8137 -111.639 861.075
vn -0.920713 -0.351752 0.16899
v 64.1407 -110.788 864.6
vn -0.833549 -0.493251 0.248796
v 63.4367 -109.083 865.2
vn -0.838932 -0.513739 0.179625
v 64.1483 -109.87 867.6
vn -0.914579 -0.382886 0.130166
v 64.8221 -109.093 872.7
vn -0.968453 -0.200762 0.147628
v 64.8873 -108.493 875.1
vn 0.101163 0.719733 -0.686841
v 63.1758 -105.983 854.419
vn -0.942993 -0.3137 0.111158
v 63.6704 -107.928 870.3
vn -0.823645 -0.521312 0.223252
v 63.2381 -105.689 872.631
vn -0.901158 -0.359922 0.241599
v 63.4789 -105.74 873.3
vn -0.926038 -0.333803 0.176153
v 63.6283 -106.999 873.3
vn -0.948266 -0.163698 0.272019
v 63.7466 -106.104 875.1
vn -0.828323 -0.430362 0.358705
v 63.9893 -106.484 875.4
vn -0.833368 -0.456317 0.311886
v 64.5792 -107.508 875.1
vn -0.814099 -0.353418 0.460803
v 64.1906 -106.198 876
vn -0.916778 -0.207004 0.341566
v 64.9497 -106.666 876.9
vn -0.948423 -0.222642 0.225665
v 65.1193 -108.236 877.2
vn -0.961777 -0.133395 0.239147
v 63.6879 -105.478 874.5
vn -0.920109 -0.110195 0.375842
v 64.0575 -105.25 876.3
vn -0.842723 -0.156621 0.515062
v 65.2296 -103.659 879
vn -0.881378 -0.0574554 0.468904
v 65.7063 -105.294 879.3
vn -0.885228 -0.154209 0.438852
v 64.0384 -102.792 876.9
vn -0.86202 -0.0298775 0.505993
v 65.0746 -103.012 878.7
vn -0.795089 -0.0580378 0.60371
v 66.4319 -101.767 881.1
vn -0.835516 0.0989922 0.540475
v 66.9281 -99.726 881.4
vn -0.763637 -0.0447488 0.644093
v 66.5581 -98.7273 880.99
vn 0.402349 0.71942 -0.566171
v 67.0132 -95.1435 869.338
vn -0.827507 -0.116151 0.549309
v 66.4249 -95.9386 881.1
vn -0.890559 -0.352469 0.287525
v 66.4677 -91.938 883.2
vn -0.809459 -0.381711 0.446176
v 67.2204 -92.7259 883.8
vn -0.739208 -0.55151 0.386533
v 67.5306 -91.2664 885.865
vn -0.745751 -0.606108 0.276565
v 67.6343 -89.3356 889.5
vn -0.944943 -0.313819 0.0927328
v 68.5316 -90.5591 890.4
vn -0.969999 -0.242504 -0.0171396
v 68.367 -90.2174 892.35
vn -0.955235 -0.286561 0.0735394
v 68.3665 -90.524 893.4
vn -0.902451 -0.374324 0.213222
v 68.5206 -90.25 894.6
vn 0.0570464 0.8974 -0.437515
v 68.1723 -86.8047 884.1
vn -0.815156 -0.546889 0.190874
v 66.8982 -88.4699 890.7
vn -0.766889 -0.56483 0.304711
v 67.9247 -88.5899 892.2
vn -0.930449 -0.352023 0.101711
v 68.052 -89.2303 891.3
vn -0.98984 -0.118685 0.0782952
v 68.0887 -89.2381 892.2
vn -0.918109 -0.316541 0.238491
v 68.0426 -88.8577 892.2
vn -0.87473 -0.392867 0.283732
v 68.092 -88.6254 892.485
vn -0.38686 -0.861543 0.32876
v 67.6362 -87.884 893.4
vn -0.245033 -0.929592 0.275351
v 67.6922 -87.6203 894.182
vn -0.987062 -0.148434 -0.0606285
v 68.1291 -88.3266 894.3
vn -0.309907 -0.883879 0.350307
v 67.9501 -87.8501 893.7
vn -0.453453 -0.88243 0.12529
v 67.9821 -87.6994 894.3
vn -0.996129 -0.0763794 0.0435084
v 68.1162 -89.244 893.7
vn -0.997728 0.0362454 0.0567887
v 68.1328 -88.9408 892.8
vn -0.985232 -0.167115 0.0372849
v 68.2071 -88.3432 893.7
vn -0.743469 -0.667688 0.03804
v 67.4836 -87.576 897.3
vn -0.792521 -0.602616 0.0936137
v 67.8948 -88.1102 900.9
vn -0.780387 -0.577428 0.239943
v 68.2167 -88.0385 902.285
vn -0.763867 -0.617858 0.186437
v 69.0347 -88.5191 904.25
vn -0.85228 -0.465002 0.239566
v 68.8316 -87.8625 904.8
vn -0.801027 -0.567075 0.191785
v 68.7075 -87.1724 905.7
vn -0.819461 -0.56867 0.0713955
v 69.5038 -87.6987 910.2
vn -0.939327 -0.334858 -0.0744052
v 69.2966 -87.348 914.7
vn -0.991337 -0.129561 -0.0215361
v 68.9426 -87.2727 917.4
vn -0.787731 -0.612693 -0.0639319
v 69.0891 -87.6105 916.8
vn -0.901071 -0.426317 0.0795289
v 69.1948 -87.3263 919.8
vn -0.201874 0.906048 -0.37192
v 67.8602 -85.3869 886.8
vn -0.398997 0.828992 -0.391886
v 67.6896 -84.7468 889.2
vn -0.0884037 0.889587 -0.44813
v 68.6094 -84.7483 888.114
vn -0.669317 -0.72171 0.176492
v 67.9139 -86.5772 905.7
vn -0.740221 -0.663815 0.106874
v 68.0211 -86.0729 909.3
vn -0.564209 -0.810555 0.157059
v 68.2561 -86.4104 908.7
vn -0.676417 -0.725964 0.124247
v 68.822 -86.6337 909.188
vn -0.954426 -0.296384 0.0350307
v 67.6295 -85.1534 911.1
vn -0.55473 -0.831689 0.023825
v 68.0884 -85.7565 913.5
vn -0.571133 -0.820808 -0.0090306
v 68.3536 -85.9519 913.8
vn -0.609673 -0.792589 -0.0100349
v 68.6412 -86.0417 913.2
vn -0.683155 -0.730186 -0.0112607
v 68.8591 -86.3349 913.8
vn -0.883743 -0.467481 0.0214505
v 69.1913 -86.7122 912.3
vn -0.732078 -0.681216 -0.00279467
v 67.5853 -85.2374 914.7
vn -0.998393 -0.00934877 -0.0558902
v 69.1774 -86.7092 915.9
vn -0.463113 -0.886115 -0.0180784
v 68.1127 -85.6419 918.6
vn -0.393284 -0.918987 0.0281269
v 68.3964 -85.7501 918.3
vn -0.674378 -0.738356 0.00667828
v 68.6684 -85.9134 917.7
vn -0.584767 -0.804544 -0.103715
v 68.6772 -85.8721 918.6
vn -0.980257 0.145528 -0.133855
v 69.0765 -86.6878 917.4
vn -0.995403 0.0403883 -0.0868388
v 69.0169 -86.6751 917.7
vn -0.934976 -0.332636 -0.123179
v 69.0976 -86.3856 917.4
vn -0.929669 -0.35214 -0.108224
v 68.983 -86.3612 917.7
vn -0.937689 -0.347281 -0.011593
v 69.0884 -86.3836 918.6
vn -0.683557 -0.699792 0.207465
v 68.1196 -85.6098 919.8
vn -0.651629 -0.755049 -0.0726723
v 68.377 -85.8418 919.2
vn -0.558291 -0.799647 0.221079
v 68.4715 -85.3971 921
vn -0.790976 -0.588802 0.166337
v 68.6148 -86.1655 919.8
vn -0.76926 -0.537369 0.34565
v 68.6533 -85.9844 920.216
vn -0.689318 -0.634726 0.349233
v 68.7104 -85.7162 920.7
vn -0.890647 -0.452652 -0.0430498
v 68.9619 -86.6634 919.8
vn -0.976437 -0.190551 0.101294
v 69.0077 -86.6732 921
vn -0.898339 -0.355678 0.257838
v 68.8844 -86.3402 920.287
vn -0.996564 -0.0582902 0.058842
v 69.0958 -86.0785 921.3
vn -0.806757 -0.564742 0.173811
v 69.0165 -85.719 921.3
vn -0.99575 -0.0905487 0.0168006
v 69.0829 -86.9958 919.2
vn -0.639437 -0.755113 0.144653
v 68.2414 -85.0367 922.5
vn -0.898366 -0.435676 0.0559037
v 68.9519 -85.7412 922.8
vn -0.924259 -0.361285 0.123364
v 69.0857 -86.6897 921.6
vn -0.980396 -0.194273 0.0328899
v 69.0133 -86.0609 922.2
vn -0.864166 -0.461996 0.199442
v 69.2402 -86.1092 923.433
vn -0.735852 -0.599293 0.31523
v 68.841 -85.1018 924.3
vn -0.325403 0.804771 -0.496444
v 68.4048 -84.2677 889.2
vn 0.0549136 0.850957 -0.522356
v 69.0807 -83.9739 889.5
vn -0.511052 -0.746116 0.426775
v 68.1905 -82.3901 927.9
vn -0.702928 -0.575105 0.418505
v 69.7524 -83.6997 927.9
vn -0.498962 -0.744383 0.443769
v 68.8476 -82.1847 928.8
vn -0.619031 -0.654847 0.433563
v 69.1926 -80.5616 932.4
vn -0.578684 -0.733079 0.357379
v 69.3993 -81.0321 931.8
vn -0.805711 -0.495113 0.325104
v 69.6656 -80.9856 932.7
vn -0.630004 -0.714417 0.304472
v 69.9082 -81.5236 931.8
vn -0.374108 -0.844819 0.382522
v 70.4971 -81.6392 932.7
vn -0.885831 -0.390493 0.250637
v 70.1134 -80.5584 934.5
vn -0.423094 -0.838773 0.34271
v 70.266 -81.2834 933.6
vn -0.5286 -0.700747 0.479098
v 70.4629 -80.3572 935.7
vn 0.0307917 0.866018 -0.499063
v 68.8532 -79.2723 897
vn -0.245011 0.891179 -0.381799
v 69.4098 -78.0967 899.4
vn 0.0529485 0.865519 -0.49807
v 70.0298 -78.0655 899.4
vn -0.212702 0.854574 -0.473774
v 69.8056 -77.6776 900
vn -0.959505 -0.172588 0.222627
v 69.9619 -79.2084 935.1
vn -0.986848 -0.0760221 0.142662
v 70.0416 -79.5321 935.7
vn -0.774034 -0.439116 0.456124
v 69.9839 -78.293 936
vn -0.88029 -0.269117 0.390725
v 70.1517 -79.5555 936.3
vn -0.94879 -0.0291973 0.314557
v 70.1815 -78.795 936.3
vn -0.898349 -0.116499 0.423553
v 70.4516 -78.3924 936.9
vn -0.883525 -0.0665126 0.463637
v 70.5061 -78.7107 937.019
vn -0.618717 -0.480895 0.621232
v 70.6748 -79.36 937.057
vn -0.787591 -0.297384 0.539687
v 70.862 -78.4796 937.776
vn -0.452109 -0.616953 0.644179
v 71.093 -78.8354 937.749
vn -0.444085 0.777319 -0.445604
v 69.4131 -76.6381 902.025
vn 0.0901143 0.877942 -0.470209
v 70.2598 -76.9835 901.2
vn -0.571215 -0.611658 0.547347
v 69.707 -75.2558 939.6
vn -0.756003 -0.427365 0.495801
v 70.8185 -77.2412 938.4
vn 0.296308 0.909921 -0.29025
v 71.6289 -73.4287 911.182
vn -0.725626 -0.362084 0.585117
v 70.2367 -73.4395 941.7
vn -0.501077 -0.624083 0.599535
v 72.091 -74.1403 943.085
vn -0.819953 -0.191615 0.539407
v 71.1044 -73.0105 943.215
vn -0.68664 -0.41984 0.593515
v 71.6912 -73.1353 944.031
vn -0.721804 -0.363794 0.588772
v 71.5189 -71.0604 944.4
vn -0.762503 -0.356954 0.539605
v 72.54 -71.4755 945.9
vn -0.735154 -0.380869 0.560792
v 72.7705 -71.2177 946.5
vn -0.589975 -0.565551 0.576265
v 71.5154 -68.1907 947.669
vn -0.330672 -0.718134 0.612323
v 72.1135 -68.2627 948
vn -0.422275 -0.674492 0.605594
v 72.6893 -65.0664 952.8
vn 0.447813 0.892835 -0.0480518
v 73.4596 -64.8157 953.1
vn 0.24303 0.862274 0.44432
v 73.6316 -64.96 953.4
vn -0.624436 -0.771627 0.121125
v 73.7105 -64.9768 953.7
vn -0.39634 -0.576745 0.714339
v 73.7204 -65.0319 953.4
vn -0.191369 0.930049 0.313667
v 73.7404 -64.9376 953.4
vn -0.446732 -0.699079 0.558317
v 73.8999 -65.6305 952.938
vn 0.464531 0.88278 -0.0700715
v 73.9997 -65.1605 952.8
vn -0.967244 -0.206266 -0.147962
v 62.3055 -130.334 814.8
vn -0.991255 -0.112765 -0.06854
v 62.0139 -130.578 818.1
vn -0.886746 -0.451416 -0.0995263
v 62.3614 -131.266 816.9
vn -0.92287 -0.384206 -0.0263923
v 62.0313 -131.196 820.8
vn -0.8228 -0.564405 0.0666917
v 62.0805 -131.206 822.9
vn -0.973769 -0.225966 -0.0266912
v 61.7782 -130.222 824.1
vn -0.9193 -0.393402 0.0110865
v 61.7167 -130.162 825.3
vn -0.877049 -0.476627 0.060098
v 61.9382 -130.562 824.986
vn -0.777766 -0.611295 0.14628
v 61.9582 -130.468 825.6
vn -0.988387 -0.0023589 -0.151939
v 62.8402 -128.607 810.3
vn -0.873749 -0.408836 -0.26347
v 63.0107 -129.564 810.6
vn -0.995551 0.0291157 -0.0896085
v 62.312 -129.108 816.3
vn -0.914162 0.272915 -0.299708
v 61.6243 -127.429 820.2
vn -0.980636 -0.111247 -0.161173
v 61.605 -128.038 820.2
vn -0.895704 0.420646 -0.144124
v 61.7711 -127.46 819.3
vn -0.928614 0.252509 -0.271875
v 61.3446 -127.369 820.8
vn -0.983172 -0.168472 0.070642
v 61.2712 -128.887 826.8
vn -0.619452 -0.761643 0.19021
v 62.742 -129.667 832.8
vn -0.867781 -0.488145 0.0931124
v 61.6714 -127.489 836.7
vn -0.814281 -0.569063 0.114516
v 62.9879 -128.025 842.7
vn -0.821108 -0.547382 0.161723
v 63.4171 -127.81 846.9
vn -0.978465 0.179284 -0.102286
v 62.9688 -125.567 810.6
vn -0.986021 0.043223 -0.16092
v 63.0622 -127.428 810.3
vn -0.946744 0.32088 -0.0266909
v 62.4277 -126.986 814.5
vn -0.759155 0.577539 -0.300221
v 61.9554 -126.886 820.2
vn -0.687067 0.70341 -0.182082
v 62.5471 -126.255 820.2
vn -0.69294 0.692063 -0.202195
v 61.9285 -126.279 821.4
vn -0.435438 0.894476 -0.101523
v 63.6698 -125.302 821.1
vn -0.463891 0.87652 -0.128519
v 62.7875 -125.124 824.7
vn -0.822988 0.561817 -0.0839829
v 61.5813 -125.579 828.3
vn -0.972346 -0.233543 0.00108086
v 61.3392 -126.448 838.2
vn -0.918782 -0.350159 0.182286
v 63.1241 -126.827 846.3
vn -0.970147 0.030976 -0.24053
v 63.9941 -123.945 805.8
vn -0.811539 0.573841 0.110052
v 63.6915 -123.881 809.7
vn -0.683888 0.698958 0.209178
v 63.7547 -124.508 812.1
vn -0.615678 0.782529 0.0926752
v 63.7169 -125.08 814.8
vn -0.409986 0.895931 -0.170939
v 63.2359 -124.457 828
vn -0.644237 0.723451 -0.248149
v 62.4596 -123.781 832.5
vn -0.294745 0.93131 -0.213979
v 62.803 -123.608 832.5
vn -0.438144 0.878198 -0.19183
v 62.219 -123.47 833.7
vn -0.410917 0.909679 -0.0602611
v 62.2288 -123.424 834.3
vn -0.229064 0.96366 -0.137436
v 62.881 -123.241 834.3
vn -0.191902 0.937945 -0.288848
v 64.199 -122.812 834.9
vn -0.862047 0.3493 -0.367239
v 62.2619 -122.964 836.4
vn -0.797139 0.505962 -0.329502
v 62.6104 -123.038 835.5
vn -0.836534 0.326602 -0.439934
v 62.4039 -122.6 836.4
vn -0.146433 0.85352 -0.500062
v 62.7415 -122.455 836.4
vn -0.856332 -0.357696 0.37249
v 62.1637 -124.17 845.7
vn -0.974498 -0.0348524 0.221672
v 62.3627 -124.519 846.3
vn -0.967785 -0.213746 0.133058
v 62.5067 -124.856 847.5
vn -0.96469 -0.133604 0.226986
v 63.0028 -124.348 850.5
vn -0.898224 0.437701 -0.0401398
v 64.1336 -122.748 805.8
vn 0.183025 0.778087 -0.600901
v 62.7882 -120.792 839.4
vn 0.050807 0.877669 -0.476566
v 63.2991 -121.274 838.8
vn -0.640415 -0.642324 0.421056
v 63.1841 -121.815 851.1
vn -0.916479 -0.220659 0.333731
v 63.3913 -122.284 850.631
vn -0.878587 -0.334369 0.341002
v 62.7838 -120.621 852
vn -0.675868 -0.569951 0.467288
v 63.1163 -120.692 852.727
vn -0.971094 0.215453 0.102747
v 64.0685 -121.814 853.5
vn -0.488669 -0.712654 0.503315
v 63.9342 -121.172 852.823
vn -0.977434 -0.0474966 0.205834
v 64.1653 -121.528 853.125
vn -0.983215 0.141915 0.114666
v 64.2299 -121.235 855.3
vn -0.924825 -0.185736 0.331964
v 64.2528 -122.773 855
vn 0.284216 0.701969 -0.653039
v 63.0503 -118.116 842.7
vn 0.355399 0.749308 -0.558775
v 64.8762 -118.183 843.3
vn -0.812417 -0.388381 0.434901
v 63.2873 -119.808 853.8
vn -0.706084 -0.564777 0.427167
v 63.9225 -119.943 854.4
vn -0.672528 -0.590984 0.445471
v 64.0565 -119.358 855.6
vn -0.893036 -0.310869 0.325342
v 64.496 -119.758 855.9
vn -0.986451 0.0794632 0.143526
v 64.5134 -120.375 855.9
vn -0.928964 -0.169507 0.329079
v 64.9581 -120.47 858
vn 0.58845 0.62836 -0.508813
v 64.9787 -117.701 844.2
vn 0.149005 0.933171 -0.327092
v 65.2594 -117.824 844.5
vn 0.301899 0.607545 -0.734674
v 64.8828 -116.709 845.1
vn 0.0532773 0.614854 -0.786839
v 65.2256 -116.539 845.229
vn -0.923466 -0.204426 0.324685
v 63.4645 -116.472 855.6
vn -0.897035 -0.288142 0.335115
v 64.1606 -115.7 858.3
vn -0.83493 -0.402365 0.375491
v 64.5518 -117.316 858.6
vn -0.892346 -0.336678 0.300609
v 64.9871 -118.022 858.3
vn -0.859352 -0.381279 0.340794
v 64.8437 -117.378 859.2
vn -0.972491 -0.0890173 0.215262
v 65.0995 -118.046 859.5
vn -0.92357 -0.200287 0.326961
v 65.5718 -116.613 861.3
vn -0.970993 -0.0828631 0.224293
v 65.7672 -116.348 862.2
vn 0.379127 0.572986 -0.726602
v 64.4885 -114.236 846.794
vn 0.292577 0.603888 -0.74143
v 64.9278 -114.943 846.6
vn -0.866208 -0.391297 0.310758
v 64.2414 -113.877 860.7
vn -0.989464 -0.0833997 0.118347
v 64.1185 -113.237 860.7
vn -0.954067 -0.129671 0.270076
v 64.7135 -115.51 860.1
vn -0.95201 -0.215461 0.217377
v 65.0501 -114.355 861.6
vn -0.998963 -0.0321402 0.03226
v 65.074 -113.747 863.4
vn -0.944264 -0.242893 0.222189
v 65.0373 -115.273 861.9
vn -0.736768 -0.535339 0.413019
v 65.2273 -115.62 861.9
vn -0.730964 -0.593725 0.336425
v 65.4493 -115.487 862.5
vn -0.81953 -0.513174 0.254997
v 65.6246 -115.397 863.1
vn -0.808988 -0.49126 0.322803
v 65.7062 -115.721 862.497
vn -0.832267 -0.459534 0.310099
v 66.0038 -114.558 865.5
vn -0.83763 -0.479262 0.262075
v 64.8474 -112.472 864
vn -0.978079 -0.193709 0.0764065
v 65.1933 -112.239 867.6
vn -0.829813 -0.504844 0.237787
v 65.3075 -112.57 867.6
vn -0.786547 -0.571686 0.233493
v 65.9191 -113.277 867.6
vn -0.837978 -0.511482 0.190206
v 65.899 -111.929 872.7
vn 0.34453 0.667135 -0.660476
v 65.6552 -110.19 851.237
vn -0.779959 -0.584054 0.224823
v 64.7032 -110.34 867.9
vn -0.971226 -0.224675 0.0789958
v 65.1063 -110.687 868.8
vn -0.988072 -0.15252 0.0212698
v 64.9486 -110.347 871.8
vn -0.915398 -0.370999 0.156223
v 65.0412 -109.753 874.5
vn -0.829877 -0.468612 0.302832
v 65.9087 -110.857 875.1
vn -0.805447 -0.487238 0.337424
v 65.354 -109.206 876.6
vn -0.742771 -0.543446 0.391098
v 66.1099 -109.494 877.5
vn -0.886739 -0.33022 0.323494
v 66.8248 -110.132 878.1
vn -0.870279 -0.325216 0.36993
v 66.9138 -108.924 879.6
vn -0.920335 -0.222267 0.321838
v 67.0467 -110.486 879.3
vn -0.973465 -0.0978737 0.206849
v 67.0569 -109.875 879.3
vn -0.952365 -0.111554 0.283825
v 67.121 -109.888 879.6
vn -0.857885 -0.319515 0.402422
v 65.3696 -107.982 878.1
vn -0.73302 -0.462425 0.498844
v 66.3321 -108.448 879.3
vn -0.817411 -0.238152 0.524522
v 66.7012 -107.039 880.8
vn -0.764256 0.0137587 0.644766
v 67.1028 -103.38 881.4
vn -0.859943 0.270074 0.43308
v 67.6955 -103.263 882.3
vn -0.846155 0.0500592 0.530581
v 67.8412 -103.907 882.9
vn -0.897315 0.264883 0.353076
v 68.4704 -101.894 882.9
vn -0.899295 0.262541 0.349772
v 68.2099 -102.759 883.2
vn -0.8825 0.187492 0.431324
v 67.7351 -99.8975 882.9
vn -0.53579 -0.259871 0.803366
v 67.5264 -101.387 882.11
vn -0.600341 -0.290608 0.745076
v 68.1756 -101.218 882.513
vn -0.835161 -0.0418196 0.548413
v 68.5814 -101.304 882.9
vn -0.909687 0.235752 0.341892
v 68.7437 -101.645 883.8
vn -0.935517 0.0986004 0.339244
v 69.0684 -100.794 884.1
vn -0.846788 0.0394034 0.530469
v 67.8567 -98.3899 882.381
vn -0.820647 -0.245813 0.515863
v 69.3161 -99.3135 885
vn -0.911252 -0.125493 0.392265
v 69.303 -97.3571 885.9
vn -0.888189 -0.180248 0.422648
v 68.7614 -96.1286 884.4
vn -0.917986 -0.294441 0.265719
v 69.2924 -95.3213 887.1
vn -0.929062 -0.283845 0.237224
v 68.9177 -93.3983 887.1
vn -0.948869 -0.298707 0.102089
v 69.0064 -93.4203 889.2
vn -0.813715 -0.502315 0.292485
v 69.6205 -94.4206 889.2
vn -0.876779 -0.44126 0.191176
v 69.9575 -92.3957 893.7
vn 0.264504 0.808117 -0.526294
v 69.0859 -89.7208 879.3
vn 0.430608 0.741441 -0.514628
v 70.8924 -89.8796 880.2
vn -0.880662 -0.456403 0.127005
v 68.7027 -91.5238 892.8
vn -0.767296 -0.569941 0.293978
v 68.7439 -91.3302 893.7
vn -0.662476 -0.621947 0.417502
v 68.8296 -90.9267 894.3
vn -0.638399 -0.718083 0.277134
v 68.9671 -91.7227 893.1
vn -0.54064 -0.74404 0.392573
v 69.0022 -91.5576 893.7
vn -0.612236 -0.711371 0.345136
v 69.5223 -91.9965 893.327
vn -0.662288 -0.666322 0.342622
v 69.6125 -91.5723 894.3
vn -0.846435 -0.518485 0.121334
v 69.3031 -90.1421 897.3
vn -0.820012 -0.557704 0.128636
v 69.4784 -90.7603 898.315
vn 0.281918 0.818731 -0.500202
v 69.6328 -88.5911 880.8
vn 0.410227 0.828246 -0.381737
v 69.9623 -88.4838 881.4
vn 0.440635 0.77708 -0.44943
v 71.0591 -89.0955 881.7
vn 0.32282 0.840299 -0.435528
v 70.2264 -87.2412 884.4
vn -0.696177 -0.692459 0.18931
v 69.8405 -89.057 904.8
vn -0.791553 -0.602527 0.101999
v 70.7598 -89.0607 908.7
vn -0.647873 -0.752079 0.120988
v 70.5501 -88.604 910.8
vn -0.861135 -0.50837 -0.00274863
v 71.1108 -89.5738 910.2
vn -0.770371 -0.637565 0.00626332
v 70.7611 -88.5794 912.3
vn -0.928 -0.371464 -0.0288193
v 70.8939 -88.9143 912.3
vn -0.838876 -0.543668 -0.0266916
v 71.0593 -89.5628 913.2
vn -0.692415 -0.716921 -0.0811492
v 69.7731 -87.9309 915.3
vn -0.790448 -0.607001 -0.0821048
v 70.2304 -88.6654 916.8
vn -0.6872 -0.720906 0.0897212
v 70.7364 -89.1707 920.1
vn -0.689705 -0.71796 0.0940261
v 71.2736 -89.5293 919.5
vn -0.708008 -0.662081 0.24571
v 70.5383 -88.532 922.2
vn -0.718182 -0.597209 0.35715
v 70.8227 -85.5254 927.6
vn -0.786508 -0.529286 0.318215
v 70.4324 -84.8291 927.975
vn -0.868947 -0.255436 0.423891
v 70.6585 -83.957 929.4
vn -0.780611 -0.515848 0.352913
v 70.7305 -84.8696 928.8
vn -0.422815 -0.739661 0.523573
v 70.9085 -82.5893 931.2
vn -0.857374 -0.330315 0.394718
v 71.4884 -84.1334 931.2
vn -0.865374 -0.257074 0.430164
v 71.5609 -83.2287 931.5
vn -0.152324 -0.886472 0.436995
v 71.0645 -81.8557 932.4
vn -0.1599 -0.876796 0.453499
v 71.3203 -81.6441 933
vn -0.234759 -0.855943 0.460706
v 71.3218 -82.0877 932.1
vn 0.106298 -0.901514 0.419492
v 71.1809 -81.3077 933.689
vn -0.0759213 -0.883428 0.462376
v 71.5367 -81.0767 933.933
vn 0.124286 -0.903276 0.410665
v 71.6688 -80.4554 935.4
vn -0.18537 -0.86217 0.471487
v 71.9759 -80.4536 935.4
vn -0.635962 -0.601736 0.483183
v 72.0613 -81.4949 933.797
vn -0.949904 -0.023545 0.311655
v 72.1854 -82.7481 933.6
vn -0.929574 -0.142891 0.339815
v 72.8091 -81.3471 935.4
vn 0.0527087 -0.886271 0.460159
v 71.1073 -80.2114 936.3
vn 0.263571 0.830643 -0.490471
v 72.6367 -78.7874 899.1
vn -0.205083 -0.752706 0.6256
v 71.2486 -79.5466 937.2
vn 0.115578 -0.871766 0.476094
v 71.8004 -79.8364 936.6
vn -0.126592 -0.83298 0.538627
v 72.2668 -79.0849 937.99
vn 0.260058 0.889481 -0.375757
v 71.997 -76.0253 904.2
vn 0.354112 0.876033 -0.32737
v 74.1535 -75.9804 906.3
vn -0.645084 -0.492978 0.583815
v 72.8446 -75.834 942
vn -0.605419 -0.51645 0.605597
v 73.4151 -76.5687 942.19
vn -0.431608 -0.715213 0.549713
v 73.867 -77.3285 941.7
vn -0.58371 -0.549596 0.597685
v 74.5631 -74.6658 945.3
vn -0.423282 -0.650391 0.630733
v 72.8615 -71.9583 945.9
vn -0.756333 -0.273749 0.594156
v 74.1422 -69.0557 949.2
vn -0.51437 -0.604575 0.608205
v 74.9744 -69.2326 949.995
vn -0.484624 -0.626976 0.609951
v 75.1105 -70.0354 948.9
vn 0.537865 0.814774 -0.216436
v 75.4837 -68.2794 945.3
vn -0.56618 -0.601479 0.563616
v 73.6943 -68.0404 949.198
vn 0.49731 0.863616 -0.0827605
v 74.2766 -65.3008 952.8
vn 0.468492 0.883036 0.0276235
v 74.2747 -65.31 953.1
vn -0.87034 -0.482606 -0.0979809
v 74.5172 -65.455 953.4
vn 0.525725 0.819795 0.227043
v 74.5482 -65.466 953.1
vn -0.87034 -0.482606 -0.0979809
v 74.5413 -65.4984 953.4
vn -0.87034 -0.482606 -0.0979809
v 74.5491 -65.4618 953.15
vn -0.632019 -0.603278 0.486424
v 74.9784 -66.1664 953.4
vn 0.545636 0.827052 0.13515
v 74.8148 -65.6548 953.1
vn -0.476716 -0.100059 0.873344
v 74.7852 -65.8186 953.4
vn -0.681428 -0.576643 0.450709
v 74.9039 -65.8439 953.7
vn 0.0178944 0.954381 0.298056
v 75.3861 -65.8529 953.7
vn 0.531771 0.830779 -0.164395
v 75.623 -66.1812 952.8
vn 0.526575 0.84993 0.0183778
v 76.2089 -66.3106 953.7
vn -0.477931 -0.65516 0.585105
v 76.185 -66.4229 954.117
vn -0.687851 -0.711972 -0.141268
v 63.9588 -132.6 815.4
vn -0.601965 -0.770459 -0.209837
v 64.1987 -132.914 815.1
vn -0.436257 -0.877963 -0.197134
v 64.4872 -133 815.1
vn -0.507712 -0.857347 -0.0847591
v 64.4775 -133.045 815.4
vn -0.401115 -0.867335 -0.294681
v 64.6 -132.968 814.8
vn -0.665266 -0.739903 -0.0998209
v 63.0785 -132.413 817.5
vn -0.656715 -0.750247 -0.0765133
v 64.2055 -132.882 816
vn -0.726632 -0.686655 -0.0226073
v 64.4257 -133.289 817.8
vn -0.564832 -0.824728 0.0280876
v 63.33 -132.672 819.6
vn -0.750813 -0.630329 -0.197396
v 62.903 -131.795 815.4
vn -0.630896 -0.729127 -0.265225
v 63.5142 -131.805 813.6
vn -0.667279 -0.67442 -0.316064
v 64.108 -132.557 814.8
vn -0.704823 -0.673945 -0.22141
v 63.9762 -132.529 815.1
vn -0.778182 -0.627872 -0.0144694
v 62.5598 -131.967 819.6
vn -0.636792 -0.757584 0.143395
v 63.1428 -132.11 824.4
vn -0.367843 -0.917691 0.150113
v 63.9812 -132.494 825
vn -0.554685 -0.813278 0.175792
v 64.647 -130.805 833.4
vn -0.71911 -0.595003 -0.358961
v 63.6525 -129.712 809.1
vn -0.582731 -0.797909 0.154164
v 64.2238 -129.91 835.8
vn -0.426396 -0.894734 0.132808
v 64.9062 -129.585 839.4
vn -0.554224 -0.823185 0.123293
v 63.5491 -128.756 843
vn -0.525871 -0.839797 0.134906
v 64.3095 -128.064 848.7
vn -0.818259 -0.572156 0.0555761
v 65.0599 -128.862 847.2
vn -0.720909 -0.673324 0.164088
v 64.6643 -127.838 851.1
vn -0.906698 -0.412607 0.0874845
v 64.866 -128.118 851.4
vn -0.914767 -0.384288 0.124594
v 65.0008 -128.453 851.7
vn -0.966072 -0.0835752 -0.244377
v 63.8289 -126.977 805.2
vn -0.778734 -0.490149 -0.39157
v 64.2189 -127.06 804.3
vn -0.810025 -0.529901 0.251127
v 64.4164 -127.409 851.7
vn -0.849121 -0.486177 0.206461
v 64.7787 -127.792 851.7
vn -0.912499 -0.242004 0.329817
v 64.0601 -125.799 852
vn -0.973638 -0.169165 0.153013
v 65.1484 -127.871 853.2
vn -0.88031 -0.42515 0.210481
v 65.0358 -127.533 852.9
vn -0.92922 -0.302049 0.212877
v 64.9028 -126.592 855.3
vn -0.932778 -0.312611 0.179444
v 65.5244 -127.951 855.6
vn -0.812567 -0.418384 -0.405819
v 65.6727 -123.995 798
vn -0.955362 0.258017 -0.143912
v 65.377 -123.932 799.2
vn -0.976877 0.123849 -0.174275
v 65.3072 -123.37 801.3
vn -0.413658 0.881985 0.225808
v 65.1954 -123.896 813.3
vn -0.42813 0.851476 0.302808
v 65.2811 -123.493 812.1
vn -0.508318 0.808632 0.296187
v 65.8268 -123.415 812.4
vn -0.17571 0.977882 -0.113458
v 64.7608 -124.415 825.3
vn -0.00831241 0.98052 -0.196242
v 65.2237 -123.763 828.6
vn -0.953188 -0.0811441 0.291288
v 65.7758 -125.551 859.8
vn -0.922056 -0.205528 0.327979
v 66.1115 -125.009 860.7
vn -0.957812 -0.0274158 0.286083
v 65.9675 -124.671 860.4
vn -0.969793 0.122381 0.211009
v 66.0574 -124.384 860.7
vn -0.918163 -0.299179 0.259747
v 66.316 -124.745 861.6
vn -0.878006 -0.388902 0.279036
v 66.4567 -124.469 862.8
vn -0.979167 -0.0346149 -0.200085
v 66.1611 -122.566 795.6
vn -0.789861 -0.451741 -0.41479
v 66.3106 -122.291 795
vn -0.898392 -0.269053 -0.347135
v 66.1868 -122.264 795.3
vn -0.89015 0.450849 0.0660969
v 66.2281 -122.273 795.9
vn -0.86944 0.493295 0.0270887
v 66.4858 -121.715 795
vn -0.947652 0.262896 -0.181223
v 65.6266 -121.225 800.7
vn -0.60701 0.74708 0.270943
v 65.1801 -122.525 810
vn 0.047394 0.963504 -0.263464
v 66.2882 -123.084 831.9
vn -0.0640376 0.87526 -0.479394
v 64.7926 -121.462 838.5
vn 0.196828 0.903762 -0.380097
v 66.7482 -120.92 838.8
vn -0.867558 -0.293279 0.40166
v 64.9553 -122.309 856.5
vn -0.961049 -0.0354218 0.274099
v 65.5312 -122.125 858.3
vn -0.841444 -0.452477 -0.295357
v 67.2833 -119.124 789.3
vn -0.89237 0.44569 0.0709599
v 66.9471 -119.972 791.7
vn -0.769603 -0.510232 -0.383894
v 67.0353 -120.605 791.7
vn -0.861648 -0.378609 -0.337961
v 66.9976 -119.983 791.1
vn -0.762517 0.598169 0.2465
v 67.2415 -119.422 791.1
vn -0.780886 0.606644 0.148993
v 67.2534 -120.651 794.4
vn -0.916742 0.35606 -0.181124
v 66.9573 -119.361 798
vn -0.794135 0.605751 0.0491551
v 66.8947 -118.787 801.9
vn 0.0064966 0.835388 -0.549622
v 65.7878 -118.224 843.6
vn -0.934105 -0.197762 0.297216
v 66.9307 -118.742 864
vn -0.910311 -0.264635 -0.318279
v 67.713 -117.068 786
vn -0.981234 -0.133841 -0.138806
v 67.6699 -116.752 786
vn -0.961377 0.00872635 -0.275097
v 67.6355 -116.745 786.312
vn -0.79901 0.575397 0.174645
v 67.8011 -116.473 786
vn -0.527047 0.792662 0.306445
v 68.012 -116.417 786.3
vn -0.980108 0.0565851 0.190229
v 66.9876 -117.527 787.8
vn -0.969032 -0.229409 -0.0913686
v 67.1077 -118.473 788.7
vn -0.960169 -0.220327 -0.171845
v 67.0985 -118.471 789
vn -0.859534 0.339399 0.382112
v 67.1517 -118.176 788.7
vn -0.772901 0.421373 0.474414
v 67.0926 -117.856 788.439
vn -0.869866 -0.28428 -0.403134
v 67.2257 -117.578 787.2
vn -0.539976 0.772633 0.333862
v 67.2173 -117.269 787.775
vn -0.583378 0.636865 0.504057
v 67.386 -117.919 788.75
vn -0.872013 0.482725 -0.0810536
v 67.8478 -117.403 797.7
vn -0.72779 0.685124 0.0304364
v 68.1926 -116.863 798.3
vn -0.208862 0.755127 -0.621418
v 65.8565 -117.9 844.008
vn -0.0443721 0.733348 -0.678404
v 65.9573 -117.426 844.5
vn 0.00933889 0.749049 -0.662449
v 66.2021 -117.717 844.2
vn 0.191593 0.784665 -0.58957
v 67.7122 -117.828 844.2
vn -0.881306 -0.323776 0.344192
v 66.4605 -117.109 863.7
vn -0.942827 -0.288768 0.166405
v 67.929 -116.807 869.817
vn -0.826147 -0.376493 -0.419206
v 68.0496 -115.913 783.9
vn -0.955247 -0.146427 -0.257026
v 67.7848 -116.043 784.8
vn -0.708816 0.650177 0.273588
v 68.0294 -115.602 784.8
vn -0.897937 -0.330779 0.290335
v 66.1395 -115.814 864.6
vn -0.886454 -0.375263 0.270881
v 66.8346 -114.742 867.3
vn -0.928944 -0.23845 0.283206
v 66.9281 -115.981 866.7
vn -0.88094 -0.381133 0.280505
v 66.9353 -111.382 877.89
vn -0.765139 -0.516403 0.384564
v 67.4223 -111.977 878.1
vn -0.844567 -0.471126 0.254454
v 67.7399 -113.087 877.2
vn -0.794085 -0.506349 0.336215
v 68.2593 -113.811 877.886
vn -0.819062 -0.366239 0.441596
v 68.8023 -112.699 880.35
vn -0.843087 -0.259038 0.471278
v 67.4402 -109.649 880.5
vn -0.760507 -0.396024 0.514581
v 67.8291 -110.959 880.2
vn -0.701093 -0.222816 0.677364
v 67.9919 -107.313 882.3
vn -0.800644 -0.022957 0.598701
v 68.5357 -106.738 882.9
vn -0.775403 -0.196128 0.600237
v 68.8333 -107.492 883.2
vn -0.817866 -0.205711 0.537381
v 69.6539 -109.2 883.5
vn -0.729386 -0.210658 0.650861
v 69.6409 -104.596 884.4
vn -0.886368 0.0372305 0.461483
v 69.611 -106.009 884.7
vn -0.9058 -0.0292892 0.422692
v 70.1127 -104.697 885.3
vn -0.915428 0.0585756 0.398197
v 70.4864 -104.776 886.377
vn -0.663614 -0.245418 0.706673
v 68.8504 -103.815 884.145
vn -0.809417 -0.145708 0.56887
v 69.7037 -103.69 885
vn -0.644147 -0.362997 0.673281
v 69.7492 -102.473 885.452
vn -0.874287 -0.214599 0.435396
v 70.1934 -104.407 885.6
vn -0.665552 -0.287532 0.688743
v 70.3361 -102.597 885.785
vn -0.900849 0.012893 0.433941
v 70.4254 -104.15 886.2
vn -0.86866 0.0761908 0.489515
v 70.8606 -103.016 886.451
vn -0.882557 -0.0398526 0.468514
v 69.3948 -101.784 885.3
vn -0.965079 0.157626 0.209231
v 69.7406 -100.631 886.2
vn -0.632169 -0.439878 0.637863
v 69.8666 -101.577 886.2
vn -0.494291 -0.506496 0.706497
v 71.0038 -100.899 887.412
vn -0.873177 -0.103318 0.476327
v 71.2619 -101.567 887.4
vn -0.671112 -0.371166 0.641751
v 71.3596 -100.668 887.829
vn -0.948823 0.0147474 0.315462
v 70.0543 -99.4704 886.5
vn -0.977268 0.077526 0.197324
v 70.5725 -98.047 888.3
vn -0.924966 -0.207909 0.318138
v 70.554 -97.7364 888.3
vn -0.878682 -0.233296 0.416521
v 70.8182 -97.7926 889.5
vn -0.444939 -0.53755 0.716289
v 70.9677 -99.6256 888.6
vn -0.534904 -0.543791 0.64666
v 71.6626 -99.2423 889.2
vn -0.895169 -0.362875 0.258832
v 70.3598 -96.1616 890.1
vn -0.784355 -0.491252 0.378761
v 71.0293 -96.4501 891.3
vn -0.920172 -0.355359 0.164325
v 72.6292 -95.7239 897.6
vn -0.99315 -0.116658 -0.0066778
v 72.6744 -95.7335 911.1
vn -0.951868 -0.288977 0.102174
v 72.6423 -95.7267 911.7
vn 0.385883 0.76989 -0.508295
v 72.0508 -93.0874 876
vn -0.834716 -0.500658 0.229327
v 71.558 -93.9627 897.344
vn -0.905192 -0.389802 0.169358
v 72.433 -93.5352 904.8
vn -0.980038 -0.195456 -0.0363611
v 72.8524 -93.3177 906.3
vn -0.887096 -0.432292 0.161818
v 72.7554 -92.9904 906.3
vn -0.991279 0.116081 -0.0623713
v 72.6873 -94.8161 912.3
vn -0.986565 -0.154776 0.0522837
v 72.7543 -92.9902 915.3
vn -0.891141 -0.44315 0.0973962
v 71.9676 -91.5961 905.4
vn -0.89536 -0.434176 0.099101
v 71.732 -91.2393 907.2
vn -0.949338 -0.314084 -0.010434
v 72.5508 -92.6402 907.2
vn -0.836676 -0.544735 0.0569042
v 71.9692 -90.5854 909.6
vn -0.880926 -0.443251 0.165827
v 72.6957 -92.3643 916.8
vn -0.628706 -0.746426 0.218121
v 71.6528 -89.1882 922.5
vn -0.678509 -0.633711 0.371532
v 72.7251 -88.4721 927
vn 0.274809 0.820807 -0.500756
v 73.9353 -87.1071 886.561
vn -0.700008 -0.579643 0.417137
v 72.9926 -87.2135 929.066
vn -0.64644 -0.650655 0.398452
v 72.7737 -85.3579 931.5
vn -0.677045 -0.560408 0.477025
v 74.1676 -83.1287 937.2
vn -0.857654 -0.308319 0.411544
v 73.9352 -81.2798 938.7
vn -0.844099 -0.244896 0.476994
v 75.3116 -82.4924 939.3
vn -0.933863 -0.112749 0.339394
v 74.0386 -79.4068 939.9
vn -0.875555 -0.209043 0.435552
v 74.1962 -80.1084 940.263
vn -0.869413 -0.18214 0.459288
v 74.3379 -78.9118 940.8
vn -0.684254 -0.458505 0.56707
v 75.0323 -80.5034 941.1
vn 0.382501 0.829028 -0.407929
v 74.0459 -77.9296 901.621
vn 0.429204 0.843743 -0.322307
v 75.8294 -76.7536 906.3
vn -0.719114 -0.492907 0.489813
v 74.3068 -78.2917 941.1
vn -0.793335 -0.312445 0.522492
v 74.9899 -78.437 942
vn -0.798764 -0.38632 0.461229
v 76.1327 -76.5329 945.3
vn -0.561232 -0.52002 0.643892
v 76.1 -78.3662 943.797
vn -0.59382 -0.556818 0.580802
v 76.389 -77.0067 945.3
vn 0.390825 0.879352 -0.272022
v 75.3281 -74.7829 911.4
vn -0.60997 -0.562931 0.557715
v 75.1128 -75.7962 944.4
vn -0.726931 -0.412745 0.548829
v 75.781 -75.5381 945.475
vn -0.869706 -0.223782 0.439925
v 76.1199 -75.9168 945.9
vn -0.839155 -0.119904 0.530511
v 76.2492 -75.3309 946.2
vn -0.834798 -0.227296 0.501447
v 76.3056 -75.9563 946.279
vn -0.792377 -0.190324 0.579582
v 76.6343 -75.4128 946.8
vn -0.364951 -0.722896 0.586713
v 76.7601 -75.7462 946.8
vn 0.378337 0.898759 -0.221569
v 75.4148 -72.9323 918.3
vn 0.368957 0.916244 -0.156098
v 75.8778 -72.1969 922.8
vn -0.662282 -0.417046 0.622459
v 75.6196 -71.5166 948.3
vn -0.585591 -0.505506 0.633678
v 77.2632 -72.8939 948.9
vn -0.605348 -0.520902 0.601843
v 77.6594 -71.0301 950.979
vn -0.387522 -0.727847 0.565744
v 77.4651 -67.6151 953.782
vn 0.563074 0.817272 -0.122531
v 77.8146 -67.4138 953.7
vn -0.620868 -0.427223 0.65727
v 78.3634 -68.1127 954.6
vn -0.396309 -0.8667 -0.302936
v 66.517 -133.551 813
vn -0.608746 -0.756621 -0.238647
v 64.8122 -133.32 815.4
vn -0.55342 -0.769802 -0.318012
v 64.8528 -132.723 813.9
vn -0.460609 -0.840783 -0.284472
v 65.8736 -133.692 813.9
vn -0.424252 -0.888829 -0.173184
v 66.0812 -134.158 815.7
vn -0.421423 -0.863492 -0.277099
v 66.4575 -133.83 813.9
vn -0.787444 -0.616348 -0.00689371
v 64.6558 -133.65 817.8
vn -0.585451 -0.794408 -0.161748
v 64.9348 -133.78 816.3
vn -0.490614 -0.871375 -0.00185292
v 64.9045 -133.922 817.8
vn -0.354864 -0.932478 -0.0674963
v 65.781 -134.128 816.3
vn -0.519735 -0.852748 -0.051931
v 66.053 -134.291 816.9
vn -0.579598 -0.810809 0.0815768
v 64.9387 -133.762 819.9
vn -0.352246 -0.935468 0.0286714
v 65.5012 -134.001 819.3
vn -0.524286 -0.850773 0.0361795
v 65.5061 -133.978 820.2
vn -0.623375 -0.781109 0.0356545
v 66.0096 -134.495 820.241
vn -0.457515 -0.883308 0.102205
v 66.2733 -134.697 820.2
vn -0.428849 -0.884048 0.185871
v 66.0481 -134.314 821.4
vn -0.324571 -0.921115 0.214946
v 66.3493 -134.339 821.7
vn -0.514253 -0.838679 0.179337
v 65.1073 -132.968 823.8
vn -0.508807 -0.841476 0.18175
v 65.7742 -133.831 823.2
vn -0.56298 -0.73993 -0.368181
v 65.1569 -131.292 809.7
vn -0.500424 -0.803311 -0.322904
v 65.7468 -132.846 812.1
vn -0.28956 -0.928314 0.233212
v 66.7626 -132.395 829.2
vn -0.761115 -0.642736 0.0871477
v 66.159 -130.906 838.8
vn -0.532982 -0.842934 0.0734279
v 66.6758 -131.361 838.8
vn -0.64778 -0.761144 0.0322536
v 66.4145 -131.147 840
vn -0.750171 -0.66055 0.0302831
v 65.9328 -130.527 844.5
vn -0.499343 -0.727682 -0.470251
v 65.6325 -129.055 804.9
vn -0.439516 -0.793557 -0.420824
v 65.7091 -130.137 806.728
vn -0.676744 -0.722707 0.140403
v 65.7091 -130.137 839.305
vn -0.770536 -0.636728 0.0291941
v 65.4902 -129.724 841.5
vn -0.860387 -0.509618 0.00496932
v 65.6655 -130.128 844.2
vn -0.734374 -0.678728 0.00475704
v 65.9562 -130.417 842.4
vn -0.646598 -0.742259 0.175961
v 65.5877 -129.265 851.7
vn -0.771027 -0.607828 0.189901
v 65.7899 -128.314 856.036
vn -0.498498 -0.850001 0.170286
v 66.3607 -128.514 856.8
vn -0.377464 -0.915954 0.136197
v 66.4123 -128.271 858.6
vn -0.465325 -0.867478 0.175941
v 67.0012 -128.387 859.2
vn -0.432448 -0.748736 -0.502377
v 66.6404 -127.199 801.3
vn -0.880306 -0.389481 0.270861
v 66.569 -127.253 861.3
vn -0.575176 -0.783817 0.234101
v 67.0548 -128.135 861
vn -0.528393 -0.816783 0.231662
v 67.9595 -128.207 862.5
vn -0.428983 0.88075 0.200631
v 67.3992 -123.629 817.8
vn -0.247116 0.967013 0.0617978
v 67.2817 -124.182 820.8
vn 0.218838 0.964151 -0.150074
v 68.782 -124.338 830.1
vn -0.81886 -0.489066 0.30047
v 66.6731 -124.821 862.5
vn -0.963316 0.111594 0.244067
v 66.7255 -123.912 863.887
vn -0.813107 -0.480709 0.328292
v 67.1767 -124.675 864
vn -0.877039 -0.302883 0.372913
v 67.3945 -123.748 865.8
vn -0.922728 -0.0900462 0.374786
v 68.3472 -125.177 866.7
vn -0.842697 -0.360543 0.399839
v 68.9358 -124.689 868.2
vn -0.452099 -0.754988 -0.474973
v 68.2018 -121.296 791.1
vn -0.537441 0.78911 0.297425
v 68.1672 -121.459 813.294
vn 0.317235 0.908988 -0.270376
v 66.8829 -123.172 832.2
vn 0.257392 0.907878 -0.330919
v 69.4607 -122.347 838.5
vn -0.957922 -0.0716573 0.277941
v 67.9879 -121.727 865.8
vn -0.966042 0.188707 0.176498
v 68.3254 -121.492 867.6
vn -0.946345 -0.0734643 0.314698
v 68.3519 -122.111 868.8
vn -0.541886 -0.663101 -0.516388
v 69.002 -118.974 786
vn -0.0804118 -0.741216 -0.666433
v 69.1336 -119.797 786.9
vn 0.0053421 -0.819852 -0.572551
v 69.2457 -119.27 786.3
vn 0.160347 -0.855574 -0.492221
v 69.4841 -119.592 786.904
vn -0.679902 -0.618306 -0.394247
v 68.5111 -119.691 787.8
vn -0.553158 -0.784117 -0.281384
v 68.8207 -119.827 787.5
vn -0.293543 -0.887889 -0.354239
v 69.0771 -120.063 787.8
vn 0.133685 -0.898414 -0.418307
v 69.4144 -119.919 787.5
vn -0.727245 0.65857 0.193392
v 68.0449 -118.979 806.4
vn 0.24467 0.819883 -0.517617
v 67.8535 -119.858 841.2
vn -0.938249 -0.169061 0.30184
v 67.6698 -119.819 866.4
vn -0.949339 -0.184831 0.254152
v 68.0587 -118.982 867.9
vn -0.886577 -0.266686 0.377967
v 67.866 -120.474 866.4
vn -0.968181 -0.093994 0.231928
v 68.9949 -120.101 870.6
vn -0.9572 -0.174832 0.230655
v 69.5281 -120.828 872.675
vn -0.385343 -0.767523 -0.512268
v 69.4231 -118.436 784.8
vn -0.622574 0.745314 0.238553
v 69.1651 -116.763 788.608
vn -0.879399 0.470708 -0.0713523
v 69.3004 -116.792 791.4
vn -0.923239 0.340804 -0.177432
v 68.2888 -118.417 793.8
vn -0.730436 0.672908 0.116865
v 68.6401 -116.652 799.8
vn -0.631812 0.70541 0.321264
v 69.4334 -118.967 809.7
vn -0.670596 0.667478 0.323689
v 70.1128 -117.885 809.4
vn -0.95264 -0.175119 0.248615
v 67.9398 -118.2 867.6
vn -0.91953 -0.31164 0.239468
v 68.9216 -118.552 872.1
vn -0.937093 -0.236332 0.256913
v 70.0193 -117.558 876.9
vn -0.845872 0.520052 -0.118518
v 70.8879 -114.983 787.8
vn -0.706912 0.706653 0.0302829
v 70.4275 -114.578 793.2
vn -0.738026 0.674485 -0.0196651
v 69.6462 -115.639 797.7
vn -0.8603 0.497881 -0.109535
v 69.9772 -115.096 798.3
vn -0.780721 0.624313 -0.0266296
v 69.2858 -115.869 799.2
vn -0.855834 0.51534 0.044417
v 69.2949 -115.871 800.1
vn -0.738868 0.671858 0.0517871
v 70.0424 -114.496 800.1
vn -0.577046 0.77657 0.252899
v 70.2583 -114.506 801.3
vn -0.746788 0.627907 0.219182
v 69.3426 -116.188 803.7
vn -0.790941 0.600356 0.118261
v 69.748 -115.047 801.6
vn -0.863828 -0.437088 0.25051
v 68.5403 -116.017 874.2
vn -0.851056 -0.412213 0.325244
v 69.5967 -115.015 879.3
vn -0.876334 -0.33834 0.342876
v 70.4668 -115.507 880.5
vn -0.876851 -0.2849 -0.387251
v 69.3153 -113.115 779.7
vn -0.949357 0.313259 -0.0242876
v 69.4089 -111.908 779.1
vn -0.557105 -0.62561 -0.546119
v 70.0199 -114.185 779.577
vn -0.947287 -0.0561732 -0.315425
v 69.0998 -113.069 780.3
vn -0.454935 0.779926 0.429824
v 69.2859 -112.802 780.6
vn 0.0375405 0.886018 0.462129
v 70.2071 -113.304 781.723
vn 0.0409181 0.815966 0.57665
v 70.3469 -112.646 780.6
vn -0.295209 0.888338 0.351721
v 70.9003 -114.372 784.014
vn -0.837903 0.536957 -0.0979603
v 70.632 -114.315 790.2
vn -0.834208 0.546643 -0.0726486
v 70.9099 -114.067 794.7
vn -0.848908 0.519433 -0.0976962
v 71.4235 -112.643 795
vn -0.684729 0.71077 0.161094
v 70.975 -114.021 801.3
vn -0.814103 -0.386106 0.433772
v 69.3268 -113.117 880.815
vn -0.873576 -0.310557 0.374727
v 70.9558 -114.077 883.2
vn -0.923225 -0.0460325 0.381491
v 71.4116 -112.947 884.7
vn -0.963362 0.0139907 -0.267838
v 70.5516 -110.004 774.3
vn -0.745805 -0.484918 -0.45676
v 70.7572 -110.716 774.3
vn -0.96671 0.0419623 -0.252409
v 70.3063 -109.952 775.782
vn -0.977209 0.104581 -0.184729
v 69.6776 -111.658 777.9
vn -0.613623 0.716903 0.330933
v 69.6887 -111.414 778.8
vn -0.793941 0.578887 0.18587
v 69.839 -111.079 778.2
vn -0.170544 0.784227 0.596576
v 70.4317 -110.899 778.5
vn 0.0100027 0.698156 0.715876
v 71.524 -111.437 778.938
vn -0.0859522 0.718748 0.689937
v 71.7818 -110.225 777.9
vn -0.817316 -0.254238 0.517066
v 70.15 -110.225 884.1
vn -0.960698 0.181118 -0.210373
v 71.952 -107.541 770.4
vn -0.970487 0.0172556 -0.240535
v 70.9194 -107.935 773.1
vn -0.946834 0.321667 -0.00595871
v 70.3994 -109.051 775.5
vn -0.605178 0.700485 0.37826
v 70.4934 -109.071 775.848
vn -0.815415 -0.192222 0.54603
v 70.2808 -107.186 884.959
vn -0.899781 -0.0999601 0.424737
v 70.9342 -107.325 886.2
vn -0.949102 -0.189874 0.251301
v 72.3472 -108.545 889.2
vn -0.93421 -0.0934211 -0.344274
v 72.9149 -106.212 767.1
vn -0.967129 0.22988 -0.108705
v 72.0475 -105.108 768.9
vn -0.419828 0.760954 0.494664
v 72.499 -105.204 771.3
vn -0.94709 0.0433158 0.318033
v 71.3974 -105.89 887.4
vn -0.898637 -0.200452 0.390217
v 71.5432 -105.001 887.7
vn -0.909708 -0.148422 -0.387817
v 72.8941 -103.548 765.9
vn -0.840096 0.521765 0.148325
v 72.3006 -104.548 769.5
vn -0.862086 -0.135278 0.488372
v 71.1819 -104.311 887.7
vn -0.949596 0.0396101 0.310965
v 71.5002 -103.151 888.3
vn -0.935548 -0.137182 0.325471
v 71.5538 -104.083 888.731
vn -0.968195 -0.0387897 0.247172
v 71.9632 -104.783 889.5
vn -0.979722 0.0222766 0.199117
v 72.6309 -103.085 891.9
vn -0.97017 -0.129545 0.20491
v 72.4813 -104.894 892.2
vn -0.987911 -0.0439664 0.148659
v 72.7079 -103.715 894
vn -0.976485 -0.185114 0.110498
v 73.1719 -103.2 898.2
vn -0.966567 0.136497 -0.217066
v 73.7901 -100.878 763.2
vn -0.985345 0.0614929 0.159105
v 72.1276 -100.831 890.1
vn -0.918989 -0.197054 0.34151
v 72.4596 -102.435 891.6
vn -0.936004 -0.245157 0.252576
v 72.4623 -100.902 893.4
vn -0.962954 -0.153315 0.221844
v 72.7624 -101.886 892.8
vn -0.995923 0.0510403 0.0743841
v 72.8978 -102.528 894
vn -0.994686 -0.0707452 0.0747935
v 72.9739 -102.238 897.3
vn -0.964162 -0.24744 0.0957358
v 73.0703 -100.725 901.2
vn -0.976784 -0.162156 0.139994
v 73.294 -101.386 901.2
vn -0.995296 0.0414186 0.0875804
v 73.3463 -101.704 901.5
vn -0.991779 -0.0934466 0.0874229
v 73.4086 -101.41 901.8
vn -0.956519 -0.289056 0.0389568
v 73.3408 -100.782 903.3
vn -0.996765 -0.0441775 0.0671404
v 73.3435 -102.01 902.4
vn -0.950531 -0.294891 0.0976239
v 73.5709 -101.751 904.5
vn -0.983607 -0.180007 -0.0107061
v 73.4016 -101.162 903.9
vn -0.954526 -0.284236 0.089948
v 73.0272 -100.409 906.3
vn -0.90487 -0.395914 0.156406
v 73.7049 -101.473 906.3
vn -0.852051 0.499259 0.157318
v 74.0093 -100.004 764.7
vn -0.863897 -0.277727 0.420178
v 71.904 -99.5497 889.2
vn -0.934122 -0.279163 0.22245
v 72.3744 -98.43 891.9
vn -0.999202 -0.0211739 0.0338805
v 72.9136 -98.238 899.4
vn -0.986997 -0.160735 0.0010114
v 73.0098 -99.7919 903.9
vn -0.997279 -0.0625372 0.0390233
v 73.0658 -99.1904 906.3
vn -0.941796 -0.261079 0.211799
v 73.4436 -99.5774 909.3
vn -0.899208 -0.387539 0.203074
v 73.6902 -100.243 909.3
vn -0.885178 -0.368952 0.283434
v 74.0031 -98.1628 913.2
vn -0.999895 0.013433 0.00539674
v 73.1283 -97.3635 898.8
vn -0.998644 0.0353152 -0.0382468
v 72.9082 -95.7832 901.2
vn -0.988715 -0.123993 0.0840736
v 73.0678 -96.4305 902.7
vn -0.997947 0.0146036 -0.062365
v 72.9449 -95.791 907.8
vn -0.872274 -0.459627 0.166978
v 72.8117 -96.0694 911.4
vn -0.930526 -0.290969 0.222393
v 72.8298 -96.637 910.5
vn -0.943417 -0.179909 0.278563
v 73.1815 -97.0681 911.1
vn -0.978354 -0.103111 0.179421
v 73.2457 -97.0817 911.4
vn -0.943861 -0.226844 0.24014
v 73.253 -96.7766 911.4
vn -0.893844 -0.398614 0.205306
v 73.4443 -96.2038 913.5
vn -0.958523 -0.206865 0.196061
v 73.5052 -96.8302 913.2
vn -0.892859 -0.373826 0.251112
v 74.2503 -95.7259 917.4
vn 0.448124 0.715835 -0.535504
v 74.3053 -95.4667 874.448
vn -0.986047 -0.166455 0.00196473
v 72.923 -95.1729 901.5
vn -0.781535 -0.508679 0.361178
v 75.0594 -94.8052 920.7
vn -0.730348 -0.608673 0.310014
v 73.827 -91.9458 921.3
vn -0.708072 -0.576254 0.408123
v 75.2195 -86.8372 933
vn -0.720875 -0.537678 0.437313
v 75.7955 -86.8891 934.2
vn -0.772098 -0.484456 0.4113
v 75.6521 -86.2452 934.478
vn -0.696746 -0.55677 0.452274
v 76.19 -86.3596 935.4
vn -0.626946 -0.657783 0.417444
v 75.1932 -84.0751 936.9
vn 0.426372 0.779867 -0.458273
v 77.3428 -82.6199 896.4
vn -0.72102 -0.584362 0.372359
v 75.3961 -83.1208 939
vn -0.500002 -0.810796 0.304314
v 75.6572 -83.3351 939
vn -0.868537 -0.145883 0.473668
v 75.7217 -83.032 940.2
vn -0.889299 0.0117684 0.457175
v 75.871 -82.6114 940.5
vn -0.383247 -0.833113 0.398804
v 76.0062 -83.1361 940.2
vn -0.741033 -0.276268 0.612002
v 76.6908 -81.8655 942
vn -0.45464 -0.650183 0.608741
v 76.7564 -82.4928 941.651
vn -0.78819 -0.229673 0.570969
v 77.1788 -80.7424 942.9
vn -0.565295 -0.550832 0.614024
v 77.0243 -79.7895 943.637
vn -0.719331 -0.292202 0.630223
v 78.0766 -80.0131 944.4
vn 0.480585 0.801132 -0.356687
v 78.4587 -78.8124 904.8
vn -0.560648 -0.483292 0.672385
v 77.618 -78.3821 945.3
vn -0.53955 -0.520372 0.661891
v 78.0917 -79.0963 944.954
vn 0.470023 0.843001 -0.261588
v 78.7082 -76.1962 912.3
vn 0.447393 0.8654 -0.225661
v 78.3997 -74.5612 917.4
vn -0.301556 -0.709599 0.636815
v 77.8095 -76.2759 946.8
vn -0.770097 -0.263943 0.580762
v 77.4008 -75.1324 948
vn -0.216035 -0.72965 0.648799
v 78.4797 -75.1916 948.3
vn 0.452272 0.873251 -0.181337
v 78.9546 -73.5937 922.8
vn 0.457522 0.879052 -0.133945
v 79.6175 -73.3608 926.1
vn 0.401256 0.907602 -0.123498
v 78.6085 -72.3364 930.3
vn 0.511022 0.854131 -0.0965246
v 79.8242 -72.3888 938.7
vn -0.757264 -0.286388 0.586969
v 77.6881 -73.1831 949.2
vn -0.474872 -0.61485 0.629648
v 80.0069 -71.5291 952.704
vn -0.585645 -0.192943 0.787269
v 78.6569 -67.7798 954.9
vn -0.420586 -0.843553 -0.333954
v 67.0775 -133.799 812.7
vn -0.44584 -0.87755 -0.176445
v 66.8719 -134.767 815.7
vn -0.271685 -0.923727 -0.27003
v 67.5348 -134.534 814.2
vn -0.289892 -0.9375 -0.192501
v 67.7493 -134.968 816.3
vn -0.373632 -0.914291 -0.156431
v 68.538 -135.586 817.2
vn -0.338197 -0.941075 0.000178328
v 68.228 -135.601 819
vn -0.340903 -0.913161 0.223435
v 68.5556 -135.503 821.4
vn -0.292123 -0.88913 0.352296
v 68.9269 -133.756 826.2
vn -0.0844691 -0.946481 0.311509
v 67.8789 -132.915 828.3
vn -0.239933 -0.959873 0.145177
v 68.8274 -132.782 828.9
vn -0.305535 -0.919299 0.248069
v 69.1062 -132.913 828.3
vn -0.539309 -0.841583 0.0297434
v 68.0543 -132.09 843.9
vn -0.276392 -0.806102 -0.523266
v 69.0397 -128.897 802.5
vn -0.177097 -0.82486 -0.536882
v 69.3662 -128.803 802.2
vn -0.265284 -0.823194 -0.501972
v 68.4124 -130.405 805.215
vn -0.641216 -0.742486 0.193796
v 68.6167 -130.887 855
vn -0.588137 -0.780838 0.210681
v 69.494 -129.645 861.3
vn -0.427018 -0.883189 0.193989
v 69.5506 -129.379 863.4
vn -0.706929 -0.648462 0.282399
v 69.3112 -129.063 864.036
vn -0.285897 -0.804214 -0.521059
v 68.4225 -127.472 800.7
vn -0.0389349 -0.838829 -0.543001
v 70.0505 -127.027 799.2
vn -0.70014 -0.642184 0.312096
v 69.0045 -128.691 863.7
vn -0.682132 -0.645705 0.343164
v 68.7676 -127.291 866.7
vn -0.153881 -0.827914 -0.539332
v 69.7662 -125.479 797.028
vn -0.0532753 -0.836883 -0.544783
v 70.845 -126.175 798
vn -0.00017904 0.99914 0.0414586
v 69.3163 -124.71 826.2
vn 0.172167 0.971809 -0.161079
v 70.9443 -124.265 833.4
vn -0.92422 -0.0535385 0.37809
v 69.0156 -125.933 868.8
vn -0.839772 0.412853 0.352613
v 69.4109 -125.403 869.4
vn -0.891178 -0.255699 0.374726
v 70.0709 -124.046 871.8
vn -0.843237 -0.332444 0.422414
v 70.1005 -125.857 871.2
vn -0.887349 0.143481 0.438206
v 70.7709 -125.386 872.7
vn -0.129342 -0.872868 -0.470502
v 70.6332 -122.843 792.6
vn -0.523622 0.785891 0.328931
v 69.7146 -121.787 816
vn -0.264616 0.915021 0.304493
v 70.1186 -123.821 822.3
vn 0.312427 0.920247 -0.235659
v 70.4339 -123.781 835.153
vn 0.414885 0.866726 -0.276871
v 69.3849 -122.944 836.625
vn 0.279143 0.9145 -0.292863
v 69.8748 -123.525 835.5
vn 0.186759 0.923383 -0.335388
v 70.0342 -122.775 837.265
vn 0.426592 0.848084 -0.314281
v 70.6907 -122.572 838.8
vn 0.350329 0.872439 -0.340764
v 71.2162 -122.986 838.8
vn 0.31537 0.819563 -0.478392
v 71.3951 -122.145 840.561
vn -0.858547 -0.366882 0.358182
v 70.2942 -122.217 873.3
vn -0.878547 -0.22425 0.421743
v 71.4642 -123.386 875.4
vn -0.249213 -0.856316 -0.452344
v 70.3883 -119.666 786.3
vn -0.587793 0.724741 0.359515
v 70.7038 -121.068 816.3
vn -0.442479 0.781053 0.440646
v 71.6236 -121.069 817.2
vn 0.20524 0.775266 -0.597361
v 71.5192 -120.118 843.6
vn -0.870801 -0.412013 0.268236
v 69.9484 -120.917 874.8
vn -0.941307 -0.206038 0.267373
v 70.0173 -120.318 875.7
vn -0.813653 -0.43344 0.387426
v 70.5785 -120.215 877.2
vn -0.822693 -0.349762 0.448155
v 71.9458 -121.955 876.9
vn -0.104691 -0.859118 -0.500954
v 71.3163 -118.186 783.3
vn -0.62547 0.701009 0.3426
v 71.2192 -117.2 809.588
vn -0.921784 -0.241674 0.303162
v 70.4677 -118.267 878.7
vn -0.791945 -0.319917 0.520074
v 72.0996 -117.387 882.373
vn -0.294453 -0.757714 -0.58238
v 71.7705 -116.05 780
vn -0.555771 0.786837 0.268341
v 71.3624 -115.084 805.811
vn -0.612321 0.70063 0.366307
v 72.3491 -116.213 810.202
vn -0.784151 -0.435399 0.442193
v 71.4768 -116.641 882
vn -0.857882 -0.252946 0.447277
v 72.5861 -117.184 883.2
vn -0.774165 -0.376691 0.508698
v 72.5339 -116.866 883.2
vn -0.511232 -0.709085 0.485634
v 72.8087 -115.494 885.3
vn -0.277342 -0.784172 -0.555118
v 73.3389 -114.442 777.3
vn -0.00974604 0.830216 0.557356
v 71.5056 -112.967 780.639
vn -0.567592 0.751144 0.337078
v 72.1372 -112.881 780.9
vn -0.785386 0.619006 0.000758484
v 71.4161 -114.482 786.3
vn -0.889295 0.414295 -0.193683
v 71.3185 -113.847 788.032
vn -0.585296 0.806623 0.0823885
v 71.618 -112.438 795.3
vn -0.464806 0.868835 0.170531
v 71.549 -112.763 796.8
vn -0.626168 0.774568 0.0892101
v 71.8515 -112.782 797.7
vn -0.578511 0.78562 0.219376
v 73.7146 -113.743 804.9
vn -0.635373 0.740861 0.217775
v 73.0103 -114.545 807.3
vn -0.674435 -0.633311 0.379545
v 72.7453 -114.35 887.1
vn -0.967495 -0.0766672 0.240988
v 72.6735 -112.602 888.9
vn -0.936575 -0.269151 0.224465
v 72.8798 -112.646 890.1
vn -0.463188 -0.734937 -0.495303
v 72.3034 -110.657 772.5
vn -0.394951 -0.770121 -0.500927
v 72.9381 -111.999 774.3
vn -0.342621 0.690267 0.637293
v 72.1503 -111.264 778.8
vn -0.433749 0.606869 0.666012
v 72.5915 -110.744 778.615
vn -0.388484 0.75437 0.529156
v 72.7869 -110.479 778.5
vn -0.638493 0.66235 0.391943
v 72.8312 -111.409 779.7
vn -0.557074 0.700374 0.446257
v 73.2311 -110.88 779.4
vn -0.726331 0.672295 0.143051
v 73.3292 -111.208 780.6
vn -0.807714 0.586876 -0.0563359
v 73.0806 -111.768 784.8
vn -0.864057 0.482438 -0.143732
v 72.4589 -111.943 791.7
vn -0.693167 0.720446 -0.0218264
v 72.5534 -111.656 792.3
vn -0.495051 0.86179 0.110646
v 73.0687 -111.385 792.6
vn -0.818186 0.574556 -0.021366
v 73.3411 -110.904 796.5
vn -0.903399 -0.129012 0.408933
v 71.7014 -112.046 885.3
vn -0.967453 -0.131702 0.216076
v 73.1312 -110.246 890.4
vn -0.983028 -0.12134 0.137594
v 73.4787 -110.933 894.3
vn -0.819555 -0.520234 0.240181
v 73.6733 -111.427 894.3
vn -0.905183 -0.394184 0.158946
v 73.7034 -110.981 896.4
vn -0.589186 -0.65009 -0.479837
v 72.9857 -108.89 769.2
vn -0.728093 0.685364 -0.0125429
v 74.3563 -109.893 786.9
vn -0.647397 0.739354 0.185023
v 73.9524 -110.113 795.855
vn -0.925991 -0.33406 0.175909
v 73.0065 -109.299 891.3
vn -0.974163 -0.198413 0.107887
v 73.09 -108.703 893.1
vn -0.986167 -0.124421 0.109519
v 73.433 -109.671 892.8
vn -0.981996 -0.101424 0.159366
v 73.6824 -109.749 897
vn -0.904776 -0.393727 0.162359
v 73.6714 -109.44 897.3
vn -0.977141 -0.171691 0.125368
v 73.3541 -108.453 898.2
vn -0.991775 0.0914721 0.0895305
v 73.3597 -107.841 897.6
vn -0.870462 -0.442851 0.214891
v 74.5491 -108.749 902.7
vn -0.744042 -0.581738 0.328606
v 74.8875 -108.472 904.5
vn -0.555483 -0.628105 -0.544906
v 74.4186 -106.477 764.4
vn -0.850742 -0.329456 -0.409508
v 73.3111 -106.603 766.2
vn -0.992955 -0.00712174 0.118279
v 73.4827 -105.413 896.1
vn -0.987626 -0.123706 0.0963906
v 73.5368 -106.038 899.1
vn -0.905783 -0.382374 0.182611
v 73.9339 -105.816 903.9
vn -0.971318 -0.125912 0.20171
v 74.1109 -107.387 903
vn -0.98297 -0.0567126 0.174796
v 74.2969 -106.813 903.3
vn -0.919789 -0.364696 0.144862
v 74.208 -106.487 903
vn -0.868217 -0.439309 0.230667
v 74.2256 -105.942 904.5
vn -0.938172 -0.175454 0.298412
v 75.1645 -106.384 907.5
vn -0.88926 -0.356153 0.287004
v 75.2063 -105.657 907.8
vn -0.549816 -0.529958 -0.645636
v 75.6804 -103.427 760.113
vn -0.904021 -0.114936 -0.411748
v 73.7615 -103.019 764.1
vn -0.971585 0.0455468 -0.232269
v 73.7973 -103.64 763.8
vn -0.937046 -0.0933157 -0.336508
v 73.2699 -105.061 766.2
vn -0.102255 0.751663 0.651573
v 75.0755 -103.387 769.8
vn 0.0923127 0.680746 0.72668
v 75.3272 -103.645 770.1
vn 0.293813 0.528889 0.79621
v 75.618 -103.72 770.07
vn 0.0821837 0.597893 0.797352
v 75.7018 -103.326 769.8
vn 0.218703 0.709514 0.669894
v 75.211 -104.192 770.7
vn 0.669415 0.553915 -0.495037
v 75.3573 -103.504 865.5
vn -0.961189 -0.177534 0.211179
v 73.2957 -104.76 895.8
vn -0.979429 -0.155788 0.128251
v 73.6395 -104.833 897.3
vn -0.999689 0.0249372 -0.000491698
v 73.7597 -104.245 900.9
vn -0.998712 0.045191 -0.0230674
v 73.6084 -104.213 902.7
vn -0.99803 -0.0234762 0.0581787
v 73.8047 -103.335 903.3
vn -0.991493 -0.117006 0.0570105
v 73.6946 -104.845 903.3
vn -0.989753 -0.0772551 0.120086
v 73.7579 -103.938 906.3
vn -0.921193 -0.34022 0.188824
v 74.0384 -104.918 905.4
vn -0.858424 -0.440527 0.262763
v 74.2567 -104.657 907.2
vn -0.846788 -0.347594 0.402653
v 75.6181 -103.72 911.688
vn -0.959825 0.238638 -0.147607
v 74.3503 -101.917 762.6
vn -0.972787 0.208898 -0.100237
v 74.6796 -101.067 760.8
vn -0.875359 -0.226529 -0.42712
v 74.6933 -102.603 760.8
vn 0.495032 0.670235 -0.552927
v 74.4568 -100.713 867.9
vn 0.627079 0.507739 -0.590739
v 76.1365 -102.297 867.6
vn -0.978372 -0.160698 0.130246
v 74.0588 -102.162 906.9
vn -0.936356 -0.13972 0.322051
v 74.3971 -102.847 909.9
vn -0.935687 -0.154771 0.317074
v 74.6594 -102.289 910.5
vn -0.969294 -0.136535 0.204517
v 74.5063 -101.95 909.9
vn -0.924029 0.308806 -0.225408
v 75.798 -98.5443 757.772
vn -0.824952 -0.0918342 -0.557692
v 75.1401 -98.4045 760.2
vn -0.93948 0.337315 -0.0599667
v 75.0391 -99.9165 759.3
vn -0.821487 -0.154537 -0.548888
v 75.1927 -99.9492 758.688
vn -0.906843 -0.026477 -0.420636
v 75.2551 -99.6557 760.473
vn -0.91451 0.404437 0.0101093
v 75.5518 -99.1054 759.3
vn -0.843759 -0.112435 -0.524814
v 75.4422 -98.7754 759.939
vn -0.846007 -0.1686 -0.505812
v 74.2447 -100.361 762
vn -0.946236 0.155969 -0.283391
v 74.4669 -99.1815 761.4
vn -0.249329 0.746329 0.617113
v 74.7905 -98.9556 764.1
vn -0.756627 -0.509225 0.410127
v 76.4799 -99.6094 917.1
vn -0.724541 -0.0899257 -0.68334
v 76.6344 -97.4953 756.549
vn -0.865639 0.037902 -0.499232
v 75.6876 -97.294 759.3
vn -0.945819 0.188811 -0.264152
v 76.0883 -97.6859 758.4
vn -0.7383 0.583055 0.339057
v 75.6024 -96.0491 760.8
vn -0.38466 0.702645 0.598603
v 76.0384 -95.9704 761.1
vn -0.907341 0.239837 -0.345269
v 77.2567 -95.4806 756.9
vn -0.842468 -0.0115577 -0.538623
v 77.5516 -94.6232 756.602
vn -0.87654 0.0378899 -0.479835
v 75.9536 -95.8171 759
vn 0.15791 0.599688 0.784499
v 77.614 -94.3298 759.635
vn -0.937765 0.255669 -0.235011
v 76.8222 -93.2414 757.8
vn -0.823667 -0.03699 -0.565867
v 77.468 -93.3787 756.3
vn -0.483812 0.632874 0.60448
v 77.4637 -92.1509 758.329
vn -0.909554 0.260043 -0.324174
v 77.6384 -91.8813 756.3
vn 0.0542289 0.571875 0.818546
v 77.2861 -92.9863 759
vn -0.846645 -0.416955 0.330667
v 78.1832 -91.6522 931.2
vn -0.889445 0.457012 0.00530349
v 78.6743 -89.3412 756.291
vn -0.602079 -0.681437 0.416106
v 77.7049 -89.5737 933
vn -0.691937 -0.556601 0.459803
v 77.9311 -89.9524 932.7
vn -0.821979 -0.428598 0.375038
v 78.009 -91.0401 931.5
vn -0.812804 -0.347978 0.467184
v 78.3401 -90.497 932.7
vn -0.731366 -0.492263 0.471996
v 78.5389 -89.9259 933.3
vn -0.812168 -0.381605 0.441317
v 78.5821 -91.1619 932.7
vn -0.909759 -0.192492 0.367812
v 78.5859 -90.2426 933.3
vn 0.416856 0.768271 -0.485789
v 77.5419 -87.4544 888.6
vn -0.615873 -0.633214 0.468764
v 77.7389 -87.9707 935.4
vn -0.62316 -0.647176 0.43913
v 78.5481 -88.4926 935.7
vn -0.427076 -0.653633 0.624795
v 79.1412 -84.2593 941.1
vn 0.516691 0.736657 -0.436309
v 79.5402 -83.825 896.7
vn -0.49295 -0.713681 0.497655
v 77.9741 -83.9785 940.712
vn -0.200279 -0.740024 0.642069
v 79.3286 -81.935 943.8
vn 0.490434 0.767946 -0.411988
v 78.6704 -80.7024 901.2
vn 0.535149 0.758291 -0.372304
v 80.2137 -80.6567 903.3
vn -0.362253 -0.606127 0.708084
v 79.2963 -80.6438 945.3
vn -0.578168 -0.380093 0.721977
v 79.4966 -79.7016 946.062
vn 0.494636 0.814146 -0.30414
v 79.5681 -77.9221 908.7
vn -0.569191 -0.386974 0.725447
v 79.1259 -78.5598 946.2
vn 0.516801 0.827559 -0.219231
v 81.2185 -75.9295 918.3
vn -0.619368 -0.418028 0.664557
v 79.8453 -75.1752 948.879
vn -0.366295 -0.681773 0.633256
v 80.4532 -76.6438 948.9
vn -0.78126 -0.179336 0.597889
v 80.7712 -75.6787 950.1
vn 0.511131 0.854299 -0.0944305
v 81.6181 -74.0496 929.4
vn -0.415492 -0.675744 0.608881
v 81.7417 -71.8978 953.1
vn -0.462786 -0.68469 0.563054
v 81.9318 -71.1307 954.3
vn -0.724857 -0.40755 0.555414
v 82.3953 -72.3435 953.4
vn -0.452669 -0.606217 0.653905
v 82.3729 -70.4985 955.35
vn 0.617537 0.75852 -0.208076
v 82.6703 -70.5617 955.2
vn 0.231717 0.668722 0.706483
v 81.0148 -69.2897 955.2
vn -0.470745 -0.547531 0.691816
v 81.028 -69.6112 955.5
vn 0.55215 -0.670727 -0.495233
v 81.3776 -69.4092 955.8
vn 0.55215 -0.670727 -0.495233
v 81.3862 -69.3687 955.755
vn 0.55215 -0.670727 -0.495233
v 81.4186 -69.3755 955.8
vn -0.0447524 -0.232122 0.971657
v 81.6344 -69.7281 955.5
vn 0.603517 0.781851 -0.156446
v 82.1918 -70.1533 955.2
vn -0.309917 -0.924361 -0.222504
v 70.0559 -135.659 815.4
vn -0.21299 -0.973537 -0.0828301
v 69.9653 -136.086 817.8
vn -0.148704 -0.98686 0.0632005
v 70.2597 -136.143 819.9
vn -0.274834 -0.961074 0.0283523
v 71.1508 -136.28 818.4
vn -0.135271 -0.98075 0.140825
v 70.9119 -135.961 822.3
vn -0.146754 -0.984551 0.0955143
v 71.2112 -135.996 821.4
vn -0.378935 -0.852529 0.360004
v 69.3121 -134.83 824.4
vn -0.234384 -0.920472 0.312722
v 71.2814 -135.666 823.8
vn -0.448891 -0.851287 0.271675
v 70.1231 -133.9 827.4
vn -0.390281 -0.895869 0.212365
v 70.7636 -133.773 829.2
vn -0.38817 -0.921566 -0.00628699
v 70.6095 -133.055 838.8
vn -0.567631 -0.812786 0.131054
v 70.3541 -132.814 851.4
vn -0.38731 -0.919449 0.0678522
v 71.4021 -133.655 850.2
vn -0.487565 -0.861559 0.141405
v 71.5932 -132.756 856.2
vn -0.187412 -0.81815 -0.543606
v 72.4519 -130.159 803.7
vn -0.642656 -0.729174 0.235156
v 70.7625 -130.892 862.2
vn -0.407154 -0.886633 0.219334
v 71.9119 -131.257 863.7
vn -0.578978 -0.776554 0.248493
v 71.0548 -129.517 865.5
vn -0.5619 -0.791088 0.241762
v 71.1182 -129.219 866.7
vn -0.688031 -0.66994 0.278914
v 71.6659 -129.563 867
vn -0.0284376 -0.837715 -0.545367
v 70.6706 -128.439 801.6
vn -0.653465 -0.677593 0.33742
v 70.6097 -128.725 867.336
vn -0.470906 -0.806997 0.356374
v 71.2774 -127.027 870.802
vn -0.691039 -0.608608 0.389951
v 71.5085 -127.383 870.375
vn -0.620873 -0.716215 0.318675
v 72.0424 -129.2 868.8
vn 0.0171728 -0.864353 -0.502592
v 73.2436 -124.991 795.053
vn -0.117112 0.957624 0.263137
v 72.1278 -124.469 825.3
vn -0.0121319 0.9973 0.0724306
v 72.0313 -124.923 827.7
vn 0.163587 0.983108 -0.0820858
v 72.6709 -124.8 831
vn -0.673253 -0.596961 0.436311
v 71.1804 -126.041 873
vn -0.780888 0.484761 0.393981
v 71.4206 -124.91 873.245
vn -0.581153 -0.693723 0.425451
v 72.1655 -125.682 874.8
vn -0.664151 -0.561225 0.493892
v 72.2386 -125.391 875.284
vn -0.786055 0.218565 0.578228
v 72.4958 -125.139 875.4
vn -0.632816 -0.568996 0.525155
v 72.532 -125.453 875.475
vn -0.2335 -0.831224 -0.504524
v 72.3013 -123.653 793.8
vn -0.262354 -0.835421 -0.482952
v 72.4299 -123.047 792.6
vn -0.365032 -0.788202 -0.495469
v 73.0636 -122.952 792
vn -0.334341 -0.789619 -0.514508
v 73.2196 -123.661 792.9
vn -0.133125 -0.850186 -0.509373
v 73.5852 -123.384 792.3
vn -0.431264 0.765621 0.477321
v 72.8396 -122.563 820.8
vn 0.30209 0.946888 -0.110207
v 72.7284 -124.529 833.4
vn 0.201214 0.967426 -0.153621
v 73.0126 -124.635 834.135
vn -0.595625 -0.731867 0.33106
v 71.6872 -124.354 874.2
vn -0.840455 -0.213199 0.498179
v 72.7191 -124.573 875.594
vn -0.23914 -0.959603 0.148238
v 72.1854 -124.198 876.3
vn -0.447885 -0.826362 0.341356
v 73.3237 -124.088 878.1
vn -0.275602 -0.944394 0.179343
v 73.4088 -124.214 877.5
vn -0.854229 -0.22963 0.466437
v 73.6 -122.92 879.6
vn -0.488072 -0.745362 -0.454115
v 73.8551 -120.672 787.8
vn -0.289703 -0.832683 -0.471923
v 74.2607 -121.649 789
vn -0.680612 0.601231 0.418674
v 72.2704 -121.104 818.1
vn -0.523027 0.701708 0.483786
v 72.6496 -120.571 818.119
vn -0.210268 0.821383 0.530206
v 73.6758 -121.515 819.9
vn 0.104988 0.799752 -0.591079
v 72.2314 -121.096 842.32
vn 0.453049 0.699114 -0.553159
v 73.8655 -120.622 843.3
vn 0.160566 0.848253 -0.504663
v 74.4727 -120.652 843.737
vn -0.341633 -0.806458 -0.48261
v 73.8418 -119.291 785.571
vn -0.566999 -0.696227 -0.440203
v 74.4272 -119.423 784.8
vn -0.270434 0.807375 0.524415
v 73.3431 -118.751 815.7
vn 0.763785 0.422442 -0.488032
v 74.3164 -119.392 845.1
vn 0.553258 0.610029 -0.567248
v 74.1801 -119.143 845.1
vn 0.768212 0.451425 -0.453945
v 74.5535 -118.829 846.006
vn 0.588516 0.617864 -0.521433
v 74.6769 -119.691 845.4
vn -0.764185 -0.491178 0.41805
v 74.3648 -118.274 885.3
vn -0.197717 -0.829545 -0.522267
v 74.5903 -115.77 779.336
vn -0.649999 -0.579284 -0.491865
v 75.2396 -115.601 778.789
vn -0.631548 -0.637352 -0.441509
v 74.9277 -117.068 780.912
vn -0.419076 0.754849 0.504557
v 75.1148 -116.188 812.697
vn 0.24199 0.74048 -0.627001
v 73.8163 -116.525 848.278
vn -0.902263 -0.180854 0.391424
v 73.5536 -115.856 885.9
vn -0.731003 -0.5433 0.412868
v 73.4297 -115.458 885.9
vn -0.817356 -0.439781 0.372186
v 73.7773 -115.266 887.1
vn -0.900273 -0.226759 0.371603
v 74.0002 -116.258 886.8
vn -0.889407 -0.259979 0.375986
v 74.3409 -116.943 887.414
vn -0.843607 -0.414997 0.340741
v 74.4026 -115.21 888.3
vn -0.820901 -0.492223 0.289547
v 75.2647 -115.483 890.7
vn -0.900702 -0.271362 0.339262
v 75.4727 -115.947 890.7
vn -0.8459 0.52563 0.0903645
v 74.0434 -113.506 805.2
vn -0.770069 0.632555 0.0828711
v 73.9059 -113.477 806.7
vn -0.532983 0.777897 0.332875
v 74.5648 -113.004 807.084
vn -0.416338 0.788146 0.453307
v 74.1905 -114.765 810.043
vn -0.147429 0.844799 0.514373
v 74.4445 -115.013 810.6
vn -0.391043 0.792031 0.468799
v 75.1118 -114.96 810.6
vn -0.549961 0.739264 0.388627
v 75.9416 -113.91 810
vn 0.612386 0.613751 -0.498291
v 75.7907 -113.008 854.1
vn -0.691014 -0.639521 0.336916
v 73.5701 -114.798 887.4
vn -0.787864 -0.538708 0.298434
v 75.8449 -114.196 895.25
vn 0.0454118 -0.866699 -0.496761
v 76.0255 -111.781 772.2
vn -0.127517 -0.831072 -0.541348
v 76.531 -110.968 770.901
vn -0.213678 -0.822703 -0.526784
v 75.0341 -112.239 772.8
vn -0.496683 -0.691819 -0.524111
v 76.1567 -112.729 773.803
vn -0.787018 0.590731 0.177875
v 74.3865 -111.126 799.8
vn -0.947576 0.319419 0.008386
v 74.5544 -110.855 800.7
vn -0.787454 0.569979 0.234606
v 74.6653 -111.798 803.7
vn -0.781811 0.606384 0.145154
v 74.5726 -112.392 805.2
vn -0.584029 0.745322 0.321568
v 75.1947 -111.483 804.3
vn -0.307745 0.859101 0.408948
v 76.155 -113.035 808.5
vn -0.485682 0.770948 0.412009
v 76.2191 -112.435 807.399
vn -0.706403 -0.651395 0.276909
v 74.3576 -112.536 893.1
vn -0.821995 -0.495985 0.279863
v 74.4146 -110.825 899.493
vn -0.811721 -0.491302 0.315803
v 76.1702 -112.666 897.9
vn -0.54029 -0.787438 0.296695
v 76.5169 -111.035 903.6
vn -0.141766 -0.867365 -0.477054
v 75.2035 -108.556 766.8
vn -0.156901 -0.850346 -0.502289
v 74.9803 -109.606 769.2
vn 0.115072 -0.898335 -0.423972
v 75.4024 -109.063 768
vn -0.037335 -0.863075 -0.503695
v 75.5867 -109.639 769.2
vn -0.61219 0.76241 0.209652
v 75.6787 -108.947 778.8
vn -0.773945 0.632342 -0.0339624
v 74.9111 -109.931 782.7
vn -0.805861 0.591753 -0.0204351
v 75.8035 -108.36 785.1
vn -0.78669 0.617111 -0.0171348
v 74.8268 -109.686 788.7
vn -0.889503 0.448934 -0.0851043
v 75.3771 -108.269 789.3
vn -0.776107 0.626787 0.0692455
v 75.5394 -108.611 795
vn -0.963979 0.251817 -0.0856344
v 74.9781 -109.718 798.9
vn -0.891841 0.447957 -0.0628818
v 75.245 -109.161 797.7
vn -0.838846 0.544076 0.0178523
v 75.1212 -109.135 798.6
vn -0.381613 0.890957 0.246104
v 75.7797 -108.731 798.9
vn -0.635411 0.763607 0.114704
v 75.8596 -108.355 797.4
vn -0.755134 0.608267 0.244506
v 74.9592 -109.705 800.4
vn -0.498826 0.825017 0.265554
v 75.3756 -109.189 799.898
vn -0.298305 0.875073 0.381133
v 75.6316 -109.428 800.7
vn -0.0555542 0.86858 0.492425
v 76.2758 -109.283 800.7
vn -0.729236 -0.61763 0.294531
v 74.8205 -108.915 903.3
vn -0.883959 -0.337847 0.323227
v 75.3706 -109.495 903.6
vn -0.698609 -0.592417 0.401232
v 75.4668 -108.76 904.5
vn -0.855356 -0.364357 0.368253
v 75.8475 -109.596 904.8
vn -0.885715 -0.266231 0.380303
v 75.9722 -109.009 905.4
vn -0.677611 -0.628678 0.381585
v 76.3548 -110.317 904.8
vn -0.80788 -0.408114 0.425174
v 77.2008 -108.657 908.4
vn -0.0929486 -0.78724 -0.609602
v 76.6949 -105.868 762.3
vn -0.397241 -0.716931 -0.572895
v 75.8361 -107.023 764.1
vn 0.214868 -0.86584 -0.451833
v 76.5429 -106.583 763.5
vn -0.331871 -0.772042 -0.542046
v 77.1795 -106.474 763.5
vn -0.0430443 -0.876692 -0.479123
v 76.2846 -107.798 765.9
vn -0.248617 -0.849217 -0.465854
v 77.1815 -107.908 765.6
vn -0.562998 0.763588 0.316176
v 77.0535 -106.785 774.9
vn -0.786803 0.614983 -0.0523149
v 77.2221 -107.435 779.7
vn -0.861538 0.48233 -0.158463
v 77.1516 -107.113 781.2
vn -0.879121 0.463455 -0.11116
v 76.4381 -107.268 784.8
vn -0.783365 0.620218 -0.0408558
v 76.5863 -106.379 786.15
vn -0.543608 0.830747 0.119795
v 76.8977 -106.357 787.8
vn -0.700073 0.709876 0.0772848
v 75.6929 -107.696 790.8
vn -0.695678 0.716072 0.0572044
v 77.2809 -106.527 790.2
vn -0.666291 0.731703 0.14376
v 77.049 -107.088 795.9
vn -0.471366 0.840779 0.266281
v 76.5055 -108.202 797.844
vn -0.655614 0.723761 0.21527
v 76.9186 -107.984 798.6
vn -0.534334 -0.752054 0.385879
v 76.3422 -107.528 908.4
vn -0.66447 -0.589805 0.458922
v 77.2274 -107.692 909.3
vn -0.649658 -0.634892 0.418159
v 76.5975 -106.327 910.8
vn 0.00564105 -0.773728 -0.633493
v 77.7656 -103.87 759.9
vn 0.0136278 -0.830288 -0.557169
v 77.3412 -105.713 762.3
vn -0.160215 -0.774795 -0.611575
v 77.6308 -105.794 762.3
vn 0.221048 0.417018 0.881609
v 75.9738 -103.489 769.844
vn 0.190267 0.712628 0.675248
v 76.0802 -104.432 770.314
vn 0.0546594 0.461731 0.885334
v 76.4983 -103.907 769.835
vn -0.356958 0.422105 0.833311
v 77.1476 -103.738 769.938
vn 0.182152 0.767162 0.615048
v 75.5372 -105.543 772.149
vn -0.183503 0.82373 0.536466
v 76.7748 -105.492 771.9
vn -0.44545 0.680797 0.581454
v 77.1772 -104.358 770.4
vn -0.817007 -0.429502 0.384744
v 76.4186 -105.726 911.1
vn -0.778068 -0.42687 0.46086
v 76.8809 -103.551 914.4
vn -0.31734 -0.595128 -0.738322
v 77.94 -101.453 757.198
vn -0.46792 0.760535 0.450153
v 78.2671 -101.357 767.7
vn -0.0117419 0.7138 0.700251
v 76.1609 -102.609 769.167
vn 0.0191957 0.490774 0.871075
v 76.3297 -103.258 769.671
vn -0.320923 0.598907 0.733702
v 77.2724 -103.152 769.695
vn -0.174426 0.756221 0.630639
v 77.3693 -102.695 769.2
vn -0.452494 0.698408 0.554505
v 78.133 -103.028 770.1
vn -0.588889 0.57073 0.572257
v 77.8037 -103.571 770.4
vn 0.66279 0.341873 -0.666208
v 77.1108 -102.504 868.5
vn 0.576744 0.571559 -0.583684
v 77.2397 -101.863 869.1
vn -0.865366 -0.256386 0.43059
v 76.63 -103.322 914.1
vn -0.755188 -0.433983 0.491274
v 77.7712 -101.724 917.1
vn -0.603293 -0.24383 -0.759332
v 77.8521 -98.9809 756.185
vn -0.362684 0.792129 0.49091
v 78.7389 -100.581 766.8
vn 0.546241 0.653362 -0.524155
v 77.8028 -99.2772 872.7
vn -0.478511 -0.352807 -0.804086
v 78.6446 -96.6957 754.741
vn -0.850374 0.0299716 -0.525325
v 77.9698 -94.0987 755.91
vn -0.700299 -0.029539 -0.713238
v 78.2375 -95.0757 754.8
vn -0.724245 -0.0180757 -0.689306
v 79.4778 -94.7259 753.6
vn -0.751822 -0.48752 0.443946
v 78.6665 -94.5535 927
vn -0.843676 -0.32842 0.424679
v 79.3458 -95.618 928.2
vn -0.706233 -0.0496955 -0.706233
v 80.5607 -92.5025 752.7
vn -0.872642 0.127201 -0.471504
v 79.411 -91.9514 753.6
vn 0.451658 0.470204 0.75823
v 78.4064 -92.0446 757.952
vn 0.242931 0.608962 0.755083
v 79.2322 -92.4885 757.8
vn -0.69793 -0.612946 0.370393
v 78.3651 -92.2395 930.9
vn -0.496643 -0.765162 0.409723
v 78.8686 -92.7563 930.556
vn -0.757765 -0.5116 0.40504
v 78.4868 -91.667 932.1
vn -0.648952 -0.181957 -0.738751
v 79.9984 -91.7696 752.815
vn -0.571286 -0.298031 -0.764729
v 80.9302 -90.1274 751.5
vn -0.895499 0.168504 -0.411931
v 78.8471 -90.2981 754.5
vn -0.824984 -0.0225557 -0.564705
v 79.1804 -91.289 754.221
vn 0.501891 0.711661 -0.491573
v 78.9678 -89.4036 887.014
vn -0.843788 -0.395215 0.36308
v 78.9759 -89.3659 935.1
vn -0.843661 0.0248009 -0.536304
v 80.4703 -89.1096 751.8
vn 0.101973 0.45194 0.886201
v 80.073 -87.0898 754.5
vn -0.678459 -0.545868 0.491652
v 79.33 -89.1428 936
vn -0.595286 -0.614727 0.51744
v 79.4645 -88.51 936.9
vn -0.583708 -0.537439 0.608641
v 81.3749 -88.1797 939.3
vn -0.916911 0.357349 -0.177699
v 81.0043 -84.9292 753.3
vn 0.79447 -0.063135 0.604013
v 81.6017 -85.6696 752.938
vn 0.50985 0.275367 0.815
v 80.4095 -86.9497 754.39
vn 0.202713 0.256315 0.945098
v 80.5594 -86.3682 754.2
vn 0.73884 0.0356733 0.672936
v 80.8493 -86.1231 753.9
vn -0.125858 0.495593 0.859388
v 81.0148 -85.5449 753.657
vn -0.45475 -0.62186 0.637568
v 80.3656 -85.7136 941.267
vn -0.39191 0.494982 0.7755
v 81.615 -84.4456 753.3
vn -0.89202 0.33374 -0.304826
v 81.682 -84.1532 751.8
vn -0.417062 0.526749 0.740672
v 81.7448 -83.5531 752.738
vn 0.79634 -0.166331 0.581529
v 81.9759 -83.909 752.826
vn -0.130905 0.155821 0.979073
v 82.1806 -82.9458 752.7
vn -0.786707 0.607463 0.109912
v 82.2254 -82.7352 752.175
vn 0.702845 0.333076 0.628546
v 82.3629 -82.7644 752.4
vn 0.737624 0.0242114 0.674777
v 82.4565 -83.091 752.468
vn -0.863394 0.482244 -0.148294
v 82.5679 -82.1946 751.8
vn 0.56058 0.762242 -0.323631
v 81.6291 -79.7691 907.5
vn 0.563426 0.779239 -0.274477
v 81.5969 -78.4779 910.8
vn 0.569955 0.784675 -0.243796
v 83.1967 -78.1662 915.3
vn -0.220214 -0.671767 0.707273
v 81.0335 -79.6856 946.5
vn -0.345699 -0.586044 0.732833
v 81.6939 -78.0217 948.069
vn 0.53496 0.828334 -0.166374
v 82.7968 -75.7187 923.4
vn 0.595732 0.782754 -0.179998
v 82.4608 -72.9708 945.796
vn -0.327768 -0.693047 0.64207
v 82.9669 -74.9186 951.903
vn -0.682935 -0.511112 0.521885
v 83.7997 -75.0956 952.2
vn -0.588137 -0.584392 0.559089
v 83.325 -73.2336 954
vn -0.715925 -0.530284 0.454148
v 83.9 -74.8102 952.8
vn -0.768542 -0.417096 0.485153
v 84.1063 -75.1608 952.8
vn -0.668113 -0.551536 0.499432
v 84.5008 -73.4739 954.9
vn -0.6466 -0.503454 0.573099
v 82.835 -71.2101 955.213
vn -0.430568 -0.432241 0.792325
v 83.1153 -70.963 955.5
vn 0.539413 0.837347 -0.0887916
v 83.1933 -70.9676 955.2
vn -0.737268 -0.441877 0.511058
v 83.3774 -71.5441 955.8
vn -0.740867 -0.381323 0.55291
v 83.4219 -71.3349 956.004
vn 0.612016 0.786908 -0.0788125
v 84.0278 -71.3702 956.1
vn 0.695263 0.713016 -0.0906479
v 84.2004 -71.5003 956.4
vn 0.498566 0.866731 -0.0144715
v 84.0317 -71.3519 956.4
vn 0.576272 0.816778 0.0279924
v 84.287 -71.5939 956.4
vn -0.655465 -0.528749 0.539249
v 84.2399 -71.8154 956.646
vn 0.572654 0.818675 -0.0428655
v 84.5611 -71.7471 956.4
vn -0.261412 0.582824 0.769402
v 84.5621 -71.7425 956.7
vn -0.24633 -0.967964 -0.0486576
v 72.8081 -137.14 817.8
vn -0.218427 -0.9647 0.147118
v 73.1162 -137.134 819.3
vn -0.195221 -0.898751 -0.392601
v 72.7398 -136.019 813.6
vn -0.213309 -0.94894 -0.232406
v 73.1932 -136.772 815.4
vn -0.333812 -0.930542 0.150539
v 71.491 -136.122 821.1
vn -0.150446 -0.97073 0.187214
v 72.1266 -136.018 822.9
vn -0.109162 -0.967063 0.229943
v 73.2322 -136.588 821.4
vn -0.231853 -0.930805 0.282572
v 72.2631 -135.376 825.3
vn -0.0895688 -0.965398 0.244916
v 73.351 -134.586 828.3
vn -0.627797 -0.777127 0.0440885
v 73.0585 -134.52 847.5
vn -0.324366 -0.80702 -0.493462
v 74.354 -132.753 807.3
vn -0.245128 -0.863098 -0.441558
v 72.2074 -134.195 809.7
vn -0.0208522 -0.876764 -0.480469
v 72.8128 -134.232 809.7
vn -0.379359 -0.918826 0.108838
v 72.6412 -133.597 832.5
vn -0.295511 -0.955207 0.0159196
v 72.7046 -133.299 835.8
vn -0.524723 -0.849967 0.0471271
v 72.5447 -134.051 848.7
vn -0.497934 -0.858853 0.12014
v 72.8396 -134.106 850.323
vn -0.57889 -0.798311 0.166093
v 73.916 -134.642 852.3
vn -0.305939 -0.951153 0.0413331
v 73.853 -133.668 857.4
vn -0.355167 -0.930231 0.0923365
v 73.8481 -133.691 858.3
vn -0.510157 -0.825689 0.240786
v 72.6762 -131.989 861.9
vn -0.162979 -0.832208 -0.529969
v 73.1626 -131.144 804.6
vn -0.329862 -0.908986 0.254823
v 73.0954 -131.46 864.3
vn -0.517346 -0.799897 0.304168
v 72.9462 -130.719 867.6
vn -0.272142 -0.927426 0.256552
v 74.2009 -130.588 869.4
vn -0.324467 -0.776324 -0.540409
v 74.5215 -129.08 801.3
vn -0.649029 -0.64469 0.403901
v 73.1566 -128.287 872.1
vn -0.101969 -0.878718 -0.466324
v 74.8857 -123.038 792
vn -0.119768 -0.844192 -0.52249
v 74.5309 -124.706 795
vn -0.480404 -0.733565 -0.480723
v 75.1295 -124.776 794.7
vn -0.225415 0.88486 0.407689
v 74.5759 -123.434 823.8
vn -0.258927 0.935303 0.241176
v 75.886 -124.103 826.2
vn -0.120074 0.99256 -0.0201764
v 76.0713 -124.674 832.5
vn -0.0431241 0.977105 -0.208343
v 75.5472 -124.254 836.925
vn 0.120793 0.883692 -0.452214
v 74.5123 -123.351 839.4
vn -0.479495 -0.763914 0.43188
v 74.0259 -124.197 878.7
vn -0.605164 -0.674321 0.423164
v 74.6002 -124.381 879
vn -0.794073 -0.222096 0.565793
v 74.7732 -125.01 878.939
vn -0.781788 -0.29771 0.547883
v 75.8668 -125.242 880.2
vn -0.733552 -0.380915 0.562855
v 76.0057 -124.658 880.5
vn -0.556054 -0.696465 0.453587
v 75.5711 -124.142 880.8
vn -0.167577 0.840405 0.5154
v 74.7037 -121.008 819.101
vn -0.46418 0.740271 0.48635
v 75.3827 -120.699 819
vn -0.313698 0.84754 0.4281
v 75.631 -122.432 822.3
vn 0.189735 0.827904 -0.527802
v 76.0462 -121.906 841.622
vn -0.682591 -0.567412 0.460557
v 75.9004 -122.182 884.1
vn -0.253458 -0.845877 -0.469308
v 75.078 -119.247 783.934
vn -0.297009 0.775788 0.556721
v 76.981 -120.394 820.5
vn 0.213563 0.836927 -0.50393
v 76.8664 -119.491 846
vn -0.108378 -0.864055 -0.491593
v 76.9188 -116.358 777.9
vn -0.479462 -0.729028 -0.488502
v 75.5063 -117.232 780.3
vn -0.396808 0.777227 0.488326
v 76.7122 -115.887 814.2
vn 0.402303 0.73972 -0.539413
v 76.1156 -117.251 849.6
vn 0.424668 0.783454 -0.453715
v 77.1841 -116.553 851.4
vn 0.142048 0.886051 -0.441288
v 77.4142 -116.914 850.8
vn 0.00688518 -0.849527 -0.527501
v 77.7746 -113.775 773.4
vn -0.289752 0.851145 0.437718
v 76.8524 -113.785 810.9
vn -0.0408176 0.951899 0.303681
v 76.9343 -113.4 810
vn -0.411525 0.775887 0.47817
v 76.6282 -114.839 812.4
vn -0.872602 -0.192898 -0.448727
v 76.712 -112.54 772.5
vn -0.746789 -0.377449 -0.547575
v 76.7673 -112.742 772.5
vn -0.656777 -0.541391 -0.52492
v 77.1618 -112.329 771.534
vn -0.804577 -0.483154 -0.345281
v 76.6469 -113.14 773.1
vn -0.779422 -0.44496 -0.441034
v 76.5425 -112.811 772.8
vn -0.89151 -0.323337 -0.317273
v 76.5167 -112.805 773.1
vn -0.936399 -0.0956239 -0.337657
v 76.6065 -112.518 772.8
vn -0.497257 -0.690439 -0.525385
v 76.8724 -113.188 772.8
vn -0.491999 0.735204 0.466274
v 76.7645 -111.313 806.1
vn -0.178762 0.820809 0.54251
v 76.5706 -112.225 807.3
vn -0.0118893 0.906271 0.42253
v 76.7266 -112.934 808.5
vn -0.184324 0.725224 0.663381
v 77.047 -111.427 806.4
vn -0.677688 -0.677396 0.286137
v 76.575 -112.204 899.867
vn -0.617321 -0.716432 0.325025
v 77.5659 -111.871 902.7
vn -0.765621 -0.542693 0.345411
v 78.5759 -112.891 903.3
vn -0.0298738 -0.811775 -0.583205
v 79.0631 -109.156 766.2
vn -0.55938 -0.652789 -0.510844
v 77.3805 -109.857 768.6
vn -0.541515 0.7702 0.336976
v 77.2468 -109.28 803.1
vn -0.271128 0.794416 0.5435
v 77.5765 -110.378 805.5
vn -0.342345 0.764323 0.546452
v 78.2549 -110.073 805.2
vn -0.184018 0.686087 0.703863
v 78.4728 -110.49 805.8
vn -0.486676 0.65646 0.576374
v 78.6659 -109.582 805.005
vn -0.560502 -0.728701 0.393487
v 77.8534 -110.519 906.6
vn -0.65692 -0.597996 0.459192
v 78.1419 -109.161 909.3
vn -0.206219 -0.807303 -0.552934
v 77.76 -106.629 763.235
vn -0.137298 -0.866497 -0.479929
v 77.7416 -108.159 765.984
vn -0.474064 0.845726 0.244972
v 78.0111 -106.891 798
vn -0.421879 0.877617 0.22761
v 78.618 -106.921 798.6
vn -0.281698 0.881783 0.378293
v 78.5913 -107.419 800.1
vn -0.504048 0.843544 0.185389
v 79.2396 -106.883 800.7
vn -0.121831 0.933982 0.33591
v 79.5309 -106.955 801.3
vn -0.793973 0.530102 0.297657
v 78.7297 -108.369 803.4
vn -0.613146 0.738609 0.280195
v 78.8536 -107.475 801.9
vn -0.507065 0.724484 0.466912
v 78.9471 -108.259 803.7
vn -0.111282 0.877742 0.466031
v 79.3584 -107.767 803.1
vn -0.0884354 0.774494 0.626369
v 79.4995 -108.546 804.3
vn 0.773215 0.487652 -0.405381
v 78.1102 -107.867 864.9
vn -0.432102 -0.79456 0.426571
v 78.442 -106.307 912.9
vn -0.625126 -0.601988 0.496817
v 78.9699 -106.886 912.6
vn -0.695678 -0.505407 0.510486
v 79.8766 -106.772 914.068
vn -0.168073 -0.777345 -0.606206
v 79.0688 -106.243 762.6
vn -0.639737 0.679347 0.359478
v 78.717 -104.685 773.4
vn -0.691004 0.7044 0.162278
v 78.4309 -105.851 775.8
vn -0.706424 0.707437 0.0223312
v 78.9995 -104.439 782.7
vn -0.913758 0.395235 -0.0939933
v 78.6226 -104.972 787.5
vn -0.959247 0.248383 -0.134729
v 78.773 -104.084 787.8
vn -0.901891 0.426337 -0.069498
v 78.0531 -105.464 790.5
vn -0.774561 0.628866 0.0676986
v 78.0347 -105.461 791.7
vn -0.190008 0.952605 0.237573
v 79.9715 -106.325 799.2
vn 0.742972 0.368168 -0.558968
v 78.3017 -104.904 868.5
vn -0.365604 -0.831714 0.417835
v 78.5122 -105.977 913.8
vn -0.381956 -0.805627 0.452852
v 79.0952 -106.12 913.8
vn -0.642685 -0.578098 0.502752
v 78.6886 -105.147 915.3
vn -0.493277 -0.702997 0.512322
v 79.6927 -104.751 916.8
vn -0.334139 -0.6261 -0.704521
v 79.9941 -101.89 756.801
vn -0.208946 -0.707974 -0.674622
v 78.5709 -102.814 758.59
vn -0.491173 0.731426 0.473039
v 79.2024 -102.729 771
vn -0.565096 0.764071 0.311227
v 79.6945 -103.3 772.5
vn -0.313595 0.81001 0.495522
v 79.9703 -102.002 770.4
vn -0.602451 0.797797 0.0239384
v 80.8984 -101.965 783.3
vn -0.778308 0.627397 -0.0246832
v 79.2444 -103.264 786.3
vn -0.874947 0.469841 -0.117122
v 79.437 -103.305 785.1
vn -0.368484 0.900963 0.229098
v 79.7749 -103.07 786.9
vn -0.916815 0.38525 -0.105042
v 78.9317 -103.811 787.2
vn -0.840078 0.542465 -0.000861414
v 78.8583 -103.795 787.8
vn -0.561499 0.817855 0.125824
v 79.3636 -103.289 787.2
vn 0.718846 0.0987865 -0.688114
v 79.6735 -103.662 870.6
vn 0.67175 0.373111 -0.639953
v 80.1005 -102.833 871.09
vn -0.617024 -0.603164 0.505446
v 80.2692 -103.482 918.863
vn -0.289083 -0.608177 -0.739291
v 80.1885 -99.5326 755.1
vn -0.455202 0.80513 0.380205
v 79.3749 -100.475 767.4
vn -0.25904 0.858181 0.443198
v 79.6797 -100.484 767.7
vn -0.326683 0.807014 0.491941
v 80.2509 -99.2392 765.9
vn -0.25829 0.853204 0.453133
v 80.5995 -100.485 767.938
vn -0.432436 0.799936 0.416055
v 79.2838 -100.903 768.3
vn -0.240301 0.84547 0.476903
v 79.5812 -100.947 768.6
vn -0.308325 0.842619 0.441507
v 80.5005 -100.95 768.9
vn -0.437955 0.79704 0.41584
v 81.2258 -100.424 768.6
vn -0.706225 -0.549807 0.446048
v 79.5403 -99.6465 921.6
vn -0.721569 -0.521349 0.455557
v 80.5372 -100.779 922.629
vn -0.366785 -0.503054 -0.782564
v 81.4543 -97.9064 753.26
vn -0.430017 -0.444207 -0.785981
v 79.6752 -99.0617 754.816
vn -0.460109 0.768203 0.445156
v 80.553 -97.8178 763.8
vn -0.42717 0.779882 0.457504
v 81.6332 -98.5075 765.3
vn -0.50358 -0.32636 -0.799935
v 80.0678 -95.7715 753.715
vn -0.367813 0.793423 0.484967
v 82.1112 -94.8159 760.2
vn -0.670907 -0.61168 0.419203
v 79.9671 -96.2461 928.5
vn -0.705174 -0.493523 0.509082
v 80.0841 -95.6954 929.4
vn -0.68545 -0.501849 0.527547
v 81.1797 -94.781 931.5
vn -0.390972 -0.455293 -0.799906
v 82.2212 -92.8554 750.996
vn -0.717162 -0.0613018 -0.694205
v 82.3275 -93.7982 751.253
vn 0.0818678 0.73804 0.669772
v 81.2161 -93.2552 758.282
vn -0.0221452 0.782255 0.622565
v 82.1588 -93.1489 757.927
vn 0.602712 0.637369 -0.480104
v 82.4275 -93.3282 885.6
vn -0.806944 -0.321391 0.495529
v 80.781 -94.3896 931.2
vn -0.811371 -0.346171 0.471002
v 81.0506 -93.5268 932.1
vn -0.704419 -0.466563 0.534895
v 81.4633 -93.6145 932.7
vn -0.606589 -0.245459 -0.756175
v 82.1956 -90.0897 750.717
vn -0.689668 -0.170659 -0.703729
v 83.0136 -90.5703 749.346
vn -0.503858 -0.335591 -0.795931
v 81.1282 -90.7829 751.709
vn 0.25902 0.671198 0.694551
v 81.3861 -91.0126 755.7
vn -0.514304 -0.689196 0.510391
v 82.9274 -90.9761 937.8
vn -0.470413 -0.340723 -0.814014
v 82.3388 -87.9732 749.594
vn -0.532769 -0.281755 -0.797979
v 82.3828 -89.2094 750.241
vn -0.837949 0.154283 -0.523487
v 83.491 -88.8315 749.1
vn 0.586317 0.682826 -0.435869
v 81.776 -89.1787 890.7
vn -0.541786 -0.669892 0.507654
v 82.8952 -89.6849 939.9
vn -0.599511 -0.479407 0.640902
v 83.8061 -88.2852 942.48
vn -0.729493 -0.0596892 -0.681379
v 82.2949 -86.7371 749.24
vn 0.669941 0.254551 0.697411
v 84.3674 -85.6441 749.665
vn -0.726552 0.269428 -0.632084
v 83.6742 -84.5766 747.849
vn -0.559233 -0.199927 -0.804542
v 83.9053 -84.9324 747.64
vn -0.784889 0.268551 -0.558417
v 82.9887 -84.4309 748.8
vn 0.580731 0.718654 -0.382475
v 82.9355 -83.1929 902.4
vn -0.231398 -0.705014 0.670381
v 83.9282 -83.3823 945.3
vn -0.238625 -0.680991 0.692321
v 84.4991 -83.5823 945.3
vn -0.69574 0.15506 -0.701357
v 84.94 -81.472 747.9
vn -0.843941 0.37695 -0.381671
v 84.0976 -80.6795 749.4
vn -0.788061 0.585907 0.188874
v 83.1242 -81.3927 751.807
vn -0.83576 0.542049 -0.0876796
v 83.308 -81.1251 751.2
vn 0.831641 -0.186288 0.523135
v 83.8358 -80.9306 751.365
vn -0.177375 -0.751842 0.635037
v 84.7162 -81.1177 948.132
vn -0.782633 0.463268 -0.415774
v 85.83 -78.5941 747.6
vn -0.635816 0.0279624 -0.771334
v 85.4901 -80.3621 747.513
vn -0.393318 0.736391 0.550481
v 84.7969 -79.2946 750.382
vn -0.777943 0.617615 -0.115568
v 84.8654 -78.9725 750
vn -0.66244 0.741179 -0.10875
v 85.1652 -78.7595 750
vn 0.800106 -0.134956 0.584481
v 85.1844 -79.377 750
vn 0.838728 0.0524595 0.542018
v 85.802 -78.8949 749.127
vn 0.795031 -0.130516 0.592361
v 83.9728 -80.3463 751.2
vn 0.617329 0.754117 -0.224081
v 85.4341 -79.1833 917.7
vn -0.708606 0.685834 -0.165857
v 85.9267 -78.308 748.027
vn 0.577861 0.789431 -0.207065
v 84.0408 -77.0805 921.3
vn 0.608914 0.771668 -0.183717
v 85.9975 -77.9756 923.7
vn 0.578085 0.806539 -0.123746
v 84.7768 -76.5037 926.4
vn 0.570989 0.81928 -0.0524546
v 86.0559 -76.258 941.4
vn -0.664519 -0.45559 0.592328
v 84.4781 -76.4666 952.574
vn -0.378339 -0.687642 0.619685
v 85.296 -76.9472 952.731
vn 0.553528 0.831232 -0.0515757
v 84.4239 -75.2786 936.3
vn 0.648678 0.735759 -0.194616
v 86.613 -75.0802 951.012
vn -0.697633 -0.468474 0.54207
v 85.3063 -75.1091 954.3
vn -0.649681 -0.585785 0.484532
v 85.5732 -74.2002 955.8
vn -0.565446 -0.590779 0.575544
v 86.4964 -74.1353 957
vn -0.499497 -0.657921 0.563598
v 86.242 -75.3823 955.2
vn -0.377237 -0.661395 0.648266
v 86.9358 -73.922 957.6
vn -0.610907 -0.541066 0.577962
v 86.9172 -73.649 957.9
vn 0.617672 0.773696 -0.14098
v 85.1023 -72.0868 957
vn -0.645655 -0.557892 0.521427
v 85.7484 -73.3629 957
vn -0.256422 0.357381 0.898068
v 85.5824 -72.7142 957.387
vn -0.622885 -0.547105 0.559187
v 85.8134 -73.07 957.357
vn -0.46629 0.605933 0.64453
v 86.0644 -72.8167 957.3
vn -0.548259 -0.591419 0.5913
v 86.3379 -73.4882 957.466
vn 0.471638 -0.0909091 0.877094
v 86.6738 -73.3511 957.3
vn 0.681656 0.730887 -0.0338995
v 86.938 -73.551 957.3
vn -0.599728 -0.619082 0.507015
v 86.1069 -73.1324 957.628
vn -0.588204 -0.504631 0.631953
v 86.633 -73.5431 957.6
vn -0.395052 -0.91291 -0.102613
v 74.0199 -137.211 817.8
vn -0.32679 -0.944344 -0.0377295
v 74.2832 -137.416 817.8
vn 0.00403741 -0.999988 0.00292526
v 74.5883 -137.423 817.8
vn -0.0608059 -0.997489 0.0363201
v 73.7197 -137.181 818.7
vn -0.310646 -0.948684 0.0591403
v 74.0131 -137.243 818.4
vn 0.122035 -0.879518 -0.459952
v 75.6644 -135.246 810.9
vn -0.166188 -0.876542 -0.451726
v 75.2935 -135.548 811.345
vn 0.155114 -0.88918 -0.430464
v 75.5426 -135.819 811.8
vn 0.283678 -0.884546 -0.370277
v 75.8947 -135.605 811.8
vn -0.23449 -0.927574 -0.290896
v 74.7023 -136.886 814.5
vn 0.0619141 -0.981361 -0.181924
v 74.9441 -137.192 815.7
vn 0.239741 -0.925225 -0.29408
v 75.3374 -136.784 814.141
vn 0.0254612 -0.950771 -0.308847
v 76.0047 -136.531 814.2
vn -0.188704 -0.952924 -0.237333
v 75.8683 -137.173 816.3
vn -0.386078 -0.907416 0.165952
v 75.8381 -137.315 819.3
vn -0.0519546 -0.955245 0.291216
v 74.399 -135.427 824.7
vn -0.418223 -0.908215 -0.0152985
v 75.9667 -135.267 838.2
vn -0.347625 -0.935361 -0.0652383
v 75.0035 -135.47 844.2
vn -0.492634 -0.868124 0.0605961
v 74.129 -135.255 849.9
vn -0.552257 -0.709009 -0.43854
v 74.8074 -133.506 807.9
vn -0.269145 -0.832832 -0.483685
v 75.1432 -133.369 807.268
vn -0.305717 -0.829389 -0.467602
v 74.3444 -134.242 809.7
vn -0.250781 -0.87993 -0.403526
v 76.3303 -134.999 810.3
vn -0.455366 -0.889406 -0.0399742
v 74.3912 -134.022 837.9
vn -0.62418 -0.77853 0.0654967
v 75.4421 -134.849 838.5
vn -0.536292 -0.820303 0.198729
v 74.3522 -134.205 855
vn -0.328693 -0.937104 0.117457
v 74.4399 -133.792 857.4
vn -0.580399 -0.786114 0.212514
v 76.4579 -134.399 858.9
vn -0.515801 -0.804619 0.294172
v 75.5532 -132.884 865.8
vn -0.450432 -0.859799 0.240533
v 76.3029 -133.685 864.3
vn -0.342375 -0.79042 -0.507953
v 74.7693 -132.243 806.1
vn -0.220742 -0.82813 -0.515241
v 75.9172 -132.614 805.786
vn -0.58459 -0.728415 0.357304
v 74.9624 -132.411 865.8
vn -0.611446 -0.706968 0.355429
v 75.9371 -131.077 869.7
vn 0.207536 -0.861456 -0.46349
v 77.6084 -128.986 799.545
vn -0.215439 -0.83932 -0.499128
v 76.7295 -127.349 796.5
vn -0.665071 -0.602996 0.440541
v 75.8662 -127.082 878.392
vn -0.773997 -0.361863 0.519599
v 77.0855 -126.114 881.7
vn -0.691977 -0.447553 0.566448
v 77.9318 -126.022 882.9
vn -0.593351 -0.646998 0.478883
v 78.2581 -126.977 882.3
vn -0.868048 -0.471759 0.154714
v 78.4637 -126.101 883.5
vn -0.853219 -0.473441 0.218796
v 78.4637 -126.101 883.8
vn -0.583618 -0.676402 -0.449301
v 77.6637 -124.397 790.837
vn -0.385623 0.833367 0.395972
v 77.01 -123.144 825
vn -0.240939 0.960532 0.139023
v 78.4538 -123.566 828.9
vn -0.347338 0.937071 0.0354121
v 77.3703 -124.335 831.35
vn -0.242507 0.962674 -0.120207
v 77.4058 -124.167 835.5
vn -0.574267 -0.702512 0.42035
v 77.2459 -123.477 883.5
vn -0.826277 -0.408588 0.387713
v 77.6184 -124.081 883.2
vn -0.794816 -0.477511 0.374501
v 77.6444 -123.78 883.8
vn -0.862659 -0.364743 0.350402
v 77.7972 -124.119 883.8
vn -0.836868 -0.261257 0.481037
v 77.9191 -125.372 883.2
vn -0.872086 -0.266199 0.410615
v 78.0622 -124.789 883.8
vn -0.828813 -0.453019 0.328393
v 78.2785 -125.755 883.5
vn -0.87389 -0.318487 0.367265
v 78.1896 -125.429 883.8
vn -0.305837 -0.803573 -0.510621
v 77.3447 -121.569 786.999
vn -0.132374 0.845236 0.517739
v 79.2238 -121.386 822.9
vn -0.321058 0.876709 0.358193
v 77.7005 -122.781 825
vn -0.0406323 0.943224 0.329663
v 78.3231 -122.738 825.3
vn -0.188966 0.84847 0.494359
v 78.5677 -121.587 823.2
vn -0.143087 0.888446 0.436107
v 78.9607 -122.624 825
vn -0.0679796 0.949731 -0.305597
v 77.9176 -123.203 839.7
vn 0.1284 0.873931 -0.468783
v 76.7692 -122.834 840.6
vn -0.250082 0.94051 -0.230001
v 79.0123 -122.381 841.8
vn 0.336606 0.815038 -0.471604
v 78.3498 -121.169 844.676
vn 0.04817 0.928355 -0.368561
v 79.1678 -121.65 844.237
vn -0.439092 -0.796306 0.416048
v 78.9656 -122.601 887.7
vn -0.550098 -0.751649 0.363889
v 78.4156 -122.103 888.3
vn -0.0520735 -0.860893 -0.506114
v 79.1067 -119.051 782.7
vn -0.242937 0.811803 0.530996
v 77.8877 -120.458 820.587
vn -0.439865 0.765477 0.469642
v 78.6782 -119.624 819.9
vn -0.106853 0.849502 0.516652
v 79.6136 -119.552 820.2
vn 0.539714 0.652096 -0.532427
v 79.5961 -119.594 848.1
vn 0.425649 0.822573 -0.377089
v 79.4576 -118.843 849
vn 0.0478808 -0.867759 -0.494673
v 79.6973 -116.273 777.9
vn -0.00214835 0.779528 0.626364
v 79.438 -117.493 817.5
vn -0.196185 0.793421 0.57619
v 79.2129 -118.552 818.7
vn 0.528816 0.726222 -0.439267
v 78.9112 -118.528 848.761
vn 0.290466 0.861883 -0.415677
v 78.3764 -116.716 851.4
vn 0.703477 0.606609 -0.370332
v 79.0857 -117.645 850.5
vn 0.514019 0.810254 -0.281554
v 79.52 -118.55 850.2
vn 0.754307 0.556551 -0.348241
v 79.8953 -118.227 851.7
vn 0.186643 0.917595 -0.350975
v 78.2174 -116.021 853.5
vn 0.170156 0.928319 -0.33056
v 78.4407 -116.413 852.3
vn 0.794185 0.505561 -0.337162
v 79.9022 -117.205 852.9
vn -0.0271722 -0.850882 -0.524653
v 78.9328 -114.098 774
vn 0.0522978 -0.867748 -0.494245
v 80.0833 -115.9 777.3
vn -0.0270856 0.920509 0.389781
v 80.4468 -114.189 812.1
vn -0.0954518 0.815036 0.571493
v 79.1806 -115.818 815.4
vn -0.0605669 0.86516 0.497824
v 80.4479 -115.627 814.8
vn 0.486889 0.782813 -0.387482
v 78.658 -115.391 855.3
vn 0.278883 0.902532 -0.328116
v 79.1791 -115.825 854.433
vn 0.579744 0.747611 -0.323998
v 79.7538 -116.007 854.7
vn 0.624774 0.686669 -0.371675
v 79.4447 -114.576 858
vn 0.559481 0.774157 -0.296077
v 79.6368 -115.115 857.1
vn 0.732076 0.623395 -0.274669
v 79.7264 -114.693 858.3
vn -0.753899 -0.551261 0.357417
v 78.811 -115.44 899.4
vn -0.0974304 0.758171 0.644736
v 79.7838 -112.98 808.2
vn -0.0142098 0.929346 0.368938
v 80.8231 -113.862 809.7
vn 0.718927 0.584617 -0.375988
v 78.7618 -113.589 858.3
vn 0.798341 0.517301 -0.308303
v 80.2665 -113.595 861.9
vn -0.590844 -0.708117 0.386617
v 80.8621 -113.679 906.3
vn -0.675763 -0.621125 0.396924
v 80.4039 -112.949 907.2
vn 0.0551651 -0.819423 -0.570529
v 79.574 -109.638 767.4
vn -0.377198 -0.803269 -0.460957
v 80.5878 -109.197 766.2
vn 0.0136159 -0.861202 -0.50808
v 80.8832 -109.25 766.2
vn -0.300143 -0.765154 -0.569609
v 79.7807 -110.109 768
vn -0.630068 -0.66241 0.405249
v 79.8633 -111.063 908.4
vn -0.569922 -0.67503 0.468532
v 80.1702 -109.595 911.4
vn -0.750213 -0.476703 0.458186
v 81.0322 -111.312 909.9
vn -0.581493 -0.674904 0.454281
v 80.9711 -110.28 911.1
vn -0.411456 -0.710866 -0.570415
v 80.4424 -106.995 763.8
vn -0.563545 -0.639969 -0.522356
v 80.5585 -107.892 764.7
vn -0.66055 -0.581543 -0.474849
v 80.8783 -107.831 764.1
vn -0.160586 -0.81739 -0.55325
v 81.0567 -108.434 765
vn 0.0492415 -0.83255 -0.551757
v 81.2623 -107.467 763.5
vn 0.166604 -0.832608 -0.528211
v 81.3716 -108.396 765
vn -0.367269 -0.736104 -0.568564
v 80.0891 -108.657 766.047
vn -0.430244 -0.694716 -0.57642
v 80.1579 -108.334 765.6
vn -0.628162 -0.617283 -0.473682
v 80.3636 -108.809 765.9
vn -0.58238 -0.662312 -0.471355
v 80.3202 -109.013 766.264
vn -0.370961 -0.766326 -0.524531
v 80.6137 -109.076 765.897
vn -0.00869309 0.939316 0.342943
v 80.2163 -106.617 800.1
vn 0.0586004 0.864187 0.499747
v 79.9531 -107.855 803.1
vn 0.0542589 0.906107 0.419555
v 80.0223 -107.529 802.5
vn -0.197349 0.881354 0.429266
v 80.3323 -107.514 802.5
vn -0.01974 0.871701 0.48964
v 81.2643 -107.458 803.1
vn 0.00941287 0.855286 0.518071
v 81.7742 -107.945 803.7
vn -0.233949 0.811273 0.535821
v 80.4231 -108.53 804.3
vn -0.150368 0.713059 0.684789
v 80.3826 -108.72 804.539
vn -0.189564 0.828744 0.526545
v 80.8008 -108.195 804.125
vn 0.797475 0.314812 -0.51471
v 81.9027 -107.509 872.1
vn -0.500949 -0.55071 -0.667659
v 81.5546 -104.649 760.5
vn -0.361492 -0.595146 -0.717722
v 81.718 -105.323 760.765
vn -0.234601 -0.612441 -0.754903
v 82.1362 -104.799 760.254
vn -0.0860406 -0.775563 -0.625378
v 80.2796 -106.319 762.9
vn -0.605326 -0.545015 -0.580121
v 81.2891 -105.898 761.7
vn -0.665272 -0.494356 -0.559487
v 81.5308 -106.204 761.683
vn 0.0992739 -0.795438 -0.597849
v 81.8867 -105.973 761.422
vn 0.0275832 -0.717365 -0.696151
v 82.2962 -105.446 760.8
vn -0.397903 0.8939 0.206438
v 80.7953 -105.336 794.7
vn -0.684066 0.718571 0.125336
v 81.3058 -104.929 794.7
vn -0.588258 0.790398 0.170948
v 81.4158 -104.952 796.8
vn -0.396518 0.886798 0.237411
v 80.3681 -106.263 799.2
vn -0.429038 0.849005 0.308411
v 81.6473 -105.656 799.5
vn 0.173849 0.884035 0.433888
v 82.2284 -105.808 799.5
vn -0.608575 -0.625269 0.488544
v 81.5157 -104.832 918.3
vn -0.708817 -0.551034 0.440387
v 82.5099 -106.412 917.7
vn 0.171048 -0.827428 -0.534888
v 81.3556 -102.699 757.8
vn -0.100494 -0.760298 -0.641754
v 81.4429 -103.731 759.558
vn -0.0412092 -0.720372 -0.692363
v 82.898 -104.1 759.6
vn -0.742108 0.670187 0.0112334
v 81.3096 -102.476 774.3
vn -0.109504 0.934522 0.338641
v 82.2185 -104.411 796.5
vn -0.4893 0.8366 0.246347
v 82.3555 -103.767 794.4
vn -0.033244 0.920824 0.388559
v 82.936 -103.922 795
vn 0.716206 -0.00374881 -0.697879
v 82.0923 -103.563 873.044
vn 0.653481 0.564598 -0.504175
v 82.8843 -102.722 874.5
vn 0.0523576 -0.77456 -0.63033
v 81.9931 -101.143 755.7
vn 0.125064 -0.718672 -0.68401
v 82.6071 -99.6971 754.2
vn 0.270201 -0.795031 -0.543062
v 83.3652 -100.459 755.482
vn -0.126164 0.83225 0.539855
v 81.8449 -100.397 768.9
vn -0.417512 0.830406 0.36893
v 83.1161 -100.188 768.9
vn -0.706018 0.701011 0.10061
v 83.4757 -100.176 769.8
vn -0.399197 0.84612 0.353162
v 81.9736 -101.235 770.7
vn -0.656423 0.751084 0.0705828
v 83.0228 -100.628 771.3
vn -0.755155 0.655219 -0.0206879
v 82.7944 -100.338 779.1
vn -0.634274 0.754614 0.168088
v 82.5775 -101.28 786.3
vn 0.0270398 -0.708021 -0.705674
v 83.5084 -98.343 753.157
vn -0.192446 -0.622785 -0.758356
v 82.0851 -99.2673 753.818
vn -0.579558 0.734842 0.352308
v 81.9921 -98.6341 766.2
vn -0.261221 0.802985 0.535705
v 82.6904 -97.8624 765.702
vn 0.0375744 0.777019 0.628355
v 82.96 -98.0371 765.9
vn -0.76979 0.637591 0.0300157
v 83.8504 -99.6199 771.3
vn -0.667714 0.723124 0.176778
v 83.5939 -99.588 784.2
vn -0.606102 -0.675444 0.420018
v 83.0673 -97.5328 930.3
vn -0.111086 -0.629936 -0.768661
v 83.4644 -97.1068 751.952
vn -0.389592 0.784933 0.481767
v 83.2957 -96.4576 763.852
vn -0.0623484 0.775638 0.628091
v 83.5721 -96.6002 764.1
vn -0.208556 0.789557 0.577152
v 84.3287 -97.3696 765
vn -0.594387 -0.659215 0.460586
v 82.2284 -97.1508 930.202
vn -0.693058 -0.493946 0.52506
v 82.6635 -95.1036 933.3
vn -0.343577 0.82026 0.457305
v 83.1147 -92.9807 757.8
vn -0.357279 0.792577 0.494138
v 82.8394 -94.2756 760.2
vn -0.392594 0.791099 0.469077
v 83.6929 -94.5892 760.8
vn -0.298501 0.775539 0.556271
v 84.6356 -94.4828 761.7
vn -0.184353 0.747061 0.638681
v 84.7814 -95.2399 762.612
vn -0.752689 -0.330332 0.569508
v 84.1506 -93.879 936.042
vn -0.621498 -0.204108 -0.75636
v 84.4184 -91.1756 748.779
vn -0.672158 -0.0918945 -0.734683
v 84.5872 -91.8248 748.724
vn -0.674171 -0.0869577 -0.733438
v 85.0053 -91.3003 748.282
vn -0.582545 -0.239151 -0.77682
v 85.2364 -91.6561 748.09
vn -0.664184 -0.129573 -0.736255
v 84.1066 -92.6428 749.248
vn 0.0846161 0.781009 0.61876
v 83.6005 -90.695 754.742
vn -0.430166 0.815478 0.387238
v 85.0926 -90.89 755.7
vn -0.354498 0.821177 0.447214
v 85.7106 -90.868 756.3
vn -0.58602 -0.567863 0.578024
v 83.9141 -92.1059 937.2
vn -0.820871 -0.183014 0.540996
v 85.3561 -92.9084 938.1
vn -0.569371 -0.322993 -0.755971
v 85.8417 -90.2513 747.298
vn 0.24801 0.708395 0.660808
v 84.4553 -88.1164 751.412
vn -0.140685 0.851629 0.504912
v 86.1297 -88.8964 752.1
vn -0.259649 0.851663 0.455251
v 85.3245 -89.7987 753.6
vn -0.293794 -0.735667 0.61031
v 84.0494 -88.5837 942.3
vn -0.901065 0.295458 -0.31747
v 84.5622 -87.219 748.2
vn -0.834976 0.140194 -0.532128
v 84.5796 -87.8361 747.3
vn -0.857593 0.296162 -0.420503
v 85.1454 -86.7296 747
vn 0.0643215 0.810885 0.58166
v 86.3633 -88.2152 751.2
vn 0.633002 0.672713 -0.383101
v 85.2678 -85.7373 901.5
vn -0.759179 0.12771 -0.63823
v 86.6191 -85.816 744.9
vn -0.422166 -0.368006 -0.828461
v 85.3774 -85.2454 747
vn -0.69638 -0.287784 0.657447
v 85.8475 -84.4528 946.2
vn -0.536285 -0.519056 0.665566
v 86.553 -84.0196 947.1
vn -0.731793 0.466179 -0.497149
v 87.1196 -81.3534 745.8
vn 0.757599 -0.0705336 0.648898
v 87.4144 -81.6912 745.8
vn -0.677968 0.0149109 -0.734941
v 87.462 -81.1855 745.8
vn -0.541231 0.0701275 -0.837945
v 85.9523 -81.0737 747.18
vn 0.812593 -0.195201 0.549172
v 86.0646 -81.0976 747.6
vn -0.693287 0.392286 -0.604537
v 86.0586 -82.0164 746.719
vn 0.651504 0.1824 -0.736392
v 86.3053 -81.7622 747
vn 0.893457 0.0402016 0.447346
v 86.2333 -81.7469 747.3
vn -0.676776 0.419272 -0.605133
v 86.4092 -81.4776 746.7
vn -0.643946 0.212992 -0.734825
v 86.1833 -81.4295 746.974
vn 0.382957 0.636292 -0.669685
v 86.2755 -81.1424 747.3
vn 0.82194 0.0315116 0.568702
v 86.352 -82.0788 747.013
vn -0.705492 0.439655 -0.555864
v 86.4784 -81.799 746.4
vn -0.205292 0.877942 0.432519
v 86.7079 -81.8477 746.608
vn 0.491414 -0.64449 -0.585785
v 86.891 -80.9861 746.4
vn 0.639248 0.704989 -0.307168
v 86.7241 -83.2146 909.3
vn -0.503859 -0.56043 0.657301
v 85.3471 -82.4786 946.586
vn 0.491414 -0.64449 -0.585785
v 86.895 -80.9674 746.383
vn -0.677968 0.0149109 -0.734941
v 87.4641 -81.0884 745.8
vn -0.677968 0.0149109 -0.734941
v 87.4819 -81.0921 745.784
vn -0.663209 -0.361594 -0.655289
v 87.9412 -78.9311 745.8
vn -0.592314 -0.124641 -0.796008
v 86.077 -80.4868 747.096
vn -0.640069 0.248563 -0.727
v 86.4513 -78.7262 746.779
vn -0.530369 -0.0686434 -0.844983
v 86.3081 -80.8427 747.039
vn 0.0686653 0.201629 -0.977052
v 86.3705 -80.5492 747.104
vn 0.923324 -0.304326 -0.234219
v 86.5589 -80.2826 747.3
vn -0.563577 0.0825157 -0.821932
v 86.6823 -79.082 746.543
vn -0.547815 -0.0513231 -0.835024
v 86.7263 -80.3181 746.641
vn 0.840591 -0.174943 0.512642
v 87.1477 -79.1809 747
vn 0.491414 -0.64449 -0.585785
v 86.911 -80.9708 746.4
vn 0.632305 0.732521 -0.252198
v 86.3082 -80.8427 914.825
vn -0.369821 -0.675678 0.637724
v 86.0332 -79.2508 950.772
vn -0.757469 -0.409841 0.508204
v 87.3186 -80.4179 951
vn -0.661865 -0.405873 0.630239
v 88.0873 -79.6874 952.987
vn -0.643294 -0.156654 -0.749422
v 87.405 -78.3155 746.1
vn -0.663209 -0.361594 -0.655289
v 87.821 -78.7106 745.8
vn -0.581329 0.00723582 -0.813636
v 87.6874 -78.6822 745.934
vn 0.51466 -0.576646 -0.634511
v 87.8525 -78.7173 746.1
vn -0.588978 0.331563 -0.737002
v 87.9752 -78.4367 745.8
vn 0.753169 0.324804 0.572048
v 87.7498 -78.3888 746.049
vn -0.663209 -0.361594 -0.655289
v 87.9809 -78.7446 745.657
vn 0.493944 -0.59282 -0.636069
v 88.1276 -78.7758 745.8
vn -0.703773 -0.38371 0.597889
v 87.9809 -78.7446 745.966
vn -0.662731 0.450774 -0.597989
v 86.5895 -78.0756 747
vn -0.674593 0.700434 -0.233058
v 86.6384 -77.8458 747.265
vn -0.564526 0.188148 -0.803685
v 86.8071 -78.4951 746.651
vn 0.78604 0.244485 0.567774
v 86.8949 -78.082 747
vn -0.467004 -0.628731 0.621776
v 86.4479 -77.2998 952.8
vn -0.682698 -0.420904 0.597296
v 87.6898 -78.6828 952.8
vn -0.672656 -0.449735 0.587599
v 88.1812 -77.8024 953.7
vn -0.791243 -0.484668 0.372869
v 88.6015 -77.2683 955.2
vn -0.734244 -0.517203 0.439757
v 88.9876 -76.8117 956.7
vn 0.702205 0.698323 -0.138758
v 88.5136 -76.2389 953.4
vn -0.388702 -0.69141 0.608986
v 87.0238 -74.59 957
vn 0.757869 0.647181 -0.082413
v 87.1846 -73.8335 957.3
vn 0.631205 0.424886 0.648885
v 87.5366 -74.3564 957.3
vn -0.404372 -0.690241 0.600042
v 87.9439 -75.3631 956.4
vn -0.761965 -0.494934 -0.417672
v 88.1356 -75.0971 957
vn 0.732589 0.666754 -0.136939
v 88.1119 -75.243 956.1
vn -0.761965 -0.494934 -0.417672
v 88.1411 -75.1056 957
vn -0.761965 -0.494934 -0.417672
v 88.1426 -75.0986 956.989
vn -0.723629 -0.523543 0.449738
v 88.3112 -75.7479 956.581
vn -0.392949 0.416348 0.819906
v 88.7601 -76.15 957
vn 0.198716 0.866462 0.457991
v 88.6325 -75.6796 956.7
vn -0.749946 -0.379196 0.542025
v 88.7583 -75.8429 957.3
vn 0.23552 -0.953448 -0.188329
v 76.9427 -137.89 818.1
vn -0.311553 -0.949938 0.0235258
v 76.6317 -137.91 818.7
vn 0.208608 -0.970963 0.117106
v 76.9398 -137.904 818.7
vn -0.200567 -0.856963 -0.47475
v 77.1385 -135.526 810.3
vn -0.389656 -0.857364 -0.336296
v 76.9221 -136.544 812.7
vn -0.446798 -0.855951 -0.260228
v 76.2514 -136.813 814.8
vn -0.263757 -0.936307 -0.231867
v 76.2339 -136.896 815.1
vn -0.470679 -0.880643 -0.0541244
v 76.576 -137.047 815.1
vn -0.338795 -0.922581 -0.184557
v 76.7896 -137.167 814.8
vn 0.0349677 -0.972625 -0.229732
v 78.2763 -137.387 814.8
vn 0.138955 -0.918519 -0.370154
v 78.3513 -137.034 813.6
vn -0.43343 -0.882022 -0.184865
v 76.1413 -137.331 816.3
vn -0.3242 -0.945089 -0.0412511
v 76.1189 -137.437 817.2
vn 0.369262 -0.906022 -0.206807
v 77.2887 -137.705 818.1
vn 0.235519 -0.912938 -0.33328
v 77.3292 -137.514 817.634
vn -0.0527906 -0.991718 -0.117086
v 77.6226 -137.577 817.907
vn -0.243298 -0.967728 -0.0656346
v 77.8971 -137.728 816.9
vn -0.392121 -0.919086 0.039015
v 77.9078 -137.678 817.8
vn -0.227153 -0.970627 0.0792805
v 78.1895 -137.795 817.8
vn -0.12137 -0.957551 0.261468
v 76.6799 -137.683 819.605
vn 0.427807 -0.903432 -0.0281527
v 77.2114 -137.796 818.4
vn 0.270726 -0.955885 0.113977
v 77.2985 -137.659 819.3
vn 0.187854 -0.982077 -0.0153225
v 77.6173 -137.602 818.4
vn -0.210983 -0.974464 0.0768558
v 78.0361 -137.665 818.4
vn -0.0365914 -0.985175 0.167607
v 77.94 -137.527 820.2
vn -0.251894 -0.919948 0.30041
v 76.9942 -136.204 823.8
vn -0.277961 -0.932396 0.231031
v 77.157 -135.439 826.2
vn -0.474788 -0.865897 0.157475
v 77.4534 -135.487 826.8
vn -0.176459 -0.961225 0.211918
v 77.9779 -135.905 826.2
vn -0.489446 -0.870621 -0.0496125
v 76.7544 -135.89 843
vn -0.100445 -0.989941 -0.0996331
v 78.5151 -136.264 843.9
vn -0.471573 -0.881079 0.0363126
v 77.8385 -136.561 847.8
vn -0.325338 -0.945396 -0.0195523
v 78.3777 -136.91 848.1
vn -0.180419 -0.84313 -0.506537
v 76.7791 -134.33 808.747
vn 0.0779897 -0.8565 -0.510221
v 76.9882 -133.347 807
vn 0.151615 -0.833358 -0.531533
v 77.7994 -135.302 810
vn 0.247934 -0.838956 -0.48444
v 78.495 -134.915 810
vn -0.300724 -0.953593 0.0150317
v 78.0929 -135.364 829.5
vn -0.421333 -0.890125 0.173654
v 77.2818 -134.852 858.9
vn -0.556917 -0.815559 0.157185
v 77.2925 -134.801 860.4
vn -0.472377 -0.854293 0.216893
v 77.4284 -134.162 862.303
vn -0.692935 -0.656921 0.297148
v 78.2362 -134.69 863.1
vn -0.221212 -0.968383 0.115323
v 76.8732 -133.888 864.3
vn 0.268564 -0.841858 -0.468132
v 78.0702 -131.142 803.4
vn 0.187564 -0.862856 -0.469361
v 78.7545 -130.809 803.4
vn 0.260253 -0.832259 -0.489503
v 78.5323 -131.854 805.2
vn 0.038951 -0.858906 -0.510649
v 78.8988 -131.572 804.9
vn -0.417144 -0.835719 0.357162
v 78.1385 -132.264 870.6
vn -0.602543 -0.692668 0.396425
v 78.4115 -132.423 870.6
vn -0.36409 -0.877463 0.312246
v 78.6259 -131.414 873.3
vn -0.778245 -0.446493 0.441563
v 79.6491 -132.18 873
vn -0.541004 -0.771021 0.335918
v 79.4955 -131.651 873.3
vn -0.520169 -0.788181 0.32893
v 78.408 -130.996 874.089
vn -0.367909 -0.901107 0.229452
v 79.5355 -131.463 874.2
vn -0.548642 -0.765842 0.335376
v 77.9459 -130.285 874.484
vn -0.581397 -0.724364 0.370506
v 78.1471 -129.338 877.5
vn -0.672951 -0.588426 0.448209
v 78.5928 -126.742 882.9
vn -0.533613 -0.736593 0.415557
v 79.9814 -127.957 882.6
vn -0.646319 -0.674804 0.356246
v 78.7319 -126.587 883.5
vn 0.0976722 -0.866002 -0.490409
v 78.8375 -124.647 791.159
vn 0.152213 -0.874144 -0.461198
v 79.8299 -124.551 792
vn -0.008573 -0.856599 -0.515911
v 80.8916 -125.083 792.896
vn -0.0453961 0.990854 0.12707
v 79.6724 -123.605 828.3
vn -0.434546 0.897898 -0.0703456
v 79.0777 -123.516 836.4
vn -0.725964 -0.519654 0.450485
v 80.8804 -125.136 888.6
vn -0.191982 0.931216 0.309805
v 79.7611 -123.187 826.8
vn -0.053235 0.938667 0.34069
v 80.7213 -122.998 827.4
vn -0.183716 0.898302 0.399127
v 80.8529 -122.379 825.9
vn -0.0728272 0.956744 0.281668
v 81.3219 -123.059 827.4
vn -0.26728 0.928644 0.257257
v 80.3207 -123.44 828.3
vn -0.180814 0.9803 0.0794894
v 80.2915 -123.578 829.2
vn -0.149642 0.964997 0.215379
v 80.9904 -123.175 828
vn -0.393058 0.917982 -0.0530591
v 79.417 -123.363 834.9
vn -0.07877 0.992031 -0.098337
v 80.346 -123.321 833.1
vn -0.358235 0.925485 -0.123064
v 80.1695 -122.709 837.3
vn -0.180456 0.972736 -0.14567
v 80.4577 -122.844 835.5
vn -0.358394 0.916997 -0.175128
v 79.1615 -123.122 838.8
vn -0.289587 0.940177 -0.179462
v 81.314 -121.653 840.9
vn -0.758449 -0.481049 0.439713
v 79.455 -122.938 887.7
vn -0.573475 -0.715153 0.399603
v 79.3043 -122.599 888
vn -0.856311 -0.310695 0.412553
v 80.5281 -122.859 890.1
vn -0.377689 -0.884408 0.27418
v 79.7074 -121.997 890.4
vn -0.141416 0.818483 0.556854
v 79.9958 -119.197 819.6
vn -0.40945 0.767407 0.493393
v 81.2368 -119.13 820.2
vn -0.329528 0.809353 0.486167
v 81.8433 -120.606 822.9
vn -0.511876 0.679824 0.525187
v 82.1422 -120.135 822.6
vn 0.0893531 0.924021 -0.371755
v 80.2435 -120.918 846
vn 0.53508 0.713362 -0.452554
v 80.0194 -119.086 849
vn 0.393048 0.807586 -0.439679
v 80.5028 -119.698 849
vn 0.294119 0.874024 -0.386749
v 81.23 -119.163 850.8
vn -0.574422 -0.769575 0.278915
v 81.9935 -121.024 896.7
vn -0.277532 0.799413 0.532837
v 82.4861 -118.981 821.4
vn 0.381605 0.880587 -0.280969
v 80.085 -118.778 849.867
vn 0.492452 0.793427 -0.357721
v 80.8708 -118.945 850.8
vn 0.561307 0.760365 -0.326772
v 80.5417 -118.072 853.2
vn 0.27255 0.917708 -0.289012
v 80.8302 -118.157 853.2
vn 0.353862 0.882831 -0.308854
v 81.6511 -118.624 852.3
vn 0.492653 0.826038 -0.273778
v 82.3584 -118.341 853.8
vn 0.63212 0.724927 -0.273688
v 81.0325 -117.139 856.2
vn 0.434241 0.877104 -0.205238
v 81.5633 -117.594 855.3
vn 0.633368 0.768763 -0.0885942
v 82.1755 -117.6 858
vn -0.709929 -0.597334 0.373085
v 80.2287 -118.102 898.5
vn 0.121203 -0.85835 -0.498543
v 80.7087 -115.843 777.246
vn -0.336284 0.78568 0.519249
v 81.9161 -115.935 816.3
vn -0.739592 -0.536589 0.406295
v 81.2332 -116.262 902.623
vn -0.725624 -0.555899 0.405519
v 82.4678 -114.782 906.6
vn -0.737196 -0.523113 0.427662
v 83.1658 -115.752 907.2
vn -0.174302 0.731343 0.659361
v 81.8569 -113.327 809.154
vn -0.552254 -0.710031 0.436888
v 83.4865 -112.876 912
vn -0.154025 0.672514 0.723879
v 81.9632 -109.942 805.8
vn -0.179963 0.699745 0.691354
v 82.537 -111.571 807.9
vn -0.730111 -0.482663 0.48371
v 82.4184 -110.686 913.066
vn 0.16048 0.86444 0.476434
v 82.4478 -107.661 803.4
vn 0.114294 0.794535 0.596365
v 82.6019 -108.379 804.6
vn 0.141646 0.880844 0.451719
v 82.6243 -108.274 804.3
vn -0.0792611 0.682274 0.726787
v 82.7302 -109.219 805.385
vn 0.418266 0.813553 0.403962
v 82.9032 -108.405 804.3
vn 0.450493 0.775299 0.442683
v 82.8768 -108.529 804.6
vn 0.142946 0.788465 0.598238
v 83.0719 -109.054 805.2
vn 0.276934 0.836676 0.472526
v 83.1479 -108.697 804.6
vn -0.16618 0.75047 0.639671
v 83.3171 -109.344 805.57
vn -0.180157 0.861964 0.473879
v 83.7352 -108.819 804.887
vn -0.174537 0.84525 0.505063
v 84.384 -108.653 805.2
vn -0.65233 -0.576459 0.492098
v 83.086 -108.988 915.521
vn 0.267616 -0.810676 -0.520755
v 84.1985 -105.196 761.1
vn -0.138822 0.901283 0.410387
v 84.299 -106.167 799.5
vn -0.202392 0.907617 0.36779
v 84.9395 -106.039 799.8
vn 0.306353 0.831947 0.462614
v 83.489 -107.092 801.6
vn 0.727819 -0.289456 -0.621686
v 85.1298 -105.742 876.6
vn -0.086491 0.91844 0.385989
v 85.2777 -104.448 795.6
vn 0.716576 0.425249 -0.552885
v 85.0891 -103.893 876.291
vn 0.754108 0.182505 -0.630883
v 85.3202 -104.249 876.346
vn -0.736726 -0.493131 0.462663
v 84.5482 -103.165 925.5
vn -0.742355 -0.5174 0.425683
v 84.7915 -103.523 925.5
vn -0.729425 -0.489235 0.47811
v 85.1945 -103.609 926.1
vn -0.615105 -0.640448 0.45986
v 85.3826 -103.955 925.985
vn -0.2821 -0.623458 -0.729191
v 84.3079 -100.353 754.94
vn -0.0545014 -0.764604 -0.642192
v 84.5006 -102.333 756.9
vn 0.424148 -0.773113 -0.471587
v 85.65 -102.697 757.8
vn -0.373465 0.859635 0.348643
v 83.7011 -101.765 790.5
vn -0.222933 0.881224 0.416828
v 84.7629 -102.542 792.9
vn -0.645796 -0.59765 0.475144
v 83.7651 -101.465 926.083
vn -0.0847991 -0.692628 -0.716293
v 85.5462 -98.8565 753.3
vn 0.394927 -0.657339 -0.641824
v 86.5595 -98.4178 753
vn -0.116238 -0.686313 -0.717958
v 84.1553 -99.6282 754.5
vn -0.809023 0.58149 0.0857379
v 84.3107 -98.8969 769.8
vn -0.701342 0.695173 0.157652
v 85.0018 -98.047 769.8
vn -0.752802 0.658235 0.00401289
v 84.7642 -98.9166 773.1
vn -0.785935 0.612457 -0.0848705
v 84.7679 -97.9973 776.1
vn -0.344677 0.84075 0.417538
v 85.9807 -98.2551 785.154
vn -0.714243 0.660767 0.230746
v 85.9179 -95.6646 765
vn -0.724804 0.645544 0.24069
v 84.8514 -97.4017 765.9
vn -0.673446 0.714266 0.19051
v 86.2925 -96.7879 768.893
vn -0.844519 0.520606 -0.125528
v 86.4242 -96.2025 775.8
vn -0.80836 0.586152 0.0545857
v 85.1265 -97.4601 780.9
vn 0.670671 0.579596 -0.462892
v 86.3214 -96.4873 886.8
vn -0.571564 -0.658591 0.489462
v 84.9941 -97.1253 933.533
vn -0.58778 -0.513454 0.625203
v 86.7443 -96.106 936.3
vn -0.295631 -0.570567 -0.766195
v 86.5619 -94.0776 748.8
vn 0.174109 -0.738404 -0.651494
v 86.7111 -94.8186 749.4
vn 0.524746 -0.667586 -0.528177
v 87.4605 -94.8892 750
vn -0.947132 0.157194 -0.2797
v 86.8846 -95.0735 775.2
vn 0.65332 0.624766 -0.427599
v 85.745 -93.5925 889.8
vn -0.49745 -0.670443 0.550499
v 85.0959 -95.2037 935.7
vn -0.813525 -0.222313 0.537359
v 85.4492 -93.5416 938.173
vn -0.544743 -0.627535 0.556286
v 85.6563 -94.0098 938.1
vn -0.363275 -0.703398 0.610952
v 86.9881 -94.959 937.5
vn -0.340864 -0.774415 0.533003
v 86.2481 -94.1116 938.4
vn -0.286376 -0.731225 0.619112
v 86.7131 -93.367 939.6
vn -0.531394 0.746836 0.39982
v 87.3529 -91.7993 759.88
vn -0.948867 -0.243799 -0.200531
v 87.8301 -90.9974 769.8
vn -0.914289 -0.313664 -0.256301
v 87.7087 -91.5683 771.384
vn -0.873324 -0.287674 -0.393127
v 87.9475 -92.8458 771.9
vn -0.953415 -0.099846 -0.284659
v 87.3176 -92.4052 774
vn -0.718686 0.686065 0.113159
v 87.6422 -91.5541 772.8
vn -0.620381 0.73792 0.265709
v 87.584 -92.1551 774.998
vn -0.364188 0.902105 0.231461
v 88.0287 -91.5059 773.7
vn -0.712795 -0.359799 0.602053
v 86.535 -91.3188 940.543
vn -0.606776 -0.465903 0.644016
v 86.5166 -92.8484 940.025
vn -0.210061 0.875609 0.434952
v 86.8267 -88.503 751.8
vn -0.402081 0.849384 0.341874
v 88.0206 -90.101 756.745
vn -0.815397 -0.358197 -0.454778
v 88.3497 -90.171 767.7
vn -0.977613 0.0945322 -0.18798
v 88.5483 -89.9065 766.8
vn -0.92076 0.0890347 -0.379835
v 88.3809 -89.849 767.7
vn -0.994662 0.0405106 -0.0949022
v 87.8431 -90.6767 769.8
vn -0.924079 -0.128049 -0.360112
v 87.9541 -90.0869 768.3
vn -0.779422 -0.467814 -0.416714
v 88.0719 -90.4186 768.3
vn -0.558414 0.799266 0.222144
v 88.0699 -90.4182 769.8
vn -0.379061 0.906223 0.187275
v 88.3896 -89.8081 768.3
vn -0.990724 -0.0460459 -0.127854
v 87.712 -90.9555 770.7
vn -0.915867 0.383671 0.118257
v 87.9702 -91.0104 771.6
vn -0.454322 -0.622661 0.637091
v 86.9624 -89.3083 942.6
vn -0.543997 -0.401053 -0.737037
v 88.3754 -86.9887 743.7
vn -0.536538 -0.370779 -0.758057
v 86.6965 -87.6727 745.109
vn -0.659144 -0.188489 -0.728012
v 87.2395 -86.5613 744.302
vn -0.793113 0.0116009 -0.608964
v 89.8068 -84.3466 741.6
vn -0.505765 -0.608596 0.611402
v 88.7783 -85.0937 947.7
vn -0.750912 0.237493 -0.61622
v 89.9187 -81.9168 742.5
vn -0.704221 0.342833 -0.621722
v 87.944 -81.8038 744.542
vn 0.728931 0.171423 0.662777
v 88.4223 -81.9055 744.6
vn 0.0117605 0.981676 0.190193
v 88.8038 -81.6798 744
vn -0.495788 -0.623494 0.604524
v 88.161 -82.2262 950.4
vn -0.733969 0.199532 -0.649212
v 89.6577 -81.5546 742.8
vn 0.599112 0.795002 -0.095064
v 89.7021 -79.3046 932.7
vn -0.450971 -0.750809 0.482607
v 90.3583 -80.5463 953.7
vn -0.64961 -0.613647 0.448825
v 89.9761 -79.4587 955.2
vn -0.705951 -0.342684 -0.61984
v 88.7618 -77.9905 745.2
vn -0.705951 -0.342684 -0.61984
v 88.7568 -77.98 745.2
vn -0.705951 -0.342684 -0.61984
v 88.7549 -77.989 745.207
vn 0.528089 -0.524183 -0.668097
v 89.2248 -77.2212 744.9
vn 0.528089 -0.524183 -0.668097
v 89.2354 -77.1711 744.869
vn 0.528089 -0.524183 -0.668097
v 89.2678 -77.1779 744.9
vn -0.675351 -0.101593 -0.730466
v 90.1945 -76.9879 744.3
vn -0.701714 -0.498286 0.509223
v 89.0705 -78.9763 954
vn -0.51264 -0.487865 0.706532
v 89.5377 -76.9287 957.3
vn -0.64719 -0.446045 0.618215
v 90.0153 -77.6436 957
vn -0.449938 -0.423495 0.786262
v 90.3748 -77.5828 957.3
vn 0.697557 0.473196 0.538052
v 90.6711 -77.632 957
vn -0.632008 -0.129052 0.764141
v 90.6404 -77.7764 957.428
vn 0.569306 0.812637 0.124547
v 90.948 -77.7723 957.3
vn -0.545347 -0.638328 0.543263
v 90.8661 -78.1575 957.6
vn 0.824192 -0.116457 0.554207
v 90.979 -78.1551 957.6
vn -0.728236 -0.127766 0.673312
v 90.9338 -77.8388 957.734
vn -0.675351 -0.101593 -0.730466
v 90.1593 -76.754 744.3
vn -0.675351 -0.101593 -0.730466
v 90.2405 -76.7713 744.227
vn 0.60871 -0.365707 -0.704082
v 90.3151 -76.7871 744.3
vn -0.398082 0.686966 -0.607954
v 90.2561 -76.6979 744.3
vn -0.68074 -0.102404 0.725332
v 90.2405 -76.7713 744.374
vn 0.595565 0.802894 -0.0257502
v 89.1644 -76.0631 957
vn 0.64372 0.761068 -0.0799936
v 89.5092 -76.3092 957.3
vn -0.348832 -0.330288 0.877055
v 89.6537 -76.6466 957.452
vn 0.0123978 -0.945372 -0.325757
v 80.2523 -136.748 813.3
vn 0.0953358 -0.974704 -0.202147
v 78.8588 -137.533 815.87
vn 0.467598 -0.867713 -0.168602
v 78.9212 -137.239 814.783
vn 0.624697 -0.779785 -0.0410911
v 79.2794 -136.997 815.7
vn 0.290421 -0.929263 -0.22831
v 79.6001 -136.931 814.5
vn -0.0309828 -0.995318 -0.0915509
v 78.7852 -137.879 817.5
vn 0.774772 -0.619178 -0.127859
v 79.0748 -137.272 816
vn 0.996202 -0.0501656 -0.0711634
v 79.171 -137.292 817.2
vn 0.0175996 -0.99678 0.0782271
v 79.0967 -137.89 817.8
vn 0.940717 -0.315809 -0.123756
v 79.1522 -137.595 817.15
vn 0.173874 -0.969392 0.173341
v 78.8515 -137.567 819.9
vn 0.31909 -0.937837 0.136541
v 79.1821 -137.455 819.9
vn 0.149001 -0.962586 0.226335
v 79.1956 -137.391 820.5
vn 0.822369 -0.568428 0.0244881
v 79.3178 -137.324 819.6
vn 0.407759 -0.909404 0.0819606
v 79.9267 -136.837 820.2
vn 0.420541 -0.877132 0.231914
v 79.3567 -136.633 822.9
vn 0.498266 -0.849605 0.172921
v 79.6929 -136.483 822.3
vn -0.230685 -0.960367 0.156463
v 80.5019 -137.017 820.8
vn -0.285423 -0.958147 0.0220702
v 79.9014 -136.956 844.5
vn -0.168629 -0.983438 -0.0664385
v 80.1968 -137.01 842.4
vn 0.040897 -0.983429 -0.176622
v 79.3057 -136.873 847.5
vn -0.0129585 -0.996205 -0.0860667
v 80.4288 -137.361 850.8
vn -0.361684 -0.929919 0.0665952
v 79.3476 -136.676 854.4
vn -0.0367506 -0.848832 -0.527383
v 79.3007 -134.011 808.5
vn -0.146951 -0.885606 -0.440576
v 79.0882 -135.01 810.3
vn -0.206996 -0.872511 -0.442579
v 79.5913 -135.529 810.9
vn 0.314662 -0.844907 -0.432574
v 80.5613 -135.295 810.6
vn 0.200301 -0.973541 0.10999
v 79.836 -135.821 825.3
vn -0.130251 -0.978723 0.158541
v 80.148 -135.796 825.3
vn -0.401197 -0.904666 0.1436
v 79.3417 -135.261 864
vn -0.62977 -0.675291 0.383889
v 80.1653 -132.829 873.3
vn -0.581149 -0.766575 0.273183
v 79.7919 -131.7 873.9
vn -0.68831 -0.612337 0.388938
v 80.7906 -132.116 875.1
vn -0.375881 -0.894556 0.241833
v 81.3138 -133.198 873.6
vn -0.151234 -0.854849 -0.496348
v 80.366 -130.442 802.5
vn 0.0150254 -0.859081 -0.511618
v 80.9772 -130.452 802.2
vn -0.461165 -0.835782 0.297986
v 81.7806 -131.001 880.5
vn -0.734208 -0.55206 0.395181
v 80.2899 -129.357 881.4
vn -0.793209 -0.385435 0.471443
v 80.4756 -128.675 882.3
vn -0.418271 -0.834677 0.358279
v 80.6861 -127.493 884.381
vn -0.636181 -0.619507 0.459874
v 81.5664 -127.68 884.688
vn -0.752451 -0.465955 0.465515
v 82.1166 -129.024 885.3
vn -0.848895 -0.0745849 0.523273
v 82.0909 -128.099 885.421
vn -0.439958 -0.814703 0.377751
v 82.6519 -126.902 888.3
vn 0.162994 -0.854537 -0.493153
v 82.409 -125.159 793.2
vn -0.60316 -0.668867 0.434528
v 82.1128 -126.553 888.3
vn -0.503096 -0.755249 0.420112
v 83.0983 -124.802 891.9
vn 0.0881199 -0.835058 -0.543059
v 82.2246 -123.141 789.9
vn 0.413745 -0.780038 -0.469421
v 83.682 -123.499 791.1
vn -0.151373 0.890396 0.429281
v 81.6913 -122.764 826.8
vn -0.336213 0.894406 0.294956
v 81.9848 -122.826 827.1
vn -0.389166 0.887024 0.248472
v 82.6487 -122.589 827.7
vn -0.259159 0.950232 0.172903
v 81.6217 -123.092 828.125
vn -0.353367 0.915028 0.194566
v 83.5417 -122.716 828.9
vn -0.232235 0.971674 -0.0437914
v 81.8864 -123.289 831.6
vn -0.167047 0.975626 -0.1423
v 82.0014 -122.748 836.4
vn -0.83557 -0.335942 0.434702
v 81.9559 -123.163 893.1
vn -0.794732 -0.482846 0.367778
v 83.5918 -122.59 896.4
vn -0.9648 -0.200999 0.169591
v 83.6319 -122.292 896.981
vn -0.628097 -0.671788 0.392678
v 84.2118 -122.415 897.9
vn 0.191212 -0.838933 -0.509538
v 83.0151 -120.865 786.6
vn -0.405261 0.762568 0.504236
v 82.9624 -120.31 823.5
vn -0.43206 0.817348 0.381138
v 83.1093 -121.864 826.2
vn -0.047056 0.983398 -0.175254
v 83.37 -120.638 843.9
vn 0.18239 0.923543 -0.337347
v 82.5881 -119.988 849.3
vn -0.098278 0.98777 -0.121041
v 82.8084 -120.394 847.2
vn 0.129245 0.987844 -0.0863683
v 83.4128 -120.436 848.7
vn 0.249004 0.871386 -0.422709
v 83.4816 -120.113 849.568
vn -0.0376762 0.986801 0.157493
v 84.0299 -120.419 849
vn 0.0634044 0.995124 0.0755555
v 84.3867 -120.183 848.4
vn 0.433211 0.789265 -0.435188
v 83.5902 -119.602 850.5
vn 0.75137 0.636056 -0.175718
v 83.9648 -120.523 849.9
vn 0.847644 0.446179 -0.287094
v 83.7819 -120.177 850.2
vn -0.377726 -0.905083 0.195314
v 82.323 -121.235 896.7
vn -0.514984 -0.80526 0.293848
v 82.3405 -121.153 897.3
vn -0.220829 -0.951977 0.212071
v 82.8641 -121.575 895.8
vn -0.134635 -0.974662 0.178626
v 82.9187 -121.319 897.3
vn -0.888888 -0.175271 0.42327
v 83.4581 -121.948 896.4
vn -0.850235 -0.111832 0.514387
v 84.0439 -121.46 897.6
vn -0.865524 0.142176 0.480264
v 83.9991 -122.063 897.6
vn -0.00959908 0.831287 0.555761
v 83.1626 -117.285 818.828
vn 0.0765346 0.874695 0.478592
v 83.6622 -117.82 819.6
vn 0.200703 0.857935 0.472933
v 84.3363 -117.535 818.723
vn -0.0873939 0.903727 0.419094
v 84.4958 -118.227 820.2
vn -0.127023 0.886239 0.445472
v 83.8778 -118.971 821.7
vn 0.173525 0.941145 -0.290062
v 82.4949 -118.983 851.68
vn 0.318257 0.918955 -0.232881
v 83.6419 -119.359 851.1
vn 0.748842 0.624346 -0.222323
v 83.919 -119.498 851.1
vn 0.553135 0.79547 -0.247525
v 82.8346 -118.828 853.8
vn 0.578032 0.807671 -0.116385
v 83.1823 -118.635 855.9
vn 0.448146 0.887981 -0.103222
v 83.6974 -119.098 854.4
vn 0.779719 0.615767 -0.113445
v 84.1145 -119.328 856.2
vn 0.601698 -0.688709 -0.404523
v 84.6542 -116.039 780
vn 0.140702 0.866509 0.47892
v 84.4795 -115.418 814.841
vn 0.0283876 0.876138 0.481224
v 83.1186 -116.049 817.237
vn -0.175706 0.871949 0.456983
v 84.831 -116.65 816.9
vn 0.787796 0.554974 -0.267172
v 83.4403 -117.037 864.9
vn 0.783533 0.515032 -0.34759
v 83.9251 -116.527 867
vn -0.51836 -0.728593 0.447722
v 84.4333 -115.636 909
vn -0.0324227 0.944839 0.325926
v 84.0422 -114.589 813.3
vn -0.240181 0.902615 0.357209
v 85.3369 -114.373 813.3
vn -0.215746 0.940592 0.262184
v 85.6985 -114.012 811.5
vn -0.700796 -0.571211 0.42732
v 83.4617 -114.435 909
vn -0.546799 -0.732074 0.406298
v 83.9379 -113.638 910.8
vn -0.599713 -0.647654 0.469988
v 85.2871 -113.75 912.6
vn 0.0264583 0.702487 0.711205
v 84.953 -110.305 806.815
vn -0.130286 0.752947 0.645055
v 85.4775 -110.723 807.321
vn -0.483229 -0.713573 0.507251
v 84.8484 -112.24 914.4
vn 0.816292 -0.513055 -0.265408
v 86.6257 -108.207 769.764
vn -0.326559 0.808901 0.488916
v 85.6592 -108.425 803.7
vn -0.326493 0.819444 0.471077
v 86.0388 -108.082 803.416
vn -0.118935 0.700404 0.703768
v 84.5783 -109.182 805.8
vn 0.339809 0.723023 0.60147
v 84.8842 -109.186 805.8
vn 0.589984 0.664164 0.459136
v 85.2648 -108.838 804.735
vn -0.173855 0.826944 0.534733
v 85.8629 -108.91 804.6
vn -0.231814 0.822869 0.518795
v 86.3026 -108.284 804
vn 0.286509 0.774087 0.564537
v 85.3088 -110.074 806.411
vn 0.812965 -0.523867 -0.254268
v 87.436 -106.232 768.9
vn 0.204327 0.870761 0.447243
v 85.7146 -106.722 801
vn 0.347853 0.818099 0.457943
v 85.3841 -106.833 801.6
vn -0.0415899 0.883648 0.466301
v 86.2947 -106.878 801.6
vn -0.0595678 0.8646 0.498917
v 86.4098 -107.78 803.1
vn 0.784503 0.00120617 -0.620124
v 85.0522 -106.952 876.816
vn 0.774154 -0.118721 -0.621764
v 87.3205 -106.821 880.2
vn -0.558685 -0.658389 0.504376
v 87.2491 -106.717 923.4
vn 0.728516 -0.611036 -0.309676
v 87.6095 -103.815 762.9
vn 0.676847 -0.661957 -0.322011
v 86.7249 -104.854 763.398
vn 0.110796 0.915954 0.385685
v 86.0712 -103.601 793.8
vn -0.071947 0.89649 0.437184
v 86.681 -103.618 793.31
vn -0.208239 0.919273 0.334026
v 85.5322 -104.694 796.5
vn -0.115468 0.90409 0.411446
v 87.3659 -104.724 796.2
vn 0.139383 0.910375 0.389603
v 85.7822 -104.96 797.328
vn 0.138402 0.911537 0.387227
v 86.6514 -105.2 797.1
vn 0.73852 -0.200762 -0.643648
v 86.0757 -105.023 877.23
vn 0.816175 0.182234 -0.548315
v 87.8973 -104.797 879.6
vn -0.577815 -0.607626 0.544903
v 86.1181 -103.381 927.6
vn -0.384539 -0.757872 0.52703
v 87.0369 -103.387 928.168
vn -0.145043 0.857174 0.494182
v 87.1522 -101.401 789.3
vn 0.31974 0.813916 0.485085
v 86.0156 -102.42 791.4
vn -0.412949 0.817488 0.40148
v 87.4261 -101.555 789.9
vn -0.343087 0.833843 0.432431
v 87.7693 -101.384 789.9
vn 0.0523781 0.889256 0.454402
v 88.018 -103.099 792.9
vn -0.627398 -0.552063 0.549179
v 86.7091 -101.784 929.7
vn 0.415508 -0.71657 -0.560251
v 86.4338 -100.452 755.1
vn 0.744332 -0.561023 -0.362248
v 87.7262 -99.5462 755.7
vn 0.300697 0.769495 0.563435
v 87.4591 -98.5142 785.1
vn -0.20474 0.840422 0.501769
v 87.6825 -100.349 787.8
vn 0.260334 0.831165 0.491315
v 88.0822 -99.9118 787.2
vn -0.576882 -0.654178 0.489141
v 86.5682 -99.8201 931.8
vn -0.55752 -0.643265 0.524768
v 88.0412 -98.662 935.1
vn -0.518433 -0.741857 0.425294
v 88.6818 -99.977 933.9
vn 0.601571 -0.593506 -0.534661
v 87.4621 -98.2633 753.6
vn 0.24061 0.802507 0.545975
v 86.9307 -98.1144 785.1
vn 0.707329 0.561336 -0.429637
v 88.2497 -96.2383 890.1
vn -0.602817 -0.59134 0.535657
v 87.3938 -97.379 935.7
vn -0.531383 -0.616301 0.58121
v 88.7323 -96.8536 937.8
vn 0.78902 -0.549761 -0.274245
v 89.5807 -94.1131 751.8
vn 0.906073 -0.371662 -0.202234
v 89.41 -96.2237 755.1
vn -0.812996 0.581516 0.0296087
v 88.2611 -94.7527 769.8
vn -0.889725 -8.73839e-005 -0.456498
v 88.0901 -94.1029 772.081
vn -0.880175 0.431099 -0.198608
v 88.4151 -94.4787 770.7
vn 0.709066 0.580796 -0.399876
v 89.9146 -94.1769 895.8
vn 0.876201 -0.425763 -0.225827
v 90.2923 -93.6509 756.3
vn -0.744346 0.639511 0.192289
v 88.9893 -92.4538 764.4
vn -0.905177 0.416228 0.0860776
v 89.2644 -92.5123 765.9
vn -0.928257 -0.344997 -0.138981
v 88.7418 -92.4795 769.5
vn -0.98359 0.179439 -0.0187638
v 88.9443 -93.3644 769.2
vn -0.962588 0.249785 0.10503
v 89.0268 -93.3819 769.8
vn -0.985894 -0.166093 0.0206245
v 88.93 -93.037 769.2
vn -0.989993 -0.136216 0.0368527
v 89.103 -93.0914 770.1
vn -0.847002 -0.531095 0.0229192
v 88.9787 -92.8083 770.1
vn -0.731444 -0.33206 -0.595588
v 88.2122 -93.2088 771.6
vn -0.644495 -0.550571 -0.530564
v 88.3878 -92.7022 771
vn -0.705487 -0.569605 -0.421709
v 88.4847 -92.3466 770.4
vn -0.948153 0.257732 -0.185957
v 89.0498 -93.3868 770.7
vn -0.778142 -0.467002 -0.420005
v 88.9712 -92.8432 770.7
vn 0.183924 0.87934 0.439241
v 88.3097 -91.6265 774.3
vn 0.53964 0.74933 0.383788
v 88.9556 -91.5266 773.4
vn 0.687179 0.666283 0.289572
v 89.3666 -92.4262 774.3
vn 0.847227 0.492934 0.198046
v 89.8421 -93.0751 774.3
vn 0.758872 0.597542 0.258954
v 89.6118 -92.8929 775.2
vn -0.633563 -0.399476 0.662583
v 89.7445 -93.5345 940.69
vn -0.403347 -0.632895 0.660874
v 88.4121 -91.4111 942.3
vn -0.189818 -0.75914 0.622636
v 89.3447 -92.5294 941.316
vn -0.379973 -0.508002 -0.773017
v 88.6954 -91.1646 745.5
vn 0.00596746 -0.73001 -0.68341
v 90.1804 -90.0402 744.3
vn 0.374731 -0.823216 -0.426487
v 90.4183 -90.3639 744.9
vn -0.653517 0.740345 0.157495
v 90.3182 -90.2827 760.5
vn -0.57356 0.774502 0.266786
v 90.6887 -89.4413 759.3
vn -0.558408 0.793033 0.243473
v 89.5212 -91.0334 761.4
vn -0.850566 0.514752 -0.107557
v 90.6786 -90.0526 761.7
vn -0.841717 0.00100549 -0.539919
v 90.6429 -89.4316 762
vn -0.978271 0.0432241 -0.202774
v 89.6221 -91.0549 765
vn -0.89563 0.236311 -0.376834
v 88.9633 -89.9947 766.081
vn -0.899079 -0.331236 -0.286251
v 89.1957 -90.9642 767.4
vn -0.0610523 0.941937 0.330192
v 89.6335 -89.7274 768.3
vn 0.687453 0.64549 0.332793
v 89.8461 -90.1704 768.9
vn -0.271603 0.927086 0.258347
v 88.7231 -91.1249 772.8
vn -0.632544 -0.425304 0.647305
v 88.7072 -89.7569 943.8
vn -0.633292 -0.459939 0.622412
v 89.7936 -89.2511 945.3
vn -0.304371 -0.585836 -0.751102
v 90.7424 -88.8393 743.248
vn -0.0204405 0.954472 0.297598
v 91.122 -87.0535 751.2
vn 0.174988 0.950776 0.255743
v 91.4164 -87.1113 751.2
vn -0.425422 0.880576 0.208812
v 91.2439 -87.9228 754.8
vn -0.898825 0.117604 -0.422236
v 90.4301 -89.0797 762.3
vn -0.750504 0.561467 -0.348567
v 90.4489 -88.777 762.556
vn -0.752637 0.451705 -0.479062
v 90.7566 -88.5357 762.3
vn -0.698999 0.654503 -0.288144
v 90.5113 -88.4835 763.144
vn -0.493293 0.845546 0.20424
v 90.7965 -88.5849 762.6
vn -0.8934 0.446165 -0.0526715
v 90.8586 -88.2925 761.7
vn -0.874737 0.479603 0.0693955
v 90.8717 -88.2308 762
vn -0.739213 -0.0542749 -0.671281
v 91.0982 -88.6083 761.432
vn 0.516326 0.62094 0.58978
v 91.0982 -88.6083 762.359
vn -0.349514 0.92064 -0.173961
v 91.1922 -88.1658 761.7
vn -0.911135 0.28701 -0.295733
v 89.99 -88.9861 763.8
vn -0.879397 0.329744 -0.343409
v 89.8964 -88.6595 764.7
vn -0.609601 0.790947 -0.0528123
v 90.2067 -88.4739 765.3
vn -0.426752 0.902087 -0.0641993
v 90.5284 -88.4033 764.1
vn 0.669049 0.74176 0.0465442
v 90.7975 -88.58 763.8
vn 0.774086 0.573696 0.2677
v 90.7448 -88.8279 765
vn 0.676564 0.638716 -0.366474
v 89.2172 -88.8003 903
vn -0.583935 -0.500969 0.638788
v 89.0442 -88.1717 945.263
vn -0.692431 -0.424992 0.583028
v 90.4923 -87.1306 947.4
vn -0.653631 -0.429144 0.62338
v 91.0543 -87.3722 948.085
vn -0.579614 -0.344785 -0.738357
v 90.4234 -86.0112 741.405
vn 0.101969 0.887994 0.448407
v 90.6529 -84.9314 745.2
vn 0.555871 0.760266 0.336158
v 91.6596 -85.9673 747.707
vn 0.306089 0.885923 0.348495
v 91.7219 -85.6738 746.779
vn 0.679941 0.686239 -0.258374
v 91.5578 -86.4465 912.9
vn -0.502703 -0.567858 0.651788
v 90.4811 -85.7402 948.6
vn -0.713064 -0.197394 -0.672737
v 91.634 -83.2015 738.949
vn -0.826724 0.271753 -0.492624
v 92.0522 -82.677 738.597
vn -0.785092 0.309962 -0.53624
v 91.0471 -83.0768 739.771
vn 0.649249 0.468109 0.599457
v 92.3457 -82.7394 741.093
vn 0.550874 0.498454 0.669388
v 90.5021 -82.6542 742.8
vn 0.658893 0.720543 -0.216051
v 90.3691 -81.9383 922.8
vn -0.296066 -0.652468 0.697589
v 91.1096 -82.7834 951.627
vn -0.371489 -0.636437 0.675976
v 91.9739 -83.0462 951.6
vn -0.625575 -0.429362 0.651387
v 92.1462 -83.9238 951
vn -0.766712 0.346618 -0.540378
v 91.7969 -81.7026 739.8
vn -0.807299 0.413569 -0.420985
v 91.8966 -80.8037 740.4
vn -0.345667 0.809319 0.474886
v 92.133 -80.854 740.604
vn -0.580028 0.605166 0.54529
v 92.5242 -80.017 739.8
vn -0.784054 0.342807 -0.51744
v 92.2783 -81.805 739.2
vn -0.681413 0.525771 0.509157
v 92.6136 -80.036 739.939
vn 0.684371 -0.0708473 0.725684
v 92.907 -80.0984 740.004
vn 0.0366488 0.990907 0.129462
v 90.7348 -81.4769 741.9
vn 0.599633 0.799105 -0.0432739
v 92.7322 -80.9215 939.9
vn -0.248522 -0.90858 0.335738
v 91.2523 -80.6692 954.3
vn -0.259778 -0.864852 0.429588
v 91.2776 -80.55 954.9
vn -0.33924 -0.734315 0.58796
v 91.694 -81.4771 953.1
vn -0.226452 -0.859309 0.458592
v 92.1385 -80.8288 954.3
vn -0.509194 -0.664201 0.547319
v 92.698 -81.2808 954
vn 0.707194 0.705167 -0.051139
v 93.1394 -80.1479 954.9
vn -0.10796 -0.875239 0.471487
v 92.6025 -80.0888 955.8
vn -0.950011 -0.24996 0.187082
v 92.9793 -80.1138 957.3
vn -0.829264 0.386531 -0.403627
v 92.8571 -79.7811 739.2
vn -0.772911 0.331031 0.54132
v 92.676 -79.7426 739.849
vn 0.490928 -0.774503 -0.398917
v 92.7282 -79.497 740.1
vn -0.788789 0.571212 -0.227
v 92.8965 -79.4827 739.5
vn 0.490928 -0.774503 -0.398917
v 92.7383 -79.4491 740.02
vn 0.490928 -0.774503 -0.398917
v 92.7872 -79.4595 740.1
vn -0.727081 0.576872 -0.372253
v 93.0432 -79.4579 739.2
vn -0.106351 0.919656 0.378052
v 93.2482 -79.5575 739.5
vn -0.704118 0.69768 -0.132139
v 93.101 -79.2195 739.8
vn 0.731348 0.664386 0.154017
v 91.1956 -78.0502 957.3
vn 0.653993 0.7486 -0.109044
v 91.3887 -78.5848 955.5
vn -0.195588 -0.544202 0.815836
v 91.8581 -79.2621 957.072
vn 0.683683 0.579247 0.443903
v 91.9205 -78.9686 957.382
vn 0.69219 0.714602 -0.101077
v 92.4309 -79.4533 955.5
vn 0.763013 0.646005 0.0221005
v 92.5197 -79.4027 956.4
vn 0.748847 0.661609 0.0387513
v 92.5115 -79.401 956.7
vn 0.890127 -0.391728 -0.232858
v 92.7481 -79.758 955.8
vn 0.890127 -0.391728 -0.232858
v 92.8199 -79.7732 956.1
vn -0.05468 -0.867704 0.494065
v 92.6761 -79.7427 956.473
vn 0.541987 -0.834649 -0.0980356
v 92.7384 -79.4492 957.277
vn -0.751911 -0.462975 -0.469344
v 92.5308 -78.7917 958.8
vn -0.793837 -0.605338 0.0582085
v 92.6397 -79.4282 957.9
vn -0.751911 -0.462975 -0.469344
v 92.5611 -78.8408 958.8
vn -0.751911 -0.462975 -0.469344
v 92.5697 -78.7999 958.746
vn 0.491914 -0.731341 -0.472399
v 92.6093 -78.8084 958.8
vn -0.488368 0.739277 -0.463644
v 92.5782 -78.7604 958.8
vn -0.697246 -0.429315 0.574053
v 92.5697 -78.7999 958.841
vn 0.543801 -0.837444 0.0544715
v 92.7204 -79.534 957.9
vn 0.543801 -0.837444 0.0544715
v 92.8233 -79.4672 957.9
vn 0.910019 0.410738 0.0562151
v 92.763 -79.3337 957.9
vn -0.775715 -0.591519 0.219935
v 92.739 -79.4468 958.2
vn 0.591367 -0.662071 -0.460376
v 81.1 -137.089 814.985
vn 0.790747 -0.450694 -0.41424
v 81.3985 -136.846 815.1
vn 0.15561 -0.9712 -0.180433
v 81.4508 -137.164 815.4
vn 0.802172 -0.517076 -0.298586
v 81.4994 -136.867 815.4
vn 0.00412799 -0.997647 -0.0684286
v 81.2906 -137.635 817.8
vn 0.293503 -0.952981 -0.0753806
v 81.6727 -137.517 817.8
vn 0.931137 -0.345781 -0.11584
v 81.7396 -137.225 817.2
vn 0.90946 -0.415218 -0.021847
v 81.8038 -137.239 818.1
vn 0.766741 -0.641955 -0.001391
v 81.9075 -136.954 818.1
vn 0.529297 -0.840715 -0.11421
v 82.3971 -136.758 816.6
vn 0.210183 -0.965122 -0.156087
v 83.025 -136.885 817.2
vn 0.0897365 -0.985993 0.14059
v 81.6211 -137.523 818.4
vn 0.73615 -0.676252 0.0276886
v 81.9671 -136.967 819.6
vn 0.26979 -0.951121 0.150272
v 81.7673 -136.835 821.7
vn -0.0900448 -0.995849 0.0132905
v 83.3105 -136.79 820.8
vn -0.0782831 -0.9832 0.164893
v 81.5684 -136.328 825
vn -0.449851 -0.892012 0.0441435
v 81.4261 -136.998 841.5
vn -0.13453 -0.989526 -0.0523412
v 82.8264 -137.763 841.2
vn -0.196004 -0.980356 -0.021996
v 81.4359 -136.952 843
vn 0.242185 -0.946849 -0.211716
v 81.355 -137.332 851.7
vn 0.121853 -0.980393 -0.154861
v 82.2568 -137.419 853.2
vn -0.527939 -0.795419 0.297639
v 83.2287 -137.175 862.8
vn 0.221103 -0.92546 -0.307633
v 82.2388 -136.104 813.6
vn 0.465627 -0.825348 -0.319362
v 83.5708 -135.565 813.9
vn 0.161313 -0.985724 0.0482372
v 82.7919 -136.344 823.2
vn -0.261671 -0.963355 0.0589539
v 83.3778 -136.473 824.1
vn -0.125194 -0.992006 -0.0158273
v 81.3412 -135.954 829.2
vn -0.246389 -0.966747 0.0684987
v 81.7107 -135.659 864.3
vn -0.217495 -0.971886 0.0901854
v 83.1906 -135.911 869.4
vn -0.595877 -0.737593 0.317628
v 83.6936 -134.988 873.3
vn 0.428034 -0.810759 -0.399321
v 83.4419 -133.286 808.8
vn -0.539912 -0.785796 0.301694
v 83.2294 -132.843 877.5
vn -0.677105 -0.679794 0.281797
v 83.8806 -132.665 879.6
vn 0.229115 -0.841932 -0.488525
v 82.597 -130.046 802.217
vn -0.574835 -0.757872 0.308537
v 82.6132 -131.413 879.6
vn -0.394241 -0.866136 0.307218
v 82.7009 -131.001 881.1
vn -0.842291 -0.381037 0.381256
v 84.2829 -131.325 882.9
vn -0.892539 0.0755585 0.444595
v 84.5672 -131.385 883.5
vn -0.887484 0.0066785 0.460791
v 84.5975 -131.085 883.5
vn -0.529559 -0.737857 0.41849
v 84.189 -129.771 886.513
vn 0.346696 -0.817661 -0.459601
v 83.6644 -129.353 801.547
vn -0.844568 -0.125484 0.520536
v 83.6236 -128.102 887.7
vn -0.514216 -0.758848 0.399663
v 84.0344 -129.056 887.7
vn -0.496947 -0.780178 0.379955
v 83.8076 -127.237 888.844
vn -0.809651 -0.277006 0.517429
v 83.9823 -128.501 888.3
vn -0.446089 -0.834916 0.322366
v 83.6326 -126.617 890.4
vn -0.761698 -0.427191 0.487158
v 85.418 -125.432 894.93
vn 0.663745 -0.646076 -0.376867
v 84.3918 -123.045 791.4
vn -0.474565 0.879942 0.0221585
v 84.5348 -122.373 830.4
vn -0.351358 -0.861303 0.36702
v 83.8118 -124.331 893.7
vn -0.542859 -0.717937 0.435741
v 84.428 -124.318 894.3
vn -0.522722 -0.746112 0.412406
v 85.0616 -122.78 898.5
vn 0.674223 -0.66637 -0.318394
v 85.2774 -121.415 790.2
vn 0.620347 -0.705455 -0.342785
v 85.4608 -121.454 790.8
vn 0.612967 -0.719499 -0.326486
v 85.7139 -121.154 790.5
vn 0.565549 -0.735826 -0.372443
v 86.0602 -120.968 790.698
vn 0.659438 -0.644972 -0.386202
v 86.7896 -120.816 791.4
vn -0.236568 0.8944 0.379585
v 85.6141 -120.181 825.3
vn -0.349111 0.891107 0.289914
v 85.7399 -121.032 827.7
vn -0.435118 0.815786 0.381005
v 86.1718 -120.443 826.2
vn -0.46443 0.882015 0.0797119
v 85.6355 -121.523 830.7
vn -0.111806 0.985774 0.125494
v 86.6242 -121.2 830.4
vn -0.442001 0.89694 -0.0115962
v 85.2447 -121.918 832.8
vn -0.205152 0.978622 -0.0145439
v 86.4974 -121.368 834.3
vn -0.200261 0.970713 -0.132713
v 85.2857 -121.726 839.7
vn -0.164989 0.985042 -0.0497024
v 86.3941 -120.84 843.9
vn 0.00613003 0.999222 -0.0389516
v 86.0948 -120.805 844.8
vn 0.306741 0.951686 -0.0142543
v 86.1027 -120.768 846.3
vn -0.180686 0.977398 0.109752
v 86.7583 -120.81 845.4
vn 0.470187 0.87407 0.122167
v 85.5322 -120.566 849.3
vn 0.885436 0.463644 0.0321945
v 86.2339 -121.312 849
vn 0.850378 0.487734 0.197417
v 86.4887 -121.838 849
vn 0.80609 0.582577 0.10403
v 86.5754 -121.43 847.8
vn 0.165468 0.961911 0.217596
v 85.192 -120.724 850.2
vn 0.542514 0.823083 0.167964
v 85.4523 -120.942 850.8
vn 0.94873 0.316086 0.00125763
v 86.4347 -121.968 850.5
vn 0.993456 0.0542134 -0.100524
v 86.3825 -121.65 849.9
vn 0.624926 0.769626 0.130931
v 86.3866 -121.344 849.9
vn 0.934651 0.354097 0.0322871
v 86.436 -122.086 849.9
vn 0.436221 0.897195 0.0689402
v 84.805 -121.101 853.5
vn 0.669681 0.730208 0.135363
v 86.3688 -122.402 853.2
vn 0.873171 0.479599 -0.0869321
v 84.7805 -121.003 855
vn 0.833998 0.541975 -0.103491
v 85.154 -121.389 856.5
vn 0.604163 0.795709 0.0428305
v 85.6181 -121.605 855.3
vn 0.79133 0.610211 0.0379372
v 86.3406 -122.535 854.7
vn 0.93559 0.28896 -0.202912
v 85.1175 -121.074 856.862
vn 0.984352 0.0996818 -0.145311
v 85.4096 -121.143 858.6
vn 0.678339 0.733412 -0.0443138
v 86.1485 -121.996 857.7
vn 0.914453 0.401568 -0.050191
v 85.6929 -121.197 860.7
vn 0.923443 0.376853 -0.072353
v 85.5381 -120.538 859.5
vn 0.781048 0.624342 -0.0126918
v 85.2281 -120.554 861.9
vn 0.765377 0.623422 -0.159826
v 85.948 -121.496 862.5
vn 0.61384 0.778985 -0.127991
v 86.6694 -122.324 862.2
vn -0.301005 -0.894813 0.329707
v 85.234 -120.526 901.8
vn -0.473794 0.805388 0.356188
v 85.688 -118.39 821.4
vn -0.435752 0.825307 0.359151
v 86.9773 -118.096 823.019
vn -0.0600259 0.907875 0.414921
v 87.2995 -118.023 822.9
vn -0.555323 0.747863 0.363756
v 86.224 -118.856 823.2
vn -0.322041 0.807127 0.494809
v 86.6655 -119.563 825.325
vn -0.567453 0.727722 0.385252
v 86.8552 -118.671 824.1
vn -0.308258 0.830236 0.46442
v 87.2084 -118.452 824.13
vn -0.331575 0.851532 0.406143
v 86.8342 -120.212 826.601
vn 0.687143 0.725961 0.0285575
v 84.803 -119.668 859.2
vn -0.491078 -0.725077 0.48281
v 85.2875 -118.832 904.8
vn 0.649013 -0.638715 -0.413311
v 86.8587 -116.23 783.6
vn -0.424346 0.809041 0.406673
v 85.6773 -116.998 818.1
vn -0.645987 0.693929 0.318063
v 86.2479 -116.714 818.4
vn -0.682763 0.668427 0.295025
v 86.7529 -116.266 818.7
vn 0.72411 0.494673 -0.480586
v 86.0887 -116.505 871.2
vn -0.38661 -0.747941 0.539553
v 87.3552 -116.336 910.2
vn 0.743043 -0.565726 -0.357548
v 87.5777 -115.463 783.6
vn -0.367633 0.867867 0.334146
v 86.7025 -114.05 814.2
vn 0.17488 0.896547 0.406965
v 88.0951 -114.04 814.5
vn -0.354184 -0.795472 0.491709
v 87.467 -114.349 913.8
vn -0.136102 0.799129 0.585551
v 86.7754 -110.388 807.6
vn -0.231251 0.774042 0.589392
v 87.1647 -112.886 810
vn -0.310339 0.702281 0.640696
v 88.053 -111.884 809.4
vn 0.0295355 0.852907 0.521227
v 88.3725 -111.532 809.1
vn 0.787651 -0.521054 -0.3288
v 87.7311 -109.668 775.8
vn 0.151907 0.857585 0.491398
v 87.0435 -109.127 805.2
vn 0.714755 0.447105 -0.537795
v 87.2002 -110.476 877.8
vn -0.598904 -0.613273 0.514986
v 87.7603 -108.448 922.2
vn 0.25943 0.86554 0.428412
v 87.5523 -106.734 800.4
vn 0.738767 0.264741 -0.619787
v 87.54 -107.788 880.2
vn 0.715648 -0.287718 -0.636448
v 88.4476 -106.14 881.1
vn 0.730802 0.00311781 -0.682583
v 89.1985 -106.913 882
vn 0.828234 -0.512231 -0.227262
v 88.0065 -105.126 768
vn 0.876057 -0.425434 -0.227003
v 89.4994 -105.137 772.8
vn 0.517615 0.749084 0.413459
v 88.8311 -103.603 793.2
vn 0.341229 0.840063 0.421731
v 89.5185 -104.698 794.1
vn 0.750756 -0.351581 -0.559246
v 88.3431 -105.505 880.5
vn 0.801844 -0.167216 -0.57366
v 89.0726 -105.353 881.486
vn 0.988311 -0.1346 -0.0715774
v 90.8412 -102.049 774.6
vn 0.991319 -0.110229 -0.0716676
v 90.9054 -102.062 777.9
vn 0.667811 0.645038 0.371422
v 89.2551 -101.608 789
vn 0.683639 0.60664 0.405741
v 89.5526 -101.651 788.4
vn 0.526336 0.734432 0.428462
v 89.7586 -102.125 788.787
vn 0.135363 0.885175 0.445131
v 90.035 -102.268 789
vn 0.721001 0.596963 0.351843
v 89.3404 -102.65 790.52
vn -0.575422 -0.623551 0.52922
v 89.5643 -103.04 930.6
vn 0.950831 -0.274317 -0.143774
v 90.5432 -100.452 768.3
vn 0.994479 0.0920883 -0.0503103
v 91.0009 -99.6289 777.9
vn 0.998649 0.0214702 -0.0473191
v 91.2356 -100.599 778.2
vn 0.99244 0.120071 -0.0254199
v 91.3035 -99.6932 780.6
vn 0.720764 0.554347 0.416172
v 90.4205 -99.0114 783.3
vn 0.646619 0.619424 0.445193
v 89.546 -100.24 786.335
vn 0.713497 0.56852 0.40952
v 89.8155 -100.415 786
vn 0.462179 0.744525 0.48174
v 90.1061 -100.491 785.7
vn 0.379654 0.802466 0.460338
v 90.4648 -100.246 785.1
vn 0.628093 0.652224 0.424385
v 89.3779 -101.031 787.8
vn 0.71915 0.527526 -0.452261
v 88.8344 -100.702 885.617
vn -0.512408 -0.700397 0.496872
v 89.1605 -100.611 933
vn -0.59112 -0.730994 0.340917
v 89.763 -100.662 933.9
vn -0.498139 -0.708916 0.499295
v 90.9319 -100.935 935.4
vn 0.990872 -0.133685 -0.0173389
v 90.9983 -96.868 766.8
vn 0.998259 -0.0525008 -0.0268934
v 90.945 -98.6969 771.9
vn 0.999391 0.0344166 0.00567372
v 90.868 -98.0671 774.3
vn 0.998717 0.0312576 -0.03984
v 91.0743 -98.111 777.9
vn 0.515723 0.704906 0.486967
v 89.8699 -97.2727 781.8
vn 0.809527 0.487078 0.327751
v 90.6575 -98.0224 781.5
vn 0.901662 0.385894 0.195169
v 91.0376 -98.1032 780.3
vn -0.528074 -0.577752 0.622367
v 91.3251 -99.0844 937.441
vn 0.915646 -0.354497 -0.189534
v 90.5398 -95.237 759
vn 0.998554 0.0200217 0.0498871
v 91.1652 -95.6767 770.4
vn 0.943995 0.304098 0.128052
v 90.6633 -94.983 774.9
vn 0.996496 0.0806257 0.0222305
v 90.9495 -96.5225 775.2
vn -0.594004 -0.492545 0.636049
v 90.1882 -95.7758 940.182
vn -0.347742 -0.699454 0.624372
v 91.5592 -96.3739 940.2
vn -0.722794 -0.287404 0.628464
v 91.1262 -94.2487 942
vn 0.978054 -0.208074 -0.0107828
v 91.4386 -93.8946 761.7
vn 0.923927 0.31903 0.211135
v 90.8086 -93.454 771.3
vn -0.583875 -0.45628 0.67149
v 92.4785 -93.6583 943.8
vn 0.633949 -0.730763 -0.253169
v 91.4795 -91.143 748.682
vn 0.792173 -0.607828 0.0548416
v 91.7414 -90.8919 750.9
vn 0.90588 -0.422576 -0.0284729
v 92.3338 -90.4044 749.7
vn 0.794148 -0.598376 -0.106187
v 91.8248 -90.2962 754.2
vn 0.803657 -0.577689 -0.14287
v 92.4081 -89.8068 754.5
vn 0.917081 -0.373395 -0.139784
v 91.8752 -91.8405 757.5
vn 0.982939 -0.138372 0.121176
v 91.9101 -91.5412 758.1
vn 0.795256 -0.574695 -0.193115
v 92.0577 -90.9592 756.6
vn 0.913494 -0.405244 0.0361433
v 92.2943 -90.7027 756.9
vn 0.883456 -0.464214 -0.0633289
v 92.6483 -90.1646 756.3
vn 0.987134 0.149236 0.0573962
v 92.7153 -89.8721 756.3
vn 0.983928 -0.175238 0.0343021
v 91.7607 -90.2826 759.9
vn 0.945995 -0.254544 0.200749
v 91.9796 -90.2333 758.4
vn 0.843221 0.440522 0.308089
v 91.4682 -89.607 762.9
vn 0.985957 0.0289296 0.164475
v 91.8157 -90.2943 762.6
vn 0.974918 0.158881 0.15586
v 91.4131 -91.1288 765.3
vn -0.75258 -0.276509 0.597634
v 93.0473 -90.2494 945.9
vn 0.34374 -0.838526 -0.422749
v 91.6227 -89.0265 743.103
vn -0.3378 -0.628098 -0.700988
v 92.1656 -87.9151 741.734
vn 0.547284 -0.585701 -0.597858
v 92.5815 -87.3901 741.6
vn 0.946188 -0.314492 -0.0763164
v 92.5503 -88.3035 742.5
vn 0.887578 -0.448867 -0.103554
v 92.2596 -89.4685 746.1
vn 0.999701 -0.0229706 -0.00838248
v 92.3632 -89.1839 746.4
vn 0.928826 0.350247 0.120871
v 91.6411 -87.4969 751.307
vn 0.973196 0.229938 0.00433096
v 92.4441 -89.4907 751.5
vn 0.809575 -0.586582 0.0225661
v 92.4751 -89.5143 752.7
vn 0.139472 0.967795 0.209573
v 91.5549 -87.9027 754.5
vn 0.925618 -0.35709 -0.125375
v 92.5393 -89.528 754.5
vn 0.556655 0.824384 0.102595
v 91.7665 -88.3502 756.6
vn 0.919856 0.384085 0.0796487
v 92.3219 -89.1751 758.1
vn -0.576597 0.808864 0.115217
v 91.659 -88.8558 760.2
vn 0.995564 0.00795599 0.0937449
v 92.0881 -89.1254 760.2
vn 0.808189 0.58046 0.0994838
v 91.9644 -88.8621 760.5
vn 0.957776 -0.193628 0.212541
v 92.3054 -89.4783 758.4
vn -0.382628 0.692531 -0.611552
v 91.4389 -88.4483 761.4
vn 0.453994 0.875878 -0.163486
v 91.4496 -88.3978 761.7
vn -0.763132 0.644797 -0.0431953
v 91.7101 -88.6152 760.8
vn 0.997571 -0.0567295 0.0404131
v 92.1037 -89.4354 760.8
vn 0.888995 0.350083 0.295178
v 91.9006 -89.1622 761.7
vn 0.698321 0.644081 -0.312261
v 92.5864 -88.8216 909.9
vn -0.253553 -0.741192 0.621567
v 91.7042 -88.6437 947.4
vn 0.0815576 -0.852955 0.515574
v 92.1517 -89.4241 945.9
vn -0.403068 -0.657349 0.636732
v 92.7678 -89.4113 945.9
vn -0.499848 -0.487185 -0.716103
v 92.3678 -85.5212 739.8
vn -0.636379 -0.443462 -0.63116
v 92.4959 -84.9183 739.286
vn 0.263002 -0.675486 -0.688875
v 92.7075 -85.3658 739.8
vn 0.995508 -0.044153 0.0837501
v 92.755 -84.9733 743.4
vn 0.374576 0.827033 0.419176
v 92.1201 -85.2433 745.5
vn 0.871227 0.290295 0.395844
v 92.2011 -85.469 745.8
vn 0.290303 0.877291 0.382211
v 92.2025 -84.8559 744.534
vn 0.874353 0.318778 0.365905
v 92.3111 -85.7991 745.8
vn 0.309824 0.860629 0.404138
v 92.4336 -85.2117 745.242
vn 0.983743 0.0592296 0.169533
v 91.9498 -86.6424 747.6
vn 0.898803 0.326972 0.291964
v 91.9062 -86.2497 747.6
vn 0.968191 0.131079 0.213129
v 92.1112 -86.0633 746.7
vn 0.506166 0.773633 0.381166
v 92.0008 -85.8047 746.7
vn 0.82068 0.471338 0.322993
v 91.969 -86.0331 747.3
vn -0.125415 -0.789471 0.600838
v 93.2332 -87.2219 949.452
vn -0.734035 -0.32704 0.595179
v 92.2828 -84.873 950.7
vn -0.417004 -0.630493 0.654665
v 93.314 -85.3989 951.519
vn -0.294566 -0.72014 0.628195
v 94.0496 -86.2669 950.7
vn -0.666695 -0.362978 -0.650972
v 93.0389 -83.8068 737.848
vn -0.710828 -0.120274 -0.693006
v 93.1995 -83.0512 737.4
vn 0.659026 -0.638302 -0.397813
v 93.5538 -82.9962 737.4
vn 0.979339 -0.176094 0.0994307
v 93.226 -82.9265 740.165
vn 0.846843 0.450782 0.282228
v 92.7241 -84.66 743.4
vn 0.97744 0.101537 0.185206
v 92.9072 -84.3923 742.2
vn 0.687411 0.562063 0.459947
v 92.7722 -83.6184 741.6
vn 0.635791 0.756262 -0.154392
v 93.0462 -82.33 930.3
vn 0.648066 0.755136 -0.0988939
v 94.3407 -82.8568 933.6
vn -0.61158 -0.538099 0.580017
v 92.6007 -82.9829 952.2
vn -0.788445 -0.355729 0.501808
v 92.8882 -83.4682 952.2
vn -0.512879 -0.691655 0.508496
v 94.3225 -84.9831 952.5
vn -0.685609 -0.531087 0.497883
v 93.6259 -83.9317 953.091
vn -0.90954 0.296948 -0.29079
v 93.7576 -80.2792 736.5
vn -0.876357 0.0419457 -0.479833
v 94.0184 -80.6413 735.83
vn 0.968805 -0.20717 0.136002
v 94.0808 -80.3479 736.581
vn -0.623474 -0.252152 -0.740067
v 94.387 -80.3505 735.3
vn -0.876414 -0.354449 0.325982
v 94.4254 -80.1696 735.6
vn -0.857046 0.40876 -0.313668
v 93.4315 -80.5166 737.93
vn 0.189348 0.626959 -0.755691
v 93.7589 -80.4195 738
vn 0.688267 -0.0493809 0.723774
v 93.429 -80.2093 739.5
vn 0.704064 0.118555 0.70017
v 93.5447 -81.4608 739.2
vn 0.666981 0.744162 -0.0368676
v 94.8283 -82.6034 940.2
vn 0.637355 0.767965 -0.0633069
v 94.0669 -81.8569 947.1
vn -0.829169 -0.399927 0.39056
v 93.224 -81.3926 954.6
vn -0.852881 -0.383084 0.35474
v 93.532 -82.3782 954.6
vn -0.579678 -0.66397 0.472352
v 93.1297 -80.4943 955.5
vn -0.914782 -0.403232 -0.0240461
v 93.2248 -80.7794 956.7
vn -0.970529 -0.0393762 -0.237744
v 93.2184 -80.4713 956.4
vn -0.900461 0.265331 -0.34463
v 93.2147 -80.0944 956.7
vn -0.529159 0.829059 -0.180698
v 93.2469 -79.9431 957.3
vn -0.938637 -0.338311 0.0671237
v 93.3899 -80.8145 955.8
vn -0.674954 -0.624102 0.393615
v 93.3737 -80.7895 957.3
vn -0.344894 0.477074 0.808362
v 93.7178 -80.5775 955.8
vn -0.859177 0.297978 -0.415962
v 93.4316 -80.5167 955.927
vn -0.546181 0.773949 -0.320451
v 93.494 -80.2232 956.53
vn 0.473352 0.85632 -0.206529
v 93.5169 -80.1155 957
vn 0.538379 0.840265 0.0640496
v 93.5286 -80.0604 957.3
vn -0.852884 -0.483592 0.196793
v 93.6778 -81.4891 956.1
vn -0.679939 -0.587981 0.438134
v 94.0971 -81.7148 956.7
vn -0.432573 -0.570595 0.69807
v 94.4807 -81.353 957.448
vn -0.521332 -0.571533 0.633689
v 94.6937 -81.7937 957.3
vn 0.683183 0.730194 -0.00879849
v 95.0676 -81.4778 957.326
vn -0.559306 -0.473381 0.680505
v 93.3961 -80.5091 957.6
vn 0.514287 0.804566 0.296955
v 93.494 -80.2232 957.801
vn -0.911358 0.370288 -0.179758
v 94.2106 -79.4554 735.9
vn -0.828244 -0.0454311 -0.558523
v 94.2789 -80.0833 735.3
vn 0.896356 -0.277293 0.34591
v 94.2056 -79.761 736.386
vn -0.893298 0.212245 -0.396195
v 94.3195 -79.4785 735.3
vn -0.771234 0.213742 -0.599594
v 94.5614 -79.5299 734.873
vn 0.163539 -0.715171 -0.679548
v 94.8828 -79.2915 734.7
vn -0.561554 0.703081 0.436274
v 94.6237 -79.2365 736.079
vn -0.703357 0.498578 -0.506664
v 94.6861 -78.943 735.278
vn 0.218275 -0.608377 -0.763042
v 94.8569 -79.5825 735
vn 0.790236 0.611997 0.0314149
v 94.9837 -79.313 735
vn -0.781726 0.391884 -0.48511
v 93.3252 -79.5739 738.593
vn 0.3662 0.652777 -0.663158
v 93.3845 -79.2951 738.9
vn 0.0590852 -0.991753 -0.113733
v 85.5733 -137.688 837.3
vn -0.0837708 -0.991378 -0.100755
v 85.5363 -137.862 838.8
vn -0.25061 -0.968072 0.00556016
v 84.2655 -138.069 845.49
vn -0.374883 -0.923972 0.07575
v 85.432 -138.352 847.8
vn 0.204694 -0.964681 -0.165805
v 85.4574 -138.233 847.2
vn -0.310288 -0.950554 0.0129687
v 84.5965 -137.954 849.9
vn -0.408341 -0.911246 0.0537485
v 83.6977 -137.854 853.5
vn -0.22805 -0.972153 -0.0539584
v 85.1756 -138.116 853.2
vn -0.213495 -0.976348 0.0341381
v 83.9979 -137.885 858
vn -0.371609 -0.926496 0.0592616
v 84.8987 -137.976 858
vn -0.129284 -0.990987 -0.0350855
v 84.8948 -137.994 859.2
vn -0.373249 -0.917123 0.139896
v 83.4476 -137.588 861.707
vn -0.466085 -0.861366 0.202025
v 85.0225 -137.393 865.5
vn 0.492938 -0.831563 -0.25596
v 84.3634 -136.249 817.2
vn -0.1905 -0.981686 -0.00149842
v 83.679 -136.499 826.5
vn -0.531027 -0.808595 0.253347
v 83.681 -136.49 864.9
vn -0.483766 -0.856693 0.179019
v 85.4417 -136.864 868.5
vn -0.329106 -0.933673 0.141221
v 84.1109 -135.91 869.1
vn -0.558769 -0.791634 0.24717
v 84.6588 -136.218 869.1
vn -0.46788 -0.861995 0.195072
v 85.4592 -136.782 869.4
vn -0.550616 -0.778333 0.301696
v 85.8136 -136.557 870.617
vn 0.631183 -0.703774 -0.326052
v 86.0297 -133.23 812.4
vn -0.616616 -0.708405 0.343434
v 85.8032 -133.721 880.8
vn -0.456313 -0.854447 0.248394
v 86.2806 -132.67 884.7
vn -0.86195 -0.262396 0.43381
v 84.6951 -131.719 883.804
vn -0.842762 -0.195764 0.501426
v 86.0308 -131.083 886.2
vn -0.484283 -0.784804 0.386719
v 86.8753 -130.119 888.3
vn 0.553184 -0.721987 -0.415598
v 85.7851 -128.27 801.9
vn -0.268962 -0.916974 0.294649
v 86.3449 -129.729 889.2
vn -0.223352 -0.930852 0.289187
v 86.9348 -129.84 889.2
vn -0.612406 -0.657985 0.438194
v 85.6838 -128.511 891
vn -0.25924 -0.906152 0.33419
v 86.9288 -128.425 892.2
vn 0.685172 -0.635992 -0.355041
v 87.81 -126.861 802.8
vn -0.773839 -0.444918 0.4508
v 85.9935 -127.088 892.5
vn -0.547375 -0.744498 0.382236
v 86.7405 -126.425 894.9
vn -0.751337 -0.480936 0.451877
v 86.8668 -127.273 893.941
vn -0.574377 -0.698742 0.426439
v 85.9284 -125.917 895.2
vn -0.524059 -0.733301 0.433166
v 88.1214 -125.7 898.042
vn 0.643732 -0.647191 -0.408355
v 86.8545 -124.817 798
vn 0.212066 0.892399 0.398311
v 87.1702 -122.96 850.8
vn 0.565082 0.770241 0.295654
v 88.5293 -123.781 851.1
vn 0.86191 0.50643 0.0253057
v 86.873 -123.288 853.2
vn 0.584824 0.78757 0.194202
v 87.0474 -123.538 852.9
vn 0.37209 0.862205 0.343732
v 87.9355 -123.688 852.3
vn 0.727669 0.685672 -0.0187731
v 87.7621 -124.505 855.3
vn 0.84283 0.52161 -0.13252
v 87.0546 -123.02 858.9
vn 0.791778 0.574839 -0.206513
v 87.344 -123.388 859.5
vn 0.62812 0.721724 -0.290827
v 88.3384 -123.292 861.9
vn -0.71248 -0.464231 0.526177
v 88.1398 -124.17 900.047
vn 0.748275 -0.556017 -0.361842
v 87.747 -121.633 794.4
vn -0.184171 0.911656 0.367375
v 87.6633 -120.64 827.7
vn -0.333989 0.89868 0.284298
v 88.2093 -120.958 828.9
vn -0.194439 0.973886 0.117218
v 88.4501 -121.268 830.7
vn -0.139949 0.989761 0.0280582
v 88.4228 -121.396 833.4
vn 0.167256 0.985799 -0.0150414
v 87.6224 -120.833 841.2
vn 0.245858 0.963155 0.109026
v 88.1937 -121.031 841.5
vn 0.336854 0.94141 0.0166254
v 87.6361 -120.769 844.2
vn 0.630109 0.775008 0.0482172
v 87.8983 -120.978 843
vn -0.210892 0.963489 0.164963
v 89.0292 -121.429 843.6
vn 0.0544323 0.993574 0.0992402
v 87.328 -120.775 846
vn -0.0901047 0.949244 0.301359
v 87.2963 -120.924 846.87
vn 0.447632 0.873462 0.191545
v 87.6039 -120.92 846.6
vn 0.777902 0.610694 0.148058
v 87.8573 -121.171 846.6
vn 0.752568 0.644011 0.137449
v 88.0933 -121.503 846
vn 0.625317 0.745396 0.231004
v 88.3176 -121.891 846.6
vn 0.503087 0.846631 0.173547
v 88.6198 -121.912 846
vn 0.0211531 0.975855 0.217394
v 88.9025 -122.025 846
vn 0.105081 0.939695 0.32547
v 88.8699 -122.179 846.65
vn -0.0816444 0.953203 0.291099
v 86.8504 -121.579 848.1
vn 0.0358305 0.925778 0.376367
v 86.8309 -121.671 848.4
vn -0.00529004 0.904079 0.427332
v 87.1458 -121.632 848.4
vn 0.382055 0.842746 0.379227
v 87.5274 -121.28 847.617
vn 0.828678 0.534521 0.166073
v 88.0221 -121.692 847.2
vn 0.636415 0.708486 0.304997
v 87.9199 -122.319 849.3
vn 0.470123 0.817964 0.331541
v 88.692 -123.015 849
vn 0.885526 0.461709 0.0516565
v 86.6593 -122.478 850.2
vn 0.840929 0.533899 0.0882615
v 86.6286 -122.622 853.192
vn 0.506087 0.862477 0.00314969
v 86.9638 -122.488 859.8
vn 0.436453 0.847368 -0.30245
v 88.3195 -121.882 866.4
vn 0.585306 0.698167 -0.412287
v 88.2308 -120.857 868.8
vn -0.573622 -0.659665 0.485592
v 87.6301 -121.302 903.6
vn -0.480837 -0.761108 0.435327
v 87.645 -122.17 902.4
vn -0.826999 0.137718 0.545074
v 88.1542 -120.8 904.2
vn 0.822193 -0.47627 -0.311715
v 89.2803 -120.732 796.5
vn 0.0503443 0.887972 0.457134
v 87.6614 -119.161 825
vn 0.234184 0.858676 0.455888
v 87.75 -118.79 824.1
vn 0.034435 0.897916 0.438817
v 88.0512 -118.815 824.1
vn -0.397597 0.824629 0.402373
v 88.507 -119.557 826.2
vn -0.34369 0.884601 0.315212
v 89.4312 -119.538 827.736
vn -0.191411 -0.915196 0.354652
v 88.2229 -119.451 906.9
vn 0.0614624 -0.984165 0.166256
v 88.8147 -119.553 906.3
vn -0.502564 -0.709492 0.494015
v 89.6184 -118.657 909.383
vn 0.84007 -0.474295 -0.2633
v 88.8715 -116.658 789
vn 0.320509 0.868966 0.377057
v 88.675 -115.881 817.5
vn -0.0259217 0.939933 0.340373
v 89.2696 -115.969 817.5
vn 0.15399 0.896068 0.416353
v 88.5872 -116.294 818.4
vn -0.077488 0.893176 0.442982
v 88.2288 -117.98 822.9
vn 0.0819614 0.937457 0.338314
v 89.7982 -117.811 823.2
vn -0.570745 -0.614627 0.544503
v 88.7326 -117.053 910.8
vn -0.639785 -0.490943 0.591312
v 88.9723 -115.925 912
vn -0.726222 -0.448262 0.521213
v 89.826 -116.238 912.9
vn 0.169446 0.924623 0.341118
v 88.5622 -113.526 812.855
vn 0.385031 0.800699 0.458947
v 89.1876 -113.469 812.1
vn 0.327308 0.84411 0.424674
v 89.4518 -113.669 812.1
vn 0.339869 0.846806 0.409156
v 89.2842 -114.458 814.2
vn 0.0881273 0.927928 0.362191
v 90.1358 -114.78 814.618
vn 0.349996 0.822882 0.447626
v 88.1339 -115.541 817.5
vn 0.485635 0.770065 0.413714
v 88.517 -115.181 816.3
vn 0.287293 0.870373 0.399892
v 89.0483 -115.567 816.3
vn -0.105425 -0.886769 0.450029
v 88.5502 -115.025 912.9
vn -0.217019 -0.877194 0.42829
v 89.5855 -114.483 914.1
vn -0.34421 -0.817745 0.461316
v 88.8172 -113.769 915.6
vn -0.376682 -0.865864 0.329229
v 89.736 -113.775 916.329
vn -0.623031 -0.582568 0.521964
v 90.1782 -114.581 914.4
vn 0.874117 -0.399807 -0.275816
v 89.5091 -112.193 783.3
vn 0.970121 -0.216445 -0.109619
v 90.8892 -112.487 789.3
vn 0.911332 -0.355706 -0.207236
v 90.8351 -113.395 791.7
vn 0.995905 -0.0648313 -0.0630137
v 90.7672 -112.767 792.3
vn 0.966891 -0.174697 -0.186018
v 91.1506 -112.542 794.4
vn 0.463546 0.784974 0.411023
v 89.1542 -112.118 809.7
vn 0.337392 0.827386 0.448999
v 88.8785 -112.059 810
vn 0.319299 0.852366 0.41415
v 88.974 -111.588 808.8
vn 0.00202988 0.894191 0.447681
v 90.6089 -112.554 810.3
vn -0.156469 0.867847 0.47155
v 88.6689 -113.023 811.5
vn -0.551289 -0.68205 0.480509
v 89.8213 -113.374 917.1
vn 0.949793 -0.237039 -0.204219
v 90.5344 -110.571 784.8
vn 0.960359 -0.246878 -0.129465
v 90.9609 -109.128 786.3
vn 0.957784 -0.241019 -0.156712
v 91.4028 -111.062 793.8
vn 0.990472 -0.0908048 -0.103534
v 91.7743 -109.608 794.7
vn 0.237591 0.866772 0.438471
v 89.5832 -110.165 805.8
vn 0.699645 0.44902 -0.555768
v 89.4231 -110.028 881.1
vn 0.675882 0.2302 -0.700136
v 90.4899 -108.785 882.9
vn -0.572264 -0.6037 0.555032
v 89.788 -110.645 921
vn -0.645339 -0.567322 0.51155
v 91.1415 -110.049 923.1
vn 0.928797 -0.303855 -0.21215
v 90.4639 -108.716 782.7
vn 0.921198 -0.356369 -0.156191
v 91.4763 -108.011 786.3
vn 0.976998 -0.185968 -0.104359
v 91.7757 -107.065 786.3
vn 0.998346 -0.0278492 -0.0503008
v 92.0835 -106.913 791.1
vn 0.998999 -0.0375854 -0.0242508
v 92.0421 -108.438 795.9
vn 0.966513 0.241284 0.0873705
v 91.9789 -107.811 796.5
vn 0.559978 0.765234 0.317555
v 91.4246 -108.716 801.3
vn 0.693689 0.279296 -0.66392
v 91.5264 -106.795 884.454
vn -0.30348 -0.837749 0.453956
v 89.6757 -108.287 924.3
vn -0.22605 -0.882228 0.413008
v 90.9314 -108.151 924.9
vn -0.654671 -0.538393 0.530602
v 91.4089 -108.791 924.3
vn 0.892952 -0.379301 -0.24242
v 90.5888 -105.062 777.3
vn 0.979279 -0.138936 -0.147342
v 90.9043 -104.209 777.3
vn 0.936825 -0.295776 -0.186748
v 91.2344 -105.813 780.6
vn 0.995785 0.0159506 -0.090316
v 91.5003 -105.869 782.7
vn 0.806058 0.159662 -0.569894
v 90.6689 -105.058 884.1
vn 0.762179 0.398417 -0.510242
v 90.9887 -104.534 885
vn -0.606224 -0.601576 0.520191
v 90.9624 -105.12 930.3
vn 0.997209 0.0645899 -0.0374532
v 90.8457 -103.583 777.3
vn 0.574613 0.735489 0.358992
v 90.8062 -102.968 789.9
vn -0.590884 -0.640838 0.490084
v 90.9222 -102.423 933
vn -0.418133 -0.707723 0.569467
v 92.6204 -101.648 935.4
vn -0.319562 -0.783697 0.532634
v 92.8514 -100.561 937.2
vn 0.764864 0.497173 -0.409637
v 92.5101 -99.2812 893.7
vn 0.760801 0.529576 -0.37514
v 94.7248 -95.8199 902.4
vn 0.728178 0.586842 -0.354082
v 93.8287 -93.0776 904.8
vn -0.602254 -0.429922 0.672649
v 93.7832 -90.4059 946.746
vn -0.510442 -0.614424 0.601608
v 94.659 -87.7287 949.5
vn -0.530409 -0.727713 0.434857
v 94.8714 -85.2866 952.8
vn -0.362169 -0.794145 0.488024
v 95.4164 -85.6085 952.8
vn -0.411264 -0.764377 0.496578
v 96.2762 -85.892 952.8
vn 0.687761 0.710426 -0.149264
v 95.9339 -84.6163 931.8
vn 0.705684 0.707452 -0.0390076
v 96.6368 -84.1955 946.5
vn -0.475899 -0.765452 0.433132
v 94.9435 -84.9473 953.7
vn -0.307955 -0.815432 0.490136
v 96.1182 -85.1923 954
vn -0.455355 -0.670369 0.585882
v 95.8052 -83.7791 956.1
vn -0.519811 -0.737608 0.430964
v 96.5164 -83.3193 957.119
vn -0.922525 -0.362939 0.131237
v 96.5384 -83.2155 957.3
vn 0.766949 0.641359 -0.0211694
v 96.8465 -83.2088 957
vn -0.438282 -0.163786 0.883789
v 96.8444 -83.2189 957.3
vn -0.66195 -0.645863 0.380373
v 96.9244 -84.2854 956.1
vn -0.884454 -0.466607 -0.00431548
v 96.5329 -83.2416 957.6
vn -0.81478 -0.543279 0.202439
v 96.5377 -83.219 957.9
vn -0.321118 -0.914725 0.24528
v 97.1562 -83.1948 958.8
vn -0.237452 -0.42918 0.871448
v 95.2986 -81.8336 957.545
vn -0.372773 -0.572499 0.730264
v 95.4673 -82.4829 957.234
vn -0.213545 -0.541704 0.812991
v 95.7503 -82.543 957.3
vn -0.552241 -0.531255 0.642494
v 96.2853 -82.9634 957.131
vn -0.890367 -0.41006 0.19773
v 96.4533 -82.9992 957.3
vn 0.747558 0.662448 0.0481649
v 96.6026 -82.9135 956.7
vn 0.828218 0.534287 -0.169096
v 96.7614 -83.0646 957
vn -0.433805 0.691778 0.577283
v 96.6046 -82.9043 957.3
vn 0.669339 -0.723294 -0.169795
v 96.8722 -83.0882 957.537
vn -0.873585 -0.474641 0.107543
v 96.3976 -82.9873 957.9
vn -0.609239 0.785064 -0.111816
v 96.6339 -82.7308 958.2
vn -0.775803 -0.527698 0.345926
v 96.6899 -83.0494 958.5
vn 0.550687 0.830135 -0.0872942
v 96.899 -82.9621 958.2
vn -0.0659889 0.980282 0.18626
v 96.895 -82.9808 958.5
vn -0.745257 -0.56783 0.349517
v 96.8722 -83.0882 958.826
vn 0.722071 0.665924 -0.187509
v 97.1726 -83.152 958.2
vn 0.711505 0.698549 -0.0760976
v 97.2 -83.1579 958.5
vn 0.345551 0.9338 0.0928057
v 97.1772 -83.0959 958.8
vn -0.217077 -0.975242 -0.0421879
v 86.1261 -137.973 836.7
vn -0.00894366 -0.994944 -0.100029
v 86.9411 -138.467 843.9
vn 0.214209 -0.9666 -0.140712
v 87.606 -138.225 843.6
vn -0.37735 -0.926023 -0.00944894
v 86.0744 -138.216 845.7
vn 0.223989 -0.965489 -0.132894
v 85.7771 -138.172 847.5
vn 0.224115 -0.9734 -0.047599
v 85.7644 -138.231 848.1
vn -0.197531 -0.980236 -0.0109073
v 86.0822 -138.179 847.5
vn -0.615806 -0.786159 0.0523156
v 86.3503 -138.361 847.5
vn -0.441167 -0.895465 0.0592809
v 86.3708 -138.264 848.7
vn -0.494451 -0.868802 0.0264616
v 86.6077 -138.593 847.5
vn -0.0731084 -0.997122 -0.0200896
v 85.7625 -138.241 850.8
vn -0.107608 -0.989294 -0.0985791
v 86.7598 -138.599 853.2
vn 0.0138067 -0.993717 -0.111064
v 87.2609 -138.406 852
vn -0.429708 -0.901049 0.058842
v 87.7991 -138.76 852.3
vn -0.598836 -0.780316 0.180284
v 86.2607 -138.783 858.3
vn -0.330513 -0.943795 -0.00350966
v 87.3516 -139.422 859.5
vn -0.385879 -0.916409 0.106266
v 87.4934 -138.755 862.65
vn -0.352229 -0.934836 0.0449065
v 87.8264 -138.631 865.8
vn -0.522628 -0.837762 0.15816
v 87.6292 -138.477 867
vn 0.378309 -0.910992 -0.164246
v 86.5128 -136.153 821.7
vn 0.176414 -0.974328 -0.139869
v 87.8876 -136.9 827.4
vn -0.454799 -0.858872 0.235578
v 86.3785 -136.785 870.9
vn -0.411305 -0.892597 0.184659
v 86.5999 -137.187 869.1
vn -0.507513 -0.821836 0.258876
v 86.2069 -136.15 872.4
vn -0.164878 -0.982735 0.0839517
v 86.2605 -135.898 874.2
vn 0.583496 -0.758506 -0.290175
v 88.2607 -134.931 821.1
vn -0.645457 -0.653936 0.394655
v 88.268 -135.111 881.1
vn -0.624767 -0.679771 0.384158
v 87.0501 -133.14 883.5
vn -0.26338 -0.954499 0.139868
v 87.206 -132.893 884.4
vn -0.184755 -0.97906 0.0854777
v 87.204 -132.902 885.3
vn -0.488837 -0.800489 0.346779
v 88.7161 -134.107 884.7
vn -0.356639 -0.888962 0.287324
v 88.4285 -132.913 886.2
vn 0.79119 -0.524179 -0.315049
v 88.6195 -131.326 814.5
vn 0.880539 -0.345509 -0.32446
v 89.2843 -131.468 816.3
vn -0.682344 -0.545522 0.486634
v 88.1323 -131.42 889.5
vn 0.03812 -0.99663 0.0726278
v 88.7638 -132.778 888
vn 0.816965 -0.521302 -0.246603
v 87.9373 -129.035 807.9
vn 0.82981 -0.490741 -0.265684
v 88.5452 -130.391 812.7
vn 0.896939 -0.347188 -0.27379
v 89.1211 -130.206 814.8
vn 0.801742 -0.527701 -0.280608
v 89.3834 -129.649 814.8
vn -0.569169 -0.661131 0.488827
v 87.9055 -128.414 893.1
vn -0.700666 -0.490087 0.518538
v 88.0967 -128.702 893.1
vn -0.572806 -0.647043 0.503218
v 88.2049 -128.193 893.7
vn -0.527834 -0.72711 0.438978
v 88.3346 -129.026 893.1
vn 0.777628 -0.557642 -0.290395
v 88.6311 -126.188 803.4
vn 0.860878 -0.465787 -0.204773
v 89.4478 -126.595 807
vn 0.595775 0.789053 -0.149825
v 90.4724 -126.183 860.4
vn -0.175878 -0.9379 0.299014
v 88.277 -127.854 895.2
vn -0.679716 -0.530725 0.506278
v 89.4739 -127.995 895.5
vn -0.370682 -0.835871 0.404864
v 89.8875 -127.491 896.7
vn -0.563095 -0.689963 0.454834
v 90.4422 -126.325 900.3
vn 0.853107 -0.474392 -0.217165
v 89.8642 -125.764 807.3
vn 0.917821 -0.322094 -0.232078
v 90.9055 -124.145 808.825
vn -0.24752 0.87371 0.418765
v 90.433 -123.738 849
vn 0.157492 0.90016 0.40609
v 89.9643 -124.244 849.9
vn 0.375418 0.898294 0.228318
v 90.5757 -125.697 853.5
vn 0.486075 0.85936 0.158843
v 89.7139 -125.732 855.6
vn 0.690848 0.592015 -0.415027
v 90.8464 -124.132 865.2
vn -0.567655 -0.675376 0.470781
v 89.1804 -125.005 900.6
vn 0.909103 -0.355022 -0.217925
v 90.2852 -123.4 804.3
vn -0.313698 0.934014 0.170911
v 89.7438 -120.953 832.5
vn 0.0879036 0.996105 0.00696806
v 89.4006 -121.125 836.4
vn 0.0705845 0.984502 0.160544
v 89.9729 -121.318 842.7
vn 0.218509 0.96252 0.160654
v 90.8688 -121.432 842.7
vn -0.412613 0.868753 0.273895
v 89.1966 -122.084 846.6
vn -0.395798 0.821218 0.411029
v 89.1702 -122.242 846.9
vn -0.59114 0.728239 0.34673
v 89.5384 -121.919 846.9
vn -0.428846 0.89385 0.130853
v 89.6687 -121.306 844.8
vn 0.913924 0.309181 0.262963
v 89.9221 -122.402 846.9
vn 0.958247 0.21427 0.189345
v 89.9433 -122.1 846.6
vn 0.200244 0.793262 0.575011
v 89.8295 -121.993 846.9
vn 0.929364 0.367478 0.035246
v 89.875 -121.779 845.539
vn 0.0894067 0.93332 0.347737
v 89.8855 -121.729 846.3
vn 0.961974 0.257996 0.0896895
v 90.0436 -122.428 846.211
vn -0.0108199 0.934821 0.354954
v 90.3619 -122.374 845.7
vn -0.129451 0.944383 0.302295
v 90.4341 -122.034 844.8
vn -0.337049 0.883432 0.325493
v 90.6791 -122.324 846
vn 0.19717 0.883706 0.424485
v 89.0576 -122.738 848.1
vn -0.08871 0.889084 0.449066
v 89.1063 -122.509 847.5
vn -0.497443 0.755793 0.425825
v 89.4767 -122.21 847.2
vn 0.208606 0.774316 0.597426
v 89.7117 -122.547 847.5
vn 0.242335 0.705467 0.666025
v 89.7502 -122.366 847.268
vn 0.41242 0.769865 0.48705
v 90.15 -123.371 848.243
vn -0.322008 0.844624 0.427692
v 90.8171 -123.513 849
vn 0.476789 0.786273 -0.392998
v 90.6305 -122.553 867.161
vn -0.655548 -0.576042 0.488294
v 88.9762 -123.121 902.028
vn 0.222583 0.940472 0.256843
v 90.4904 -118.883 826.2
vn -0.433504 0.865535 0.250846
v 90.1244 -120.605 831.711
vn -0.176043 0.952477 0.24859
v 90.7323 -120.631 832.5
vn -0.117717 0.981447 0.151343
v 90.667 -120.938 833.7
vn -0.849827 0.0918129 0.519003
v 89.6 -120.187 906.336
vn -0.100251 -0.947859 0.30251
v 90.1902 -118.853 909
vn -0.624691 -0.570722 0.532951
v 90.7922 -118.907 909.022
vn -0.698804 -0.482297 0.528263
v 91.6289 -119.085 909.9
vn 0.94888 -0.246976 -0.196545
v 91.7234 -118.798 803.4
vn 0.923729 -0.265649 -0.275963
v 92.3947 -117.714 805.8
vn 0.367023 0.869988 0.329264
v 90.5897 -116.973 820.2
vn -0.0807888 0.886307 0.455996
v 91.743 -117.319 819.9
vn 0.0982255 0.898702 0.427419
v 92.1446 -116.872 819.3
vn 0.293129 0.888474 0.353113
v 91.9068 -117.991 821.4
vn 0.611285 0.596813 -0.519755
v 90.8042 -117.407 875.4
vn 0.51956 0.69266 -0.50028
v 91.7909 -118.537 875.1
vn -0.484666 -0.768175 0.418338
v 91.8413 -118.516 910.8
vn -0.380619 -0.805465 0.454263
v 90.3869 -116.484 913.2
vn -0.553521 -0.623097 0.552599
v 90.6953 -117.353 912
vn -0.769915 -0.318971 0.55271
v 91.5951 -117.237 913.2
vn -0.824859 -0.166218 0.540351
v 92.2884 -116.771 914.4
vn -0.773749 -0.337931 0.535832
v 92.4026 -117.102 914.475
vn 0.987992 -0.0744677 -0.135377
v 90.9468 -113.85 794.1
vn 0.962705 -0.153588 -0.222733
v 92.8561 -114.438 803.7
vn 0.107132 0.914549 0.390029
v 90.8762 -115.625 816.3
vn 0.1041 0.908044 0.405732
v 91.06 -116.203 817.579
vn -0.0129115 0.90089 0.433854
v 91.6469 -116.328 818.11
vn 0.482993 0.81691 0.315239
v 92.2962 -116.159 817.073
vn -0.808334 -0.408878 0.423573
v 91.0716 -114.672 915.9
vn -0.30244 -0.916129 0.263131
v 90.885 -114.141 916.2
vn -0.289878 -0.855498 0.429062
v 91.976 -116.223 914.4
vn -0.40194 -0.881959 0.246156
v 91.2252 -113.984 917.7
vn -0.660548 -0.662696 0.352861
v 91.8101 -114.118 918.3
vn -0.62552 -0.644518 0.439684
v 92.2148 -115.1 917.7
vn 0.987607 0.0794835 -0.135335
v 92.9213 -112.305 803.4
vn 0.631011 0.728548 0.266538
v 93.0335 -112.691 807.6
vn 0.915819 0.399382 0.0420611
v 93.3789 -113.016 807
vn -0.720014 -0.436136 0.539783
v 91.5147 -112.926 919.5
vn -0.674744 -0.552808 0.489003
v 91.6141 -113.597 919.2
vn -0.543389 -0.675923 0.497852
v 92.0381 -111.602 921.6
vn 0.991363 0.0220338 -0.129281
v 91.8852 -110.551 795.3
vn 0.997202 0.0221949 -0.0713813
v 92.1301 -109.377 798.6
vn 0.99207 0.0875942 -0.090137
v 92.0475 -110.893 798.3
vn 0.988859 0.120388 -0.0875441
v 92.1795 -111.534 798.3
vn 0.659554 0.18235 -0.729203
v 93.7334 -109.717 885.3
vn 0.947524 0.314694 0.0562716
v 92.1191 -109.068 799.2
vn 0.629214 0.240752 -0.739005
v 92.6782 -108.573 884.7
vn 0.746072 0.312379 -0.588044
v 93.5347 -109.062 885.3
vn -0.425508 -0.79632 0.429904
v 92.613 -107.455 927.6
vn -0.830131 -0.282606 0.480642
v 93.382 -108.109 928.2
vn -0.707704 -0.541269 0.454074
v 93.2097 -107.533 928.2
vn -0.743246 -0.479064 0.466994
v 94.3669 -107.861 930
vn -0.399098 -0.822048 0.406149
v 93.3851 -106.708 930
vn 0.81739 0.418101 -0.396313
v 93.9241 -104.172 891
vn -0.644656 -0.468918 0.603767
v 93.8879 -103.003 935.4
vn -0.644443 -0.436867 0.627567
v 95.7162 -100.938 938.7
vn -0.418589 -0.660136 0.623701
v 95.1583 -98.3657 941.716
vn -0.391631 -0.634814 0.66606
v 96.4015 -98.3232 942.3
vn -0.45432 -0.565539 0.688301
v 95.8756 -96.4344 943.5
vn -0.64127 -0.407115 0.650407
v 95.7381 -94.1951 944.714
vn -0.600591 -0.42474 0.677412
v 96.4914 -94.9686 945.3
vn -0.61752 -0.406079 0.673624
v 96.5236 -93.442 945.9
vn 0.74762 0.591884 -0.301227
v 96.5305 -91.9099 912.794
vn -0.461921 -0.611112 0.642784
v 97.4109 -92.0971 947.651
vn 0.715997 0.646162 -0.264239
v 96.0288 -89.9415 915.9
vn -0.613239 -0.551679 0.565321
v 97.6749 -88.4727 951.6
vn -0.57202 -0.819988 0.0203393
v 98.1891 -88.4359 952.5
vn -0.691301 -0.714516 -0.107565
v 97.9074 -88.3185 952.8
vn -0.404835 -0.878282 0.254418
v 98.1881 -88.4405 953.4
vn 0.72046 0.693255 -0.0182951
v 98.9065 -86.5037 942
vn -0.702353 -0.564024 0.434255
v 97.2268 -87.1914 952.2
vn -0.875862 -0.482465 0.009647
v 97.4776 -87.5107 952.5
vn -0.748129 -0.628674 0.212302
v 97.9298 -88.213 952.2
vn -0.745471 -0.651813 -0.139331
v 97.9409 -88.2226 952.5
vn -0.831684 -0.468158 0.298546
v 97.145 -86.1333 953.7
vn -0.755165 -0.46541 0.461649
v 97.5909 -86.9214 954.199
vn -0.821009 -0.526401 0.221013
v 97.6665 -88.0085 953.4
vn -0.549949 -0.604704 0.576098
v 97.9502 -88.1167 953.7
vn -0.610072 -0.550894 0.569498
v 98.1778 -87.0461 954.624
vn -0.385219 -0.724416 0.571689
v 98.5527 -88.1681 954
vn -0.232818 -0.506669 0.83011
v 98.9518 -86.2905 956.365
vn 0.702762 0.708245 -0.0671922
v 97.8614 -85.649 937.8
vn 0.6771 0.728178 -0.106269
v 97.2198 -84.3386 951.6
vn -0.840635 -0.451479 0.299164
v 97.0798 -85.2792 954.9
vn -0.654233 -0.657903 0.373018
v 97.2354 -84.2652 957.3
vn -0.750499 -0.505298 0.42594
v 97.3488 -85.3364 955.5
vn -0.451265 -0.679984 0.577911
v 97.7965 -84.5115 957.539
vn 0.624955 -0.0820585 0.776336
v 98.3235 -84.9302 957.3
vn -0.565195 -0.63113 0.531252
v 98.4273 -85.8724 956.314
vn -0.326299 -0.596995 0.732889
v 98.7831 -85.6413 956.777
vn 0.703224 0.705685 -0.0865195
v 99.0095 -85.3827 956.7
vn -0.0688231 -0.996027 -0.0565116
v 88.2094 -138.272 839.7
vn -0.094284 -0.995545 0.000613167
v 88.0594 -138.978 850.5
vn 0.115197 -0.989182 -0.090819
v 88.7296 -138.711 850.005
vn 0.0401761 -0.995423 -0.0867152
v 89.0069 -138.849 851.7
vn -0.150497 -0.985708 -0.0756956
v 89.0313 -138.734 850.5
vn 0.0744116 -0.982195 -0.172501
v 88.6209 -139.222 858.6
vn 0.0452202 -0.987505 -0.15096
v 88.9602 -139.069 857.7
vn -0.590117 -0.807011 0.0222404
v 89.2205 -139.287 857.7
vn -0.265993 -0.961978 -0.0620185
v 89.7596 -139.637 857.4
vn -0.349035 -0.932684 0.0909661
v 88.5059 -139.763 861
vn 0.0469527 -0.989255 -0.138459
v 88.7964 -139.839 861
vn -0.58371 -0.811396 0.0303287
v 89.4798 -139.51 860.4
vn -0.50044 -0.865729 -0.00849795
v 89.7479 -139.692 859.5
vn -0.548266 -0.81328 0.194884
v 88.8773 -139.459 863.7
vn 0.130472 -0.978661 -0.158747
v 89.7362 -139.747 862.2
vn -0.101257 -0.99449 -0.0271413
v 89.9956 -139.969 863.7
vn -0.288758 -0.956474 0.0421477
v 89.8678 -139.128 867.6
vn -0.407407 -0.908956 0.0884231
v 88.9806 -138.973 869.7
vn -0.619258 -0.751079 0.228911
v 89.0415 -137.243 875.613
vn -0.737393 -0.588517 0.33151
v 89.1209 -136.87 876.6
vn -0.339148 -0.928204 0.153026
v 89.3061 -135.999 879
vn -0.674802 -0.661717 0.326761
v 89.5556 -136.267 878.4
vn -0.576805 -0.765975 0.283863
v 90.3879 -136.303 880.2
vn -0.685424 -0.66982 0.285544
v 90.4392 -137.847 878.4
vn -0.395894 -0.895182 0.204737
v 89.3597 -135.746 882
vn -0.31978 -0.939531 0.122567
v 90.2078 -136.085 880.8
vn 0.821115 -0.42916 -0.376288
v 90.1931 -131.048 818.7
vn 0.748091 -0.552302 -0.367862
v 90.3333 -132.304 820.2
vn -0.262355 -0.908874 0.324219
v 89.4248 -132.554 889.2
vn 0.0257025 -0.993034 0.114994
v 89.726 -132.58 888.9
vn -0.212732 -0.937666 0.274821
v 90.6678 -132.478 890.1
vn -0.495019 -0.751807 0.435594
v 91.4021 -132.531 890.7
vn -0.483737 -0.749707 0.451594
v 90.9796 -131.011 893.4
vn 0.703575 -0.598426 -0.383234
v 90.3527 -130.161 817.8
vn -0.390297 -0.853487 0.345294
v 90.1128 -129.317 894
vn -0.663074 -0.580106 0.473086
v 91.6356 -129.368 895.8
vn 0.860428 -0.407644 -0.305761
v 91.5202 -127.036 814.8
vn 0.68066 -0.62008 -0.390131
v 91.0387 -128.467 816
vn 0.870926 -0.325875 -0.367824
v 92.4611 -126.622 817.2
vn 0.33155 0.93872 0.0942258
v 91.0037 -126.569 857.7
vn 0.39251 0.914032 -0.102375
v 91.8509 -126.912 860.7
vn 0.174494 0.981406 0.0799655
v 92.431 -127.069 859.2
vn -0.701487 -0.486512 0.52079
v 90.5509 -128.057 897
vn -0.726223 -0.430263 0.536166
v 90.84 -127.339 897.9
vn -0.549601 -0.712753 0.4358
v 92.1698 -128.298 898.8
vn -0.176741 -0.933669 0.311488
v 91.5848 -126.721 900
vn 0.681128 -0.601139 -0.417968
v 93.2531 -124.644 815.689
vn 0.798962 -0.480567 -0.361544
v 92.4209 -125.673 816.3
vn -0.135207 0.872985 0.468632
v 91.1819 -124.287 850.5
vn 0.0440976 0.88812 0.457492
v 92.0194 -124.676 851.1
vn 0.103272 0.937085 0.333476
v 90.8652 -125.778 853.5
vn 0.610606 0.723581 -0.321854
v 91.4618 -125.856 863.4
vn 0.644256 0.653984 -0.396533
v 93.1347 -125.201 867.3
vn -0.641056 -0.58747 0.493889
v 90.9495 -125.381 902.065
vn -0.169056 -0.929084 0.328972
v 93.0188 -125.747 904.2
vn -0.651857 -0.56245 0.508657
v 93.0118 -124.336 906
vn 0.851696 -0.424239 -0.307629
v 91.6044 -122.3 808.8
vn 0.831494 -0.460086 -0.311348
v 91.9625 -122.836 810.3
vn 0.797588 -0.524056 -0.298695
v 91.9725 -123.758 812.1
vn 0.672956 -0.636758 -0.376389
v 92.3256 -123.833 813
vn 0.782646 -0.514033 -0.35105
v 92.7603 -123.006 812.4
vn 0.540645 0.816426 0.202857
v 93.8286 -121.936 830.1
vn 0.609229 0.787808 0.090546
v 93.589 -121.955 834.3
vn 0.232154 0.960074 0.156087
v 92.6305 -121.801 837.3
vn 0.507597 0.83842 0.198485
v 93.2857 -123.048 844.2
vn -0.10553 0.884722 0.454017
v 91.4022 -123.251 848.7
vn 0.693419 0.575588 -0.433437
v 92.168 -123.8 867.9
vn -0.582722 -0.641736 0.498607
v 91.487 -122.852 905.4
vn 0.893699 -0.347034 -0.284376
v 92.1873 -119.817 806.4
vn 0.87089 -0.358471 -0.336229
v 93.3005 -120.667 810.9
vn 0.47904 0.827704 0.292279
v 94.0947 -120.685 825.6
vn -0.687413 -0.467442 0.555842
v 92.3566 -120.773 909.6
vn 0.864845 -0.357086 -0.352892
v 94.4382 -119.068 811.509
vn 0.390869 0.840535 0.375131
v 92.6068 -117.584 820.5
vn 0.0613701 0.878193 0.474352
v 92.4762 -118.198 821.7
vn 0.524481 0.744982 -0.412216
v 92.4645 -118.253 876.3
vn 0.585438 0.695753 -0.416162
v 93.8333 -119.028 876.3
vn 0.6314 0.657955 -0.410402
v 94.2695 -118.419 878.579
vn -0.432421 -0.811422 0.3932
v 94.2256 -117.183 916.547
vn 0.986029 0.0599142 -0.155423
v 94.5814 -116.952 810.911
vn 0.663317 0.523011 -0.535229
v 94.6758 -115.065 883.5
vn -0.76051 -0.375594 0.529673
v 92.9304 -116.062 915.6
vn -0.838364 -0.208635 0.503605
v 93.1605 -116.343 915.9
vn -0.555316 -0.716812 0.421668
v 93.7011 -116.765 916.567
vn -0.212976 -0.922391 0.322236
v 93.6849 -115.398 917.7
vn -0.810475 -0.365436 0.457807
v 94.2298 -115.957 918
vn -0.268352 -0.895476 0.35512
v 93.8136 -114.793 919.8
vn 0.627366 0.317641 -0.710997
v 94.0311 -112.326 885
vn 0.617487 0.375159 -0.691351
v 94.952 -112.43 885.6
vn 0.810133 0.357434 -0.464678
v 95.6238 -113.186 885.9
vn -0.776892 -0.450007 0.440377
v 95.3739 -114.667 921.324
vn -0.529608 -0.744438 0.406604
v 93.7024 -113.873 921.6
vn -0.490654 -0.734717 0.468454
v 95.7481 -112.906 925.43
vn 0.746623 0.302781 -0.592349
v 94.725 -111.155 885.9
vn -0.721912 -0.447299 0.527983
v 95.1341 -112.162 925.5
vn -0.686926 -0.48308 0.542924
v 95.3201 -110.975 926.4
vn -0.476523 -0.733758 0.484278
v 96.016 -110.203 928.18
vn -0.466944 -0.74585 0.475048
v 95.0734 -108.776 929.7
vn -0.524178 -0.709346 0.471238
v 95.6546 -106.132 934.5
vn -0.252132 -0.795052 0.551654
v 96.5958 -106.032 935.054
vn -0.531068 -0.59968 0.598624
v 96.721 -104 937.8
vn -0.247428 -0.758321 0.603099
v 97.5194 -104.573 937.8
vn -0.613265 -0.465854 0.637876
v 97.7922 -101.072 941.1
vn 0.808602 0.458115 -0.36918
v 97.8209 -98.3182 905.7
vn -0.248226 -0.811924 0.528359
v 96.6256 -98.6776 941.85
vn -0.518004 -0.471514 0.713685
v 98.236 -96.873 944.796
vn 0.783171 0.527557 -0.32913
v 98.1579 -94.7094 911.7
vn -0.41096 -0.535276 0.737965
v 98.192 -95.6368 945.293
vn -0.185808 -0.708221 0.681101
v 97.7762 -94.7074 946.2
vn -0.181201 -0.711176 0.679261
v 99.2155 -93.7074 947.279
vn -0.530234 -0.50539 0.680759
v 99.509 -93.7698 947.365
vn -0.569977 -0.455977 0.683529
v 98.0421 -92.2312 948
vn -0.343044 -0.661243 0.667142
v 99.5444 -92.16 949.2
vn -0.445001 -0.648629 0.617458
v 100.126 -92.3675 949.2
vn 0.716066 0.664671 -0.213217
v 98.7848 -88.5194 927.9
vn -0.567714 -0.716359 0.405624
v 98.6839 -88.9939 952.181
vn -0.475045 -0.747741 0.463914
v 99.7549 -89.7271 952.2
vn -0.509121 -0.696304 0.505922
v 100.541 -90.359 951.9
vn -0.391028 -0.89119 0.229952
v 98.7585 -88.6432 953.1
vn -0.365605 -0.84837 0.382886
v 99.0646 -88.6459 953.4
vn 0.738801 0.659309 -0.139586
v 99.7411 -88.3488 932.7
vn 0.731623 0.675243 -0.0936791
v 99.3248 -87.4217 935.4
vn 0.755928 0.653023 -0.0461982
v 100.372 -88.2673 938.7
vn -0.54869 -0.69901 0.458611
v 98.9017 -87.9692 954.6
vn 0.72936 0.67369 -0.119062
v 99.5197 -86.5047 953.4
vn -0.51151 -0.608463 0.606737
v 99.0128 -87.4465 955.5
vn -0.28967 -0.493743 0.819945
v 99.7698 -86.7711 956.365
vn 0.759635 0.647861 -0.0568315
v 100.353 -86.9119 955.8
vn 0.438222 -0.0213993 0.898612
v 100.351 -86.923 956.1
vn -0.0901238 -0.427068 0.899717
v 99.3076 -86.0595 956.51
vn 0.77623 0.605851 0.174391
v 99.6113 -86.0737 956.1
vn -0.00524104 -0.988773 -0.149333
v 92.3381 -139.049 849.3
vn -0.269375 -0.961783 -0.0490908
v 90.4215 -139.408 856.2
vn -0.279183 -0.957604 -0.0710765
v 91.8702 -139.807 855.9
vn -0.453519 -0.890906 -0.0246406
v 92.0955 -140.191 859.8
vn -0.262411 -0.964496 -0.0297923
v 92.3665 -140.358 859.8
vn -0.40466 -0.913595 0.0399334
v 91.142 -140.347 863.7
vn -0.322473 -0.944007 0.0697286
v 90.5776 -140.117 865.8
vn -0.34378 -0.938738 0.0241911
v 90.9003 -140.042 864.6
vn -0.405982 -0.91369 0.0186723
v 91.4618 -140.286 865.2
vn -0.236435 -0.97143 -0.0205571
v 92.0224 -140.534 864.9
vn -0.497828 -0.849531 0.174541
v 90.7238 -139.429 867.9
vn -0.182636 -0.982942 -0.0216411
v 91.4715 -140.24 867
vn -0.447155 -0.881355 0.15253
v 92.3694 -140.345 869.4
vn -0.423069 -0.891344 0.162845
v 90.7666 -139.228 873.3
vn -0.30866 -0.948366 0.0730155
v 92.4922 -139.767 872.1
vn -0.232644 -0.962464 0.139788
v 92.2241 -139.585 874.5
vn -0.334622 -0.932949 0.132793
v 91.7888 -138.748 877.575
vn -0.518256 -0.807083 0.282891
v 91.2911 -138.203 879.3
vn -0.67162 -0.645249 0.364116
v 91.903 -137.545 881.4
vn 0.552896 -0.768973 -0.320916
v 91.3858 -134.981 826.5
vn 0.72653 -0.616325 -0.303805
v 93.6671 -134.24 829.05
vn 0.70104 -0.588708 -0.40245
v 92.6804 -133.11 825.182
vn 0.731985 -0.559888 -0.388231
v 93.7594 -130.885 824.1
vn -0.628592 -0.612201 0.479668
v 92.7431 -129.929 896.7
vn -0.429821 -0.826247 0.364102
v 93.3974 -131.18 895.8
vn 0.658185 0.74559 0.104349
v 93.7319 -126.72 855.3
vn 0.596556 0.782791 0.177086
v 94.0144 -127.259 855.6
vn 0.149492 0.947008 0.284302
v 94.487 -127.496 855.9
vn 0.413497 0.905737 0.093064
v 93.6798 -126.965 857.1
vn 0.790447 0.61253 -0.000584714
v 94.1707 -127.542 857.7
vn 0.210618 0.975844 0.0580337
v 93.6408 -127.149 859.2
vn 0.514415 0.854763 0.0689735
v 94.8933 -128.366 859.5
vn 0.315598 0.948049 -0.0400122
v 93.9089 -127.33 863.1
vn 0.621747 0.780787 -0.0616594
v 95.0135 -127.905 863.7
vn 0.561155 0.806236 -0.187317
v 94.5211 -127.336 865.2
vn 0.705626 0.696033 -0.132777
v 95.0438 -127.763 865.2
vn 0.29622 0.902953 0.311335
v 94.0219 -125.356 850.5
vn 0.857493 0.504732 0.0997511
v 93.7782 -126.502 853.8
vn 0.253707 0.944004 0.210924
v 93.1723 -126.467 854.992
vn 0.745615 0.522291 -0.413848
v 95.1799 -125.667 869.4
vn -0.135097 -0.949249 0.284034
v 93.6529 -125.649 904.39
vn -0.276621 -0.899254 0.338857
v 93.884 -126.005 903.591
vn -0.66511 -0.555606 0.498929
v 94.069 -126.577 903.3
vn -0.179496 -0.924497 0.336282
v 94.0316 -125.31 905.7
vn -0.432497 -0.811349 0.393268
v 94.912 -125.497 906
vn -0.435127 -0.789568 0.43272
v 94.48 -124.643 907.5
vn 0.468521 0.872012 0.141716
v 93.9437 -122.838 838.5
vn 0.574836 0.812597 0.0961732
v 94.4906 -123.15 838.8
vn 0.492525 0.858862 0.140625
v 94.9313 -123.963 842.4
vn 0.523883 0.833347 0.176297
v 94.2743 -124.168 845.7
vn 0.603324 0.659507 -0.448387
v 95.1468 -124.392 871.5
vn -0.726359 -0.442848 0.525631
v 95.0685 -122.269 910.5
vn 0.980733 0.00879637 -0.195157
v 95.738 -120.878 818.1
vn 0.960685 0.271109 -0.0598623
v 96.0571 -120.639 820.8
vn 0.770948 0.616629 0.159397
v 95.9742 -120.499 822.9
vn 0.713388 0.575847 -0.399348
v 94.777 -120.981 875.4
vn -0.546584 -0.694901 0.467288
v 95.0842 -120.358 913.5
vn -0.718849 -0.453562 0.526819
v 95.5122 -121.23 912
vn 0.767873 0.515975 -0.379659
v 96.48 -118.889 881.7
vn 0.708959 0.460602 -0.534062
v 95.9529 -115.403 884.4
vn -0.697331 -0.557523 0.450441
v 95.6562 -116.224 920.4
vn -0.524445 -0.720194 0.454178
v 97.0951 -116.669 921.3
vn -0.760217 -0.471784 0.446643
v 95.9107 -115.027 921.9
vn -0.645882 -0.588465 0.486359
v 97.0202 -115.323 923.4
vn -0.718999 -0.489981 0.492909
v 96.4632 -113.87 924.3
vn -0.328787 -0.857157 0.39646
v 97.2499 -113.055 926.4
vn -0.367996 -0.804797 0.465704
v 98.2989 -112.449 928.8
vn -0.481147 -0.690982 0.539482
v 98.382 -109.172 931.769
vn -0.690375 -0.36517 0.624526
v 98.7353 -109.554 931.8
vn -0.523914 -0.603535 0.601049
v 98.9078 -106.698 935.4
vn -0.158709 -0.792528 0.588822
v 98.4972 -104.301 938.1
vn 0.856678 0.35309 -0.376073
v 98.7157 -102.496 903
vn -0.142962 -0.779959 0.609283
v 100.197 -102.075 941.4
vn -0.313578 -0.711205 0.629171
v 99.5752 -100.673 942.9
vn -0.581896 -0.433396 0.68816
v 100.496 -99.2248 945
vn -0.474873 -0.559984 0.678906
v 99.3613 -97.7256 944.7
vn -0.4672 -0.511028 0.721509
v 99.5345 -96.5356 945.843
vn -0.375241 -0.592516 0.712825
v 100.708 -96.7851 946.09
vn -0.678063 -0.26359 0.686113
v 100.877 -97.4343 945.813
vn -0.556918 -0.480845 0.677223
v 100.511 -94.8276 947.7
vn -0.606617 -0.434137 0.665989
v 101.838 -95.7984 947.628
vn -0.375892 -0.666615 0.643685
v 101.819 -94.4453 948.9
vn -0.447362 -0.614557 0.649759
v 102.057 -94.7691 948.6
vn 0.767988 0.587613 -0.254766
v 101.084 -93.1846 922.5
vn 0.779951 0.588846 -0.211985
v 102.011 -93.0748 925.8
vn -0.654189 -0.550195 0.518962
v 101.035 -92.3608 950.1
vn -0.600897 -0.535956 0.593021
v 101.339 -93.8177 949.2
vn -0.612786 -0.63417 0.47151
v 102.298 -92.1941 952.2
vn 0.775278 0.611259 -0.159084
v 101.335 -90.9496 929.7
vn 0.776628 0.622479 -0.0967923
v 101.28 -89.7685 935.1
vn 0.79776 0.600789 -0.0512997
v 102.298 -90.6823 938.4
vn -0.696914 -0.596604 0.397963
v 101.569 -91.2917 952.2
vn 0.785707 0.614591 -0.0702991
v 101.894 -89.7648 950.7
vn -0.581814 -0.704376 0.406628
v 101.263 -89.8487 954.242
vn -0.465908 -0.639665 0.611357
v 101.912 -89.68 955.085
vn 0.794145 0.605465 -0.0523911
v 102.271 -89.4329 954.6
vn 0.524985 -0.0264516 0.8507
v 102.738 -90.1206 954.6
vn -0.186373 -0.975158 -0.119718
v 92.7369 -140.058 854.1
vn 0.0686857 -0.981944 -0.176261
v 94.8115 -140.399 855.6
vn -0.143214 -0.987056 -0.072178
v 94.1067 -140.829 859.2
vn -0.522756 -0.828642 0.200196
v 93.4028 -139.812 875.1
vn -0.326041 -0.929778 0.17091
v 93.1639 -139.493 876
vn -0.315334 -0.930649 0.185623
v 93.237 -139.149 877.8
vn -0.58117 -0.767216 0.271331
v 94.3523 -139.673 877.5
vn 0.167003 -0.961975 -0.216137
v 94.943 -138.337 846.6
vn -0.49799 -0.820083 0.281904
v 93.0873 -138.41 881.338
vn -0.411339 -0.893605 0.179639
v 93.7867 -136.563 885.9
vn -0.694796 -0.613384 0.375523
v 94.0916 -136.783 885.9
vn -0.296268 -0.94833 0.113554
v 94.1035 -136.515 888
vn 0.574146 -0.782334 -0.241475
v 94.0086 -135.846 834.3
vn 0.59073 -0.756329 -0.281076
v 95.9893 -136.267 840.9
vn -0.526567 -0.780114 0.337861
v 94.1386 -136.35 888.9
vn -0.770887 -0.267734 0.577972
v 94.5029 -135.031 890.4
vn -0.717867 -0.43569 0.542993
v 95.0293 -135.756 891
vn 0.627654 -0.707254 -0.325334
v 94.9927 -132.332 828.9
vn 0.757124 -0.590196 -0.280057
v 94.4562 -134.101 831.3
vn -0.560914 -0.71726 0.413417
v 94.6434 -133.527 893.4
vn -0.68646 -0.486702 0.540272
v 94.7286 -132.932 894.3
vn -0.42214 -0.839089 0.343115
v 95.8825 -133.917 893.4
vn -0.282344 -0.92909 0.2389
v 96.2325 -133.714 894.9
vn -0.66169 -0.510614 0.549034
v 95.5328 -132.183 895.8
vn -0.776955 -0.381376 0.500893
v 95.7396 -133.147 895.584
vn 0.705438 -0.599693 -0.377791
v 95.9437 -131.656 828.9
vn 0.863403 -0.36695 -0.346241
v 96.6252 -129.961 828
vn -0.502271 -0.747279 0.435083
v 95.1088 -131.786 895.784
vn -0.76587 -0.40756 0.497331
v 96.576 -132.098 897.284
vn 0.268807 0.939664 0.211598
v 96.6406 -128.908 860.4
vn 0.571642 0.816613 -0.079803
v 96.7391 -129.372 863.4
vn 0.631683 0.771749 -0.0733526
v 95.2861 -128.143 864.9
vn 0.553082 0.829891 -0.0733517
v 95.8256 -128.413 864.3
vn 0.646642 0.739542 -0.186902
v 96.9799 -128.755 868.5
vn 0.902811 -0.278613 -0.327578
v 95.963 -124.881 821.4
vn 0.974663 -0.0994872 -0.200337
v 97.299 -125.81 825.941
vn 0.779291 0.600202 0.180176
v 97.3784 -125.437 832.8
vn 0.960126 0.279183 -0.0146439
v 97.7539 -126.556 833.1
vn 0.880864 0.468368 0.0686318
v 97.7973 -126.837 835.8
vn 0.778798 0.626333 0.0343517
v 97.1718 -126.409 840.3
vn 0.654396 0.747442 0.114438
v 95.9716 -124.841 843.9
vn 0.789443 0.612128 0.0455948
v 96.6892 -125.793 844.8
vn 0.832893 0.326605 -0.446787
v 96.3898 -125.004 872.4
vn 0.823528 0.326251 -0.464072
v 96.6497 -125.979 872.412
vn 0.729348 0.545545 -0.412835
v 97.1957 -127.322 872.1
vn 0.970389 -0.0655658 -0.232478
v 96.8144 -123.254 822.9
vn 0.975212 0.206788 -0.078738
v 96.9071 -122.66 823.8
vn 0.959656 0.280309 0.0220951
v 97.5186 -124.63 828.9
vn 0.691078 0.693019 0.205272
v 96.768 -123.98 830.4
vn 0.692276 0.570376 -0.442068
v 96.3747 -124.387 872.964
vn 0.761857 0.444224 -0.471422
v 97.2015 -124.826 873.9
vn -0.624046 -0.616513 0.480081
v 98.0839 -120.675 916.2
vn -0.472968 -0.741344 0.476142
v 97.8031 -119.11 918
vn -0.37966 -0.80807 0.450423
v 98.0535 -117.932 920.7
vn 0.888173 0.338457 -0.310799
v 98.4482 -114.632 891.9
vn -0.705228 -0.421937 0.569757
v 99.2717 -113.655 927.9
vn -0.484285 -0.685499 0.543654
v 99.7441 -114.062 928.2
vn -0.712858 -0.387679 0.584413
v 99.42 -112.946 928.5
vn -0.255615 -0.867395 0.426951
v 98.5903 -112.521 928.8
vn -0.352033 -0.779823 0.517638
v 99.9834 -111.738 930.9
vn -0.69256 -0.411043 0.592794
v 99.1784 -110.261 932.1
vn -0.698484 -0.373707 0.610297
v 99.2646 -109.36 932.4
vn -0.555185 -0.547001 0.626546
v 100.043 -110.014 933.3
vn -0.401523 -0.728868 0.554554
v 101.342 -110.721 933.3
vn -0.579975 -0.622195 0.525834
v 99.7429 -108.541 933.827
vn -0.704973 -0.36221 0.609768
v 100.145 -109.547 933.6
vn -0.491059 -0.590192 0.64073
v 101.093 -109.406 934.5
vn -0.514273 -0.682359 0.519529
v 99.6117 -107.715 935.1
vn -0.520288 -0.637486 0.568254
v 101.297 -108.443 935.7
vn 0.862329 0.354448 -0.3616
v 102.302 -104.178 909.6
vn -0.423467 -0.661422 0.619029
v 100.347 -104.258 938.7
vn -0.636606 -0.476983 0.605987
v 100.894 -104.569 939
vn -0.529442 -0.5773 0.621623
v 102.133 -105.956 939.3
vn -0.431067 -0.651448 0.624337
v 102.333 -102.126 942.6
vn 0.839716 0.431154 -0.330126
v 102.066 -99.8339 913.8
vn -0.32017 -0.708356 0.629065
v 101.507 -101.249 942.9
vn -0.419259 -0.655555 0.628068
v 101.487 -98.8938 945.9
vn -0.808776 -0.149255 0.568862
v 101.82 -97.328 947.237
vn -0.142997 -0.815485 0.560835
v 102.452 -98.682 946.5
vn -0.224028 -0.806804 0.546698
v 103.758 -96.8655 949.8
vn 0.811134 0.512805 -0.281234
v 102.351 -96.2141 920.1
vn 0.824892 0.519623 -0.222587
v 103.261 -94.8741 925.903
vn -0.783654 -0.218119 0.581644
v 102.644 -95.6629 948.6
vn -0.710046 -0.460166 0.532994
v 102.674 -94.7494 949.118
vn -0.909654 -0.117539 0.398389
v 103.226 -95.48 949.8
vn -0.94946 -0.136229 0.282786
v 103.641 -95.2616 951.3
vn -0.703445 -0.447695 0.552027
v 103.6 -96.1646 950.4
vn -0.384267 -0.72036 0.577425
v 103.858 -96.3978 950.4
vn -0.605884 -0.439908 0.662861
v 104.178 -95.069 951.9
vn -0.44114 -0.669042 0.598145
v 104.428 -96.0422 951.3
vn 0.82019 0.54954 -0.159041
v 102.957 -93.422 928.8
vn 0.816347 0.567753 -0.105986
v 103.167 -92.4316 934.2
vn 0.846157 0.530704 -0.04869
v 104.364 -93.575 938.7
vn -0.805499 -0.344283 0.482328
v 103.742 -94.0562 951.755
vn -0.593 -0.566775 0.571941
v 104.685 -93.9498 953.262
vn -0.10137 -0.97928 -0.175316
v 97.3725 -139.894 854.7
vn -0.0135876 -0.990894 -0.133955
v 96.2826 -140.692 859.2
vn -0.15541 -0.987272 -0.0337802
v 95.2917 -141.026 862.65
vn 0.0433614 -0.995958 -0.0786657
v 95.6051 -140.994 868.8
vn -0.13913 -0.990209 0.011383
v 96.4655 -141.275 875.925
vn -0.721748 -0.597437 0.349497
v 95.7723 -140.208 879.641
vn -0.101897 -0.990208 -0.0954233
v 95.6547 -139.318 882.9
vn -0.682178 -0.617011 0.392339
v 96.1675 -139.791 880.8
vn -0.54907 -0.79728 0.250731
v 97.1786 -140.806 881.4
vn -0.436868 -0.889487 0.134011
v 95.3545 -139.287 883.5
vn -0.141813 -0.987806 -0.0642458
v 95.9189 -139.518 883.8
vn -0.473312 -0.852136 0.22325
v 96.2367 -139.465 885
vn 0.400092 -0.848104 -0.347341
v 97.5936 -137.41 846.3
vn 0.100537 -0.95951 -0.263122
v 97.2243 -139.148 851.1
vn 0.00940359 -0.991484 -0.129885
v 97.1453 -139.52 884.4
vn -0.627581 -0.68957 0.361434
v 95.8701 -138.304 887.4
vn -0.526798 -0.788755 0.316781
v 95.8525 -136.944 889.2
vn -0.695937 -0.561227 0.447991
v 96.8808 -137.878 889.8
vn -0.460013 -0.802792 0.37936
v 95.9811 -136.339 891.3
vn -0.680144 -0.532907 0.503402
v 96.2965 -135.719 892.5
vn -0.377693 -0.884172 0.274931
v 96.2273 -136.624 890.578
vn -0.57059 -0.727533 0.380951
v 96.6518 -136.07 892.5
vn -0.492082 -0.803919 0.33402
v 97.2877 -136.849 891.6
vn -0.785556 -0.176706 0.593024
v 96.3828 -135.43 892.8
vn -0.528344 -0.75419 0.389936
v 97.2397 -136.19 893.4
vn -0.314028 -0.877915 0.361457
v 98.1288 -136.336 894
vn 0.705701 -0.653329 -0.274128
v 97 -133.721 836.4
vn 0.714476 -0.61304 -0.337203
v 98.6956 -134.695 842.4
vn -0.811702 -0.0557207 0.581408
v 97.8904 -134.831 894.9
vn -0.48633 -0.77078 0.41156
v 98.2559 -134.295 895.498
vn -0.85621 -0.128496 0.500392
v 96.811 -132.435 897.6
vn -0.516075 -0.767006 0.381271
v 98.1754 -133.231 899.1
vn 0.791436 -0.524975 -0.313099
v 97.146 -131.299 831
vn 0.938474 -0.257025 -0.230663
v 97.6861 -130.493 831.3
vn 0.798454 -0.550043 -0.244794
v 97.5925 -131.7 833.1
vn 0.969579 -0.129917 -0.207456
v 98.3812 -130.334 837.3
vn 0.918502 -0.324934 -0.225328
v 98.2574 -131.842 836.4
vn 0.58734 0.777632 -0.224321
v 98.89 -130.443 868.5
vn -0.786499 -0.36642 0.497148
v 98.0432 -132.409 899.715
vn -0.513949 -0.771748 0.374514
v 97.3983 -131.115 900.3
vn -0.36119 -0.877814 0.314617
v 98.7095 -130.718 903.3
vn 0.915 -0.34114 -0.215402
v 98.4556 -129.737 836.7
vn 0.939746 0.332917 -0.0777419
v 99.4716 -129.646 841.8
vn 0.974209 -0.0862379 -0.208519
v 99.5578 -130.278 842.1
vn 0.845053 0.534675 -0.00282295
v 99.5702 -129.554 844.2
vn 0.546954 0.829486 0.113111
v 98.1956 -128.807 855.9
vn 0.622909 0.773384 -0.117734
v 97.4888 -129.246 866.7
vn 0.727121 0.67794 -0.108129
v 98.4436 -130.041 867.9
vn -0.613295 -0.63622 0.468073
v 99.1636 -128.581 906.3
vn 0.987218 -0.035597 -0.155348
v 97.9752 -127.488 831
vn 0.935881 0.348062 -0.0545914
v 98.1609 -127.527 832.436
vn -0.672156 -0.544865 0.501327
v 98.7038 -126.416 909.335
vn -0.688943 -0.499134 0.525569
v 98.891 -125.535 910.037
vn 0.757474 0.55593 -0.342309
v 98.8736 -125.225 876.3
vn 0.797729 0.562696 -0.2168
v 98.992 -123.617 880.8
vn -0.758381 -0.393482 0.519643
v 100.728 -125.313 912.9
vn -0.500622 -0.729674 0.465783
v 100.958 -123.025 917.7
vn -0.688504 -0.50024 0.525093
v 100.135 -120.586 919.2
vn -0.292903 -0.850581 0.436714
v 100.073 -117.087 923.7
vn -0.33786 -0.831732 0.440536
v 101.277 -117.194 924.3
vn -0.399402 -0.737545 0.544523
v 100.905 -114.616 928.078
vn -0.443276 -0.716904 0.538103
v 101.582 -115.759 927.3
vn -0.375561 -0.710862 0.594668
v 102.51 -114.279 929.4
vn -0.584419 -0.524476 0.619176
v 100.941 -113.006 930.3
vn -0.321749 -0.734338 0.597683
v 101.476 -113.374 930.3
vn -0.409816 -0.734601 0.540751
v 101.236 -111.619 931.79
vn -0.366155 -0.695584 0.618137
v 102.357 -112.114 932.1
vn -0.417154 -0.786871 0.45477
v 103.313 -111.948 933.3
vn -0.467694 -0.656462 0.591878
v 103.885 -109.256 936.9
vn 0.879644 0.301577 -0.3678
v 104.027 -108.532 909.9
vn -0.46977 -0.612627 0.635613
v 104.425 -106.776 939.9
vn 0.873496 0.352088 -0.336212
v 104.39 -103.395 915.6
vn 0.876042 0.379009 -0.298166
v 105.277 -102.357 919.2
vn -0.520925 -0.553839 0.649538
v 103.525 -102.291 943.212
vn 0.865967 0.434134 -0.248252
v 105.429 -100.242 922.8
vn -0.572736 -0.597308 0.561424
v 105.765 -100.412 946.8
vn -0.284463 -0.805296 0.520172
v 104.24 -97.4854 948.6
vn -0.217269 -0.858041 0.46536
v 104.323 -97.0957 949.5
vn -0.513616 -0.725619 0.457904
v 104.922 -97.1608 949.8
vn -0.562063 -0.613298 0.554933
v 106.262 -98.0733 950.7
vn 0.858967 0.479885 -0.178566
v 104.942 -96.7648 928.2
vn 0.866827 0.485133 -0.115137
v 105.875 -97.0074 933
vn -0.27967 -0.811591 0.512937
v 104.417 -96.6532 950.234
vn -0.467031 -0.617462 0.632947
v 104.897 -95.8353 951.747
vn -0.501524 -0.717835 0.482893
v 105.051 -96.5556 951
vn 0.601456 0.0387734 0.797965
v 105.297 -93.9531 952.8
vn -0.0738471 -0.985761 -0.151072
v 98.1486 -140.571 858.3
vn 0.00766352 -0.981881 -0.189345
v 98.7491 -140.632 857.4
vn -0.202558 -0.971158 -0.125788
v 97.4126 -141.148 861
vn -0.384233 -0.922611 -0.0339738
v 99.2697 -141.068 860.7
vn -0.418822 -0.908014 -0.0099536
v 99.5456 -141.213 861
vn -0.0743581 -0.986426 -0.146403
v 98.2675 -141.455 861.9
vn -0.177287 -0.981961 -0.0657458
v 98.2461 -141.555 863.1
vn 0.177558 -0.970851 -0.160999
v 98.8466 -141.616 863.1
vn -0.0927813 -0.990974 -0.0967601
v 99.5495 -141.195 862.5
vn -0.0215619 -0.997006 -0.0742533
v 99.4121 -141.842 867.6
vn -0.308462 -0.950456 0.0385364
v 99.4082 -141.86 869.7
vn 0.0500847 -0.998701 -0.00932497
v 97.9848 -141.342 875.1
vn 0.151633 -0.980113 -0.128007
v 98.9266 -141.24 875.7
vn -0.101232 -0.994572 -0.024072
v 98.5571 -141.535 876.9
vn -0.306691 -0.938599 0.158027
v 98.8583 -141.561 880.2
vn -0.176795 -0.9826 0.056921
v 98.8993 -141.368 879
vn -0.259123 -0.962936 0.074893
v 99.1742 -141.518 878.7
vn -0.180573 -0.97715 0.112117
v 98.0062 -139.798 886.8
vn -0.676823 -0.588721 0.441948
v 99.7003 -140.486 885.6
vn 0.365668 -0.875748 -0.315202
v 98.8728 -138.607 850.2
vn 0.620394 -0.704749 -0.344151
v 99.5528 -137.944 849.9
vn 0.0370233 -0.994861 -0.0942392
v 97.7381 -139.617 885.3
vn -0.283772 -0.950247 0.128466
v 98.0432 -139.624 885
vn 0.0657382 -0.996185 -0.0573839
v 99.2599 -139.672 887.1
vn -0.618331 -0.666219 0.416916
v 99.7824 -140.099 886.2
vn -0.435261 -0.853221 0.287336
v 98.4984 -138.925 890.1
vn -0.212925 -0.957235 0.195868
v 99.5904 -139.56 889.2
vn -0.644224 -0.621564 0.445683
v 100.399 -138.431 894.3
vn -0.436584 -0.787349 0.435287
v 98.3618 -136.682 893.4
vn -0.646055 -0.588498 0.486091
v 98.8683 -137.185 893.339
vn -0.701832 -0.516992 0.490052
v 99.9797 -137.728 894.44
vn -0.791425 0.11261 0.600804
v 100.398 -137.204 894.823
vn -0.479669 -0.721812 0.498903
v 100.49 -136.917 894.9
vn -0.778142 -0.381526 0.498932
v 98.9491 -135.362 896.48
vn -0.428052 -0.833124 0.35025
v 99.439 -135.943 896.1
vn -0.364026 -0.87466 0.320086
v 100.01 -136.141 895.8
vn -0.316741 -0.926796 0.201801
v 100.032 -136.041 896.4
vn 0.908228 -0.2819 -0.309282
v 99.5329 -133.033 842.1
vn 0.94931 -0.174214 -0.261647
v 100.339 -133.818 844.8
vn -0.883049 -0.280464 0.376251
v 99.0652 -134.467 897.6
vn -0.886738 -0.278866 0.368686
v 99.4558 -133.937 898.8
vn -0.333886 -0.904588 0.26503
v 99.3263 -133.602 898.8
vn -0.778607 -0.433772 0.453445
v 99.7231 -134.607 898.819
vn -0.796888 -0.303144 0.522564
v 99.8559 -133.982 899.4
vn 0.969221 0.212215 -0.124798
v 100.165 -130.713 844.8
vn 0.822026 0.567686 -0.0447888
v 101.122 -131.53 859.8
vn 0.444949 0.894686 -0.0394616
v 101.566 -131.709 869.7
vn -0.463866 -0.78998 0.400947
v 99.5596 -131.047 903.3
vn -0.738389 -0.383299 0.554854
v 100.184 -131.638 903.3
vn -0.744376 -0.382927 0.547057
v 100.871 -132.09 904.208
vn -0.635866 -0.596072 0.490279
v 101.058 -131.21 904.633
vn -0.504631 -0.749522 0.428445
v 101.33 -132.818 903.9
vn -0.722146 -0.443396 0.530948
v 101.854 -131.379 905.7
vn 0.705701 0.610164 -0.36012
v 101.412 -129.138 875.4
vn 0.505995 0.81489 -0.282708
v 101.969 -129.81 874.8
vn 0.863119 0.376311 -0.336773
v 101.812 -128.917 876.6
vn 0.77704 0.530995 -0.338013
v 101.62 -128.569 876.485
vn 0.659686 0.700168 -0.27309
v 101.964 -129.256 876.6
vn 0.830313 0.492406 -0.260992
v 102.289 -128.711 878.1
vn -0.580793 -0.675132 0.454838
v 100.721 -129.912 907.434
vn -0.691776 -0.529498 0.490997
v 101.282 -128.715 909.3
vn -0.436501 -0.825688 0.357361
v 101.832 -130.455 907.334
vn 0.701235 0.585869 -0.406236
v 100.368 -127.246 876.9
vn 0.765366 0.564094 -0.309859
v 100.507 -126.591 878.1
vn 0.785946 0.583206 -0.205327
v 101.767 -127.874 878.7
vn -0.63695 -0.595473 0.489599
v 101.495 -126.269 913.5
vn -0.465491 -0.783616 0.411417
v 101.701 -126.746 912.778
vn -0.54153 -0.697384 0.469469
v 102.629 -126.706 913.8
vn 0.885082 0.406992 -0.225805
v 102.377 -123.823 893.1
vn -0.422775 -0.79277 0.439064
v 101.358 -124.03 915.3
vn -0.70373 -0.443255 0.555238
v 102.418 -125.365 915.6
vn -0.716332 -0.432303 0.547707
v 103.205 -123.999 917.446
vn -0.57167 -0.647118 0.504412
v 102.974 -123.643 917.48
vn -0.369976 -0.83794 0.401217
v 103.493 -122.644 919.8
vn -0.581622 -0.640354 0.50166
v 102.629 -121.423 921.6
vn -0.334971 -0.858965 0.387263
v 103.62 -122.043 921.6
vn -0.530945 -0.57964 0.618155
v 102.968 -115.013 929.1
vn -0.415114 -0.717794 0.558974
v 103.453 -112.73 931.8
vn 0.900111 0.302158 -0.313848
v 106.826 -106.96 918.6
vn -0.516237 -0.594663 0.616341
v 106.032 -103.483 944.1
vn 0.90533 0.390098 -0.16793
v 107.203 -101.233 928.5
vn -0.521905 -0.645825 0.557248
v 105.88 -101.313 946.2
vn -0.510019 -0.636976 0.57805
v 107.883 -100.546 949.5
vn 0.905918 0.415206 -0.0831621
v 107.322 -99.7244 933.9
vn -0.437259 -0.614795 0.656378
v 107.994 -100.023 950.1
vn 0.927139 0.374681 0.00525391
v 108.336 -99.3266 950.1
vn 0.157454 -0.493955 0.855112
v 108.38 -99.9492 950.1
vn 0.76218 -0.250553 0.596913
v 108.382 -99.6429 950.226
vn -0.452266 -0.602116 0.65796
v 106.933 -97.8015 951.41
vn -0.416456 -0.555971 0.719347
v 107.592 -99.0283 950.7
vn 0.845737 0.533409 -0.0142695
v 107.959 -98.633 950.7
vn 0.28348 -0.42874 0.8578
v 107.689 -98.5755 950.894
vn 0.889022 0.389829 0.240152
v 107.776 -98.2874 950.7
vn -0.0202288 -0.469483 0.88271
v 107.86 -99.211 950.7
vn 0.899267 0.436205 0.032318
v 108.229 -98.9971 950.7
vn 0.850103 0.51606 -0.10491
v 107.277 -97.568 950.1
vn 0.0997096 -0.457046 0.883837
v 107.289 -97.5704 951.529
vn 0.152167 -0.979646 -0.130919
v 99.7923 -141.496 864.6
vn 0.0310987 -0.99337 -0.110674
v 101.26 -141.803 866.7
vn -0.36602 -0.928185 0.0671049
v 100.62 -141.931 874.8
vn -0.404166 -0.910964 0.0824266
v 101.705 -142.597 875.4
vn -0.384883 -0.921145 -0.0579366
v 99.7825 -141.542 876.6
vn -0.529195 -0.846471 0.0586419
v 100.178 -141.758 877.8
vn -0.145571 -0.977836 -0.150483
v 100.622 -141.921 877.2
vn -0.219164 -0.972576 -0.0778702
v 100.582 -142.109 877.8
vn 0.0295938 -0.990551 -0.133911
v 100.921 -141.956 877.5
vn 0.0296344 -0.996214 -0.0817244
v 99.7679 -141.61 878.7
vn -0.479591 -0.87441 0.0734773
v 100.642 -141.825 879.6
vn -0.188853 -0.98198 0.00699268
v 101.192 -142.124 879
vn -0.0673915 -0.996287 -0.0535799
v 101.815 -142.079 878.7
vn -0.369079 -0.926507 0.0732464
v 100.647 -141.802 880.8
vn -0.558697 -0.794987 0.236333
v 101.012 -141.53 882.6
vn -0.288506 -0.957395 0.0126027
v 101.466 -142.278 880.8
vn -0.627025 -0.74029 0.242508
v 101.818 -142.065 883.5
vn -0.635458 -0.659589 0.401416
v 100.597 -140.594 886.8
vn -0.500402 -0.832204 0.238821
v 101.725 -141.059 887.7
vn -0.683855 -0.596756 0.419791
v 101.486 -140.744 888
vn -0.77448 -0.562891 0.288678
v 102.346 -140.992 889.5
vn 0.535528 -0.793393 -0.289373
v 100.239 -139.396 855
vn 0.669974 -0.679633 -0.29872
v 101.502 -139.279 857.1
vn 0.79344 -0.549632 -0.261454
v 101.984 -139.381 858.6
vn 0.951359 -0.213873 -0.221752
v 102.501 -138.571 858.9
vn 0.485389 -0.84252 -0.233576
v 101.828 -140.575 861.125
vn -0.538155 -0.681854 0.495443
v 100.761 -139.823 888
vn -0.269294 -0.939855 0.210129
v 100.792 -139.677 888.3
vn -0.644477 -0.530679 0.55048
v 101.011 -140.092 888
vn -0.636767 -0.639383 0.430949
v 101.073 -139.801 888.288
vn -0.15839 -0.981525 0.107341
v 101.421 -139.604 890.1
vn -0.848919 -0.323641 0.417843
v 102.315 -140.372 890.1
vn -0.310257 -0.919971 0.239568
v 100.894 -139.2 893.1
vn 0.777326 -0.551594 -0.302503
v 101.004 -137.026 851.4
vn 0.974542 0.124614 -0.186384
v 102.916 -137.432 860.7
vn 0.975507 -0.00271061 -0.219952
v 102.995 -136.529 862.304
vn -0.83621 0.17733 0.518949
v 100.916 -137.62 895.8
vn -0.714997 -0.558837 0.420095
v 100.818 -136.672 895.8
vn -0.478116 -0.834623 0.273512
v 100.89 -136.333 896.7
vn -0.836523 -0.199598 0.510284
v 101.572 -137.453 896.896
vn -0.447933 -0.839946 0.306345
v 100.978 -135.916 898.2
vn -0.623476 -0.668369 0.405661
v 102.658 -136.671 899.1
vn -0.784671 -0.319445 0.531269
v 102.893 -137.009 899.1
vn 0.966674 0.236412 -0.0982359
v 101.834 -134.135 855.3
vn 0.933504 0.328111 -0.144615
v 103.423 -135.7 863.7
vn 0.934042 0.259427 -0.245485
v 103.515 -134.186 867.9
vn -0.817838 -0.279623 0.502943
v 102.09 -133.574 903
vn -0.722257 -0.50114 0.476659
v 102.229 -134.526 902.7
vn -0.815272 -0.334685 0.472565
v 102.797 -133.727 904.2
vn 0.913238 0.351514 -0.205995
v 102.045 -132.34 863.25
vn 0.946485 0.22558 -0.230825
v 102.314 -133.317 863.7
vn 0.633475 0.771717 -0.0562313
v 102.367 -132.267 866.1
vn 0.95748 0.0662092 -0.280798
v 102.633 -133.078 864.6
vn 0.956622 -0.0469784 -0.28752
v 103.098 -133.484 866.4
vn 0.916271 0.333485 -0.221888
v 103.17 -133.192 866.7
vn 0.521332 0.850168 -0.073675
v 103.534 -132.657 870.6
vn -0.456952 -0.814571 0.357307
v 102.199 -133.06 904.2
vn -0.855703 -0.180584 0.484934
v 103.042 -133.42 904.8
vn -0.592637 -0.649995 0.475697
v 103.923 -132.162 907.8
vn 0.584449 0.761019 -0.28155
v 102.248 -129.941 874.8
vn 0.871915 0.370006 -0.320718
v 102.396 -129.244 877.8
vn 0.524147 0.827203 -0.202496
v 102.657 -129.463 877.5
vn 0.500228 0.856852 -0.124803
v 102.95 -129.525 878.1
vn 0.675573 0.721999 -0.149391
v 103.223 -129.684 878.1
vn 0.773229 0.608778 -0.177501
v 103.653 -130.535 877.2
vn 0.681617 0.728966 -0.0633001
v 102.984 -129.365 879.3
vn 0.533503 0.843518 0.0620545
v 103.487 -129.886 880.445
vn 0.692251 0.721592 -0.00968585
v 103.761 -130.038 880.2
vn 0.734434 0.668597 -0.116555
v 104.18 -130.956 878.7
vn 0.879765 0.428145 -0.206652
v 102.94 -129.156 880.8
vn 0.837949 0.524804 -0.149738
v 102.843 -128.829 881.1
vn 0.725922 0.667149 -0.167179
v 103.212 -129.734 880.8
vn 0.770979 0.598155 -0.218638
v 103.285 -129.395 881.4
vn 0.623156 0.734129 -0.269687
v 103.502 -129.815 881.1
vn 0.759652 0.644888 -0.0839577
v 103.714 -129.934 881.4
vn 0.620944 0.781519 -0.0604761
v 103.76 -130.042 880.8
vn -0.573839 -0.708435 0.410888
v 102.701 -130.699 907.8
vn -0.605451 -0.649054 0.460606
v 102.933 -129.608 910.5
vn -0.493917 -0.77603 0.392204
v 103.737 -130.153 910.5
vn -0.712364 -0.508531 0.483667
v 103.986 -127.539 914.737
vn -0.528102 -0.686217 0.500214
v 103.417 -125.884 916.034
vn -0.685399 -0.510678 0.519072
v 104.863 -126.299 916.8
vn -0.691923 -0.5489 0.46899
v 105.302 -124.231 920.4
vn -0.560252 -0.739436 0.373298
v 104.397 -122.719 920.645
vn -0.816706 -0.321874 0.478944
v 104.503 -123.661 919.571
vn -0.753011 -0.478012 0.452194
v 104.567 -123.361 919.8
vn -0.829817 -0.367759 0.419711
v 104.797 -123.724 920.096
vn -0.793291 -0.4668 0.390879
v 104.846 -123.492 920.4
vn -0.551454 -0.708386 0.440553
v 106.118 -121.836 924.6
vn -0.705101 -0.430722 0.563304
v 106.026 -119.384 927.511
vn -0.562517 -0.628186 0.537547
v 106.449 -115.95 931.2
vn -0.567444 -0.653213 0.501319
v 107.689 -114.445 934.2
vn -0.682059 -0.51584 0.518367
v 107.396 -112.94 936.3
vn -0.581072 -0.516886 0.628637
v 108.059 -112.763 937.2
vn -0.49359 -0.663455 0.562313
v 106.074 -111.945 935.4
vn 0.931625 0.263713 -0.250062
v 108.871 -109.255 922.8
vn -0.281306 -0.816957 0.503436
v 108.712 -108.188 942
vn 0.909427 0.338963 -0.240929
v 107.721 -105.637 922.862
vn 0.933336 0.308431 -0.183725
v 109.225 -107.796 926.4
vn -0.488247 -0.679733 0.547337
v 107.917 -107.518 942.3
vn -0.589477 -0.459051 0.664672
v 107.924 -106.125 943.5
vn -0.725811 -0.19003 0.661126
v 109.482 -106.011 945.14
vn -0.519234 -0.504423 0.689894
v 108.913 -104.356 945.185
vn -0.73854 -0.312736 0.59729
v 109.439 -104.768 945.3
vn -0.445564 -0.620103 0.645713
v 109.365 -103.674 946.2
vn -0.2695 -0.429341 0.861995
v 109.737 -103.305 946.5
vn -0.781624 -0.219216 0.583959
v 109.718 -104.527 945.9
vn 0.945242 0.325651 -0.0216361
v 109.793 -103.317 945.9
vn -0.807849 -0.271261 0.523257
v 109.798 -104.851 945.9
vn -0.759251 -0.163236 0.629994
v 109.918 -104.57 946.2
vn -0.609819 -0.278948 0.741828
v 109.856 -104.25 946.066
vn 0.964379 0.238347 0.114732
v 109.935 -103.881 945.9
vn -0.304604 0.783472 -0.541653
v 110.018 -103.364 948.3
vn -0.304604 0.783472 -0.541653
v 110.043 -103.37 948.278
vn -0.304604 0.783472 -0.541653
v 110.047 -103.353 948.3
vn 0.941313 0.329235 -0.0743877
v 109.396 -102.005 947.7
vn 0.286163 -0.816655 0.501183
v 109.245 -102.795 947.7
vn 0.980009 0.198945 -0.00170556
v 109.577 -102.679 947.7
vn -0.257155 -0.716137 0.64886
v 108.488 -100.588 949.8
vn -0.338851 -0.63517 0.694074
v 108.619 -101.411 948.9
vn -0.248284 -0.458375 0.853374
v 108.991 -101.613 948.9
vn 0.887412 0.452368 -0.0886763
v 109.159 -101.342 948.3
vn 0.630673 -0.233115 0.740209
v 109.143 -101.338 948.9
vn 0.505406 -0.393072 0.768153
v 108.95 -101.297 949.048
vn 0.950668 0.263737 0.163317
v 109.358 -101.691 948.6
vn 0.306067 -0.873457 -0.378677
v 109.533 -102.955 948.3
vn 0.977862 0.204932 0.0422907
v 109.611 -102.665 948
vn 0.883024 0.450617 -0.131195
v 108.622 -99.9547 949.8
vn 0.280059 -0.94823 -0.149753
v 103.062 -141.985 870.9
vn 0.0504375 -0.991694 -0.118314
v 104.083 -142.954 878.1
vn -0.487108 -0.863203 0.132691
v 103.261 -142.492 879.9
vn -0.471288 -0.86214 0.186016
v 103.142 -141.609 887.1
vn -0.590579 -0.803494 0.0749185
v 102.595 -141.296 889.2
vn -0.255925 -0.96594 -0.0382394
v 102.87 -141.446 888.9
vn -0.538953 -0.840552 0.0547884
v 102.851 -141.533 889.8
vn 0.0362841 -0.996214 -0.0790042
v 103.465 -141.534 889.8
vn -0.589709 -0.73705 0.330152
v 103.171 -141.474 890.947
vn -0.038435 -0.999191 -0.0118576
v 103.436 -141.667 890.4
vn -0.000318504 -0.999993 0.00368807
v 104.379 -141.56 891.3
vn -0.253784 -0.93821 0.235279
v 104.392 -141.501 892.2
vn 0.783984 -0.570224 -0.245387
v 103.64 -140.653 867
vn -0.812768 -0.349856 0.465842
v 102.9 -140.189 891.3
vn -0.819596 -0.314762 0.478735
v 103.002 -140.824 891.328
vn -0.551845 -0.789861 0.267556
v 103.227 -139.767 892.5
vn -0.373834 -0.908489 0.186801
v 102.986 -139.458 894.3
vn -0.757638 -0.430247 0.490788
v 104.001 -140.453 892.8
vn -0.612682 -0.633262 0.472864
v 104.571 -141.158 893.1
vn 0.917416 -0.25565 -0.304945
v 103.288 -136.591 863.339
vn 0.956146 -0.10006 -0.275268
v 103.514 -136.333 863.7
vn 0.961523 0.0355251 -0.272418
v 103.638 -137.279 864.6
vn 0.967563 -0.0338534 -0.250352
v 104.077 -137.986 865.8
vn 0.951322 0.102752 -0.290567
v 104.918 -136.938 868.8
vn -0.795073 -0.362517 0.486251
v 103.372 -137.223 899.7
vn -0.758193 -0.48507 0.435719
v 103.249 -136.777 899.7
vn -0.641772 -0.662488 0.386314
v 103.608 -137.886 899.4
vn -0.842214 -0.379974 0.382486
v 103.679 -137.288 900.3
vn -0.855983 -0.412089 0.312211
v 103.529 -136.904 900.3
vn -0.796149 -0.487307 0.358717
v 103.774 -137.194 900.6
vn -0.709347 -0.614858 0.344639
v 104.514 -137.772 901.2
vn 0.873172 0.444152 -0.20075
v 104.1 -134.924 867.9
vn 0.914399 0.249942 -0.318438
v 104.961 -134.493 872.256
vn 0.872178 0.421805 -0.24776
v 105.296 -135.791 871.2
vn -0.694176 -0.621916 0.362408
v 103.613 -135.062 903.9
vn -0.738182 -0.522618 0.426564
v 105.371 -135.501 906.9
vn 0.730893 0.66094 -0.170158
v 104.612 -133.252 872.1
vn 0.910551 0.30062 -0.283769
v 105.446 -133.983 873.6
vn 0.686746 0.700672 -0.193491
v 105.495 -133.425 875.1
vn 0.708485 0.67618 -0.202064
v 104.4 -131.362 878.1
vn 0.668876 0.720684 -0.182264
v 104.703 -131.379 878.7
vn 0.724328 0.688723 -0.0317781
v 105.698 -132.196 880.8
vn 0.759162 0.641565 0.109852
v 106.179 -133.092 882.3
vn 0.786975 0.615998 -0.0348782
v 104.479 -130.992 881.1
vn 0.807732 0.589086 0.0233768
v 104.489 -130.945 883.5
vn 0.869731 0.484458 -0.0941766
v 104.735 -130.765 888.6
vn -0.52803 -0.713908 0.459914
v 106.234 -131.39 911.482
vn -0.810439 -0.343109 0.474831
v 106.619 -131.779 911.4
vn -0.500882 -0.766335 0.402304
v 105.223 -128.935 914.7
vn -0.796439 -0.302619 0.523553
v 105.477 -126.935 917.4
vn -0.684888 -0.547129 0.481226
v 105.455 -127.844 916.8
vn -0.51279 -0.759545 0.400172
v 106.879 -128.357 917.7
vn -0.707892 -0.497198 0.501681
v 107.383 -126.114 920.7
vn -0.657415 -0.566232 0.497179
v 107.08 -123.902 923.1
vn -0.501061 -0.716305 0.485638
v 107.293 -120.639 928.2
vn -0.436679 -0.748271 0.499402
v 108.675 -121.349 927.9
vn -0.757517 -0.337858 0.558587
v 108.916 -118.772 932.208
vn -0.484995 -0.697954 0.526915
v 109.416 -119.185 932.4
vn -0.563377 -0.656931 0.501046
v 108.129 -116.705 932.1
vn -0.53984 -0.641884 0.544571
v 108.246 -116.154 933.3
vn -0.685783 -0.453764 0.569035
v 109.531 -116.756 933.6
vn -0.487575 -0.657773 0.574113
v 109.782 -116.141 934.5
vn -0.351585 -0.784171 0.511336
v 108.678 -114.121 935.581
vn -0.546704 -0.566783 0.616338
v 109.755 -114.827 935.7
vn -0.394413 -0.773905 0.495488
v 108.169 -113.632 936.3
vn -0.330749 -0.805307 0.492022
v 109.398 -113.62 936.9
vn -0.509268 -0.68838 0.516506
v 109.617 -114.031 936.3
vn -0.541537 -0.662765 0.517185
v 109.94 -113.955 936.9
vn -0.664557 -0.398648 0.632016
v 108.676 -111.667 938.4
vn -0.653678 -0.474707 0.589371
v 108.886 -110.257 939.3
vn -0.432369 -0.71108 0.554457
v 110.569 -112.441 939.3
vn -0.260275 -0.895693 0.360543
v 109.38 -107.932 942.9
vn -0.381499 -0.800325 0.462535
v 109.632 -108.19 942.297
vn -0.682686 -0.575086 0.450794
v 110.616 -108.399 943.5
vn 0.925647 0.361347 -0.112272
v 109.717 -106.348 932.1
vn -0.398741 -0.749888 0.527896
v 109.439 -107.657 943.8
vn -0.453671 -0.477373 0.752528
v 109.713 -106.367 945.232
vn -0.315143 -0.836235 0.448772
v 110.028 -107.768 943.8
vn -0.380939 -0.661432 0.64606
v 110.531 -106.847 945.152
vn -0.0965512 -0.565074 0.819371
v 110.593 -106.554 945.429
vn 0.103715 -0.568053 0.81643
v 111.062 -106.653 945.3
vn 0.912357 0.40507 0.0593596
v 111.294 -107.009 945
vn -0.651572 -0.49378 0.575878
v 111.286 -107.624 945.3
vn 0.916818 0.394414 -0.0623093
v 111.614 -107.691 944.7
vn 0.908599 0.417415 0.0145532
v 111.636 -107.696 945.3
vn 0.911399 0.407505 -0.0573611
v 110.136 -104.376 944.7
vn 0.955645 0.230874 0.182867
v 110.792 -105.676 945.3
vn -0.560125 -0.403533 0.723478
v 109.962 -105.193 945.94
vn -0.624681 -0.344541 0.700761
v 110.032 -104.865 946.2
vn -0.368907 0.370331 0.852504
v 110.142 -104.347 946.2
vn 0.805227 0.591354 0.0437162
v 110.156 -104.282 945.9
vn -0.326564 -0.427467 0.842988
v 110.256 -105.255 946.038
vn 0.223867 -0.528214 0.819068
v 110.344 -104.967 946.2
vn 0.898181 0.436763 0.050092
v 110.433 -104.68 946.2
vn -0.340629 -0.505919 0.792476
v 110.387 -104.67 946.5
vn -0.127914 -0.466456 0.875247
v 110.498 -105.613 945.9
vn 0.297195 -0.331008 0.895605
v 110.593 -105.327 945.9
vn 0.46663 -0.845446 -0.259765
v 105.423 -142.42 876.9
vn -0.283246 -0.957776 0.0493666
v 105.529 -143.367 883.8
vn -0.254517 -0.966532 0.032203
v 104.451 -142.664 885.6
vn -0.465952 -0.874189 0.136682
v 104.747 -142.717 888.3
vn -0.670068 -0.703231 0.237643
v 105.432 -142.38 891.3
vn -0.4111 -0.878189 0.244501
v 105.296 -141.578 893.1
vn -0.708843 -0.652804 0.267187
v 106.74 -141.995 895.2
vn 0.872637 -0.368403 -0.3206
v 106.397 -140.013 874.5
vn -0.660999 -0.664901 0.347831
v 105.457 -140.817 894.9
vn -0.557002 -0.806042 0.200113
v 106.73 -140.598 898.8
vn -0.564816 -0.781058 0.266328
v 106.761 -140.456 899.7
vn -0.669647 -0.62857 0.395565
v 106.644 -138.122 905.4
vn -0.779443 -0.433622 0.452151
v 107.133 -137.409 906.9
vn -0.540921 -0.77181 0.334236
v 107.447 -138.671 905.4
vn -0.662045 -0.610134 0.435239
v 106.927 -136.787 907.2
vn 0.900051 0.340511 -0.271955
v 107.573 -135.969 877.8
vn 0.8416 0.520672 -0.143566
v 107.694 -134.623 880.8
vn 0.741795 0.618244 0.259835
v 107.762 -135.747 884.7
vn 0.800754 0.563914 -0.201975
v 106.384 -133.569 877.702
vn 0.746905 0.650793 0.13639
v 107.67 -134.456 881.7
vn 0.917772 0.343048 -0.200029
v 107.42 -132.562 898.8
vn -0.881107 -0.0550724 0.4697
v 106.696 -132.102 911.573
vn -0.850259 -0.233701 0.471639
v 107.174 -132.817 912.6
vn -0.77895 -0.347971 0.521683
v 109.278 -130.81 917.4
vn -0.422133 -0.823365 0.379307
v 107.751 -128.581 917.7
vn -0.409644 -0.868214 0.279995
v 109.67 -128.212 921
vn -0.368316 -0.867503 0.334339
v 109.434 -127.88 922.2
vn -0.768195 -0.396055 0.503008
v 107.84 -126.824 921
vn -0.741154 -0.455049 0.493579
v 108.986 -127.1 922.8
vn -0.788354 -0.282435 0.546561
v 109.09 -126.783 923.1
vn -0.562827 -0.69112 0.453409
v 108.318 -124.472 924.235
vn -0.437624 -0.786599 0.435599
v 109.875 -124.36 926.1
vn -0.80202 -0.335553 0.494134
v 109.46 -122.875 927.6
vn -0.627845 -0.64394 0.437208
v 109.725 -123.624 927.3
vn -0.412205 -0.834174 0.36639
v 110.546 -124.09 927.3
vn -0.666476 -0.513014 0.54095
v 109.206 -121.735 927.9
vn -0.656962 -0.539232 0.526906
v 110.709 -120.439 930.9
vn -0.697511 -0.514998 0.498253
v 111.008 -122.897 930.3
vn -0.845686 -0.252591 0.470121
v 110.964 -120.684 931.2
vn 0.953551 0.202946 -0.222608
v 111.695 -119.056 924.3
vn -0.226396 -0.871788 0.434431
v 110.028 -119.315 932.585
vn -0.298358 -0.845006 0.443787
v 110.578 -119.612 932.1
vn -0.605023 -0.740695 0.292093
v 111.227 -119.443 933.3
vn -0.537159 -0.797285 0.275312
v 111.471 -119.739 932.7
vn -0.354138 -0.825344 0.439766
v 110.427 -118.88 933.6
vn -0.592927 -0.5804 0.558187
v 110.919 -118.007 935.1
vn -0.849912 -0.130861 0.510416
v 110.589 -116.674 935.193
vn -0.566341 -0.59788 0.567271
v 110.861 -115.392 936.3
vn -0.727251 -0.432905 0.532634
v 111.417 -115.317 936.9
vn -0.874741 -0.207287 0.438018
v 111.687 -115.374 937.5
vn 0.951512 0.263505 -0.158711
v 111.292 -112.836 929.4
vn -0.471972 -0.686469 0.553175
v 110.771 -112.934 938.7
vn -0.702424 -0.526224 0.479258
v 112.014 -112.99 939.9
vn -0.832919 -0.255202 0.491038
v 112.511 -113.402 940.675
vn -0.626626 -0.615353 0.478205
v 112.029 -111.342 942.3
vn -0.694435 -0.571113 0.43771
v 112.446 -112.265 941.7
vn 0.196233 -0.718522 0.667247
v 112.659 -112.207 941.7
vn 0.997192 0.0555331 -0.0502492
v 112.688 -111.906 941.1
vn 0.352551 -0.771673 0.529366
v 112.751 -111.92 942
vn -0.472953 -0.715997 -0.513481
v 112.536 -111.874 942.3
vn 0.999097 -0.0104133 -0.0411811
v 112.753 -111.613 942.6
vn -0.558462 -0.696006 0.451326
v 112.624 -111.43 942.9
vn 0.962272 0.24599 -0.116286
v 112.801 -111.317 942.9
vn -0.829351 -0.252309 0.498516
v 112.574 -113.109 940.834
vn -0.472953 -0.715997 -0.513481
v 112.799 -112.048 942.3
vn -0.472953 -0.715997 -0.513481
v 112.823 -111.935 942.121
vn 0.551807 -0.737227 -0.389878
v 112.922 -111.956 942.3
vn -0.154989 0.832762 -0.531494
v 112.848 -111.816 942.3
vn -0.511067 -0.773698 0.374435
v 112.826 -111.92 942.6
vn 0.781343 0.0837204 0.618461
v 113.032 -113.513 940.8
vn -0.82876 -0.299735 0.472562
v 112.805 -113.465 941.08
vn 0.969274 0.244458 -0.0273676
v 112.897 -113.031 940.8
vn 0.74162 0.408425 -0.532155
v 112.992 -112.584 942.279
vn 0.74162 0.408425 -0.532155
v 113.009 -112.588 942.3
vn 0.74162 0.408425 -0.532155
v 112.996 -112.564 942.3
vn -0.599493 -0.66671 0.44284
v 112.654 -111.286 943.231
vn -0.631337 -0.599006 0.492551
v 111.899 -110.512 943.517
vn -0.338036 -0.497151 0.799108
v 112.009 -109.996 944.1
vn -0.155212 -0.420624 0.893859
v 112.086 -109.631 944.285
vn 0 0 1
v 112.158 -109.294 944.1
vn -0.412694 -0.524269 0.744866
v 112.265 -110.232 944.1
vn -0.544138 -0.715414 0.438289
v 112.423 -110.93 943.304
vn -0.434164 -0.661908 0.611048
v 112.461 -110.753 943.8
vn 0.89198 0.417223 -0.174058
v 112.534 -110.647 943.2
vn 0.824061 0.507485 -0.251759
v 112.639 -110.669 943.5
vn 0 0 1
v 112.633 -110.361 944.1
vn 0.874317 0.440186 -0.204464
v 112.717 -110.992 943.238
vn 0.570876 -0.722138 -0.390663
v 108.563 -142.313 882.3
vn 0.155606 -0.96853 -0.194258
v 107.067 -143.344 883.2
vn -0.228225 -0.972822 -0.0391132
v 107.317 -143.613 885.9
vn 0.81721 -0.396075 -0.41868
v 109.23 -141.228 882
vn -0.686833 -0.670248 0.281119
v 107.591 -140.88 900.094
vn -0.755142 -0.578468 0.308439
v 108.284 -141.947 900.683
vn -0.726146 -0.591872 0.349856
v 108.598 -140.48 903
vn 0.930072 0.0590896 -0.362593
v 108.298 -138.576 878.7
vn 0.61702 0.672638 0.408466
v 109.651 -137.637 884.7
vn 0.850068 0.510876 0.128024
v 108.575 -137.69 887.1
vn 0.915615 0.399622 -0.0441854
v 108.561 -138.019 891.9
vn 0.954945 0.261183 -0.140937
v 109.244 -137.432 899.4
vn -0.690949 -0.557386 0.460337
v 108.586 -137.642 909.3
vn -0.434544 -0.823265 0.365249
v 108.808 -138.04 909
vn -0.413806 -0.820283 0.394841
v 109.359 -138.335 908.7
vn -0.601674 -0.660589 0.449011
v 109.821 -139.046 908.1
vn -0.526525 -0.731991 0.432389
v 109.975 -138.319 909.246
vn 0.814735 0.579475 0.0203589
v 109.575 -137.314 884.055
vn -0.628338 -0.652782 0.423164
v 109.15 -136.431 911.4
vn -0.648398 -0.632543 0.423638
v 108.392 -135.666 912
vn 0.922709 0.259482 -0.285092
v 108.981 -132.894 903.772
vn -0.778348 -0.392782 0.489793
v 109.472 -134.225 915
vn -0.743618 -0.399431 0.536178
v 109.796 -132.454 916.8
vn -0.719422 -0.426593 0.548133
v 110.605 -131.399 918.3
vn -0.703782 -0.59165 0.393244
v 110.171 -128.853 920.4
vn -0.518523 -0.798558 0.305678
v 110.012 -128.046 922.2
vn -0.68423 -0.590945 0.427333
v 111.26 -129.085 922.8
vn -0.602415 -0.630958 0.488863
v 110.208 -127.124 924.3
vn -0.79187 -0.323056 0.518244
v 110.693 -125.284 926.1
vn -0.609427 -0.661688 0.43677
v 110.83 -124.199 927.3
vn -0.711819 -0.478531 0.514123
v 112.364 -125.639 928.532
vn -0.542442 -0.716903 0.437957
v 112.138 -123.815 930.3
vn -0.740222 -0.45572 0.494359
v 112.59 -124.767 929.7
vn -0.791738 -0.440457 0.423258
v 111.961 -120.318 933.3
vn -0.75252 -0.398626 0.524224
v 112.776 -120.816 934.5
vn -0.556645 -0.532453 0.637684
v 113.718 -120.713 935.585
vn -0.777889 -0.283007 0.561066
v 113.118 -118.745 936.3
vn -0.780733 -0.327513 0.532156
v 113.087 -119.352 936.038
vn 0.983884 0.178765 -0.00383149
v 114.11 -119.263 936.6
vn 0.961708 0.202954 -0.184196
v 112.401 -117.673 929.1
vn -0.462871 -0.668783 0.581789
v 112.721 -118.189 936.3
vn -0.573457 -0.516961 0.63553
v 113.399 -117.885 937.104
vn -0.179872 -0.814108 0.552154
v 113.458 -117.607 937.5
vn 0.988331 0.120832 -0.0927457
v 113.727 -117.341 937.2
vn 0.975679 0.174095 -0.133193
v 113.689 -117.026 937.2
vn 0.961595 0.230072 -0.149673
v 113.794 -117.049 937.8
vn -0.788636 -0.209169 0.578188
v 113.644 -118.244 937.2
vn 0.943454 0.176663 0.280508
v 113.809 -117.972 936.9
vn 0.230482 0.395728 0.888975
v 113.758 -117.636 936.9
vn -0.778129 -0.260656 0.571467
v 113.868 -118.563 937.5
vn -0.00985466 0.708336 0.705807
v 113.923 -118.303 937.263
vn -0.248336 -0.759128 0.601709
v 113.277 -117.013 938.4
vn 0.155253 -0.708041 0.688893
v 113.643 -117.016 938.4
vn 0.480336 -0.511667 0.712372
v 113.711 -116.417 938.797
vn -0.785574 -0.42002 0.454375
v 112.909 -114.415 940.5
vn 0.958488 0.269375 -0.0934746
v 113.397 -114.817 939.6
vn -0.681887 -0.440134 0.584219
v 113.142 -114.763 940.521
vn 0.943074 0.330548 0.0367322
v 113.253 -114.244 940.2
vn 0.0253354 -0.519 0.854399
v 113.219 -114.399 940.5
vn -0.41893 -0.63752 0.64658
v 113.241 -115.74 939.6
vn 0.979411 0.194865 -0.0527402
v 113.524 -115.458 939.6
vn 0.0691837 0.0431784 0.996669
v 113.493 -114.838 940.5
vn -0.352978 -0.935627 -0.00300786
v 110.678 -145.112 893.4
vn 0.0708008 -0.973298 -0.218355
v 109.661 -144.126 888
vn 0.395463 -0.871093 -0.291215
v 111.053 -144.069 888.9
vn 0.945257 0.283264 0.162019
v 111.141 -143.781 890.1
vn 0.604279 -0.78516 -0.135542
v 111.212 -144.103 889.8
vn 0.615698 -0.711712 -0.338204
v 111.366 -143.829 888.9
vn 0.871125 0.308794 0.381822
v 111.325 -143.513 889.077
vn 0.204105 -0.958803 -0.197582
v 110.726 -144.889 891.3
vn 0.550098 -0.825516 -0.126152
v 111.25 -144.418 890.4
vn -0.476662 -0.877241 0.0569385
v 109.046 -144.256 894.9
vn 0.9696 0.240634 0.0443939
v 110.417 -143.014 894.6
vn 0.399213 -0.905605 0.143209
v 110.878 -144.952 893.7
vn 0.986133 0.0856392 0.142156
v 110.963 -144.663 893.1
vn -0.477828 -0.870895 0.114985
v 109.85 -144.678 896.7
vn 0.28199 -0.949985 0.134204
v 110.153 -144.7 895.5
vn -0.350073 -0.936667 0.0102047
v 110.134 -144.787 896.7
vn 0.587998 -0.77875 0.218649
v 110.484 -144.585 897.3
vn 0.333044 -0.941541 0.0508087
v 110.546 -144.575 895.8
vn 0.996702 -0.0279468 0.0761862
v 110.608 -144.281 895.8
vn -0.605618 -0.765147 0.218579
v 109.902 -144.438 897.952
vn -0.433125 -0.839549 0.327964
v 109.918 -144.362 898.2
vn -0.336109 -0.891479 0.303803
v 110.176 -144.59 897.9
vn -0.102828 -0.898791 0.426147
v 110.217 -144.396 898.2
vn -0.166532 -0.935894 0.310433
v 110.295 -144.031 899.4
vn 0.993685 -0.104523 0.0408163
v 110.492 -143.95 898.2
vn -0.452034 -0.822812 0.344451
v 110.174 -143.156 901.8
vn -0.556014 -0.716576 0.42115
v 110.034 -142.374 903.3
vn 0.738074 -0.513276 -0.437943
v 110.632 -142.446 885.47
vn 0.673382 0.576452 0.462882
v 110.23 -140.005 886.8
vn 0.728622 0.503236 0.464611
v 111.299 -140.748 886.576
vn 0.871543 -0.222922 -0.436714
v 111.551 -141.108 886.2
vn 0.774343 -0.476187 -0.4167
v 111.693 -142.672 887.7
vn 0.942225 -0.330803 0.0527376
v 110.602 -142.44 902.4
vn -0.294152 -0.846802 0.443171
v 110.667 -142.28 903.9
vn -0.617105 -0.6834 0.39006
v 110.38 -140.742 906.3
vn -0.434959 -0.773327 0.461277
v 110.58 -141.246 905.7
vn -0.496531 -0.790028 0.3596
v 110.614 -141.084 906
vn -0.482741 -0.791085 0.375693
v 110.636 -140.983 906.3
vn 0.227397 -0.946777 -0.227823
v 110.921 -141.082 906.3
vn 0.992936 -0.0586081 -0.103167
v 110.943 -140.979 905.483
vn 0.558289 -0.825642 -0.0814124
v 111.001 -140.991 906
vn 0.961087 -0.2708 0.0545865
v 111.104 -140.706 906.6
vn 0.0659377 -0.76552 0.640024
v 111.006 -140.685 906.979
vn -0.373626 -0.766862 0.521849
v 110.733 -140.524 907.2
vn -0.62663 -0.635731 0.450756
v 110.798 -140.222 907.8
vn 0.220143 -0.63827 0.737664
v 111.064 -140.41 907.2
vn 0.0787527 -0.959417 0.27077
v 111.083 -140.321 907.5
vn -0.608792 -0.637281 0.472487
v 111.095 -140.264 908.1
vn 0.853094 0.520144 -0.0410086
v 110.44 -138.418 884.7
vn 0.682917 0.614466 0.395039
v 110.758 -138.967 885.3
vn 0.922129 0.386483 -0.0175789
v 111.074 -139.473 885.3
vn 0.49308 0.621091 0.609195
v 110.668 -139.387 885.79
vn 0.984088 0.0629639 -0.16615
v 111.096 -138.558 907.2
vn 0.97177 -0.227194 -0.0636163
v 111.174 -140.108 907.2
vn 0.83331 -0.548204 0.0711824
v 111.293 -140.133 908.1
vn 0.992334 -0.0599439 -0.108069
v 111.356 -139.84 908.1
vn 0.489762 -0.762642 0.422505
v 111.282 -139.387 909.3
vn 0.990134 -0.0708459 -0.120896
v 111.403 -139.236 908.7
vn 0.55649 -0.759108 0.337749
v 111.439 -139.244 909.3
vn -0.675952 -0.590815 0.440485
v 110.802 -138.76 909.9
vn -0.558117 -0.718816 0.414498
v 111.056 -139.007 909.9
vn -0.573966 -0.617924 0.537339
v 111.226 -138.209 911.1
vn -0.370809 -0.846055 0.383003
v 111.318 -139.218 909.686
vn -0.531647 0.71454 -0.454735
v 111.535 -139.264 909.9
vn 0.98138 -0.164759 -0.0987339
v 111.57 -138.965 909.6
vn 0.331214 -0.903348 0.272507
v 111.58 -138.967 910.2
vn -0.547704 -0.650188 0.52657
v 111.41 -138.783 910.8
vn 0.793592 -0.454901 0.404075
v 111.669 -138.68 910.5
vn -0.26715 -0.773432 0.574834
v 111.505 -138.338 911.143
vn 0.912915 -0.214334 0.347342
v 111.698 -138.072 910.8
vn -0.531647 0.71454 -0.454735
v 111.611 -139.281 909.785
vn -0.531647 0.71454 -0.454735
v 111.63 -139.194 909.9
vn 0.0290345 -0.898942 0.437104
v 111.861 -138.107 911.595
vn -0.335238 -0.848295 0.40989
v 111.625 -137.772 912.3
vn 0.984089 0.0431089 -0.17237
v 111.659 -137.757 910.5
vn -0.512981 -0.735912 0.44191
v 111.639 -137.139 913.8
vn 0.977558 -0.0776951 -0.195815
v 112.036 -137.224 912.3
vn 0.917621 -0.373052 -0.137128
v 112.119 -137.242 912.9
vn -0.436239 -0.781912 0.445319
v 112.35 -135.803 916.5
vn 0.733573 -0.65208 0.191471
v 112.562 -135.802 916.2
vn 0.4908 -0.799431 0.346448
v 112.514 -136.476 915
vn 0.50409 -0.83512 -0.220154
v 112.683 -135.681 916.8
vn 0.952927 -0.283783 -0.106758
v 112.709 -135.527 916.2
vn 0.97691 0.0264044 -0.212015
v 112.615 -135.2 915.6
vn 0.485713 -0.804676 0.341437
v 112.782 -135.542 916.5
vn -0.686363 -0.51351 0.514989
v 111.342 -134.93 917.1
vn -0.494178 -0.748735 0.441795
v 111.568 -135.157 917.1
vn -0.024284 -0.911011 0.411667
v 112.463 -135.271 917.7
vn 0.739716 -0.648839 0.178406
v 112.931 -135.267 917.1
vn 0.459591 -0.824341 0.330512
v 112.787 -135.193 917.7
vn 0.380124 -0.882374 0.277348
v 112.811 -135.079 918
vn 0.985144 -0.114699 -0.127807
v 113.015 -134.672 917.7
vn 0.122605 -0.927638 0.352783
v 113.196 -134.71 918.92
vn -0.639441 -0.512546 0.573072
v 112.56 -133.374 920.1
vn -0.442907 -0.730231 0.520188
v 112.954 -134.407 919.5
vn 0.996947 -0.0116998 -0.0771943
v 113.296 -134.118 919.2
vn 0.999496 -0.0037703 -0.0315133
v 113.285 -134.116 919.5
vn -0.273556 -0.670486 0.689649
v 113.09 -133.767 919.928
vn 0.743568 -0.310496 0.592198
v 113.301 -133.506 919.8
vn 0.897122 -0.323016 -0.301384
v 113.41 -133.529 920.1
vn -0.320933 0.83113 -0.45412
v 113.26 -133.497 920.4
vn -0.320933 0.83113 -0.45412
v 113.446 -133.536 920.196
vn -0.320933 0.83113 -0.45412
v 113.471 -133.415 920.4
vn 0.978293 0.0579214 -0.198969
v 113.185 -133.174 919.2
vn 0.377706 -0.818446 0.432994
v 113.261 -132.963 921.3
vn 0.977559 0.103247 -0.183627
v 113.485 -132.931 920.7
vn -0.578399 -0.625126 0.524092
v 112.788 -130.859 922.8
vn -0.156261 -0.680539 0.715856
v 113.233 -131.651 922.28
vn -0.35126 -0.77322 0.527965
v 113.358 -131.064 923.053
vn 0.847293 -0.44216 0.294261
v 113.593 -131.727 922.2
vn 0.958957 0.159593 -0.234373
v 112.091 -130.181 916.5
vn -0.553716 -0.653665 0.51587
v 113.151 -130.591 923.7
vn 0.978191 0.11195 -0.174954
v 113.629 -130.815 922.8
vn -0.594936 -0.671517 0.441718
v 112.826 -129.238 925.2
vn -0.500046 -0.737409 0.454073
v 113.376 -129.535 925.324
vn -0.523716 -0.741789 0.418892
v 113.438 -129.241 925.96
vn 0.334692 -0.773548 0.538149
v 113.757 -129.309 925.5
vn 0.546945 -0.68618 0.479592
v 113.779 -129.082 925.8
vn 0.969111 -5.49756e-005 -0.246625
v 113.919 -128.73 925.8
vn 0.881334 -0.457108 0.119591
v 113.776 -130.54 924.307
vn 0.959362 0.179191 -0.217978
v 113.873 -130.253 924.3
vn 0.372568 -0.919807 -0.12308
v 114.03 -129.06 926.4
vn -0.0520322 0.914203 -0.401902
v 114.039 -129.062 926.7
vn -0.627874 -0.555274 0.545386
v 113.851 -128.742 927.3
vn 0.726138 -0.602942 0.330429
v 114.102 -128.769 926.7
vn -0.0520322 0.914203 -0.401902
v 114.088 -129.072 926.67
vn -0.0520322 0.914203 -0.401902
v 114.091 -129.059 926.7
vn 0.997909 0.0444453 -0.046927
v 114.021 -127.525 927.3
vn 0.738693 -0.428748 0.520104
v 113.943 -127.508 927.9
vn -0.495525 -0.626256 0.601878
v 113.813 -127.48 928.108
vn 0.971178 0.157427 -0.178972
v 114.096 -126.927 928.5
vn 0.691878 -0.457686 0.558416
v 114.118 -128.465 927.3
vn -0.610697 -0.595435 0.522022
v 112.978 -125.638 929.7
vn -0.325785 -0.770848 0.54741
v 113.863 -125.799 930
vn 0.982498 0.0942772 -0.160653
v 114.042 -125.689 929.1
vn 0.94234 -0.317694 0.105192
v 114.128 -125.4 930
vn -0.615266 -0.528477 0.584944
v 113.681 -123.772 931.908
vn -0.652942 -0.453633 0.606535
v 113.743 -124.924 931.2
vn 0.00383658 -0.530289 0.847808
v 113.974 -123.834 931.868
vn -0.492561 -0.653098 0.575192
v 113.993 -125.187 931.2
vn 0.871617 -0.428061 0.238846
v 114.165 -125.102 931.2
vn -0.56152 -0.484688 0.670652
v 114.06 -124.876 931.5
vn 0.983389 -0.119217 0.136869
v 114.28 -124.819 931.2
vn -0.274772 -0.77966 0.5627
v 113.538 -123.001 932.7
vn 0.00454111 -0.782589 0.622522
v 113.847 -122.989 932.7
vn 0.772638 -0.407144 0.487098
v 114.084 -122.631 932.7
vn 0.790631 -0.240619 0.563032
v 114.121 -123.559 931.8
vn 0.811857 -0.536892 -0.229422
v 114.219 -122.683 933.3
vn -0.443636 -0.667798 0.59769
v 113.811 -121.717 934.8
vn -0.315869 -0.602279 0.733135
v 113.979 -121.075 935.4
vn 0.965612 0.192002 -0.175294
v 114.089 -120.408 935.4
vn -0.889761 0.431197 0.149646
v 62.3563 -71.1511 931.5
vn -0.772798 -0.634267 0.0221084
v 62.4546 -71.1719 931.8
vn -0.632681 -0.763109 0.131829
v 62.5316 -71.4974 932.7
vn -0.997264 0.0318615 0.0667102
v 62.2969 -70.8317 933.3
vn -0.528838 0.823119 -0.206892
v 62.4538 -70.2517 933.9
vn -0.886764 0.4598 -0.047257
v 62.44 -70.2487 934.8
vn -0.467674 0.850728 -0.239882
v 62.5447 -69.993 934.5
vn -0.828451 0.555307 -0.0728212
v 62.6129 -69.6721 936.313
vn -0.0310454 -0.892235 0.450503
v 62.8829 -69.8445 936.6
vn -0.771923 0.590116 -0.236428
v 63.5937 -68.6537 933
vn -0.812712 0.568277 -0.128683
v 63.6364 -67.7427 935.513
vn -0.704816 0.694405 -0.145037
v 63.4681 -68.3203 937.8
vn -0.984818 0.147093 0.0921768
v 63.4681 -68.3203 937.8
vn -0.844653 0.534012 -0.03732
v 64.178 -66.0176 935.7
vn -0.941613 0.200151 0.270747
v 63.9259 -64.4305 942.9
vn -0.735694 0.673501 -0.0717658
v 64.1533 -64.1722 943.5
vn -0.722673 0.669057 -0.173511
v 64.2616 -63.8885 944.4
vn -0.908017 0.386675 0.161205
v 64.9861 -62.509 945.9
vn -0.703791 -0.667167 0.244064
v 62.9726 -76.6373 926.1
vn -0.929538 -0.213818 0.300402
v 63.5995 -70.8019 935.38
vn -0.631762 -0.315076 0.70824
v 63.6146 -69.2884 937.5
vn -0.828694 -0.397158 0.394376
v 63.6146 -69.2884 937.5
vn -0.416582 -0.726228 0.546857
v 64.5764 -69.476 937.8
vn 0.0350723 0.995084 -0.0926213
v 65.898 -68.6459 923.4
vn -0.345117 0.918292 -0.193997
v 65.8459 -68.5191 925.8
vn -0.217585 0.972152 -0.0870456
v 65.8949 -68.6605 924.3
vn -0.863666 0.488768 -0.123235
v 65.5323 -68.1457 927.3
vn -0.427472 0.826005 -0.367402
v 65.75 -67.8996 927.6
vn 0.0805379 0.969392 -0.231934
v 65.75 -67.8996 927.6
vn -0.590261 0.784005 -0.192168
v 64.3783 -65.7535 935.4
vn 0.327803 0.904333 -0.273363
v 65.6781 -65.3517 935.4
vn 0.0646623 0.932717 -0.354765
v 65.0697 -63.8853 939.3
vn 0.0267647 0.97077 -0.238514
v 65.3562 -62.5373 944.7
vn -0.506181 0.844259 -0.176091
v 65.4782 -61.9636 947.1
vn 0.169731 0.957368 -0.233748
v 65.4782 -61.9636 947.1
vn -0.823572 -0.241427 0.513265
v 66.1012 -62.1326 949.5
vn -0.786806 0.341819 0.513903
v 66.3167 -62.1784 949.8
vn 0.182196 0.983206 0.0105127
v 66.4198 -61.8625 949.5
vn 0.237265 0.962051 0.134773
v 66.7069 -61.9546 950.149
vn -0.563458 -0.509101 0.650639
v 61.5781 -99.8156 867.6
vn -0.934995 0.337605 -0.108665
v 62.3359 -95.9896 871.8
vn -0.953544 0.144444 0.264368
v 62.4808 -95.7137 872.7
vn 0.196631 0.910465 0.363853
v 67.8183 -62.4976 951.258
vn 0.19142 0.37699 0.906221
v 67.8183 -62.4976 951.258
vn -0.202424 0.240455 0.949319
v 68.0494 -62.8534 951.326
vn -0.31784 0.820969 0.474329
v 68.0494 -62.8534 951.326
vn 0.30667 0.920283 0.242968
v 68.1118 -62.5599 951.168
vn -0.314736 0.625147 0.714236
v 68.1118 -62.5599 951.168
vn -0.371974 0.456284 0.808356
v 68.6811 -62.7672 951.6
vn -0.0140863 0.826572 0.562655
v 68.641 -62.9561 951.9
vn -0.682984 -0.540686 0.491113
v 59.8715 -117.548 847.8
vn -0.989263 0.144444 0.0222325
v 60.3632 -115.506 850.2
vn -0.991219 0.127779 -0.0340182
v 60.425 -113.152 852.3
vn -0.704428 -0.530664 0.471355
v 60.3809 -109.989 855.6
vn -0.716846 -0.573284 0.396833
v 61.12 -109.533 859.8
vn -0.824403 0.526646 -0.207374
v 61.7945 -102.009 860.7
vn -0.996779 -0.05301 0.0601735
v 63.1556 -96.4705 872.7
vn -0.865965 0.444329 -0.229514
v 63.3261 -97.7336 871.8
vn -0.992088 -0.0527605 -0.113922
v 63.3261 -97.7336 871.8
vn -0.9953 -0.0260567 0.0932681
v 63.2051 -97.4011 872.7
vn -0.966056 0.0090955 0.258174
v 63.5812 -95.9476 874.8
vn -0.097788 0.915119 -0.391146
v 65.5266 -89.1512 879.6
vn -0.301033 0.896046 -0.326314
v 65.5243 -88.0796 882.3
vn -0.994076 0.0991923 -0.0444364
v 65.2671 -88.3317 885.3
vn -0.677473 0.711881 -0.185082
v 66.5199 -87.364 883.5
vn -0.999559 0.0230209 0.0187473
v 65.4359 -87.4474 887.4
vn -0.730781 -0.439022 0.522703
v 69.3182 -69.8705 943.719
vn -0.710132 0.700851 0.0672307
v 71.5083 -63.8953 952.537
vn -0.710132 0.700851 0.0672307
v 71.5015 -63.9274 952.8
vn -0.710132 0.700851 0.0672307
v 71.5289 -63.8997 952.8
vn -0.37234 0.833712 -0.407783
v 61.7485 -121.321 838.2
vn 0.089481 0.835373 -0.542352
v 61.7485 -121.321 838.2
vn -0.832831 -0.313249 0.456364
v 61.8963 -117.672 851.4
vn -0.400918 -0.867837 0.293467
v 66.8982 -88.4699 890.7
vn -0.873164 -0.45507 0.174631
v 67.9501 -87.8501 893.7
vn -0.950695 -0.307931 -0.036854
v 67.9821 -87.6994 894.3
vn -0.963034 -0.222742 -0.151496
v 67.4836 -87.576 897.3
vn -0.173816 0.844739 0.506166
v 73.4596 -64.8157 953.1
vn -0.422052 -0.505567 0.752512
v 73.6316 -64.96 953.4
vn -0.624436 -0.771627 0.121125
v 73.6316 -64.96 953.4
vn -0.191369 0.930049 0.313667
v 73.6316 -64.96 953.4
vn -0.20038 0.97384 0.107165
v 73.7105 -64.9768 953.7
vn 0.975735 -0.207422 0.0701288
v 73.7105 -64.9768 953.7
vn -0.624436 -0.771627 0.121125
v 73.7204 -65.0319 953.4
vn 0.943503 -0.20057 0.263767
v 73.7204 -65.0319 953.4
vn 0.458184 0.888563 0.0228853
v 73.7204 -65.0319 953.4
vn 0.145929 -0.576442 0.804002
v 73.7204 -65.0319 953.4
vn 0.491402 0.86414 -0.108563
v 73.7404 -64.9376 953.4
vn 0.943503 -0.20057 0.263767
v 73.7404 -64.9376 953.4
vn 0.145929 -0.576442 0.804002
v 73.8999 -65.6305 952.938
vn -0.476716 -0.100059 0.873344
v 73.8999 -65.6305 952.938
vn 0.874871 -0.18598 0.447228
v 73.9997 -65.1605 952.8
vn -0.724511 0.633775 -0.270948
v 62.881 -123.241 834.3
vn -0.291306 0.871227 -0.395101
v 62.6104 -123.038 835.5
vn -0.330135 0.766801 -0.550479
v 62.4039 -122.6 836.4
vn -0.558139 -0.69731 0.449711
v 63.3913 -122.284 850.631
vn -0.895489 -0.314419 0.315025
v 63.9342 -121.172 852.823
vn -0.933345 -0.170522 0.315895
v 64.0565 -119.358 855.6
vn 0.709738 0.551671 -0.4381
v 65.2594 -117.824 844.5
vn -0.24322 0.629386 -0.73805
v 65.2594 -117.824 844.5
vn -0.605095 -0.352858 0.713689
v 67.7351 -99.8975 882.9
vn -0.734779 -0.429856 0.524713
v 71.3218 -82.0877 932.1
vn 0.145929 -0.576442 0.804002
v 74.2747 -65.31 953.1
vn -0.448505 0.0750595 0.890623
v 74.2747 -65.31 953.1
vn 0.419092 0.735009 0.533032
v 74.2747 -65.31 953.1
vn 0.87034 0.482606 0.0979809
v 74.5172 -65.455 953.4
vn 0.87034 0.482606 0.0979809
v 74.5413 -65.4984 953.4
vn 0.87034 0.482606 0.0979809
v 74.5491 -65.4618 953.15
vn -0.489787 -0.271999 0.828327
v 74.9784 -66.1664 953.4
vn -0.648517 0.693102 0.314699
v 74.8148 -65.6548 953.1
vn 0.0178944 0.954381 0.298056
v 74.8148 -65.6548 953.1
vn 0.468795 0.73356 0.492058
v 74.7852 -65.8186 953.4
vn -0.836236 -0.464396 0.291625
v 74.7852 -65.8186 953.4
vn -0.648517 0.693102 0.314699
v 74.7852 -65.8186 953.4
vn -0.648517 0.693102 0.314699
v 74.9039 -65.8439 953.7
vn 0.0178944 0.954381 0.298056
v 74.9039 -65.8439 953.7
vn 0.0112557 0.600311 0.799687
v 74.9039 -65.8439 953.7
vn 0.0112557 0.600311 0.799687
v 75.3861 -65.8529 953.7
vn 0.489149 0.871311 -0.0393676
v 75.3861 -65.8529 953.7
vn 0.0112557 0.600311 0.799687
v 76.185 -66.4229 954.117
vn 0.509938 0.822759 0.25106
v 76.185 -66.4229 954.117
vn 0.237844 -0.0171766 0.971151
v 76.185 -66.4229 954.117
vn -0.958445 0.240261 -0.153813
v 66.3106 -122.291 795
vn -0.943339 0.320294 -0.0867406
v 66.1868 -122.264 795.3
vn -0.948139 0.317049 0.0226137
v 66.9976 -119.983 791.1
vn -0.892689 0.44422 0.0759896
v 67.6699 -116.752 786
vn -0.679298 0.720842 0.137624
v 67.6355 -116.745 786.312
vn -0.899513 0.4231 -0.108916
v 67.6355 -116.745 786.312
vn -0.714932 0.659452 0.232369
v 66.9876 -117.527 787.8
vn -0.919865 -0.176876 -0.350091
v 66.9876 -117.527 787.8
vn -0.801648 0.502308 0.32411
v 67.0985 -118.471 789
vn -0.866777 0.480835 0.132271
v 67.7848 -116.043 784.8
vn -0.36476 -0.681906 0.633999
v 76.3056 -75.9563 946.279
vn -0.727194 -0.274345 0.629225
v 76.7601 -75.7462 946.8
vn -0.721999 -0.231597 0.651982
v 77.4651 -67.6151 953.782
vn 0.237844 -0.0171766 0.971151
v 77.4651 -67.6151 953.782
vn -0.346854 0.801099 0.487784
v 77.4651 -67.6151 953.782
vn 0.237844 -0.0171766 0.971151
v 77.8146 -67.4138 953.7
vn -0.346854 0.801099 0.487784
v 77.8146 -67.4138 953.7
vn -0.840862 -0.4885 0.233064
v 66.4123 -128.271 858.6
vn -0.611651 -0.703586 -0.361731
v 69.1336 -119.797 786.9
vn 0.361864 -0.837573 -0.409298
v 69.1336 -119.797 786.9
vn -0.875247 0.471433 0.10814
v 69.0998 -113.069 780.3
vn -0.424511 -0.841445 0.334307
v 75.7217 -83.032 940.2
vn -0.271341 -0.730553 0.626632
v 77.4008 -75.1324 948
vn -0.346854 0.801099 0.487784
v 78.6569 -67.7798 954.9
vn 0.330046 0.65119 0.683389
v 78.6569 -67.7798 954.9
vn 0.546407 0.827161 -0.131312
v 78.6569 -67.7798 954.9
vn -0.521766 -0.816669 0.246599
v 70.0709 -124.046 871.8
vn 0.291389 0.466056 0.835394
v 76.0384 -95.9704 761.1
vn -0.0469904 0.616278 0.786125
v 78.6743 -89.3412 756.291
vn -0.327248 -0.692349 0.643087
v 80.7712 -75.6787 950.1
vn 0.541482 0.572783 0.6154
v 82.3729 -70.4985 955.35
vn -0.0447524 -0.232122 0.971657
v 82.3729 -70.4985 955.35
vn 0.509188 0.852342 0.119332
v 82.3729 -70.4985 955.35
vn 0.463354 0.569723 0.678763
v 82.6703 -70.5617 955.2
vn 0.569964 0.803282 -0.172854
v 81.0148 -69.2897 955.2
vn 0.231717 0.668722 0.706483
v 81.028 -69.6112 955.5
vn -0.0447524 -0.232122 0.971657
v 81.028 -69.6112 955.5
vn -0.55215 0.670727 0.495233
v 81.3776 -69.4092 955.8
vn -0.55215 0.670727 0.495233
v 81.3862 -69.3687 955.755
vn -0.55215 0.670727 0.495233
v 81.4186 -69.3755 955.8
vn 0.130952 0.679226 0.722152
v 81.6344 -69.7281 955.5
vn 0.591005 0.805494 -0.0434943
v 81.6344 -69.7281 955.5
vn 0.681148 0.561419 0.469943
v 81.6344 -69.7281 955.5
vn 0.581018 0.560937 0.589718
v 82.1918 -70.1533 955.2
vn -0.833522 -0.333948 0.440136
v 71.4206 -124.91 873.245
vn -0.73169 0.5368 0.420089
v 72.2386 -125.391 875.284
vn -0.519357 0.141281 0.842798
v 72.2386 -125.391 875.284
vn -0.698528 0.0889734 0.71003
v 72.532 -125.453 875.475
vn -0.826501 -0.326023 0.458918
v 72.1854 -124.198 876.3
vn -0.676456 0.679462 0.284146
v 76.2758 -109.283 800.7
vn -0.356848 0.861424 0.361398
v 76.2758 -109.283 800.7
vn 0.131675 -0.867418 -0.479841
v 75.8361 -107.023 764.1
vn -0.911063 0.355571 -0.208647
v 80.073 -87.0898 754.5
vn -0.408757 0.571423 0.711613
v 80.073 -87.0898 754.5
vn -0.227514 0.511966 0.828328
v 81.0043 -84.9292 753.3
vn -0.408757 0.571423 0.711613
v 81.0043 -84.9292 753.3
vn -0.408757 0.571423 0.711613
v 80.5594 -86.3682 754.2
vn 0.679387 0.0881931 0.728461
v 80.5594 -86.3682 754.2
vn 0.121634 0.499022 0.858011
v 80.5594 -86.3682 754.2
vn 0.735794 -0.0114677 0.677108
v 81.0148 -85.5449 753.657
vn 0.806148 -0.175794 0.564997
v 81.615 -84.4456 753.3
vn 0.387943 0.449815 0.804467
v 81.615 -84.4456 753.3
vn -0.880179 0.468514 -0.0760196
v 81.7448 -83.5531 752.738
vn 0.387943 0.449815 0.804467
v 81.7448 -83.5531 752.738
vn -0.130905 0.155821 0.979073
v 81.7448 -83.5531 752.738
vn 0.387943 0.449815 0.804467
v 81.9759 -83.909 752.826
vn -0.130905 0.155821 0.979073
v 81.9759 -83.909 752.826
vn -0.796281 0.581839 0.165528
v 82.1806 -82.9458 752.7
vn 0.681319 0.153045 0.715809
v 82.1806 -82.9458 752.7
vn -0.3432 0.881471 0.324381
v 82.1806 -82.9458 752.7
vn -0.51733 0.749174 0.413652
v 82.3629 -82.7644 752.4
vn 0.24646 0.266 0.931934
v 82.3629 -82.7644 752.4
vn 0.343954 0.220219 0.912798
v 82.4565 -83.091 752.468
vn -0.756252 -0.312023 0.575086
v 81.6939 -78.0217 948.069
vn -0.776519 0.178491 0.604284
v 82.835 -71.2101 955.213
vn -0.776519 0.178491 0.604284
v 83.1153 -70.963 955.5
vn 0.42161 0.901703 0.0957975
v 83.1153 -70.963 955.5
vn -0.432534 0.579387 0.690815
v 83.1153 -70.963 955.5
vn 0.459609 0.592202 0.661858
v 83.1933 -70.9676 955.2
vn -0.776519 0.178491 0.604284
v 83.4219 -71.3349 956.004
vn -0.491889 0.39791 0.774411
v 83.4219 -71.3349 956.004
vn 0.544861 0.557145 0.62667
v 84.2004 -71.5003 956.4
vn -0.491889 0.39791 0.774411
v 84.0317 -71.3519 956.4
vn 0.501934 0.570212 0.650323
v 84.0317 -71.3519 956.4
vn 0.586387 0.542644 0.601405
v 84.287 -71.5939 956.4
vn -0.271066 0.740269 0.615244
v 84.287 -71.5939 956.4
vn -0.529873 0.199146 0.824363
v 84.2399 -71.8154 956.646
vn 0.544861 0.557145 0.62667
v 84.2399 -71.8154 956.646
vn -0.261705 0.510305 0.819206
v 84.2399 -71.8154 956.646
vn 0.515759 0.856606 -0.0147691
v 84.5621 -71.7425 956.7
vn -0.954154 0.208615 -0.214639
v 76.5425 -112.811 772.8
vn -0.973168 0.212772 -0.087595
v 76.5167 -112.805 773.1
vn -0.895851 0.415631 0.157169
v 78.2549 -110.073 805.2
vn -0.823097 0.544906 0.159965
v 78.5913 -107.419 800.1
vn -0.663989 -0.340218 0.665861
v 84.4991 -83.5823 945.3
vn 0.343954 0.220219 0.912798
v 83.1242 -81.3927 751.807
vn -0.404908 0.875623 0.263313
v 83.1242 -81.3927 751.807
vn -0.404908 0.875623 0.263313
v 83.308 -81.1251 751.2
vn -0.390624 0.333405 0.858053
v 83.308 -81.1251 751.2
vn 0.437331 0.171801 0.882738
v 83.8358 -80.9306 751.365
vn -0.404908 0.875623 0.263313
v 83.8358 -80.9306 751.365
vn -0.390624 0.333405 0.858053
v 83.8358 -80.9306 751.365
vn 0.702434 0.0030869 0.711743
v 84.7969 -79.2946 750.382
vn 0.654493 0.516086 0.552534
v 84.7969 -79.2946 750.382
vn -0.393318 0.736391 0.550481
v 84.8654 -78.9725 750
vn 0 0 1
v 84.8654 -78.9725 750
vn 0.654493 0.516086 0.552534
v 84.8654 -78.9725 750
vn 0.808652 0.168479 0.563645
v 85.1652 -78.7595 750
vn 0 0 1
v 85.1652 -78.7595 750
vn 0 0 1
v 85.1844 -79.377 750
vn 0.654493 0.516086 0.552534
v 85.1844 -79.377 750
vn -0.390624 0.333405 0.858053
v 83.9728 -80.3463 751.2
vn -0.74892 0.639217 0.174702
v 83.9728 -80.3463 751.2
vn -0.393318 0.736391 0.550481
v 83.9728 -80.3463 751.2
vn 0.741803 -0.472415 0.475974
v 86.9358 -73.922 957.6
vn 0.631205 0.424886 0.648885
v 86.9358 -73.922 957.6
vn 0.741803 -0.472415 0.475974
v 86.9172 -73.649 957.9
vn 0.675117 0.723983 0.141655
v 86.9172 -73.649 957.9
vn -0.22111 0.834802 0.504198
v 86.9172 -73.649 957.9
vn -0.247794 0.377299 0.892325
v 85.1023 -72.0868 957
vn 0.265989 0.645096 0.716311
v 85.1023 -72.0868 957
vn -0.646508 -0.470721 0.600374
v 85.5824 -72.7142 957.387
vn 0.184471 0.0365707 0.982157
v 85.5824 -72.7142 957.387
vn 0.265989 0.645096 0.716311
v 85.5824 -72.7142 957.387
vn -0.46629 0.605933 0.64453
v 85.8134 -73.07 957.357
vn 0.184471 0.0365707 0.982157
v 85.8134 -73.07 957.357
vn 0.184471 0.0365707 0.982157
v 86.0644 -72.8167 957.3
vn 0.638374 0.740302 -0.210787
v 86.0644 -72.8167 957.3
vn 0.265989 0.645096 0.716311
v 86.0644 -72.8167 957.3
vn 0.555574 0.633407 0.53864
v 86.0644 -72.8167 957.3
vn 0.471638 -0.0909091 0.877094
v 86.3379 -73.4882 957.466
vn -0.082482 0.844456 0.529236
v 86.3379 -73.4882 957.466
vn 0.619618 0.779219 -0.0942981
v 86.6738 -73.3511 957.3
vn -0.152176 0.84173 0.51801
v 86.6738 -73.3511 957.3
vn 0.555574 0.633407 0.53864
v 86.6738 -73.3511 957.3
vn -0.46629 0.605933 0.64453
v 86.1069 -73.1324 957.628
vn 0.471638 -0.0909091 0.877094
v 86.1069 -73.1324 957.628
vn 0.555574 0.633407 0.53864
v 86.1069 -73.1324 957.628
vn -0.152176 0.84173 0.51801
v 86.633 -73.5431 957.6
vn -0.0338433 -0.845787 -0.532446
v 77.6637 -124.397 790.837
vn -0.103938 -0.819433 -0.563672
v 80.8783 -107.831 764.1
vn -0.0203935 -0.788042 -0.615284
v 81.5308 -106.204 761.683
vn 0.228516 0.872095 0.432702
v 81.6473 -105.656 799.5
vn -0.319304 -0.63726 -0.701388
v 83.3652 -100.459 755.482
vn -0.634241 -0.0927653 -0.76755
v 84.5622 -87.219 748.2
vn -0.83919 0.131138 -0.527791
v 85.3774 -85.2454 747
vn -0.205292 0.877942 0.432519
v 87.1196 -81.3534 745.8
vn 0.63385 0.553193 0.540566
v 87.1196 -81.3534 745.8
vn 0.226428 0.954645 -0.193348
v 87.1196 -81.3534 745.8
vn 0.63385 0.553193 0.540566
v 87.4144 -81.6912 745.8
vn 0.677968 -0.0149109 0.734941
v 87.462 -81.1855 745.8
vn 0.382957 0.636292 -0.669685
v 85.9523 -81.0737 747.18
vn 0.133657 -0.659126 -0.74006
v 85.9523 -81.0737 747.18
vn 0.651504 0.1824 -0.736392
v 86.0586 -82.0164 746.719
vn -0.812527 0.536656 0.227596
v 86.0586 -82.0164 746.719
vn 0.943734 0.252438 0.21364
v 86.3053 -81.7622 747
vn -0.812527 0.536656 0.227596
v 86.3053 -81.7622 747
vn 0.70084 0.26804 0.661043
v 86.3053 -81.7622 747
vn 0.974061 -0.0680284 -0.215816
v 86.2333 -81.7469 747.3
vn -0.812527 0.536656 0.227596
v 86.4092 -81.4776 746.7
vn 0.682163 0.397729 0.613567
v 86.4092 -81.4776 746.7
vn 0.598694 0.611564 -0.517258
v 86.4092 -81.4776 746.7
vn 0.382957 0.636292 -0.669685
v 86.1833 -81.4295 746.974
vn 0.651504 0.1824 -0.736392
v 86.1833 -81.4295 746.974
vn 0.914502 0.350774 0.201604
v 86.1833 -81.4295 746.974
vn 0.974061 -0.0680284 -0.215816
v 86.1833 -81.4295 746.974
vn 0.133657 -0.659126 -0.74006
v 86.2755 -81.1424 747.3
vn 0.974061 -0.0680284 -0.215816
v 86.2755 -81.1424 747.3
vn 0.796816 -0.15653 0.583595
v 86.2755 -81.1424 747.3
vn 0.923324 -0.304326 -0.234219
v 86.2755 -81.1424 747.3
vn -0.205292 0.877942 0.432519
v 86.4784 -81.799 746.4
vn 0.598694 0.611564 -0.517258
v 86.4784 -81.799 746.4
vn 0.739735 0.109414 0.663944
v 86.7079 -81.8477 746.608
vn 0.59226 0.516894 0.618101
v 86.7079 -81.8477 746.608
vn 0.598694 0.611564 -0.517258
v 86.7079 -81.8477 746.608
vn -0.491414 0.64449 0.585785
v 86.891 -80.9861 746.4
vn -0.491414 0.64449 0.585785
v 86.895 -80.9674 746.383
vn 0.677968 -0.0149109 0.734941
v 87.4641 -81.0884 745.8
vn 0.677968 -0.0149109 0.734941
v 87.4819 -81.0921 745.784
vn -0.703773 -0.38371 0.597889
v 87.9412 -78.9311 745.8
vn 0.493944 -0.59282 -0.636069
v 87.9412 -78.9311 745.8
vn 0.522255 -0.626799 0.57825
v 87.9412 -78.9311 745.8
vn 0.0686653 0.201629 -0.977052
v 86.077 -80.4868 747.096
vn -0.161662 -0.82743 -0.537797
v 86.077 -80.4868 747.096
vn 0.133657 -0.659126 -0.74006
v 86.3081 -80.8427 747.039
vn 0.0686653 0.201629 -0.977052
v 86.3081 -80.8427 747.039
vn 0.923324 -0.304326 -0.234219
v 86.3081 -80.8427 747.039
vn 0.721099 4.39161e-005 -0.692833
v 86.3081 -80.8427 747.039
vn -0.161662 -0.82743 -0.537797
v 86.3705 -80.5492 747.104
vn 0.721099 4.39161e-005 -0.692833
v 86.3705 -80.5492 747.104
vn 0.714486 -0.664993 0.217471
v 86.3705 -80.5492 747.104
vn 0.721099 4.39161e-005 -0.692833
v 86.5589 -80.2826 747.3
vn 0.810995 -0.407526 0.419773
v 86.5589 -80.2826 747.3
vn 0.51466 -0.576646 -0.634511
v 86.7263 -80.3181 746.641
vn -0.161662 -0.82743 -0.537797
v 86.7263 -80.3181 746.641
vn 0.810839 -0.505501 0.294974
v 86.7263 -80.3181 746.641
vn -0.491414 0.64449 0.585785
v 86.911 -80.9708 746.4
vn -0.0584411 0.373478 -0.925796
v 87.405 -78.3155 746.1
vn 0.184576 0.971685 -0.147512
v 87.405 -78.3155 746.1
vn -0.642876 0.56958 -0.512142
v 87.405 -78.3155 746.1
vn -0.703773 -0.38371 0.597889
v 87.821 -78.7106 745.8
vn -0.588978 0.331563 -0.737002
v 87.821 -78.7106 745.8
vn -0.635708 0.357869 0.683963
v 87.821 -78.7106 745.8
vn 0.51466 -0.576646 -0.634511
v 87.6874 -78.6822 745.934
vn -0.0584411 0.373478 -0.925796
v 87.6874 -78.6822 745.934
vn 0.716012 0.116262 -0.688339
v 87.6874 -78.6822 745.934
vn 0.80538 -0.427839 0.410264
v 87.8525 -78.7173 746.1
vn 0.745689 0.247628 0.618569
v 87.8525 -78.7173 746.1
vn 0.716012 0.116262 -0.688339
v 87.8525 -78.7173 746.1
vn -0.635708 0.357869 0.683963
v 87.9752 -78.4367 745.8
vn 0.696224 0.31278 -0.646097
v 87.9752 -78.4367 745.8
vn 0.737513 0.331329 0.588469
v 87.9752 -78.4367 745.8
vn -0.0584411 0.373478 -0.925796
v 87.7498 -78.3888 746.049
vn 0.184576 0.971685 -0.147512
v 87.7498 -78.3888 746.049
vn 0.716012 0.116262 -0.688339
v 87.7498 -78.3888 746.049
vn 0.493944 -0.59282 -0.636069
v 87.9809 -78.7446 745.657
vn -0.588978 0.331563 -0.737002
v 87.9809 -78.7446 745.657
vn 0.696224 0.31278 -0.646097
v 87.9809 -78.7446 745.657
vn 0.522255 -0.626799 0.57825
v 88.1276 -78.7758 745.8
vn 0.696224 0.31278 -0.646097
v 88.1276 -78.7758 745.8
vn 0.737513 0.331329 0.588469
v 88.1276 -78.7758 745.8
vn 0.522255 -0.626799 0.57825
v 87.9809 -78.7446 745.966
vn -0.635708 0.357869 0.683963
v 87.9809 -78.7446 745.966
vn 0.737513 0.331329 0.588469
v 87.9809 -78.7446 745.966
vn 0.0145716 0.700961 -0.713051
v 86.5895 -78.0756 747
vn 0.79701 0.297497 0.525614
v 86.6384 -77.8458 747.265
vn 0.0156717 0.753881 -0.656825
v 86.6384 -77.8458 747.265
vn 0.0133846 0.643861 -0.765025
v 86.8071 -78.4951 746.651
vn -0.642876 0.56958 -0.512142
v 86.8071 -78.4951 746.651
vn 0.184576 0.971685 -0.147512
v 86.8949 -78.082 747
vn 0.0145716 0.700961 -0.713051
v 86.8949 -78.082 747
vn -0.642876 0.56958 -0.512142
v 86.8949 -78.082 747
vn 0.741803 -0.472415 0.475974
v 87.1846 -73.8335 957.3
vn 0.631205 0.424886 0.648885
v 87.1846 -73.8335 957.3
vn -0.114514 -0.679327 0.724846
v 87.5366 -74.3564 957.3
vn 0.78584 0.610632 -0.097901
v 87.5366 -74.3564 957.3
vn 0.881316 -0.0621955 0.468417
v 87.5366 -74.3564 957.3
vn 0.881316 -0.0621955 0.468417
v 87.9439 -75.3631 956.4
vn 0.198716 0.866462 0.457991
v 87.9439 -75.3631 956.4
vn -0.363239 0.0888612 0.927449
v 87.9439 -75.3631 956.4
vn 0.761965 0.494934 0.417672
v 88.1356 -75.0971 957
vn 0.881316 -0.0621955 0.468417
v 88.1119 -75.243 956.1
vn 0.198716 0.866462 0.457991
v 88.1119 -75.243 956.1
vn 0.761965 0.494934 0.417672
v 88.1411 -75.1056 957
vn 0.761965 0.494934 0.417672
v 88.1426 -75.0986 956.989
vn -0.383881 0.256471 0.88705
v 88.3112 -75.7479 956.581
vn -0.856246 -0.372725 0.357658
v 88.7601 -76.15 957
vn -0.383881 0.256471 0.88705
v 88.6325 -75.6796 956.7
vn 0.640407 0.765703 -0.0598099
v 88.6325 -75.6796 956.7
vn -0.973706 -0.162112 0.160053
v 88.6325 -75.6796 956.7
vn 0.531588 0.840787 0.102431
v 88.7583 -75.8429 957.3
vn 0.309408 0.498231 0.809958
v 88.7583 -75.8429 957.3
vn 0.273879 -0.889456 -0.365865
v 76.1413 -137.331 816.3
vn -0.122997 -0.982905 -0.137002
v 76.7544 -135.89 843
vn 0.486795 0.717455 0.498286
v 84.7629 -102.542 792.9
vn -0.932469 0.355785 0.0626073
v 87.7087 -91.5683 771.384
vn -0.899379 0.433725 0.0547678
v 87.3176 -92.4052 774
vn -0.679782 0.731505 -0.0528859
v 88.5483 -89.9065 766.8
vn -0.706684 -0.622879 -0.335589
v 88.5483 -89.9065 766.8
vn -0.859423 0.0782282 -0.505245
v 88.5483 -89.9065 766.8
vn -0.640314 0.7627 -0.09103
v 88.3809 -89.849 767.7
vn -0.743608 0.652224 0.147144
v 87.8431 -90.6767 769.8
vn -0.610241 0.782129 0.126015
v 87.9541 -90.0869 768.3
vn -0.90636 0.316909 0.279427
v 87.712 -90.9555 770.7
vn -0.679187 0.716785 0.157871
v 87.712 -90.9555 770.7
vn -0.425823 0.863084 0.271587
v 87.9702 -91.0104 771.6
vn -0.436016 0.897582 0.0650965
v 89.9187 -81.9168 742.5
vn -0.00113733 0.975208 0.221289
v 87.944 -81.8038 744.542
vn 0.226428 0.954645 -0.193348
v 87.944 -81.8038 744.542
vn 0.669699 0.58448 0.458134
v 88.4223 -81.9055 744.6
vn 0.226428 0.954645 -0.193348
v 88.4223 -81.9055 744.6
vn 0.138554 0.894739 0.424552
v 88.4223 -81.9055 744.6
vn 0.571022 0.579868 0.581109
v 88.8038 -81.6798 744
vn -0.629354 -0.0267611 -0.776658
v 89.6577 -81.5546 742.8
vn -0.052363 0.996399 0.0666933
v 89.6577 -81.5546 742.8
vn 0.705951 0.342684 0.61984
v 88.7618 -77.9905 745.2
vn 0.705951 0.342684 0.61984
v 88.7568 -77.98 745.2
vn 0.705951 0.342684 0.61984
v 88.7549 -77.989 745.207
vn -0.528089 0.524183 0.668097
v 89.2248 -77.2212 744.9
vn -0.528089 0.524183 0.668097
v 89.2354 -77.1711 744.869
vn -0.528089 0.524183 0.668097
v 89.2678 -77.1779 744.9
vn -0.68074 -0.102404 0.725332
v 90.1945 -76.9879 744.3
vn 0.60871 -0.365707 -0.704082
v 90.1945 -76.9879 744.3
vn 0.613218 -0.368416 0.698737
v 90.1945 -76.9879 744.3
vn 0.678059 0.424672 0.599908
v 90.3748 -77.5828 957.3
vn 0.288107 0.871127 0.397658
v 90.3748 -77.5828 957.3
vn 0.596681 0.797437 -0.0898117
v 90.6711 -77.632 957
vn 0.247123 0.747208 0.616936
v 90.6404 -77.7764 957.428
vn 0.05056 0.986943 0.152932
v 90.6404 -77.7764 957.428
vn 0.05056 0.986943 0.152932
v 90.948 -77.7723 957.3
vn -0.650022 -0.0429339 0.758702
v 90.8661 -78.1575 957.6
vn 0.0084573 -0.406554 0.913587
v 90.8661 -78.1575 957.6
vn -0.12732 -0.495434 0.859264
v 90.979 -78.1551 957.6
vn 0.593633 0.523143 0.611492
v 90.979 -78.1551 957.6
vn 0.05056 0.986943 0.152932
v 90.9338 -77.8388 957.734
vn 0.824192 -0.116457 0.554207
v 90.9338 -77.8388 957.734
vn 0.00807978 -0.388406 0.921453
v 90.9338 -77.8388 957.734
vn 0.740661 0.660089 0.125312
v 90.9338 -77.8388 957.734
vn -0.68074 -0.102404 0.725332
v 90.1593 -76.754 744.3
vn -0.398082 0.686966 -0.607954
v 90.1593 -76.754 744.3
vn -0.400274 0.690749 0.602201
v 90.1593 -76.754 744.3
vn 0.60871 -0.365707 -0.704082
v 90.2405 -76.7713 744.227
vn -0.398082 0.686966 -0.607954
v 90.2405 -76.7713 744.227
vn 0.672026 0.444263 -0.592462
v 90.2405 -76.7713 744.227
vn 0.613218 -0.368416 0.698737
v 90.3151 -76.7871 744.3
vn 0.672026 0.444263 -0.592462
v 90.3151 -76.7871 744.3
vn 0.675539 0.446585 0.586693
v 90.3151 -76.7871 744.3
vn -0.400274 0.690749 0.602201
v 90.2561 -76.6979 744.3
vn 0.672026 0.444263 -0.592462
v 90.2561 -76.6979 744.3
vn 0.675539 0.446585 0.586693
v 90.2561 -76.6979 744.3
vn 0.613218 -0.368416 0.698737
v 90.2405 -76.7713 744.374
vn -0.400274 0.690749 0.602201
v 90.2405 -76.7713 744.374
vn 0.675539 0.446585 0.586693
v 90.2405 -76.7713 744.374
vn 0.309408 0.498231 0.809958
v 89.5092 -76.3092 957.3
vn 0.712478 0.518615 0.472666
v 89.5092 -76.3092 957.3
vn 0.697557 0.473196 0.538052
v 89.6537 -76.6466 957.452
vn 0.309408 0.498231 0.809958
v 89.6537 -76.6466 957.452
vn 0.789922 -0.58677 -0.178115
v 78.8588 -137.533 815.87
vn -0.351138 -0.923709 -0.153179
v 79.6001 -136.931 814.5
vn 0.995554 -0.0485485 -0.0807124
v 79.0748 -137.272 816
vn 0.785376 -0.615639 -0.0645983
v 79.171 -137.292 817.2
vn 0.863807 -0.501232 -0.0510363
v 79.0967 -137.89 817.8
vn 0.771734 -0.631734 0.0730691
v 79.1821 -137.455 819.9
vn 0.74511 -0.658998 0.102631
v 79.1956 -137.391 820.5
vn -0.404453 -0.907185 0.115904
v 79.9267 -136.837 820.2
vn -0.871603 0.103135 0.479241
v 83.6319 -122.292 896.981
vn -0.703655 -0.611345 0.362114
v 83.6319 -122.292 896.981
vn -0.848753 -0.0655232 0.524714
v 84.2118 -122.415 897.9
vn 0.726621 0.623077 -0.289477
v 83.4128 -120.436 848.7
vn 0.761507 0.571028 -0.306649
v 83.4816 -120.113 849.568
vn 0.0333038 0.992617 0.116626
v 83.9648 -120.523 849.9
vn -0.783605 -0.369629 0.499337
v 82.8641 -121.575 895.8
vn -0.571983 -0.682133 0.455554
v 82.8641 -121.575 895.8
vn 0.54734 0.693262 0.468835
v 85.6592 -108.425 803.7
vn 0.296538 0.833939 0.465415
v 87.7693 -101.384 789.9
vn -0.704942 -0.705252 -0.0753406
v 88.4847 -92.3466 770.4
vn -0.961614 -0.0769896 -0.263386
v 88.4847 -92.3466 770.4
vn -0.863195 -0.391825 -0.318384
v 88.9633 -89.9947 766.081
vn 0.580458 0.722233 0.376096
v 89.6335 -89.7274 768.3
vn 0.49727 0.789666 0.359376
v 88.7231 -91.1249 772.8
vn 0.832552 0.529989 0.161147
v 91.4164 -87.1113 751.2
vn 0.219097 0.957601 0.187072
v 91.2439 -87.9228 754.8
vn -0.874737 0.479603 0.0693955
v 90.4301 -89.0797 762.3
vn -0.493293 0.845546 0.20424
v 90.4489 -88.777 762.556
vn -0.493293 0.845546 0.20424
v 90.7566 -88.5357 762.3
vn -0.841758 0.505192 0.190327
v 90.7566 -88.5357 762.3
vn 0.183413 0.973673 0.135352
v 90.7566 -88.5357 762.3
vn 0.0233447 0.696783 0.716902
v 90.7566 -88.5357 762.3
vn -0.429629 0.900447 -0.0679304
v 90.5113 -88.4835 763.144
vn 0.406473 0.912642 -0.0431895
v 90.5113 -88.4835 763.144
vn -0.412667 0.831851 -0.371119
v 90.7965 -88.5849 762.6
vn 0.54773 0.545989 0.633946
v 90.7965 -88.5849 762.6
vn 0.183413 0.973673 0.135352
v 90.7965 -88.5849 762.6
vn 0.327842 0.944724 -0.00415363
v 90.7965 -88.5849 762.6
vn 0.836104 0.548563 -0.00297429
v 90.7965 -88.5849 762.6
vn -0.349514 0.92064 -0.173961
v 90.8586 -88.2925 761.7
vn -0.78861 -0.0125187 -0.614766
v 90.8586 -88.2925 761.7
vn -0.204464 0.538571 -0.817395
v 90.8586 -88.2925 761.7
vn -0.349514 0.92064 -0.173961
v 90.8717 -88.2308 762
vn 0.198748 0.735802 0.647376
v 90.8717 -88.2308 762
vn -0.325749 0.647415 -0.689015
v 91.0982 -88.6083 761.432
vn 0.183413 0.973673 0.135352
v 91.0982 -88.6083 762.359
vn -0.265893 0.540156 -0.798456
v 91.1922 -88.1658 761.7
vn 0.662263 0.734672 -0.147187
v 91.1922 -88.1658 761.7
vn 0.474655 0.698102 0.536057
v 91.1922 -88.1658 761.7
vn -0.492526 0.870103 -0.0184173
v 89.8964 -88.6595 764.7
vn -0.0599579 0.925053 0.375075
v 90.2067 -88.4739 765.3
vn 0.636144 0.708915 0.304567
v 90.2067 -88.4739 765.3
vn 0.597941 0.794829 0.103505
v 90.5284 -88.4033 764.1
vn -0.306823 0.88701 0.34507
v 91.8966 -80.8037 740.4
vn 0.650406 0.176995 0.738678
v 92.133 -80.854 740.604
vn -0.0322662 0.641624 0.76634
v 92.133 -80.854 740.604
vn -0.834574 0.477126 -0.275386
v 92.5242 -80.017 739.8
vn -0.0870791 0.488947 0.867956
v 92.6136 -80.036 739.939
vn -0.132871 0.417152 0.899071
v 92.907 -80.0984 740.004
vn 0.582249 0.473695 0.660756
v 90.7348 -81.4769 741.9
vn -0.639631 0.161488 -0.751527
v 90.7348 -81.4769 741.9
vn -0.273571 0.93878 0.209405
v 90.7348 -81.4769 741.9
vn -0.130512 0.859522 0.494154
v 93.1394 -80.1479 954.9
vn 0.890127 -0.391728 -0.232858
v 92.6025 -80.0888 955.8
vn 0.627398 -0.718186 0.300967
v 92.6025 -80.0888 955.8
vn 0.385559 -0.169677 0.906947
v 92.6025 -80.0888 955.8
vn -0.529159 0.829059 -0.180698
v 92.9793 -80.1138 957.3
vn -0.433119 0.678589 0.593233
v 92.9793 -80.1138 957.3
vn -0.838185 0.512635 -0.186152
v 92.676 -79.7426 739.849
vn -0.179352 0.292606 0.939263
v 92.676 -79.7426 739.849
vn -0.490928 0.774503 0.398917
v 92.7282 -79.497 740.1
vn -0.490928 0.774503 0.398917
v 92.7383 -79.4491 740.02
vn -0.490928 0.774503 0.398917
v 92.7872 -79.4595 740.1
vn -0.106351 0.919656 0.378052
v 93.0432 -79.4579 739.2
vn 0.741034 0.596452 -0.308406
v 93.0432 -79.4579 739.2
vn 0.741034 0.596452 -0.308406
v 93.2482 -79.5575 739.5
vn 0.956007 0.212112 0.20263
v 93.2482 -79.5575 739.5
vn -0.219587 0.266179 0.938579
v 93.101 -79.2195 739.8
vn 0.741034 0.596452 -0.308406
v 93.101 -79.2195 739.8
vn 0.949747 0.263402 0.169115
v 93.101 -79.2195 739.8
vn 0.69593 0.0129231 0.717993
v 93.101 -79.2195 739.8
vn 0.824192 -0.116457 0.554207
v 91.1956 -78.0502 957.3
vn -0.30141 -0.782686 0.544568
v 91.8581 -79.2621 957.072
vn 0.315932 -0.562446 0.764095
v 91.8581 -79.2621 957.072
vn -0.387466 -0.628967 0.673996
v 91.9205 -78.9686 957.382
vn 0.214499 -0.730202 0.648687
v 91.9205 -78.9686 957.382
vn 0.315932 -0.562446 0.764095
v 92.5115 -79.401 956.7
vn 0.385559 -0.169677 0.906947
v 92.7481 -79.758 955.8
vn 0.8051 0.5926 0.0252893
v 92.7481 -79.758 955.8
vn 0.627398 -0.718186 0.300967
v 92.8199 -79.7732 956.1
vn 0.796089 0.605085 0.010693
v 92.8199 -79.7732 956.1
vn 0.627398 -0.718186 0.300967
v 92.6761 -79.7427 956.473
vn 0.401015 -0.365584 0.839962
v 92.6761 -79.7427 956.473
vn 0.884037 0.44017 0.157255
v 92.6761 -79.7427 956.473
vn 0.905769 0.40882 -0.111578
v 92.7384 -79.4492 957.277
vn -0.790784 -0.60301 -0.10507
v 92.7384 -79.4492 957.277
vn -0.603947 0.787583 -0.122313
v 92.7384 -79.4492 957.277
vn -0.697246 -0.429315 0.574053
v 92.5308 -78.7917 958.8
vn -0.488368 0.739277 -0.463644
v 92.5308 -78.7917 958.8
vn -0.45363 0.686692 0.568044
v 92.5308 -78.7917 958.8
vn -0.60737 0.792048 0.0613328
v 92.6397 -79.4282 957.9
vn -0.697246 -0.429315 0.574053
v 92.5611 -78.8408 958.8
vn 0.491914 -0.731341 -0.472399
v 92.5611 -78.8408 958.8
vn 0.455733 -0.677551 0.577262
v 92.5611 -78.8408 958.8
vn -0.488368 0.739277 -0.463644
v 92.5697 -78.7999 958.746
vn 0.491914 -0.731341 -0.472399
v 92.5697 -78.7999 958.746
vn 0.741743 0.481803 -0.466566
v 92.5697 -78.7999 958.746
vn 0.455733 -0.677551 0.577262
v 92.6093 -78.8084 958.8
vn 0.741743 0.481803 -0.466566
v 92.6093 -78.8084 958.8
vn 0.688386 0.447144 0.571128
v 92.6093 -78.8084 958.8
vn -0.45363 0.686692 0.568044
v 92.5782 -78.7604 958.8
vn 0.741743 0.481803 -0.466566
v 92.5782 -78.7604 958.8
vn 0.688386 0.447144 0.571128
v 92.5782 -78.7604 958.8
vn -0.45363 0.686692 0.568044
v 92.5697 -78.7999 958.841
vn 0.455733 -0.677551 0.577262
v 92.5697 -78.7999 958.841
vn 0.688386 0.447144 0.571128
v 92.5697 -78.7999 958.841
vn -0.793837 -0.605338 0.0582085
v 92.7204 -79.534 957.9
vn 0.910019 0.410738 0.0562151
v 92.8233 -79.4672 957.9
vn -0.60737 0.792048 0.0613328
v 92.763 -79.3337 957.9
vn -0.590291 0.769774 0.242908
v 92.739 -79.4468 958.2
vn 0.888628 0.401083 0.222424
v 92.739 -79.4468 958.2
vn 0.532962 -0.820752 0.205711
v 92.739 -79.4468 958.2
vn -0.000220367 -0.981698 -0.190446
v 81.1 -137.089 814.985
vn 0.9354 -0.278949 -0.21729
v 81.4508 -137.164 815.4
vn 0.626341 -0.478166 -0.615674
v 81.4508 -137.164 815.4
vn 0.889209 -0.454531 -0.0520469
v 81.6727 -137.517 817.8
vn 0.539489 -0.839729 -0.0616945
v 81.7396 -137.225 817.2
vn -0.229681 -0.972374 -0.0416655
v 82.3971 -136.758 816.6
vn 0.817095 -0.573091 0.06263
v 81.6211 -137.523 818.4
vn -0.713412 -0.436212 0.548418
v 84.2829 -131.325 882.9
vn -0.641308 -0.593829 0.485893
v 84.5975 -131.085 883.5
vn 0.832621 0.553545 -0.0181692
v 86.0948 -120.805 844.8
vn 0.354901 0.925003 0.135699
v 86.0948 -120.805 844.8
vn 0.752283 0.655574 0.0655201
v 86.1027 -120.768 846.3
vn 0.211333 0.906711 0.364983
v 86.4887 -121.838 849
vn 0.254634 0.938252 0.23419
v 86.5754 -121.43 847.8
vn 0.996847 0.0305966 -0.0732059
v 86.3866 -121.344 849.9
vn 0.992061 0.1181 0.0432036
v 86.3688 -122.402 853.2
vn 0.514814 0.796971 0.315918
v 87.2995 -118.023 822.9
vn 0.510758 0.788 0.343776
v 87.2084 -118.452 824.13
vn -0.0420132 0.90166 0.430401
v 86.7529 -116.266 818.7
vn -0.25454 -0.636065 -0.728444
v 91.6227 -89.0265 743.103
vn 0.418343 -0.656798 -0.627381
v 92.1656 -87.9151 741.734
vn 0.998019 -0.0613826 -0.0137581
v 92.5815 -87.3901 741.6
vn 0.997372 -0.0672219 -0.027023
v 92.4751 -89.5143 752.7
vn 0.858771 0.511991 -0.0194168
v 92.4751 -89.5143 752.7
vn 0.858785 0.511634 0.0267993
v 91.5549 -87.9027 754.5
vn 0.855344 0.51803 -0.00559575
v 92.5393 -89.528 754.5
vn 0.3827 0.845764 -0.371785
v 91.659 -88.8558 760.2
vn -0.156626 0.971148 0.179831
v 91.9644 -88.8621 760.5
vn 0.3827 0.845764 -0.371785
v 91.9644 -88.8621 760.5
vn 0.453994 0.875878 -0.163486
v 91.4389 -88.4483 761.4
vn 0.74385 0.584983 0.323237
v 91.4496 -88.3978 761.7
vn -0.769107 0.0720685 -0.635044
v 91.7101 -88.6152 760.8
vn 0.3827 0.845764 -0.371785
v 91.7101 -88.6152 760.8
vn -0.418481 0.808358 -0.414042
v 91.7101 -88.6152 760.8
vn 0.216859 0.961394 -0.169391
v 91.7101 -88.6152 760.8
vn 0.721033 0.691645 0.0416938
v 91.7101 -88.6152 760.8
vn 0.2911 -0.63633 -0.714384
v 92.3678 -85.5212 739.8
vn 0.104284 -0.728414 -0.677155
v 92.4959 -84.9183 739.286
vn 0.98259 -0.182911 0.0325718
v 92.7075 -85.3658 739.8
vn 0.659026 -0.638302 -0.397813
v 92.7075 -85.3658 739.8
vn 0.451966 0.767236 0.455056
v 92.2011 -85.469 745.8
vn 0.98195 -0.109461 0.154249
v 92.3111 -85.7991 745.8
vn 0.986924 -0.0289908 0.158556
v 92.4336 -85.2117 745.242
vn 0.834363 0.278012 0.475971
v 92.4336 -85.2117 745.242
vn 0.895168 0.353854 0.271039
v 92.0008 -85.8047 746.7
vn -0.0956494 -0.769891 -0.630967
v 93.0389 -83.8068 737.848
vn 0.659026 -0.638302 -0.397813
v 93.0389 -83.8068 737.848
vn 0.0808642 -0.520679 -0.849915
v 93.0389 -83.8068 737.848
vn 0.0842877 -0.542723 -0.835672
v 93.1995 -83.0512 737.4
vn 0.978015 -0.193079 0.0787836
v 93.5538 -82.9962 737.4
vn 0.0842877 -0.542723 -0.835672
v 93.5538 -82.9962 737.4
vn 0.70962 0.4545 0.538395
v 93.226 -82.9265 740.165
vn 0.130704 0.904151 0.406726
v 92.7722 -83.6184 741.6
vn -0.0596961 0.993873 0.0930162
v 93.7576 -80.2792 736.5
vn -0.160159 0.342085 0.925919
v 93.7576 -80.2792 736.5
vn -0.647627 0.648045 0.40077
v 93.7576 -80.2792 736.5
vn 0.0876522 -0.564386 -0.820844
v 94.0184 -80.6413 735.83
vn 0.909159 -0.407912 0.083894
v 94.0184 -80.6413 735.83
vn 0.544141 -0.697378 -0.46645
v 94.0184 -80.6413 735.83
vn 0.944471 -0.0962278 0.314189
v 94.0808 -80.3479 736.581
vn 0.18501 0.978481 0.0913598
v 94.0808 -80.3479 736.581
vn -0.160159 0.342085 0.925919
v 94.0808 -80.3479 736.581
vn -0.876414 -0.354449 0.325982
v 94.387 -80.3505 735.3
vn 0.268345 -0.48858 -0.830229
v 94.387 -80.3505 735.3
vn 0.868733 -0.465448 0.169297
v 94.387 -80.3505 735.3
vn 0.544141 -0.697378 -0.46645
v 94.4254 -80.1696 735.6
vn 0.914524 -0.278338 0.293555
v 94.4254 -80.1696 735.6
vn 0.78546 -0.595787 0.167601
v 94.4254 -80.1696 735.6
vn 0.00482569 0.575746 -0.817615
v 93.4315 -80.5166 737.93
vn -0.300813 0.949514 0.0890803
v 93.4315 -80.5166 737.93
vn -0.0596961 0.993873 0.0930162
v 93.7589 -80.4195 738
vn 0.968753 0.117652 0.218345
v 93.7589 -80.4195 738
vn 0.96428 0.190068 0.184494
v 93.429 -80.2093 739.5
vn 0.98059 -0.00494766 0.196006
v 93.5447 -81.4608 739.2
vn 0.385559 -0.169677 0.906947
v 93.1297 -80.4943 955.5
vn 0.899193 0.372446 0.229644
v 93.1297 -80.4943 955.5
vn -0.344894 0.477074 0.808362
v 93.1297 -80.4943 955.5
vn -0.130512 0.859522 0.494154
v 93.1297 -80.4943 955.5
vn -0.859177 0.297978 -0.415962
v 93.2184 -80.4713 956.4
vn -0.546181 0.773949 -0.320451
v 93.2184 -80.4713 956.4
vn -0.187841 0.610446 -0.769462
v 93.2184 -80.4713 956.4
vn -0.529159 0.829059 -0.180698
v 93.2147 -80.0944 956.7
vn -0.187841 0.610446 -0.769462
v 93.2147 -80.0944 956.7
vn 0.300371 0.923763 -0.23757
v 93.2147 -80.0944 956.7
vn 0.363048 0.930871 -0.0409431
v 93.2469 -79.9431 957.3
vn -0.433119 0.678589 0.593233
v 93.2469 -79.9431 957.3
vn -0.344894 0.477074 0.808362
v 93.3899 -80.8145 955.8
vn -0.859177 0.297978 -0.415962
v 93.3899 -80.8145 955.8
vn -0.296258 0.409798 -0.862726
v 93.3899 -80.8145 955.8
vn -0.130512 0.859522 0.494154
v 93.7178 -80.5775 955.8
vn -0.296258 0.409798 -0.862726
v 93.7178 -80.5775 955.8
vn 0.641909 0.753913 -0.139888
v 93.7178 -80.5775 955.8
vn -0.00335504 0.899143 -0.437643
v 93.7178 -80.5775 955.8
vn -0.546181 0.773949 -0.320451
v 93.4316 -80.5167 955.927
vn -0.296258 0.409798 -0.862726
v 93.4316 -80.5167 955.927
vn -0.00335504 0.899143 -0.437643
v 93.4316 -80.5167 955.927
vn -0.187841 0.610446 -0.769462
v 93.494 -80.2232 956.53
vn 0.563987 0.804084 -0.188064
v 93.494 -80.2232 956.53
vn -0.00335504 0.899143 -0.437643
v 93.494 -80.2232 956.53
vn 0.28403 0.630111 0.722695
v 94.4807 -81.353 957.448
vn 0.168746 -0.156901 0.973091
v 94.4807 -81.353 957.448
vn 0.28403 0.630111 0.722695
v 95.0676 -81.4778 957.326
vn 0.168746 -0.156901 0.973091
v 95.0676 -81.4778 957.326
vn -0.703324 -0.231559 0.672098
v 93.494 -80.2232 957.801
vn -0.433119 0.678589 0.593233
v 93.494 -80.2232 957.801
vn 0.168746 -0.156901 0.973091
v 93.494 -80.2232 957.801
vn -0.266084 -0.491625 0.829159
v 93.494 -80.2232 957.801
vn -0.605476 0.676553 0.419135
v 94.2106 -79.4554 735.9
vn -0.426847 0.897345 -0.112131
v 94.2106 -79.4554 735.9
vn -0.876414 -0.354449 0.325982
v 94.2789 -80.0833 735.3
vn 0.544141 -0.697378 -0.46645
v 94.2789 -80.0833 735.3
vn -0.160159 0.342085 0.925919
v 94.2056 -79.761 736.386
vn -0.605476 0.676553 0.419135
v 94.2056 -79.761 736.386
vn -0.813942 0.563101 0.142885
v 94.3195 -79.4785 735.3
vn -0.426847 0.897345 -0.112131
v 94.3195 -79.4785 735.3
vn 0.218275 -0.608377 -0.763042
v 94.5614 -79.5299 734.873
vn -0.67001 0.512458 -0.537098
v 94.8828 -79.2915 734.7
vn 0.69403 0.696138 -0.183612
v 94.8828 -79.2915 734.7
vn 0.858113 -0.403625 -0.317378
v 94.8828 -79.2915 734.7
vn -0.813942 0.563101 0.142885
v 94.6237 -79.2365 736.079
vn -0.426847 0.897345 -0.112131
v 94.6237 -79.2365 736.079
vn 0.841386 -0.43464 0.321182
v 94.6237 -79.2365 736.079
vn 0.836995 0.489562 0.244476
v 94.6237 -79.2365 736.079
vn -0.813942 0.563101 0.142885
v 94.6861 -78.943 735.278
vn 0.790236 0.611997 0.0314149
v 94.6861 -78.943 735.278
vn 0.865191 -0.401308 0.300659
v 94.8569 -79.5825 735
vn 0.858113 -0.403625 -0.317378
v 94.8569 -79.5825 735
vn 0.8588 -0.403948 0.315102
v 94.9837 -79.313 735
vn 0.858113 -0.403625 -0.317378
v 94.9837 -79.313 735
vn 0.189348 0.626959 -0.755691
v 93.3252 -79.5739 738.593
vn -0.666483 0.611506 -0.426452
v 93.3845 -79.2951 738.9
vn -0.106351 0.919656 0.378052
v 93.3845 -79.2951 738.9
vn 0.958364 0.107305 0.264621
v 93.3845 -79.2951 738.9
vn -0.44109 -0.897237 0.0201375
v 85.5733 -137.688 837.3
vn 0.307978 -0.944841 -0.111471
v 85.432 -138.352 847.8
vn 0.407856 0.849196 0.33544
v 86.6593 -122.478 850.2
vn 0.850755 0.46548 -0.244015
v 86.9638 -122.488 859.8
vn -0.833959 0.113663 0.539994
v 87.6301 -121.302 903.6
vn -0.634699 0.675048 0.376122
v 88.0512 -118.815 824.1
vn -0.557645 -0.661761 0.501103
v 88.8147 -119.553 906.3
vn -0.636225 0.673856 0.375681
v 88.2288 -117.98 822.9
vn 0.995026 0.0996188 -0.000455218
v 90.8351 -113.395 791.7
vn -0.745516 -0.42136 0.516394
v 96.5164 -83.3193 957.119
vn -0.438282 -0.163786 0.883789
v 96.5164 -83.3193 957.119
vn 0.669339 -0.723294 -0.169795
v 96.5164 -83.3193 957.119
vn -0.0239082 -0.866347 0.498871
v 96.5164 -83.3193 957.119
vn 0.283502 0.167425 0.944243
v 96.5164 -83.3193 957.119
vn -0.30741 0.951113 0.0297326
v 96.5164 -83.3193 957.119
vn -0.0239082 -0.866347 0.498871
v 96.5384 -83.2155 957.3
vn 0.399736 -0.913789 -0.0721125
v 96.5384 -83.2155 957.3
vn 0.283502 0.167425 0.944243
v 96.8465 -83.2088 957
vn -0.30741 0.951113 0.0297326
v 96.8465 -83.2088 957
vn -0.662627 -0.247624 -0.70683
v 96.8444 -83.2189 957.3
vn -0.30741 0.951113 0.0297326
v 96.8444 -83.2189 957.3
vn -0.438295 0.807842 -0.394068
v 96.8444 -83.2189 957.3
vn 0.746534 0.633608 -0.203045
v 96.8444 -83.2189 957.3
vn -0.662627 -0.247624 -0.70683
v 96.5329 -83.2416 957.6
vn 0.399736 -0.913789 -0.0721125
v 96.5329 -83.2416 957.6
vn -0.438295 0.807842 -0.394068
v 96.5329 -83.2416 957.6
vn -0.502581 -0.648857 0.571311
v 96.5377 -83.219 957.9
vn -0.321118 -0.914725 0.24528
v 96.5377 -83.219 957.9
vn 0.17637 -0.979741 -0.0948769
v 96.5377 -83.219 957.9
vn 0.17637 -0.979741 -0.0948769
v 97.1562 -83.1948 958.8
vn 0.0836726 -0.0177814 0.996335
v 97.1562 -83.1948 958.8
vn 0.971507 -0.206456 0.116404
v 97.1562 -83.1948 958.8
vn 0.28403 0.630111 0.722695
v 95.2986 -81.8336 957.545
vn 0.72461 0.534354 0.435209
v 95.2986 -81.8336 957.545
vn 0.710606 0.411247 0.570889
v 96.2853 -82.9634 957.131
vn 0.0850979 -0.276639 0.957199
v 96.2853 -82.9634 957.131
vn -0.433805 0.691778 0.577283
v 96.2853 -82.9634 957.131
vn -0.174661 0.984522 -0.0144782
v 96.2853 -82.9634 957.131
vn -0.433805 0.691778 0.577283
v 96.4533 -82.9992 957.3
vn -0.609239 0.785064 -0.111816
v 96.4533 -82.9992 957.3
vn -0.174661 0.984522 -0.0144782
v 96.6026 -82.9135 956.7
vn 0.669339 -0.723294 -0.169795
v 96.7614 -83.0646 957
vn 0.283502 0.167425 0.944243
v 96.7614 -83.0646 957
vn -0.174661 0.984522 -0.0144782
v 96.6046 -82.9043 957.3
vn 0.616653 0.782134 -0.0894728
v 96.6046 -82.9043 957.3
vn -0.525697 0.838317 -0.144456
v 96.6046 -82.9043 957.3
vn -0.0239082 -0.866347 0.498871
v 96.8722 -83.0882 957.537
vn 0.399736 -0.913789 -0.0721125
v 96.8722 -83.0882 957.537
vn -0.438295 0.807842 -0.394068
v 96.8722 -83.0882 957.537
vn 0.694399 0.69915 -0.170293
v 96.8722 -83.0882 957.537
vn -0.686152 0.723269 -0.0779595
v 96.3976 -82.9873 957.9
vn -0.854914 0.268032 0.444164
v 96.3976 -82.9873 957.9
vn -0.854914 0.268032 0.444164
v 96.6339 -82.7308 958.2
vn 0.650601 0.741133 -0.16565
v 96.6339 -82.7308 958.2
vn 0.544255 0.623868 0.56087
v 96.6339 -82.7308 958.2
vn -0.854914 0.268032 0.444164
v 96.6899 -83.0494 958.5
vn -0.31299 0.934798 0.167901
v 96.6899 -83.0494 958.5
vn 0.544255 0.623868 0.56087
v 96.6899 -83.0494 958.5
vn -0.317022 0.94684 0.0546969
v 96.899 -82.9621 958.2
vn 0.544255 0.623868 0.56087
v 96.899 -82.9621 958.2
vn -0.321118 -0.914725 0.24528
v 96.8722 -83.0882 958.826
vn -0.129235 0.944388 0.302374
v 96.8722 -83.0882 958.826
vn 0.0836726 -0.0177814 0.996335
v 96.8722 -83.0882 958.826
vn 0.68441 0.0759756 0.725128
v 97.1726 -83.152 958.2
vn 0.0980024 -0.398183 0.912056
v 97.1726 -83.152 958.2
vn -0.483709 -0.638187 0.598951
v 97.2 -83.1579 958.5
vn 0.17637 -0.979741 -0.0948769
v 97.2 -83.1579 958.5
vn 0.971507 -0.206456 0.116404
v 97.2 -83.1579 958.5
vn 0.0836726 -0.0177814 0.996335
v 97.1772 -83.0959 958.8
vn 0.971507 -0.206456 0.116404
v 97.1772 -83.0959 958.8
vn -0.267969 -0.963408 0.00613799
v 87.606 -138.225 843.6
vn -0.585728 -0.804078 0.101889
v 87.2609 -138.406 852
vn -0.505039 -0.779035 0.371536
v 88.7638 -132.778 888
vn 0.890861 0.44255 0.102552
v 89.9729 -121.318 842.7
vn 0.144846 0.826013 0.544722
v 89.5384 -121.919 846.9
vn 0.890767 0.452611 0.0409481
v 89.6687 -121.306 844.8
vn -0.0466145 0.959629 0.277379
v 89.6687 -121.306 844.8
vn 0.91963 0.24882 0.303924
v 89.8295 -121.993 846.9
vn 0.957759 0.281168 0.0603556
v 89.8855 -121.729 846.3
vn 0.368471 0.871952 0.322378
v 90.0436 -122.428 846.211
vn 0.405422 0.884273 0.231722
v 90.6791 -122.324 846
vn 0.175704 0.703658 0.688472
v 89.4767 -122.21 847.2
vn 0.843576 0.403432 0.354433
v 89.7502 -122.366 847.268
vn 0.185642 0.894649 0.406374
v 90.15 -123.371 848.243
vn 0.835388 0.50321 0.221149
v 90.15 -123.371 848.243
vn -0.665997 -0.510559 0.543854
v 89.6 -120.187 906.336
vn -0.0512509 -0.959664 0.27644
v 90.7922 -118.907 909.022
vn -0.778121 -0.493308 0.388811
v 90.885 -114.141 916.2
vn -0.438282 -0.163786 0.883789
v 97.2354 -84.2652 957.3
vn -0.662627 -0.247624 -0.70683
v 97.2354 -84.2652 957.3
vn -0.815395 -0.57615 0.0564163
v 97.2354 -84.2652 957.3
vn 0.892555 0.445012 -0.072876
v 97.7965 -84.5115 957.539
vn 0.0980024 -0.398183 0.912056
v 97.7965 -84.5115 957.539
vn -0.316098 -0.702369 0.637777
v 98.3235 -84.9302 957.3
vn 0.0980024 -0.398183 0.912056
v 98.3235 -84.9302 957.3
vn 0.477449 -0.159322 0.864094
v 98.7831 -85.6413 956.777
vn 0.554071 -0.0815833 0.828462
v 99.0095 -85.3827 956.7
vn 0.792687 0.186435 0.580421
v 99.0095 -85.3827 956.7
vn -0.620964 -0.78178 0.0567787
v 88.9602 -139.069 857.7
vn -0.0161684 -0.990221 -0.138567
v 89.4798 -139.51 860.4
vn -0.312079 -0.875718 0.368407
v 90.84 -127.339 897.9
vn 0.473451 0.834158 0.282887
v 92.0194 -124.676 851.1
vn 0.501732 0.828866 0.247479
v 91.4022 -123.251 848.7
vn 0.11903 0.858897 0.498124
v 94.0947 -120.685 825.6
vn -0.828804 -0.260553 0.495173
v 93.7011 -116.765 916.567
vn -0.749871 -0.495722 0.438125
v 93.6849 -115.398 917.7
vn -0.227673 -0.923239 0.309508
v 95.3739 -114.667 921.324
vn 0.412578 -0.00968847 0.910871
v 99.7698 -86.7711 956.365
vn 0.775523 0.609292 0.165313
v 100.351 -86.923 956.1
vn 0.745926 0.391692 0.538676
v 99.3076 -86.0595 956.51
vn 0.401928 -0.0787949 0.912275
v 99.3076 -86.0595 956.51
vn 0.433964 0.0989469 0.89548
v 99.3076 -86.0595 956.51
vn 0.390805 0.882693 0.261007
v 93.7782 -126.502 853.8
vn -0.746636 -0.476926 0.463763
v 93.884 -126.005 903.591
vn -0.369217 -0.845331 0.386127
v 95.5122 -121.23 912
vn -0.366231 -0.831412 0.417885
v 96.4632 -113.87 924.3
vn 0.452397 -0.0748443 0.888671
v 101.912 -89.68 955.085
vn 0.819024 0.572138 -0.0430978
v 102.738 -90.1206 954.6
vn -0.326191 -0.837782 0.437859
v 99.42 -112.946 928.5
vn -0.609304 -0.44418 0.656851
v 103.641 -95.2616 951.3
vn 0.563142 0.00542636 0.826342
v 104.685 -93.9498 953.262
vn -0.014189 -0.439932 0.897919
v 104.685 -93.9498 953.262
vn -0.878614 -0.183007 0.441073
v 98.2559 -134.295 895.498
vn 0.842948 0.53497 -0.0569788
v 105.297 -93.9531 952.8
vn 0.274123 -0.941468 -0.1962
v 99.5456 -141.213 861
vn -0.358922 -0.932743 0.0341248
v 98.9266 -141.24 875.7
vn 0.189988 -0.970376 -0.149248
v 98.8583 -141.561 880.2
vn -0.695783 0.0312282 0.717573
v 98.8683 -137.185 893.339
vn -0.760155 0.142869 0.63384
v 99.9797 -137.728 894.44
vn -0.831612 -0.039283 0.553965
v 100.49 -136.917 894.9
vn -0.841519 -0.318006 0.436713
v 99.3263 -133.602 898.8
vn 0.0957706 -0.498003 0.861871
v 107.994 -100.023 950.1
vn 0.751968 -0.205055 0.626496
v 108.38 -99.9492 950.1
vn 0.954359 0.218001 0.204144
v 108.382 -99.6429 950.226
vn 0.00645203 -0.465174 0.885196
v 106.933 -97.8015 951.41
vn 0.156652 -0.463345 0.872222
v 107.592 -99.0283 950.7
vn 0.592226 0.375718 0.712814
v 107.959 -98.633 950.7
vn 0.707794 0.275144 0.650633
v 107.689 -98.5755 950.894
vn -0.0439866 -0.303238 0.951899
v 107.689 -98.5755 950.894
vn 0.214847 -0.370566 0.903616
v 108.229 -98.9971 950.7
vn 0.774863 -0.244847 0.582784
v 108.229 -98.9971 950.7
vn 0.584881 0.433651 0.685464
v 108.229 -98.9971 950.7
vn 0.913617 0.253369 0.317974
v 107.289 -97.5704 951.529
vn 0.601174 0.050734 0.797506
v 107.289 -97.5704 951.529
vn -0.705019 -0.493565 0.509256
v 100.916 -137.62 895.8
vn 0.884673 -0.376394 -0.2751
v 101.834 -134.135 855.3
vn -0.56358 -0.739668 0.367789
v 102.09 -133.574 903
vn -0.556994 -0.705136 0.438795
v 103.042 -133.42 904.8
vn 0.502494 0.851287 -0.151031
v 102.396 -129.244 877.8
vn 0.347191 -0.803379 0.483778
v 109.365 -103.674 946.2
vn 0.979475 0.0937727 0.178425
v 109.737 -103.305 946.5
vn 0.406759 -0.786725 0.464339
v 109.737 -103.305 946.5
vn -0.368907 0.370331 0.852504
v 109.918 -104.57 946.2
vn 0.936251 -0.0417209 0.348845
v 109.856 -104.25 946.066
vn -0.312627 0.313834 0.896534
v 109.856 -104.25 946.066
vn 0.488609 0.27019 0.829614
v 109.856 -104.25 946.066
vn 0.220152 0.9512 0.21622
v 109.856 -104.25 946.066
vn 0.488609 0.27019 0.829614
v 109.935 -103.881 945.9
vn 0.304604 -0.783472 0.541653
v 110.018 -103.364 948.3
vn 0.304604 -0.783472 0.541653
v 110.043 -103.37 948.278
vn 0.304604 -0.783472 0.541653
v 110.047 -103.353 948.3
vn -0.461176 -0.869831 0.175247
v 109.245 -102.795 947.7
vn 0.306067 -0.873457 -0.378677
v 109.245 -102.795 947.7
vn 0.347191 -0.803379 0.483778
v 109.577 -102.679 947.7
vn 0.306067 -0.873457 -0.378677
v 109.577 -102.679 947.7
vn 0.934483 -0.344463 -0.0899247
v 109.577 -102.679 947.7
vn 0.079368 -0.41271 0.907398
v 108.488 -100.588 949.8
vn 0.596174 -0.347554 0.723728
v 108.488 -100.588 949.8
vn 0.477335 -0.264885 0.837847
v 108.991 -101.613 948.9
vn 0.904752 0.425381 0.0217886
v 109.143 -101.338 948.9
vn -0.143302 -0.601258 0.7861
v 108.95 -101.297 949.048
vn 0.934483 -0.344463 -0.0899247
v 109.533 -102.955 948.3
vn -0.378163 -0.923521 -0.064049
v 109.533 -102.955 948.3
vn -0.433385 -0.537731 0.723203
v 109.533 -102.955 948.3
vn 0.766093 -0.0724681 0.638631
v 109.533 -102.955 948.3
vn 0.934483 -0.344463 -0.0899247
v 109.611 -102.665 948
vn 0.762044 -0.187066 0.619915
v 108.622 -99.9547 949.8
vn 0.909842 0.259235 0.324015
v 108.622 -99.9547 949.8
vn 0.225774 -0.963048 -0.146851
v 103.142 -141.609 887.1
vn -0.233022 -0.967984 0.0933144
v 103.142 -141.609 887.1
vn -0.247815 -0.0571813 0.967118
v 110.531 -106.847 945.152
vn -0.124939 -0.0288286 0.991746
v 111.062 -106.653 945.3
vn 0.893551 0.328015 0.30655
v 111.062 -106.653 945.3
vn -0.118459 -0.181938 0.976148
v 111.286 -107.624 945.3
vn -0.0217184 -0.319023 0.947498
v 111.636 -107.696 945.3
vn 0.923609 0.0137246 0.38309
v 111.636 -107.696 945.3
vn 0.220152 0.9512 0.21622
v 110.142 -104.347 946.2
vn 0.693872 0.696498 0.182843
v 110.142 -104.347 946.2
vn 0.488609 0.27019 0.829614
v 110.156 -104.282 945.9
vn 0.220152 0.9512 0.21622
v 110.156 -104.282 945.9
vn 0.297195 -0.331008 0.895605
v 110.256 -105.255 946.038
vn -0.221932 -0.551726 0.803956
v 110.344 -104.967 946.2
vn 0.62697 -0.195023 0.754238
v 110.344 -104.967 946.2
vn 0.943522 -0.293488 0.153723
v 110.344 -104.967 946.2
vn 0.62697 -0.195023 0.754238
v 110.433 -104.68 946.2
vn 0.943522 -0.293488 0.153723
v 110.433 -104.68 946.2
vn -0.422126 0.423755 0.8014
v 110.387 -104.67 946.5
vn 0.738706 0.659045 0.141327
v 110.387 -104.67 946.5
vn 0.943522 -0.293488 0.153723
v 110.387 -104.67 946.5
vn 0.355626 -0.11721 0.92725
v 110.498 -105.613 945.9
vn 0.881009 0.243591 0.40557
v 110.498 -105.613 945.9
vn 0.850478 -0.280308 0.4451
v 110.498 -105.613 945.9
vn 0.930927 -0.0813246 0.356035
v 110.593 -105.327 945.9
vn 0.62697 -0.195023 0.754238
v 110.593 -105.327 945.9
vn -0.844278 -0.275944 0.459401
v 111.471 -119.739 932.7
vn 0.251961 -0.754934 0.605467
v 112.446 -112.265 941.7
vn 0.998639 -0.0450156 0.0263474
v 112.659 -112.207 941.7
vn 0.995904 -0.0563518 -0.0707123
v 112.751 -111.92 942
vn -0.511067 -0.773698 0.374435
v 112.536 -111.874 942.3
vn -0.154989 0.832762 -0.531494
v 112.536 -111.874 942.3
vn -0.173837 0.934036 0.312021
v 112.536 -111.874 942.3
vn 0.354237 -0.773253 0.525924
v 112.753 -111.613 942.6
vn 0.364111 -0.787271 0.497621
v 112.624 -111.43 942.9
vn 0.478651 -0.749918 0.456636
v 112.801 -111.317 942.9
vn 0.889157 -0.198502 0.412308
v 112.801 -111.317 942.9
vn 0.236264 -0.678395 0.695672
v 112.574 -113.109 940.834
vn -0.0457494 0.548756 0.83473
v 112.574 -113.109 940.834
vn -0.511067 -0.773698 0.374435
v 112.799 -112.048 942.3
vn 0.551807 -0.737227 -0.389878
v 112.799 -112.048 942.3
vn 0.576172 -0.769779 0.274713
v 112.799 -112.048 942.3
vn -0.154989 0.832762 -0.531494
v 112.823 -111.935 942.121
vn 0.551807 -0.737227 -0.389878
v 112.823 -111.935 942.121
vn 0.812938 0.425498 -0.397596
v 112.823 -111.935 942.121
vn 0.576172 -0.769779 0.274713
v 112.922 -111.956 942.3
vn 0.812938 0.425498 -0.397596
v 112.922 -111.956 942.3
vn 0.864034 0.452242 0.221186
v 112.922 -111.956 942.3
vn -0.173837 0.934036 0.312021
v 112.848 -111.816 942.3
vn 0.812938 0.425498 -0.397596
v 112.848 -111.816 942.3
vn 0.864034 0.452242 0.221186
v 112.848 -111.816 942.3
vn -0.173837 0.934036 0.312021
v 112.826 -111.92 942.6
vn 0.576172 -0.769779 0.274713
v 112.826 -111.92 942.6
vn 0.864034 0.452242 0.221186
v 112.826 -111.92 942.6
vn 0.972544 0.207658 0.105049
v 113.032 -113.513 940.8
vn 0.0253354 -0.519 0.854399
v 112.805 -113.465 941.08
vn 0.781343 0.0837204 0.618461
v 112.805 -113.465 941.08
vn -0.0457494 0.548756 0.83473
v 112.805 -113.465 941.08
vn 0.213562 -0.688593 0.692987
v 112.897 -113.031 940.8
vn -0.0457494 0.548756 0.83473
v 112.897 -113.031 940.8
vn 0.776494 0.216967 0.591593
v 112.897 -113.031 940.8
vn -0.74162 -0.408425 0.532155
v 112.992 -112.584 942.279
vn -0.74162 -0.408425 0.532155
v 113.009 -112.588 942.3
vn -0.74162 -0.408425 0.532155
v 112.996 -112.564 942.3
vn 0.512795 -0.803413 0.302604
v 112.654 -111.286 943.231
vn 0.889157 -0.198502 0.412308
v 112.654 -111.286 943.231
vn 0.203613 -0.0658287 0.976836
v 112.654 -111.286 943.231
vn 0.89223 0.056035 0.448091
v 112.086 -109.631 944.285
vn 0.89223 0.056035 0.448091
v 112.158 -109.294 944.1
vn 0.927642 0.35466 -0.117034
v 112.158 -109.294 944.1
vn 0 0 1
v 112.265 -110.232 944.1
vn 0.854605 0.0979532 0.509956
v 112.265 -110.232 944.1
vn 0.23448 0.088571 0.968078
v 112.423 -110.93 943.304
vn 0.83401 -0.444839 -0.326414
v 112.423 -110.93 943.304
vn 0.674376 -0.710325 0.201631
v 112.423 -110.93 943.304
vn 0.725185 -0.641053 0.251313
v 112.461 -110.753 943.8
vn 0.83401 -0.444839 -0.326414
v 112.534 -110.647 943.2
vn 0.259515 0.240768 0.935245
v 112.534 -110.647 943.2
vn 0.83401 -0.444839 -0.326414
v 112.639 -110.669 943.5
vn 0.725185 -0.641053 0.251313
v 112.639 -110.669 943.5
vn 0.859024 0.45307 -0.238337
v 112.633 -110.361 944.1
vn -0.190603 -0.542245 0.818316
v 112.633 -110.361 944.1
vn 0.768851 -0.565467 0.298521
v 112.633 -110.361 944.1
vn 0.889157 -0.198502 0.412308
v 112.717 -110.992 943.238
vn 0.23448 0.088571 0.968078
v 112.717 -110.992 943.238
vn 0.627693 -0.553098 0.547799
v 113.718 -120.713 935.585
vn 0.497947 -0.0825704 0.863268
v 113.718 -120.713 935.585
vn 0.627693 -0.553098 0.547799
v 114.11 -119.263 936.6
vn 0.230482 0.395728 0.888975
v 113.399 -117.885 937.104
vn 0.660385 -0.657717 0.362353
v 113.399 -117.885 937.104
vn 0.774147 -0.552808 0.308383
v 113.458 -117.607 937.5
vn 0.821113 -0.473838 0.318198
v 113.727 -117.341 937.2
vn 0.843522 -0.486823 0.226878
v 113.794 -117.049 937.8
vn 0.230482 0.395728 0.888975
v 113.644 -118.244 937.2
vn -0.00985466 0.708336 0.705807
v 113.644 -118.244 937.2
vn 0.818374 0.123778 0.561197
v 113.644 -118.244 937.2
vn 0.00440548 0.739961 0.672635
v 113.809 -117.972 936.9
vn 0.75695 -0.51375 0.403841
v 113.758 -117.636 936.9
vn 0.9788 0.173099 0.109488
v 113.758 -117.636 936.9
vn 0.566821 -0.56973 0.595082
v 113.868 -118.563 937.5
vn -0.0240921 0.675079 0.737352
v 113.868 -118.563 937.5
vn 0.968978 0.0179938 0.24649
v 113.868 -118.563 937.5
vn 0.987433 0.133692 0.0842784
v 113.923 -118.303 937.263
vn 0.866557 -0.436529 0.241913
v 113.643 -117.016 938.4
vn 0.930177 -0.269744 0.249015
v 113.711 -116.417 938.797
vn 0.961726 0.25835 -0.0913103
v 113.711 -116.417 938.797
vn 0.0253354 -0.519 0.854399
v 112.909 -114.415 940.5
vn -0.00285993 0.058586 0.998278
v 112.909 -114.415 940.5
vn 0.0331844 0.0509167 0.998151
v 113.142 -114.763 940.521
vn 0.771738 -0.0510752 0.633886
v 113.219 -114.399 940.5
vn 0.905135 0.328053 0.270394
v 113.219 -114.399 940.5
vn 0.0331844 0.0509167 0.998151
v 113.219 -114.399 940.5
vn 0.411791 -0.608486 0.678361
v 113.241 -115.74 939.6
vn 0.570259 -0.571014 0.590548
v 113.524 -115.458 939.6
vn 0.934185 0.352862 0.0527917
v 113.493 -114.838 940.5
vn -0.10293 -0.687801 0.718565
v 113.493 -114.838 940.5
vn 0.629006 -0.629839 0.455691
v 113.493 -114.838 940.5
vn 0.544562 -0.837275 0.0492185
v 110.678 -145.112 893.4
vn 0.95941 -0.219681 -0.176842
v 111.053 -144.069 888.9
vn 0.999905 0.0035083 0.0132956
v 111.212 -144.103 889.8
vn 0.978569 0.0183245 0.205102
v 111.366 -143.829 888.9
vn 0.997263 0.0623577 0.0397131
v 111.25 -144.418 890.4
vn 0.990163 0.0113487 0.139456
v 110.878 -144.952 893.7
vn -0.372907 -0.927867 0.00174563
v 110.153 -144.7 895.5
vn 0.377672 -0.925376 0.0322998
v 110.134 -144.787 896.7
vn 0.986726 -0.154303 0.0506137
v 110.484 -144.585 897.3
vn 0.971756 -0.206569 0.114103
v 110.546 -144.575 895.8
vn 0.498193 -0.830669 0.248583
v 110.176 -144.59 897.9
vn 0.781096 -0.566144 0.263382
v 110.217 -144.396 898.2
vn 0.830176 -0.531575 0.168035
v 110.295 -144.031 899.4
vn 0.789727 -0.595374 0.147854
v 110.174 -143.156 901.8
vn 0.896697 0.364914 0.250543
v 111.551 -141.108 886.2
vn 0.968217 -0.0150704 0.249657
v 111.693 -142.672 887.7
vn 0.840984 0.390732 0.374265
v 111.693 -142.672 887.7
vn 0.933515 -0.35853 -0.00233965
v 110.667 -142.28 903.9
vn 0.684691 -0.617207 0.387626
v 110.667 -142.28 903.9
vn 0.684691 -0.617207 0.387626
v 110.58 -141.246 905.7
vn 0.558289 -0.825642 -0.0814124
v 110.58 -141.246 905.7
vn 0.208983 -0.870109 0.446359
v 110.58 -141.246 905.7
vn 0.208983 -0.870109 0.446359
v 110.614 -141.084 906
vn 0.227397 -0.946777 -0.227823
v 110.614 -141.084 906
vn -0.233335 -0.869929 0.434487
v 110.921 -141.082 906.3
vn 0.831662 -0.531924 0.159361
v 110.921 -141.082 906.3
vn 0.684691 -0.617207 0.387626
v 110.943 -140.979 905.483
vn 0.558289 -0.825642 -0.0814124
v 110.943 -140.979 905.483
vn 0.208983 -0.870109 0.446359
v 111.001 -140.991 906
vn 0.227397 -0.946777 -0.227823
v 111.001 -140.991 906
vn 0.949812 -0.312421 -0.0158244
v 111.001 -140.991 906
vn 0.840561 -0.483106 0.245083
v 111.006 -140.685 906.979
vn 0.232588 -0.909178 0.345397
v 110.733 -140.524 907.2
vn -0.0455207 -0.960633 0.274067
v 110.798 -140.222 907.8
vn 0.918066 -0.356263 0.17387
v 111.064 -140.41 907.2
vn 0.315496 -0.914731 0.252447
v 111.064 -140.41 907.2
vn 0.806151 -0.591686 -0.00541383
v 111.083 -140.321 907.5
vn -0.234056 -0.967393 0.0967902
v 111.095 -140.264 908.1
vn 0.466334 -0.791881 0.394281
v 111.095 -140.264 908.1
vn -0.353829 -0.844417 0.402201
v 111.282 -139.387 909.3
vn 0.966601 -0.254947 -0.0261746
v 111.439 -139.244 909.3
vn 0.146983 -0.809436 0.568515
v 111.056 -139.007 909.9
vn 0.44545 -0.853631 0.26998
v 111.318 -139.218 909.686
vn 0.531647 -0.71454 0.454735
v 111.535 -139.264 909.9
vn 0.937438 -0.347789 -0.0158807
v 111.58 -138.967 910.2
vn 0.68895 -0.61489 0.383743
v 111.58 -138.967 910.2
vn 0.209503 -0.916416 0.341014
v 111.41 -138.783 910.8
vn 0.711412 -0.562635 0.421112
v 111.41 -138.783 910.8
vn 0.992713 -0.0878069 -0.0825245
v 111.669 -138.68 910.5
vn 0.835573 -0.367128 0.408699
v 111.505 -138.338 911.143
vn 0.679465 -0.713703 -0.170163
v 111.505 -138.338 911.143
vn 0.679465 -0.713703 -0.170163
v 111.698 -138.072 910.8
vn 0.985274 -0.0273044 -0.168786
v 111.698 -138.072 910.8
vn 0.531647 -0.71454 0.454735
v 111.611 -139.281 909.785
vn 0.531647 -0.71454 0.454735
v 111.63 -139.194 909.9
vn 0.679465 -0.713703 -0.170163
v 111.861 -138.107 911.595
vn 0.978838 -0.0335733 -0.201863
v 111.861 -138.107 911.595
vn 0.699953 -0.525506 0.483642
v 111.861 -138.107 911.595
vn 0.699953 -0.525506 0.483642
v 111.625 -137.772 912.3
vn 0.793276 -0.59557 -0.126532
v 111.625 -137.772 912.3
vn 0.464128 -0.817712 0.340489
v 111.625 -137.772 912.3
vn 0.301378 -0.887855 0.347686
v 111.639 -137.139 913.8
vn 0.699953 -0.525506 0.483642
v 112.036 -137.224 912.3
vn 0.391864 -0.867106 0.307522
v 112.119 -137.242 912.9
vn 0.392783 -0.832124 0.391523
v 112.35 -135.803 916.5
vn 0.50409 -0.83512 -0.220154
v 112.35 -135.803 916.5
vn 0.986665 -0.0422123 -0.157196
v 112.514 -136.476 915
vn 0.798169 -0.584662 0.145244
v 112.683 -135.681 916.8
vn 0.087984 -0.89814 0.430817
v 112.683 -135.681 916.8
vn 0.943304 -0.237618 -0.231767
v 112.782 -135.542 916.5
vn 0.50409 -0.83512 -0.220154
v 112.782 -135.542 916.5
vn 0.846083 -0.53203 0.0329832
v 112.782 -135.542 916.5
vn 0.978439 -0.00327252 -0.206511
v 112.931 -135.267 917.1
vn 0.926838 -0.322892 0.191607
v 112.931 -135.267 917.1
vn 0.901409 -0.432205 0.0256993
v 112.811 -135.079 918
vn 0.957975 -0.273287 -0.0871651
v 113.196 -134.71 918.92
vn 0.548909 -0.624602 0.555492
v 113.196 -134.71 918.92
vn 0.519741 -0.591411 0.616525
v 112.954 -134.407 919.5
vn -0.124356 -0.533566 0.836566
v 112.954 -134.407 919.5
vn 0.60325 -0.504927 0.617364
v 113.285 -134.116 919.5
vn 0.626005 -0.439996 0.643834
v 113.09 -133.767 919.928
vn 0.667799 -0.683547 -0.294631
v 113.09 -133.767 919.928
vn 0.377706 -0.818446 0.432994
v 113.09 -133.767 919.928
vn 0.898901 -0.333941 -0.283655
v 113.301 -133.506 919.8
vn 0.377706 -0.818446 0.432994
v 113.41 -133.529 920.1
vn 0.860518 -0.411105 0.300835
v 113.41 -133.529 920.1
vn 0.320933 -0.83113 0.45412
v 113.26 -133.497 920.4
vn 0.320933 -0.83113 0.45412
v 113.446 -133.536 920.196
vn 0.320933 -0.83113 0.45412
v 113.471 -133.415 920.4
vn 0.854032 -0.426695 0.297592
v 113.261 -132.963 921.3
vn -0.526939 -0.660781 0.534513
v 113.261 -132.963 921.3
vn -0.0409894 -0.598614 0.799988
v 113.261 -132.963 921.3
vn 0.854032 -0.426695 0.297592
v 113.485 -132.931 920.7
vn 0.705411 -0.70624 0.0601642
v 113.358 -131.064 923.053
vn 0.791634 -0.357066 0.495802
v 113.358 -131.064 923.053
vn 0.00908142 -0.702589 0.711538
v 113.593 -131.727 922.2
vn 0.996284 0.0164853 -0.08454
v 113.593 -131.727 922.2
vn 0.791634 -0.357066 0.495802
v 113.593 -131.727 922.2
vn 0.849137 -0.527999 0.013554
v 113.629 -130.815 922.8
vn 0.791634 -0.357066 0.495802
v 113.629 -130.815 922.8
vn 0.218197 -0.801647 0.556554
v 113.376 -129.535 925.324
vn 0.450307 -0.784096 0.427102
v 113.438 -129.241 925.96
vn 0.372568 -0.919807 -0.12308
v 113.438 -129.241 925.96
vn 0.035047 -0.939945 0.339522
v 113.438 -129.241 925.96
vn 0.873497 -0.368148 0.318544
v 113.757 -129.309 925.5
vn 0.90959 -0.360543 0.206532
v 113.779 -129.082 925.8
vn 0.372568 -0.919807 -0.12308
v 113.779 -129.082 925.8
vn 0.870129 -0.344902 -0.352019
v 113.779 -129.082 925.8
vn 0.858238 -0.403535 0.317154
v 113.919 -128.73 925.8
vn -0.383193 -0.79964 0.46232
v 113.776 -130.54 924.307
vn -0.593637 -0.609514 0.525441
v 113.776 -130.54 924.307
vn 0.0801852 -0.693088 0.716379
v 113.776 -130.54 924.307
vn 0.900739 -0.360799 0.241854
v 113.873 -130.253 924.3
vn 0.940151 -0.192538 -0.28115
v 114.03 -129.06 926.4
vn 0.035047 -0.939945 0.339522
v 114.03 -129.06 926.4
vn 0.766043 -0.542741 0.344398
v 114.03 -129.06 926.4
vn 0.0520322 -0.914203 0.401902
v 114.039 -129.062 926.7
vn 0.035047 -0.939945 0.339522
v 113.851 -128.742 927.3
vn 0.662522 -0.572644 0.482849
v 113.851 -128.742 927.3
vn 0.977858 0.110198 -0.177904
v 114.102 -128.769 926.7
vn 0.0520322 -0.914203 0.401902
v 114.088 -129.072 926.67
vn 0.0520322 -0.914203 0.401902
v 114.091 -129.059 926.7
vn 0.981347 -0.140377 0.131349
v 113.943 -127.508 927.9
vn 0.621126 -0.503856 0.600276
v 113.813 -127.48 928.108
vn 0.616962 -0.599701 0.509624
v 114.096 -126.927 928.5
vn 0.918158 -0.374417 0.129605
v 114.096 -126.927 928.5
vn 0.99444 0.102697 0.023279
v 114.118 -128.465 927.3
vn 0.707712 -0.582664 0.399557
v 113.863 -125.799 930
vn 0.413949 -0.828413 0.37733
v 113.863 -125.799 930
vn 0.0124956 -0.596245 0.802705
v 113.681 -123.772 931.908
vn 0.751608 -0.338973 0.565847
v 113.974 -123.834 931.868
vn 0.383415 -0.767307 0.514036
v 113.993 -125.187 931.2
vn 0.383415 -0.767307 0.514036
v 114.165 -125.102 931.2
vn 0.059854 -0.328152 0.942727
v 114.06 -124.876 931.5
vn 0.76682 -0.228631 0.599763
v 114.06 -124.876 931.5
vn 0.343926 -0.68828 0.638737
v 114.06 -124.876 931.5
vn 0.687191 -0.454449 0.566784
v 113.847 -122.989 932.7
vn 0.811857 -0.536892 -0.229422
v 113.847 -122.989 932.7
vn 0.963641 0.192284 -0.185536
v 114.084 -122.631 932.7
vn 0.811857 -0.536892 -0.229422
v 114.084 -122.631 932.7
vn 0.96409 0.203381 -0.17078
v 114.121 -123.559 931.8
vn -0.0157812 -0.87577 0.482471
v 114.219 -122.683 933.3
vn 0.96334 0.195086 -0.184168
v 114.219 -122.683 933.3
vn 0.507203 -0.655256 0.559808
v 114.219 -122.683 933.3
vn 0.959675 -0.159135 0.231734
v 114.219 -122.683 933.3
vn 0.507203 -0.655256 0.559808
v 113.811 -121.717 934.8
vn 0.507203 -0.655256 0.559808
v 113.979 -121.075 935.4
vn 0.959675 -0.159135 0.231734
v 113.979 -121.075 935.4
vn 0.497947 -0.0825704 0.863268
v 113.979 -121.075 935.4
vn 0.684663 -0.533028 0.49711
v 114.089 -120.408 935.4
vn 0.959675 -0.159135 0.231734
v 114.089 -120.408 935.4
vn 0.497947 -0.0825704 0.863268
v 114.089 -120.408 935.4
f 78//78 1//1 79//79
f 79//79 1//1 2//2
f 79//79 2//2 4//4
f 2//2 1//1 3//3
f 4//4 2//2 3//3
f 1//1 5//5 3//3
f 9//9 3//3 11//11
f 9//9 4//4 3//3
f 98//98 5//5 1//1
f 4469//4469 11//11 3//3
f 4469//4469 6//6 11//11
f 6//6 12//12 11//11
f 6//6 13//13 12//12
f 6//6 7//7 13//13
f 7//7 10//10 13//13
f 4472//4472 4471//4471 25//25
f 8//8 5//5 98//98
f 4471//4471 4470//4470 8//8
f 8//8 4470//4470 5//5
f 4471//4471 97//97 25//25
f 8//8 97//97 4471//4471
f 9//9 115//115 4//4
f 9//9 11//11 17//17
f 4472//4472 19//19 22//22
f 11//11 12//12 14//14
f 14//14 12//12 15//15
f 16//16 15//15 12//12
f 16//16 12//12 13//13
f 13//13 22//22 16//16
f 13//13 4472//4472 22//22
f 14//14 17//17 11//11
f 15//15 17//17 14//14
f 15//15 16//16 18//18
f 15//15 18//18 17//17
f 17//17 18//18 123//123
f 124//124 17//17 123//123
f 121//121 125//125 32//32
f 19//19 4472//4472 21//21
f 21//21 25//25 20//20
f 21//21 4474//4474 19//19
f 22//22 4473//4473 26//26
f 19//19 4474//4474 23//23
f 26//26 4473//4473 4475//4475
f 21//21 4472//4472 25//25
f 16//16 22//22 26//26
f 25//25 28//28 20//20
f 26//26 4475//4475 24//24
f 24//24 23//23 4474//4474
f 4474//4474 29//29 24//24
f 4474//4474 4476//4476 29//29
f 26//26 24//24 27//27
f 27//27 24//24 29//29
f 126//126 25//25 97//97
f 26//26 18//18 16//16
f 31//31 25//25 126//126
f 18//18 26//26 27//27
f 27//27 29//29 37//37
f 27//27 123//123 18//18
f 37//37 123//123 27//27
f 125//125 123//123 37//37
f 37//37 38//38 125//125
f 30//30 28//28 25//25
f 30//30 36//36 28//28
f 4476//4476 4480//4480 29//29
f 25//25 31//31 4477//4477
f 4480//4480 37//37 29//29
f 4477//4477 31//31 127//127
f 4489//4489 36//36 30//30
f 37//37 4481//4481 39//39
f 4490//4490 41//41 4481//4481
f 125//125 33//33 32//32
f 125//125 38//38 33//33
f 151//151 4478//4478 34//34
f 34//34 4478//4478 4479//4479
f 151//151 34//34 153//153
f 4479//4479 39//39 34//34
f 39//39 153//153 34//34
f 35//35 153//153 42//42
f 42//42 153//153 43//43
f 37//37 39//39 38//38
f 38//38 39//39 33//33
f 4481//4481 40//40 39//39
f 153//153 39//39 43//43
f 41//41 40//40 4481//4481
f 41//41 46//46 40//40
f 40//40 46//46 39//39
f 46//46 43//43 39//39
f 41//41 170//170 172//172
f 46//46 41//41 172//172
f 160//160 35//35 164//164
f 35//35 4482//4482 164//164
f 164//164 4482//4482 167//167
f 43//43 167//167 4482//4482
f 167//167 43//43 168//168
f 43//43 44//44 168//168
f 43//43 45//45 44//44
f 46//46 45//45 43//43
f 168//168 44//44 174//174
f 45//45 46//46 172//172
f 49//49 44//44 45//45
f 172//172 48//48 45//45
f 4483//4483 48//48 47//47
f 48//48 50//50 47//47
f 45//45 4484//4484 49//49
f 4484//4484 4485//4485 49//49
f 172//172 184//184 48//48
f 176//176 4485//4485 177//177
f 176//176 49//49 4485//4485
f 51//51 177//177 4485//4485
f 48//48 178//178 50//50
f 50//50 178//178 4486//4486
f 231//231 63//63 52//52
f 63//63 53//53 52//52
f 234//234 54//54 231//231
f 54//54 63//63 231//231
f 69//69 63//63 54//54
f 69//69 54//54 234//234
f 69//69 234//234 236//236
f 69//69 236//236 67//67
f 56//56 60//60 57//57
f 57//57 60//60 55//55
f 56//56 57//57 52//52
f 52//52 59//59 56//56
f 59//59 61//61 60//60
f 53//53 58//58 52//52
f 53//53 62//62 58//58
f 52//52 58//58 59//59
f 58//58 62//62 59//59
f 62//62 61//61 59//59
f 56//56 59//59 60//60
f 62//62 78//78 61//61
f 53//53 63//63 64//64
f 53//53 64//64 62//62
f 63//63 70//70 64//64
f 64//64 78//78 62//62
f 66//66 63//63 69//69
f 63//63 65//65 70//70
f 63//63 66//66 65//65
f 68//68 65//65 66//66
f 69//69 68//68 66//66
f 67//67 68//68 69//69
f 82//82 70//70 71//71
f 65//65 71//71 70//70
f 68//68 4487//4487 65//65
f 67//67 72//72 68//68
f 4487//4487 68//68 72//72
f 236//236 72//72 67//67
f 72//72 73//73 4487//4487
f 72//72 74//74 73//73
f 72//72 75//75 74//74
f 238//238 239//239 75//75
f 75//75 72//72 238//238
f 75//75 242//242 86//86
f 246//246 57//57 55//55
f 55//55 250//250 246//246
f 55//55 60//60 250//250
f 60//60 61//61 77//77
f 76//76 60//60 91//91
f 60//60 77//77 91//91
f 76//76 91//91 92//92
f 92//92 250//250 76//76
f 76//76 250//250 60//60
f 61//61 78//78 77//77
f 78//78 79//79 77//77
f 78//78 64//64 80//80
f 64//64 70//70 80//80
f 80//80 1//1 78//78
f 70//70 82//82 80//80
f 80//80 93//93 1//1
f 71//71 81//81 82//82
f 4487//4487 83//83 81//81
f 80//80 94//94 93//93
f 81//81 83//83 82//82
f 80//80 82//82 94//94
f 82//82 83//83 85//85
f 82//82 85//85 84//84
f 86//86 85//85 83//83
f 86//86 83//83 4487//4487
f 74//74 75//75 86//86
f 73//73 74//74 86//86
f 86//86 4487//4487 73//73
f 84//84 85//85 105//105
f 86//86 87//87 85//85
f 86//86 242//242 87//87
f 89//89 259//259 88//88
f 89//89 88//88 90//90
f 90//90 92//92 89//89
f 89//89 92//92 271//271
f 112//112 271//271 92//92
f 91//91 77//77 4//4
f 77//77 79//79 4//4
f 92//92 113//113 114//114
f 92//92 114//114 112//112
f 91//91 4//4 115//115
f 92//92 91//91 115//115
f 115//115 113//113 92//92
f 94//94 96//96 93//93
f 96//96 1//1 93//93
f 98//98 1//1 96//96
f 96//96 101//101 98//98
f 82//82 95//95 94//94
f 94//94 95//95 96//96
f 95//95 101//101 96//96
f 98//98 99//99 97//97
f 97//97 8//8 98//98
f 99//99 105//105 102//102
f 99//99 98//98 101//101
f 82//82 84//84 95//95
f 84//84 105//105 100//100
f 100//100 105//105 99//99
f 95//95 84//84 101//101
f 84//84 100//100 101//101
f 101//101 100//100 99//99
f 105//105 103//103 102//102
f 105//105 106//106 103//103
f 103//103 110//110 104//104
f 103//103 104//104 102//102
f 102//102 104//104 99//99
f 106//106 109//109 103//103
f 103//103 109//109 110//110
f 107//107 105//105 85//85
f 107//107 106//106 105//105
f 108//108 107//107 85//85
f 108//108 106//106 107//107
f 108//108 111//111 106//106
f 262//262 111//111 108//108
f 85//85 251//251 108//108
f 251//251 262//262 108//108
f 110//110 128//128 104//104
f 109//109 106//106 129//129
f 109//109 131//131 110//110
f 129//129 106//106 111//111
f 263//263 129//129 111//111
f 262//262 263//263 111//111
f 271//271 112//112 273//273
f 133//133 273//273 112//112
f 134//134 112//112 114//114
f 118//118 136//136 114//114
f 136//136 137//137 114//114
f 113//113 115//115 117//117
f 117//117 115//115 116//116
f 120//120 116//116 122//122
f 118//118 114//114 113//113
f 117//117 118//118 113//113
f 120//120 122//122 148//148
f 117//117 119//119 118//118
f 120//120 117//117 116//116
f 117//117 120//120 119//119
f 119//119 140//140 118//118
f 119//119 138//138 140//140
f 116//116 115//115 9//9
f 17//17 121//121 9//9
f 17//17 124//124 121//121
f 124//124 125//125 121//121
f 122//122 116//116 9//9
f 122//122 9//9 121//121
f 125//125 124//124 123//123
f 99//99 4488//4488 97//97
f 104//104 4488//4488 99//99
f 31//31 126//126 127//127
f 4490//4490 170//170 41//41
f 104//104 128//128 4488//4488
f 126//126 4491//4491 127//127
f 154//154 127//127 4491//4491
f 154//154 170//170 127//127
f 110//110 130//130 128//128
f 110//110 132//132 130//130
f 131//131 109//109 129//129
f 132//132 110//110 131//131
f 4491//4491 156//156 154//154
f 132//132 157//157 130//130
f 128//128 130//130 156//156
f 129//129 275//275 131//131
f 129//129 263//263 276//276
f 276//276 275//275 129//129
f 275//275 158//158 131//131
f 112//112 134//134 133//133
f 114//114 137//137 134//134
f 133//133 134//134 135//135
f 278//278 133//133 135//135
f 134//134 137//137 135//135
f 4492//4492 4494//4494 280//280
f 4493//4493 142//142 279//279
f 4494//4494 4493//4493 279//279
f 144//144 139//139 149//149
f 119//119 141//141 138//138
f 139//139 148//148 149//149
f 144//144 143//143 139//139
f 144//144 149//149 145//145
f 161//161 145//145 149//149
f 118//118 140//140 136//136
f 140//140 4495//4495 136//136
f 140//140 138//138 4495//4495
f 141//141 119//119 120//120
f 120//120 139//139 141//141
f 148//148 139//139 120//120
f 141//141 143//143 138//138
f 143//143 141//141 139//139
f 138//138 143//143 4495//4495
f 4495//4495 143//143 146//146
f 146//146 143//143 145//145
f 145//145 143//143 144//144
f 146//146 145//145 147//147
f 147//147 161//161 163//163
f 147//147 145//145 161//161
f 279//279 142//142 4496//4496
f 4497//4497 147//147 281//281
f 163//163 281//281 147//147
f 279//279 4497//4497 281//281
f 151//151 152//152 148//148
f 122//122 151//151 148//148
f 122//122 121//121 151//151
f 148//148 150//150 149//149
f 161//161 149//149 150//150
f 281//281 163//163 469//469
f 121//121 4478//4478 151//151
f 152//152 35//35 150//150
f 152//152 153//153 35//35
f 160//160 150//150 35//35
f 152//152 150//150 148//148
f 153//153 152//152 151//151
f 150//150 160//160 161//161
f 154//154 171//171 170//170
f 155//155 154//154 156//156
f 157//157 156//156 130//130
f 155//155 156//156 157//157
f 155//155 157//157 159//159
f 159//159 154//154 155//155
f 132//132 131//131 158//158
f 159//159 157//157 132//132
f 132//132 158//158 159//159
f 154//154 285//285 171//171
f 154//154 159//159 285//285
f 282//282 159//159 158//158
f 282//282 285//285 159//159
f 160//160 4498//4498 162//162
f 161//161 160//160 162//162
f 166//166 162//162 164//164
f 161//161 162//162 163//163
f 163//163 162//162 166//166
f 166//166 469//469 163//163
f 166//166 164//164 165//165
f 166//166 4499//4499 169//169
f 469//469 166//166 169//169
f 167//167 168//168 164//164
f 164//164 168//168 165//165
f 169//169 165//165 168//168
f 169//169 168//168 4500//4500
f 172//172 187//187 184//184
f 172//172 170//170 187//187
f 173//173 187//187 170//170
f 173//173 170//170 171//171
f 171//171 285//285 173//173
f 175//175 169//169 4500//4500
f 477//477 169//169 175//175
f 176//176 44//44 49//49
f 174//174 44//44 177//177
f 44//44 176//176 177//177
f 4500//4500 4501//4501 175//175
f 178//178 179//179 4486//4486
f 51//51 4502//4502 177//177
f 178//178 180//180 179//179
f 175//175 4501//4501 4503//4503
f 48//48 181//181 178//178
f 184//184 181//181 48//48
f 180//180 178//178 181//181
f 188//188 179//179 180//180
f 181//181 188//188 180//180
f 182//182 190//190 188//188
f 181//181 182//182 188//188
f 181//181 184//184 4504//4504
f 184//184 183//183 4504//4504
f 185//185 190//190 182//182
f 185//185 182//182 4505//4505
f 4505//4505 186//186 185//185
f 184//184 186//186 183//183
f 186//186 193//193 185//185
f 187//187 186//186 184//184
f 192//192 4507//4507 287//287
f 192//192 287//287 191//191
f 187//187 173//173 295//295
f 187//187 289//289 186//186
f 187//187 291//291 289//289
f 186//186 289//289 193//193
f 179//179 188//188 189//189
f 175//175 4503//4503 189//189
f 188//188 4506//4506 189//189
f 175//175 189//189 191//191
f 189//189 4506//4506 191//191
f 191//191 4506//4506 192//192
f 190//190 185//185 193//193
f 4506//4506 4507//4507 192//192
f 344//344 197//197 194//194
f 197//197 196//196 194//194
f 194//194 345//345 344//344
f 346//346 194//194 195//195
f 349//349 346//346 195//195
f 194//194 196//196 195//195
f 349//349 195//195 199//199
f 195//195 196//196 198//198
f 199//199 195//195 198//198
f 196//196 200//200 198//198
f 196//196 201//201 200//200
f 201//201 196//196 197//197
f 197//197 350//350 201//201
f 357//357 199//199 198//198
f 200//200 357//357 198//198
f 350//350 351//351 201//201
f 201//201 351//351 359//359
f 357//357 200//200 202//202
f 200//200 201//201 202//202
f 203//203 202//202 201//201
f 201//201 204//204 205//205
f 201//201 205//205 203//203
f 201//201 371//371 204//204
f 203//203 205//205 208//208
f 380//380 202//202 203//203
f 208//208 380//380 203//203
f 204//204 206//206 205//205
f 207//207 205//205 206//206
f 206//206 382//382 207//207
f 205//205 207//207 208//208
f 382//382 209//209 207//207
f 209//209 210//210 207//207
f 207//207 210//210 208//208
f 388//388 389//389 209//209
f 209//209 389//389 211//211
f 4509//4509 210//210 209//209
f 4509//4509 402//402 210//210
f 389//389 212//212 211//211
f 4509//4509 4510//4510 213//213
f 214//214 213//213 4510//4510
f 214//214 212//212 389//389
f 4509//4509 213//213 402//402
f 402//402 213//213 215//215
f 215//215 217//217 409//409
f 214//214 216//216 213//213
f 213//213 216//216 215//215
f 214//214 403//403 216//216
f 215//215 216//216 217//217
f 216//216 403//403 404//404
f 216//216 404//404 217//217
f 404//404 408//408 217//217
f 615//615 220//220 602//602
f 218//218 228//228 428//428
f 228//228 227//227 428//428
f 428//428 227//227 219//219
f 220//220 229//229 218//218
f 229//229 228//228 218//218
f 615//615 435//435 220//220
f 222//222 220//220 221//221
f 435//435 436//436 221//221
f 223//223 232//232 222//222
f 223//223 436//436 224//224
f 222//222 221//221 223//223
f 223//223 221//221 436//436
f 223//223 224//224 232//232
f 441//441 224//224 436//436
f 224//224 235//235 233//233
f 232//232 224//224 233//233
f 224//224 225//225 235//235
f 226//226 235//235 225//225
f 226//226 443//443 235//235
f 219//219 227//227 240//240
f 230//230 52//52 220//220
f 220//220 52//52 229//229
f 220//220 222//222 230//230
f 52//52 230//230 231//231
f 231//231 230//230 222//222
f 231//231 222//222 232//232
f 232//232 234//234 231//231
f 232//232 233//233 234//234
f 234//234 233//233 236//236
f 235//235 236//236 233//233
f 235//235 237//237 236//236
f 236//236 238//238 72//72
f 236//236 237//237 238//238
f 443//443 237//237 235//235
f 237//237 443//443 239//239
f 239//239 238//238 237//237
f 447//447 239//239 443//443
f 447//447 453//453 239//239
f 446//446 219//219 240//240
f 227//227 245//245 243//243
f 228//228 245//245 227//227
f 243//243 240//240 227//227
f 241//241 228//228 229//229
f 241//241 229//229 57//57
f 57//57 229//229 52//52
f 57//57 246//246 241//241
f 244//244 228//228 241//241
f 244//244 245//245 228//228
f 241//241 246//246 247//247
f 239//239 242//242 75//75
f 453//453 242//242 239//239
f 252//252 242//242 453//453
f 252//252 453//453 455//455
f 245//245 244//244 256//256
f 243//243 245//245 456//456
f 256//256 456//456 245//245
f 246//246 250//250 247//247
f 88//88 258//258 247//247
f 241//241 247//247 248//248
f 247//247 249//249 248//248
f 249//249 247//247 258//258
f 244//244 241//241 248//248
f 258//258 256//256 249//249
f 249//249 244//244 248//248
f 244//244 249//249 256//256
f 247//247 250//250 90//90
f 250//250 92//92 90//90
f 247//247 90//90 88//88
f 242//242 252//252 87//87
f 251//251 87//87 252//252
f 251//251 85//85 87//87
f 252//252 264//264 251//251
f 252//252 254//254 253//253
f 252//252 253//253 264//264
f 253//253 254//254 255//255
f 253//253 255//255 264//264
f 455//455 254//254 252//252
f 255//255 254//254 455//455
f 260//260 256//256 258//258
f 266//266 260//260 268//268
f 260//260 257//257 256//256
f 266//266 257//257 260//260
f 458//458 456//456 256//256
f 256//256 257//257 458//458
f 88//88 259//259 258//258
f 258//258 259//259 260//260
f 259//259 261//261 260//260
f 272//272 261//261 259//259
f 261//261 268//268 260//260
f 261//261 272//272 269//269
f 269//269 268//268 261//261
f 271//271 259//259 89//89
f 271//271 272//272 259//259
f 263//263 262//262 274//274
f 262//262 251//251 274//274
f 255//255 462//462 264//264
f 264//264 463//463 265//265
f 467//467 468//468 265//265
f 266//266 270//270 267//267
f 267//267 270//270 278//278
f 257//257 266//266 466//466
f 466//466 266//266 267//267
f 268//268 270//270 266//266
f 268//268 269//269 270//270
f 271//271 273//273 272//272
f 272//272 273//273 269//269
f 270//270 269//269 273//273
f 270//270 273//273 278//278
f 470//470 263//263 274//274
f 470//470 276//276 263//263
f 264//264 274//274 251//251
f 264//264 265//265 274//274
f 468//468 277//277 265//265
f 265//265 277//277 274//274
f 470//470 275//275 276//276
f 274//274 277//277 470//470
f 273//273 133//133 278//278
f 280//280 278//278 4492//4492
f 280//280 4494//4494 279//279
f 280//280 279//279 1310//1310
f 1310//1310 279//279 281//281
f 1310//1310 281//281 469//469
f 158//158 275//275 283//283
f 284//284 283//283 275//275
f 470//470 284//284 275//275
f 158//158 283//283 282//282
f 474//474 284//284 470//470
f 474//474 283//283 284//284
f 469//469 169//169 477//477
f 282//282 283//283 285//285
f 173//173 285//285 295//295
f 283//283 286//286 285//285
f 285//285 286//286 295//295
f 474//474 286//286 283//283
f 286//286 474//474 295//295
f 175//175 191//191 287//287
f 287//287 4507//4507 288//288
f 4507//4507 4511//4511 288//288
f 291//291 187//187 295//295
f 290//290 4512//4512 4513//4513
f 290//290 292//292 4512//4512
f 4515//4515 288//288 4511//4511
f 475//475 287//287 293//293
f 4515//4515 293//293 287//287
f 4516//4516 290//290 4517//4517
f 4517//4517 290//290 4513//4513
f 287//287 288//288 4515//4515
f 291//291 295//295 294//294
f 293//293 4514//4514 4518//4518
f 475//475 293//293 4518//4518
f 296//296 298//298 297//297
f 296//296 525//525 299//299
f 299//299 4519//4519 296//296
f 296//296 297//297 524//524
f 300//300 524//524 297//297
f 516//516 296//296 513//513
f 296//296 519//519 525//525
f 513//513 296//296 524//524
f 298//298 301//301 297//297
f 297//297 301//301 300//300
f 299//299 304//304 4519//4519
f 526//526 304//304 299//299
f 536//536 300//300 302//302
f 524//524 300//300 537//537
f 300//300 536//536 537//537
f 302//302 300//300 301//301
f 304//304 301//301 298//298
f 304//304 305//305 301//301
f 303//303 302//302 301//301
f 301//301 4520//4520 303//303
f 304//304 306//306 305//305
f 303//303 536//536 302//302
f 540//540 318//318 306//306
f 544//544 318//318 540//540
f 538//538 308//308 309//309
f 308//308 307//307 309//309
f 307//307 319//319 309//309
f 538//538 303//303 308//308
f 309//309 319//319 547//547
f 307//307 312//312 319//319
f 303//303 538//538 536//536
f 538//538 309//309 547//547
f 307//307 308//308 303//303
f 303//303 310//310 307//307
f 307//307 310//310 311//311
f 310//310 313//313 311//311
f 311//311 313//313 316//316
f 307//307 311//311 312//312
f 317//317 305//305 306//306
f 4520//4520 317//317 303//303
f 317//317 313//313 303//303
f 313//313 310//310 303//303
f 317//317 314//314 313//313
f 314//314 317//317 315//315
f 317//317 318//318 315//315
f 313//313 314//314 316//316
f 314//314 315//315 316//316
f 318//318 322//322 315//315
f 306//306 318//318 317//317
f 322//322 318//318 324//324
f 312//312 320//320 319//319
f 321//321 329//329 320//320
f 311//311 4521//4521 312//312
f 4521//4521 320//320 312//312
f 4521//4521 321//321 320//320
f 4522//4522 316//316 335//335
f 322//322 323//323 315//315
f 322//322 326//326 323//323
f 322//322 324//324 326//326
f 315//315 323//323 316//316
f 323//323 325//325 316//316
f 323//323 326//326 325//325
f 316//316 325//325 335//335
f 326//326 324//324 336//336
f 338//338 4523//4523 324//324
f 319//319 320//320 328//328
f 320//320 329//329 327//327
f 332//332 327//327 329//329
f 320//320 327//327 328//328
f 340//340 319//319 328//328
f 321//321 330//330 329//329
f 331//331 332//332 329//329
f 331//331 329//329 330//330
f 330//330 333//333 331//331
f 347//347 332//332 331//331
f 333//333 347//347 331//331
f 328//328 327//327 341//341
f 327//327 342//342 341//341
f 327//327 332//332 342//342
f 347//347 342//342 332//332
f 321//321 197//197 334//334
f 330//330 321//321 333//333
f 321//321 334//334 333//333
f 343//343 333//333 334//334
f 334//334 344//344 345//345
f 334//334 197//197 344//344
f 333//333 343//343 347//347
f 197//197 4522//4522 335//335
f 326//326 337//337 325//325
f 326//326 336//336 337//337
f 336//336 360//360 337//337
f 4523//4523 338//338 361//361
f 360//360 336//336 361//361
f 352//352 361//361 338//338
f 339//339 352//352 338//338
f 328//328 355//355 340//340
f 556//556 340//340 356//356
f 334//334 345//345 343//343
f 347//347 343//343 345//345
f 347//347 345//345 194//194
f 348//348 347//347 346//346
f 347//347 194//194 346//346
f 349//349 348//348 346//346
f 341//341 366//366 328//328
f 341//341 342//342 366//366
f 348//348 342//342 347//347
f 342//342 354//354 366//366
f 348//348 354//354 342//342
f 199//199 357//357 349//349
f 350//350 197//197 335//335
f 335//335 351//351 350//350
f 325//325 351//351 335//335
f 325//325 337//337 351//351
f 337//337 360//360 351//351
f 360//360 359//359 351//351
f 352//352 339//339 361//361
f 353//353 362//362 339//339
f 558//558 353//353 339//339
f 356//356 340//340 355//355
f 355//355 328//328 366//366
f 356//356 355//355 379//379
f 357//357 348//348 349//349
f 348//348 358//358 354//354
f 348//348 357//357 358//358
f 354//354 358//358 366//366
f 358//358 357//357 370//370
f 358//358 367//367 366//366
f 358//358 370//370 367//367
f 201//201 359//359 371//371
f 359//359 360//360 372//372
f 359//359 372//372 371//371
f 361//361 362//362 376//376
f 361//361 376//376 360//360
f 339//339 362//362 361//361
f 362//362 364//364 376//376
f 353//353 363//363 362//362
f 363//363 364//364 362//362
f 353//353 558//558 363//363
f 559//559 363//363 558//558
f 365//365 363//363 559//559
f 363//363 365//365 364//364
f 365//365 571//571 364//364
f 356//356 379//379 369//369
f 368//368 366//366 4524//4524
f 368//368 355//355 366//366
f 379//379 355//355 368//368
f 357//357 202//202 370//370
f 378//378 368//368 4524//4524
f 367//367 370//370 378//378
f 202//202 380//380 370//370
f 371//371 381//381 204//204
f 381//381 4508//4508 204//204
f 360//360 375//375 372//372
f 371//371 372//372 374//374
f 372//372 383//383 374//374
f 372//372 373//373 383//383
f 372//372 375//375 373//373
f 374//374 381//381 371//371
f 373//373 375//375 384//384
f 383//383 373//373 384//384
f 374//374 382//382 381//381
f 375//375 385//385 386//386
f 376//376 385//385 375//375
f 360//360 376//376 375//375
f 386//386 384//384 375//375
f 376//376 364//364 377//377
f 377//377 385//385 376//376
f 377//377 394//394 385//385
f 364//364 571//571 377//377
f 370//370 380//380 378//378
f 368//368 378//378 397//397
f 397//397 378//378 396//396
f 378//378 380//380 396//396
f 397//397 379//379 368//368
f 398//398 379//379 397//397
f 379//379 398//398 369//369
f 380//380 208//208 396//396
f 4508//4508 381//381 382//382
f 382//382 388//388 209//209
f 384//384 386//386 392//392
f 382//382 374//374 391//391
f 374//374 383//383 391//391
f 383//383 384//384 4526//4526
f 384//384 392//392 4526//4526
f 391//391 388//388 382//382
f 377//377 387//387 394//394
f 394//394 387//387 577//577
f 210//210 396//396 208//208
f 388//388 390//390 389//389
f 214//214 389//389 390//390
f 385//385 393//393 386//386
f 392//392 386//386 393//393
f 4525//4525 4528//4528 399//399
f 399//399 214//214 390//390
f 388//388 391//391 390//390
f 4527//4527 4528//4528 4525//4525
f 4528//4528 4529//4529 399//399
f 385//385 394//394 4529//4529
f 369//369 398//398 395//395
f 396//396 210//210 402//402
f 395//395 398//398 401//401
f 4529//4529 394//394 399//399
f 394//394 400//400 399//399
f 394//394 406//406 400//400
f 397//397 396//396 402//402
f 398//398 397//397 402//402
f 401//401 398//398 402//402
f 401//401 402//402 407//407
f 215//215 409//409 402//402
f 399//399 403//403 214//214
f 403//403 408//408 404//404
f 408//408 409//409 217//217
f 399//399 405//405 403//403
f 405//405 408//408 403//403
f 400//400 406//406 405//405
f 400//400 405//405 399//399
f 406//406 419//419 405//405
f 408//408 405//405 419//419
f 401//401 407//407 840//840
f 4530//4530 407//407 402//402
f 410//410 407//407 4530//4530
f 408//408 416//416 409//409
f 408//408 419//419 416//416
f 410//410 4530//4530 417//417
f 411//411 419//419 406//406
f 412//412 411//411 406//406
f 411//411 412//412 420//420
f 420//420 412//412 422//422
f 413//413 414//414 422//422
f 412//412 413//413 422//422
f 415//415 422//422 414//414
f 4530//4530 4531//4531 417//417
f 417//417 4531//4531 421//421
f 4533//4533 416//416 419//419
f 411//411 420//420 418//418
f 419//419 411//411 4532//4532
f 4533//4533 419//419 423//423
f 425//425 4533//4533 423//423
f 417//417 421//421 586//586
f 586//586 421//421 425//425
f 419//419 4532//4532 423//423
f 4532//4532 4534//4534 423//423
f 418//418 420//420 422//422
f 423//423 4534//4534 428//428
f 587//587 424//424 429//429
f 587//587 429//429 422//422
f 422//422 415//415 587//587
f 427//427 425//425 423//423
f 586//586 425//425 612//612
f 428//428 426//426 423//423
f 427//427 423//423 426//426
f 427//427 426//426 219//219
f 427//427 219//219 434//434
f 425//425 427//427 613//613
f 434//434 613//613 427//427
f 613//613 612//612 425//425
f 426//426 428//428 219//219
f 4534//4534 429//429 428//428
f 429//429 220//220 428//428
f 428//428 220//220 218//218
f 429//429 424//424 220//220
f 424//424 602//602 220//220
f 615//615 616//616 435//435
f 616//616 440//440 435//435
f 619//619 430//430 440//440
f 619//619 616//616 432//432
f 616//616 625//625 432//432
f 619//619 432//432 430//430
f 432//432 431//431 441//441
f 432//432 625//625 431//431
f 433//433 442//442 431//431
f 431//431 621//621 433//433
f 219//219 444//444 434//434
f 613//613 434//434 444//444
f 654//654 613//613 444//444
f 654//654 444//444 655//655
f 435//435 221//221 220//220
f 435//435 437//437 436//436
f 437//437 435//435 440//440
f 437//437 438//438 436//436
f 438//438 441//441 436//436
f 440//440 439//439 438//438
f 439//439 430//430 438//438
f 438//438 430//430 441//441
f 438//438 437//437 440//440
f 440//440 430//430 439//439
f 441//441 225//225 224//224
f 441//441 430//430 432//432
f 225//225 441//441 226//226
f 441//441 442//442 226//226
f 442//442 441//441 431//431
f 226//226 442//442 443//443
f 443//443 442//442 433//433
f 656//656 447//447 443//443
f 448//448 447//447 656//656
f 219//219 445//445 444//444
f 450//450 444//444 445//445
f 655//655 444//444 667//667
f 667//667 444//444 450//450
f 446//446 445//445 219//219
f 453//453 447//447 449//449
f 660//660 447//447 448//448
f 660//660 449//449 447//447
f 659//659 449//449 660//660
f 667//667 450//450 669//669
f 669//669 450//450 668//668
f 446//446 240//240 451//451
f 451//451 445//445 446//446
f 445//445 451//451 452//452
f 681//681 452//452 451//451
f 450//450 445//445 452//452
f 452//452 668//668 450//450
f 668//668 452//452 670//670
f 681//681 240//240 243//243
f 451//451 240//240 681//681
f 681//681 243//243 454//454
f 464//464 255//255 455//455
f 453//453 449//449 455//455
f 683//683 464//464 455//455
f 455//455 449//449 683//683
f 673//673 683//683 449//449
f 243//243 456//456 454//454
f 454//454 457//457 889//889
f 454//454 456//456 457//457
f 466//466 457//457 456//456
f 257//257 459//459 458//458
f 460//460 458//458 459//459
f 460//460 459//459 466//466
f 458//458 460//460 456//456
f 456//456 460//460 466//466
f 459//459 257//257 466//466
f 461//461 255//255 464//464
f 461//461 462//462 255//255
f 462//462 461//461 463//463
f 463//463 264//264 462//462
f 463//463 467//467 265//265
f 464//464 463//463 461//461
f 464//464 465//465 463//463
f 694//694 463//463 465//465
f 465//465 464//464 683//683
f 694//694 467//467 463//463
f 683//683 686//686 465//465
f 683//683 689//689 686//686
f 686//686 690//690 465//465
f 466//466 267//267 685//685
f 267//267 278//278 685//685
f 277//277 468//468 471//471
f 467//467 473//473 468//468
f 471//471 468//468 472//472
f 468//468 473//473 472//472
f 472//472 470//470 4535//4535
f 694//694 473//473 467//467
f 470//470 277//277 4535//4535
f 470//470 472//472 693//693
f 473//473 693//693 472//472
f 694//694 693//693 473//473
f 470//470 693//693 474//474
f 899//899 1311//1311 469//469
f 899//899 469//469 477//477
f 175//175 287//287 477//477
f 695//695 295//295 474//474
f 294//294 295//295 695//695
f 287//287 475//475 477//477
f 4518//4518 697//697 475//475
f 695//695 4547//4547 294//294
f 476//476 479//479 478//478
f 4538//4538 4536//4536 4537//4537
f 480//480 481//481 718//718
f 480//480 719//719 481//481
f 719//719 732//732 481//481
f 732//732 719//719 482//482
f 482//482 491//491 490//490
f 482//482 483//483 491//491
f 493//493 483//483 484//484
f 483//483 733//733 484//484
f 493//493 484//484 495//495
f 495//495 484//484 485//485
f 484//484 486//486 485//485
f 484//484 733//733 486//486
f 733//733 488//488 486//486
f 486//486 502//502 485//485
f 733//733 721//721 487//487
f 488//488 733//733 487//487
f 487//487 501//501 488//488
f 488//488 502//502 486//486
f 488//488 501//501 502//502
f 487//487 721//721 489//489
f 487//487 489//489 501//501
f 490//490 491//491 492//492
f 483//483 493//493 491//491
f 491//491 493//493 494//494
f 494//494 492//492 491//491
f 492//492 494//494 746//746
f 507//507 746//746 506//506
f 494//494 493//493 496//496
f 746//746 497//497 506//506
f 494//494 498//498 746//746
f 498//498 497//497 746//746
f 496//496 495//495 499//499
f 493//493 495//495 496//496
f 498//498 496//496 499//499
f 511//511 497//497 498//498
f 496//496 498//498 494//494
f 499//499 514//514 498//498
f 517//517 510//510 499//499
f 499//499 510//510 514//514
f 499//499 495//495 500//500
f 499//499 500//500 517//517
f 485//485 500//500 495//495
f 500//500 503//503 517//517
f 503//503 500//500 485//485
f 503//503 485//485 502//502
f 502//502 750//750 503//503
f 518//518 503//503 520//520
f 750//750 520//520 503//503
f 506//506 497//497 504//504
f 506//506 504//504 507//507
f 507//507 504//504 505//505
f 509//509 4539//4539 505//505
f 4540//4540 756//756 508//508
f 497//497 511//511 504//504
f 504//504 511//511 505//505
f 505//505 511//511 521//521
f 510//510 517//517 518//518
f 498//498 515//515 511//511
f 515//515 512//512 511//511
f 512//512 515//515 516//516
f 515//515 510//510 516//516
f 510//510 518//518 516//516
f 511//511 512//512 513//513
f 512//512 516//516 513//513
f 498//498 514//514 515//515
f 514//514 510//510 515//515
f 516//516 518//518 519//519
f 296//296 516//516 519//519
f 520//520 519//519 518//518
f 503//503 518//518 517//517
f 519//519 520//520 527//527
f 505//505 521//521 522//522
f 509//509 505//505 522//522
f 523//523 509//509 522//522
f 755//755 509//509 523//523
f 766//766 755//755 523//523
f 523//523 535//535 766//766
f 513//513 524//524 511//511
f 524//524 521//521 511//511
f 524//524 537//537 521//521
f 537//537 522//522 521//521
f 534//534 522//522 539//539
f 523//523 522//522 534//534
f 527//527 525//525 519//519
f 299//299 525//525 526//526
f 304//304 526//526 541//541
f 525//525 528//528 526//526
f 528//528 541//541 526//526
f 520//520 529//529 527//527
f 525//525 527//527 528//528
f 527//527 531//531 528//528
f 529//529 530//530 527//527
f 530//530 531//531 527//527
f 530//530 542//542 531//531
f 530//530 529//529 542//542
f 529//529 532//532 542//542
f 542//542 528//528 531//531
f 533//533 4541//4541 529//529
f 533//533 545//545 4541//4541
f 520//520 533//533 529//529
f 533//533 778//778 545//545
f 520//520 778//778 533//533
f 759//759 778//778 520//520
f 539//539 522//522 537//537
f 523//523 534//534 535//535
f 536//536 539//539 537//537
f 538//538 539//539 536//536
f 534//534 539//539 546//546
f 539//539 547//547 546//546
f 535//535 534//534 546//546
f 306//306 304//304 541//541
f 306//306 541//541 543//543
f 540//540 306//306 543//543
f 528//528 543//543 541//541
f 543//543 544//544 540//540
f 528//528 545//545 543//543
f 528//528 542//542 545//545
f 542//542 532//532 545//545
f 543//543 545//545 544//544
f 778//778 548//548 545//545
f 547//547 539//539 538//538
f 546//546 547//547 319//319
f 548//548 324//324 318//318
f 544//544 548//548 318//318
f 545//545 548//548 544//544
f 778//778 549//549 548//548
f 550//550 338//338 324//324
f 550//550 339//339 338//338
f 550//550 324//324 548//548
f 549//549 550//550 548//548
f 549//549 551//551 550//550
f 789//789 551//551 549//549
f 789//789 788//788 551//551
f 552//552 339//339 551//551
f 551//551 339//339 550//550
f 788//788 799//799 551//551
f 546//546 319//319 340//340
f 556//556 546//546 340//340
f 556//556 804//804 546//546
f 551//551 799//799 553//553
f 805//805 554//554 553//553
f 557//557 553//553 560//560
f 553//553 554//554 560//560
f 563//563 554//554 555//555
f 554//554 808//808 555//555
f 808//808 810//810 566//566
f 808//808 566//566 555//555
f 552//552 558//558 339//339
f 551//551 558//558 552//552
f 553//553 557//557 551//551
f 551//551 557//557 558//558
f 560//560 559//559 557//557
f 559//559 558//558 557//557
f 560//560 554//554 563//563
f 560//560 561//561 567//567
f 559//559 560//560 567//567
f 562//562 561//561 560//560
f 562//562 564//564 561//561
f 561//561 564//564 568//568
f 563//563 562//562 560//560
f 564//564 562//562 563//563
f 565//565 563//563 555//555
f 565//565 564//564 563//563
f 555//555 566//566 565//565
f 566//566 817//817 565//565
f 556//556 356//356 369//369
f 559//559 567//567 365//365
f 567//567 571//571 365//365
f 567//567 561//561 568//568
f 568//568 571//571 567//567
f 572//572 571//571 568//568
f 568//568 564//564 569//569
f 564//564 565//565 569//569
f 569//569 572//572 568//568
f 565//565 570//570 569//569
f 569//569 573//573 572//572
f 804//804 556//556 369//369
f 571//571 387//387 377//377
f 572//572 387//387 571//571
f 572//572 575//575 387//387
f 572//572 574//574 575//575
f 572//572 573//573 574//574
f 825//825 574//574 573//573
f 831//831 575//575 574//574
f 369//369 576//576 804//804
f 831//831 577//577 575//575
f 576//576 369//369 395//395
f 401//401 576//576 395//395
f 577//577 406//406 394//394
f 577//577 579//579 406//406
f 387//387 575//575 577//577
f 579//579 578//578 406//406
f 578//578 412//412 406//406
f 578//578 579//579 414//414
f 414//414 413//413 578//578
f 840//840 407//407 410//410
f 413//413 412//412 578//578
f 580//580 415//415 414//414
f 580//580 414//414 579//579
f 415//415 580//580 581//581
f 579//579 836//836 580//580
f 836//836 581//581 580//580
f 581//581 836//836 582//582
f 582//582 589//589 581//581
f 589//589 590//590 591//591
f 589//589 583//583 590//590
f 589//589 582//582 583//583
f 583//583 582//582 837//837
f 583//583 598//598 590//590
f 585//585 849//849 601//601
f 584//584 598//598 583//583
f 584//584 585//585 598//598
f 842//842 843//843 584//584
f 584//584 843//843 585//585
f 842//842 584//584 583//583
f 844//844 585//585 843//843
f 849//849 585//585 844//844
f 602//602 849//849 850//850
f 851//851 410//410 417//417
f 851//851 840//840 410//410
f 417//417 586//586 851//851
f 586//586 852//852 851//851
f 581//581 4542//4542 415//415
f 593//593 581//581 588//588
f 589//589 591//591 581//581
f 591//591 588//588 581//581
f 591//591 592//592 588//588
f 592//592 593//593 588//588
f 591//591 590//590 592//592
f 599//599 592//592 590//590
f 4542//4542 593//593 424//424
f 593//593 594//594 424//424
f 594//594 597//597 424//424
f 581//581 593//593 4542//4542
f 593//593 596//596 594//594
f 597//597 594//594 596//596
f 585//585 4545//4545 595//595
f 592//592 596//596 593//593
f 600//600 4543//4543 592//592
f 4544//4544 4543//4543 600//600
f 4544//4544 600//600 595//595
f 590//590 598//598 599//599
f 595//595 598//598 585//585
f 599//599 600//600 592//592
f 599//599 598//598 600//600
f 600//600 598//598 595//595
f 601//601 602//602 424//424
f 424//424 597//597 601//601
f 4545//4545 4544//4544 595//595
f 602//602 601//601 849//849
f 602//602 604//604 603//603
f 606//606 603//603 605//605
f 605//605 603//603 604//604
f 603//603 615//615 602//602
f 603//603 606//606 615//615
f 604//604 606//606 605//605
f 618//618 607//607 624//624
f 624//624 607//607 608//608
f 610//610 609//609 608//608
f 626//626 608//608 609//609
f 609//609 647//647 632//632
f 610//610 864//864 609//609
f 611//611 864//864 650//650
f 609//609 611//611 647//647
f 864//864 611//611 609//609
f 614//614 586//586 612//612
f 614//614 613//613 654//654
f 614//614 612//612 613//613
f 616//616 615//615 617//617
f 606//606 618//618 615//615
f 618//618 617//617 615//615
f 617//617 618//618 616//616
f 607//607 606//606 604//604
f 618//618 606//606 607//607
f 619//619 440//440 616//616
f 616//616 622//622 620//620
f 616//616 618//618 622//622
f 625//625 616//616 620//620
f 620//620 621//621 625//625
f 622//622 623//623 621//621
f 620//620 622//622 621//621
f 618//618 624//624 622//622
f 623//623 622//622 624//624
f 623//623 629//629 621//621
f 431//431 625//625 621//621
f 623//623 633//633 629//629
f 623//623 624//624 633//633
f 608//608 626//626 624//624
f 626//626 633//633 624//624
f 433//433 621//621 627//627
f 637//637 433//433 627//627
f 629//629 628//628 621//621
f 621//621 628//628 627//627
f 628//628 630//630 627//627
f 627//627 630//630 637//637
f 630//630 642//642 637//637
f 629//629 630//630 628//628
f 633//633 634//634 629//629
f 634//634 635//635 629//629
f 630//630 635//635 642//642
f 635//635 630//630 629//629
f 609//609 631//631 626//626
f 609//609 632//632 631//631
f 626//626 631//631 633//633
f 631//631 632//632 633//633
f 632//632 634//634 633//633
f 632//632 635//635 634//634
f 632//632 647//647 635//635
f 647//647 642//642 635//635
f 636//636 433//433 637//637
f 636//636 641//641 433//433
f 641//641 638//638 433//433
f 648//648 433//433 638//638
f 433//433 648//648 443//443
f 638//638 646//646 648//648
f 637//637 639//639 636//636
f 636//636 639//639 640//640
f 640//640 641//641 636//636
f 637//637 642//642 639//639
f 642//642 643//643 644//644
f 639//639 642//642 644//644
f 640//640 639//639 644//644
f 644//644 641//641 640//640
f 646//646 641//641 644//644
f 646//646 638//638 641//641
f 643//643 645//645 644//644
f 643//643 650//650 645//645
f 650//650 651//651 645//645
f 651//651 649//649 645//645
f 644//644 645//645 646//646
f 646//646 645//645 649//649
f 611//611 642//642 647//647
f 643//643 642//642 611//611
f 650//650 643//643 611//611
f 443//443 653//653 656//656
f 653//653 443//443 648//648
f 648//648 646//646 649//649
f 649//649 653//653 648//648
f 651//651 652//652 649//649
f 653//653 649//649 652//652
f 651//651 650//650 652//652
f 652//652 650//650 866//866
f 655//655 614//614 654//654
f 655//655 1066//1066 614//614
f 448//448 656//656 658//658
f 658//658 656//656 657//657
f 653//653 657//657 656//656
f 657//657 653//653 868//868
f 657//657 871//871 663//663
f 655//655 667//667 885//885
f 658//658 660//660 448//448
f 657//657 660//660 658//658
f 659//659 660//660 661//661
f 662//662 660//660 657//657
f 662//662 665//665 660//660
f 660//660 665//665 661//661
f 663//663 665//665 662//662
f 661//661 665//665 664//664
f 664//664 671//671 661//661
f 663//663 662//662 657//657
f 664//664 672//672 671//671
f 664//664 666//666 674//674
f 664//664 674//674 672//672
f 664//664 665//665 666//666
f 877//877 884//884 665//665
f 665//665 884//884 666//666
f 885//885 667//667 669//669
f 669//669 668//668 670//670
f 682//682 669//669 670//670
f 885//885 669//669 682//682
f 681//681 670//670 452//452
f 670//670 681//681 682//682
f 449//449 659//659 673//673
f 661//661 673//673 659//659
f 661//661 671//671 673//673
f 672//672 675//675 671//671
f 671//671 675//675 673//673
f 676//676 673//673 675//675
f 672//672 674//674 675//675
f 674//674 677//677 675//675
f 675//675 677//677 676//676
f 673//673 676//676 684//684
f 666//666 678//678 674//674
f 678//678 677//677 674//674
f 676//676 677//677 679//679
f 677//677 678//678 679//679
f 679//679 684//684 676//676
f 679//679 678//678 680//680
f 886//886 678//678 666//666
f 886//886 680//680 678//678
f 886//886 888//888 680//680
f 682//682 681//681 454//454
f 889//889 682//682 454//454
f 682//682 889//889 885//885
f 684//684 683//683 673//673
f 891//891 683//683 684//684
f 683//683 891//891 687//687
f 889//889 457//457 685//685
f 466//466 685//685 457//457
f 689//689 688//688 686//686
f 689//689 683//683 687//687
f 686//686 688//688 690//690
f 694//694 465//465 690//690
f 688//688 689//689 690//690
f 690//690 689//689 691//691
f 895//895 691//691 689//689
f 691//691 692//692 690//690
f 692//692 896//896 690//690
f 895//895 692//692 691//691
f 693//693 695//695 474//474
f 695//695 693//693 694//694
f 900//900 694//694 690//690
f 701//701 695//695 900//900
f 695//695 694//694 900//900
f 477//477 475//475 696//696
f 702//702 477//477 696//696
f 477//477 702//702 901//901
f 696//696 475//475 697//697
f 695//695 701//701 699//699
f 4547//4547 695//695 699//699
f 4548//4548 4552//4552 698//698
f 4549//4549 700//700 4546//4546
f 696//696 4556//4556 702//702
f 4549//4549 4550//4550 700//700
f 4557//4557 4553//4553 4560//4560
f 4551//4551 4553//4553 4557//4557
f 901//901 702//702 902//902
f 702//702 4554//4554 902//902
f 4571//4571 4555//4555 4558//4558
f 909//909 4572//4572 4559//4559
f 703//703 713//713 924//924
f 712//712 713//713 703//703
f 924//924 713//713 925//925
f 705//705 706//706 704//704
f 705//705 704//704 703//703
f 704//704 714//714 703//703
f 705//705 703//703 924//924
f 704//704 708//708 714//714
f 706//706 708//708 704//704
f 928//928 707//707 706//706
f 706//706 707//707 708//708
f 710//710 709//709 708//708
f 710//710 711//711 709//709
f 708//708 707//707 710//710
f 710//710 707//707 711//711
f 711//711 719//719 709//709
f 712//712 725//725 941//941
f 941//941 725//725 952//952
f 941//941 932//932 713//713
f 712//712 941//941 713//713
f 725//725 714//714 716//716
f 716//716 726//726 725//725
f 712//712 703//703 714//714
f 712//712 714//714 725//725
f 717//717 726//726 716//716
f 715//715 716//716 718//718
f 727//727 717//717 715//715
f 718//718 727//727 715//715
f 715//715 717//717 716//716
f 716//716 480//480 718//718
f 709//709 480//480 716//716
f 709//709 716//716 708//708
f 716//716 714//714 708//708
f 480//480 709//709 719//719
f 721//721 719//719 711//711
f 720//720 721//721 711//711
f 711//711 931//931 720//720
f 933//933 721//721 720//720
f 933//933 722//722 721//721
f 935//935 722//722 933//933
f 723//723 722//722 935//935
f 952//952 725//725 735//735
f 725//725 724//724 735//735
f 725//725 726//726 724//724
f 724//724 726//726 736//736
f 726//726 717//717 738//738
f 727//727 728//728 717//717
f 738//738 717//717 728//728
f 738//738 728//728 730//730
f 729//729 727//727 718//718
f 727//727 729//729 728//728
f 728//728 729//729 730//730
f 731//731 730//730 729//729
f 956//956 730//730 731//731
f 481//481 729//729 718//718
f 481//481 732//732 729//729
f 731//731 729//729 732//732
f 739//739 731//731 732//732
f 739//739 956//956 731//731
f 482//482 719//719 721//721
f 721//721 733//733 482//482
f 483//483 482//482 733//733
f 489//489 721//721 722//722
f 750//750 501//501 489//489
f 734//734 489//489 722//722
f 750//750 489//489 751//751
f 734//734 751//751 489//489
f 723//723 734//734 722//722
f 751//751 734//734 752//752
f 752//752 734//734 753//753
f 734//734 723//723 753//753
f 753//753 723//723 943//943
f 952//952 735//735 969//969
f 735//735 724//724 754//754
f 735//735 754//754 969//969
f 724//724 736//736 754//754
f 736//736 970//970 754//754
f 736//736 737//737 970//970
f 726//726 737//737 736//736
f 738//738 737//737 726//726
f 739//739 732//732 740//740
f 956//956 739//739 957//957
f 739//739 741//741 957//957
f 482//482 740//740 732//732
f 741//741 739//739 740//740
f 482//482 490//490 740//740
f 490//490 742//742 740//740
f 743//743 742//742 490//490
f 492//492 743//743 490//490
f 741//741 740//740 742//742
f 744//744 742//742 743//743
f 492//492 744//744 743//743
f 744//744 741//741 742//742
f 741//741 744//744 745//745
f 746//746 747//747 492//492
f 748//748 746//746 507//507
f 747//747 4561//4561 492//492
f 746//746 748//748 747//747
f 4562//4562 4563//4563 749//749
f 745//745 4562//4562 749//749
f 744//744 4562//4562 745//745
f 750//750 502//502 501//501
f 750//750 759//759 520//520
f 751//751 752//752 753//753
f 753//753 761//761 751//751
f 751//751 761//761 763//763
f 763//763 758//758 751//751
f 758//758 750//750 751//751
f 761//761 753//753 765//765
f 753//753 945//945 765//765
f 945//945 974//974 765//765
f 749//749 4540//4540 508//508
f 756//756 749//749 508//508
f 749//749 4563//4563 4540//4540
f 756//756 745//745 749//749
f 745//745 756//756 972//972
f 755//755 4540//4540 509//509
f 756//756 4540//4540 755//755
f 756//756 755//755 972//972
f 757//757 759//759 750//750
f 4564//4564 757//757 750//750
f 762//762 757//757 4564//4564
f 4565//4565 758//758 763//763
f 768//768 759//759 760//760
f 760//760 759//759 757//757
f 768//768 760//760 769//769
f 762//762 760//760 757//757
f 769//769 760//760 762//762
f 763//763 769//769 4565//4565
f 761//761 765//765 764//764
f 761//761 764//764 763//763
f 765//765 773//773 764//764
f 764//764 773//773 772//772
f 764//764 772//772 763//763
f 974//974 773//773 765//765
f 766//766 767//767 755//755
f 767//767 984//984 755//755
f 535//535 767//767 766//766
f 535//535 546//546 767//767
f 984//984 767//767 775//775
f 768//768 778//778 759//759
f 768//768 769//769 770//770
f 771//771 770//770 769//769
f 768//768 4566//4566 778//778
f 769//769 763//763 771//771
f 763//763 772//772 771//771
f 770//770 771//771 781//781
f 773//773 783//783 772//772
f 772//772 783//783 781//781
f 772//772 781//781 771//771
f 546//546 776//776 774//774
f 767//767 546//546 774//774
f 767//767 774//774 4567//4567
f 776//776 4567//4567 774//774
f 776//776 777//777 4568//4568
f 776//776 787//787 777//777
f 778//778 4566//4566 779//779
f 780//780 790//790 4566//4566
f 790//790 780//780 782//782
f 790//790 779//779 4566//4566
f 781//781 783//783 782//782
f 782//782 780//780 781//781
f 781//781 780//780 770//770
f 782//782 793//793 790//790
f 782//782 783//783 784//784
f 797//797 782//782 784//784
f 783//783 785//785 784//784
f 784//784 785//785 797//797
f 782//782 794//794 793//793
f 782//782 797//797 794//794
f 785//785 1010//1010 797//797
f 787//787 776//776 546//546
f 786//786 787//787 546//546
f 1002//1002 777//777 1594//1594
f 778//778 779//779 788//788
f 788//788 789//789 778//778
f 789//789 549//549 778//778
f 779//779 791//791 788//788
f 779//779 790//790 791//791
f 790//790 793//793 791//791
f 791//791 799//799 788//788
f 791//791 792//792 806//806
f 791//791 793//793 792//792
f 793//793 794//794 795//795
f 798//798 795//795 796//796
f 797//797 795//795 794//794
f 797//797 796//796 795//795
f 796//796 797//797 1010//1010
f 796//796 1010//1010 798//798
f 793//793 795//795 801//801
f 792//792 800//800 806//806
f 792//792 793//793 800//800
f 798//798 802//802 795//795
f 804//804 786//786 546//546
f 804//804 787//787 786//786
f 787//787 1594//1594 777//777
f 787//787 804//804 1594//1594
f 799//799 791//791 806//806
f 799//799 806//806 805//805
f 799//799 805//805 553//553
f 793//793 801//801 800//800
f 801//801 795//795 802//802
f 801//801 808//808 800//800
f 800//800 807//807 806//806
f 800//800 808//808 807//807
f 808//808 801//801 802//802
f 808//808 802//802 803//803
f 803//803 802//802 1015//1015
f 803//803 1013//1013 809//809
f 1015//1015 1014//1014 1013//1013
f 809//809 1013//1013 812//812
f 554//554 805//805 806//806
f 807//807 554//554 806//806
f 807//807 808//808 554//554
f 803//803 809//809 808//808
f 808//808 809//809 810//810
f 810//810 817//817 566//566
f 811//811 810//810 809//809
f 811//811 817//817 810//810
f 811//811 812//812 817//817
f 809//809 812//812 811//811
f 817//817 812//812 818//818
f 812//812 813//813 818//818
f 815//815 813//813 812//812
f 813//813 816//816 1018//1018
f 1013//1013 1014//1014 814//814
f 812//812 1013//1013 814//814
f 812//812 814//814 815//815
f 814//814 816//816 815//815
f 816//816 813//813 815//815
f 570//570 565//565 817//817
f 570//570 817//817 819//819
f 817//817 818//818 819//819
f 813//813 819//819 818//818
f 813//813 1018//1018 819//819
f 819//819 1018//1018 1020//1020
f 1020//1020 822//822 819//819
f 569//569 570//570 820//820
f 570//570 819//819 822//822
f 822//822 820//820 570//570
f 822//822 1020//1020 1028//1028
f 569//569 820//820 573//573
f 820//820 827//827 826//826
f 822//822 821//821 820//820
f 822//822 824//824 821//821
f 824//824 822//822 829//829
f 824//824 823//823 821//821
f 823//823 820//820 821//821
f 824//824 829//829 823//823
f 822//822 1035//1035 829//829
f 825//825 831//831 574//574
f 573//573 820//820 826//826
f 573//573 826//826 4569//4569
f 827//827 4569//4569 826//826
f 827//827 832//832 4569//4569
f 827//827 828//828 832//832
f 828//828 820//820 823//823
f 827//827 820//820 828//828
f 823//823 830//830 828//828
f 828//828 830//830 832//832
f 829//829 830//830 823//823
f 831//831 834//834 577//577
f 825//825 833//833 831//831
f 834//834 831//831 833//833
f 833//833 4569//4569 832//832
f 833//833 836//836 834//834
f 833//833 835//835 836//836
f 576//576 401//401 1052//1052
f 577//577 834//834 579//579
f 836//836 835//835 837//837
f 1047//1047 838//838 835//835
f 840//840 1052//1052 401//401
f 834//834 836//836 579//579
f 836//836 837//837 582//582
f 837//837 838//838 842//842
f 838//838 837//837 835//835
f 837//837 842//842 583//583
f 845//845 842//842 838//838
f 847//847 845//845 838//838
f 847//847 838//838 839//839
f 1047//1047 839//839 838//838
f 1047//1047 1053//1053 839//839
f 839//839 1053//1053 850//850
f 840//840 841//841 1052//1052
f 841//841 840//840 851//851
f 843//843 842//842 845//845
f 846//846 843//843 845//845
f 844//844 843//843 846//846
f 846//846 845//845 847//847
f 847//847 848//848 846//846
f 848//848 844//844 846//846
f 848//848 849//849 844//844
f 849//849 848//848 839//839
f 848//848 847//847 839//839
f 850//850 849//849 839//839
f 604//604 602//602 850//850
f 850//850 855//855 604//604
f 852//852 854//854 853//853
f 852//852 853//853 851//851
f 841//841 851//851 853//853
f 856//856 855//855 850//850
f 855//855 856//856 604//604
f 856//856 857//857 604//604
f 607//607 604//604 857//857
f 856//856 859//859 857//857
f 608//608 607//607 862//862
f 859//859 862//862 607//607
f 859//859 863//863 862//862
f 607//607 857//857 859//859
f 859//859 860//860 863//863
f 858//858 860//860 856//856
f 863//863 860//860 861//861
f 859//859 856//856 860//860
f 858//858 1062//1062 861//861
f 860//860 858//858 861//861
f 608//608 862//862 610//610
f 610//610 862//862 863//863
f 864//864 863//863 861//861
f 1062//1062 864//864 861//861
f 865//865 864//864 1062//1062
f 610//610 863//863 864//864
f 864//864 866//866 650//650
f 865//865 1064//1064 864//864
f 1064//1064 866//866 864//864
f 1063//1063 1064//1064 865//865
f 586//586 854//854 852//852
f 854//854 586//586 1066//1066
f 586//586 614//614 1066//1066
f 652//652 866//866 653//653
f 866//866 1065//1065 653//653
f 1065//1065 867//867 653//653
f 653//653 867//867 868//868
f 867//867 870//870 868//868
f 867//867 1068//1068 870//870
f 1068//1068 867//867 1067//1067
f 868//868 870//870 657//657
f 870//870 869//869 657//657
f 873//873 657//657 869//869
f 657//657 873//873 871//871
f 869//869 870//870 872//872
f 870//870 1068//1068 872//872
f 869//869 872//872 873//873
f 1068//1068 1069//1069 872//872
f 872//872 1070//1070 882//882
f 1069//1069 1070//1070 872//872
f 885//885 1066//1066 655//655
f 1495//1495 1066//1066 885//885
f 874//874 663//663 871//871
f 663//663 874//874 665//665
f 876//876 874//874 871//871
f 876//876 875//875 874//874
f 874//874 875//875 665//665
f 875//875 877//877 665//665
f 875//875 878//878 877//877
f 873//873 4570//4570 871//871
f 873//873 881//881 4570//4570
f 881//881 875//875 876//876
f 875//875 881//881 878//878
f 883//883 881//881 873//873
f 873//873 872//872 882//882
f 883//883 873//873 882//882
f 877//877 878//878 884//884
f 878//878 879//879 884//884
f 879//879 887//887 884//884
f 878//878 880//880 879//879
f 1078//1078 878//878 881//881
f 1078//1078 880//880 878//878
f 880//880 1078//1078 893//893
f 1078//1078 881//881 883//883
f 882//882 1070//1070 883//883
f 1076//1076 1289//1289 885//885
f 880//880 887//887 879//879
f 884//884 886//886 666//666
f 884//884 887//887 886//886
f 888//888 886//886 887//887
f 887//887 880//880 888//888
f 893//893 888//888 880//880
f 680//680 888//888 893//893
f 1076//1076 885//885 889//889
f 679//679 891//891 684//684
f 892//892 679//679 680//680
f 679//679 892//892 891//891
f 893//893 892//892 680//680
f 891//891 1084//1084 687//687
f 1084//1084 891//891 892//892
f 1078//1078 1084//1084 893//893
f 1084//1084 892//892 893//893
f 889//889 685//685 890//890
f 890//890 685//685 1083//1083
f 1083//1083 685//685 1091//1091
f 1084//1084 894//894 687//687
f 1091//1091 685//685 278//278
f 278//278 280//280 1092//1092
f 1091//1091 278//278 1092//1092
f 687//687 895//895 689//689
f 895//895 687//687 898//898
f 687//687 1093//1093 898//898
f 1310//1310 1092//1092 280//280
f 1310//1310 469//469 1311//1311
f 690//690 896//896 900//900
f 897//897 896//896 692//692
f 692//692 895//895 897//897
f 897//897 895//895 898//898
f 900//900 896//896 897//897
f 912//912 899//899 477//477
f 907//907 701//701 900//900
f 907//907 900//900 897//897
f 1097//1097 899//899 912//912
f 914//914 907//907 897//897
f 1096//1096 897//897 898//898
f 897//897 1096//1096 914//914
f 477//477 901//901 912//912
f 901//901 904//904 912//912
f 4577//4577 909//909 4559//4559
f 905//905 903//903 906//906
f 902//902 904//904 901//901
f 904//904 4573//4573 4580//4580
f 912//912 904//904 908//908
f 4580//4580 908//908 904//904
f 4575//4575 4576//4576 4574//4574
f 907//907 910//910 4581//4581
f 4578//4578 4582//4582 4583//4583
f 914//914 910//910 907//907
f 4579//4579 4584//4584 911//911
f 4586//4586 4585//4585 4588//4588
f 912//912 908//908 4587//4587
f 913//913 912//912 4587//4587
f 4589//4589 913//913 4587//4587
f 918//918 921//921 916//916
f 916//916 927//927 926//926
f 927//927 916//916 915//915
f 921//921 915//915 916//916
f 917//917 918//918 916//916
f 921//921 918//918 1100//1100
f 916//916 1101//1101 919//919
f 917//917 916//916 919//919
f 917//917 919//919 1100//1100
f 1100//1100 918//918 917//917
f 919//919 1101//1101 1100//1100
f 924//924 920//920 705//705
f 915//915 921//921 920//920
f 923//923 920//920 921//921
f 921//921 922//922 923//923
f 1100//1100 1106//1106 921//921
f 1105//1105 922//922 921//921
f 928//928 923//923 707//707
f 922//922 1110//1110 923//923
f 923//923 930//930 929//929
f 923//923 1117//1117 930//930
f 1117//1117 923//923 1110//1110
f 932//932 1127//1127 1119//1119
f 925//925 713//713 932//932
f 1119//1119 925//925 932//932
f 924//924 925//925 927//927
f 927//927 915//915 924//924
f 925//925 926//926 927//927
f 1101//1101 916//916 926//926
f 926//926 925//925 1101//1101
f 915//915 920//920 924//924
f 920//920 923//923 928//928
f 705//705 920//920 928//928
f 706//706 705//705 928//928
f 929//929 707//707 923//923
f 929//929 711//711 707//707
f 931//931 711//711 929//929
f 930//930 931//931 929//929
f 930//930 1121//1121 931//931
f 1127//1127 932//932 1126//1126
f 932//932 942//942 1126//1126
f 931//931 933//933 720//720
f 931//931 1128//1128 933//933
f 933//933 934//934 935//935
f 1128//1128 934//934 933//933
f 1128//1128 1129//1129 934//934
f 934//934 1129//1129 936//936
f 937//937 936//936 1129//1129
f 935//935 936//936 723//723
f 934//934 936//936 935//935
f 723//723 936//936 938//938
f 937//937 938//938 936//936
f 939//939 937//937 940//940
f 939//939 938//938 937//937
f 940//940 944//944 939//939
f 937//937 1125//1125 940//940
f 1125//1125 1132//1132 940//940
f 940//940 1132//1132 1133//1133
f 940//940 1133//1133 949//949
f 942//942 950//950 1126//1126
f 1137//1137 1126//1126 950//950
f 941//941 942//942 932//932
f 943//943 945//945 753//753
f 723//723 938//938 943//943
f 938//938 944//944 943//943
f 944//944 938//938 939//939
f 943//943 948//948 945//945
f 948//948 958//958 975//975
f 945//945 948//948 975//975
f 943//943 944//944 947//947
f 948//948 943//943 947//947
f 940//940 947//947 944//944
f 940//940 946//946 947//947
f 949//949 946//946 940//940
f 949//949 947//947 946//946
f 948//948 949//949 958//958
f 948//948 947//947 949//949
f 1138//1138 958//958 949//949
f 949//949 1133//1133 1138//1138
f 964//964 950//950 951//951
f 941//941 950//950 942//942
f 950//950 941//941 951//951
f 941//941 952//952 951//951
f 738//738 954//954 737//737
f 970//970 737//737 954//954
f 954//954 738//738 953//953
f 970//970 954//954 955//955
f 954//954 953//953 955//955
f 953//953 1141//1141 955//955
f 955//955 1141//1141 1151//1151
f 1141//1141 953//953 738//738
f 738//738 1142//1142 1141//1141
f 1142//1142 738//738 730//730
f 956//956 1142//1142 730//730
f 1142//1142 956//956 1340//1340
f 957//957 1340//1340 956//956
f 971//971 957//957 745//745
f 741//741 745//745 957//957
f 975//975 974//974 945//945
f 958//958 960//960 975//975
f 958//958 959//959 960//960
f 975//975 960//960 961//961
f 960//960 962//962 961//961
f 959//959 962//962 960//960
f 962//962 1144//1144 963//963
f 961//961 962//962 963//963
f 963//963 1145//1145 961//961
f 978//978 965//965 979//979
f 965//965 950//950 964//964
f 965//965 964//964 966//966
f 964//964 967//967 4592//4592
f 964//964 951//951 967//967
f 4592//4592 968//968 4591//4591
f 4592//4592 967//967 968//968
f 4591//4591 968//968 977//977
f 1150//1150 950//950 965//965
f 981//981 968//968 967//967
f 951//951 981//981 967//967
f 968//968 981//981 977//977
f 951//951 1174//1174 981//981
f 952//952 969//969 951//951
f 951//951 969//969 982//982
f 969//969 754//754 983//983
f 754//754 970//970 983//983
f 970//970 955//955 1177//1177
f 1151//1151 1177//1177 955//955
f 957//957 971//971 1152//1152
f 971//971 745//745 973//973
f 972//972 973//973 745//745
f 1152//1152 971//971 973//973
f 975//975 985//985 974//974
f 974//974 985//985 773//773
f 961//961 1154//1154 975//975
f 1154//1154 985//985 975//975
f 992//992 976//976 993//993
f 993//993 976//976 978//978
f 992//992 1161//1161 976//976
f 979//979 993//993 978//978
f 4599//4599 4593//4593 980//980
f 4593//4593 977//977 980//980
f 4599//4599 980//980 998//998
f 977//977 4593//4593 4591//4591
f 951//951 1175//1175 1174//1174
f 951//951 982//982 1175//1175
f 969//969 983//983 982//982
f 1165//1165 1176//1176 983//983
f 1177//1177 1165//1165 970//970
f 970//970 1165//1165 983//983
f 972//972 755//755 984//984
f 984//984 973//973 972//972
f 984//984 1004//1004 1166//1166
f 1001//1001 984//984 4568//4568
f 785//785 783//783 773//773
f 785//785 773//773 1010//1010
f 1010//1010 773//773 1005//1005
f 1154//1154 1167//1167 985//985
f 1007//1007 986//986 1008//1008
f 996//996 988//988 986//986
f 4595//4595 997//997 990//990
f 986//986 988//988 987//987
f 986//986 987//987 1008//1008
f 4594//4594 4596//4596 989//989
f 4595//4595 990//990 989//989
f 4600//4600 4594//4594 1009//1009
f 990//990 1009//1009 989//989
f 989//989 1009//1009 4594//4594
f 990//990 997//997 1202//1202
f 992//992 995//995 991//991
f 995//995 997//997 4597//4597
f 988//988 996//996 4598//4598
f 4595//4595 4597//4597 997//997
f 992//992 994//994 995//995
f 992//992 993//993 994//994
f 4599//4599 998//998 994//994
f 992//992 996//996 1161//1161
f 995//995 994//994 998//998
f 996//996 992//992 4598//4598
f 995//995 998//998 997//997
f 1161//1161 996//996 986//986
f 997//997 998//998 1173//1173
f 998//998 980//980 1173//1173
f 999//999 982//982 983//983
f 983//983 1000//1000 999//999
f 1176//1176 1000//1000 983//983
f 1002//1002 1001//1001 4568//4568
f 4568//4568 777//777 1002//1002
f 984//984 1001//1001 1003//1003
f 1002//1002 1003//1003 1001//1001
f 1004//1004 984//984 1003//1003
f 1003//1003 1002//1002 1004//1004
f 1002//1002 1594//1594 1004//1004
f 1005//1005 1011//1011 1010//1010
f 1005//1005 1012//1012 1011//1011
f 773//773 985//985 1005//1005
f 985//985 1012//1012 1005//1005
f 1012//1012 985//985 1179//1179
f 1012//1012 1179//1179 1011//1011
f 1168//1168 1006//1006 1179//1179
f 1007//1007 1008//1008 1198//1198
f 4600//4600 1009//1009 4611//4611
f 4611//4611 1009//1009 1199//1199
f 1011//1011 798//798 1010//1010
f 802//802 798//798 1011//1011
f 1015//1015 802//802 1011//1011
f 1006//1006 1011//1011 1179//1179
f 1006//1006 1015//1015 1011//1011
f 1192//1192 1015//1015 1006//1006
f 1013//1013 803//803 1015//1015
f 1014//1014 1015//1015 1019//1019
f 1192//1192 1016//1016 1015//1015
f 1016//1016 1017//1017 1015//1015
f 1017//1017 1019//1019 1015//1015
f 1207//1207 1017//1017 1016//1016
f 1017//1017 1207//1207 1219//1219
f 1014//1014 1019//1019 814//814
f 814//814 1019//1019 1018//1018
f 816//816 814//814 1018//1018
f 1219//1219 1023//1023 1017//1017
f 1019//1019 1017//1017 1023//1023
f 1018//1018 1019//1019 1020//1020
f 1019//1019 1023//1023 1022//1022
f 1020//1020 1019//1019 1022//1022
f 1021//1021 1020//1020 1022//1022
f 1022//1022 1023//1023 1224//1224
f 804//804 576//576 1594//1594
f 1024//1024 1020//1020 1021//1021
f 1028//1028 1020//1020 1024//1024
f 1021//1021 1026//1026 1024//1024
f 1025//1025 1021//1021 1022//1022
f 1021//1021 1025//1025 1026//1026
f 1224//1224 1234//1234 1022//1022
f 1022//1022 1234//1234 1025//1025
f 1025//1025 1027//1027 1026//1026
f 1025//1025 1234//1234 1027//1027
f 1031//1031 1026//1026 1033//1033
f 1026//1026 1027//1027 1033//1033
f 1027//1027 1234//1234 1033//1033
f 822//822 1028//1028 1035//1035
f 1028//1028 1030//1030 1035//1035
f 1030//1030 1037//1037 1035//1035
f 1028//1028 1024//1024 1029//1029
f 1029//1029 1032//1032 1028//1028
f 1028//1028 1032//1032 1030//1030
f 1026//1026 1029//1029 1024//1024
f 1029//1029 1034//1034 1032//1032
f 1026//1026 1031//1031 1029//1029
f 1037//1037 1030//1030 1032//1032
f 1031//1031 1033//1033 1029//1029
f 1033//1033 1034//1034 1029//1029
f 1034//1034 1039//1039 1032//1032
f 1033//1033 1234//1234 1235//1235
f 1235//1235 1034//1034 1033//1033
f 829//829 1035//1035 830//830
f 1035//1035 1036//1036 830//830
f 1036//1036 1041//1041 830//830
f 832//832 830//830 1041//1041
f 1035//1035 1037//1037 1044//1044
f 1036//1036 1035//1035 1044//1044
f 1032//1032 1038//1038 1037//1037
f 1045//1045 1037//1037 1038//1038
f 1045//1045 1044//1044 1037//1037
f 1038//1038 1032//1032 1039//1039
f 1046//1046 1045//1045 1038//1038
f 1040//1040 1046//1046 1038//1038
f 1039//1039 1040//1040 1038//1038
f 1040//1040 1260//1260 1046//1046
f 833//833 832//832 1043//1043
f 1043//1043 835//835 833//833
f 1041//1041 1043//1043 832//832
f 1041//1041 1042//1042 1043//1043
f 1036//1036 1042//1042 1041//1041
f 1036//1036 1044//1044 1042//1042
f 1042//1042 1044//1044 1043//1043
f 1045//1045 1046//1046 1044//1044
f 1044//1044 1046//1046 1048//1048
f 1260//1260 1048//1048 1046//1046
f 1260//1260 1261//1261 1048//1048
f 835//835 1043//1043 1047//1047
f 1043//1043 1044//1044 1047//1047
f 1044//1044 1048//1048 1047//1047
f 1053//1053 1047//1047 1048//1048
f 1048//1048 1261//1261 1053//1053
f 1049//1049 1053//1053 1261//1261
f 1053//1053 1049//1049 1059//1059
f 1261//1261 1268//1268 1049//1049
f 1049//1049 1281//1281 1059//1059
f 1050//1050 1272//1272 1051//1051
f 1050//1050 1051//1051 1057//1057
f 1051//1051 1058//1058 1057//1057
f 1718//1718 1280//1280 1052//1052
f 1059//1059 850//850 1053//1053
f 1281//1281 1270//1270 1054//1054
f 1270//1270 1056//1056 1054//1054
f 1271//1271 1055//1055 1270//1270
f 1271//1271 1061//1061 1055//1055
f 1270//1270 1055//1055 1056//1056
f 1055//1055 1061//1061 1056//1056
f 1050//1050 1057//1057 1271//1271
f 1271//1271 1058//1058 1061//1061
f 1058//1058 1271//1271 1057//1057
f 1279//1279 1063//1063 1058//1058
f 1052//1052 841//841 853//853
f 1059//1059 856//856 850//850
f 1060//1060 1059//1059 1281//1281
f 1060//1060 856//856 1059//1059
f 1281//1281 1054//1054 1060//1060
f 1054//1054 1056//1056 1060//1060
f 1061//1061 1060//1060 1056//1056
f 1060//1060 1062//1062 856//856
f 1060//1060 1061//1061 1062//1062
f 1061//1061 1058//1058 1062//1062
f 858//858 856//856 1062//1062
f 1063//1063 1062//1062 1058//1058
f 854//854 1066//1066 853//853
f 865//865 1062//1062 1063//1063
f 1064//1064 1063//1063 1283//1283
f 866//866 1064//1064 1065//1065
f 1065//1065 1064//1064 1283//1283
f 1488//1488 1284//1284 1065//1065
f 1288//1288 1068//1068 1067//1067
f 867//867 1065//1065 1067//1067
f 1065//1065 1288//1288 1067//1067
f 1284//1284 1288//1288 1065//1065
f 1069//1069 1068//1068 1288//1288
f 1069//1069 1075//1075 1070//1070
f 1298//1298 1075//1075 1069//1069
f 1288//1288 1290//1290 1069//1069
f 1069//1069 1290//1290 1071//1071
f 1290//1290 1292//1292 1071//1071
f 1071//1071 1298//1298 1069//1069
f 1495//1495 885//885 1289//1289
f 1502//1502 1289//1289 1076//1076
f 883//883 1072//1072 1078//1078
f 1070//1070 1075//1075 1073//1073
f 1070//1070 1073//1073 883//883
f 883//883 1073//1073 1072//1072
f 1072//1072 1073//1073 1074//1074
f 1072//1072 1074//1074 1078//1078
f 1074//1074 1073//1073 1079//1079
f 1074//1074 1079//1079 1078//1078
f 1079//1079 1073//1073 1075//1075
f 1300//1300 1502//1502 1076//1076
f 889//889 890//890 1076//1076
f 1077//1077 1300//1300 1076//1076
f 1077//1077 1076//1076 890//890
f 1077//1077 890//890 1083//1083
f 1078//1078 1079//1079 1084//1084
f 1075//1075 1080//1080 1079//1079
f 1081//1081 1080//1080 1075//1075
f 1081//1081 1082//1082 1080//1080
f 1082//1082 1088//1088 1080//1080
f 1082//1082 1081//1081 1305//1305
f 1082//1082 1305//1305 4601//4601
f 1077//1077 1083//1083 1303//1303
f 1303//1303 1083//1083 1091//1091
f 1091//1091 1304//1304 1303//1303
f 1084//1084 1085//1085 894//894
f 1079//1079 1085//1085 1084//1084
f 1085//1085 1079//1079 1080//1080
f 1312//1312 1094//1094 1085//1085
f 1094//1094 894//894 1085//1085
f 1085//1085 1080//1080 1086//1086
f 1080//1080 1088//1088 1086//1086
f 1086//1086 1087//1087 1085//1085
f 1088//1088 1089//1089 1087//1087
f 1086//1086 1088//1088 1087//1087
f 1087//1087 1312//1312 1085//1085
f 1087//1087 1089//1089 1312//1312
f 4601//4601 1305//1305 1090//1090
f 1089//1089 1088//1088 4602//4602
f 4602//4602 1306//1306 1089//1089
f 1091//1091 1308//1308 1304//1304
f 1308//1308 1091//1091 1092//1092
f 1308//1308 1092//1092 1309//1309
f 1309//1309 1092//1092 1310//1310
f 1310//1310 1311//1311 1512//1512
f 687//687 894//894 1093//1093
f 898//898 1093//1093 1095//1095
f 894//894 1095//1095 1093//1093
f 1095//1095 894//894 1094//1094
f 1095//1095 1098//1098 898//898
f 1098//1098 4603//4603 898//898
f 1097//1097 912//912 913//913
f 1097//1097 913//913 4589//4589
f 4590//4590 4604//4604 4606//4606
f 4603//4603 1098//1098 1314//1314
f 4605//4605 4614//4614 4607//4607
f 1315//1315 1099//1099 1120//1120
f 1102//1102 1120//1120 1099//1099
f 1104//1104 1102//1102 1099//1099
f 1104//1104 1099//1099 1315//1315
f 1106//1106 1100//1100 1102//1102
f 1101//1101 1102//1102 1100//1100
f 1101//1101 925//925 1120//1120
f 1106//1106 1102//1102 1103//1103
f 1101//1101 1120//1120 1102//1102
f 1103//1103 1102//1102 1104//1104
f 1103//1103 1104//1104 1316//1316
f 1104//1104 1315//1315 1316//1316
f 1106//1106 1107//1107 1105//1105
f 922//922 1105//1105 1110//1110
f 1110//1110 1105//1105 1107//1107
f 1105//1105 921//921 1106//1106
f 1106//1106 1108//1108 1107//1107
f 1103//1103 1108//1108 1106//1106
f 1108//1108 1111//1111 1107//1107
f 1109//1109 1111//1111 1108//1108
f 1103//1103 1109//1109 1108//1108
f 1103//1103 1316//1316 1109//1109
f 1118//1118 1110//1110 1112//1112
f 1107//1107 1111//1111 1110//1110
f 1111//1111 1112//1112 1110//1110
f 1109//1109 1113//1113 1112//1112
f 1113//1113 1118//1118 1112//1112
f 1113//1113 1115//1115 1118//1118
f 1112//1112 1111//1111 1109//1109
f 1109//1109 1316//1316 1113//1113
f 1114//1114 1115//1115 1113//1113
f 1316//1316 1114//1114 1113//1113
f 1320//1320 1114//1114 1316//1316
f 1110//1110 1118//1118 1117//1117
f 1114//1114 1116//1116 1115//1115
f 1115//1115 1116//1116 1118//1118
f 1114//1114 1320//1320 1116//1116
f 1116//1116 1121//1121 1118//1118
f 1121//1121 1117//1117 1118//1118
f 1119//1119 1120//1120 925//925
f 1119//1119 1127//1127 1120//1120
f 1120//1120 1127//1127 1315//1315
f 1117//1117 1121//1121 930//930
f 1121//1121 1535//1535 931//931
f 1128//1128 931//931 1122//1122
f 1122//1122 1124//1124 1129//1129
f 931//931 1123//1123 1122//1122
f 1124//1124 1122//1122 1123//1123
f 931//931 1535//1535 1123//1123
f 1123//1123 1535//1535 1124//1124
f 1124//1124 1326//1326 1131//1131
f 1131//1131 1326//1326 1125//1125
f 1127//1127 1126//1126 1329//1329
f 1126//1126 1334//1334 1329//1329
f 1777//1777 1127//1127 1329//1329
f 1128//1128 1122//1122 1129//1129
f 1131//1131 1129//1129 1124//1124
f 1125//1125 937//937 1130//1130
f 1131//1131 1125//1125 1129//1129
f 1125//1125 1130//1130 1129//1129
f 1130//1130 937//937 1129//1129
f 1132//1132 1134//1134 1133//1133
f 1135//1135 1133//1133 1134//1134
f 1138//1138 1133//1133 4608//4608
f 1134//1134 1136//1136 1135//1135
f 1136//1136 1139//1139 1135//1135
f 1136//1136 1134//1134 1132//1132
f 1137//1137 950//950 1150//1150
f 1137//1137 1150//1150 1334//1334
f 1126//1126 1137//1137 1334//1334
f 4608//4608 1139//1139 1138//1138
f 1136//1136 1140//1140 1139//1139
f 1336//1336 1136//1136 1132//1132
f 1138//1138 1342//1342 958//958
f 1336//1336 1140//1140 1136//1136
f 1140//1140 1337//1337 1139//1139
f 1138//1138 1337//1337 1342//1342
f 1139//1139 1337//1337 1138//1138
f 1141//1141 1142//1142 1340//1340
f 1141//1141 1340//1340 1349//1349
f 1143//1143 957//957 1152//1152
f 957//957 1143//1143 1340//1340
f 1152//1152 1352//1352 1143//1143
f 959//959 1144//1144 962//962
f 1145//1145 963//963 1147//1147
f 1146//1146 963//963 1144//1144
f 1147//1147 963//963 1146//1146
f 958//958 1148//1148 959//959
f 959//959 1148//1148 1144//1144
f 1148//1148 1146//1146 1144//1144
f 1146//1146 1148//1148 1147//1147
f 1147//1147 1149//1149 1156//1156
f 1148//1148 1149//1149 1147//1147
f 1342//1342 1148//1148 958//958
f 965//965 978//978 1150//1150
f 1348//1348 1151//1151 1349//1349
f 1141//1141 1349//1349 1151//1151
f 1352//1352 1152//1152 973//973
f 1352//1352 973//973 1351//1351
f 1153//1153 1351//1351 973//973
f 1153//1153 1356//1356 1354//1354
f 1356//1356 1153//1153 973//973
f 1147//1147 1156//1156 1145//1145
f 1145//1145 1155//1155 961//961
f 961//961 1155//1155 1154//1154
f 1145//1145 1156//1156 1155//1155
f 1149//1149 1344//1344 1156//1156
f 1344//1344 1357//1357 1156//1156
f 1007//1007 1157//1157 1161//1161
f 1157//1157 1159//1159 1158//1158
f 1161//1161 1157//1157 4609//4609
f 1162//1162 1161//1161 4609//4609
f 1157//1157 1172//1172 1159//1159
f 1159//1159 1160//1160 4610//4610
f 1159//1159 1172//1172 1160//1160
f 1172//1172 1347//1347 1160//1160
f 1347//1347 1172//1172 1359//1359
f 1161//1161 978//978 976//976
f 1150//1150 1161//1161 1163//1163
f 1162//1162 4609//4609 1163//1163
f 1163//1163 1161//1161 1162//1162
f 1150//1150 1163//1163 1347//1347
f 4610//4610 1160//1160 1164//1164
f 4610//4610 1164//1164 1163//1163
f 1163//1163 1164//1164 1347//1347
f 1160//1160 1347//1347 1164//1164
f 978//978 1161//1161 1150//1150
f 981//981 980//980 977//977
f 1151//1151 1348//1348 1177//1177
f 1166//1166 973//973 984//984
f 1166//1166 1356//1356 973//973
f 1154//1154 1169//1169 1167//1167
f 1167//1167 1179//1179 985//985
f 1167//1167 1168//1168 1179//1179
f 1167//1167 1169//1169 1168//1168
f 1168//1168 1169//1169 1154//1154
f 1154//1154 1155//1155 1168//1168
f 1155//1155 1170//1170 1168//1168
f 1170//1170 1180//1180 1168//1168
f 1155//1155 1156//1156 1170//1170
f 1170//1170 1171//1171 1181//1181
f 1171//1171 1170//1170 1156//1156
f 1156//1156 1357//1357 1171//1171
f 1171//1171 1357//1357 1363//1363
f 1171//1171 1363//1363 1364//1364
f 1007//1007 1197//1197 1172//1172
f 1371//1371 1172//1172 1197//1197
f 1173//1173 1202//1202 997//997
f 1161//1161 986//986 1007//1007
f 1172//1172 1157//1157 1007//1007
f 981//981 1173//1173 980//980
f 982//982 1203//1203 1175//1175
f 1174//1174 1175//1175 1203//1203
f 982//982 999//999 1203//1203
f 1176//1176 1186//1186 1000//1000
f 1176//1176 1165//1165 1187//1187
f 1177//1177 1190//1190 1165//1165
f 1177//1177 1360//1360 1178//1178
f 1356//1356 1166//1166 1004//1004
f 1362//1362 1356//1356 1004//1004
f 1594//1594 1362//1362 1004//1004
f 1006//1006 1168//1168 1180//1180
f 1180//1180 1192//1192 1006//1006
f 1193//1193 1192//1192 1180//1180
f 1170//1170 1181//1181 1180//1180
f 1193//1193 1180//1180 1181//1181
f 1193//1193 1181//1181 1194//1194
f 1369//1369 1194//1194 1181//1181
f 990//990 1202//1202 1009//1009
f 1009//1009 1202//1202 1199//1199
f 1381//1381 1202//1202 1173//1173
f 1173//1173 1182//1182 1381//1381
f 1174//1174 1173//1173 981//981
f 1174//1174 1182//1182 1173//1173
f 1182//1182 1203//1203 1382//1382
f 1174//1174 1203//1203 1182//1182
f 999//999 1000//1000 1203//1203
f 1000//1000 1183//1183 1203//1203
f 1184//1184 1183//1183 1000//1000
f 1204//1204 1183//1183 1184//1184
f 1205//1205 1204//1204 1185//1185
f 1186//1186 1184//1184 1000//1000
f 1185//1185 1184//1184 1186//1186
f 1185//1185 1186//1186 1188//1188
f 1184//1184 1185//1185 1204//1204
f 1176//1176 1187//1187 1186//1186
f 1186//1186 1187//1187 1188//1188
f 1190//1190 1191//1191 1187//1187
f 1187//1187 1191//1191 1188//1188
f 1191//1191 1189//1189 1188//1188
f 1187//1187 1165//1165 1190//1190
f 1189//1189 1191//1191 1190//1190
f 1190//1190 1177//1177 1189//1189
f 1177//1177 1206//1206 1189//1189
f 1177//1177 1178//1178 1206//1206
f 1192//1192 1207//1207 1016//1016
f 1213//1213 1210//1210 1195//1195
f 1197//1197 1391//1391 1392//1392
f 1213//1213 1195//1195 1196//1196
f 1195//1195 1198//1198 1196//1196
f 1213//1213 1196//1196 1215//1215
f 1196//1196 1214//1214 1215//1215
f 1196//1196 1199//1199 1214//1214
f 1197//1197 1007//1007 1195//1195
f 1201//1201 1216//1216 1199//1199
f 1201//1201 1379//1379 1216//1216
f 1195//1195 1007//1007 1198//1198
f 4611//4611 1199//1199 1196//1196
f 1200//1200 1201//1201 1199//1199
f 1201//1201 1200//1200 1379//1379
f 1200//1200 1202//1202 1379//1379
f 1200//1200 1199//1199 1202//1202
f 1188//1188 1205//1205 1185//1185
f 1188//1188 1383//1383 1205//1205
f 1188//1188 1384//1384 1383//1383
f 1385//1385 1188//1188 1206//1206
f 1188//1188 1189//1189 1206//1206
f 1193//1193 1207//1207 1192//1192
f 1193//1193 1208//1208 1207//1207
f 1193//1193 1194//1194 1208//1208
f 1207//1207 1208//1208 1209//1209
f 1208//1208 1389//1389 1209//1209
f 1209//1209 1404//1404 1207//1207
f 1210//1210 1211//1211 1195//1195
f 1391//1391 1195//1195 1211//1211
f 1213//1213 1215//1215 1222//1222
f 1215//1215 1223//1223 1222//1222
f 1210//1210 1213//1213 1212//1212
f 1222//1222 1212//1212 1213//1213
f 1216//1216 1215//1215 1214//1214
f 1197//1197 1195//1195 1391//1391
f 1216//1216 1214//1214 1199//1199
f 1216//1216 1379//1379 1217//1217
f 1216//1216 1217//1217 1218//1218
f 1023//1023 1219//1219 1225//1225
f 1207//1207 1404//1404 1219//1219
f 1435//1435 1227//1227 1220//1220
f 1220//1220 1210//1210 1212//1212
f 1435//1435 1220//1220 1212//1212
f 1435//1435 1212//1212 1221//1221
f 1227//1227 1211//1211 1210//1210
f 1210//1210 1220//1220 1227//1227
f 1229//1229 1216//1216 1218//1218
f 1221//1221 1212//1212 1222//1222
f 1222//1222 1233//1233 1221//1221
f 1233//1233 1222//1222 1223//1223
f 1223//1223 1215//1215 1216//1216
f 1233//1233 1223//1223 1229//1229
f 1223//1223 1216//1216 1229//1229
f 1225//1225 1224//1224 1023//1023
f 1404//1404 1225//1225 1219//1219
f 1226//1226 1225//1225 1404//1404
f 1435//1435 1232//1232 1433//1433
f 1221//1221 1228//1228 1232//1232
f 1228//1228 1221//1221 1233//1233
f 1221//1221 1232//1232 1435//1435
f 1225//1225 1230//1230 1224//1224
f 1224//1224 1230//1230 1231//1231
f 1231//1231 1234//1234 1224//1224
f 1230//1230 1225//1225 1237//1237
f 1230//1230 1237//1237 1231//1231
f 1225//1225 1226//1226 1237//1237
f 1226//1226 1239//1239 1237//1237
f 1226//1226 1423//1423 1239//1239
f 1413//1413 1423//1423 1226//1226
f 1228//1228 1233//1233 1259//1259
f 1229//1229 1259//1259 1233//1233
f 1236//1236 1244//1244 1235//1235
f 1039//1039 1034//1034 1235//1235
f 1234//1234 1231//1231 1236//1236
f 1235//1235 1234//1234 1236//1236
f 1231//1231 1237//1237 1236//1236
f 1237//1237 1239//1239 1240//1240
f 1237//1237 1238//1238 1244//1244
f 1237//1237 1240//1240 1238//1238
f 1236//1236 1237//1237 1244//1244
f 1238//1238 1240//1240 1246//1246
f 1244//1244 1238//1238 1246//1246
f 1240//1240 1247//1247 1246//1246
f 1423//1423 1240//1240 1239//1239
f 1423//1423 1442//1442 1240//1240
f 1240//1240 1248//1248 1247//1247
f 1240//1240 1241//1241 1248//1248
f 1241//1241 1443//1443 1255//1255
f 1232//1232 1228//1228 1242//1242
f 1242//1242 1228//1228 1259//1259
f 1259//1259 1229//1229 1470//1470
f 1039//1039 1260//1260 1040//1040
f 1235//1235 1244//1244 1245//1245
f 1235//1235 1243//1243 1039//1039
f 1235//1235 1245//1245 1243//1243
f 1244//1244 1246//1246 1245//1245
f 1262//1262 1243//1243 1245//1245
f 1246//1246 1262//1262 1245//1245
f 1262//1262 1246//1246 1247//1247
f 1248//1248 1262//1262 1247//1247
f 1248//1248 1249//1249 1262//1262
f 1250//1250 1249//1249 1248//1248
f 1241//1241 1250//1250 1248//1248
f 1250//1250 1252//1252 1249//1249
f 1255//1255 1254//1254 1241//1241
f 1241//1241 1251//1251 1250//1250
f 1241//1241 1254//1254 1251//1251
f 1254//1254 1252//1252 1251//1251
f 1252//1252 1250//1250 1251//1251
f 1249//1249 1253//1253 1263//1263
f 1252//1252 1256//1256 1253//1253
f 1252//1252 1253//1253 1249//1249
f 1253//1253 1256//1256 1263//1263
f 1256//1256 1257//1257 1263//1263
f 1254//1254 1256//1256 1252//1252
f 1254//1254 1255//1255 1256//1256
f 1257//1257 1256//1256 1255//1255
f 1255//1255 1446//1446 1258//1258
f 1255//1255 1258//1258 1257//1257
f 1258//1258 1457//1457 1266//1266
f 1266//1266 1257//1257 1258//1258
f 1446//1446 1457//1457 1258//1258
f 1457//1457 1460//1460 1266//1266
f 1242//1242 1469//1469 1468//1468
f 1242//1242 1259//1259 1469//1469
f 1280//1280 1455//1455 576//576
f 1243//1243 1260//1260 1039//1039
f 1260//1260 1243//1243 1261//1261
f 1243//1243 1268//1268 1261//1261
f 1262//1262 1268//1268 1243//1243
f 1263//1263 1262//1262 1249//1249
f 1263//1263 1264//1264 1262//1262
f 1257//1257 1264//1264 1263//1263
f 1262//1262 1264//1264 1271//1271
f 1266//1266 1265//1265 1257//1257
f 1257//1257 1265//1265 1264//1264
f 1265//1265 1267//1267 1278//1278
f 1265//1265 1460//1460 1267//1267
f 1265//1265 1266//1266 1460//1460
f 1052//1052 1280//1280 576//576
f 1281//1281 1049//1049 1268//1268
f 1262//1262 1269//1269 1268//1268
f 1269//1269 1262//1262 1270//1270
f 1269//1269 1270//1270 1281//1281
f 1281//1281 1268//1268 1269//1269
f 1262//1262 1271//1271 1270//1270
f 1264//1264 1273//1273 1050//1050
f 1273//1273 1272//1272 1050//1050
f 1264//1264 1050//1050 1271//1271
f 1265//1265 1274//1274 1273//1273
f 1265//1265 1273//1273 1264//1264
f 1273//1273 1274//1274 1276//1276
f 1272//1272 1273//1273 1276//1276
f 1265//1265 1275//1275 1274//1274
f 1275//1275 1276//1276 1274//1274
f 1265//1265 1278//1278 1275//1275
f 1051//1051 1277//1277 1279//1279
f 1279//1279 1058//1058 1051//1051
f 1277//1277 1051//1051 1272//1272
f 1275//1275 1278//1278 1276//1276
f 1278//1278 1277//1277 1276//1276
f 1277//1277 1272//1272 1276//1276
f 1277//1277 1278//1278 1279//1279
f 1278//1278 1267//1267 1279//1279
f 1267//1267 1282//1282 1279//1279
f 1282//1282 1063//1063 1279//1279
f 1283//1283 1063//1063 1282//1282
f 853//853 1066//1066 1052//1052
f 1066//1066 1495//1495 1052//1052
f 1488//1488 1065//1065 1283//1283
f 1285//1285 1284//1284 1488//1488
f 1284//1284 1286//1286 1288//1288
f 1284//1284 1285//1285 1286//1286
f 1285//1285 1287//1287 1286//1286
f 1285//1285 1723//1723 1287//1287
f 1288//1288 1286//1286 1287//1287
f 1287//1287 1500//1500 1288//1288
f 1723//1723 1500//1500 1287//1287
f 1289//1289 1499//1499 1495//1495
f 1290//1290 1288//1288 1291//1291
f 4612//4612 1290//1290 1291//1291
f 1292//1292 1293//1293 1071//1071
f 1293//1293 1297//1297 1071//1071
f 1071//1071 1297//1297 1298//1298
f 1500//1500 1291//1291 1288//1288
f 1294//1294 4612//4612 1291//1291
f 1294//1294 1291//1291 1500//1500
f 1296//1296 4612//4612 1294//1294
f 1296//1296 1294//1294 1500//1500
f 1297//1297 1293//1293 1292//1292
f 1297//1297 1292//1292 1295//1295
f 1292//1292 1296//1296 1295//1295
f 1298//1298 1297//1297 1302//1302
f 1298//1298 1301//1301 1075//1075
f 1302//1302 1301//1301 1298//1298
f 1301//1301 1302//1302 1507//1507
f 1295//1295 1299//1299 1297//1297
f 1302//1302 1297//1297 1299//1299
f 1295//1295 1505//1505 1299//1299
f 1504//1504 1505//1505 1295//1295
f 1506//1506 1300//1300 1077//1077
f 1506//1506 1077//1077 1303//1303
f 1075//1075 1301//1301 1081//1081
f 1299//1299 1507//1507 1302//1302
f 1301//1301 1509//1509 1081//1081
f 1509//1509 1305//1305 1081//1081
f 1090//1090 1305//1305 4613//4613
f 4613//4613 1305//1305 1307//1307
f 1089//1089 1306//1306 1312//1312
f 1313//1313 1312//1312 1306//1306
f 1307//1307 1313//1313 4613//4613
f 1313//1313 1307//1307 1513//1513
f 1305//1305 1513//1513 1307//1307
f 1305//1305 1509//1509 1513//1513
f 1308//1308 1508//1508 1304//1304
f 1312//1312 1313//1313 1094//1094
f 1094//1094 1313//1313 1095//1095
f 1313//1313 1098//1098 1095//1095
f 1519//1519 1313//1313 1516//1516
f 1098//1098 1519//1519 1314//1314
f 4626//4626 1518//1518 4615//4615
f 899//899 1097//1097 4625//4625
f 1519//1519 1098//1098 1313//1313
f 4625//4625 1097//1097 4616//4616
f 1317//1317 1316//1316 1315//1315
f 1777//1777 1317//1317 1315//1315
f 1317//1317 1318//1318 1316//1316
f 1320//1320 1316//1316 1318//1318
f 1525//1525 1318//1318 1317//1317
f 1318//1318 1319//1319 1320//1320
f 1320//1320 1319//1319 1526//1526
f 1318//1318 1525//1525 1319//1319
f 1320//1320 1527//1527 1321//1321
f 1320//1320 1321//1321 1116//1116
f 1116//1116 1321//1321 1121//1121
f 1527//1527 1529//1529 1321//1321
f 1322//1322 1121//1121 1321//1321
f 1321//1321 1531//1531 1322//1322
f 1127//1127 1777//1777 1315//1315
f 1322//1322 1323//1323 1121//1121
f 1325//1325 1323//1323 1322//1322
f 1323//1323 1324//1324 1121//1121
f 1323//1323 1325//1325 1324//1324
f 1325//1325 1534//1534 1324//1324
f 1535//1535 1326//1326 1124//1124
f 1535//1535 1537//1537 1326//1326
f 1326//1326 1536//1536 1125//1125
f 1326//1326 1537//1537 1536//1536
f 1132//1132 1125//1125 1536//1536
f 1334//1334 1327//1327 1329//1329
f 1328//1328 1329//1329 1327//1327
f 1329//1329 1328//1328 1539//1539
f 1539//1539 1777//1777 1329//1329
f 1330//1330 1331//1331 1132//1132
f 1330//1330 1132//1132 1536//1536
f 1540//1540 1331//1331 1330//1330
f 1330//1330 1536//1536 1540//1540
f 1540//1540 1542//1542 1331//1331
f 1132//1132 1332//1332 1333//1333
f 1333//1333 1336//1336 1132//1132
f 1132//1132 1331//1331 1332//1332
f 1331//1331 1542//1542 1332//1332
f 1333//1333 1546//1546 1336//1336
f 1546//1546 1333//1333 1332//1332
f 1542//1542 1546//1546 1332//1332
f 1328//1328 1334//1334 1338//1338
f 1335//1335 1328//1328 1338//1338
f 1335//1335 1545//1545 1328//1328
f 1339//1339 1545//1545 1335//1335
f 1328//1328 1327//1327 1334//1334
f 1336//1336 1337//1337 1140//1140
f 1336//1336 1547//1547 1337//1337
f 1150//1150 1347//1347 1338//1338
f 1338//1338 1347//1347 1560//1560
f 1338//1338 1334//1334 1150//1150
f 1338//1338 1339//1339 1335//1335
f 1338//1338 1560//1560 1339//1339
f 1340//1340 1143//1143 1552//1552
f 1552//1552 1143//1143 1553//1553
f 1341//1341 1553//1553 1143//1143
f 1553//1553 1341//1341 1566//1566
f 1143//1143 1350//1350 1341//1341
f 1342//1342 1343//1343 1148//1148
f 1342//1342 1346//1346 1343//1343
f 1343//1343 1555//1555 1148//1148
f 1148//1148 4635//4635 1149//1149
f 1342//1342 1337//1337 1345//1345
f 1342//1342 1345//1345 1346//1346
f 1346//1346 1555//1555 1343//1343
f 1345//1345 1554//1554 1346//1346
f 1345//1345 1337//1337 1554//1554
f 4635//4635 1568//1568 1149//1149
f 1149//1149 1568//1568 4617//4617
f 1554//1554 1337//1337 1547//1547
f 1554//1554 1557//1557 1346//1346
f 4636//4636 1555//1555 1346//1346
f 1348//1348 1349//1349 1360//1360
f 1349//1349 1565//1565 1361//1361
f 1349//1349 1796//1796 1565//1565
f 1340//1340 1552//1552 1349//1349
f 1143//1143 1352//1352 1350//1350
f 1341//1341 1350//1350 1566//1566
f 1350//1350 1352//1352 1353//1353
f 1350//1350 1353//1353 1354//1354
f 1350//1350 1355//1355 1567//1567
f 1566//1566 1350//1350 1567//1567
f 1352//1352 1351//1351 1153//1153
f 1352//1352 1153//1153 1353//1353
f 1353//1353 1153//1153 1354//1354
f 1354//1354 1355//1355 1350//1350
f 1356//1356 1355//1355 1354//1354
f 1357//1357 1358//1358 1366//1366
f 1344//1344 1358//1358 1357//1357
f 1568//1568 1570//1570 4617//4617
f 1366//1366 1358//1358 4639//4639
f 1347//1347 1359//1359 1367//1367
f 1177//1177 1348//1348 1360//1360
f 1360//1360 1349//1349 1361//1361
f 1360//1360 1361//1361 1373//1373
f 1361//1361 1576//1576 1373//1373
f 1576//1576 1577//1577 1373//1373
f 1579//1579 1356//1356 1362//1362
f 1171//1171 1364//1364 1181//1181
f 1364//1364 1365//1365 1181//1181
f 1363//1363 1365//1365 1364//1364
f 1365//1365 1363//1363 1357//1357
f 1366//1366 1365//1365 1357//1357
f 1367//1367 1359//1359 1172//1172
f 1172//1172 1371//1371 1367//1367
f 1178//1178 1360//1360 1368//1368
f 1360//1360 1373//1373 1368//1368
f 1365//1365 1369//1369 1181//1181
f 1369//1369 1374//1374 1194//1194
f 1369//1369 1365//1365 1374//1374
f 1374//1374 1370//1370 1376//1376
f 1365//1365 1370//1370 1374//1374
f 1370//1370 1375//1375 1376//1376
f 1365//1365 1589//1589 1370//1370
f 1370//1370 1589//1589 1375//1375
f 1371//1371 1197//1197 1378//1378
f 1378//1378 1590//1590 1371//1371
f 1590//1590 1367//1367 1371//1371
f 1206//1206 1178//1178 1372//1372
f 1178//1178 1387//1387 1372//1372
f 1178//1178 1368//1368 1387//1387
f 1368//1368 1373//1373 1387//1387
f 1387//1387 1373//1373 1605//1605
f 1373//1373 1584//1584 1606//1606
f 1605//1605 1373//1373 1606//1606
f 1376//1376 1377//1377 1374//1374
f 1374//1374 1208//1208 1194//1194
f 1377//1377 1388//1388 1374//1374
f 1376//1376 1596//1596 1377//1377
f 1375//1375 1595//1595 1376//1376
f 1376//1376 1595//1595 1596//1596
f 1596//1596 1388//1388 1377//1377
f 1596//1596 1611//1611 1388//1388
f 1197//1197 1615//1615 1378//1378
f 1197//1197 1392//1392 1615//1615
f 1379//1379 1380//1380 1393//1393
f 1379//1379 1202//1202 1380//1380
f 1202//1202 1381//1381 1380//1380
f 1396//1396 1393//1393 1380//1380
f 1398//1398 1396//1396 1380//1380
f 1380//1380 1381//1381 1398//1398
f 1381//1381 1382//1382 1399//1399
f 1381//1381 1182//1182 1382//1382
f 1633//1633 1203//1203 1204//1204
f 1382//1382 1203//1203 1399//1399
f 1400//1400 1633//1633 1204//1204
f 1183//1183 1204//1204 1203//1203
f 1204//1204 1205//1205 1400//1400
f 1402//1402 1383//1383 1384//1384
f 1402//1402 1384//1384 1385//1385
f 1384//1384 1188//1188 1385//1385
f 1385//1385 1206//1206 1403//1403
f 1411//1411 1403//1403 1206//1206
f 1411//1411 1372//1372 1386//1386
f 1386//1386 1372//1372 1387//1387
f 1387//1387 1604//1604 1603//1603
f 1605//1605 1604//1604 1387//1387
f 1209//1209 1389//1389 1404//1404
f 1374//1374 1389//1389 1208//1208
f 1374//1374 1388//1388 1389//1389
f 1388//1388 1390//1390 1389//1389
f 1392//1392 1391//1391 1615//1615
f 1217//1217 1379//1379 1393//1393
f 1217//1217 1393//1393 1218//1218
f 1218//1218 1393//1393 1394//1394
f 1394//1394 1395//1395 1218//1218
f 1393//1393 1397//1397 1394//1394
f 1394//1394 1397//1397 1395//1395
f 1396//1396 1397//1397 1393//1393
f 1397//1397 1396//1396 1398//1398
f 1398//1398 1632//1632 1397//1397
f 1399//1399 1398//1398 1381//1381
f 1633//1633 1398//1398 1399//1399
f 1633//1633 1632//1632 1398//1398
f 1203//1203 1633//1633 1399//1399
f 1400//1400 1410//1410 1633//1633
f 1400//1400 1401//1401 1410//1410
f 1410//1410 1401//1401 1402//1402
f 1400//1400 1205//1205 1401//1401
f 1205//1205 1383//1383 1401//1401
f 1383//1383 1402//1402 1401//1401
f 1402//1402 1385//1385 1635//1635
f 1635//1635 1385//1385 1403//1403
f 1635//1635 1403//1403 1636//1636
f 1403//1403 1666//1666 1636//1636
f 1411//1411 1666//1666 1403//1403
f 1372//1372 1411//1411 1206//1206
f 1411//1411 1617//1617 1637//1637
f 1594//1594 576//576 1610//1610
f 1389//1389 1405//1405 1404//1404
f 1390//1390 1406//1406 1389//1389
f 1388//1388 1407//1407 1390//1390
f 1390//1390 1407//1407 1406//1406
f 1388//1388 1624//1624 1407//1407
f 1406//1406 1408//1408 1415//1415
f 1407//1407 1408//1408 1406//1406
f 1407//1407 1624//1624 1408//1408
f 1408//1408 1625//1625 1415//1415
f 1628//1628 1409//1409 1422//1422
f 1211//1211 1227//1227 1409//1409
f 1409//1409 1391//1391 1211//1211
f 1409//1409 1628//1628 1629//1629
f 1409//1409 1629//1629 1391//1391
f 1397//1397 1632//1632 1395//1395
f 1411//1411 1637//1637 1666//1666
f 1405//1405 1226//1226 1404//1404
f 1413//1413 1226//1226 1412//1412
f 1226//1226 1405//1405 1412//1412
f 1412//1412 1414//1414 1413//1413
f 1389//1389 1414//1414 1405//1405
f 1414//1414 1412//1412 1405//1405
f 1418//1418 1423//1423 1413//1413
f 1406//1406 1414//1414 1389//1389
f 1414//1414 1416//1416 1413//1413
f 1413//1413 1416//1416 1417//1417
f 1417//1417 1418//1418 1413//1413
f 1406//1406 1415//1415 1414//1414
f 1415//1415 1416//1416 1414//1414
f 1417//1417 1426//1426 1418//1418
f 1417//1417 1416//1416 1426//1426
f 1415//1415 1648//1648 1416//1416
f 1419//1419 1647//1647 1420//1420
f 1420//1420 1426//1426 1419//1419
f 1419//1419 1426//1426 1416//1416
f 1416//1416 1647//1647 1419//1419
f 1421//1421 1655//1655 1628//1628
f 1422//1422 1435//1435 1434//1434
f 1435//1435 1422//1422 1227//1227
f 1422//1422 1421//1421 1628//1628
f 1409//1409 1227//1227 1422//1422
f 1610//1610 576//576 1455//1455
f 1424//1424 1447//1447 1423//1423
f 1423//1423 1444//1444 1443//1443
f 1423//1423 1447//1447 1444//1444
f 1418//1418 1424//1424 1423//1423
f 1418//1418 1427//1427 1424//1424
f 1424//1424 1428//1428 1425//1425
f 1425//1425 1447//1447 1424//1424
f 1425//1425 1449//1449 1447//1447
f 1429//1429 1425//1425 1428//1428
f 1418//1418 1426//1426 1427//1427
f 1428//1428 1424//1424 1427//1427
f 1428//1428 1427//1427 1429//1429
f 1425//1425 1429//1429 1449//1449
f 1429//1429 1450//1450 1449//1449
f 1429//1429 1427//1427 1431//1431
f 1427//1427 1426//1426 1430//1430
f 1426//1426 1420//1420 1430//1430
f 1430//1430 1431//1431 1427//1427
f 1421//1421 1454//1454 1432//1432
f 1434//1434 1435//1435 1433//1433
f 1454//1454 1422//1422 1434//1434
f 1421//1421 1422//1422 1454//1454
f 1436//1436 1440//1440 1437//1437
f 1438//1438 1439//1439 1437//1437
f 1439//1439 1436//1436 1437//1437
f 1677//1677 1439//1439 1438//1438
f 1677//1677 1689//1689 1439//1439
f 1229//1229 1218//1218 1436//1436
f 1218//1218 1440//1440 1436//1436
f 1681//1681 1440//1440 1218//1218
f 1438//1438 1437//1437 1440//1440
f 1610//1610 1455//1455 1441//1441
f 1441//1441 1455//1455 1456//1456
f 1442//1442 1443//1443 1240//1240
f 1240//1240 1443//1443 1241//1241
f 1442//1442 1423//1423 1443//1443
f 1445//1445 1446//1446 1444//1444
f 1443//1443 1444//1444 1255//1255
f 1444//1444 1446//1446 1255//1255
f 1447//1447 1445//1445 1444//1444
f 1445//1445 1447//1447 1448//1448
f 1445//1445 1448//1448 1446//1446
f 1447//1447 1449//1449 1448//1448
f 1449//1449 1450//1450 1448//1448
f 1429//1429 1431//1431 1450//1450
f 1448//1448 1450//1450 1458//1458
f 1451//1451 1458//1458 1450//1450
f 1684//1684 1450//1450 1431//1431
f 1464//1464 1453//1453 1463//1463
f 1432//1432 1454//1454 1464//1464
f 1468//1468 1232//1232 1242//1242
f 1468//1468 1433//1433 1232//1232
f 1453//1453 1454//1454 1434//1434
f 1453//1453 1434//1434 1452//1452
f 1464//1464 1454//1454 1453//1453
f 1433//1433 1452//1452 1434//1434
f 1436//1436 1470//1470 1229//1229
f 1436//1436 1688//1688 1470//1470
f 1436//1436 1439//1439 1688//1688
f 1446//1446 1448//1448 1457//1457
f 1448//1448 1460//1460 1457//1457
f 1458//1458 1460//1460 1448//1448
f 1458//1458 1459//1459 1460//1460
f 1459//1459 1267//1267 1460//1460
f 1459//1459 1458//1458 1451//1451
f 1451//1451 1267//1267 1459//1459
f 1451//1451 1471//1471 1267//1267
f 1468//1468 1469//1469 1462//1462
f 1462//1462 1469//1469 1479//1479
f 1453//1453 1452//1452 1466//1466
f 1464//1464 1463//1463 1461//1461
f 1466//1466 1461//1461 1463//1463
f 1465//1465 1468//1468 1462//1462
f 1467//1467 1474//1474 1465//1465
f 1462//1462 1467//1467 1465//1465
f 1453//1453 1466//1466 1463//1463
f 1466//1466 1465//1465 1474//1474
f 1461//1461 1466//1466 1474//1474
f 1452//1452 1433//1433 1465//1465
f 1465//1465 1433//1433 1468//1468
f 1452//1452 1465//1465 1466//1466
f 1695//1695 1456//1456 1455//1455
f 1700//1700 1695//1695 1455//1455
f 1471//1471 1282//1282 1267//1267
f 1461//1461 1472//1472 1464//1464
f 1474//1474 1477//1477 1461//1461
f 1474//1474 1473//1473 1477//1477
f 1698//1698 1464//1464 1472//1472
f 1462//1462 1479//1479 1473//1473
f 1473//1473 1467//1467 1462//1462
f 1467//1467 1473//1473 1474//1474
f 1259//1259 1475//1475 1469//1469
f 1259//1259 1470//1470 1475//1475
f 1476//1476 1475//1475 1470//1470
f 1280//1280 1700//1700 1455//1455
f 1705//1705 1282//1282 1471//1471
f 1479//1479 1469//1469 1481//1481
f 1478//1478 1473//1473 1479//1479
f 1478//1478 1479//1479 1482//1482
f 1477//1477 1473//1473 1478//1478
f 1477//1477 1478//1478 1702//1702
f 1478//1478 1482//1482 1702//1702
f 1716//1716 1717//1717 1482//1482
f 1716//1716 1482//1482 1484//1484
f 1702//1702 1482//1482 1717//1717
f 1479//1479 1481//1481 1482//1482
f 1482//1482 1481//1481 1484//1484
f 1481//1481 1487//1487 1484//1484
f 1485//1485 4619//4619 1483//1483
f 1709//1709 1727//1727 1485//1485
f 1475//1475 1481//1481 1469//1469
f 1475//1475 1476//1476 1485//1485
f 1481//1481 1475//1475 1487//1487
f 1475//1475 1483//1483 1487//1487
f 1485//1485 1483//1483 1475//1475
f 4618//4618 1480//1480 1485//1485
f 1486//1486 1282//1282 1711//1711
f 1486//1486 1711//1711 1713//1713
f 1727//1727 4619//4619 1485//1485
f 1052//1052 1495//1495 1718//1718
f 1283//1283 1282//1282 1489//1489
f 1489//1489 1488//1488 1283//1283
f 1489//1489 1282//1282 1490//1490
f 1491//1491 1489//1489 1490//1490
f 1282//1282 1486//1486 1490//1490
f 1486//1486 1713//1713 1490//1490
f 1713//1713 1491//1491 1490//1490
f 1491//1491 1492//1492 1489//1489
f 1491//1491 1494//1494 1492//1492
f 1492//1492 1488//1488 1489//1489
f 1492//1492 1497//1497 1488//1488
f 1713//1713 1493//1493 1491//1491
f 1491//1491 1493//1493 1494//1494
f 1493//1493 1719//1719 1494//1494
f 1494//1494 1719//1719 1492//1492
f 1493//1493 1722//1722 1719//1719
f 1497//1497 1492//1492 1719//1719
f 1721//1721 4619//4619 1727//1727
f 1488//1488 1496//1496 1285//1285
f 1497//1497 1496//1496 1488//1488
f 1496//1496 1723//1723 1285//1285
f 1497//1497 1723//1723 1496//1496
f 1499//1499 1718//1718 1495//1495
f 1498//1498 1500//1500 1723//1723
f 1723//1723 1731//1731 1498//1498
f 1499//1499 1289//1289 1502//1502
f 1938//1938 1499//1499 1502//1502
f 1500//1500 1498//1498 1296//1296
f 1501//1501 1296//1296 1498//1498
f 1504//1504 1296//1296 1501//1501
f 1744//1744 1501//1501 1498//1498
f 1503//1503 1502//1502 1300//1300
f 1503//1503 1300//1300 1741//1741
f 1504//1504 1295//1295 1296//1296
f 1505//1505 1507//1507 1299//1299
f 1504//1504 1501//1501 1744//1744
f 1498//1498 1731//1731 1744//1744
f 1505//1505 1504//1504 1745//1745
f 1506//1506 1741//1741 1300//1300
f 1742//1742 1741//1741 1506//1506
f 1506//1506 1303//1303 1742//1742
f 1745//1745 1507//1507 1505//1505
f 1745//1745 1301//1301 1507//1507
f 1504//1504 1744//1744 1745//1745
f 1508//1508 1303//1303 1304//1304
f 1508//1508 1308//1308 1746//1746
f 1301//1301 1511//1511 1509//1509
f 1745//1745 1510//1510 1301//1301
f 1510//1510 4620//4620 1301//1301
f 4620//4620 1510//1510 1745//1745
f 1746//1746 1308//1308 1309//1309
f 1512//1512 1309//1309 1310//1310
f 1963//1963 1512//1512 1311//1311
f 1311//1311 1960//1960 1963//1963
f 1513//1513 1509//1509 1515//1515
f 1509//1509 1511//1511 1515//1515
f 899//899 1747//1747 1311//1311
f 1313//1313 1513//1513 1514//1514
f 1516//1516 1313//1313 1514//1514
f 1524//1524 1517//1517 1747//1747
f 1513//1513 1754//1754 1514//1514
f 1516//1516 1514//1514 1754//1754
f 1515//1515 1754//1754 1513//1513
f 1754//1754 1515//1515 1757//1757
f 1756//1756 1747//1747 1517//1517
f 4624//4624 4634//4634 4621//4621
f 4669//4669 4624//4624 4621//4621
f 4625//4625 1747//1747 899//899
f 1524//1524 1747//1747 4625//4625
f 1523//1523 4627//4627 4622//4622
f 1518//1518 4626//4626 4631//4631
f 1524//1524 4625//4625 4632//4632
f 1521//1521 1522//1522 1520//1520
f 4630//4630 4629//4629 4628//4628
f 4634//4634 4633//4633 4621//4621
f 1525//1525 1317//1317 1777//1777
f 1525//1525 1777//1777 1768//1768
f 1525//1525 1526//1526 1319//1319
f 1525//1525 1528//1528 1526//1526
f 1526//1526 1527//1527 1320//1320
f 1528//1528 1527//1527 1526//1526
f 1527//1527 1528//1528 1530//1530
f 1321//1321 1529//1529 1532//1532
f 1530//1530 1529//1529 1527//1527
f 1528//1528 1770//1770 1530//1530
f 1530//1530 1771//1771 1529//1529
f 1771//1771 1532//1532 1529//1529
f 1321//1321 1532//1532 1531//1531
f 1531//1531 1532//1532 1322//1322
f 1533//1533 1322//1322 1773//1773
f 1533//1533 1773//1773 1534//1534
f 1777//1777 1539//1539 1787//1787
f 1533//1533 1325//1325 1322//1322
f 1325//1325 1533//1533 1534//1534
f 1773//1773 1774//1774 1534//1534
f 1534//1534 1774//1774 1779//1779
f 1534//1534 1779//1779 1324//1324
f 1535//1535 1121//1121 1324//1324
f 1537//1537 1535//1535 1781//1781
f 1538//1538 1536//1536 1537//1537
f 1538//1538 1540//1540 1536//1536
f 1786//1786 1540//1540 1538//1538
f 1791//1791 1787//1787 1539//1539
f 1545//1545 1539//1539 1328//1328
f 1540//1540 1786//1786 1541//1541
f 1546//1546 1542//1542 1543//1543
f 1540//1540 1544//1544 1542//1542
f 1789//1789 1540//1540 1541//1541
f 1544//1544 1540//1540 1789//1789
f 1543//1543 1542//1542 1544//1544
f 1544//1544 1549//1549 1543//1543
f 1546//1546 1543//1543 1549//1549
f 1789//1789 1549//1549 1544//1544
f 1539//1539 1545//1545 1339//1339
f 1546//1546 1548//1548 1336//1336
f 1792//1792 1548//1548 1546//1546
f 1549//1549 1792//1792 1546//1546
f 1548//1548 1547//1547 1336//1336
f 1549//1549 1789//1789 1792//1792
f 1548//1548 1792//1792 1556//1556
f 1550//1550 1539//1539 1563//1563
f 1560//1560 1539//1539 1339//1339
f 1349//1349 1552//1552 1551//1551
f 1551//1551 1552//1552 1797//1797
f 1798//1798 1552//1552 1553//1553
f 1552//1552 1798//1798 1797//1797
f 1798//1798 1553//1553 1567//1567
f 1798//1798 1567//1567 1799//1799
f 1556//1556 1547//1547 1548//1548
f 1556//1556 1557//1557 1554//1554
f 1547//1547 1556//1556 1554//1554
f 4636//4636 1558//1558 1555//1555
f 1555//1555 1558//1558 1569//1569
f 1557//1557 1556//1556 1559//1559
f 4637//4637 4638//4638 1558//1558
f 1558//1558 1803//1803 1569//1569
f 1803//1803 1558//1558 4638//4638
f 1562//1562 1561//1561 1575//1575
f 1347//1347 1561//1561 1560//1560
f 1560//1560 1561//1561 1562//1562
f 1563//1563 1539//1539 1560//1560
f 1563//1563 1562//1562 1564//1564
f 1563//1563 1560//1560 1562//1562
f 1562//1562 1575//1575 1564//1564
f 1563//1563 1564//1564 1550//1550
f 1575//1575 1793//1793 1564//1564
f 1793//1793 1550//1550 1564//1564
f 1578//1578 1565//1565 1796//1796
f 1349//1349 1551//1551 1796//1796
f 1797//1797 1796//1796 1551//1551
f 1566//1566 1567//1567 1553//1553
f 1567//1567 1355//1355 1800//1800
f 1799//1799 1567//1567 1800//1800
f 1355//1355 1356//1356 1800//1800
f 1344//1344 4639//4639 1358//1358
f 4635//4635 1569//1569 1568//1568
f 1572//1572 1570//1570 1568//1568
f 1802//1802 1572//1572 1568//1568
f 1802//1802 1568//1568 1569//1569
f 1802//1802 1569//1569 1803//1803
f 4639//4639 1573//1573 1366//1366
f 4639//4639 1811//1811 1573//1573
f 1571//1571 1811//1811 4639//4639
f 1570//1570 1572//1572 1571//1571
f 1572//1572 1802//1802 1571//1571
f 1802//1802 1801//1801 1571//1571
f 1811//1811 1571//1571 1801//1801
f 1561//1561 1347//1347 1582//1582
f 1561//1561 1582//1582 1574//1574
f 1574//1574 1583//1583 1575//1575
f 1561//1561 1574//1574 1575//1575
f 1583//1583 1574//1574 1582//1582
f 1565//1565 1576//1576 1361//1361
f 1584//1584 1577//1577 1578//1578
f 1584//1584 1578//1578 1807//1807
f 1565//1565 1577//1577 1576//1576
f 1578//1578 1577//1577 1565//1565
f 1800//1800 1356//1356 1579//1579
f 1800//1800 1579//1579 1580//1580
f 1580//1580 1579//1579 1586//1586
f 1581//1581 1800//1800 1580//1580
f 1588//1588 1581//1581 1580//1580
f 1583//1583 1592//1592 1816//1816
f 1582//1582 1592//1592 1583//1583
f 1583//1583 1812//1812 1575//1575
f 1583//1583 1816//1816 1812//1812
f 1582//1582 1347//1347 1367//1367
f 1373//1373 1577//1577 1584//1584
f 1807//1807 1593//1593 1584//1584
f 1594//1594 1579//1579 1362//1362
f 1586//1586 1579//1579 1594//1594
f 1580//1580 1585//1585 1588//1588
f 1580//1580 1586//1586 1585//1585
f 1585//1585 1586//1586 1588//1588
f 1588//1588 1586//1586 1587//1587
f 1587//1587 1610//1610 1588//1588
f 1366//1366 1589//1589 1365//1365
f 1375//1375 1589//1589 1599//1599
f 1816//1816 1590//1590 1591//1591
f 1582//1582 1367//1367 1590//1590
f 1592//1592 1582//1582 1590//1590
f 1816//1816 1592//1592 1590//1590
f 1606//1606 1584//1584 1607//1607
f 1608//1608 1607//1607 1584//1584
f 1608//1608 1584//1584 1593//1593
f 1594//1594 1610//1610 1586//1586
f 1586//1586 1610//1610 1587//1587
f 1375//1375 1599//1599 1595//1595
f 1596//1596 1597//1597 1611//1611
f 1595//1595 1599//1599 1598//1598
f 1598//1598 1596//1596 1595//1595
f 1598//1598 1597//1597 1596//1596
f 1597//1597 1600//1600 1611//1611
f 1598//1598 1600//1600 1597//1597
f 1598//1598 1599//1599 1600//1600
f 1599//1599 1602//1602 1600//1600
f 1601//1601 1600//1600 1602//1602
f 1599//1599 2077//2077 1602//1602
f 1602//1602 2077//2077 1601//1601
f 1378//1378 1615//1615 1590//1590
f 1830//1830 1828//1828 1591//1591
f 1830//1830 1591//1591 1616//1616
f 1590//1590 1616//1616 1591//1591
f 1411//1411 1386//1386 1617//1617
f 1603//1603 1617//1617 1386//1386
f 1603//1603 1386//1386 1387//1387
f 1604//1604 1620//1620 1603//1603
f 1603//1603 1620//1620 1619//1619
f 1606//1606 1607//1607 1605//1605
f 1605//1605 1607//1607 1646//1646
f 1646//1646 1607//1607 1608//1608
f 1608//1608 1609//1609 4640//4640
f 1611//1611 1624//1624 1388//1388
f 1611//1611 1600//1600 1612//1612
f 1612//1612 1600//1600 1601//1601
f 1629//1629 1631//1631 1614//1614
f 1391//1391 1629//1629 1615//1615
f 1615//1615 1613//1613 1590//1590
f 1613//1613 1616//1616 1590//1590
f 1614//1614 1613//1613 1615//1615
f 1616//1616 1613//1613 1614//1614
f 1629//1629 1614//1614 1615//1615
f 1616//1616 1841//1841 1831//1831
f 1841//1841 1616//1616 1614//1614
f 1616//1616 1831//1831 1830//1830
f 1617//1617 1603//1603 1618//1618
f 1618//1618 1643//1643 1640//1640
f 1619//1619 1643//1643 1603//1603
f 1643//1643 1618//1618 1603//1603
f 1619//1619 1621//1621 1643//1643
f 1604//1604 1605//1605 1620//1620
f 1621//1621 1620//1620 1605//1605
f 1619//1619 1620//1620 1621//1621
f 1621//1621 1605//1605 4641//4641
f 1621//1621 4641//4641 1645//1645
f 4640//4640 1623//1623 1833//1833
f 4640//4640 1609//1609 1623//1623
f 1623//1623 1609//1609 1622//1622
f 1623//1623 1622//1622 1834//1834
f 1833//1833 1623//1623 1834//1834
f 1610//1610 1441//1441 1861//1861
f 1610//1610 1861//1861 2080//2080
f 1612//1612 1624//1624 1611//1611
f 1612//1612 1626//1626 1624//1624
f 1624//1624 1625//1625 1408//1408
f 1626//1626 1837//1837 1624//1624
f 1626//1626 1839//1839 1837//1837
f 1627//1627 1624//1624 1837//1837
f 1612//1612 1839//1839 1626//1626
f 1627//1627 1625//1625 1624//1624
f 1658//1658 1630//1630 1628//1628
f 1628//1628 1630//1630 1629//1629
f 1629//1629 1630//1630 1631//1631
f 1658//1658 1631//1631 1630//1630
f 1614//1614 1631//1631 1658//1658
f 1661//1661 1632//1632 1633//1633
f 1661//1661 1633//1633 1663//1663
f 1663//1663 1633//1633 1634//1634
f 1633//1633 1410//1410 1634//1634
f 1634//1634 1635//1635 1663//1663
f 1635//1635 1634//1634 1410//1410
f 1402//1402 1635//1635 1410//1410
f 1666//1666 1637//1637 1667//1667
f 1618//1618 1637//1637 1617//1617
f 1637//1637 1618//1618 1638//1638
f 1637//1637 1638//1638 1639//1639
f 1638//1638 1640//1640 1639//1639
f 1637//1637 1639//1639 1642//1642
f 1639//1639 1640//1640 1642//1642
f 1640//1640 1641//1641 1642//1642
f 1640//1640 1644//1644 1641//1641
f 4640//4640 1670//1670 1669//1669
f 1638//1638 1618//1618 1640//1640
f 1643//1643 1644//1644 1640//1640
f 1643//1643 1645//1645 1644//1644
f 1644//1644 1645//1645 1641//1641
f 1669//1669 1641//1641 1645//1645
f 1669//1669 1645//1645 4641//4641
f 1670//1670 4640//4640 1842//1842
f 1645//1645 1643//1643 1621//1621
f 1648//1648 1647//1647 1416//1416
f 1649//1649 1647//1647 1648//1648
f 1649//1649 1420//1420 1647//1647
f 1415//1415 1625//1625 1648//1648
f 1648//1648 1651//1651 1649//1649
f 1625//1625 1652//1652 1650//1650
f 1648//1648 1625//1625 1650//1650
f 1648//1648 1650//1650 1651//1651
f 1652//1652 1625//1625 1627//1627
f 1652//1652 1627//1627 1847//1847
f 1651//1651 1650//1650 1653//1653
f 1653//1653 1649//1649 1651//1651
f 1650//1650 1652//1652 1653//1653
f 1652//1652 1848//1848 1653//1653
f 1654//1654 1655//1655 1421//1421
f 1654//1654 1675//1675 1656//1656
f 1675//1675 1676//1676 1657//1657
f 1849//1849 1657//1657 1676//1676
f 1628//1628 4642//4642 1656//1656
f 1628//1628 1656//1656 1658//1658
f 4642//4642 1654//1654 1656//1656
f 1656//1656 1675//1675 1658//1658
f 1657//1657 1658//1658 1675//1675
f 1659//1659 1658//1658 1657//1657
f 1659//1659 1657//1657 1849//1849
f 1659//1659 1849//1849 1850//1850
f 1658//1658 1659//1659 1850//1850
f 1218//1218 1682//1682 1681//1681
f 1395//1395 1682//1682 1218//1218
f 1395//1395 1660//1660 1682//1682
f 1632//1632 1660//1660 1395//1395
f 1660//1660 1632//1632 1867//1867
f 1867//1867 1632//1632 1661//1661
f 1867//1867 1661//1661 2132//2132
f 1661//1661 1663//1663 1662//1662
f 2132//2132 1661//1661 1662//1662
f 2132//2132 1662//1662 1664//1664
f 1868//1868 1664//1664 1665//1665
f 1663//1663 1664//1664 1662//1662
f 1663//1663 1635//1635 1636//1636
f 1663//1663 1636//1636 1664//1664
f 1666//1666 1664//1664 1636//1636
f 1666//1666 1665//1665 1664//1664
f 1665//1665 1666//1666 1667//1667
f 1665//1665 1667//1667 1868//1868
f 1667//1667 1869//1869 1868//1868
f 1668//1668 1667//1667 1637//1637
f 1637//1637 1642//1642 1668//1668
f 1642//1642 1641//1641 1669//1669
f 1669//1669 1668//1668 1642//1642
f 1851//1851 1669//1669 1670//1670
f 1851//1851 1668//1668 1669//1669
f 1671//1671 1420//1420 1649//1649
f 1671//1671 1673//1673 1420//1420
f 1673//1673 1430//1430 1420//1420
f 1672//1672 1673//1673 1671//1671
f 1671//1671 1649//1649 1672//1672
f 1649//1649 1653//1653 1672//1672
f 1673//1673 1684//1684 1430//1430
f 1421//1421 1432//1432 1654//1654
f 1654//1654 1432//1432 1686//1686
f 1686//1686 1674//1674 1654//1654
f 1674//1674 1686//1686 1880//1880
f 1654//1654 1674//1674 1675//1675
f 1676//1676 1675//1675 1880//1880
f 1880//1880 1675//1675 1674//1674
f 1438//1438 1440//1440 1678//1678
f 1678//1678 1679//1679 1438//1438
f 1679//1679 1677//1677 1438//1438
f 1677//1677 1679//1679 1689//1689
f 1689//1689 1679//1679 1680//1680
f 1679//1679 1678//1678 1683//1683
f 1683//1683 1680//1680 1679//1679
f 1680//1680 1683//1683 1693//1693
f 1681//1681 1678//1678 1440//1440
f 1678//1678 1681//1681 1682//1682
f 1678//1678 1682//1682 1683//1683
f 1682//1682 1660//1660 1683//1683
f 1866//1866 1683//1683 1660//1660
f 1866//1866 1693//1693 1683//1683
f 2132//2132 1664//1664 1868//1868
f 1869//1869 1667//1667 1871//1871
f 1871//1871 1667//1667 1872//1872
f 1441//1441 1456//1456 1874//1874
f 1431//1431 1430//1430 1684//1684
f 1877//1877 1684//1684 1673//1673
f 1450//1450 1684//1684 1451//1451
f 1684//1684 1685//1685 1451//1451
f 1451//1451 1685//1685 1696//1696
f 1877//1877 1685//1685 1684//1684
f 1673//1673 1875//1875 1877//1877
f 1877//1877 1697//1697 1685//1685
f 1878//1878 1697//1697 1877//1877
f 1880//1880 1686//1686 1894//1894
f 1686//1686 1432//1432 1464//1464
f 1439//1439 1689//1689 1688//1688
f 1689//1689 1691//1691 1688//1688
f 1690//1690 1689//1689 1680//1680
f 1690//1690 1691//1691 1689//1689
f 1690//1690 1680//1680 1693//1693
f 1690//1690 1693//1693 1692//1692
f 1690//1690 1692//1692 1691//1691
f 1692//1692 1693//1693 1881//1881
f 1692//1692 1687//1687 1691//1691
f 1692//1692 1881//1881 1687//1687
f 1881//1881 1693//1693 1866//1866
f 1874//1874 1456//1456 1694//1694
f 1695//1695 1694//1694 1456//1456
f 1695//1695 1892//1892 1694//1694
f 1697//1697 1471//1471 1451//1451
f 1696//1696 1697//1697 1451//1451
f 1685//1685 1697//1697 1696//1696
f 1894//1894 1686//1686 1906//1906
f 1686//1686 1698//1698 1906//1906
f 1686//1686 1464//1464 1698//1698
f 1691//1691 1687//1687 1699//1699
f 1698//1698 1472//1472 1701//1701
f 1701//1701 1909//1909 1698//1698
f 1688//1688 1691//1691 1917//1917
f 1706//1706 1705//1705 1471//1471
f 1708//1708 1703//1703 1472//1472
f 1461//1461 1708//1708 1472//1472
f 1477//1477 1708//1708 1461//1461
f 1704//1704 1701//1701 1472//1472
f 1472//1472 1703//1703 1704//1704
f 1476//1476 1470//1470 1480//1480
f 1688//1688 1916//1916 1470//1470
f 1700//1700 1280//1280 1718//1718
f 1706//1706 1912//1912 1919//1919
f 1705//1705 1706//1706 1919//1919
f 1912//1912 1706//1706 1911//1911
f 1708//1708 1714//1714 1703//1703
f 1707//1707 1703//1703 1714//1714
f 1923//1923 1701//1701 1704//1704
f 1707//1707 1923//1923 1704//1704
f 1702//1702 1708//1708 1477//1477
f 1717//1717 1708//1708 1702//1702
f 1704//1704 1703//1703 1707//1707
f 1710//1710 1485//1485 1480//1480
f 1485//1485 1710//1710 1709//1709
f 1710//1710 1470//1470 1916//1916
f 1480//1480 1470//1470 1710//1710
f 1712//1712 1282//1282 1705//1705
f 1711//1711 1282//1282 1712//1712
f 1705//1705 1931//1931 1712//1712
f 1926//1926 1931//1931 1705//1705
f 1926//1926 1705//1705 1920//1920
f 1705//1705 1919//1919 1920//1920
f 1712//1712 1713//1713 1711//1711
f 1493//1493 1713//1713 1931//1931
f 1713//1713 1712//1712 1931//1931
f 1720//1720 1714//1714 1708//1708
f 1715//1715 1714//1714 1720//1720
f 1924//1924 1707//1707 1714//1714
f 1924//1924 1714//1714 1715//1715
f 1484//1484 4643//4643 1716//1716
f 1484//1484 1487//1487 4643//4643
f 1717//1717 1720//1720 1708//1708
f 1710//1710 1925//1925 1709//1709
f 1493//1493 1931//1931 1722//1722
f 1719//1719 1722//1722 1497//1497
f 1933//1933 1715//1715 1720//1720
f 1717//1717 1716//1716 1720//1720
f 1716//1716 4643//4643 1725//1725
f 1709//1709 1934//1934 1727//1727
f 1727//1727 1934//1934 1726//1726
f 1930//1930 1718//1718 1499//1499
f 1723//1723 1497//1497 1722//1722
f 1722//1722 1724//1724 1723//1723
f 1724//1724 1722//1722 1931//1931
f 1724//1724 1731//1731 1723//1723
f 1937//1937 1720//1720 1733//1733
f 1725//1725 1733//1733 1716//1716
f 1730//1730 1732//1732 4645//4645
f 1716//1716 1733//1733 1720//1720
f 1735//1735 1726//1726 2196//2196
f 4651//4651 4650//4650 1726//1726
f 4651//4651 1726//1726 1735//1735
f 1721//1721 1727//1727 1728//1728
f 4646//4646 4644//4644 4647//4647
f 1726//1726 1729//1729 1727//1727
f 1727//1727 1729//1729 4648//4648
f 4650//4650 4648//4648 1729//1729
f 1730//1730 4645//4645 4649//4649
f 1729//1729 1726//1726 4650//4650
f 1731//1731 1724//1724 1939//1939
f 1942//1942 1937//1937 1733//1733
f 1733//1733 1740//1740 1942//1942
f 4645//4645 1732//1732 1734//1734
f 1725//1725 4653//4653 1733//1733
f 4656//4656 4654//4654 4652//4652
f 1736//1736 4655//4655 4657//4657
f 1733//1733 4653//4653 1737//1737
f 1737//1737 4653//4653 4658//4658
f 1739//1739 4659//4659 1735//1735
f 1738//1738 4659//4659 1739//1739
f 4661//4661 1737//1737 4660//4660
f 4661//4661 1943//1943 1737//1737
f 4662//4662 4663//4663 4686//4686
f 1735//1735 1945//1945 1739//1739
f 1733//1733 1737//1737 1740//1740
f 4663//4663 4690//4690 4686//4686
f 1938//1938 1930//1930 1499//1499
f 1938//1938 1502//1502 1503//1503
f 1930//1930 1938//1938 2187//2187
f 1740//1740 1737//1737 1943//1943
f 1740//1740 1943//1943 1944//1944
f 1938//1938 1503//1503 1741//1741
f 2207//2207 1938//1938 1741//1741
f 2207//2207 1741//1741 1742//1742
f 1957//1957 1955//1955 1743//1743
f 1731//1731 1745//1745 1744//1744
f 1961//1961 4664//4664 1731//1731
f 1742//1742 1303//1303 1743//1743
f 1303//1303 1508//1508 1743//1743
f 1957//1957 1743//1743 1508//1508
f 1508//1508 1746//1746 1957//1957
f 1746//1746 1958//1958 1957//1957
f 1512//1512 1959//1959 1746//1746
f 1748//1748 4620//4620 1745//1745
f 1746//1746 1309//1309 1512//1512
f 1747//1747 1960//1960 1311//1311
f 3031//3031 1960//1960 1747//1747
f 1750//1750 4620//4620 1748//1748
f 1748//1748 1745//1745 1749//1749
f 1749//1749 1750//1750 1748//1748
f 1961//1961 1749//1749 4664//4664
f 1749//1749 1751//1751 1750//1750
f 1961//1961 1752//1752 1749//1749
f 1752//1752 1751//1751 1749//1749
f 1515//1515 1511//1511 1750//1750
f 1515//1515 1750//1750 1757//1757
f 1751//1751 1753//1753 1750//1750
f 1752//1752 1753//1753 1751//1751
f 1747//1747 1756//1756 1964//1964
f 1757//1757 1750//1750 1763//1763
f 1759//1759 1964//1964 1756//1756
f 1757//1757 1758//1758 1754//1754
f 1516//1516 1754//1754 1755//1755
f 4665//4665 4670//4670 4666//4666
f 4623//4623 4667//4667 1756//1756
f 4667//4667 1761//1761 1756//1756
f 4673//4673 4668//4668 4671//4671
f 1756//1756 1761//1761 1759//1759
f 1763//1763 1758//1758 1757//1757
f 4671//4671 4677//4677 4673//4673
f 1753//1753 1763//1763 1750//1750
f 1759//1759 1760//1760 1762//1762
f 4675//4675 4672//4672 4678//4678
f 1761//1761 1760//1760 1759//1759
f 4672//4672 4674//4674 4678//4678
f 1964//1964 1759//1759 1764//1764
f 1759//1759 1762//1762 1764//1764
f 4679//4679 1765//1765 4676//4676
f 1762//1762 4680//4680 1764//1764
f 1764//1764 1971//1971 1964//1964
f 1971//1971 1764//1764 4680//4680
f 4710//4710 1765//1765 4679//4679
f 1769//1769 1766//1766 1525//1525
f 1769//1769 1984//1984 1766//1766
f 1766//1766 1984//1984 1767//1767
f 1984//1984 1772//1772 1767//1767
f 1778//1778 1768//1768 1777//1777
f 1768//1768 1769//1769 1525//1525
f 1769//1769 1990//1990 1981//1981
f 1768//1768 1987//1987 1769//1769
f 1525//1525 1766//1766 1528//1528
f 1769//1769 1981//1981 1984//1984
f 1766//1766 1767//1767 1528//1528
f 1767//1767 1770//1770 1528//1528
f 1767//1767 1772//1772 1770//1770
f 1770//1770 1772//1772 1530//1530
f 1772//1772 1771//1771 1530//1530
f 1773//1773 1771//1771 1772//1772
f 1532//1532 1773//1773 1322//1322
f 1771//1771 1773//1773 1532//1532
f 1773//1773 1772//1772 1774//1774
f 1772//1772 1996//1996 1774//1774
f 1535//1535 1999//1999 1775//1775
f 1781//1781 1775//1775 1999//1999
f 1783//1783 1781//1781 1999//1999
f 1787//1787 1776//1776 1778//1778
f 1778//1778 1776//1776 2002//2002
f 2011//2011 2001//2001 1776//1776
f 1777//1777 1787//1787 1778//1778
f 1778//1778 2002//2002 1768//1768
f 1779//1779 1780//1780 1324//1324
f 1324//1324 1780//1780 1535//1535
f 1779//1779 2004//2004 1780//1780
f 1780//1780 2004//2004 1535//1535
f 2004//2004 1998//1998 1535//1535
f 1775//1775 1781//1781 1535//1535
f 1782//1782 1537//1537 1781//1781
f 1782//1782 2007//2007 1537//1537
f 1781//1781 1783//1783 1782//1782
f 2006//2006 1782//1782 1783//1783
f 2007//2007 1782//1782 2006//2006
f 1538//1538 1537//1537 1784//1784
f 1537//1537 2007//2007 1784//1784
f 1784//1784 1785//1785 1538//1538
f 1785//1785 1784//1784 2007//2007
f 1785//1785 1786//1786 1538//1538
f 2010//2010 2009//2009 1786//1786
f 1791//1791 2011//2011 1787//1787
f 1791//1791 2016//2016 2011//2011
f 1787//1787 2011//2011 1776//1776
f 1541//1541 1788//1788 1789//1789
f 1541//1541 1786//1786 1788//1788
f 2013//2013 1786//1786 2009//2009
f 2014//2014 1786//1786 2013//2013
f 2014//2014 1788//1788 1786//1786
f 1788//1788 1790//1790 1789//1789
f 1788//1788 2311//2311 1790//1790
f 2014//2014 2311//2311 1788//1788
f 2312//2312 1789//1789 1790//1790
f 2311//2311 2312//2312 1790//1790
f 2312//2312 1792//1792 1789//1789
f 2312//2312 1556//1556 1792//1792
f 2017//2017 1556//1556 2312//2312
f 2314//2314 2017//2017 2312//2312
f 2016//2016 1791//1791 1795//1795
f 2016//2016 1795//1795 2023//2023
f 2017//2017 1559//1559 1556//1556
f 2017//2017 1803//1803 1559//1559
f 2017//2017 1804//1804 1803//1803
f 1793//1793 1794//1794 1550//1550
f 1793//1793 1795//1795 1794//1794
f 1795//1795 1793//1793 2036//2036
f 1795//1795 2036//2036 2023//2023
f 1539//1539 1550//1550 1794//1794
f 1795//1795 1791//1791 1794//1794
f 1794//1794 1791//1791 1539//1539
f 1807//1807 1578//1578 1796//1796
f 1796//1796 1797//1797 1809//1809
f 1809//1809 1807//1807 1796//1796
f 1809//1809 1797//1797 2024//2024
f 1801//1801 1802//1802 1811//1811
f 1806//1806 1802//1802 1805//1805
f 1806//1806 1811//1811 1802//1802
f 1803//1803 1805//1805 1802//1802
f 1803//1803 1804//1804 1805//1805
f 1793//1793 1575//1575 2036//2036
f 1807//1807 1809//1809 1808//1808
f 1807//1807 1808//1808 1593//1593
f 1809//1809 2024//2024 1808//1808
f 1800//1800 1581//1581 1810//1810
f 1800//1800 1810//1810 2043//2043
f 2043//2043 1810//1810 2045//2045
f 1820//1820 1581//1581 1588//1588
f 1810//1810 1581//1581 1814//1814
f 1814//1814 1581//1581 1820//1820
f 1573//1573 1811//1811 1366//1366
f 1811//1811 1589//1589 1366//1366
f 1816//1816 1815//1815 2049//2049
f 1816//1816 2049//2049 1812//1812
f 1812//1812 2049//2049 1575//1575
f 2049//2049 2036//2036 1575//1575
f 1593//1593 1808//1808 1817//1817
f 1808//1808 2024//2024 1813//1813
f 1813//1813 1817//1817 1808//1808
f 1588//1588 1818//1818 1820//1820
f 1811//1811 2048//2048 1589//1589
f 1815//1815 1816//1816 1832//1832
f 1817//1817 1824//1824 1593//1593
f 1818//1818 1588//1588 1610//1610
f 1818//1818 1610//1610 1819//1819
f 1820//1820 1818//1818 1819//1819
f 1820//1820 1819//1819 2063//2063
f 1819//1819 2071//2071 2063//2063
f 1589//1589 2077//2077 1599//1599
f 1832//1832 1840//1840 1821//1821
f 1832//1832 1821//1821 1815//1815
f 1828//1828 1816//1816 1591//1591
f 1828//1828 1832//1832 1816//1816
f 1821//1821 2066//2066 1815//1815
f 1622//1622 1609//1609 1822//1822
f 1622//1622 1822//1822 1823//1823
f 1835//1835 1823//1823 2079//2079
f 1823//1823 1822//1822 2068//2068
f 2079//2079 1823//1823 2068//2068
f 1608//1608 1824//1824 1609//1609
f 1608//1608 1593//1593 1824//1824
f 1822//1822 1609//1609 1824//1824
f 1824//1824 1817//1817 2068//2068
f 1822//1822 1824//1824 2068//2068
f 2071//2071 1819//1819 1610//1610
f 2077//2077 1612//1612 1601//1601
f 2077//2077 1839//1839 1612//1612
f 1841//1841 1865//1865 1827//1827
f 1827//1827 1826//1826 1825//1825
f 1826//1826 1832//1832 1829//1829
f 1826//1826 1829//1829 1825//1825
f 1825//1825 4681//4681 1831//1831
f 1827//1827 1825//1825 1841//1841
f 1841//1841 1825//1825 1831//1831
f 1832//1832 1826//1826 1827//1827
f 1832//1832 1827//1827 1840//1840
f 1840//1840 1827//1827 1865//1865
f 1840//1840 2084//2084 1821//1821
f 1832//1832 1828//1828 1829//1829
f 1829//1829 1828//1828 1830//1830
f 1831//1831 4681//4681 4682//4682
f 1834//1834 1836//1836 1833//1833
f 1835//1835 1834//1834 1622//1622
f 1835//1835 2078//2078 1834//1834
f 2078//2078 1836//1836 1834//1834
f 2078//2078 1845//1845 1836//1836
f 1622//1622 1823//1823 1835//1835
f 2079//2079 2078//2078 1835//1835
f 1838//1838 1837//1837 1839//1839
f 1627//1627 1837//1837 1838//1838
f 2088//2088 1627//1627 1838//1838
f 1627//1627 2088//2088 1847//1847
f 1838//1838 1839//1839 2088//2088
f 1841//1841 1658//1658 1850//1850
f 1841//1841 1850//1850 1865//1865
f 1841//1841 1614//1614 1658//1658
f 1842//1842 1843//1843 1853//1853
f 1843//1843 1844//1844 1853//1853
f 4684//4684 4683//4683 1856//1856
f 1842//1842 4640//4640 1833//1833
f 1836//1836 1843//1843 1833//1833
f 1842//1842 1833//1833 1843//1843
f 1845//1845 1843//1843 1836//1836
f 1844//1844 1843//1843 1845//1845
f 1844//1844 1845//1845 1846//1846
f 1860//1860 1846//1846 1845//1845
f 1848//1848 1652//1652 1847//1847
f 1848//1848 1847//1847 2088//2088
f 2088//2088 2089//2089 1848//1848
f 1848//1848 2089//2089 1864//1864
f 1865//1865 1849//1849 1676//1676
f 1849//1849 1865//1865 1850//1850
f 1840//1840 2116//2116 2084//2084
f 1852//1852 1851//1851 1853//1853
f 1851//1851 1852//1852 2121//2121
f 1842//1842 1851//1851 1670//1670
f 1853//1853 1851//1851 1842//1842
f 4684//4684 1854//1854 1852//1852
f 1857//1857 1854//1854 4684//4684
f 1854//1854 2121//2121 1852//1852
f 1873//1873 1854//1854 1855//1855
f 2121//2121 1854//1854 1873//1873
f 1873//1873 1855//1855 2103//2103
f 2103//2103 1855//1855 2105//2105
f 1846//1846 1856//1856 1844//1844
f 1856//1856 1846//1846 1858//1858
f 4684//4684 1856//1856 1857//1857
f 1857//1857 1856//1856 1858//1858
f 1846//1846 1860//1860 1858//1858
f 1858//1858 1860//1860 1859//1859
f 1857//1857 1858//1858 1859//1859
f 1857//1857 1859//1859 1855//1855
f 1857//1857 1855//1855 1854//1854
f 1855//1855 1859//1859 2105//2105
f 2104//2104 1859//1859 1860//1860
f 2104//2104 2105//2105 1859//1859
f 1861//1861 1441//1441 1874//1874
f 1861//1861 1874//1874 2112//2112
f 1848//1848 1672//1672 1653//1653
f 1672//1672 1864//1864 1863//1863
f 1848//1848 1864//1864 1672//1672
f 1672//1672 1862//1862 1673//1673
f 1862//1862 1875//1875 1673//1673
f 1862//1862 1672//1672 1863//1863
f 1864//1864 2380//2380 2127//2127
f 1840//1840 1865//1865 2116//2116
f 1676//1676 2130//2130 1865//1865
f 1866//1866 1660//1660 1867//1867
f 2132//2132 1882//1882 1866//1866
f 1866//1866 1867//1867 2132//2132
f 1868//1868 1886//1886 2132//2132
f 1869//1869 1886//1886 1868//1868
f 1869//1869 1888//1888 1886//1886
f 1869//1869 1871//1871 1870//1870
f 1870//1870 1871//1871 1889//1889
f 1869//1869 1870//1870 1888//1888
f 1870//1870 1889//1889 1888//1888
f 1851//1851 1890//1890 1889//1889
f 1668//1668 1872//1872 1667//1667
f 1872//1872 1889//1889 1871//1871
f 1851//1851 1889//1889 1872//1872
f 1851//1851 1887//1887 1890//1890
f 1851//1851 1872//1872 1668//1668
f 1851//1851 2121//2121 1887//1887
f 2121//2121 1873//1873 2124//2124
f 1873//1873 2103//2103 2124//2124
f 1694//1694 1891//1891 1874//1874
f 1862//1862 1876//1876 1875//1875
f 1876//1876 1862//1862 1863//1863
f 2127//2127 1863//1863 1864//1864
f 2127//2127 1876//1876 1863//1863
f 1878//1878 1877//1877 1875//1875
f 1876//1876 1878//1878 1875//1875
f 1878//1878 1876//1876 2127//2127
f 1893//1893 1878//1878 2127//2127
f 1676//1676 1880//1880 1879//1879
f 1879//1879 1880//1880 1894//1894
f 1879//1879 2138//2138 1676//1676
f 1881//1881 1899//1899 1687//1687
f 1899//1899 1881//1881 1900//1900
f 1900//1900 1881//1881 1883//1883
f 1881//1881 1866//1866 1882//1882
f 2144//2144 1881//1881 1882//1882
f 1881//1881 2144//2144 1883//1883
f 1886//1886 1884//1884 2132//2132
f 1886//1886 1888//1888 1885//1885
f 1888//1888 1890//1890 1885//1885
f 1890//1890 1884//1884 1885//1885
f 1887//1887 1884//1884 1890//1890
f 1886//1886 1885//1885 1884//1884
f 1889//1889 1890//1890 1888//1888
f 1891//1891 1694//1694 1892//1892
f 1892//1892 1695//1695 1700//1700
f 1878//1878 1893//1893 1697//1697
f 1905//1905 1894//1894 1906//1906
f 1879//1879 1894//1894 1905//1905
f 1687//1687 1895//1895 1699//1699
f 1687//1687 1899//1899 1895//1895
f 1699//1699 1895//1895 1897//1897
f 1899//1899 1900//1900 1896//1896
f 1895//1895 1896//1896 1897//1897
f 1895//1895 1899//1899 1896//1896
f 1896//1896 1898//1898 1897//1897
f 1898//1898 1908//1908 1897//1897
f 1901//1901 1900//1900 1883//1883
f 1900//1900 1901//1901 1898//1898
f 1900//1900 1898//1898 1896//1896
f 1898//1898 1901//1901 1902//1902
f 1908//1908 1898//1898 1902//1902
f 1901//1901 1883//1883 2144//2144
f 1902//1902 2144//2144 2141//2141
f 1902//1902 1901//1901 2144//2144
f 2132//2132 1884//1884 2146//2146
f 1903//1903 1471//1471 1697//1697
f 1697//1697 1904//1904 1903//1903
f 1905//1905 1906//1906 2171//2171
f 1905//1905 2171//2171 2415//2415
f 2149//2149 1879//1879 1905//1905
f 2156//2156 2149//2149 1905//1905
f 1688//1688 1917//1917 1916//1916
f 1917//1917 1691//1691 1699//1699
f 1907//1907 1699//1699 1897//1897
f 1907//1907 1897//1897 2163//2163
f 1699//1699 1907//1907 1910//1910
f 1907//1907 2163//2163 1910//1910
f 2163//2163 1897//1897 1908//1908
f 1706//1706 1471//1471 1911//1911
f 1911//1911 1471//1471 2160//2160
f 1471//1471 1903//1903 2160//2160
f 1909//1909 1701//1701 1914//1914
f 1698//1698 1909//1909 1915//1915
f 1917//1917 1699//1699 1910//1910
f 1912//1912 2160//2160 1919//1919
f 2160//2160 1912//1912 1911//1911
f 2160//2160 1913//1913 1919//1919
f 2160//2160 1921//1921 1913//1913
f 1921//1921 2160//2160 2161//2161
f 1698//1698 1915//1915 2172//2172
f 2168//2168 1914//1914 1923//1923
f 1698//1698 2172//2172 1906//1906
f 1914//1914 1701//1701 1923//1923
f 2168//2168 1909//1909 1914//1914
f 2168//2168 1915//1915 1909//1909
f 2172//2172 1915//1915 2168//2168
f 1917//1917 2162//2162 2181//2181
f 1917//1917 1910//1910 2162//2162
f 2162//2162 1910//1910 2163//2163
f 1718//1718 1918//1918 1700//1700
f 1919//1919 1921//1921 1920//1920
f 1920//1920 1921//1921 1926//1926
f 1913//1913 1921//1921 1919//1919
f 1928//1928 1922//1922 1715//1715
f 1922//1922 1928//1928 1929//1929
f 1707//1707 1924//1924 1922//1922
f 1922//1922 1924//1924 1715//1715
f 1923//1923 1707//1707 1929//1929
f 1707//1707 1922//1922 1929//1929
f 1710//1710 2173//2173 1925//1925
f 1916//1916 2173//2173 1710//1710
f 1917//1917 2173//2173 1916//1916
f 1917//1917 2181//2181 2173//2173
f 2176//2176 1926//1926 1921//1921
f 2184//2184 1923//1923 1929//1929
f 1933//1933 1927//1927 1715//1715
f 1928//1928 1715//1715 1927//1927
f 2173//2173 2179//2179 1925//1925
f 2179//2179 1709//1709 1925//1925
f 1709//1709 2179//2179 1934//1934
f 1931//1931 1932//1932 1724//1724
f 1931//1931 1926//1926 2182//2182
f 2182//2182 1932//1932 1931//1931
f 1724//1724 1932//1932 2190//2190
f 2189//2189 1927//1927 1936//1936
f 1928//1928 1927//1927 2189//2189
f 1720//1720 1937//1937 1933//1933
f 1927//1927 1933//1933 1936//1936
f 1936//1936 1933//1933 1935//1935
f 1935//1935 1933//1933 1937//1937
f 2197//2197 1935//1935 1937//1937
f 2199//2199 2196//2196 1726//1726
f 1937//1937 1942//1942 1941//1941
f 1735//1735 2196//2196 1945//1945
f 1724//1724 1940//1940 1939//1939
f 1724//1724 2190//2190 4685//4685
f 1939//1939 1940//1940 2208//2208
f 1947//1947 1948//1948 1941//1941
f 1937//1937 1941//1941 2201//2201
f 1740//1740 1944//1944 1942//1942
f 2196//2196 1954//1954 1945//1945
f 1941//1941 1942//1942 1947//1947
f 4691//4691 4688//4688 4687//4687
f 4692//4692 4702//4702 4689//4689
f 1939//1939 2208//2208 1946//1946
f 1731//1731 1939//1939 1946//1946
f 2223//2223 1946//1946 2208//2208
f 1947//1947 2214//2214 1948//1948
f 1956//1956 1947//1947 1951//1951
f 2236//2236 1956//1956 1951//1951
f 4816//4816 4698//4698 1953//1953
f 1950//1950 1942//1942 1944//1944
f 4703//4703 1950//1950 1944//1944
f 4695//4695 4704//4704 1949//1949
f 1954//1954 1952//1952 4693//4693
f 1950//1950 1947//1947 1942//1942
f 1950//1950 1951//1951 1947//1947
f 4700//4700 4699//4699 4696//4696
f 4694//4694 4701//4701 4697//4697
f 1954//1954 2196//2196 1952//1952
f 1953//1953 2196//2196 2220//2220
f 2196//2196 1953//1953 1952//1952
f 1953//1953 4698//4698 1952//1952
f 2207//2207 1742//1742 2222//2222
f 2222//2222 1742//1742 1743//1743
f 2222//2222 1743//1743 1955//1955
f 1958//1958 1955//1955 1957//1957
f 2223//2223 1731//1731 1946//1946
f 1956//1956 2236//2236 1947//1947
f 1958//1958 1746//1746 1959//1959
f 1963//1963 2460//2460 1959//1959
f 1959//1959 1512//1512 1963//1963
f 2223//2223 1961//1961 1731//1731
f 1961//1961 2223//2223 1962//1962
f 1962//1962 1968//1968 1961//1961
f 1962//1962 2223//2223 2239//2239
f 2239//2239 1968//1968 1962//1962
f 1961//1961 1968//1968 1965//1965
f 3031//3031 1747//1747 1964//1964
f 1752//1752 1965//1965 1753//1753
f 1752//1752 1961//1961 1965//1965
f 1968//1968 1966//1966 1965//1965
f 1965//1965 1966//1966 1753//1753
f 1966//1966 1972//1972 1753//1753
f 1966//1966 1967//1967 1972//1972
f 1976//1976 1972//1972 1967//1967
f 2245//2245 1967//1967 1966//1966
f 2245//2245 1966//1966 1968//1968
f 2245//2245 1969//1969 1967//1967
f 2246//2246 2244//2244 1964//1964
f 1967//1967 1980//1980 1976//1976
f 1967//1967 1970//1970 1980//1980
f 1970//1970 1967//1967 1969//1969
f 4707//4707 4705//4705 4823//4823
f 1763//1763 1753//1753 1972//1972
f 4679//4679 1973//1973 4710//4710
f 1972//1972 1974//1974 1763//1763
f 1763//1763 1974//1974 4712//4712
f 1976//1976 1974//1974 1972//1972
f 1979//1979 1974//1974 1976//1976
f 1975//1975 4715//4715 4726//4726
f 4717//4717 4713//4713 4716//4716
f 1971//1971 4718//4718 1964//1964
f 4719//4719 4711//4711 4714//4714
f 1977//1977 4727//4727 4721//4721
f 1964//1964 4718//4718 4723//4723
f 4724//4724 4722//4722 4729//4729
f 2246//2246 1964//1964 1978//1978
f 1978//1978 1964//1964 4723//4723
f 1978//1978 4723//4723 4708//4708
f 4724//4724 4729//4729 4709//4709
f 4708//4708 2246//2246 1978//1978
f 4725//4725 4720//4720 4728//4728
f 1981//1981 1985//1985 1984//1984
f 1981//1981 1982//1982 1985//1985
f 1991//1991 1983//1983 1982//1982
f 1772//1772 1983//1983 2269//2269
f 1985//1985 1772//1772 1984//1984
f 1982//1982 1772//1772 1985//1985
f 1983//1983 1772//1772 1982//1982
f 1987//1987 2002//2002 2001//2001
f 1987//1987 1986//1986 1988//1988
f 2001//2001 2003//2003 1986//1986
f 2002//2002 1987//1987 1768//1768
f 1987//1987 1988//1988 1990//1990
f 1990//1990 1988//1988 1992//1992
f 1989//1989 1992//1992 1988//1988
f 1986//1986 1989//1989 1988//1988
f 1989//1989 1993//1993 1992//1992
f 1986//1986 2003//2003 1989//1989
f 1989//1989 2003//2003 1993//1993
f 2003//2003 2262//2262 1993//1993
f 1990//1990 1769//1769 1987//1987
f 1990//1990 1982//1982 1981//1981
f 1990//1990 1991//1991 1982//1982
f 1992//1992 1991//1991 1990//1990
f 1992//1992 1993//1993 1991//1991
f 1991//1991 1993//1993 1994//1994
f 1994//1994 1993//1993 2263//2263
f 2263//2263 2268//2268 1994//1994
f 1993//1993 2262//2262 2263//2263
f 1991//1991 1994//1994 1983//1983
f 1994//1994 2269//2269 1983//1983
f 2269//2269 1995//1995 1772//1772
f 1994//1994 2268//2268 2269//2269
f 1995//1995 2282//2282 1772//1772
f 2276//2276 2282//2282 1995//1995
f 2282//2282 2283//2283 1772//1772
f 1996//1996 1772//1772 2283//2283
f 1996//1996 2283//2283 1774//1774
f 2283//2283 1779//1779 1774//1774
f 2005//2005 1779//1779 1997//1997
f 1999//1999 1535//1535 1998//1998
f 3076//3076 1783//1783 1999//1999
f 2011//2011 2012//2012 2001//2001
f 2011//2011 2016//2016 2012//2012
f 2012//2012 2016//2016 2291//2291
f 1776//1776 2001//2001 2000//2000
f 2002//2002 2000//2000 2001//2001
f 2002//2002 1776//1776 2000//2000
f 2001//2001 2012//2012 2291//2291
f 2291//2291 2290//2290 2001//2001
f 1987//1987 2001//2001 1986//1986
f 2003//2003 2001//2001 2290//2290
f 2260//2260 2003//2003 2290//2290
f 2005//2005 2004//2004 1779//1779
f 1998//1998 2004//2004 2286//2286
f 2005//2005 2286//2286 2004//2004
f 2286//2286 2005//2005 1997//1997
f 2006//2006 1783//1783 3076//3076
f 3076//3076 2295//2295 2006//2006
f 2006//2006 2295//2295 2007//2007
f 2295//2295 2008//2008 2007//2007
f 2007//2007 2008//2008 2297//2297
f 2007//2007 2299//2299 1785//1785
f 2297//2297 2299//2299 2007//2007
f 1785//1785 2010//2010 1786//1786
f 2297//2297 2521//2521 2299//2299
f 2010//2010 1785//1785 2299//2299
f 2300//2300 2016//2016 2015//2015
f 2305//2305 2013//2013 2009//2009
f 2013//2013 2311//2311 2014//2014
f 2013//2013 2309//2309 2311//2311
f 2316//2316 2016//2016 4730//4730
f 2316//2316 2015//2015 2016//2016
f 2018//2018 1804//1804 2017//2017
f 1804//1804 2018//2018 1805//1805
f 2020//2020 2017//2017 2314//2314
f 2017//2017 2020//2020 2018//2018
f 2018//2018 2020//2020 2019//2019
f 2018//2018 2032//2032 1805//1805
f 2018//2018 2019//2019 2032//2032
f 2019//2019 2034//2034 2032//2032
f 2019//2019 2313//2313 2034//2034
f 2313//2313 2315//2315 2021//2021
f 2021//2021 2315//2315 2022//2022
f 2021//2021 2034//2034 2313//2313
f 2021//2021 2022//2022 2034//2034
f 2036//2036 2316//2316 4730//4730
f 1797//1797 2026//2026 2025//2025
f 2025//2025 2024//2024 1797//1797
f 2024//2024 2025//2025 2038//2038
f 2026//2026 1797//1797 1798//1798
f 2027//2027 1798//1798 1799//1799
f 2027//2027 2026//2026 1798//1798
f 2042//2042 2027//2027 1799//1799
f 2027//2027 2042//2042 2333//2333
f 2027//2027 2333//2333 2320//2320
f 2320//2320 2026//2026 2027//2027
f 1800//1800 2042//2042 1799//1799
f 1805//1805 2028//2028 1806//1806
f 1811//1811 1806//1806 2028//2028
f 1805//1805 2029//2029 2028//2028
f 1805//1805 2032//2032 2029//2029
f 2030//2030 2028//2028 2029//2029
f 2029//2029 2031//2031 2030//2030
f 2032//2032 2033//2033 2029//2029
f 2033//2033 2031//2031 2029//2029
f 2335//2335 2028//2028 2030//2030
f 2033//2033 2335//2335 2031//2031
f 2031//2031 2335//2335 2030//2030
f 2034//2034 2035//2035 2032//2032
f 2034//2034 2022//2022 2035//2035
f 2035//2035 2033//2033 2032//2032
f 2022//2022 2321//2321 2035//2035
f 2321//2321 2033//2033 2035//2035
f 2033//2033 2321//2321 2335//2335
f 2049//2049 2316//2316 2036//2036
f 2037//2037 2052//2052 2040//2040
f 2050//2050 2024//2024 2038//2038
f 2050//2050 2038//2038 2040//2040
f 2039//2039 2040//2040 2038//2038
f 2039//2039 2041//2041 2040//2040
f 2041//2041 2039//2039 2322//2322
f 2040//2040 2041//2041 2037//2037
f 2041//2041 2324//2324 2341//2341
f 2041//2041 2341//2341 2037//2037
f 2039//2039 2038//2038 2025//2025
f 2039//2039 2025//2025 2319//2319
f 2322//2322 2039//2039 2319//2319
f 2330//2330 2025//2025 2329//2329
f 2025//2025 2026//2026 2329//2329
f 2329//2329 2026//2026 2320//2320
f 2042//2042 1800//1800 2043//2043
f 2042//2042 2043//2043 2045//2045
f 2046//2046 2042//2042 2045//2045
f 1814//1814 2045//2045 1810//1810
f 2044//2044 2042//2042 2046//2046
f 2553//2553 2044//2044 2046//2046
f 2028//2028 2048//2048 1811//1811
f 2047//2047 2048//2048 2028//2028
f 2335//2335 2047//2047 2028//2028
f 2047//2047 2335//2335 2336//2336
f 2047//2047 2336//2336 2048//2048
f 2336//2336 2338//2338 2048//2048
f 1813//1813 2050//2050 2069//2069
f 2069//2069 1817//1817 1813//1813
f 2069//2069 2050//2050 2057//2057
f 2051//2051 2057//2057 2050//2050
f 2040//2040 2057//2057 2051//2051
f 2057//2057 2040//2040 2052//2052
f 2052//2052 2339//2339 2057//2057
f 2050//2050 1813//1813 2024//2024
f 2050//2050 2040//2040 2051//2051
f 2045//2045 1814//1814 2058//2058
f 2045//2045 2058//2058 2053//2053
f 2054//2054 2058//2058 2061//2061
f 2058//2058 2054//2054 2053//2053
f 2344//2344 2053//2053 2054//2054
f 2344//2344 2345//2345 2053//2053
f 2349//2349 2344//2344 2054//2054
f 2054//2054 2061//2061 2349//2349
f 1589//1589 2358//2358 2077//2077
f 1589//1589 2048//2048 2358//2358
f 2067//2067 2049//2049 2055//2055
f 1815//1815 2055//2055 2049//2049
f 2069//2069 2057//2057 2056//2056
f 2057//2057 2339//2339 2056//2056
f 2056//2056 2339//2339 2070//2070
f 2059//2059 1814//1814 1820//1820
f 2064//2064 2059//2059 1820//1820
f 2073//2073 2059//2059 2064//2064
f 2059//2059 2058//2058 1814//1814
f 2060//2060 2059//2059 2073//2073
f 2060//2060 2058//2058 2059//2059
f 2061//2061 2058//2058 2060//2060
f 2061//2061 2060//2060 2062//2062
f 2061//2061 2351//2351 2352//2352
f 2351//2351 2061//2061 2062//2062
f 2061//2061 2352//2352 2349//2349
f 1820//1820 2063//2063 2064//2064
f 2064//2064 2063//2063 2072//2072
f 2063//2063 2071//2071 2072//2072
f 2073//2073 2064//2064 2072//2072
f 2060//2060 2073//2073 2065//2065
f 2060//2060 2065//2065 2062//2062
f 2065//2065 2351//2351 2062//2062
f 2065//2065 2073//2073 2355//2355
f 2065//2065 2355//2355 2351//2351
f 2066//2066 2086//2086 2359//2359
f 1815//1815 2066//2066 2055//2055
f 2055//2055 2066//2066 2067//2067
f 2359//2359 2067//2067 2066//2066
f 2067//2067 2359//2359 2049//2049
f 2070//2070 2069//2069 2056//2056
f 2069//2069 2068//2068 1817//1817
f 2068//2068 2069//2069 2070//2070
f 1610//1610 2080//2080 2071//2071
f 2072//2072 2071//2071 2075//2075
f 2072//2072 2075//2075 2073//2073
f 2355//2355 2073//2073 2075//2075
f 2071//2071 2080//2080 2074//2074
f 2075//2075 2071//2071 2074//2074
f 2076//2076 2074//2074 2080//2080
f 2075//2075 2074//2074 2076//2076
f 2077//2077 2358//2358 2361//2361
f 2077//2077 2082//2082 2083//2083
f 2082//2082 2077//2077 2361//2361
f 2084//2084 2066//2066 1821//1821
f 2359//2359 2086//2086 2381//2381
f 2081//2081 2076//2076 2080//2080
f 2080//2080 1861//1861 2081//2081
f 1861//1861 2883//2883 2585//2585
f 1861//1861 2585//2585 2081//2081
f 2077//2077 2083//2083 1839//1839
f 2083//2083 2088//2088 1839//1839
f 2083//2083 2090//2090 2088//2088
f 2082//2082 2591//2591 2083//2083
f 2087//2087 2101//2101 2085//2085
f 2102//2102 2085//2085 2101//2101
f 2100//2100 2102//2102 2101//2101
f 2102//2102 2097//2097 2086//2086
f 2102//2102 2086//2086 2085//2085
f 2087//2087 2066//2066 2084//2084
f 2066//2066 2087//2087 2086//2086
f 2087//2087 2085//2085 2086//2086
f 1845//1845 2366//2366 1860//1860
f 2078//2078 2366//2366 1845//1845
f 2883//2883 1861//1861 2112//2112
f 2089//2089 2088//2088 2091//2091
f 2090//2090 2091//2091 2088//2088
f 2090//2090 2380//2380 2091//2091
f 2380//2380 2089//2089 2091//2091
f 2118//2118 2094//2094 2117//2117
f 2096//2096 4731//4731 4732//4732
f 2119//2119 2096//2096 4732//4732
f 2084//2084 2092//2092 2099//2099
f 2092//2092 2084//2084 2116//2116
f 2092//2092 2093//2093 2099//2099
f 2092//2092 2116//2116 2117//2117
f 2102//2102 2100//2100 2099//2099
f 2102//2102 2099//2099 2093//2093
f 2094//2094 2093//2093 2092//2092
f 2094//2094 2092//2092 2117//2117
f 2095//2095 2102//2102 2093//2093
f 2097//2097 2102//2102 2095//2095
f 2093//2093 2094//2094 2095//2095
f 4731//4731 2096//2096 2095//2095
f 2096//2096 2097//2097 2095//2095
f 2096//2096 2119//2119 2097//2097
f 2119//2119 2381//2381 2097//2097
f 2087//2087 2084//2084 2098//2098
f 2098//2098 2084//2084 2099//2099
f 2098//2098 2100//2100 2101//2101
f 2101//2101 2087//2087 2098//2098
f 2100//2100 2098//2098 2099//2099
f 2097//2097 2381//2381 2086//2086
f 2103//2103 2106//2106 2124//2124
f 1860//1860 2106//2106 2104//2104
f 2105//2105 2104//2104 2106//2106
f 2103//2103 2105//2105 2106//2106
f 1860//1860 2109//2109 2106//2106
f 2109//2109 2111//2111 2106//2106
f 2106//2106 2111//2111 2107//2107
f 2125//2125 2106//2106 2107//2107
f 2108//2108 2107//2107 2111//2111
f 2108//2108 2371//2371 2369//2369
f 2110//2110 2109//2109 1860//1860
f 2110//2110 1860//1860 2366//2366
f 2109//2109 2110//2110 2111//2111
f 2370//2370 2110//2110 2366//2366
f 2111//2111 2110//2110 2370//2370
f 2371//2371 2111//2111 2370//2370
f 2108//2108 2111//2111 2371//2371
f 2372//2372 2370//2370 2366//2366
f 2089//2089 2380//2380 1864//1864
f 2114//2114 2113//2113 2115//2115
f 2115//2115 2113//2113 2130//2130
f 2114//2114 2115//2115 2120//2120
f 2115//2115 2131//2131 2120//2120
f 2116//2116 1865//1865 2130//2130
f 2113//2113 2116//2116 2130//2130
f 2114//2114 2117//2117 2113//2113
f 2117//2117 2116//2116 2113//2113
f 2118//2118 2117//2117 2114//2114
f 4732//4732 2114//2114 2119//2119
f 2114//2114 2120//2120 2119//2119
f 2119//2119 2120//2120 2381//2381
f 2121//2121 2124//2124 2122//2122
f 2122//2122 2147//2147 2121//2121
f 2124//2124 2123//2123 2122//2122
f 2147//2147 2122//2122 2134//2134
f 2122//2122 2123//2123 2134//2134
f 2134//2134 2123//2123 2133//2133
f 2124//2124 2125//2125 2123//2123
f 2123//2123 2125//2125 2133//2133
f 2133//2133 4733//4733 2126//2126
f 2135//2135 2133//2133 2126//2126
f 2135//2135 2126//2126 2369//2369
f 2124//2124 2106//2106 2125//2125
f 2107//2107 2126//2126 4733//4733
f 2108//2108 2126//2126 2107//2107
f 2126//2126 2108//2108 2369//2369
f 1891//1891 2610//2610 1874//1874
f 2112//2112 1874//1874 2610//2610
f 2128//2128 2127//2127 2380//2380
f 2380//2380 2392//2392 2128//2128
f 2129//2129 1676//1676 2138//2138
f 2138//2138 2140//2140 2129//2129
f 1676//1676 2129//2129 2130//2130
f 2129//2129 2140//2140 2130//2130
f 2394//2394 2131//2131 2130//2130
f 2115//2115 2130//2130 2131//2131
f 2132//2132 2145//2145 1882//1882
f 2144//2144 1882//1882 2145//2145
f 1887//1887 2147//2147 1884//1884
f 2147//2147 1887//1887 2121//2121
f 2396//2396 2134//2134 2135//2135
f 2135//2135 2134//2134 2133//2133
f 1892//1892 2136//2136 1891//1891
f 2136//2136 2610//2610 1891//1891
f 1892//1892 1700//1700 2137//2137
f 1892//1892 2137//2137 2387//2387
f 2398//2398 1893//1893 2127//2127
f 2398//2398 2127//2127 2389//2389
f 2128//2128 2389//2389 2127//2127
f 2389//2389 2630//2630 2398//2398
f 1879//1879 2149//2149 2138//2138
f 2149//2149 2139//2139 2138//2138
f 2138//2138 2139//2139 2140//2140
f 4734//4734 2401//2401 2393//2393
f 2144//2144 2142//2142 2141//2141
f 2141//2141 2142//2142 2159//2159
f 2145//2145 2143//2143 2144//2144
f 2142//2142 2144//2144 2143//2143
f 2145//2145 2132//2132 2153//2153
f 2145//2145 2153//2153 2143//2143
f 2132//2132 2146//2146 2404//2404
f 2146//2146 1884//1884 2147//2147
f 2154//2154 2146//2146 2147//2147
f 2154//2154 2147//2147 2134//2134
f 2134//2134 2396//2396 2154//2154
f 2398//2398 1697//1697 1893//1893
f 2156//2156 1905//1905 2415//2415
f 2156//2156 2399//2399 2148//2148
f 2401//2401 2148//2148 2399//2399
f 2156//2156 2148//2148 2139//2139
f 2139//2139 2149//2149 2156//2156
f 2139//2139 2401//2401 2140//2140
f 2139//2139 2148//2148 2401//2401
f 2151//2151 1908//1908 2150//2150
f 2152//2152 2159//2159 2151//2151
f 1902//1902 2141//2141 2151//2151
f 1908//1908 1902//1902 2150//2150
f 2151//2151 2150//2150 1902//1902
f 2141//2141 2152//2152 2151//2151
f 2141//2141 2159//2159 2152//2152
f 2143//2143 2153//2153 2402//2402
f 2159//2159 2142//2142 2408//2408
f 2142//2142 2143//2143 2408//2408
f 2405//2405 2404//2404 2146//2146
f 2405//2405 2146//2146 2411//2411
f 2146//2146 2154//2154 2411//2411
f 2160//2160 1903//1903 2155//2155
f 1904//1904 2155//2155 1903//1903
f 1904//1904 2413//2413 2155//2155
f 2160//2160 2155//2155 2413//2413
f 2156//2156 2415//2415 2399//2399
f 1908//1908 2157//2157 2164//2164
f 2164//2164 2163//2163 1908//1908
f 2163//2163 2164//2164 2175//2175
f 2165//2165 2164//2164 2157//2157
f 2157//2157 2158//2158 2165//2165
f 2158//2158 2166//2166 2165//2165
f 2157//2157 1908//1908 2151//2151
f 2151//2151 2158//2158 2157//2157
f 2159//2159 2158//2158 2151//2151
f 2159//2159 2166//2166 2158//2158
f 2426//2426 2166//2166 2159//2159
f 1918//1918 2137//2137 1700//1700
f 2161//2161 2160//2160 2413//2413
f 2162//2162 2163//2163 2175//2175
f 2175//2175 2164//2164 2437//2437
f 2164//2164 2165//2165 2426//2426
f 2426//2426 2165//2165 2166//2166
f 1930//1930 1918//1918 1718//1718
f 1918//1918 1930//1930 2419//2419
f 2161//2161 2167//2167 1921//1921
f 2176//2176 1921//1921 2167//2167
f 2420//2420 2422//2422 2161//2161
f 2422//2422 2421//2421 2161//2161
f 2167//2167 2161//2161 2421//2421
f 2421//2421 2177//2177 2167//2167
f 2170//2170 2168//2168 2178//2178
f 2172//2172 2169//2169 2171//2171
f 2171//2171 2168//2168 2170//2170
f 2169//2169 2168//2168 2171//2171
f 2170//2170 2178//2178 2171//2171
f 2172//2172 2168//2168 2169//2169
f 2171//2171 1906//1906 2172//2172
f 2181//2181 2162//2162 2174//2174
f 2174//2174 2175//2175 2181//2181
f 2162//2162 2175//2175 2174//2174
f 2164//2164 2426//2426 2437//2437
f 2167//2167 2434//2434 2176//2176
f 2177//2177 2434//2434 2167//2167
f 2168//2168 1923//1923 2178//2178
f 1923//1923 2450//2450 2178//2178
f 1934//1934 2179//2179 2722//2722
f 2173//2173 2180//2180 2179//2179
f 2173//2173 2181//2181 2180//2180
f 2180//2180 2186//2186 2179//2179
f 2186//2186 2180//2180 2436//2436
f 2419//2419 1930//1930 2187//2187
f 1926//1926 2448//2448 2182//2182
f 2176//2176 2448//2448 1926//1926
f 2450//2450 1923//1923 2451//2451
f 2188//2188 2451//2451 2184//2184
f 2450//2450 2451//2451 2449//2449
f 2184//2184 1929//1929 2185//2185
f 2183//2183 2185//2185 1929//1929
f 1929//1929 1928//1928 4735//4735
f 1928//1928 2189//2189 4735//4735
f 2183//2183 4736//4736 2185//2185
f 2185//2185 4736//4736 2459//2459
f 2185//2185 2188//2188 2184//2184
f 2459//2459 2188//2188 2185//2185
f 1923//1923 2184//2184 2451//2451
f 2708//2708 2187//2187 2207//2207
f 2191//2191 1932//1932 2182//2182
f 4864//4864 2189//2189 1936//1936
f 1935//1935 4864//4864 1936//1936
f 2456//2456 2203//2203 1726//1726
f 2456//2456 1726//1726 1934//1934
f 2722//2722 2456//2456 1934//1934
f 1938//1938 2207//2207 2187//2187
f 2190//2190 2208//2208 4685//4685
f 1932//1932 2191//2191 2190//2190
f 1935//1935 2197//2197 2204//2204
f 1935//1935 2204//2204 2192//2192
f 4761//4761 2205//2205 4737//4737
f 2206//2206 2209//2209 2221//2221
f 2456//2456 2193//2193 4763//4763
f 4740//4740 4738//4738 4764//4764
f 2211//2211 2194//2194 2210//2210
f 2456//2456 4763//4763 2203//2203
f 2455//2455 4864//4864 1935//1935
f 4740//4740 4860//4860 4738//4738
f 2455//2455 1935//1935 2192//2192
f 2203//2203 2199//2199 1726//1726
f 2195//2195 2201//2201 1941//1941
f 1948//1948 2195//2195 1941//1941
f 2215//2215 2195//2195 1948//1948
f 1937//1937 2201//2201 2197//2197
f 4753//4753 4742//4742 2202//2202
f 4757//4757 4743//4743 4775//4775
f 4754//4754 2198//2198 4744//4744
f 4746//4746 2199//2199 2203//2203
f 2200//2200 2204//2204 2197//2197
f 4745//4745 4747//4747 4750//4750
f 4746//4746 4755//4755 2199//2199
f 4749//4749 4756//4756 4758//4758
f 2199//2199 4759//4759 2196//2196
f 4763//4763 4748//4748 2203//2203
f 4748//4748 4763//4763 4751//4751
f 4765//4765 4762//4762 4752//4752
f 2190//2190 2191//2191 2208//2208
f 2240//2240 2208//2208 2224//2224
f 2191//2191 2224//2224 2208//2208
f 2458//2458 2224//2224 2191//2191
f 2224//2224 2458//2458 2225//2225
f 2219//2219 2218//2218 2228//2228
f 2228//2228 2218//2218 2237//2237
f 2232//2232 2212//2212 2227//2227
f 2234//2234 4791//4791 4770//4770
f 4794//4794 2229//2229 4784//4784
f 4741//4741 4769//4769 4768//4768
f 4771//4771 4806//4806 2233//2233
f 4772//4772 4809//4809 4812//4812
f 2215//2215 1948//1948 2213//2213
f 2219//2219 2213//2213 1948//1948
f 4816//4816 1953//1953 2238//2238
f 2238//2238 1953//1953 2220//2220
f 2214//2214 1947//1947 2235//2235
f 2216//2216 4776//4776 4773//4773
f 4785//4785 4779//4779 4774//4774
f 2218//2218 2219//2219 1948//1948
f 2214//2214 2218//2218 1948//1948
f 2237//2237 2218//2218 2214//2214
f 2214//2214 2235//2235 2237//2237
f 2217//2217 4760//4760 4777//4777
f 4780//4780 4782//4782 4778//4778
f 4759//4759 4783//4783 2196//2196
f 4781//4781 4786//4786 4783//4783
f 2196//2196 4783//4783 2220//2220
f 4783//4783 4786//4786 2220//2220
f 4797//4797 2220//2220 4786//4786
f 4798//4798 2238//2238 2220//2220
f 4787//4787 4767//4767 4766//4766
f 1955//1955 2723//2723 2222//2222
f 1955//1955 1958//1958 2723//2723
f 2240//2240 2223//2223 2208//2208
f 2240//2240 2239//2239 2223//2223
f 2225//2225 2240//2240 2224//2224
f 2470//2470 2225//2225 2461//2461
f 2237//2237 2226//2226 2228//2228
f 4798//4798 2231//2231 2238//2238
f 4803//4803 4795//4795 4788//4788
f 4804//4804 4789//4789 4820//4820
f 2230//2230 4807//4807 4792//4792
f 4799//4799 4796//4796 4805//4805
f 4793//4793 4813//4813 4800//4800
f 4810//4810 4808//4808 4801//4801
f 4811//4811 4802//4802 4814//4814
f 2235//2235 1947//1947 2236//2236
f 4818//4818 4815//4815 4821//4821
f 4817//4817 4821//4821 4815//4815
f 4822//4822 4790//4790 4819//4819
f 1958//1958 1959//1959 3015//3015
f 3015//3015 1959//1959 2460//2460
f 2460//2460 1963//1963 2735//2735
f 2239//2239 2240//2240 2241//2241
f 2241//2241 2253//2253 2239//2239
f 2240//2240 2225//2225 2241//2241
f 2242//2242 2253//2253 2241//2241
f 2241//2241 2225//2225 2470//2470
f 2470//2470 2242//2242 2241//2241
f 2242//2242 2243//2243 2253//2253
f 2242//2242 2470//2470 2243//2243
f 2741//2741 3031//3031 1964//1964
f 2244//2244 2741//2741 1964//1964
f 4824//4824 4706//4706 2247//2247
f 4825//4825 1969//1969 2245//2245
f 2239//2239 2248//2248 1968//1968
f 2248//2248 2245//2245 1968//1968
f 2245//2245 2248//2248 4825//4825
f 4826//4826 2250//2250 2244//2244
f 2246//2246 4826//4826 2244//2244
f 2239//2239 2253//2253 2248//2248
f 4832//4832 4827//4827 4828//4828
f 2252//2252 2251//2251 2249//2249
f 4833//4833 4829//4829 2255//2255
f 4838//4838 4830//4830 4836//4836
f 4834//4834 4835//4835 4831//4831
f 4836//4836 2254//2254 4838//4838
f 4839//4839 2244//2244 2250//2250
f 2243//2243 4837//4837 2253//2253
f 2243//2243 2256//2256 4837//4837
f 4837//4837 2256//2256 4840//4840
f 4839//4839 2485//2485 2244//2244
f 4841//4841 2485//2485 4839//4839
f 2268//2268 2258//2258 2269//2269
f 2268//2268 2257//2257 2258//2258
f 2257//2257 2259//2259 2258//2258
f 2259//2259 2276//2276 2258//2258
f 2259//2259 2257//2257 2277//2277
f 2278//2278 2259//2259 2277//2277
f 2278//2278 2276//2276 2259//2259
f 2262//2262 2003//2003 2261//2261
f 2003//2003 2260//2260 2261//2261
f 2490//2490 2267//2267 2492//2492
f 2293//2293 2492//2492 2267//2267
f 2262//2262 2264//2264 2263//2263
f 2262//2262 2265//2265 2264//2264
f 2261//2261 2265//2265 2262//2262
f 2265//2265 2273//2273 2264//2264
f 2265//2265 2261//2261 2267//2267
f 2267//2267 2266//2266 2265//2265
f 2260//2260 2267//2267 2261//2261
f 2266//2266 2267//2267 2490//2490
f 4843//4843 2271//2271 2257//2257
f 2271//2271 2270//2270 2257//2257
f 2270//2270 2277//2277 2257//2257
f 4843//4843 2263//2263 2271//2271
f 2271//2271 2272//2272 2270//2270
f 2272//2272 2279//2279 2270//2270
f 2270//2270 2279//2279 2277//2277
f 2274//2274 2264//2264 2273//2273
f 2263//2263 2264//2264 2274//2274
f 2271//2271 2263//2263 2272//2272
f 2273//2273 2265//2265 2266//2266
f 2272//2272 2274//2274 2280//2280
f 2280//2280 2281//2281 2279//2279
f 2280//2280 2279//2279 2272//2272
f 2274//2274 2272//2272 2263//2263
f 2273//2273 2275//2275 2274//2274
f 2275//2275 2280//2280 2274//2274
f 2275//2275 2496//2496 2280//2280
f 1995//1995 2269//2269 2258//2258
f 2276//2276 1995//1995 2258//2258
f 2281//2281 2282//2282 2276//2276
f 2277//2277 2279//2279 2278//2278
f 2278//2278 2281//2281 2276//2276
f 2279//2279 2281//2281 2278//2278
f 2496//2496 2281//2281 2280//2280
f 2281//2281 2285//2285 2282//2282
f 2500//2500 2285//2285 2281//2281
f 2285//2285 2283//2283 2282//2282
f 2294//2294 1779//1779 2283//2283
f 2284//2284 2294//2294 2283//2283
f 2285//2285 2284//2284 2283//2283
f 2285//2285 2294//2294 2284//2284
f 2285//2285 2801//2801 2294//2294
f 2294//2294 2507//2507 1779//1779
f 2507//2507 1997//1997 1779//1779
f 2506//2506 1997//1997 2507//2507
f 4844//4844 1997//1997 2287//2287
f 2287//2287 1997//1997 2506//2506
f 4844//4844 2287//2287 2508//2508
f 2286//2286 2288//2288 1998//1998
f 2288//2288 2286//2286 2289//2289
f 2510//2510 2288//2288 2289//2289
f 1998//1998 2288//2288 2510//2510
f 1998//1998 2510//2510 1999//1999
f 1999//1999 2510//2510 3076//3076
f 2290//2290 2292//2292 2260//2260
f 2291//2291 2292//2292 2290//2290
f 2292//2292 2291//2291 2293//2293
f 2292//2292 2267//2267 2260//2260
f 2293//2293 2291//2291 2511//2511
f 2292//2292 2293//2293 2267//2267
f 2511//2511 2512//2512 2293//2293
f 2296//2296 2008//2008 2295//2295
f 2298//2298 2008//2008 2296//2296
f 2297//2297 2008//2008 2298//2298
f 2517//2517 2296//2296 2295//2295
f 2298//2298 2296//2296 2517//2517
f 2802//2802 2517//2517 2295//2295
f 2297//2297 2298//2298 2804//2804
f 2521//2521 2010//2010 2299//2299
f 2297//2297 2804//2804 2521//2521
f 2298//2298 2517//2517 2804//2804
f 2015//2015 2301//2301 2300//2300
f 2300//2300 2301//2301 2302//2302
f 2291//2291 2016//2016 2300//2300
f 2300//2300 2302//2302 2291//2291
f 2302//2302 2511//2511 2291//2291
f 2302//2302 2303//2303 2511//2511
f 2302//2302 2301//2301 2303//2303
f 2305//2305 2304//2304 2013//2013
f 2010//2010 2305//2305 2009//2009
f 2013//2013 2306//2306 2309//2309
f 2304//2304 2306//2306 2013//2013
f 2304//2304 2305//2305 2308//2308
f 2306//2306 2304//2304 2308//2308
f 2518//2518 2305//2305 2010//2010
f 2518//2518 2307//2307 2305//2305
f 2305//2305 2307//2307 2308//2308
f 2307//2307 2520//2520 2308//2308
f 2306//2306 2310//2310 2309//2309
f 2310//2310 2524//2524 2309//2309
f 2308//2308 2310//2310 2306//2306
f 2519//2519 2310//2310 2308//2308
f 2519//2519 2308//2308 2520//2520
f 2519//2519 2809//2809 2310//2310
f 2317//2317 2522//2522 2301//2301
f 2524//2524 2311//2311 2309//2309
f 2524//2524 2312//2312 2311//2311
f 2525//2525 2526//2526 2312//2312
f 2525//2525 2312//2312 2524//2524
f 2015//2015 2317//2317 2301//2301
f 2313//2313 2019//2019 2020//2020
f 2314//2314 2313//2313 2020//2020
f 2315//2315 2313//2313 2314//2314
f 2526//2526 2314//2314 2312//2312
f 2315//2315 2321//2321 2022//2022
f 2527//2527 2315//2315 2314//2314
f 2528//2528 2527//2527 2314//2314
f 2315//2315 2527//2527 2531//2531
f 2316//2316 2317//2317 2015//2015
f 2316//2316 2548//2548 2317//2317
f 2319//2319 2025//2025 2330//2330
f 2319//2319 2330//2330 2327//2327
f 2534//2534 2321//2321 2315//2315
f 2335//2335 2321//2321 2544//2544
f 2049//2049 2548//2548 2316//2316
f 2317//2317 2548//2548 2318//2318
f 2037//2037 2341//2341 2052//2052
f 2324//2324 2041//2041 2322//2322
f 2322//2322 2319//2319 2326//2326
f 2324//2324 2322//2322 2326//2326
f 2326//2326 2328//2328 2323//2323
f 2324//2324 2326//2326 2323//2323
f 2323//2323 2325//2325 2324//2324
f 2325//2325 2323//2323 2328//2328
f 2537//2537 2324//2324 2325//2325
f 2537//2537 2325//2325 2538//2538
f 2325//2325 2328//2328 2540//2540
f 2538//2538 2325//2325 2540//2540
f 2326//2326 2319//2319 2327//2327
f 2327//2327 2330//2330 2542//2542
f 2328//2328 2326//2326 2327//2327
f 2328//2328 2327//2327 2540//2540
f 2541//2541 2327//2327 2542//2542
f 2542//2542 2330//2330 2543//2543
f 2330//2330 2329//2329 2332//2332
f 2331//2331 2332//2332 2329//2329
f 2330//2330 2332//2332 2543//2543
f 2320//2320 2331//2331 2329//2329
f 2333//2333 2331//2331 2320//2320
f 2543//2543 2332//2332 2331//2331
f 2543//2543 2331//2331 2334//2334
f 2044//2044 2333//2333 2042//2042
f 2334//2334 2331//2331 2333//2333
f 2044//2044 2334//2334 2333//2333
f 2044//2044 2553//2553 2334//2334
f 2544//2544 2337//2337 2335//2335
f 2336//2336 2335//2335 2337//2337
f 2339//2339 2052//2052 2340//2340
f 2341//2341 2340//2340 2052//2052
f 2342//2342 2340//2340 2341//2341
f 2341//2341 2549//2549 2342//2342
f 2342//2342 2348//2348 2340//2340
f 2324//2324 2537//2537 2341//2341
f 2045//2045 2343//2343 2046//2046
f 2553//2553 2046//2046 2343//2343
f 2343//2343 2552//2552 2553//2553
f 2345//2345 2045//2045 2053//2053
f 2344//2344 2350//2350 2345//2345
f 2344//2344 2349//2349 2350//2350
f 2045//2045 2345//2345 2343//2343
f 2552//2552 2343//2343 2345//2345
f 2573//2573 2552//2552 2345//2345
f 2345//2345 2350//2350 2346//2346
f 2352//2352 2353//2353 2350//2350
f 2353//2353 2346//2346 2350//2350
f 2345//2345 2346//2346 2573//2573
f 2573//2573 2346//2346 2353//2353
f 2347//2347 2048//2048 2338//2338
f 2347//2347 2358//2358 2048//2048
f 2347//2347 2562//2562 2358//2358
f 2359//2359 2548//2548 2049//2049
f 2339//2339 2360//2360 2070//2070
f 2339//2339 2340//2340 2360//2360
f 2360//2360 2340//2340 2348//2348
f 2352//2352 2350//2350 2349//2349
f 2354//2354 2353//2353 2352//2352
f 2576//2576 2353//2353 2354//2354
f 2576//2576 2578//2578 2353//2353
f 2352//2352 2351//2351 2355//2355
f 2356//2356 2352//2352 2355//2355
f 2354//2354 2352//2352 2356//2356
f 2354//2354 2356//2356 2577//2577
f 2355//2355 2357//2357 2356//2356
f 2076//2076 2357//2357 2355//2355
f 2357//2357 2577//2577 2356//2356
f 2359//2359 2381//2381 2548//2548
f 2070//2070 2587//2587 2068//2068
f 2070//2070 2582//2582 2587//2587
f 2360//2360 2582//2582 2070//2070
f 2587//2587 2582//2582 2581//2581
f 2360//2360 2568//2568 2582//2582
f 2360//2360 2348//2348 2568//2568
f 2076//2076 2355//2355 2075//2075
f 2076//2076 2081//2081 2584//2584
f 2585//2585 2584//2584 2081//2081
f 2362//2362 2082//2082 2361//2361
f 2363//2363 2361//2361 2358//2358
f 2362//2362 2590//2590 2082//2082
f 2358//2358 2586//2586 2363//2363
f 2361//2361 2363//2363 2362//2362
f 2590//2590 2362//2362 2363//2363
f 2381//2381 2580//2580 2548//2548
f 2366//2366 2078//2078 2367//2367
f 2364//2364 2078//2078 2079//2079
f 2364//2364 2367//2367 2078//2078
f 2079//2079 2068//2068 2587//2587
f 2367//2367 2364//2364 2890//2890
f 2079//2079 2890//2890 2364//2364
f 2079//2079 2587//2587 2589//2589
f 2079//2079 2589//2589 2890//2890
f 2591//2591 2082//2082 2590//2590
f 2377//2377 2366//2366 2599//2599
f 2366//2366 2367//2367 2594//2594
f 2366//2366 2594//2594 2593//2593
f 2380//2380 2090//2090 2368//2368
f 2083//2083 2368//2368 2090//2090
f 2365//2365 2083//2083 2591//2591
f 2368//2368 2083//2083 2365//2365
f 2595//2595 2368//2368 2365//2365
f 2376//2376 2384//2384 2369//2369
f 2382//2382 2376//2376 2378//2378
f 2375//2375 2370//2370 2372//2372
f 2370//2370 2374//2374 2373//2373
f 2375//2375 2374//2374 2370//2370
f 2373//2373 2369//2369 2371//2371
f 2373//2373 2371//2371 2370//2370
f 2374//2374 2376//2376 2373//2373
f 2376//2376 2374//2374 2375//2375
f 2376//2376 2369//2369 2373//2373
f 2372//2372 2366//2366 2377//2377
f 2375//2375 2377//2377 2378//2378
f 2375//2375 2372//2372 2377//2377
f 2376//2376 2375//2375 2378//2378
f 2378//2378 2377//2377 2379//2379
f 2382//2382 2378//2378 2379//2379
f 2599//2599 2379//2379 2377//2377
f 2599//2599 2600//2600 2379//2379
f 2131//2131 2381//2381 2120//2120
f 2369//2369 2397//2397 2135//2135
f 2386//2386 2384//2384 2382//2382
f 2386//2386 2382//2382 2383//2383
f 2383//2383 2619//2619 2617//2617
f 2386//2386 2383//2383 2617//2617
f 2369//2369 2384//2384 4845//4845
f 2379//2379 2383//2383 2382//2382
f 2382//2382 2384//2384 2376//2376
f 2610//2610 2136//2136 2385//2385
f 2136//2136 2621//2621 2385//2385
f 2131//2131 2394//2394 2381//2381
f 2394//2394 2395//2395 2381//2381
f 2395//2395 2614//2614 2381//2381
f 2384//2384 2626//2626 4845//4845
f 2384//2384 2386//2386 2626//2626
f 2386//2386 2617//2617 2615//2615
f 2136//2136 1892//1892 2387//2387
f 2621//2621 2136//2136 2388//2388
f 2387//2387 2388//2388 2136//2136
f 2390//2390 2389//2389 2128//2128
f 2392//2392 2390//2390 2128//2128
f 2392//2392 2389//2389 2390//2390
f 2392//2392 2391//2391 2389//2389
f 2623//2623 2391//2391 2392//2392
f 2389//2389 2391//2391 2623//2623
f 4734//4734 2393//2393 2394//2394
f 2393//2393 2401//2401 2399//2399
f 2393//2393 2399//2399 2394//2394
f 2395//2395 2394//2394 2631//2631
f 2394//2394 2130//2130 4734//4734
f 2626//2626 2633//2633 4845//4845
f 2397//2397 2396//2396 2135//2135
f 2398//2398 1904//1904 1697//1697
f 2630//2630 2636//2636 2398//2398
f 2399//2399 2416//2416 2400//2400
f 2631//2631 2399//2399 2400//2400
f 2394//2394 2399//2399 2631//2631
f 2402//2402 2153//2153 2403//2403
f 2404//2404 2403//2403 2153//2153
f 2404//2404 2409//2409 2403//2403
f 2132//2132 2404//2404 2153//2153
f 2154//2154 2396//2396 2411//2411
f 2406//2406 2411//2411 2396//2396
f 2396//2396 2397//2397 2406//2406
f 2640//2640 2406//2406 2397//2397
f 2633//2633 2640//2640 4845//4845
f 2387//2387 2137//2137 2925//2925
f 2398//2398 2413//2413 1904//1904
f 2398//2398 2636//2636 2642//2642
f 2398//2398 2642//2642 2413//2413
f 2416//2416 2399//2399 2415//2415
f 2408//2408 2426//2426 2159//2159
f 2402//2402 2408//2408 2143//2143
f 2402//2402 2407//2407 2408//2408
f 2402//2402 2403//2403 2407//2407
f 2409//2409 2407//2407 2403//2403
f 2409//2409 2651//2651 2407//2407
f 2648//2648 2646//2646 2410//2410
f 2646//2646 2409//2409 2404//2404
f 2404//2404 2405//2405 2646//2646
f 2646//2646 2405//2405 2410//2410
f 2405//2405 2411//2411 2410//2410
f 2432//2432 2411//2411 2406//2406
f 2432//2432 2406//2406 2664//2664
f 2640//2640 2933//2933 2664//2664
f 2664//2664 2406//2406 2640//2640
f 2137//2137 1918//1918 2412//2412
f 2925//2925 2137//2137 2412//2412
f 2412//2412 2419//2419 2641//2641
f 2420//2420 2161//2161 2413//2413
f 2642//2642 2420//2420 2413//2413
f 2642//2642 2414//2414 2420//2420
f 2416//2416 2947//2947 2417//2417
f 2416//2416 2417//2417 2400//2400
f 2407//2407 2426//2426 2408//2408
f 2407//2407 2651//2651 2426//2426
f 2430//2430 2418//2418 2411//2411
f 2410//2410 2418//2418 2648//2648
f 2647//2647 2418//2418 2430//2430
f 2647//2647 2648//2648 2418//2418
f 2410//2410 2411//2411 2418//2418
f 2419//2419 2412//2412 1918//1918
f 2422//2422 2420//2420 2424//2424
f 2420//2420 2423//2423 2424//2424
f 2414//2414 2423//2423 2420//2420
f 2422//2422 2424//2424 2425//2425
f 2422//2422 2435//2435 2421//2421
f 2422//2422 2425//2425 2435//2435
f 2425//2425 2424//2424 2423//2423
f 2435//2435 2425//2425 2670//2670
f 2415//2415 2171//2171 2672//2672
f 2672//2672 2171//2171 2178//2178
f 2441//2441 2427//2427 2446//2446
f 2428//2428 2427//2427 2661//2661
f 4846//4846 2431//2431 2447//2447
f 2427//2427 2428//2428 2446//2446
f 4846//4846 2447//2447 4854//4854
f 2661//2661 2429//2429 2428//2428
f 2429//2429 2647//2647 2430//2430
f 4847//4847 2411//2411 2432//2432
f 4846//4846 4847//4847 2431//2431
f 4847//4847 2432//2432 2431//2431
f 2428//2428 2429//2429 2430//2430
f 2431//2431 2432//2432 2433//2433
f 2433//2433 2664//2664 2685//2685
f 2432//2432 2664//2664 2433//2433
f 2177//2177 2421//2421 2434//2434
f 2421//2421 2435//2435 2434//2434
f 2434//2434 2435//2435 2686//2686
f 2435//2435 2670//2670 2686//2686
f 2425//2425 2671//2671 2670//2670
f 2425//2425 2423//2423 2671//2671
f 2450//2450 2449//2449 2178//2178
f 2672//2672 2178//2178 2449//2449
f 2180//2180 2181//2181 2437//2437
f 2436//2436 2180//2180 2437//2437
f 2181//2181 2175//2175 2437//2437
f 2440//2440 2438//2438 2442//2442
f 2439//2439 2438//2438 2440//2440
f 4848//4848 4851//4851 2704//2704
f 4851//4851 2445//2445 2704//2704
f 4855//4855 2444//2444 4852//4852
f 2444//2444 4853//4853 4852//4852
f 2441//2441 2442//2442 2427//2427
f 2442//2442 2443//2443 2427//2427
f 2427//2427 2443//2443 2661//2661
f 2438//2438 2443//2443 2442//2442
f 2445//2445 4851//4851 4853//4853
f 2445//2445 4853//4853 2444//2444
f 2438//2438 2661//2661 2443//2443
f 2445//2445 2444//2444 2685//2685
f 4855//4855 4856//4856 2444//2444
f 2444//2444 4856//4856 2685//2685
f 4856//4856 2431//2431 2685//2685
f 2431//2431 2433//2433 2685//2685
f 2434//2434 2448//2448 2176//2176
f 2712//2712 2449//2449 2451//2451
f 2179//2179 2186//2186 2722//2722
f 2436//2436 2713//2713 2186//2186
f 2436//2436 2437//2437 2713//2713
f 2191//2191 2182//2182 2448//2448
f 2709//2709 2448//2448 2434//2434
f 2448//2448 2453//2453 2191//2191
f 2448//2448 2717//2717 2453//2453
f 2448//2448 2709//2709 2717//2717
f 2459//2459 2454//2454 2188//2188
f 2712//2712 2451//2451 2188//2188
f 2188//2188 2452//2452 2712//2712
f 2716//2716 2986//2986 2207//2207
f 2734//2734 4865//4865 2457//2457
f 2456//2456 4966//4966 4863//4863
f 4967//4967 2454//2454 2459//2459
f 4966//4966 2456//2456 2722//2722
f 4865//4865 4858//4858 2457//2457
f 4739//4739 4861//4861 4859//4859
f 2457//2457 4858//4858 4862//4862
f 2222//2222 2716//2716 2207//2207
f 2716//2716 2222//2222 2723//2723
f 2191//2191 2453//2453 2458//2458
f 2717//2717 2458//2458 2453//2453
f 2461//2461 2225//2225 2458//2458
f 2470//2470 2462//2462 2472//2472
f 2462//2462 2470//2470 2461//2461
f 2463//2463 2465//2465 2464//2464
f 4866//4866 4867//4867 4868//4868
f 2466//2466 2467//2467 2468//2468
f 4871//4871 4870//4870 4869//4869
f 2481//2481 2469//2469 2480//2480
f 4872//4872 2484//2484 4889//4889
f 4873//4873 4892//4892 2482//2482
f 4874//4874 4895//4895 4901//4901
f 1963//1963 1960//1960 2735//2735
f 2735//2735 1960//1960 3031//3031
f 2471//2471 2256//2256 2243//2243
f 2243//2243 2470//2470 2472//2472
f 2472//2472 2471//2471 2243//2243
f 2256//2256 2471//2471 2487//2487
f 2471//2471 2472//2472 2473//2473
f 2473//2473 2487//2487 2471//2471
f 2474//2474 4906//4906 4875//4875
f 2754//2754 2244//2244 4877//4877
f 2473//2473 2472//2472 2475//2475
f 2477//2477 2472//2472 2462//2462
f 2754//2754 2741//2741 2244//2244
f 2472//2472 4881//4881 2475//2475
f 2754//2754 4877//4877 2476//2476
f 4877//4877 4876//4876 2476//2476
f 4878//4878 2476//2476 4876//4876
f 2476//2476 2753//2753 2754//2754
f 4881//4881 2479//2479 2475//2475
f 4879//4879 4885//4885 4880//4880
f 2478//2478 4988//4988 4886//4886
f 4882//4882 4883//4883 4887//4887
f 2753//2753 2476//2476 4888//4888
f 4893//4893 4890//4890 2483//2483
f 4891//4891 4902//4902 4898//4898
f 4896//4896 4894//4894 4899//4899
f 4897//4897 4900//4900 4903//4903
f 2244//2244 2485//2485 2486//2486
f 2485//2485 4841//4841 2486//2486
f 4907//4907 4904//4904 4842//4842
f 2486//2486 4877//4877 2244//2244
f 4906//4906 2474//2474 4905//4905
f 2293//2293 2512//2512 2492//2492
f 2512//2512 2513//2513 4909//4909
f 2513//2513 2488//2488 4909//4909
f 2488//2488 2779//2779 4909//4909
f 2775//2775 2488//2488 2514//2514
f 2266//2266 2490//2490 2489//2489
f 4908//4908 2490//2490 2494//2494
f 2490//2490 2491//2491 2494//2494
f 2490//2490 2492//2492 2491//2491
f 2779//2779 2505//2505 4909//4909
f 5029//5029 2779//2779 2488//2488
f 2273//2273 2493//2493 2275//2275
f 2273//2273 2266//2266 2489//2489
f 2493//2493 2273//2273 2489//2489
f 2496//2496 2493//2493 2489//2489
f 2496//2496 2275//2275 2493//2493
f 4908//4908 2497//2497 4912//4912
f 4908//4908 2494//2494 2497//2497
f 2497//2497 4910//4910 2495//2495
f 2497//2497 2495//2495 2501//2501
f 2497//2497 2501//2501 4912//4912
f 4911//4911 2494//2494 2491//2491
f 2501//2501 4911//4911 2491//2491
f 2492//2492 2502//2502 2491//2491
f 2491//2491 2502//2502 2501//2501
f 4909//4909 2505//2505 4915//4915
f 5029//5029 2777//2777 2779//2779
f 2496//2496 2498//2498 2281//2281
f 2498//2498 2496//2496 2499//2499
f 2499//2499 2500//2500 2498//2498
f 2498//2498 2500//2500 2281//2281
f 4912//4912 2501//2501 4913//4913
f 4914//4914 4913//4913 2501//2501
f 2504//2504 2501//2501 2502//2502
f 2779//2779 2786//2786 2505//2505
f 2786//2786 2788//2788 2505//2505
f 2500//2500 2503//2503 2285//2285
f 2504//2504 4914//4914 2501//2501
f 2503//2503 4914//4914 2504//2504
f 2503//2503 2504//2504 2515//2515
f 2516//2516 2515//2515 2504//2504
f 2502//2502 2516//2516 2504//2504
f 4915//4915 2505//2505 2516//2516
f 2505//2505 2790//2790 2516//2516
f 2505//2505 2788//2788 2790//2790
f 2285//2285 2503//2503 2515//2515
f 2801//2801 2285//2285 2515//2515
f 3066//3066 2294//2294 2801//2801
f 2507//2507 2793//2793 2506//2506
f 2506//2506 3074//3074 2287//2287
f 4844//4844 2508//2508 2289//2289
f 2289//2289 2509//2509 2510//2510
f 2509//2509 2289//2289 2508//2508
f 2508//2508 2794//2794 2509//2509
f 2287//2287 2794//2794 2508//2508
f 2511//2511 2513//2513 2512//2512
f 2511//2511 2514//2514 2513//2513
f 2513//2513 2514//2514 2488//2488
f 2515//2515 2516//2516 2801//2801
f 2517//2517 2803//2803 2804//2804
f 2307//2307 2518//2518 2520//2520
f 2010//2010 2521//2521 2518//2518
f 2804//2804 2806//2806 2521//2521
f 2520//2520 2809//2809 2519//2519
f 2518//2518 2806//2806 2520//2520
f 2806//2806 2518//2518 2521//2521
f 2809//2809 2520//2520 2806//2806
f 2303//2303 2301//2301 2522//2522
f 2523//2523 2522//2522 2318//2318
f 2523//2523 2511//2511 2522//2522
f 2303//2303 2522//2522 2511//2511
f 2523//2523 2514//2514 2511//2511
f 2523//2523 2815//2815 2808//2808
f 2523//2523 2808//2808 2514//2514
f 2809//2809 2810//2810 2310//2310
f 2310//2310 2810//2810 2524//2524
f 2524//2524 2529//2529 2525//2525
f 2817//2817 2529//2529 2524//2524
f 2318//2318 2522//2522 2317//2317
f 2815//2815 2523//2523 2318//2318
f 2526//2526 2528//2528 2314//2314
f 2528//2528 2531//2531 2527//2527
f 2525//2525 2529//2529 2526//2526
f 2530//2530 2528//2528 2526//2526
f 2526//2526 2529//2529 2530//2530
f 2529//2529 2819//2819 2530//2530
f 2819//2819 2816//2816 2530//2530
f 2530//2530 2816//2816 2528//2528
f 2818//2818 2531//2531 2528//2528
f 2531//2531 2818//2818 2533//2533
f 2532//2532 2536//2536 2815//2815
f 2536//2536 3103//3103 2815//2815
f 2318//2318 2532//2532 2815//2815
f 2531//2531 2533//2533 2315//2315
f 2533//2533 2534//2534 2315//2315
f 2826//2826 2321//2321 2534//2534
f 2534//2534 2824//2824 2826//2826
f 2535//2535 2548//2548 2536//2536
f 2535//2535 2318//2318 2548//2548
f 2532//2532 2318//2318 2535//2535
f 2536//2536 2532//2532 2535//2535
f 2537//2537 2538//2538 2341//2341
f 2538//2538 2540//2540 2539//2539
f 2341//2341 2538//2538 2550//2550
f 2538//2538 2539//2539 2550//2550
f 2539//2539 2540//2540 2541//2541
f 2550//2550 2539//2539 2541//2541
f 2833//2833 2550//2550 2541//2541
f 2327//2327 2541//2541 2540//2540
f 2541//2541 2542//2542 2823//2823
f 2823//2823 2542//2542 2543//2543
f 2837//2837 2823//2823 2543//2543
f 2565//2565 2337//2337 2544//2544
f 2336//2336 2337//2337 2565//2565
f 2321//2321 2826//2826 2544//2544
f 2826//2826 2545//2545 2544//2544
f 2545//2545 2565//2565 2544//2544
f 2565//2565 2545//2545 2546//2546
f 4916//4916 2567//2567 2565//2565
f 4917//4917 2545//2545 2547//2547
f 4916//4916 4918//4918 2567//2567
f 2548//2548 2580//2580 2536//2536
f 2536//2536 2580//2580 2822//2822
f 2342//2342 2549//2549 2348//2348
f 2549//2549 2341//2341 2550//2550
f 2549//2549 2572//2572 2348//2348
f 2549//2549 2833//2833 2572//2572
f 2553//2553 2551//2551 2334//2334
f 2554//2554 2552//2552 2555//2555
f 2553//2553 2552//2552 2554//2554
f 2559//2559 4919//4919 4920//4920
f 2551//2551 2553//2553 2557//2557
f 2553//2553 2554//2554 2556//2556
f 2557//2557 2553//2553 2556//2556
f 4921//4921 2556//2556 2554//2554
f 2552//2552 2573//2573 2558//2558
f 2555//2555 2552//2552 2558//2558
f 2558//2558 2573//2573 2574//2574
f 4920//4920 2560//2560 2559//2559
f 2560//2560 4920//4920 2558//2558
f 2558//2558 2575//2575 2560//2560
f 2559//2559 2856//2856 2854//2854
f 2559//2559 2560//2560 2856//2856
f 2338//2338 2561//2561 2347//2347
f 2562//2562 2347//2347 2561//2561
f 2336//2336 2563//2563 2338//2338
f 2563//2563 2561//2561 2338//2338
f 2563//2563 2564//2564 2561//2561
f 2561//2561 2564//2564 2562//2562
f 2336//2336 2565//2565 4922//4922
f 4922//4922 2565//2565 2566//2566
f 2565//2565 2567//2567 2566//2566
f 2562//2562 2586//2586 2358//2358
f 2562//2562 2564//2564 2868//2868
f 2566//2566 3351//3351 4922//4922
f 2567//2567 3351//3351 2566//2566
f 2348//2348 2572//2572 2569//2569
f 2348//2348 2569//2569 2568//2568
f 2570//2570 2582//2582 2568//2568
f 2569//2569 2570//2570 2568//2568
f 2572//2572 2571//2571 2569//2569
f 2570//2570 2569//2569 2571//2571
f 2583//2583 2570//2570 2571//2571
f 2583//2583 2571//2571 2869//2869
f 2571//2571 2832//2832 2869//2869
f 2572//2572 2832//2832 2571//2571
f 2832//2832 2572//2572 2833//2833
f 2575//2575 2558//2558 2574//2574
f 2856//2856 2560//2560 2575//2575
f 2573//2573 2353//2353 2578//2578
f 2573//2573 2578//2578 2574//2574
f 2575//2575 2574//2574 2578//2578
f 2579//2579 2856//2856 2575//2575
f 2577//2577 2576//2576 2354//2354
f 2577//2577 2578//2578 2576//2576
f 2577//2577 2579//2579 2578//2578
f 2577//2577 2357//2357 2579//2579
f 2578//2578 2579//2579 2575//2575
f 2357//2357 2877//2877 2579//2579
f 2076//2076 2865//2865 2357//2357
f 2357//2357 2865//2865 2877//2877
f 2584//2584 2865//2865 2076//2076
f 2868//2868 2586//2586 2562//2562
f 2588//2588 2587//2587 2581//2581
f 2581//2581 2582//2582 2570//2570
f 2581//2581 2570//2570 2583//2583
f 2583//2583 2588//2588 2581//2581
f 2588//2588 2583//2583 2886//2886
f 2583//2583 2869//2869 2880//2880
f 2583//2583 2880//2880 2886//2886
f 3144//3144 2585//2585 2883//2883
f 2584//2584 2585//2585 3144//3144
f 2592//2592 2363//2363 2586//2586
f 2888//2888 2592//2592 2586//2586
f 2363//2363 2592//2592 2590//2590
f 2587//2587 2588//2588 2589//2589
f 2590//2590 2592//2592 2591//2591
f 2595//2595 2365//2365 2591//2591
f 2592//2592 2595//2595 2591//2591
f 2888//2888 2595//2595 2592//2592
f 2614//2614 2596//2596 2580//2580
f 2366//2366 2593//2593 2599//2599
f 2594//2594 2367//2367 2890//2890
f 2593//2593 2594//2594 2604//2604
f 2883//2883 2112//2112 2895//2895
f 2595//2595 2896//2896 2368//2368
f 2595//2595 3207//3207 2896//2896
f 2580//2580 2381//2381 2614//2614
f 2580//2580 2596//2596 2893//2893
f 2608//2608 2597//2597 2598//2598
f 2598//2598 2597//2597 2603//2603
f 2608//2608 2598//2598 2609//2609
f 2598//2598 2603//2603 2609//2609
f 2894//2894 2609//2609 2603//2603
f 2607//2607 2379//2379 2600//2600
f 2601//2601 2607//2607 2600//2600
f 2600//2600 2604//2604 2601//2601
f 2601//2601 2604//2604 4924//4924
f 2601//2601 4924//4924 2607//2607
f 2604//2604 2602//2602 2597//2597
f 2604//2604 2594//2594 2602//2602
f 2597//2597 2602//2602 2603//2603
f 2602//2602 2894//2894 2603//2603
f 2593//2593 2600//2600 2599//2599
f 2604//2604 2600//2600 2593//2593
f 2602//2602 2594//2594 2889//2889
f 2894//2894 2602//2602 2889//2889
f 2898//2898 2112//2112 2611//2611
f 2112//2112 2898//2898 2895//2895
f 2380//2380 2368//2368 2896//2896
f 2896//2896 2612//2612 2380//2380
f 2380//2380 2612//2612 2392//2392
f 2596//2596 2614//2614 2605//2605
f 2596//2596 2605//2605 2893//2893
f 2614//2614 2901//2901 2605//2605
f 2619//2619 2606//2606 2620//2620
f 2620//2620 2608//2608 2897//2897
f 2619//2619 2383//2383 2607//2607
f 2619//2619 2607//2607 2606//2606
f 2606//2606 2608//2608 2620//2620
f 2383//2383 2379//2379 2607//2607
f 2606//2606 2607//2607 4924//4924
f 2606//2606 2597//2597 2608//2608
f 2609//2609 2894//2894 2608//2608
f 2610//2610 2611//2611 2112//2112
f 2610//2610 2385//2385 2611//2611
f 2385//2385 2905//2905 2611//2611
f 2621//2621 2905//2905 2385//2385
f 2611//2611 2905//2905 2899//2899
f 2624//2624 2392//2392 2612//2612
f 2613//2613 2614//2614 2395//2395
f 2614//2614 2613//2613 2901//2901
f 2626//2626 2386//2386 2615//2615
f 2616//2616 2626//2626 2615//2615
f 2615//2615 2620//2620 2616//2616
f 2616//2616 2620//2620 2618//2618
f 2616//2616 2618//2618 2629//2629
f 2897//2897 2903//2903 2629//2629
f 2617//2617 2619//2619 2615//2615
f 2620//2620 2615//2615 2619//2619
f 2618//2618 2620//2620 2897//2897
f 2618//2618 2897//2897 2629//2629
f 2388//2388 2387//2387 2622//2622
f 2388//2388 2622//2622 2621//2621
f 2622//2622 2905//2905 2621//2621
f 2623//2623 2392//2392 2624//2624
f 2625//2625 2633//2633 2626//2626
f 2625//2625 2628//2628 2634//2634
f 2633//2633 2625//2625 2634//2634
f 2634//2634 2628//2628 2635//2635
f 2903//2903 2635//2635 4925//4925
f 2909//2909 2635//2635 2903//2903
f 2924//2924 2635//2635 2909//2909
f 2626//2626 2616//2616 2625//2625
f 2627//2627 2625//2625 2616//2616
f 2625//2625 2627//2627 2628//2628
f 2627//2627 2616//2616 2628//2628
f 2616//2616 2629//2629 2628//2628
f 4925//4925 2629//2629 2903//2903
f 2622//2622 2387//2387 2925//2925
f 2389//2389 2623//2623 2630//2630
f 2623//2623 2926//2926 2630//2630
f 2624//2624 2926//2926 2623//2623
f 2400//2400 2639//2639 2631//2631
f 2395//2395 2631//2631 2613//2613
f 2631//2631 2632//2632 2613//2613
f 2632//2632 2631//2631 2639//2639
f 2613//2613 2632//2632 2645//2645
f 2613//2613 2645//2645 2901//2901
f 2640//2640 2633//2633 2933//2933
f 2634//2634 2635//2635 2633//2633
f 2635//2635 2924//2924 2920//2920
f 2637//2637 2642//2642 2636//2636
f 2636//2636 2630//2630 2926//2926
f 2636//2636 2926//2926 2638//2638
f 2638//2638 2637//2637 2636//2636
f 2936//2936 2637//2637 2638//2638
f 2400//2400 2417//2417 2644//2644
f 2639//2639 2400//2400 2644//2644
f 2639//2639 2644//2644 2632//2632
f 2644//2644 2645//2645 2632//2632
f 2635//2635 2933//2933 2633//2633
f 2412//2412 2641//2641 2925//2925
f 3222//3222 2925//2925 2641//2641
f 2649//2649 3222//3222 2641//2641
f 2642//2642 2643//2643 2414//2414
f 2643//2643 2637//2637 2936//2936
f 2642//2642 2637//2637 2643//2643
f 2644//2644 2417//2417 2947//2947
f 2645//2645 2644//2644 2650//2650
f 2937//2937 2645//2645 2650//2650
f 2651//2651 2409//2409 2646//2646
f 2648//2648 2662//2662 2646//2646
f 2647//2647 2662//2662 2648//2648
f 2649//2649 2641//2641 2419//2419
f 2414//2414 2669//2669 2423//2423
f 2671//2671 2423//2423 2669//2669
f 2414//2414 2941//2941 2669//2669
f 2415//2415 2672//2672 2416//2416
f 2426//2426 2651//2651 2677//2677
f 2651//2651 2652//2652 2680//2680
f 2652//2652 2654//2654 2680//2680
f 2652//2652 2651//2651 2646//2646
f 2652//2652 2646//2646 2654//2654
f 2661//2661 2438//2438 2682//2682
f 2656//2656 2657//2657 2658//2658
f 2653//2653 2656//2656 2658//2658
f 4926//4926 2653//2653 2658//2658
f 2663//2663 4926//4926 2658//2658
f 2653//2653 4927//4927 2682//2682
f 2646//2646 2655//2655 2654//2654
f 2654//2654 2655//2655 2656//2656
f 2655//2655 2657//2657 2656//2656
f 2656//2656 2682//2682 2654//2654
f 2682//2682 2656//2656 2653//2653
f 2663//2663 2658//2658 2657//2657
f 2659//2659 2647//2647 2429//2429
f 2660//2660 2659//2659 2429//2429
f 2660//2660 2429//2429 2661//2661
f 2647//2647 2659//2659 2663//2663
f 2663//2663 2659//2659 2660//2660
f 2660//2660 2661//2661 2663//2663
f 2646//2646 2662//2662 2655//2655
f 2655//2655 2662//2662 2657//2657
f 2663//2663 2662//2662 2647//2647
f 2662//2662 2663//2663 2657//2657
f 2945//2945 2684//2684 2667//2667
f 2665//2665 4930//4930 2664//2664
f 2933//2933 2668//2668 2664//2664
f 2664//2664 2666//2666 2665//2665
f 2664//2664 2668//2668 2666//2666
f 2665//2665 2666//2666 2684//2684
f 2667//2667 2666//2666 2668//2668
f 2667//2667 2684//2684 2666//2666
f 2945//2945 2667//2667 2939//2939
f 2667//2667 2668//2668 2939//2939
f 2649//2649 2419//2419 2708//2708
f 2964//2964 2674//2674 2673//2673
f 2688//2688 2672//2672 2712//2712
f 2416//2416 2674//2674 2947//2947
f 2416//2416 2673//2673 2674//2674
f 2673//2673 2416//2416 2672//2672
f 2673//2673 2672//2672 2688//2688
f 2674//2674 2964//2964 2947//2947
f 2437//2437 2426//2426 2677//2677
f 2691//2691 2437//2437 2676//2676
f 2675//2675 2676//2676 2437//2437
f 2677//2677 2675//2675 2437//2437
f 2675//2675 2977//2977 2676//2676
f 2692//2692 2680//2680 2702//2702
f 2677//2677 2678//2678 2675//2675
f 2651//2651 2680//2680 2678//2678
f 2679//2679 2678//2678 2680//2680
f 2679//2679 2680//2680 2692//2692
f 2651//2651 2678//2678 2677//2677
f 2983//2983 2675//2675 2678//2678
f 2679//2679 5060//5060 2678//2678
f 2703//2703 2702//2702 2681//2681
f 2654//2654 2682//2682 2680//2680
f 2702//2702 2680//2680 4928//4928
f 2707//2707 2962//2962 2960//2960
f 4928//4928 2682//2682 4849//4849
f 2681//2681 4850//4850 2703//2703
f 2704//2704 4956//4956 4848//4848
f 4957//4957 2445//2445 2683//2683
f 4849//4849 2682//2682 2438//2438
f 2682//2682 4928//4928 2680//2680
f 4958//4958 4929//4929 2707//2707
f 2945//2945 2707//2707 2684//2684
f 2707//2707 4929//4929 2684//2684
f 2683//2683 2445//2445 2685//2685
f 4929//4929 4930//4930 2684//2684
f 2707//2707 2945//2945 2962//2962
f 2684//2684 4930//4930 2665//2665
f 2708//2708 2419//2419 2187//2187
f 2686//2686 2670//2670 2687//2687
f 2687//2687 2709//2709 2686//2686
f 2670//2670 2671//2671 2987//2987
f 2712//2712 2672//2672 2449//2449
f 5048//5048 2673//2673 2688//2688
f 2713//2713 2689//2689 2715//2715
f 2715//2715 2689//2689 2714//2714
f 2714//2714 2689//2689 2690//2690
f 4931//4931 2970//2970 2714//2714
f 2713//2713 2437//2437 2689//2689
f 2689//2689 2437//2437 2691//2691
f 2690//2690 2689//2689 4932//4932
f 2690//2690 4932//4932 2973//2973
f 2977//2977 2691//2691 2676//2676
f 2692//2692 2702//2702 2693//2693
f 2693//2693 2694//2694 2692//2692
f 4934//4934 2696//2696 4935//4935
f 4941//4941 2693//2693 2695//2695
f 2697//2697 4933//4933 2698//2698
f 2701//2701 4946//4946 4949//4949
f 4933//4933 4936//4936 2698//2698
f 2699//2699 5060//5060 2679//2679
f 4947//4947 2699//2699 2679//2679
f 2679//2679 2692//2692 4947//4947
f 4942//4942 2960//2960 2700//2700
f 4951//4951 4948//4948 4953//4953
f 4952//4952 4937//4937 4943//4943
f 2700//2700 4950//4950 4938//4938
f 2985//2985 2700//2700 2960//2960
f 4951//4951 4953//4953 2981//2981
f 4954//4954 2982//2982 5058//5058
f 5059//5059 2700//2700 2985//2985
f 2700//2700 5059//5059 4955//4955
f 4950//4950 2700//2700 4955//4955
f 2695//2695 2702//2702 2703//2703
f 2693//2693 2702//2702 2695//2695
f 2705//2705 4939//4939 4956//4956
f 4959//4959 4958//4958 2707//2707
f 2705//2705 4956//4956 2704//2704
f 4944//4944 4940//4940 2706//2706
f 4940//4940 4959//4959 2706//2706
f 2706//2706 4959//4959 2707//2707
f 2960//2960 4945//4945 2706//2706
f 2707//2707 2960//2960 2706//2706
f 2986//2986 2708//2708 2207//2207
f 2686//2686 2709//2709 2434//2434
f 2709//2709 2710//2710 2717//2717
f 2709//2709 2687//2687 2710//2710
f 2687//2687 2711//2711 2710//2710
f 2710//2710 2711//2711 2717//2717
f 2987//2987 2687//2687 2670//2670
f 2711//2711 2687//2687 2987//2987
f 2987//2987 3006//3006 2711//2711
f 2452//2452 2718//2718 2712//2712
f 2688//2688 2712//2712 2990//2990
f 2722//2722 2713//2713 3014//3014
f 2996//2996 2713//2713 2715//2715
f 2996//2996 2715//2715 2994//2994
f 2713//2713 2996//2996 5081//5081
f 3002//3002 2994//2994 2715//2715
f 2186//2186 2713//2713 2722//2722
f 3003//3003 2714//2714 3000//3000
f 2715//2715 3003//3003 3002//3002
f 2714//2714 3003//3003 2715//2715
f 2970//2970 3000//3000 2714//2714
f 2717//2717 2711//2711 2726//2726
f 2719//2719 2718//2718 2720//2720
f 2719//2719 3009//3009 2718//2718
f 2731//2731 2719//2719 2720//2720
f 3008//3008 2718//2718 3009//3009
f 2452//2452 2188//2188 2454//2454
f 2454//2454 2720//2720 2452//2452
f 2718//2718 2452//2452 2720//2720
f 2454//2454 2728//2728 2720//2720
f 2718//2718 2990//2990 2712//2712
f 2991//2991 2990//2990 2718//2718
f 2721//2721 3029//3029 2722//2722
f 2721//2721 2722//2722 3014//3014
f 2724//2724 2738//2738 2458//2458
f 2461//2461 2458//2458 2738//2738
f 2717//2717 2724//2724 2458//2458
f 2738//2738 2724//2724 2725//2725
f 2717//2717 2725//2725 2724//2724
f 2738//2738 2725//2725 3017//3017
f 2725//2725 2717//2717 2726//2726
f 2725//2725 2726//2726 3017//3017
f 2731//2731 3063//3063 3026//3026
f 2744//2744 3063//3063 2731//2731
f 4968//4968 2729//2729 4960//4960
f 2722//2722 4961//4961 4966//4966
f 2720//2720 2728//2728 2727//2727
f 2728//2728 2744//2744 2727//2727
f 2729//2729 2730//2730 4960//4960
f 2720//2720 2727//2727 2731//2731
f 2727//2727 2744//2744 2731//2731
f 4963//4963 2744//2744 2728//2728
f 2729//2729 2732//2732 2730//2730
f 2730//2730 2732//2732 2745//2745
f 2722//2722 3029//3029 4961//4961
f 3029//3029 2733//2733 4961//4961
f 4965//4965 4964//4964 4962//4962
f 4963//4963 4975//4975 2744//2744
f 4965//4965 4976//4976 4964//4964
f 3029//3029 3028//3028 2733//2733
f 4960//4960 4857//4857 4968//4968
f 1958//1958 3015//3015 2723//2723
f 2736//2736 2737//2737 2461//2461
f 2461//2461 2737//2737 2462//2462
f 2477//2477 2462//2462 2737//2737
f 2736//2736 2461//2461 2738//2738
f 2739//2739 2737//2737 2736//2736
f 2738//2738 2739//2739 2736//2736
f 2742//2742 2737//2737 2739//2739
f 2738//2738 2740//2740 2739//2739
f 3034//3034 2742//2742 2739//2739
f 3017//3017 2740//2740 2738//2738
f 2740//2740 3034//3034 2739//2739
f 3034//3034 2740//2740 3032//3032
f 3032//3032 2740//2740 3017//3017
f 2737//2737 2742//2742 2762//2762
f 4970//4970 2760//2760 2761//2761
f 4998//4998 4971//4971 4996//4996
f 2743//2743 3035//3035 3040//3040
f 4994//4994 4972//4972 5103//5103
f 3037//3037 3036//3036 2743//2743
f 4995//4995 5104//5104 2741//2741
f 5110//5110 4973//4973 3038//3038
f 2744//2744 2747//2747 2750//2750
f 3027//3027 5158//5158 3064//3064
f 3063//3063 2744//2744 2750//2750
f 3063//3063 2750//2750 5159//5159
f 5160//5160 4980//4980 2751//2751
f 2744//2744 4975//4975 2747//2747
f 2749//2749 2746//2746 2748//2748
f 4977//4977 4979//4979 4978//4978
f 2750//2750 2747//2747 2752//2752
f 2752//2752 2747//2747 4975//4975
f 4965//4965 4984//4984 4976//4976
f 4985//4985 4982//4982 4981//4981
f 4983//4983 4986//4986 5101//5101
f 2733//2733 3028//3028 4987//4987
f 2754//2754 2757//2757 2741//2741
f 4883//4883 4882//4882 2755//2755
f 4989//4989 2477//2477 2737//2737
f 2756//2756 2753//2753 4884//4884
f 4991//4991 4883//4883 2755//2755
f 2757//2757 2754//2754 2758//2758
f 2758//2758 2754//2754 2759//2759
f 2759//2759 2753//2753 2756//2756
f 2753//2753 2759//2759 2754//2754
f 2762//2762 4989//4989 2737//2737
f 4993//4993 4992//4992 4990//4990
f 4990//4990 4999//4999 4993//4993
f 4997//4997 4995//4995 2757//2757
f 2758//2758 2759//2759 5000//5000
f 2758//2758 4997//4997 2757//2757
f 4995//4995 2741//2741 2757//2757
f 2758//2758 5000//5000 4997//4997
f 2771//2771 2763//2763 2772//2772
f 5024//5024 5001//5001 2773//2773
f 2767//2767 2766//2766 2764//2764
f 5008//5008 2770//2770 5004//5004
f 5011//5011 5005//5005 2769//2769
f 5006//5006 5020//5020 5017//5017
f 5002//5002 5023//5023 2765//2765
f 5003//5003 5007//5007 5025//5025
f 2765//2765 5023//5023 2774//2774
f 5025//5025 5007//5007 5026//5026
f 5009//5009 5012//5012 2768//2768
f 5010//5010 5014//5014 5021//5021
f 5015//5015 5013//5013 5018//5018
f 5016//5016 5019//5019 5022//5022
f 5027//5027 5024//5024 2773//2773
f 2772//2772 5028//5028 2771//2771
f 5030//5030 2776//2776 2778//2778
f 2775//2775 2776//2776 5031//5031
f 2776//2776 2775//2775 2514//2514
f 5030//5030 2778//2778 2781//2781
f 2778//2778 2776//2776 2514//2514
f 2778//2778 2514//2514 2784//2784
f 5033//5033 2778//2778 2784//2784
f 2797//2797 2785//2785 5034//5034
f 2780//2780 2786//2786 2779//2779
f 2780//2780 2779//2779 2777//2777
f 5035//5035 5032//5032 2782//2782
f 5030//5030 2781//2781 5032//5032
f 5032//5032 2781//2781 2782//2782
f 5033//5033 2784//2784 2783//2783
f 2781//2781 2783//2783 2782//2782
f 2798//2798 3078//3078 2785//2785
f 2785//2785 2789//2789 5034//5034
f 2787//2787 5035//5035 2782//2782
f 2788//2788 5035//5035 2787//2787
f 2782//2782 2783//2783 2787//2787
f 2783//2783 2799//2799 2787//2787
f 2784//2784 2799//2799 2783//2783
f 2788//2788 2787//2787 2799//2799
f 2789//2789 2800//2800 5034//5034
f 2799//2799 2790//2790 2788//2788
f 3079//3079 3066//3066 2801//2801
f 2294//2294 2792//2792 2791//2791
f 2792//2792 2294//2294 3066//3066
f 2791//2791 2793//2793 2294//2294
f 2294//2294 2793//2793 2507//2507
f 2792//2792 3067//3067 2791//2791
f 2793//2793 3072//3072 2506//2506
f 3072//3072 3071//3071 2506//2506
f 2506//2506 3071//3071 3074//3074
f 3074//3074 2795//2795 2287//2287
f 2287//2287 2795//2795 2794//2794
f 2794//2794 2795//2795 2509//2509
f 2795//2795 3075//3075 2509//2509
f 2795//2795 3074//3074 3075//3075
f 3073//3073 3076//3076 2510//2510
f 2295//2295 3076//3076 2796//2796
f 2295//2295 2796//2796 3080//3080
f 2797//2797 2514//2514 2805//2805
f 2797//2797 2805//2805 2798//2798
f 2797//2797 5034//5034 2514//2514
f 2798//2798 2785//2785 2797//2797
f 2800//2800 2799//2799 5034//5034
f 3281//3281 2800//2800 2789//2789
f 2799//2799 3079//3079 2790//2790
f 2799//2799 2800//2800 3079//3079
f 2800//2800 3281//3281 3079//3079
f 2790//2790 3079//3079 2516//2516
f 2516//2516 3079//3079 2801//2801
f 2802//2802 2295//2295 3080//3080
f 2803//2803 2517//2517 2802//2802
f 3082//3082 2802//2802 3080//3080
f 2802//2802 3082//3082 2803//2803
f 3462//3462 2804//2804 2803//2803
f 3285//3285 3462//3462 2803//2803
f 2805//2805 3086//3086 2798//2798
f 2809//2809 2806//2806 2807//2807
f 2514//2514 2808//2808 2815//2815
f 2514//2514 2815//2815 2805//2805
f 2810//2810 3093//3093 2524//2524
f 2811//2811 2810//2810 2809//2809
f 2807//2807 2811//2811 2809//2809
f 2807//2807 3089//3089 2811//2811
f 3089//3089 2812//2812 2811//2811
f 2811//2811 2812//2812 2813//2813
f 3088//3088 3089//3089 2807//2807
f 2524//2524 2814//2814 2817//2817
f 2524//2524 3093//3093 2814//2814
f 5037//5037 2810//2810 5036//5036
f 2812//2812 3089//3089 2813//2813
f 2529//2529 2817//2817 2819//2819
f 2528//2528 2816//2816 3098//3098
f 2528//2528 3098//3098 2818//2818
f 2816//2816 2819//2819 3098//3098
f 3095//3095 3098//3098 2819//2819
f 3095//3095 2819//2819 2817//2817
f 3095//3095 3100//3100 3098//3098
f 2818//2818 2820//2820 2533//2533
f 2818//2818 3099//3099 2820//2820
f 3098//3098 3099//3099 2818//2818
f 2820//2820 3101//3101 2533//2533
f 2820//2820 3099//3099 3101//3101
f 2533//2533 2825//2825 2534//2534
f 2533//2533 3101//3101 2821//2821
f 2533//2533 2821//2821 2825//2825
f 2536//2536 2822//2822 3103//3103
f 3103//3103 2822//2822 2828//2828
f 2833//2833 2541//2541 2823//2823
f 2855//2855 2859//2859 3141//3141
f 2825//2825 2824//2824 2534//2534
f 2825//2825 2826//2826 2824//2824
f 2825//2825 3146//3146 2826//2826
f 2826//2826 2547//2547 2545//2545
f 2827//2827 2822//2822 2580//2580
f 2828//2828 2822//2822 2827//2827
f 2580//2580 2829//2829 2827//2827
f 2827//2827 2829//2829 2828//2828
f 2829//2829 2580//2580 2830//2830
f 2829//2829 2830//2830 2828//2828
f 2830//2830 2831//2831 2828//2828
f 2580//2580 2831//2831 2830//2830
f 2828//2828 2831//2831 3103//3103
f 2549//2549 2550//2550 2833//2833
f 2832//2832 2833//2833 2834//2834
f 2834//2834 2833//2833 2876//2876
f 2833//2833 2835//2835 2836//2836
f 2823//2823 2835//2835 2833//2833
f 2837//2837 2835//2835 2823//2823
f 2835//2835 2837//2837 2838//2838
f 2835//2835 2838//2838 2836//2836
f 2837//2837 2543//2543 2838//2838
f 2839//2839 2543//2543 2551//2551
f 2838//2838 2839//2839 2840//2840
f 2839//2839 2838//2838 2543//2543
f 2840//2840 3119//3119 2838//2838
f 2551//2551 2543//2543 2334//2334
f 2841//2841 2839//2839 2551//2551
f 2839//2839 2841//2841 2840//2840
f 2551//2551 2557//2557 2841//2841
f 3119//3119 2840//2840 3121//3121
f 2840//2840 2841//2841 2843//2843
f 2841//2841 3133//3133 2843//2843
f 2556//2556 2848//2848 2557//2557
f 2848//2848 2844//2844 2557//2557
f 2841//2841 2557//2557 2842//2842
f 2842//2842 2557//2557 2844//2844
f 5040//5040 2845//2845 2847//2847
f 5040//5040 2844//2844 2845//2845
f 2847//2847 2845//2845 2846//2846
f 5040//5040 2847//2847 5038//5038
f 5041//5041 3104//3104 3134//3134
f 5042//5042 5041//5041 3133//3133
f 3133//3133 5041//5041 3134//3134
f 5042//5042 3133//3133 5039//5039
f 2556//2556 4921//4921 2854//2854
f 2854//2854 2848//2848 2556//2556
f 2849//2849 2844//2844 2848//2848
f 2849//2849 2848//2848 2854//2854
f 2849//2849 2852//2852 2844//2844
f 2849//2849 2855//2855 2852//2852
f 2845//2845 2853//2853 2846//2846
f 2853//2853 2850//2850 3140//3140
f 2845//2845 2851//2851 2853//2853
f 2853//2853 2851//2851 2850//2850
f 2851//2851 2845//2845 5043//5043
f 2851//2851 5043//5043 2850//2850
f 5043//5043 5044//5044 2850//2850
f 2852//2852 2845//2845 2844//2844
f 3140//3140 2850//2850 3141//3141
f 2853//2853 3140//3140 2846//2846
f 2855//2855 2849//2849 2859//2859
f 2850//2850 2855//2855 3141//3141
f 2856//2856 2579//2579 2857//2857
f 2854//2854 2856//2856 2857//2857
f 2854//2854 2857//2857 2862//2862
f 2854//2854 2858//2858 2849//2849
f 2858//2858 2854//2854 2862//2862
f 2859//2859 2858//2858 2862//2862
f 2849//2849 2858//2858 2859//2859
f 2857//2857 2579//2579 2860//2860
f 2877//2877 2864//2864 2579//2579
f 2857//2857 2860//2860 2861//2861
f 2860//2860 2579//2579 2864//2864
f 2861//2861 2860//2860 2864//2864
f 2857//2857 2863//2863 2867//2867
f 2857//2857 2861//2861 2863//2863
f 2857//2857 2867//2867 2862//2862
f 2865//2865 2864//2864 2877//2877
f 2863//2863 2861//2861 2864//2864
f 2865//2865 2863//2863 2864//2864
f 2867//2867 2863//2863 2866//2866
f 2865//2865 2866//2866 2863//2863
f 3142//3142 2862//2862 2867//2867
f 2584//2584 2866//2866 2865//2865
f 3145//3145 2547//2547 2826//2826
f 2567//2567 4918//4918 5166//5166
f 2826//2826 3146//3146 3145//3145
f 2563//2563 3155//3155 2564//2564
f 3155//3155 2868//2868 2564//2564
f 5247//5247 5168//5168 4923//4923
f 2580//2580 2879//2879 2831//2831
f 2869//2869 2832//2832 2872//2872
f 2869//2869 2872//2872 2870//2870
f 2832//2832 2834//2834 2872//2872
f 2834//2834 2874//2874 2872//2872
f 2873//2873 2874//2874 2834//2834
f 2870//2870 2872//2872 2874//2874
f 2874//2874 2873//2873 2875//2875
f 2870//2870 2875//2875 2871//2871
f 2870//2870 2874//2874 2875//2875
f 5046//5046 3150//3150 5045//5045
f 2876//2876 2873//2873 2834//2834
f 2866//2866 2584//2584 3144//3144
f 2878//2878 2586//2586 2868//2868
f 2878//2878 2868//2868 3154//3154
f 2868//2868 3155//3155 3154//3154
f 2586//2586 2878//2878 2884//2884
f 2831//2831 2879//2879 2885//2885
f 2881//2881 2886//2886 2880//2880
f 2881//2881 2882//2882 2886//2886
f 2886//2886 5047//5047 2887//2887
f 5047//5047 3171//3171 2887//2887
f 2869//2869 2881//2881 2880//2880
f 2869//2869 2882//2882 2881//2881
f 2882//2882 2869//2869 2870//2870
f 2870//2870 2871//2871 5047//5047
f 3361//3361 3144//3144 2883//2883
f 2888//2888 2586//2586 2884//2884
f 2884//2884 2878//2878 3163//3163
f 2879//2879 2580//2580 2893//2893
f 2879//2879 2893//2893 2885//2885
f 2589//2589 2588//2588 2886//2886
f 2589//2589 2886//2886 3166//3166
f 3166//3166 2886//2886 2887//2887
f 2589//2589 3166//3166 3188//3188
f 3171//3171 3172//3172 2887//2887
f 2895//2895 3361//3361 2883//2883
f 2595//2595 2888//2888 3176//3176
f 2594//2594 2891//2891 2889//2889
f 2892//2892 2894//2894 2889//2889
f 2894//2894 2892//2892 3186//3186
f 2891//2891 2594//2594 2890//2890
f 2589//2589 3188//3188 2890//2890
f 2889//2889 2891//2891 2892//2892
f 2891//2891 2890//2890 3188//3188
f 2891//2891 3188//3188 2892//2892
f 3188//3188 3185//3185 2892//2892
f 2892//2892 3185//3185 3186//3186
f 3197//3197 2595//2595 3176//3176
f 3179//3179 2893//2893 3210//3210
f 2895//2895 2898//2898 3195//3195
f 2898//2898 3196//3196 3195//3195
f 2893//2893 2902//2902 3210//3210
f 2897//2897 3194//3194 2904//2904
f 2897//2897 2608//2608 2894//2894
f 2897//2897 2894//2894 3194//3194
f 2898//2898 2611//2611 2900//2900
f 2899//2899 2900//2900 2611//2611
f 2899//2899 2905//2905 2906//2906
f 2898//2898 2900//2900 3196//3196
f 2899//2899 2906//2906 2900//2900
f 3196//3196 2900//2900 3214//3214
f 2896//2896 3216//3216 2612//2612
f 2893//2893 2605//2605 2902//2902
f 2605//2605 2901//2901 2902//2902
f 2903//2903 2904//2904 2911//2911
f 2897//2897 2904//2904 2903//2903
f 2905//2905 2622//2622 2906//2906
f 2622//2622 3214//3214 2906//2906
f 2906//2906 3214//3214 2900//2900
f 2901//2901 2915//2915 2902//2902
f 2902//2902 2915//2915 2907//2907
f 2907//2907 2908//2908 3217//3217
f 2910//2910 2909//2909 2911//2911
f 2911//2911 2924//2924 2910//2910
f 2910//2910 2924//2924 2909//2909
f 2911//2911 2904//2904 2912//2912
f 2912//2912 2923//2923 2911//2911
f 2923//2923 2912//2912 3218//3218
f 2903//2903 2913//2913 2909//2909
f 2911//2911 2913//2913 2903//2903
f 2909//2909 2913//2913 2911//2911
f 2912//2912 2904//2904 3194//3194
f 3194//3194 3218//3218 2912//2912
f 2914//2914 2624//2624 2612//2612
f 3216//3216 3219//3219 2914//2914
f 2914//2914 3219//3219 2926//2926
f 2915//2915 2930//2930 2907//2907
f 2930//2930 2931//2931 2917//2917
f 2930//2930 2917//2917 2907//2907
f 2917//2917 2931//2931 2916//2916
f 2908//2908 2907//2907 2917//2917
f 2916//2916 2932//2932 2918//2918
f 2917//2917 2916//2916 2918//2918
f 2917//2917 2918//2918 3202//3202
f 3202//3202 2918//2918 3204//3204
f 3204//3204 2918//2918 2935//2935
f 2920//2920 2933//2933 2635//2635
f 2919//2919 2933//2933 2920//2920
f 2921//2921 2922//2922 2919//2919
f 2920//2920 2921//2921 2919//2919
f 2923//2923 2919//2919 2922//2922
f 2935//2935 2919//2919 2923//2923
f 2921//2921 2911//2911 2922//2922
f 2911//2911 2923//2923 2922//2922
f 2923//2923 3218//3218 2935//2935
f 2924//2924 2921//2921 2920//2920
f 2911//2911 2921//2921 2924//2924
f 2925//2925 3215//3215 2622//2622
f 2927//2927 2638//2638 2926//2926
f 2624//2624 2914//2914 2926//2926
f 2928//2928 2936//2936 2638//2638
f 2928//2928 2638//2638 2927//2927
f 2927//2927 2926//2926 3219//3219
f 3219//3219 2928//2928 2927//2927
f 2645//2645 2937//2937 2901//2901
f 2901//2901 2937//2937 2915//2915
f 2915//2915 2937//2937 2929//2929
f 2915//2915 2929//2929 2930//2930
f 2930//2930 2929//2929 2938//2938
f 2938//2938 2931//2931 2930//2930
f 2931//2931 2938//2938 2940//2940
f 2932//2932 2931//2931 2940//2940
f 2932//2932 2940//2940 2935//2935
f 2931//2931 2932//2932 2916//2916
f 2932//2932 2935//2935 2918//2918
f 2934//2934 2919//2919 2935//2935
f 2668//2668 2934//2934 2935//2935
f 2933//2933 2934//2934 2668//2668
f 2934//2934 2933//2933 2919//2919
f 3215//3215 2925//2925 3222//3222
f 2942//2942 2643//2643 2936//2936
f 2929//2929 2937//2937 2944//2944
f 2929//2929 2944//2944 2958//2958
f 2938//2938 2945//2945 2939//2939
f 2940//2940 2938//2938 2939//2939
f 2668//2668 2935//2935 2939//2939
f 2940//2940 2939//2939 2935//2935
f 3223//3223 3222//3222 2649//2649
f 2643//2643 2941//2941 2414//2414
f 2941//2941 2643//2643 2942//2942
f 2669//2669 2941//2941 2943//2943
f 2943//2943 2941//2941 2946//2946
f 2946//2946 2941//2941 2942//2942
f 2644//2644 2947//2947 2948//2948
f 2948//2948 2950//2950 2644//2644
f 2644//2644 2950//2950 2650//2650
f 2650//2650 2952//2952 2937//2937
f 2937//2937 2952//2952 2944//2944
f 2952//2952 2953//2953 2944//2944
f 2944//2944 2953//2953 2958//2958
f 2961//2961 2962//2962 2929//2929
f 2958//2958 2961//2961 2929//2929
f 2938//2938 2929//2929 2962//2962
f 2945//2945 2938//2938 2962//2962
f 2946//2946 2669//2669 2943//2943
f 2946//2946 2942//2942 3410//3410
f 2948//2948 2947//2947 2949//2949
f 2949//2949 2972//2972 2948//2948
f 2969//2969 2970//2970 2971//2971
f 2947//2947 2968//2968 2949//2949
f 2968//2968 2969//2969 2949//2949
f 2949//2949 2969//2969 2971//2971
f 2949//2949 2971//2971 5051//5051
f 2948//2948 2972//2972 2950//2950
f 2950//2950 2951//2951 2956//2956
f 2950//2950 2972//2972 2951//2951
f 2951//2951 2972//2972 2974//2974
f 2951//2951 2974//2974 2956//2956
f 2956//2956 2974//2974 2957//2957
f 2952//2952 2650//2650 2955//2955
f 2650//2650 2950//2950 2954//2954
f 2955//2955 2650//2650 2954//2954
f 2959//2959 2953//2953 2955//2955
f 2980//2980 2959//2959 2955//2955
f 2955//2955 2953//2953 2952//2952
f 2950//2950 2956//2956 2954//2954
f 2954//2954 2956//2956 2955//2955
f 2980//2980 2955//2955 2956//2956
f 2957//2957 2980//2980 2956//2956
f 2959//2959 2958//2958 2953//2953
f 2958//2958 2984//2984 2961//2961
f 2958//2958 2978//2978 2984//2984
f 2958//2958 2959//2959 2978//2978
f 2978//2978 2959//2959 2980//2980
f 2961//2961 2985//2985 2960//2960
f 2962//2962 2961//2961 2960//2960
f 3224//3224 2649//2649 2708//2708
f 2986//2986 3224//3224 2708//2708
f 2988//2988 2987//2987 2671//2671
f 2989//2989 2988//2988 2671//2671
f 2669//2669 2946//2946 2963//2963
f 2669//2669 2989//2989 2671//2671
f 2669//2669 2963//2963 2989//2989
f 2946//2946 3225//3225 2963//2963
f 3225//3225 3226//3226 2963//2963
f 2963//2963 3226//3226 2989//2989
f 5048//5048 2688//2688 2965//2965
f 2947//2947 2964//2964 2967//2967
f 2964//2964 5049//5049 2967//2967
f 2947//2947 2967//2967 2968//2968
f 2967//2967 5049//5049 2966//2966
f 2993//2993 2967//2967 5050//5050
f 2968//2968 2967//2967 2969//2969
f 2970//2970 2969//2969 2967//2967
f 2967//2967 2999//2999 2970//2970
f 5053//5053 2970//2970 4931//4931
f 2971//2971 5053//5053 5052//5052
f 5053//5053 5054//5054 5052//5052
f 2971//2971 2970//2970 5053//5053
f 5054//5054 5053//5053 2957//2957
f 2973//2973 4932//4932 2975//2975
f 2975//2975 4932//4932 2979//2979
f 5053//5053 2975//2975 2976//2976
f 2976//2976 2975//2975 2979//2979
f 2976//2976 2979//2979 2978//2978
f 5053//5053 2976//2976 2957//2957
f 2980//2980 2957//2957 2976//2976
f 2977//2977 5056//5056 2691//2691
f 2977//2977 2675//2675 2983//2983
f 5061//5061 5057//5057 5055//5055
f 2984//2984 2978//2978 2985//2985
f 2985//2985 2978//2978 2979//2979
f 2980//2980 2976//2976 2978//2978
f 5062//5062 4951//4951 2981//2981
f 5063//5063 5058//5058 2982//2982
f 5059//5059 2979//2979 5064//5064
f 2984//2984 2985//2985 2961//2961
f 5059//5059 2985//2985 2979//2979
f 2986//2986 2716//2716 3411//3411
f 2988//2988 3004//3004 2987//2987
f 2989//2989 3004//3004 2988//2988
f 3004//3004 2989//2989 3226//3226
f 5074//5074 2992//2992 5066//5066
f 2990//2990 2965//2965 2688//2688
f 2992//2992 5049//5049 5065//5065
f 2966//2966 5049//5049 2992//2992
f 5050//5050 5067//5067 2993//2993
f 5065//5065 5066//5066 2992//2992
f 5067//5067 3013//3013 2993//2993
f 3013//3013 3012//3012 2993//2993
f 2997//2997 2995//2995 5073//5073
f 2996//2996 2994//2994 2998//2998
f 5069//5069 2994//2994 3002//3002
f 3012//3012 3014//3014 2996//2996
f 2998//2998 3012//3012 2996//2996
f 5071//5071 5070//5070 2967//2967
f 2967//2967 5070//5070 3001//3001
f 2995//2995 2997//2997 5072//5072
f 2998//2998 2994//2994 5069//5069
f 5071//5071 2993//2993 3012//3012
f 2967//2967 2993//2993 5071//5071
f 2970//2970 2999//2999 3000//3000
f 3001//3001 2999//2999 2967//2967
f 2999//2999 3003//3003 3000//3000
f 2999//2999 3001//3001 3003//3003
f 5073//5073 3001//3001 2997//2997
f 3003//3003 3001//3001 5073//5073
f 2716//2716 2723//2723 3552//3552
f 3006//3006 2987//2987 3004//3004
f 2726//2726 2711//2711 3005//3005
f 3006//3006 3005//3005 2711//2711
f 3019//3019 3006//3006 3007//3007
f 3004//3004 3226//3226 3007//3007
f 3006//3006 3004//3004 3007//3007
f 3008//3008 2991//2991 2718//2718
f 3009//3009 2719//2719 3022//3022
f 5068//5068 5075//5075 3010//3010
f 5067//5067 5078//5078 3011//3011
f 5076//5076 5077//5077 5079//5079
f 5078//5078 3023//3023 3011//3011
f 5077//5077 5085//5085 5079//5079
f 5086//5086 3023//3023 5078//5078
f 2721//2721 3014//3014 5080//5080
f 3014//3014 3013//3013 5080//5080
f 5080//5080 3029//3029 2721//2721
f 3011//3011 3013//3013 5067//5067
f 3023//3023 5102//5102 3011//3011
f 3012//3012 3013//3013 3014//3014
f 3015//3015 3230//3230 2723//2723
f 2460//2460 3016//3016 3015//3015
f 3016//3016 3230//3230 3015//3015
f 3017//3017 2726//2726 3018//3018
f 2726//2726 3005//3005 3018//3018
f 3005//3005 3020//3020 3018//3018
f 3005//3005 3006//3006 3020//3020
f 3006//3006 3019//3019 3020//3020
f 3033//3033 3018//3018 3020//3020
f 3018//3018 3033//3033 3032//3032
f 3033//3033 3020//3020 3047//3047
f 3232//3232 3020//3020 3019//3019
f 3020//3020 3049//3049 3047//3047
f 3021//3021 3022//3022 2719//2719
f 3056//3056 3022//3022 3021//3021
f 3021//3021 3053//3053 3056//3056
f 3057//3057 3024//3024 3054//3054
f 5138//5138 5091//5091 3025//3025
f 5139//5139 5094//5094 5087//5087
f 3054//3054 3022//3022 3056//3056
f 5095//5095 3055//3055 5088//5088
f 5092//5092 5144//5144 3061//3061
f 5095//5095 5093//5093 5154//5154
f 5095//5095 5154//5154 3055//3055
f 2719//2719 2731//2731 3026//3026
f 5097//5097 5158//5158 3027//3027
f 5099//5099 5082//5082 5098//5098
f 5089//5089 5082//5082 5099//5099
f 5102//5102 5100//5100 5101//5101
f 2719//2719 3026//3026 3021//3021
f 5102//5102 3023//3023 5100//5100
f 5086//5086 5096//5096 3023//3023
f 2735//2735 3030//3030 3016//3016
f 3016//3016 2460//2460 2735//2735
f 3031//3031 3030//3030 2735//2735
f 3030//3030 3031//3031 3231//3231
f 3032//3032 3039//3039 3034//3034
f 3017//3017 3018//3018 3032//3032
f 3046//3046 3039//3039 3032//3032
f 3033//3033 3047//3047 3046//3046
f 3046//3046 3032//3032 3033//3033
f 3046//3046 3040//3040 3035//3035
f 3039//3039 3046//3046 3035//3035
f 5105//5105 5115//5115 3041//3041
f 5116//5116 5107//5107 3042//3042
f 3036//3036 3035//3035 2743//2743
f 3036//3036 3039//3039 3035//3035
f 4969//4969 5106//5106 5118//5118
f 5122//5122 5108//5108 3043//3043
f 5109//5109 5111//5111 5125//5125
f 5126//5126 5112//5112 3044//3044
f 5112//5112 5113//5113 3044//3044
f 3044//3044 5113//5113 3045//3045
f 3045//3045 5113//5113 3052//3052
f 5117//5117 5123//5123 5119//5119
f 3048//3048 3051//3051 3040//3040
f 3429//3429 2741//2741 5120//5120
f 5121//5121 5124//5124 5127//5127
f 3045//3045 3050//3050 3044//3044
f 3052//3052 3050//3050 3045//3045
f 3047//3047 3040//3040 3046//3046
f 3429//3429 5126//5126 3050//3050
f 5126//5126 3044//3044 3050//3050
f 3048//3048 3040//3040 3047//3047
f 5120//5120 5126//5126 3429//3429
f 3049//3049 3048//3048 3047//3047
f 3048//3048 3049//3049 3243//3243
f 5130//5130 5128//5128 5194//5194
f 3050//3050 3248//3248 3429//3429
f 3049//3049 3244//3244 3243//3243
f 5195//5195 3248//3248 3050//3050
f 3040//3040 3051//3051 2743//2743
f 2743//2743 3051//3051 5132//5132
f 5133//5133 5114//5114 4974//4974
f 5131//5131 5134//5134 5129//5129
f 3048//3048 5135//5135 3051//3051
f 5083//5083 5090//5090 5140//5140
f 5084//5084 5141//5141 5136//5136
f 3057//3057 3054//3054 3056//3056
f 3056//3056 3060//3060 3057//3057
f 5136//5136 5141//5141 3059//3059
f 5142//5142 5148//5148 5152//5152
f 5143//5143 5137//5137 5149//5149
f 3058//3058 3061//3061 5144//5144
f 3055//3055 5154//5154 5150//5150
f 3057//3057 3060//3060 5145//5145
f 5146//5146 5153//5153 3062//3062
f 5156//5156 5150//5150 5154//5154
f 3062//3062 5153//5153 5151//5151
f 5157//5157 5155//5155 5147//5147
f 5100//5100 4983//4983 5101//5101
f 4983//4983 5100//5100 5161//5161
f 3079//3079 3065//3065 3066//3066
f 5162//5162 3079//3079 3261//3261
f 3066//3066 3263//3263 3262//3262
f 3065//3065 3263//3263 3066//3066
f 3066//3066 3264//3264 2792//2792
f 3262//3262 3264//3264 3066//3066
f 3067//3067 2792//2792 3069//3069
f 3267//3267 3265//3265 2792//2792
f 2792//2792 3265//3265 3069//3069
f 2792//2792 3264//3264 3267//3267
f 3067//3067 3070//3070 2791//2791
f 2791//2791 3070//3070 2793//2793
f 3067//3067 3271//3271 3070//3070
f 3271//3271 3067//3067 3068//3068
f 5163//5163 3067//3067 3069//3069
f 3069//3069 3265//3265 5163//5163
f 5163//5163 3265//3265 3266//3266
f 3266//3266 3271//3271 5163//5163
f 3271//3271 3272//3272 3070//3070
f 2793//2793 3070//3070 3072//3072
f 3275//3275 3074//3074 3071//3071
f 3276//3276 3275//3275 3071//3071
f 3072//3072 3276//3276 3071//3071
f 2510//2510 2509//2509 3073//3073
f 3075//3075 3073//3073 2509//2509
f 3073//3073 3075//3075 3076//3076
f 3075//3075 3277//3277 3076//3076
f 3077//3077 2796//2796 3076//3076
f 2796//2796 3077//3077 3080//3080
f 3076//3076 3277//3277 3077//3077
f 3077//3077 3081//3081 3080//3080
f 2798//2798 3086//3086 3078//3078
f 2785//2785 3280//3280 2789//2789
f 3078//3078 3280//3280 2785//2785
f 3280//3280 3281//3281 2789//2789
f 3080//3080 3081//3081 3082//3082
f 3081//3081 3283//3283 3084//3084
f 2803//2803 3082//3082 3285//3285
f 3081//3081 3083//3083 3082//3082
f 3084//3084 3083//3083 3081//3081
f 3085//3085 3083//3083 3084//3084
f 3284//3284 3083//3083 3085//3085
f 3284//3284 3082//3082 3083//3083
f 3084//3084 3282//3282 3085//3085
f 3283//3283 3282//3282 3084//3084
f 3082//3082 3284//3284 3285//3285
f 2806//2806 2804//2804 3287//3287
f 3088//3088 2807//2807 2806//2806
f 2806//2806 3289//3289 3088//3088
f 3087//3087 3288//3288 2806//2806
f 3288//3288 3289//3289 2806//2806
f 3287//3287 3087//3087 2806//2806
f 2805//2805 2815//2815 3086//3086
f 3089//3089 3090//3090 2813//2813
f 3091//3091 2810//2810 5037//5037
f 3091//3091 3093//3093 2810//2810
f 3088//3088 3295//3295 3089//3089
f 3089//3089 3295//3295 3090//3090
f 3090//3090 3091//3091 2813//2813
f 3103//3103 3092//3092 2815//2815
f 2815//2815 3092//3092 3086//3086
f 3297//3297 3086//3086 3305//3305
f 2814//2814 3096//3096 2817//2817
f 3091//3091 3094//3094 3093//3093
f 3093//3093 3304//3304 2814//2814
f 3094//3094 3304//3304 3093//3093
f 3304//3304 3094//3094 3091//3091
f 3096//3096 3095//3095 2817//2817
f 3311//3311 3100//3100 3095//3095
f 3095//3095 3308//3308 3311//3311
f 3095//3095 3096//3096 3308//3308
f 2814//2814 3301//3301 3096//3096
f 3301//3301 3303//3303 3096//3096
f 3305//3305 3103//3103 3148//3148
f 3097//3097 3092//3092 3103//3103
f 3092//3092 3097//3097 3086//3086
f 3103//3103 3305//3305 3097//3097
f 3086//3086 3097//3097 3305//3305
f 3098//3098 3100//3100 3099//3099
f 3100//3100 3311//3311 3099//3099
f 3099//3099 3102//3102 3101//3101
f 3108//3108 3104//3104 3107//3107
f 3104//3104 5164//5164 3107//3107
f 3135//3135 3104//3104 3108//3108
f 3108//3108 3105//3105 3138//3138
f 3108//3108 3317//3317 3105//3105
f 3141//3141 2859//2859 3106//3106
f 3140//3140 3141//3141 3106//3106
f 3140//3140 3106//3106 3107//3107
f 3107//3107 3317//3317 3108//3108
f 2862//2862 3106//3106 2859//2859
f 3109//3109 3106//3106 2862//2862
f 3106//3106 3109//3109 3107//3107
f 3307//3307 3317//3317 3109//3109
f 3107//3107 3109//3109 3317//3317
f 3110//3110 5165//5165 3111//3111
f 3110//3110 2862//2862 5165//5165
f 3109//3109 3110//3110 3111//3111
f 3110//3110 3109//3109 2862//2862
f 3109//3109 3111//3111 3307//3307
f 3112//3112 3111//3111 5165//5165
f 3112//3112 3307//3307 3111//3111
f 3146//3146 2825//2825 3346//3346
f 2821//2821 3346//3346 2825//2825
f 2821//2821 3113//3113 3346//3346
f 2821//2821 3101//3101 3113//3113
f 3101//3101 3319//3319 3113//3113
f 3114//3114 3103//3103 2831//2831
f 3103//3103 3114//3114 3148//3148
f 3148//3148 3114//3114 2831//2831
f 2833//2833 3115//3115 2876//2876
f 3115//3115 2833//2833 2836//2836
f 3115//3115 2873//2873 2876//2876
f 3115//3115 2836//2836 3116//3116
f 2836//2836 3117//3117 3116//3116
f 3117//3117 2836//2836 2838//2838
f 3117//3117 2838//2838 3118//3118
f 3116//3116 3117//3117 3348//3348
f 3118//3118 2838//2838 3322//3322
f 3117//3117 3118//3118 3321//3321
f 3322//3322 2838//2838 3119//3119
f 3322//3322 3120//3120 3323//3323
f 3322//3322 3119//3119 3120//3120
f 3120//3120 3119//3119 3122//3122
f 3121//3121 3127//3127 3122//3122
f 3121//3121 3122//3122 3119//3119
f 3120//3120 3122//3122 3130//3130
f 3120//3120 3130//3130 3131//3131
f 3323//3323 3120//3120 3123//3123
f 3120//3120 3131//3131 3123//3123
f 2843//2843 3133//3133 3125//3125
f 3125//3125 3133//3133 3135//3135
f 2840//2840 2843//2843 3121//3121
f 3121//3121 2843//2843 3124//3124
f 2843//2843 3125//3125 3124//3124
f 3126//3126 3125//3125 3136//3136
f 3125//3125 3135//3135 3136//3136
f 3121//3121 3124//3124 3126//3126
f 3124//3124 3125//3125 3126//3126
f 3126//3126 3136//3136 3127//3127
f 3126//3126 3127//3127 3121//3121
f 3127//3127 3128//3128 3122//3122
f 3128//3128 3137//3137 3129//3129
f 3138//3138 3129//3129 3137//3137
f 3122//3122 3128//3128 3130//3130
f 3137//3137 3128//3128 3127//3127
f 3128//3128 3129//3129 3130//3130
f 3131//3131 3130//3130 3132//3132
f 3130//3130 3129//3129 3132//3132
f 3326//3326 3132//3132 3339//3339
f 3131//3131 3132//3132 3325//3325
f 3326//3326 3325//3325 3132//3132
f 5041//5041 5164//5164 3104//3104
f 3134//3134 3104//3104 3135//3135
f 3133//3133 3134//3134 3135//3135
f 3136//3136 3135//3135 3138//3138
f 3127//3127 3136//3136 3138//3138
f 3127//3127 3138//3138 3137//3137
f 3105//3105 3139//3139 3138//3138
f 3129//3129 3139//3139 3132//3132
f 3138//3138 3139//3139 3129//3129
f 3132//3132 3338//3338 3339//3339
f 3139//3139 3338//3338 3132//3132
f 3135//3135 3108//3108 3138//3138
f 3142//3142 2867//2867 3112//3112
f 3143//3143 3112//3112 2867//2867
f 3144//3144 2867//2867 2866//2866
f 3144//3144 3143//3143 2867//2867
f 3505//3505 3146//3146 3346//3346
f 2567//2567 3147//3147 3351//3351
f 2567//2567 5166//5166 3147//3147
f 5166//5166 3509//3509 3147//3147
f 3147//3147 3509//3509 5247//5247
f 3146//3146 3509//3509 3145//3145
f 3509//3509 3146//3146 3505//3505
f 2831//2831 3157//3157 3148//3148
f 3161//3161 5047//5047 2871//2871
f 3150//3150 3161//3161 2871//2871
f 5046//5046 3149//3149 3150//3150
f 2873//2873 3149//3149 2875//2875
f 2873//2873 3152//3152 3149//3149
f 3151//3151 3150//3150 3149//3149
f 3150//3150 3151//3151 3161//3161
f 3149//3149 3152//3152 3151//3151
f 2873//2873 3115//3115 3152//3152
f 3116//3116 3152//3152 3115//3115
f 3152//3152 5169//5169 5167//5167
f 3152//3152 3153//3153 5169//5169
f 3152//3152 3116//3116 3153//3153
f 3161//3161 3153//3153 3347//3347
f 5247//5247 3353//3353 5168//5168
f 3155//3155 5248//5248 3154//3154
f 2878//2878 3154//3154 3156//3156
f 3154//3154 5248//5248 3352//3352
f 3157//3157 2831//2831 2885//2885
f 3157//3157 2885//2885 3179//3179
f 3181//3181 3148//3148 3157//3157
f 3171//3171 3160//3160 3158//3158
f 3158//3158 3160//3160 3159//3159
f 3159//3159 3160//3160 3162//3162
f 5047//5047 3160//3160 3171//3171
f 3160//3160 5047//5047 3162//3162
f 3161//3161 3162//3162 5047//5047
f 3357//3357 3371//3371 3162//3162
f 2884//2884 3163//3163 3164//3164
f 3163//3163 3165//3165 3164//3164
f 3163//3163 2878//2878 3364//3364
f 3364//3364 3165//3165 3163//3163
f 3156//3156 3365//3365 2878//2878
f 3365//3365 3364//3364 2878//2878
f 3157//3157 3180//3180 3181//3181
f 3166//3166 3168//3168 3167//3167
f 3168//3168 3166//3166 3169//3169
f 3172//3172 3169//3169 2887//2887
f 3169//3169 3166//3166 2887//2887
f 3172//3172 3173//3173 3169//3169
f 3169//3169 3173//3173 3170//3170
f 3169//3169 3170//3170 3168//3168
f 3371//3371 3168//3168 3170//3170
f 3371//3371 3187//3187 3168//3168
f 3172//3172 3171//3171 3173//3173
f 3158//3158 3173//3173 3171//3171
f 3173//3173 3159//3159 3170//3170
f 3173//3173 3158//3158 3159//3159
f 3170//3170 3159//3159 3162//3162
f 3162//3162 3371//3371 3170//3170
f 2884//2884 3174//3174 2888//2888
f 2888//2888 3174//3174 3176//3176
f 3174//3174 3175//3175 3176//3176
f 2884//2884 3175//3175 3174//3174
f 3178//3178 2884//2884 3164//3164
f 2884//2884 3178//3178 3175//3175
f 3164//3164 3165//3165 3178//3178
f 3175//3175 3376//3376 3176//3176
f 3376//3376 3177//3177 3176//3176
f 3176//3176 3177//3177 3189//3189
f 3178//3178 3376//3376 3175//3175
f 3189//3189 3177//3177 3529//3529
f 3177//3177 3378//3378 3529//3529
f 3376//3376 3378//3378 3177//3177
f 2885//2885 2893//2893 3179//3179
f 3157//3157 3179//3179 3180//3180
f 3179//3179 3190//3190 3180//3180
f 3190//3190 3191//3191 3180//3180
f 3180//3180 3191//3191 3182//3182
f 3182//3182 5170//5170 3180//3180
f 3182//3182 3369//3369 5170//5170
f 3369//3369 3182//3182 3183//3183
f 3183//3183 3182//3182 3192//3192
f 3183//3183 3192//3192 3370//3370
f 3186//3186 3194//3194 2894//2894
f 3188//3188 3167//3167 3185//3185
f 3184//3184 3168//3168 3194//3194
f 3184//3184 3194//3194 3186//3186
f 3185//3185 3184//3184 3186//3186
f 3167//3167 3168//3168 3185//3185
f 3185//3185 3168//3168 3184//3184
f 3194//3194 3168//3168 3187//3187
f 3205//3205 3194//3194 3187//3187
f 3188//3188 3166//3166 3167//3167
f 3195//3195 3361//3361 2895//2895
f 3529//3529 3385//3385 3189//3189
f 3385//3385 3384//3384 3189//3189
f 3189//3189 3386//3386 3176//3176
f 3386//3386 3198//3198 3176//3176
f 3179//3179 3210//3210 3199//3199
f 3190//3190 3179//3179 3199//3199
f 3190//3190 3199//3199 3191//3191
f 3182//3182 3191//3191 3192//3192
f 3191//3191 3200//3200 3192//3192
f 3193//3193 3192//3192 3202//3202
f 3525//3525 3195//3195 3196//3196
f 2595//2595 3208//3208 3207//3207
f 2595//2595 3197//3197 3209//3209
f 3208//3208 2595//2595 3209//3209
f 3197//3197 3176//3176 3198//3198
f 3198//3198 3209//3209 3197//3197
f 3209//3209 3198//3198 3396//3396
f 3210//3210 3212//3212 3199//3199
f 3199//3199 3212//3212 3191//3191
f 3191//3191 3212//3212 3200//3200
f 3212//3212 3201//3201 3200//3200
f 3212//3212 3213//3213 3201//3201
f 3200//3200 3201//3201 3192//3192
f 3201//3201 3202//3202 3192//3192
f 3202//3202 3204//3204 3203//3203
f 3203//3203 3204//3204 3388//3388
f 3206//3206 3215//3215 3393//3393
f 3393//3393 3196//3196 3206//3206
f 3207//3207 3208//3208 3399//3399
f 2896//2896 3207//3207 3399//3399
f 3208//3208 3395//3395 3399//3399
f 3395//3395 3208//3208 3209//3209
f 3209//3209 3397//3397 3395//3395
f 3399//3399 3216//3216 2896//2896
f 3210//3210 2902//2902 3211//3211
f 2902//2902 2907//2907 3211//3211
f 3211//3211 2907//2907 3217//3217
f 3212//3212 3210//3210 3211//3211
f 3211//3211 3217//3217 3213//3213
f 3217//3217 2908//2908 3202//3202
f 3211//3211 3213//3213 3212//3212
f 3213//3213 3217//3217 3202//3202
f 3213//3213 3202//3202 3201//3201
f 3218//3218 3194//3194 3205//3205
f 3214//3214 2622//2622 3215//3215
f 3206//3206 3196//3196 3214//3214
f 3206//3206 3214//3214 3215//3215
f 3216//3216 2914//2914 2612//2612
f 3216//3216 3399//3399 3536//3536
f 2908//2908 2917//2917 3202//3202
f 3204//3204 2935//2935 3218//3218
f 3216//3216 3220//3220 3219//3219
f 2928//2928 3219//3219 3220//3220
f 3216//3216 3401//3401 3220//3220
f 3221//3221 3403//3403 2928//2928
f 2928//2928 3403//3403 2936//2936
f 3221//3221 2928//2928 3220//3220
f 3541//3541 3222//3222 3223//3223
f 3406//3406 2936//2936 3403//3403
f 3410//3410 2936//2936 3406//3406
f 3410//3410 2942//2942 2936//2936
f 3223//3223 2649//2649 3224//3224
f 2946//2946 3410//3410 3225//3225
f 2986//2986 3409//3409 3224//3224
f 3552//3552 3411//3411 2716//2716
f 3410//3410 3226//3226 3225//3225
f 3230//3230 3552//3552 2723//2723
f 3226//3226 3019//3019 3007//3007
f 3019//3019 3226//3226 3227//3227
f 3227//3227 3226//3226 3228//3228
f 3229//3229 3228//3228 3226//3226
f 3417//3417 3229//3229 3226//3226
f 3232//3232 3227//3227 3228//3228
f 3229//3229 3232//3232 3228//3228
f 3428//3428 3230//3230 3016//3016
f 3030//3030 3428//3428 3016//3016
f 3030//3030 3231//3231 3416//3416
f 3231//3231 3031//3031 3429//3429
f 3232//3232 3019//3019 3227//3227
f 3229//3229 3233//3233 3232//3232
f 3234//3234 3232//3232 3233//3233
f 3233//3233 3235//3235 3234//3234
f 3239//3239 3233//3233 3229//3229
f 3239//3239 3235//3235 3233//3233
f 3421//3421 3239//3239 3229//3229
f 3430//3430 3239//3239 3421//3421
f 3432//3432 3239//3239 3430//3430
f 3232//3232 3234//3234 3020//3020
f 3234//3234 3049//3049 3020//3020
f 3246//3246 3234//3234 5171//5171
f 3247//3247 3246//3246 5171//5171
f 3247//3247 5171//5171 3236//3236
f 3236//3236 3240//3240 3247//3247
f 3239//3239 3431//3431 3235//3235
f 3238//3238 5172//5172 5250//5250
f 5181//5181 5251//5251 5185//5185
f 3248//3248 3249//3249 3237//3237
f 3251//3251 5173//5173 5203//5203
f 5208//5208 5177//5177 5174//5174
f 5204//5204 5175//5175 5179//5179
f 5180//5180 5176//5176 5182//5182
f 5178//5178 5209//5209 5186//5186
f 5187//5187 5210//5210 5183//5183
f 3248//3248 3237//3237 3437//3437
f 3237//3237 5184//5184 3437//3437
f 5211//5211 3258//3258 5184//5184
f 3258//3258 3437//3437 5184//5184
f 3435//3435 3239//3239 3432//3432
f 3435//3435 3431//3431 3239//3239
f 3429//3429 3248//3248 3437//3437
f 3240//3240 3241//3241 3252//3252
f 3247//3247 3240//3240 3252//3252
f 3252//3252 3241//3241 3254//3254
f 3240//3240 5252//5252 3241//3241
f 3241//3241 3257//3257 3254//3254
f 3433//3433 5188//5188 3431//3431
f 5189//5189 3242//3242 5222//5222
f 3258//3258 3259//3259 5253//5253
f 3433//3433 5227//5227 5188//5188
f 5191//5191 5190//5190 5228//5228
f 2741//2741 3429//3429 3031//3031
f 3244//3244 3049//3049 3234//3234
f 3244//3244 3234//3234 3245//3245
f 3244//3244 3245//3245 3243//3243
f 3245//3245 3234//3234 3246//3246
f 3248//3248 5195//5195 5196//5196
f 3245//3245 5197//5197 3243//3243
f 5198//5198 5200//5200 3250//3250
f 5199//5199 5205//5205 5202//5202
f 5211//5211 3249//3249 3248//3248
f 5206//5206 5211//5211 3248//3248
f 5201//5201 5212//5212 3253//3253
f 5207//5207 5201//5201 3253//3253
f 5214//5214 5213//5213 5217//5217
f 5206//5206 5215//5215 5211//5211
f 3255//3255 5211//5211 5215//5215
f 5220//5220 5218//5218 3256//3256
f 3256//3256 5218//5218 5223//5223
f 5221//5221 5216//5216 5219//5219
f 3255//3255 3256//3256 3260//3260
f 3256//3256 5223//5223 3260//3260
f 5192//5192 5230//5230 5224//5224
f 3258//3258 5211//5211 3255//3255
f 3259//3259 3258//3258 3255//3255
f 3260//3260 3259//3259 3255//3255
f 5229//5229 5231//5231 5193//5193
f 3079//3079 3281//3281 3261//3261
f 5162//5162 3261//3261 5232//5232
f 3263//3263 3440//3440 3262//3262
f 3261//3261 3438//3438 5232//5232
f 5232//5232 3438//3438 3440//3440
f 3264//3264 3262//3262 3270//3270
f 3265//3265 3267//3267 3266//3266
f 3267//3267 3271//3271 3266//3266
f 3268//3268 3269//3269 3267//3267
f 3267//3267 3269//3269 3271//3271
f 3270//3270 3268//3268 3264//3264
f 3268//3268 3267//3267 3264//3264
f 3270//3270 3269//3269 3268//3268
f 3262//3262 3439//3439 3270//3270
f 3262//3262 3440//3440 3439//3439
f 3271//3271 3269//3269 3273//3273
f 3439//3439 3269//3269 3270//3270
f 3439//3439 3274//3274 3269//3269
f 3272//3272 3072//3072 3070//3070
f 3272//3272 3276//3276 3072//3072
f 3272//3272 3271//3271 3273//3273
f 3269//3269 3274//3274 5233//5233
f 3272//3272 3443//3443 3276//3276
f 3273//3273 3443//3443 3272//3272
f 3074//3074 3277//3277 3075//3075
f 3074//3074 3275//3275 3451//3451
f 3074//3074 3451//3451 3277//3277
f 3276//3276 3451//3451 3275//3275
f 3276//3276 3447//3447 3451//3451
f 3277//3277 3278//3278 3077//3077
f 3077//3077 3283//3283 3081//3081
f 3279//3279 3283//3283 3077//3077
f 3279//3279 3077//3077 3278//3278
f 3078//3078 3286//3286 3280//3280
f 3281//3281 3280//3280 3286//3286
f 3282//3282 3284//3284 3085//3085
f 3283//3283 3456//3456 3282//3282
f 3284//3284 3282//3282 3456//3456
f 3284//3284 3458//3458 3285//3285
f 3285//3285 3458//3458 3462//3462
f 3287//3287 2804//2804 3462//3462
f 3286//3286 3078//3078 3086//3086
f 3293//3293 3465//3465 3286//3286
f 3286//3286 3465//3465 3588//3588
f 3281//3281 3286//3286 3588//3588
f 3289//3289 3290//3290 3088//3088
f 3291//3291 3288//3288 3087//3087
f 3296//3296 3290//3290 3289//3289
f 3292//3292 3288//3288 3291//3291
f 3292//3292 3289//3289 3288//3288
f 3292//3292 3296//3296 3289//3289
f 3291//3291 3087//3087 3287//3287
f 3290//3290 5234//5234 3088//3088
f 3685//3685 3292//3292 3291//3291
f 3297//3297 3298//3298 3086//3086
f 3286//3286 3086//3086 3293//3293
f 3293//3293 3086//3086 3298//3298
f 3293//3293 3298//3298 3299//3299
f 3293//3293 3299//3299 3294//3294
f 3465//3465 3293//3293 3294//3294
f 3294//3294 3299//3299 3464//3464
f 3299//3299 3300//3300 3464//3464
f 3292//3292 3467//3467 3296//3296
f 3473//3473 3090//3090 3295//3295
f 3295//3295 3470//3470 3473//3473
f 5234//5234 3295//3295 3088//3088
f 3466//3466 3470//3470 3295//3295
f 5234//5234 3466//3466 3295//3295
f 3470//3470 3592//3592 3473//3473
f 3300//3300 3297//3297 3305//3305
f 3298//3298 3297//3297 3299//3299
f 3300//3300 3299//3299 3297//3297
f 3090//3090 3473//3473 3091//3091
f 2814//2814 3302//3302 3301//3301
f 3301//3301 3302//3302 3303//3303
f 3304//3304 3302//3302 2814//2814
f 3303//3303 3310//3310 3096//3096
f 3096//3096 3310//3310 3308//3308
f 3303//3303 3302//3302 3304//3304
f 3309//3309 3310//3310 3303//3303
f 3309//3309 3303//3303 3304//3304
f 3091//3091 3472//3472 3304//3304
f 3482//3482 3304//3304 3472//3472
f 3091//3091 3473//3473 3472//3472
f 3473//3473 3482//3482 3472//3472
f 3304//3304 3480//3480 3309//3309
f 3305//3305 3320//3320 3306//3306
f 3305//3305 3306//3306 3300//3300
f 3306//3306 3312//3312 3300//3300
f 3316//3316 3317//3317 3477//3477
f 3478//3478 3477//3477 3307//3307
f 3480//3480 3310//3310 3309//3309
f 3099//3099 3311//3311 3102//3102
f 3308//3308 3310//3310 3483//3483
f 3305//3305 3148//3148 3320//3320
f 3312//3312 3306//3306 3320//3320
f 3312//3312 3474//3474 3300//3300
f 3474//3474 3312//3312 3320//3320
f 3320//3320 3313//3313 3474//3474
f 3105//3105 3315//3315 3343//3343
f 5245//5245 3315//3315 3314//3314
f 3486//3486 3344//3344 3314//3314
f 3314//3314 3315//3315 3486//3486
f 3315//3315 3488//3488 3486//3486
f 3105//3105 3317//3317 3316//3316
f 3315//3315 3316//3316 3488//3488
f 3105//3105 3316//3316 3315//3315
f 3317//3317 3307//3307 3477//3477
f 3307//3307 3112//3112 3489//3489
f 3489//3489 3112//3112 3318//3318
f 3490//3490 3489//3489 3318//3318
f 3346//3346 3113//3113 3505//3505
f 3102//3102 3319//3319 3101//3101
f 3493//3493 3319//3319 3102//3102
f 3311//3311 3491//3491 3102//3102
f 3491//3491 3493//3493 3102//3102
f 3319//3319 3493//3493 3113//3113
f 3148//3148 3181//3181 3320//3320
f 3313//3313 3320//3320 3181//3181
f 3313//3313 3181//3181 3355//3355
f 3494//3494 3313//3313 3355//3355
f 3348//3348 3117//3117 3321//3321
f 3321//3321 3118//3118 3350//3350
f 3118//3118 3322//3322 3350//3350
f 3350//3350 3322//3322 3501//3501
f 3322//3322 3323//3323 3324//3324
f 3501//3501 3322//3322 3324//3324
f 3328//3328 3323//3323 3123//3123
f 3324//3324 3323//3323 3336//3336
f 3324//3324 3336//3336 3337//3337
f 3501//3501 3324//3324 3502//3502
f 5242//5242 3502//3502 3324//3324
f 3340//3340 3326//3326 3339//3339
f 3340//3340 3327//3327 3326//3326
f 3325//3325 3123//3123 3131//3131
f 3325//3325 3327//3327 3328//3328
f 3325//3325 3326//3326 3327//3327
f 3328//3328 3123//3123 3325//3325
f 5243//5243 3342//3342 5236//5236
f 3333//3333 5236//5236 3331//3331
f 3342//3342 3331//3331 5236//5236
f 5235//5235 5237//5237 3332//3332
f 3332//3332 5237//5237 5240//5240
f 5238//5238 5236//5236 3333//3333
f 3334//3334 3329//3329 5246//5246
f 5246//5246 3329//3329 5244//5244
f 3334//3334 3330//3330 3329//3329
f 3329//3329 3330//3330 5239//5239
f 5239//5239 5244//5244 3329//3329
f 5235//5235 3332//3332 3334//3334
f 3330//3330 3334//3334 5240//5240
f 5239//5239 3330//3330 5240//5240
f 5240//5240 3334//3334 3332//3332
f 5245//5245 3335//3335 5241//5241
f 3336//3336 3323//3323 3335//3335
f 3323//3323 5241//5241 3335//3335
f 3337//3337 3335//3335 3314//3314
f 3335//3335 3337//3337 3336//3336
f 3139//3139 3343//3343 3338//3338
f 3343//3343 3139//3139 3105//3105
f 5243//5243 3339//3339 3341//3341
f 3338//3338 3341//3341 3339//3339
f 3343//3343 3341//3341 3338//3338
f 3342//3342 5243//5243 3341//3341
f 3342//3342 3341//3341 3343//3343
f 3335//3335 5245//5245 3314//3314
f 3344//3344 3486//3486 3503//3503
f 3314//3314 3344//3344 3337//3337
f 3344//3344 3503//3503 3337//3337
f 5242//5242 5264//5264 3502//3502
f 3143//3143 3345//3345 3112//3112
f 3318//3318 3112//3112 3345//3345
f 3144//3144 3345//3345 3143//3143
f 3144//3144 3514//3514 3345//3345
f 3514//3514 3318//3318 3345//3345
f 3493//3493 3505//3505 3113//3113
f 3494//3494 3355//3355 3506//3506
f 3355//3355 3356//3356 3506//3506
f 3116//3116 3348//3348 3153//3153
f 3153//3153 3501//3501 3347//3347
f 3348//3348 3321//3321 3349//3349
f 3321//3321 3350//3350 3349//3349
f 3348//3348 3349//3349 3153//3153
f 3153//3153 3349//3349 3501//3501
f 3501//3501 3349//3349 3350//3350
f 3362//3362 3144//3144 3361//3361
f 3144//3144 3362//3362 3514//3514
f 5247//5247 3509//3509 3354//3354
f 3354//3354 3353//3353 5247//5247
f 3352//3352 3156//3156 3154//3154
f 3363//3363 3353//3353 3354//3354
f 5248//5248 3363//3363 3352//3352
f 3355//3355 3369//3369 3356//3356
f 3371//3371 3357//3357 3372//3372
f 3358//3358 3372//3372 3360//3360
f 3372//3372 3357//3357 3360//3360
f 3358//3358 3373//3373 3372//3372
f 3358//3358 3359//3359 3373//3373
f 3359//3359 3374//3374 3373//3373
f 3358//3358 3360//3360 3512//3512
f 3358//3358 3512//3512 3359//3359
f 3511//3511 3374//3374 3359//3359
f 3511//3511 3359//3359 3512//3512
f 3347//3347 3162//3162 3161//3161
f 3360//3360 3162//3162 3347//3347
f 3360//3360 3357//3357 3162//3162
f 3362//3362 3361//3361 3513//3513
f 3361//3361 3515//3515 3513//3513
f 3363//3363 3354//3354 3625//3625
f 3364//3364 3365//3365 3377//3377
f 3377//3377 3524//3524 3364//3364
f 3156//3156 3366//3366 3365//3365
f 3352//3352 3516//3516 3156//3156
f 3156//3156 3368//3368 3366//3366
f 3366//3366 3519//3519 3365//3365
f 3368//3368 3367//3367 3366//3366
f 3367//3367 3519//3519 3366//3366
f 3363//3363 3516//3516 3352//3352
f 5170//5170 3369//3369 3355//3355
f 3371//3371 3373//3373 3187//3187
f 3372//3372 3373//3373 3371//3371
f 3187//3187 3373//3373 3205//3205
f 3205//3205 3373//3373 3374//3374
f 3382//3382 3205//3205 3374//3374
f 3519//3519 3377//3377 3365//3365
f 3165//3165 3375//3375 3178//3178
f 3165//3165 3380//3380 3375//3375
f 3375//3375 5249//5249 3178//3178
f 3380//3380 3165//3165 3364//3364
f 3364//3364 3524//3524 3380//3380
f 3519//3519 3522//3522 3377//3377
f 3378//3378 3379//3379 3529//3529
f 3379//3379 5249//5249 3375//3375
f 3378//3378 3376//3376 3379//3379
f 3375//3375 3380//3380 3379//3379
f 3380//3380 3529//3529 3379//3379
f 3377//3377 3522//3522 3524//3524
f 3370//3370 3369//3369 3183//3183
f 3370//3370 3356//3356 3369//3369
f 3370//3370 3387//3387 3390//3390
f 3370//3370 3390//3390 3381//3381
f 3195//3195 3515//3515 3361//3361
f 3515//3515 3195//3195 3518//3518
f 3518//3518 3195//3195 3525//3525
f 3386//3386 3189//3189 3384//3384
f 3384//3384 3533//3533 3386//3386
f 3529//3529 3532//3532 3385//3385
f 3532//3532 3384//3384 3385//3385
f 3384//3384 3532//3532 3533//3533
f 3370//3370 3192//3192 3387//3387
f 3192//3192 3193//3193 3387//3387
f 3387//3387 3193//3193 3389//3389
f 3193//3193 3203//3203 3388//3388
f 3193//3193 3202//3202 3203//3203
f 3193//3193 3388//3388 3389//3389
f 3388//3388 3204//3204 3392//3392
f 3389//3389 3390//3390 3387//3387
f 3389//3389 3381//3381 3390//3390
f 3388//3388 3381//3381 3389//3389
f 3381//3381 3388//3388 3392//3392
f 3383//3383 3381//3381 3392//3392
f 3205//3205 3382//3382 3383//3383
f 3525//3525 3196//3196 3393//3393
f 3525//3525 3393//3393 3391//3391
f 3535//3535 3198//3198 3386//3386
f 3392//3392 3204//3204 3218//3218
f 3205//3205 3392//3392 3218//3218
f 3383//3383 3392//3392 3205//3205
f 3394//3394 3393//3393 3215//3215
f 3393//3393 3394//3394 3391//3391
f 3209//3209 3396//3396 3397//3397
f 3399//3399 3395//3395 3397//3397
f 3398//3398 3396//3396 3198//3198
f 3397//3397 3396//3396 3398//3398
f 3535//3535 3398//3398 3198//3198
f 3536//3536 3397//3397 3398//3398
f 3215//3215 3400//3400 3394//3394
f 3400//3400 3640//3640 3531//3531
f 3531//3531 3394//3394 3400//3400
f 3536//3536 3399//3399 3397//3397
f 3536//3536 3538//3538 3216//3216
f 3400//3400 3215//3215 3222//3222
f 3216//3216 3538//3538 3401//3401
f 3401//3401 3538//3538 3540//3540
f 3222//3222 3541//3541 3400//3400
f 3401//3401 3402//3402 3220//3220
f 3401//3401 3540//3540 3402//3402
f 3402//3402 3644//3644 3220//3220
f 3220//3220 3403//3403 3221//3221
f 3405//3405 3406//3406 3403//3403
f 3403//3403 3220//3220 3542//3542
f 3404//3404 3405//3405 3403//3403
f 3404//3404 3403//3403 3542//3542
f 3405//3405 3404//3404 3545//3545
f 3544//3544 3541//3541 3223//3223
f 3405//3405 3407//3407 3406//3406
f 3544//3544 3223//3223 3224//3224
f 3407//3407 3408//3408 3406//3406
f 3410//3410 3406//3406 3408//3408
f 3408//3408 3407//3407 3549//3549
f 3408//3408 3549//3549 3410//3410
f 3549//3549 3407//3407 3550//3550
f 3407//3407 3546//3546 3550//3550
f 3544//3544 3224//3224 3409//3409
f 3411//3411 3409//3409 2986//2986
f 3412//3412 3553//3553 3419//3419
f 3419//3419 3413//3413 3420//3420
f 3414//3414 3420//3420 3413//3413
f 3414//3414 3413//3413 3415//3415
f 3410//3410 3553//3553 3412//3412
f 3413//3413 3419//3419 3553//3553
f 3554//3554 3553//3553 3410//3410
f 3553//3553 3556//3556 3413//3413
f 3414//3414 3415//3415 3423//3423
f 3413//3413 3556//3556 3415//3415
f 3415//3415 3426//3426 3424//3424
f 3559//3559 3230//3230 3428//3428
f 3560//3560 3559//3559 3428//3428
f 3562//3562 3661//3661 3231//3231
f 3421//3421 3229//3229 3417//3417
f 3410//3410 3412//3412 3226//3226
f 3226//3226 3412//3412 3417//3417
f 3417//3417 3412//3412 3419//3419
f 3419//3419 3418//3418 3417//3417
f 3421//3421 3417//3417 3418//3418
f 3418//3418 3414//3414 3423//3423
f 3419//3419 3420//3420 3418//3418
f 3414//3414 3418//3418 3420//3420
f 3422//3422 3432//3432 3430//3430
f 3423//3423 3421//3421 3418//3418
f 3423//3423 3422//3422 3421//3421
f 3423//3423 3424//3424 3422//3422
f 3423//3423 3415//3415 3424//3424
f 3422//3422 3424//3424 3425//3425
f 3425//3425 3435//3435 3422//3422
f 3426//3426 3425//3425 3424//3424
f 3425//3425 3563//3563 3435//3435
f 3561//3561 3426//3426 3557//3557
f 3561//3561 3425//3425 3426//3426
f 3563//3563 3425//3425 3561//3561
f 3563//3563 3436//3436 3435//3435
f 3427//3427 3436//3436 3563//3563
f 3567//3567 3436//3436 3427//3427
f 3427//3427 3564//3564 3567//3567
f 3030//3030 3416//3416 3428//3428
f 3416//3416 3560//3560 3428//3428
f 3429//3429 3562//3562 3231//3231
f 3430//3430 3421//3421 3422//3422
f 3437//3437 3562//3562 3429//3429
f 3431//3431 3435//3435 3433//3433
f 5225//5225 3434//3434 5258//5258
f 3435//3435 3432//3432 3422//3422
f 3433//3433 3435//3435 5255//5255
f 3435//3435 3436//3436 5255//5255
f 5257//5257 5258//5258 3434//3434
f 3562//3562 3437//3437 3568//3568
f 5259//5259 5271//5271 3568//3568
f 5272//5272 5258//5258 5257//5257
f 5256//5256 5226//5226 5254//5254
f 3281//3281 3438//3438 3261//3261
f 3281//3281 3569//3569 3438//3438
f 3440//3440 3438//3438 3442//3442
f 3438//3438 3569//3569 3442//3442
f 3439//3439 3440//3440 3441//3441
f 3440//3440 3442//3442 3441//3441
f 3442//3442 3570//3570 3441//3441
f 3439//3439 3441//3441 3274//3274
f 3441//3441 3446//3446 3274//3274
f 3570//3570 3578//3578 3441//3441
f 3443//3443 3273//3273 3444//3444
f 5260//5260 5233//5233 3274//3274
f 3274//3274 3445//3445 5260//5260
f 3445//3445 3449//3449 5260//5260
f 3444//3444 5261//5261 3443//3443
f 3274//3274 3446//3446 3445//3445
f 3450//3450 3449//3449 3445//3445
f 3445//3445 3446//3446 3450//3450
f 3441//3441 3578//3578 3446//3446
f 3276//3276 3448//3448 3447//3447
f 3448//3448 3453//3453 3447//3447
f 3447//3447 3453//3453 3451//3451
f 3443//3443 3452//3452 3448//3448
f 3443//3443 3448//3448 3276//3276
f 3452//3452 3443//3443 5261//5261
f 3579//3579 3277//3277 3451//3451
f 3452//3452 3453//3453 3448//3448
f 3277//3277 3454//3454 3278//3278
f 3454//3454 3277//3277 3579//3579
f 3575//3575 3451//3451 3453//3453
f 3279//3279 3278//3278 3455//3455
f 3278//3278 3454//3454 3455//3455
f 3456//3456 3279//3279 3455//3455
f 3283//3283 3279//3279 3456//3456
f 3455//3455 3582//3582 3456//3456
f 3454//3454 3583//3583 3455//3455
f 3455//3455 3583//3583 3582//3582
f 3582//3582 3461//3461 3456//3456
f 3457//3457 3284//3284 3456//3456
f 3459//3459 3284//3284 3457//3457
f 3459//3459 3458//3458 3284//3284
f 3461//3461 3457//3457 3456//3456
f 3459//3459 3457//3457 3461//3461
f 3461//3461 3582//3582 3585//3585
f 3461//3461 3585//3585 3586//3586
f 3460//3460 3458//3458 3459//3459
f 3458//3458 3463//3463 3462//3462
f 3587//3587 3460//3460 3459//3459
f 3460//3460 3463//3463 3458//3458
f 3459//3459 3461//3461 3587//3587
f 3463//3463 3677//3677 3462//3462
f 3680//3680 3462//3462 3677//3677
f 3462//3462 3680//3680 3287//3287
f 3294//3294 3464//3464 3465//3465
f 3464//3464 3590//3590 3465//3465
f 3590//3590 3464//3464 3591//3591
f 3467//3467 3466//3466 3296//3296
f 3292//3292 3468//3468 3467//3467
f 3468//3468 3466//3466 3467//3467
f 3469//3469 3468//3468 3292//3292
f 3466//3466 3468//3468 3470//3470
f 3469//3469 3292//3292 3685//3685
f 3470//3470 3468//3468 3469//3469
f 3471//3471 3464//3464 3300//3300
f 3300//3300 3475//3475 3471//3471
f 3471//3471 3475//3475 3591//3591
f 3475//3475 3474//3474 3591//3591
f 3464//3464 3471//3471 3591//3591
f 3482//3482 3480//3480 3304//3304
f 3475//3475 3300//3300 3474//3474
f 3474//3474 3485//3485 3476//3476
f 3591//3591 3474//3474 3476//3476
f 3476//3476 3485//3485 3691//3691
f 3488//3488 3316//3316 3477//3477
f 3488//3488 3477//3477 3607//3607
f 3607//3607 3477//3477 3479//3479
f 3477//3477 3478//3478 3479//3479
f 3479//3479 3478//3478 3601//3601
f 3307//3307 3489//3489 3478//3478
f 3478//3478 3489//3489 3603//3603
f 3478//3478 3603//3603 3601//3601
f 3480//3480 3481//3481 3310//3310
f 5262//5262 3483//3483 3310//3310
f 3311//3311 3308//3308 3483//3483
f 5262//5262 3610//3610 3483//3483
f 3480//3480 3611//3611 3481//3481
f 3481//3481 3611//3611 5275//5275
f 3485//3485 3474//3474 3313//3313
f 3313//3313 3495//3495 3496//3496
f 3313//3313 3496//3496 3485//3485
f 3484//3484 3485//3485 3497//3497
f 3498//3498 3484//3484 3497//3497
f 3485//3485 3484//3484 3691//3691
f 3488//3488 3487//3487 3486//3486
f 3487//3487 3503//3503 3486//3486
f 3488//3488 3607//3607 3487//3487
f 3489//3489 3490//3490 3603//3603
f 3619//3619 3490//3490 3504//3504
f 3493//3493 3491//3491 3311//3311
f 3493//3493 3311//3311 3614//3614
f 3311//3311 3483//3483 3492//3492
f 3492//3492 3614//3614 3311//3311
f 3609//3609 3483//3483 3610//3610
f 3483//3483 3609//3609 3492//3492
f 3495//3495 3313//3313 3494//3494
f 3495//3495 3494//3494 3498//3498
f 3498//3498 3496//3496 3495//3495
f 3496//3496 3497//3497 3485//3485
f 3497//3497 3496//3496 3498//3498
f 3498//3498 3510//3510 3484//3484
f 3500//3500 3499//3499 3347//3347
f 3501//3501 3502//3502 3500//3500
f 3615//3615 3500//3500 3618//3618
f 3502//3502 3618//3618 3500//3500
f 3502//3502 5264//5264 5263//5263
f 3504//3504 3490//3490 3318//3318
f 3504//3504 3318//3318 3624//3624
f 3624//3624 3318//3318 3514//3514
f 3506//3506 3356//3356 3507//3507
f 3494//3494 3506//3506 3498//3498
f 3498//3498 3506//3506 3507//3507
f 3498//3498 3507//3507 3510//3510
f 3360//3360 3347//3347 3499//3499
f 3500//3500 3347//3347 3501//3501
f 3509//3509 3625//3625 3354//3354
f 3510//3510 3356//3356 3370//3370
f 3507//3507 3356//3356 3510//3510
f 3374//3374 3511//3511 3508//3508
f 3382//3382 3374//3374 3508//3508
f 3382//3382 3508//3508 3623//3623
f 3512//3512 3360//3360 5265//5265
f 3512//3512 5265//5265 3511//3511
f 3362//3362 3513//3513 3514//3514
f 3515//3515 3514//3514 3513//3513
f 3516//3516 3368//3368 3156//3156
f 3368//3368 3519//3519 3367//3367
f 3368//3368 3516//3516 3521//3521
f 3629//3629 3521//3521 3516//3516
f 3630//3630 3629//3629 3516//3516
f 3363//3363 3630//3630 3516//3516
f 3363//3363 3625//3625 3630//3630
f 3630//3630 3625//3625 3719//3719
f 3370//3370 3381//3381 3517//3517
f 3381//3381 3383//3383 3517//3517
f 3510//3510 3370//3370 3517//3517
f 3383//3383 3623//3623 3517//3517
f 3518//3518 3627//3627 3515//3515
f 3628//3628 3518//3518 3525//3525
f 3526//3526 3628//3628 3525//3525
f 3368//3368 3520//3520 3519//3519
f 3520//3520 3523//3523 3519//3519
f 3523//3523 5267//5267 3519//3519
f 3368//3368 5266//5266 3520//3520
f 3520//3520 5266//5266 3523//3523
f 3528//3528 5267//5267 3523//3523
f 5268//5268 3524//3524 3522//3522
f 5266//5266 3629//3629 3523//3523
f 3529//3529 3380//3380 3524//3524
f 3629//3629 3528//3528 3523//3523
f 3633//3633 3528//3528 3631//3631
f 3382//3382 3623//3623 3383//3383
f 3525//3525 3531//3531 3526//3526
f 3531//3531 3527//3527 3526//3526
f 3628//3628 3526//3526 3527//3527
f 5268//5268 5277//5277 3524//3524
f 3529//3529 3530//3530 3532//3532
f 3530//3530 3529//3529 3524//3524
f 3530//3530 3524//3524 5277//5277
f 3391//3391 3531//3531 3525//3525
f 3391//3391 3394//3394 3531//3531
f 3535//3535 3386//3386 3534//3534
f 3534//3534 3386//3386 3533//3533
f 3527//3527 3531//3531 3640//3640
f 3636//3636 3535//3535 3534//3534
f 3535//3535 3536//3536 3398//3398
f 3537//3537 3536//3536 3535//3535
f 3636//3636 3537//3537 3535//3535
f 3537//3537 3538//3538 3536//3536
f 3539//3539 3538//3538 3537//3537
f 3538//3538 3539//3539 3540//3540
f 3537//3537 3639//3639 3539//3539
f 3541//3541 3640//3640 3400//3400
f 3540//3540 3644//3644 3402//3402
f 3642//3642 3540//3540 3539//3539
f 3644//3644 3542//3542 3220//3220
f 3542//3542 3644//3644 3404//3404
f 3545//3545 3404//3404 3543//3543
f 3541//3541 3544//3544 3740//3740
f 3407//3407 3405//3405 3546//3546
f 3546//3546 3405//3405 3545//3545
f 3644//3644 3543//3543 3404//3404
f 3545//3545 3543//3543 3645//3645
f 3543//3543 3644//3644 3645//3645
f 3545//3545 3645//3645 3548//3548
f 3544//3544 3746//3746 3740//3740
f 3746//3746 3544//3544 3409//3409
f 3547//3547 3546//3546 3545//3545
f 3550//3550 3546//3546 3547//3547
f 3545//3545 3548//3548 3547//3547
f 3652//3652 3409//3409 3411//3411
f 3746//3746 3409//3409 3652//3652
f 3411//3411 3552//3552 3652//3652
f 3548//3548 3551//3551 3547//3547
f 3655//3655 3551//3551 3548//3548
f 3549//3549 3550//3550 3410//3410
f 3555//3555 3410//3410 3550//3550
f 3555//3555 3554//3554 3410//3410
f 3550//3550 3547//3547 3551//3551
f 3555//3555 3550//3550 3551//3551
f 3552//3552 3657//3657 3653//3653
f 3558//3558 3657//3657 3552//3552
f 3554//3554 3662//3662 3553//3553
f 3555//3555 3662//3662 3554//3554
f 3654//3654 3555//3555 3551//3551
f 3557//3557 3556//3556 3553//3553
f 3556//3556 3557//3557 3415//3415
f 3426//3426 3415//3415 3557//3557
f 3662//3662 3557//3557 3553//3553
f 3230//3230 3558//3558 3552//3552
f 3558//3558 3230//3230 3559//3559
f 3658//3658 3558//3558 3559//3559
f 3657//3657 3558//3558 3658//3658
f 3560//3560 3658//3658 3559//3559
f 3416//3416 3661//3661 3560//3560
f 3661//3661 3659//3659 3560//3560
f 3758//3758 3659//3659 3661//3661
f 3231//3231 3661//3661 3416//3416
f 3664//3664 3661//3661 3562//3562
f 3561//3561 3557//3557 3662//3662
f 3662//3662 3563//3563 3561//3561
f 3663//3663 3563//3563 3662//3662
f 3565//3565 3664//3664 3562//3562
f 3563//3563 3564//3564 3427//3427
f 3663//3663 3564//3564 3563//3563
f 3566//3566 5273//5273 5269//5269
f 5270//5270 3568//3568 5271//5271
f 3566//3566 5269//5269 5278//5278
f 3568//3568 3565//3565 3562//3562
f 5270//5270 3565//3565 3568//3568
f 5270//5270 3664//3664 3565//3565
f 3665//3665 3566//3566 5278//5278
f 3673//3673 3569//3569 3281//3281
f 3569//3569 3666//3666 3442//3442
f 3569//3569 3667//3667 3666//3666
f 3442//3442 3666//3666 3571//3571
f 3442//3442 3573//3573 3570//3570
f 3573//3573 3572//3572 3570//3570
f 3570//3570 3572//3572 3578//3578
f 3449//3449 3450//3450 3574//3574
f 3449//3449 3574//3574 3576//3576
f 3452//3452 5261//5261 3576//3576
f 3450//3450 3446//3446 3574//3574
f 3574//3574 3578//3578 3576//3576
f 3446//3446 3578//3578 3574//3574
f 3452//3452 3580//3580 3453//3453
f 3453//3453 3580//3580 3575//3575
f 3452//3452 3576//3576 3580//3580
f 3577//3577 3576//3576 3578//3578
f 3580//3580 3576//3576 3577//3577
f 3577//3577 3578//3578 3580//3580
f 3581//3581 3579//3579 3451//3451
f 3581//3581 3451//3451 3575//3575
f 3575//3575 3580//3580 3581//3581
f 3580//3580 3578//3578 3581//3581
f 3579//3579 3583//3583 3454//3454
f 3582//3582 3583//3583 3584//3584
f 3584//3584 3671//3671 3582//3582
f 3670//3670 3671//3671 3584//3584
f 3583//3583 3670//3670 3584//3584
f 3582//3582 3671//3671 3585//3585
f 3678//3678 3673//3673 3281//3281
f 3586//3586 3587//3587 3461//3461
f 3674//3674 3587//3587 3586//3586
f 3585//3585 3674//3674 3586//3586
f 3587//3587 3676//3676 3460//3460
f 3465//3465 3590//3590 3588//3588
f 3589//3589 3588//3588 3590//3590
f 3678//3678 3281//3281 3588//3588
f 3685//3685 3291//3291 3688//3688
f 3287//3287 3687//3687 3291//3291
f 3291//3291 3687//3687 3688//3688
f 3681//3681 3687//3687 3287//3287
f 3591//3591 3589//3589 3590//3590
f 3589//3589 3591//3591 3684//3684
f 3693//3693 3470//3470 3469//3469
f 3691//3691 3591//3591 3476//3476
f 3593//3593 3592//3592 3470//3470
f 3470//3470 3693//3693 3593//3593
f 3605//3605 3595//3595 3596//3596
f 3595//3595 3594//3594 3598//3598
f 3597//3597 3598//3598 3594//3594
f 3594//3594 3595//3595 3606//3606
f 3597//3597 3594//3594 3607//3607
f 3597//3597 3479//3479 3599//3599
f 3597//3597 3599//3599 3602//3602
f 3602//3602 3598//3598 3597//3597
f 3596//3596 3595//3595 3600//3600
f 3598//3598 3600//3600 3595//3595
f 3596//3596 3600//3600 3695//3695
f 3597//3597 3607//3607 3479//3479
f 3601//3601 3599//3599 3479//3479
f 3602//3602 3599//3599 3601//3601
f 3598//3598 3602//3602 3600//3600
f 3696//3696 3600//3600 3602//3602
f 3696//3696 3695//3695 3600//3600
f 3602//3602 3601//3601 3603//3603
f 3699//3699 3603//3603 3490//3490
f 3608//3608 3699//3699 3490//3490
f 3604//3604 3602//3602 3603//3603
f 3697//3697 3602//3602 3604//3604
f 3699//3699 3697//3697 3604//3604
f 3604//3604 3603//3603 3699//3699
f 3611//3611 3480//3480 3482//3482
f 3592//3592 3482//3482 3473//3473
f 3510//3510 3691//3691 3484//3484
f 3691//3691 3510//3510 3700//3700
f 3605//3605 3695//3695 3618//3618
f 3605//3605 3618//3618 3502//3502
f 3605//3605 3502//3502 5263//5263
f 3607//3607 3594//3594 5274//5274
f 5274//5274 5263//5263 3607//3607
f 3605//3605 5263//5263 5274//5274
f 5274//5274 3595//3595 3605//3605
f 3695//3695 3605//3605 3596//3596
f 3619//3619 3504//3504 3624//3624
f 3608//3608 3490//3490 3619//3619
f 3609//3609 3612//3612 3492//3492
f 3610//3610 3613//3613 3609//3609
f 3613//3613 3612//3612 3609//3609
f 3613//3613 5275//5275 3611//3611
f 3612//3612 3614//3614 3492//3492
f 3612//3612 3613//3613 3614//3614
f 3916//3916 3613//3613 3611//3611
f 3517//3517 3700//3700 3510//3510
f 3621//3621 3700//3700 3517//3517
f 3499//3499 3508//3508 3360//3360
f 3499//3499 3500//3500 3705//3705
f 3616//3616 3705//3705 3500//3500
f 3615//3615 3618//3618 3616//3616
f 3500//3500 3615//3615 3616//3616
f 3616//3616 3618//3618 3617//3617
f 3617//3617 3706//3706 3616//3616
f 3616//3616 3706//3706 3705//3705
f 3618//3618 3706//3706 3617//3617
f 3505//3505 3493//3493 3620//3620
f 3817//3817 3493//3493 3614//3614
f 3493//3493 3818//3818 3620//3620
f 3621//3621 3517//3517 3622//3622
f 3621//3621 3622//3622 3712//3712
f 3508//3508 3499//3499 3623//3623
f 3622//3622 3623//3623 3712//3712
f 3621//3621 3712//3712 3711//3711
f 3714//3714 3623//3623 3499//3499
f 3624//3624 3514//3514 3815//3815
f 3815//3815 3514//3514 3627//3627
f 3620//3620 3626//3626 3505//3505
f 3509//3509 3505//3505 3625//3625
f 3625//3625 3505//3505 5276//5276
f 3717//3717 3626//3626 3620//3620
f 3717//3717 3625//3625 5276//5276
f 3623//3623 3622//3622 3517//3517
f 3627//3627 3514//3514 3515//3515
f 3518//3518 3628//3628 3627//3627
f 3528//3528 3629//3629 3631//3631
f 3629//3629 3632//3632 3631//3631
f 3630//3630 3632//3632 3629//3629
f 3628//3628 3527//3527 3720//3720
f 3633//3633 3631//3631 3632//3632
f 3632//3632 3721//3721 3633//3633
f 5277//5277 3634//3634 3530//3530
f 3720//3720 3527//3527 3640//3640
f 3532//3532 3726//3726 3533//3533
f 3532//3532 3530//3530 3726//3726
f 3635//3635 3726//3726 3530//3530
f 3634//3634 3635//3635 3530//3530
f 3635//3635 3634//3634 3724//3724
f 3533//3533 3726//3726 3637//3637
f 3725//3725 3726//3726 3635//3635
f 3724//3724 3725//3725 3635//3635
f 3636//3636 3534//3534 3533//3533
f 3637//3637 3636//3636 3533//3533
f 3733//3733 3636//3636 3730//3730
f 3637//3637 3727//3727 3636//3636
f 3727//3727 3730//3730 3636//3636
f 3537//3537 3636//3636 3638//3638
f 3733//3733 3638//3638 3636//3636
f 3736//3736 3537//3537 3638//3638
f 3537//3537 3739//3739 3639//3639
f 3739//3739 3537//3537 3736//3736
f 3541//3541 3740//3740 3640//3640
f 3539//3539 3639//3639 3641//3641
f 3642//3642 3539//3539 3641//3641
f 3741//3741 3641//3641 3639//3639
f 3741//3741 3639//3639 3739//3739
f 3640//3640 3740//3740 3735//3735
f 3540//3540 3642//3642 3643//3643
f 3644//3644 3540//3540 3643//3643
f 3643//3643 3642//3642 3742//3742
f 3646//3646 3645//3645 3644//3644
f 3646//3646 3644//3644 3647//3647
f 3650//3650 3645//3645 3646//3646
f 3644//3644 3643//3643 3647//3647
f 3647//3647 3743//3743 3748//3748
f 3748//3748 3649//3649 3647//3647
f 3740//3740 3746//3746 3835//3835
f 3747//3747 3746//3746 3652//3652
f 3548//3548 3645//3645 3648//3648
f 3645//3645 3650//3650 3648//3648
f 3648//3648 3655//3655 3548//3548
f 3650//3650 3655//3655 3648//3648
f 3647//3647 3649//3649 3646//3646
f 3649//3649 3651//3651 3646//3646
f 3651//3651 3650//3650 3646//3646
f 3655//3655 3650//3650 3656//3656
f 3651//3651 3656//3656 3650//3650
f 3652//3652 3653//3653 3747//3747
f 3653//3653 3652//3652 3552//3552
f 3756//3756 3653//3653 3657//3657
f 3655//3655 3654//3654 3551//3551
f 3654//3654 3656//3656 3660//3660
f 3654//3654 3655//3655 3656//3656
f 3662//3662 3660//3660 3656//3656
f 3760//3760 3662//3662 3656//3656
f 3756//3756 3657//3657 3757//3757
f 3658//3658 3757//3757 3657//3657
f 3658//3658 3659//3659 3757//3757
f 3659//3659 3658//3658 3560//3560
f 3555//3555 3654//3654 3660//3660
f 3660//3660 3662//3662 3555//3555
f 3760//3760 3663//3663 3662//3662
f 3664//3664 5279//5279 3661//3661
f 5282//5282 3665//3665 5278//5278
f 3846//3846 3665//3665 5282//5282
f 5270//5270 5279//5279 3664//3664
f 3569//3569 3673//3673 3667//3667
f 3571//3571 3573//3573 3442//3442
f 3571//3571 3668//3668 3573//3573
f 3666//3666 3668//3668 3571//3571
f 3667//3667 3668//3668 3666//3666
f 3572//3572 3573//3573 3578//3578
f 3578//3578 3765//3765 3581//3581
f 3581//3581 3769//3769 3579//3579
f 3769//3769 3581//3581 3765//3765
f 3578//3578 3764//3764 3765//3765
f 3578//3578 3573//3573 3764//3764
f 3583//3583 3579//3579 3769//3769
f 3669//3669 3670//3670 3583//3583
f 3670//3670 3869//3869 3671//3671
f 3672//3672 3670//3670 3669//3669
f 3670//3670 3672//3672 3869//3869
f 3583//3583 3769//3769 3669//3669
f 3869//3869 3585//3585 3671//3671
f 3869//3869 3767//3767 3585//3585
f 3672//3672 3669//3669 3769//3769
f 3769//3769 3766//3766 3672//3672
f 3767//3767 3770//3770 3585//3585
f 3587//3587 3674//3674 3770//3770
f 3585//3585 3770//3770 3674//3674
f 3770//3770 3772//3772 3587//3587
f 3460//3460 3675//3675 3463//3463
f 3463//3463 3675//3675 3677//3677
f 3676//3676 3675//3675 3460//3460
f 3676//3676 3777//3777 3675//3675
f 3777//3777 3677//3677 3675//3675
f 3776//3776 3676//3676 3587//3587
f 3777//3777 3676//3676 3776//3776
f 3588//3588 3589//3589 3678//3678
f 3589//3589 3684//3684 3678//3678
f 3678//3678 3679//3679 3673//3673
f 3287//3287 3682//3682 3681//3681
f 3680//3680 3677//3677 3777//3777
f 3287//3287 3680//3680 3682//3682
f 3680//3680 3779//3779 3682//3682
f 3681//3681 3682//3682 3784//3784
f 3779//3779 3780//3780 3682//3682
f 3777//3777 3779//3779 3680//3680
f 3781//3781 3779//3779 3777//3777
f 3780//3780 3784//3784 3682//3682
f 3784//3784 3789//3789 3681//3681
f 3591//3591 3691//3691 3683//3683
f 3684//3684 3591//3591 3683//3683
f 3684//3684 3683//3683 3679//3679
f 3683//3683 3691//3691 3679//3679
f 3684//3684 3679//3679 3678//3678
f 3691//3691 3793//3793 3795//3795
f 3787//3787 3679//3679 3691//3691
f 3681//3681 3790//3790 3687//3687
f 3685//3685 3686//3686 3469//3469
f 3686//3686 3693//3693 3469//3469
f 3792//3792 3685//3685 3688//3688
f 3687//3687 3888//3888 3688//3688
f 3790//3790 3888//3888 3687//3687
f 3686//3686 3689//3689 3693//3693
f 3685//3685 3792//3792 3690//3690
f 3685//3685 3690//3690 3686//3686
f 3689//3689 3686//3686 3694//3694
f 3686//3686 3690//3690 3694//3694
f 3694//3694 3693//3693 3689//3689
f 3690//3690 3791//3791 3694//3694
f 3693//3693 3800//3800 3593//3593
f 3693//3693 3694//3694 3800//3800
f 3592//3592 3593//3593 3906//3906
f 3692//3692 3701//3701 3810//3810
f 3695//3695 3696//3696 3995//3995
f 3698//3698 3697//3697 3699//3699
f 3697//3697 3698//3698 3602//3602
f 3696//3696 3602//3602 3698//3698
f 3698//3698 3699//3699 3696//3696
f 3696//3696 3699//3699 3807//3807
f 3809//3809 3482//3482 3592//3592
f 3692//3692 3691//3691 3700//3700
f 3692//3692 3700//3700 3701//3701
f 3701//3701 3713//3713 3810//3810
f 3714//3714 3704//3704 3702//3702
f 3713//3713 3702//3702 3704//3704
f 3703//3703 3713//3713 3704//3704
f 3713//3713 3703//3703 3810//3810
f 3714//3714 3705//3705 3704//3704
f 3704//3704 3705//3705 3803//3803
f 3705//3705 3805//3805 3803//3803
f 3706//3706 3618//3618 3707//3707
f 3706//3706 3707//3707 3705//3705
f 3705//3705 3707//3707 3805//3805
f 3618//3618 3695//3695 3806//3806
f 3608//3608 3710//3710 3699//3699
f 3710//3710 3608//3608 3709//3709
f 3608//3608 3708//3708 3709//3709
f 3709//3709 3708//3708 3716//3716
f 3710//3710 3709//3709 3716//3716
f 3916//3916 3611//3611 3813//3813
f 3700//3700 3621//3621 3711//3711
f 3700//3700 3711//3711 3701//3701
f 3711//3711 3712//3712 3701//3701
f 3702//3702 3623//3623 3714//3714
f 3701//3701 3712//3712 3713//3713
f 3713//3713 3712//3712 3623//3623
f 3713//3713 3623//3623 3702//3702
f 3705//3705 3714//3714 3499//3499
f 3608//3608 3619//3619 3715//3715
f 3619//3619 3624//3624 3715//3715
f 3708//3708 3608//3608 3715//3715
f 3708//3708 3715//3715 3716//3716
f 3716//3716 3715//3715 3624//3624
f 3814//3814 3716//3716 3624//3624
f 3815//3815 3814//3814 3624//3624
f 3614//3614 3613//3613 3916//3916
f 3817//3817 3614//3614 3916//3916
f 3818//3818 3717//3717 3620//3620
f 3817//3817 3818//3818 3493//3493
f 3627//3627 3628//3628 3720//3720
f 3625//3625 3717//3717 3718//3718
f 3718//3718 3719//3719 3625//3625
f 3820//3820 3719//3719 3718//3718
f 3818//3818 3718//3718 3717//3717
f 3822//3822 3630//3630 3719//3719
f 3822//3822 3719//3719 3819//3819
f 3630//3630 3822//3822 3821//3821
f 3630//3630 3722//3722 3632//3632
f 3630//3630 3821//3821 3722//3722
f 3721//3721 3723//3723 3633//3633
f 3721//3721 3632//3632 3722//3722
f 3722//3722 3824//3824 3721//3721
f 3825//3825 3824//3824 3722//3722
f 3821//3821 3823//3823 3722//3722
f 3825//3825 3722//3722 3823//3823
f 3721//3721 3824//3824 3723//3723
f 5280//5280 3634//3634 5277//5277
f 5280//5280 3724//3724 3634//3634
f 3826//3826 3724//3724 5280//5280
f 3724//3724 3826//3826 3725//3725
f 3826//3826 3723//3723 3824//3824
f 3826//3826 3824//3824 3827//3827
f 3729//3729 3725//3725 3826//3826
f 3729//3729 3826//3826 3827//3827
f 3727//3727 3637//3637 3726//3726
f 3728//3728 3726//3726 3725//3725
f 3728//3728 3731//3731 3726//3726
f 3727//3727 3726//3726 3731//3731
f 3731//3731 3730//3730 3727//3727
f 3729//3729 3728//3728 3725//3725
f 3728//3728 3729//3729 3732//3732
f 3732//3732 3731//3731 3728//3728
f 3731//3731 3734//3734 3730//3730
f 3732//3732 3734//3734 3731//3731
f 3640//3640 3735//3735 3830//3830
f 3733//3733 3730//3730 3734//3734
f 3638//3638 3733//3733 3738//3738
f 3734//3734 3738//3738 3733//3733
f 3734//3734 3829//3829 3738//3738
f 3638//3638 3738//3738 3737//3737
f 3736//3736 3638//3638 3737//3737
f 3735//3735 3740//3740 3832//3832
f 3737//3737 3739//3739 3736//3736
f 3737//3737 3738//3738 3739//3739
f 3741//3741 3739//3739 3836//3836
f 3738//3738 3834//3834 3739//3739
f 3741//3741 3642//3642 3641//3641
f 3642//3642 3741//3741 3744//3744
f 3742//3742 3642//3642 3744//3744
f 3647//3647 3643//3643 3743//3743
f 3643//3643 3742//3742 3743//3743
f 3742//3742 3744//3744 3745//3745
f 3741//3741 3837//3837 3744//3744
f 3837//3837 3741//3741 3836//3836
f 3743//3743 3742//3742 3752//3752
f 3745//3745 3752//3752 3742//3742
f 3744//3744 3837//3837 3745//3745
f 3837//3837 3838//3838 3745//3745
f 3746//3746 3747//3747 3835//3835
f 3747//3747 3756//3756 3841//3841
f 3747//3747 3841//3841 3835//3835
f 3743//3743 3750//3750 3748//3748
f 3748//3748 3651//3651 3649//3649
f 3749//3749 3651//3651 3748//3748
f 3748//3748 3750//3750 3749//3749
f 3759//3759 3749//3749 3750//3750
f 3752//3752 3750//3750 3743//3743
f 3752//3752 3745//3745 3753//3753
f 3753//3753 3745//3745 3843//3843
f 3838//3838 3843//3843 3745//3745
f 3750//3750 3751//3751 3759//3759
f 3752//3752 3755//3755 5281//5281
f 3751//3751 3750//3750 3752//3752
f 3755//3755 3752//3752 3753//3753
f 5281//5281 3755//3755 3754//3754
f 3759//3759 5281//5281 3754//3754
f 3754//3754 3755//3755 3844//3844
f 3754//3754 3760//3760 3759//3759
f 3754//3754 3844//3844 3760//3760
f 3843//3843 3755//3755 3753//3753
f 3756//3756 3747//3747 3653//3653
f 3757//3757 3842//3842 3756//3756
f 3756//3756 3842//3842 3841//3841
f 3758//3758 3842//3842 3757//3757
f 3758//3758 3757//3757 3659//3659
f 3749//3749 3656//3656 3651//3651
f 3749//3749 3759//3759 3656//3656
f 3760//3760 3656//3656 3759//3759
f 5285//5285 3661//3661 5279//5279
f 3774//3774 3761//3761 3673//3673
f 3774//3774 3866//3866 3848//3848
f 3761//3761 3847//3847 3673//3673
f 3762//3762 3667//3667 3673//3673
f 3667//3667 3762//3762 3668//3668
f 3762//3762 3763//3763 3668//3668
f 3673//3673 3849//3849 3762//3762
f 3762//3762 3853//3853 3763//3763
f 3853//3853 3857//3857 3763//3763
f 3763//3763 3573//3573 3668//3668
f 3573//3573 3859//3859 3764//3764
f 3573//3573 3763//3763 3857//3857
f 3857//3857 5287//5287 3573//3573
f 3769//3769 3765//3765 3861//3861
f 3766//3766 3768//3768 3672//3672
f 3672//3672 3768//3768 3869//3869
f 3767//3767 3771//3771 3770//3770
f 3770//3770 3771//3771 3772//3772
f 3771//3771 3864//3864 3772//3772
f 3673//3673 3773//3773 3774//3774
f 3773//3773 3866//3866 3774//3774
f 3767//3767 3775//3775 3771//3771
f 3767//3767 3869//3869 3775//3775
f 3869//3869 3868//3868 3775//3775
f 3775//3775 3868//3868 3771//3771
f 3772//3772 3776//3776 3587//3587
f 3776//3776 3772//3772 3864//3864
f 3771//3771 3868//3868 3864//3864
f 3776//3776 3874//3874 3778//3778
f 3776//3776 3778//3778 3777//3777
f 3776//3776 3872//3872 3874//3874
f 3778//3778 3876//3876 3777//3777
f 3876//3876 3778//3778 3874//3874
f 3679//3679 3773//3773 3673//3673
f 3679//3679 3788//3788 3773//3773
f 3783//3783 3779//3779 3781//3781
f 3780//3780 3779//3779 3782//3782
f 3783//3783 3781//3781 3777//3777
f 3783//3783 3782//3782 3779//3779
f 3876//3876 3783//3783 3777//3777
f 3876//3876 3875//3875 3783//3783
f 3681//3681 3789//3789 5284//5284
f 3780//3780 3880//3880 3784//3784
f 3784//3784 3880//3880 3789//3789
f 3782//3782 3785//3785 3780//3780
f 3783//3783 3785//3785 3782//3782
f 3880//3880 3780//3780 3785//3785
f 3875//3875 3785//3785 3783//3783
f 3786//3786 3785//3785 3875//3875
f 3881//3881 3785//3785 3786//3786
f 3880//3880 3785//3785 3881//3881
f 3691//3691 3795//3795 3787//3787
f 3795//3795 3797//3797 3787//3787
f 3788//3788 3679//3679 3787//3787
f 3787//3787 3797//3797 3788//3788
f 3788//3788 3797//3797 3884//3884
f 3796//3796 3884//3884 3797//3797
f 3690//3690 3792//3792 3799//3799
f 3888//3888 3792//3792 3688//3688
f 5284//5284 3789//3789 3880//3880
f 3690//3690 3799//3799 3791//3791
f 3791//3791 3799//3799 3694//3694
f 3896//3896 3799//3799 3792//3792
f 3792//3792 3898//3898 3896//3896
f 3898//3898 3792//3792 4000//4000
f 3691//3691 3692//3692 3793//3793
f 3793//3793 3692//3692 3794//3794
f 3793//3793 3794//3794 3795//3795
f 3794//3794 3810//3810 3796//3796
f 3794//3794 3797//3797 3795//3795
f 3797//3797 3794//3794 3796//3796
f 3699//3699 3798//3798 3808//3808
f 3798//3798 4110//4110 3893//3893
f 3799//3799 3800//3800 3694//3694
f 3593//3593 3800//3800 3801//3801
f 3593//3593 3801//3801 3906//3906
f 3895//3895 3800//3800 3799//3799
f 3894//3894 3801//3801 3800//3800
f 3895//3895 3894//3894 3800//3800
f 3896//3896 3895//3895 3799//3799
f 3810//3810 3794//3794 3692//3692
f 3810//3810 3811//3811 3803//3803
f 3811//3811 3704//3704 3803//3803
f 3811//3811 3703//3703 3704//3704
f 3804//3804 3810//3810 3803//3803
f 3796//3796 3810//3810 3802//3802
f 3796//3796 3802//3802 3804//3804
f 3802//3802 3810//3810 3804//3804
f 3805//3805 3891//3891 3803//3803
f 3707//3707 3618//3618 3892//3892
f 3806//3806 3892//3892 3618//3618
f 3695//3695 3995//3995 3806//3806
f 3696//3696 3798//3798 3995//3995
f 3696//3696 3807//3807 3808//3808
f 3699//3699 3808//3808 3807//3807
f 3696//3696 3808//3808 3798//3798
f 3798//3798 3699//3699 3710//3710
f 3710//3710 3909//3909 3798//3798
f 3809//3809 3592//3592 3906//3906
f 3811//3811 3810//3810 3703//3703
f 3710//3710 3716//3716 3909//3909
f 3909//3909 3716//3716 3814//3814
f 3909//3909 3814//3814 3910//3910
f 3611//3611 3482//3482 3812//3812
f 3611//3611 3812//3812 3813//3813
f 3812//3812 3482//3482 3809//3809
f 3812//3812 3816//3816 3813//3813
f 3815//3815 3910//3910 3814//3814
f 3813//3813 3816//3816 3916//3916
f 3627//3627 3720//3720 3915//3915
f 3815//3815 3627//3627 3915//3915
f 3818//3818 3817//3817 3921//3921
f 3819//3819 3719//3719 3820//3820
f 3819//3819 3820//3820 3822//3822
f 4034//4034 3822//3822 3820//3820
f 4034//4034 3820//3820 3718//3718
f 3823//3823 3821//3821 3822//3822
f 3825//3825 3823//3823 3924//3924
f 3923//3923 3823//3823 3822//3822
f 3825//3825 3827//3827 3824//3824
f 3924//3924 3827//3827 3825//3825
f 3827//3827 3924//3924 3729//3729
f 3924//3924 3828//3828 3729//3729
f 4038//4038 3828//3828 3924//3924
f 3732//3732 3729//3729 3829//3829
f 3829//3829 3729//3729 4038//4038
f 3729//3729 3828//3828 4038//4038
f 3829//3829 3734//3734 3732//3732
f 3829//3829 3831//3831 3738//3738
f 3735//3735 3832//3832 3830//3830
f 3738//3738 3831//3831 3928//3928
f 3832//3832 3740//3740 3833//3833
f 3831//3831 3926//3926 3928//3928
f 3836//3836 3739//3739 3834//3834
f 3834//3834 3928//3928 3836//3836
f 3928//3928 3834//3834 3738//3738
f 3833//3833 3740//3740 3835//3835
f 3841//3841 3927//3927 3835//3835
f 3841//3841 3842//3842 3927//3927
f 3930//3930 3927//3927 3842//3842
f 3839//3839 3838//3838 3837//3837
f 3837//3837 3836//3836 3839//3839
f 3840//3840 3839//3839 3836//3836
f 3836//3836 3929//3929 3840//3840
f 3936//3936 3840//3840 3929//3929
f 3842//3842 3758//3758 3930//3930
f 3661//3661 3942//3942 3758//3758
f 3843//3843 3838//3838 3839//3839
f 3755//3755 3843//3843 3845//3845
f 3845//3845 3843//3843 3839//3839
f 3661//3661 5285//5285 3942//3942
f 3760//3760 3844//3844 3840//3840
f 3845//3845 3844//3844 3755//3755
f 3845//3845 3840//3840 3844//3844
f 3840//3840 3845//3845 3839//3839
f 3774//3774 3848//3848 3761//3761
f 3761//3761 3848//3848 3847//3847
f 3848//3848 3850//3850 3847//3847
f 3762//3762 3849//3849 3853//3853
f 3854//3854 3673//3673 3847//3847
f 3850//3850 3855//3855 3847//3847
f 3848//3848 3851//3851 3850//3850
f 3850//3850 3851//3851 3855//3855
f 3969//3969 5286//5286 3848//3848
f 3673//3673 3852//3852 3849//3849
f 3852//3852 3853//3853 3849//3849
f 3852//3852 3854//3854 3853//3853
f 3852//3852 3673//3673 3854//3854
f 3854//3854 3855//3855 3944//3944
f 3847//3847 3855//3855 3854//3854
f 3853//3853 3856//3856 3857//3857
f 3853//3853 3854//3854 3856//3856
f 3944//3944 3856//3856 3854//3854
f 3946//3946 5287//5287 3857//3857
f 3764//3764 3858//3858 3765//3765
f 3858//3858 3859//3859 3765//3765
f 3859//3859 3858//3858 3764//3764
f 3860//3860 3862//3862 3765//3765
f 3859//3859 3860//3860 3765//3765
f 3946//3946 3948//3948 5287//5287
f 3859//3859 3953//3953 3860//3860
f 3765//3765 3862//3862 5288//5288
f 3863//3863 3862//3862 3860//3860
f 3860//3860 3953//3953 3863//3863
f 3953//3953 3957//3957 3863//3863
f 3863//3863 3957//3957 3862//3862
f 3769//3769 3768//3768 3766//3766
f 3865//3865 3768//3768 3769//3769
f 3962//3962 3769//3769 3861//3861
f 3769//3769 3962//3962 3865//3865
f 3866//3866 3773//3773 3867//3867
f 3867//3867 3965//3965 3866//3866
f 3866//3866 3965//3965 3848//3848
f 3969//3969 3848//3848 3965//3965
f 3871//3871 3768//3768 3865//3865
f 3871//3871 3869//3869 3768//3768
f 3872//3872 3776//3776 3864//3864
f 3864//3864 3873//3873 3872//3872
f 3868//3868 3870//3870 3864//3864
f 3871//3871 3971//3971 3869//3869
f 3971//3971 3868//3868 3869//3869
f 3864//3864 3974//3974 3873//3873
f 3971//3971 3870//3870 3868//3868
f 3870//3870 3974//3974 3864//3864
f 3971//3971 3974//3974 3870//3870
f 3874//3874 3877//3877 3876//3876
f 3976//3976 3874//3874 3872//3872
f 3773//3773 3788//3788 3867//3867
f 3867//3867 3788//3788 3977//3977
f 3867//3867 3977//3977 3965//3965
f 3786//3786 3875//3875 3882//3882
f 3882//3882 3881//3881 3786//3786
f 3882//3882 3875//3875 3879//3879
f 3876//3876 3879//3879 3875//3875
f 5289//5289 5290//5290 3878//3878
f 5291//5291 5289//5289 3878//3878
f 5290//5290 3980//3980 3878//3878
f 3980//3980 3983//3983 3878//3878
f 3878//3878 3983//3983 5291//5291
f 3882//3882 3883//3883 3881//3881
f 3984//3984 3881//3881 3883//3883
f 3982//3982 3984//3984 3883//3883
f 3882//3882 3879//3879 3981//3981
f 5291//5291 3983//3983 3981//3981
f 3981//3981 3982//3982 3882//3882
f 3982//3982 3883//3883 3882//3882
f 3985//3985 3984//3984 3982//3982
f 3885//3885 3788//3788 3884//3884
f 3796//3796 3885//3885 3884//3884
f 3977//3977 3788//3788 3885//3885
f 3885//3885 3968//3968 3977//3977
f 3891//3891 3987//3987 3885//3885
f 3880//3880 3886//3886 5284//5284
f 3881//3881 3889//3889 3880//3880
f 3888//3888 4000//4000 3792//3792
f 3880//3880 3889//3889 3886//3886
f 3889//3889 3887//3887 3886//3886
f 3886//3886 3887//3887 5284//5284
f 5284//5284 3887//3887 5292//5292
f 5292//5292 3887//3887 3889//3889
f 3889//3889 3890//3890 5292//5292
f 3889//3889 3990//3990 3890//3890
f 3890//3890 3990//3990 5292//5292
f 4000//4000 3888//3888 5308//5308
f 3991//3991 3889//3889 3881//3881
f 3796//3796 3804//3804 3885//3885
f 3803//3803 3891//3891 3804//3804
f 3891//3891 3805//3805 3987//3987
f 3885//3885 3804//3804 3891//3891
f 3707//3707 3987//3987 3805//3805
f 3707//3707 3988//3988 3987//3987
f 3892//3892 3988//3988 3707//3707
f 3995//3995 3892//3892 3806//3806
f 3994//3994 3892//3892 3993//3993
f 3893//3893 3995//3995 3798//3798
f 3908//3908 3801//3801 3894//3894
f 3897//3897 3894//3894 3895//3895
f 3897//3897 3908//3908 3894//3894
f 3895//3895 3896//3896 3899//3899
f 3899//3899 3897//3897 3895//3895
f 3896//3896 4002//4002 3899//3899
f 3908//3908 3897//3897 3899//3899
f 4002//4002 3896//3896 3898//3898
f 3899//3899 4020//4020 3908//3908
f 3900//3900 3798//3798 3909//3909
f 3901//3901 3798//3798 3900//3900
f 3900//3900 3904//3904 3901//3901
f 4003//4003 4110//4110 3798//3798
f 3798//3798 3901//3901 4003//4003
f 3903//3903 3900//3900 3909//3909
f 3904//3904 3900//3900 3902//3902
f 3900//3900 3903//3903 3902//3902
f 3904//3904 3902//3902 4004//4004
f 3902//3902 3903//3903 4004//4004
f 4004//4004 3903//3903 3905//3905
f 3905//3905 3903//3903 3911//3911
f 3901//3901 3904//3904 4003//4003
f 3809//3809 3906//3906 3907//3907
f 3906//3906 4021//4021 3907//3907
f 3908//3908 3906//3906 3801//3801
f 4022//4022 3906//3906 3908//3908
f 4021//4021 3906//3906 4022//4022
f 4021//4021 4023//4023 3907//3907
f 3909//3909 3910//3910 3911//3911
f 3903//3903 3909//3909 3911//3911
f 3815//3815 3911//3911 3910//3910
f 4116//4116 4014//4014 3815//3815
f 4014//4014 3911//3911 3815//3815
f 3913//3913 3812//3812 3809//3809
f 4023//4023 3809//3809 3907//3907
f 3913//3913 3912//3912 3812//3812
f 3812//3812 3912//3912 3816//3816
f 4023//4023 3914//3914 3809//3809
f 3913//3913 3809//3809 3914//3914
f 4024//4024 3913//3913 3914//3914
f 4024//4024 3912//3912 3913//3913
f 3816//3816 3918//3918 3916//3916
f 3912//3912 3917//3917 3816//3816
f 3917//3917 3918//3918 3816//3816
f 3912//3912 4024//4024 3917//3917
f 3917//3917 4024//4024 3918//3918
f 3916//3916 3918//3918 3919//3919
f 3920//3920 3916//3916 3919//3919
f 3919//3919 3918//3918 4029//4029
f 4029//4029 3920//3920 3919//3919
f 3922//3922 3817//3817 3916//3916
f 3921//3921 3817//3817 3922//3922
f 3916//3916 3920//3920 3922//3922
f 4027//4027 3922//3922 3920//3920
f 3921//3921 3922//3922 4126//4126
f 3921//3921 4126//4126 3818//3818
f 3818//3818 4034//4034 3718//3718
f 3822//3822 4034//4034 3923//3923
f 3923//3923 3924//3924 3823//3823
f 4034//4034 3924//3924 3923//3923
f 4038//4038 4043//4043 3829//3829
f 4276//4276 3830//3830 3925//3925
f 3830//3830 3832//3832 3925//3925
f 3829//3829 4043//4043 3831//3831
f 3832//3832 3833//3833 3925//3925
f 4041//4041 3833//3833 3835//3835
f 3835//3835 3927//3927 4041//4041
f 4044//4044 3926//3926 3831//3831
f 4043//4043 4044//4044 3831//3831
f 4044//4044 3928//3928 3926//3926
f 4047//4047 4046//4046 4044//4044
f 4046//4046 3928//3928 4044//4044
f 3929//3929 3928//3928 4063//4063
f 3929//3929 4062//4062 3931//3931
f 4062//4062 3929//3929 4063//4063
f 5293//5293 5328//5328 3933//3933
f 3758//3758 3942//3942 3930//3930
f 3930//3930 3942//3942 4051//4051
f 3836//3836 3928//3928 3929//3929
f 3931//3931 3936//3936 3929//3929
f 3931//3931 3940//3940 3936//3936
f 3933//3933 3940//3940 5293//5293
f 4071//4071 3942//3942 3932//3932
f 3941//3941 3932//3932 3942//3942
f 5294//5294 5338//5338 3934//3934
f 5339//5339 3932//3932 5295//5295
f 3935//3935 3840//3840 3936//3936
f 3935//3935 3760//3760 3840//3840
f 3943//3943 5296//5296 5297//5297
f 3943//3943 5283//5283 5296//5296
f 5297//5297 3938//3938 3943//3943
f 3939//3939 5304//5304 5299//5299
f 3936//3936 3940//3940 5300//5300
f 3942//3942 3939//3939 3937//3937
f 5298//5298 3939//3939 5299//5299
f 3933//3933 5301//5301 3940//3940
f 3940//3940 5301//5301 5300//5300
f 3941//3941 3942//3942 3937//3937
f 5295//5295 3932//3932 3941//3941
f 5294//5294 3934//3934 5302//5302
f 5303//5303 5298//5298 5299//5299
f 3942//3942 5285//5285 3939//3939
f 3846//3846 5282//5282 5305//5305
f 3939//3939 5285//5285 5304//5304
f 3944//3944 3945//3945 3856//3856
f 3855//3855 3945//3945 3944//3944
f 3851//3851 3945//3945 3855//3855
f 5286//5286 3969//3969 3945//3945
f 3857//3857 3947//3947 3946//3946
f 4074//4074 3946//3946 3947//3947
f 3857//3857 3856//3856 3947//3947
f 3948//3948 3951//3951 3949//3949
f 3949//3949 5287//5287 3948//3948
f 3951//3951 3948//3948 3950//3950
f 3951//3951 3954//3954 3949//3949
f 3948//3948 3946//3946 3950//3950
f 3950//3950 3952//3952 3951//3951
f 3951//3951 3955//3955 3954//3954
f 3946//3946 3952//3952 3950//3950
f 3952//3952 3956//3956 3951//3951
f 3951//3951 3956//3956 3955//3955
f 4074//4074 3956//3956 3946//3946
f 3946//3946 3956//3956 3952//3952
f 3859//3859 3957//3957 3953//3953
f 3949//3949 3954//3954 5287//5287
f 5287//5287 3954//3954 3957//3957
f 3959//3959 3957//3957 3954//3954
f 3955//3955 3959//3959 3954//3954
f 3955//3955 3956//3956 3959//3959
f 3958//3958 3862//3862 3957//3957
f 3960//3960 3957//3957 3959//3959
f 3861//3861 4075//4075 3962//3962
f 5288//5288 3862//3862 5340//5340
f 3960//3960 3958//3958 3957//3957
f 3958//3958 5341//5341 3862//3862
f 3871//3871 3865//3865 3961//3961
f 3961//3961 3865//3865 3962//3962
f 3963//3963 3961//3961 3962//3962
f 3871//3871 3961//3961 3963//3963
f 3964//3964 3963//3963 3962//3962
f 3965//3965 3966//3966 3969//3969
f 3966//3966 3965//3965 3977//3977
f 3966//3966 3977//3977 3967//3967
f 3977//3977 3968//3968 3967//3967
f 3967//3967 3969//3969 3966//3966
f 4094//4094 3968//3968 3978//3978
f 3969//3969 3967//3967 4084//4084
f 3871//3871 3970//3970 3971//3971
f 3972//3972 3970//3970 3871//3871
f 3871//3871 3963//3963 3972//3972
f 3970//3970 3972//3972 3973//3973
f 3971//3971 3970//3970 3973//3973
f 3971//3971 3973//3973 3974//3974
f 3972//3972 3963//3963 3973//3973
f 3964//3964 3973//3973 3963//3963
f 3973//3973 4087//4087 3974//3974
f 4087//4087 4088//4088 3974//3974
f 3973//3973 3964//3964 3975//3975
f 3964//3964 4086//4086 3975//3975
f 4086//4086 4085//4085 3975//3975
f 3974//3974 3976//3976 3873//3873
f 3873//3873 3976//3976 3872//3872
f 3974//3974 4088//4088 3976//3976
f 3975//3975 4085//4085 3973//3973
f 5306//5306 3877//3877 3874//3874
f 4098//4098 3874//3874 3976//3976
f 3968//3968 3987//3987 3978//3978
f 3979//3979 3978//3978 3987//3987
f 3978//3978 3979//3979 4093//4093
f 4093//4093 3979//3979 4091//4091
f 3979//3979 5307//5307 4091//4091
f 3981//3981 3985//3985 3982//3982
f 3983//3983 3986//3986 3981//3981
f 3986//3986 3985//3985 3981//3981
f 3874//3874 3983//3983 5306//5306
f 3874//3874 4096//4096 3983//3983
f 4096//4096 3874//3874 4098//4098
f 3983//3983 4096//4096 3986//3986
f 4097//4097 3985//3985 3986//3986
f 4097//4097 3984//3984 3985//3985
f 4106//4106 3984//3984 4097//4097
f 3968//3968 3885//3885 3987//3987
f 3987//3987 3988//3988 4092//4092
f 3994//3994 3997//3997 3989//3989
f 3994//3994 3989//3989 4103//4103
f 4103//4103 3989//3989 4105//4105
f 3989//3989 4104//4104 4105//4105
f 3989//3989 3997//3997 4109//4109
f 3991//3991 3990//3990 3889//3889
f 3991//3991 3881//3881 4106//4106
f 3984//3984 4106//4106 3881//3881
f 3990//3990 3992//3992 4001//4001
f 3990//3990 3991//3991 3992//3992
f 3992//3992 3991//3991 4106//4106
f 3994//3994 3988//3988 3892//3892
f 3993//3993 3892//3892 3995//3995
f 3994//3994 3993//3993 3996//3996
f 3994//3994 3996//3996 3997//3997
f 3993//3993 3998//3998 3996//3996
f 3995//3995 3998//3998 3993//3993
f 3997//3997 3996//3996 3998//3998
f 3997//3997 3998//3998 4109//4109
f 3995//3995 3893//3893 3999//3999
f 3995//3995 3999//3999 4108//4108
f 3999//3999 3893//3893 4110//4110
f 4111//4111 4110//4110 4008//4008
f 4111//4111 4112//4112 4110//4110
f 5309//5309 4000//4000 5308//5308
f 4002//4002 4000//4000 5309//5309
f 3898//3898 4000//4000 4002//4002
f 3899//3899 4002//4002 4020//4020
f 4110//4110 4003//4003 4008//4008
f 4003//4003 3904//3904 4005//4005
f 3904//3904 5310//5310 4005//4005
f 5310//5310 4009//4009 4006//4006
f 4009//4009 4004//4004 3905//3905
f 4003//4003 4005//4005 4007//4007
f 4005//4005 5310//5310 4007//4007
f 4007//4007 5310//5310 4006//4006
f 4003//4003 4007//4007 4008//4008
f 4008//4008 4012//4012 4111//4111
f 4008//4008 4007//4007 4012//4012
f 4012//4012 4112//4112 4111//4111
f 4009//4009 3905//3905 3911//3911
f 3911//3911 4013//4013 4015//4015
f 3911//3911 4014//4014 4013//4013
f 4009//4009 3911//3911 4015//4015
f 4009//4009 4007//4007 4006//4006
f 4015//4015 4019//4019 4010//4010
f 4015//4015 4010//4010 4009//4009
f 4007//4007 4009//4009 4011//4011
f 4010//4010 4011//4011 4009//4009
f 4010//4010 4019//4019 4011//4011
f 4011//4011 4115//4115 4007//4007
f 4019//4019 4115//4115 4011//4011
f 4018//4018 4115//4115 4019//4019
f 4115//4115 4012//4012 4007//4007
f 4015//4015 4013//4013 4014//4014
f 4015//4015 4014//4014 4016//4016
f 4116//4116 4016//4016 4014//4014
f 4019//4019 4015//4015 4017//4017
f 4016//4016 4017//4017 4015//4015
f 4018//4018 4019//4019 4017//4017
f 4016//4016 4018//4018 4017//4017
f 4116//4116 4018//4018 4016//4016
f 4018//4018 4116//4116 4114//4114
f 4115//4115 4018//4018 4114//4114
f 4116//4116 3815//3815 4117//4117
f 3815//3815 3915//3915 4117//4117
f 4020//4020 4022//4022 3908//3908
f 4022//4022 4020//4020 4002//4002
f 4120//4120 4023//4023 4021//4021
f 4025//4025 4024//4024 3914//3914
f 4025//4025 3914//3914 4023//4023
f 4023//4023 4121//4121 4025//4025
f 4122//4122 4023//4023 4120//4120
f 4023//4023 4122//4122 4121//4121
f 3720//3720 4189//4189 3915//3915
f 3640//3640 3830//3830 4276//4276
f 3720//3720 3640//3640 4276//4276
f 4026//4026 3918//3918 4024//4024
f 4026//4026 4024//4024 4025//4025
f 4026//4026 4028//4028 3918//3918
f 4026//4026 4030//4030 4028//4028
f 3922//3922 4027//4027 4032//4032
f 3918//3918 4028//4028 4029//4029
f 4029//4029 4027//4027 3920//3920
f 4029//4029 4028//4028 4030//4030
f 4030//4030 4031//4031 4029//4029
f 4031//4031 4027//4027 4029//4029
f 4031//4031 4030//4030 4026//4026
f 4032//4032 4027//4027 4031//4031
f 4026//4026 4032//4032 4031//4031
f 4032//4032 4026//4026 4125//4125
f 4126//4126 3922//3922 4032//4032
f 4128//4128 4033//4033 4126//4126
f 4033//4033 3818//3818 4126//4126
f 4034//4034 3818//3818 4033//4033
f 4035//4035 3924//3924 4034//4034
f 4130//4130 4034//4034 4033//4033
f 4035//4035 4038//4038 3924//3924
f 4131//4131 4035//4035 4034//4034
f 4036//4036 4038//4038 4035//4035
f 4037//4037 4140//4140 4036//4036
f 4136//4136 4036//4036 4035//4035
f 4136//4136 4037//4037 4036//4036
f 4136//4136 4035//4035 4134//4134
f 4136//4136 4142//4142 4037//4037
f 4037//4037 4142//4142 4140//4140
f 4036//4036 4140//4140 4038//4038
f 4141//4141 4038//4038 4140//4140
f 4038//4038 4144//4144 4040//4040
f 4043//4043 4038//4038 4040//4040
f 4144//4144 4038//4038 4141//4141
f 4144//4144 4143//4143 4040//4040
f 4040//4040 4143//4143 4043//4043
f 3833//3833 4041//4041 3925//3925
f 4276//4276 3925//3925 4039//4039
f 4039//4039 3925//3925 4041//4041
f 4042//4042 4039//4039 4041//4041
f 4041//4041 3927//3927 4042//4042
f 3927//3927 4146//4146 4042//4042
f 4047//4047 4044//4044 4045//4045
f 4045//4045 4044//4044 4148//4148
f 4044//4044 4147//4147 4148//4148
f 4043//4043 4147//4147 4044//4044
f 4045//4045 4159//4159 4047//4047
f 4143//4143 4147//4147 4043//4043
f 4045//4045 4148//4148 4159//4159
f 3930//3930 4146//4146 3927//3927
f 3930//3930 4157//4157 4146//4146
f 4051//4051 4157//4157 3930//3930
f 3928//3928 4046//4046 4048//4048
f 4048//4048 4054//4054 4049//4049
f 4051//4051 4061//4061 5312//5312
f 5313//5313 5325//5325 5311//5311
f 4060//4060 5311//5311 5325//5325
f 4047//4047 4050//4050 4046//4046
f 4050//4050 4054//4054 4046//4046
f 4048//4048 4046//4046 4054//4054
f 4055//4055 5312//5312 5315//5315
f 4055//4055 4051//4051 5312//5312
f 4047//4047 4159//4159 4052//4052
f 4052//4052 4050//4050 4047//4047
f 4050//4050 4053//4053 4054//4054
f 4052//4052 4053//4053 4050//4050
f 4052//4052 4160//4160 4053//4053
f 4052//4052 4159//4159 4160//4160
f 4160//4160 4166//4166 4053//4053
f 4161//4161 5316//5316 5314//5314
f 5314//5314 5358//5358 4161//4161
f 4157//4157 4055//4055 4162//4162
f 4157//4157 4051//4051 4055//4055
f 5350//5350 5319//5319 5317//5317
f 5351//5351 5318//5318 5348//5348
f 4057//4057 4056//4056 4058//4058
f 5321//5321 5322//5322 5320//5320
f 3942//3942 4065//4065 4051//4051
f 5323//5323 3928//3928 4048//4048
f 4061//4061 4059//4059 4070//4070
f 5324//5324 5326//5326 4069//4069
f 5333//5333 5327//5327 5337//5337
f 4061//4061 4051//4051 4059//4059
f 4066//4066 5329//5329 4067//4067
f 5332//5332 4062//4062 4063//4063
f 5329//5329 4066//4066 5294//5294
f 4063//4063 4064//4064 5332//5332
f 4071//4071 5331//5331 4065//4065
f 3928//3928 5323//5323 5334//5334
f 3928//3928 5335//5335 4063//4063
f 4063//4063 5335//5335 4064//4064
f 4051//4051 4065//4065 4059//4059
f 4066//4066 5330//5330 5336//5336
f 4066//4066 4067//4067 5330//5330
f 4059//4059 4068//4068 4070//4070
f 4070//4070 4068//4068 5336//5336
f 4068//4068 4059//4059 4065//4065
f 5331//5331 4068//4068 4065//4065
f 5336//5336 4068//4068 4066//4066
f 4065//4065 3942//3942 4071//4071
f 4066//4066 5338//5338 5294//5294
f 3945//3945 4072//4072 3856//3856
f 3969//3969 4072//4072 3945//3945
f 3969//3969 4084//4084 4072//4072
f 4084//4084 4169//4169 4072//4072
f 3856//3856 4072//4072 4169//4169
f 4074//4074 3947//3947 4170//4170
f 3856//3856 4073//4073 3947//3947
f 4073//4073 3856//3856 4169//4169
f 3947//3947 4073//4073 4170//4170
f 3956//3956 4171//4171 3959//3959
f 3956//3956 4074//4074 4171//4171
f 4171//4171 4074//4074 4170//4170
f 3959//3959 4172//4172 3960//3960
f 4171//4171 4172//4172 3959//3959
f 3960//3960 4075//4075 3958//3958
f 3960//3960 4172//4172 4075//4075
f 4075//4075 4077//4077 3962//3962
f 4077//4077 4076//4076 3962//3962
f 3962//3962 4076//4076 3964//3964
f 4078//4078 4076//4076 4077//4077
f 3964//3964 4076//4076 4078//4078
f 4077//4077 4081//4081 4078//4078
f 4075//4075 4079//4079 4077//4077
f 4077//4077 4079//4079 4081//4081
f 4081//4081 4079//4079 4082//4082
f 4079//4079 4075//4075 4082//4082
f 4080//4080 3964//3964 4078//4078
f 4086//4086 3964//3964 4080//4080
f 4078//4078 4081//4081 4080//4080
f 4086//4086 4080//4080 4090//4090
f 4081//4081 4083//4083 4080//4080
f 4083//4083 4090//4090 4080//4080
f 4081//4081 4082//4082 4083//4083
f 4075//4075 4174//4174 4082//4082
f 4082//4082 4174//4174 4083//4083
f 4084//4084 3967//3967 3968//3968
f 4084//4084 3968//3968 4094//4094
f 4085//4085 4087//4087 3973//3973
f 4087//4087 4085//4085 4089//4089
f 4086//4086 4089//4089 4085//4085
f 4086//4086 4090//4090 4089//4089
f 4089//4089 4177//4177 4087//4087
f 4098//4098 3976//3976 4088//4088
f 4088//4088 4178//4178 4179//4179
f 4178//4178 4088//4088 4087//4087
f 4179//4179 4098//4098 4088//4088
f 4093//4093 4094//4094 3978//3978
f 4093//4093 4091//4091 4092//4092
f 4091//4091 5307//5307 4092//4092
f 4092//4092 3988//3988 4095//4095
f 4092//4092 4095//4095 4093//4093
f 4093//4093 4095//4095 4094//4094
f 3986//3986 4096//4096 4097//4097
f 4100//4100 4106//4106 4097//4097
f 4096//4096 4098//4098 4099//4099
f 4096//4096 4099//4099 4097//4097
f 4099//4099 4100//4100 4097//4097
f 4101//4101 4100//4100 4099//4099
f 4106//4106 4100//4100 4101//4101
f 4098//4098 4101//4101 4099//4099
f 4102//4102 4106//4106 4101//4101
f 4098//4098 4102//4102 4101//4101
f 4098//4098 4179//4179 4102//4102
f 4107//4107 4106//4106 4102//4102
f 4107//4107 4102//4102 4180//4180
f 4095//4095 3994//3994 4103//4103
f 4095//4095 3988//3988 3994//3994
f 3989//3989 4109//4109 4104//4104
f 4105//4105 4095//4095 4103//4103
f 4104//4104 4109//4109 4184//4184
f 4104//4104 4184//4184 4105//4105
f 3992//3992 4106//4106 4107//4107
f 3998//3998 3995//3995 4109//4109
f 4108//4108 4109//4109 3995//3995
f 4108//4108 3999//3999 4110//4110
f 4109//4109 4108//4108 4110//4110
f 4187//4187 4109//4109 4110//4110
f 4113//4113 4187//4187 4110//4110
f 4113//4113 4185//4185 4187//4187
f 4114//4114 4116//4116 4186//4186
f 4186//4186 4116//4116 4265//4265
f 4116//4116 4117//4117 4265//4265
f 4265//4265 4117//4117 4266//4266
f 4266//4266 3915//3915 4189//4189
f 4001//4001 3992//3992 4190//4190
f 4190//4190 4119//4119 4001//4001
f 4119//4119 4118//4118 5309//5309
f 3992//3992 4191//4191 4190//4190
f 4002//4002 5309//5309 4118//4118
f 4112//4112 4012//4012 4113//4113
f 4113//4113 4012//4012 4115//4115
f 4113//4113 4110//4110 4112//4112
f 4114//4114 4113//4113 4115//4115
f 4266//4266 4117//4117 3915//3915
f 4276//4276 4189//4189 3720//3720
f 4002//4002 4193//4193 4022//4022
f 4118//4118 4193//4193 4002//4002
f 4120//4120 4021//4021 4022//4022
f 4193//4193 4118//4118 4119//4119
f 4193//4193 4120//4120 4022//4022
f 4193//4193 4123//4123 4120//4120
f 4122//4122 4196//4196 4121//4121
f 4122//4122 4120//4120 4123//4123
f 4122//4122 4123//4123 4196//4196
f 4121//4121 4196//4196 4025//4025
f 4193//4193 4195//4195 4123//4123
f 4025//4025 4124//4124 4026//4026
f 4026//4026 4124//4124 4125//4125
f 4196//4196 4124//4124 4025//4025
f 4125//4125 4124//4124 4199//4199
f 4127//4127 4126//4126 4032//4032
f 4127//4127 4032//4032 4125//4125
f 4127//4127 4125//4125 4204//4204
f 4128//4128 4126//4126 4129//4129
f 4129//4129 4126//4126 4209//4209
f 4210//4210 4209//4209 4126//4126
f 4129//4129 4214//4214 4128//4128
f 4034//4034 4130//4130 4131//4131
f 4033//4033 4132//4132 4130//4130
f 4131//4131 4135//4135 4035//4035
f 4216//4216 4131//4131 4133//4133
f 4135//4135 4131//4131 4216//4216
f 4132//4132 4131//4131 4130//4130
f 4132//4132 4133//4133 4131//4131
f 4135//4135 4134//4134 4035//4035
f 4135//4135 4138//4138 4134//4134
f 4137//4137 4142//4142 4136//4136
f 4134//4134 4137//4137 4136//4136
f 4138//4138 4137//4137 4134//4134
f 4135//4135 4216//4216 4138//4138
f 4138//4138 4139//4139 4137//4137
f 4220//4220 4142//4142 4137//4137
f 4139//4139 4138//4138 4216//4216
f 4220//4220 4137//4137 4139//4139
f 4223//4223 4140//4140 4142//4142
f 4223//4223 4141//4141 4140//4140
f 4039//4039 4042//4042 4219//4219
f 4042//4042 4146//4146 4219//4219
f 4144//4144 4149//4149 4143//4143
f 4147//4147 4143//4143 4149//4149
f 4141//4141 4145//4145 4144//4144
f 4145//4145 4149//4149 4144//4144
f 4223//4223 4145//4145 4141//4141
f 4145//4145 4245//4245 4150//4150
f 4245//4245 4154//4154 4150//4150
f 4245//4245 4246//4246 4154//4154
f 4147//4147 4150//4150 4148//4148
f 4150//4150 4147//4147 4149//4149
f 4151//4151 4148//4148 4150//4150
f 4148//4148 4151//4151 4167//4167
f 4149//4149 4145//4145 4150//4150
f 4152//4152 4167//4167 4151//4151
f 5342//5342 5345//5345 5343//5343
f 4146//4146 4157//4157 4158//4158
f 4151//4151 4150//4150 4152//4152
f 4153//4153 4158//4158 5344//5344
f 4146//4146 4158//4158 4153//4153
f 4153//4153 4155//4155 4146//4146
f 4155//4155 4153//4153 4156//4156
f 4153//4153 5344//5344 4156//4156
f 5346//5346 5343//5343 5345//5345
f 4159//4159 4148//4148 4163//4163
f 4159//4159 4166//4166 4160//4160
f 5359//5359 4162//4162 5349//5349
f 4148//4148 4167//4167 4163//4163
f 5352//5352 5361//5361 4168//4168
f 4168//4168 4164//4164 5352//5352
f 4163//4163 5353//5353 4159//4159
f 4158//4158 4157//4157 4165//4165
f 4158//4158 4165//4165 5364//5364
f 5365//5365 5356//5356 5354//5354
f 4166//4166 4159//4159 5353//5353
f 5360//5360 5355//5355 5357//5357
f 4165//4165 4157//4157 4162//4162
f 5359//5359 4165//4165 4162//4162
f 5344//5344 4158//4158 5362//5362
f 5363//5363 4158//4158 5364//5364
f 4084//4084 4176//4176 4169//4169
f 4073//4073 4257//4257 4170//4170
f 4169//4169 4257//4257 4073//4073
f 4169//4169 4256//4256 4257//4257
f 4256//4256 4169//4169 4259//4259
f 4259//4259 4169//4169 4176//4176
f 4171//4171 4170//4170 4258//4258
f 4257//4257 4258//4258 4170//4170
f 4171//4171 4258//4258 4172//4172
f 4173//4173 4075//4075 4172//4172
f 4173//4173 4172//4172 4327//4327
f 4258//4258 4327//4327 4172//4172
f 4175//4175 4075//4075 4173//4173
f 4075//4075 4175//4175 4174//4174
f 4173//4173 4337//4337 4175//4175
f 4337//4337 4173//4173 4327//4327
f 4083//4083 4174//4174 4090//4090
f 4175//4175 4177//4177 4174//4174
f 4084//4084 4094//4094 4176//4176
f 4094//4094 4095//4095 4176//4176
f 4176//4176 4095//4095 4259//4259
f 4177//4177 4089//4089 4090//4090
f 4177//4177 4178//4178 4087//4087
f 4174//4174 4177//4177 4090//4090
f 4175//4175 4178//4178 4177//4177
f 4260//4260 4178//4178 4175//4175
f 4178//4178 4260//4260 4179//4179
f 4338//4338 4261//4261 4175//4175
f 4095//4095 4184//4184 4263//4263
f 4095//4095 4105//4105 4184//4184
f 4259//4259 4095//4095 4263//4263
f 4179//4179 4180//4180 4102//4102
f 4180//4180 4179//4179 4182//4182
f 4269//4269 4180//4180 4182//4182
f 4107//4107 4180//4180 4183//4183
f 4268//4268 4180//4180 4269//4269
f 4181//4181 4180//4180 4268//4268
f 4183//4183 4180//4180 4181//4181
f 4183//4183 4181//4181 4274//4274
f 4181//4181 4268//4268 4274//4274
f 4184//4184 4109//4109 4187//4187
f 4187//4187 4185//4185 4184//4184
f 4185//4185 4273//4273 4184//4184
f 4273//4273 4185//4185 4188//4188
f 4183//4183 4275//4275 4107//4107
f 4274//4274 4275//4275 4183//4183
f 4107//4107 4275//4275 4277//4277
f 4114//4114 4186//4186 4188//4188
f 4114//4114 4188//4188 4113//4113
f 4188//4188 4185//4185 4113//4113
f 4189//4189 4276//4276 4267//4267
f 4191//4191 4119//4119 4190//4190
f 4107//4107 4191//4191 3992//3992
f 4107//4107 4278//4278 4191//4191
f 4278//4278 4192//4192 4191//4191
f 4119//4119 4280//4280 4193//4193
f 4119//4119 4192//4192 4280//4280
f 4192//4192 4119//4119 4191//4191
f 4192//4192 4279//4279 4280//4280
f 4193//4193 4194//4194 4195//4195
f 4193//4193 4280//4280 4194//4194
f 4196//4196 4123//4123 4197//4197
f 4195//4195 4197//4197 4123//4123
f 4280//4280 4281//4281 4194//4194
f 4281//4281 4195//4195 4194//4194
f 4195//4195 4281//4281 4283//4283
f 4196//4196 4197//4197 4124//4124
f 4198//4198 4284//4284 4124//4124
f 4124//4124 4197//4197 4198//4198
f 4283//4283 4197//4197 4195//4195
f 4197//4197 4283//4283 4198//4198
f 4200//4200 4199//4199 4124//4124
f 4203//4203 4199//4199 4200//4200
f 4285//4285 4200//4200 4124//4124
f 4200//4200 4285//4285 4203//4203
f 4125//4125 4199//4199 4202//4202
f 4125//4125 4202//4202 4201//4201
f 4203//4203 4202//4202 4199//4199
f 4203//4203 4287//4287 4202//4202
f 4284//4284 4285//4285 4124//4124
f 4287//4287 4203//4203 4285//4285
f 4202//4202 4206//4206 4201//4201
f 4202//4202 4287//4287 4206//4206
f 4201//4201 4204//4204 4125//4125
f 4201//4201 4205//4205 4204//4204
f 4127//4127 4210//4210 4126//4126
f 4204//4204 4205//4205 4127//4127
f 4205//4205 4210//4210 4127//4127
f 4201//4201 4207//4207 4205//4205
f 4207//4207 4201//4201 4206//4206
f 4276//4276 4039//4039 4208//4208
f 4205//4205 4212//4212 4210//4210
f 4207//4207 5366//5366 4205//4205
f 4213//4213 4214//4214 4129//4129
f 4209//4209 4213//4213 4129//4129
f 4213//4213 4209//4209 4210//4210
f 4212//4212 4213//4213 4210//4210
f 4211//4211 4213//4213 4212//4212
f 5366//5366 4207//4207 4289//4289
f 4289//4289 4211//4211 4212//4212
f 4213//4213 4211//4211 4214//4214
f 4214//4214 4211//4211 4289//4289
f 4295//4295 4208//4208 4219//4219
f 4033//4033 4128//4128 4132//4132
f 4217//4217 4216//4216 4133//4133
f 4128//4128 4215//4215 4132//4132
f 4132//4132 4217//4217 4133//4133
f 4214//4214 4215//4215 4128//4128
f 4215//4215 4217//4217 4132//4132
f 4312//4312 4215//4215 4214//4214
f 4312//4312 4218//4218 4215//4215
f 4208//4208 4039//4039 4219//4219
f 4295//4295 4219//4219 4294//4294
f 4216//4216 4217//4217 4139//4139
f 4217//4217 4220//4220 4139//4139
f 4220//4220 4217//4217 4221//4221
f 4217//4217 4215//4215 4218//4218
f 4239//4239 4222//4222 4217//4217
f 4217//4217 4218//4218 4239//4239
f 4218//4218 4310//4310 4239//4239
f 5395//5395 5446//5446 4314//4314
f 4238//4238 5396//5396 5449//5449
f 4219//4219 4313//4313 4311//4311
f 4313//4313 5394//5394 5450//5450
f 4220//4220 4221//4221 4142//4142
f 4221//4221 4223//4223 4142//4142
f 4224//4224 4223//4223 4221//4221
f 4231//4231 4219//4219 4146//4146
f 4217//4217 4222//4222 4221//4221
f 4222//4222 4232//4232 4221//4221
f 4221//4221 4232//4232 4224//4224
f 4313//4313 4219//4219 4240//4240
f 5394//5394 4313//4313 4240//4240
f 4224//4224 4230//4230 4223//4223
f 4219//4219 4231//4231 4226//4226
f 4231//4231 4229//4229 4226//4226
f 4244//4244 4223//4223 4230//4230
f 5377//5377 5398//5398 5367//5367
f 4225//4225 5367//5367 5398//5398
f 4240//4240 4219//4219 4226//4226
f 4240//4240 4226//4226 5368//5368
f 5367//5367 4225//4225 4227//4227
f 5369//5369 5368//5368 4226//4226
f 4234//4234 4233//4233 4228//4228
f 5370//5370 5379//5379 4237//4237
f 5369//5369 4226//4226 4229//4229
f 5382//5382 5371//5371 4236//4236
f 4227//4227 5373//5373 5367//5367
f 5388//5388 5372//5372 5391//5391
f 5373//5373 5374//5374 5367//5367
f 5374//5374 5373//5373 5375//5375
f 5404//5404 5374//5374 5375//5375
f 4252//4252 4255//4255 4231//4231
f 5376//5376 5423//5423 5405//5405
f 4232//4232 4222//4222 4239//4239
f 5399//5399 5378//5378 5397//5397
f 5380//5380 5383//5383 4235//4235
f 5392//5392 5381//5381 5385//5385
f 5386//5386 5384//5384 5389//5389
f 5393//5393 5387//5387 5390//5390
f 4238//4238 5400//5400 5396//5396
f 4242//4242 4241//4241 4243//4243
f 5402//5402 5403//5403 5401//5401
f 4223//4223 4244//4244 4250//4250
f 5412//5412 5406//5406 5424//5424
f 4245//4245 4145//4145 4223//4223
f 4231//4231 4146//4146 4252//4252
f 4246//4246 4247//4247 5346//5346
f 4246//4246 5346//5346 5345//5345
f 4245//4245 4251//4251 4249//4249
f 4249//4249 4246//4246 4245//4245
f 4247//4247 4246//4246 4249//4249
f 4254//4254 4248//4248 5410//5410
f 5411//5411 5408//5408 5407//5407
f 4252//4252 4146//4146 5409//5409
f 4252//4252 5409//5409 5420//5420
f 5407//5407 5408//5408 5347//5347
f 4250//4250 4245//4245 4223//4223
f 4250//4250 4251//4251 4245//4245
f 4253//4253 4252//4252 5420//5420
f 4251//4251 5421//5421 4249//4249
f 5416//5416 5418//5418 5413//5413
f 5417//5417 5412//5412 5424//5424
f 5415//5415 5414//5414 5419//5419
f 5422//5422 5415//5415 5419//5419
f 4155//4155 5409//5409 4146//4146
f 4156//4156 5409//5409 4155//4155
f 4257//4257 4319//4319 4258//4258
f 4256//4256 4323//4323 4320//4320
f 4256//4256 4320//4320 4257//4257
f 4258//4258 4318//4318 4327//4327
f 4337//4337 4338//4338 4175//4175
f 4343//4343 4261//4261 4338//4338
f 4256//4256 4259//4259 4345//4345
f 4261//4261 4260//4260 4175//4175
f 4261//4261 4262//4262 4260//4260
f 4179//4179 4260//4260 4182//4182
f 4182//4182 4260//4260 4262//4262
f 4182//4182 4262//4262 4352//4352
f 4262//4262 4261//4261 4344//4344
f 4344//4344 4352//4352 4262//4262
f 4366//4366 4184//4184 4273//4273
f 4263//4263 4184//4184 4366//4366
f 4264//4264 4367//4367 4366//4366
f 4264//4264 4366//4366 4273//4273
f 4264//4264 4369//4369 4367//4367
f 4265//4265 4321//4321 4346//4346
f 4265//4265 4346//4346 4186//4186
f 4346//4346 4264//4264 4186//4186
f 4346//4346 4369//4369 4264//4264
f 4266//4266 4321//4321 4265//4265
f 4342//4342 4328//4328 4267//4267
f 4182//4182 4270//4270 4269//4269
f 4270//4270 4272//4272 4269//4269
f 4271//4271 4270//4270 4182//4182
f 4272//4272 4270//4270 4271//4271
f 4188//4188 4186//4186 4264//4264
f 4264//4264 4273//4273 4188//4188
f 4266//4266 4189//4189 4328//4328
f 4328//4328 4189//4189 4267//4267
f 4267//4267 4276//4276 4342//4342
f 4278//4278 4107//4107 4277//4277
f 4277//4277 4403//4403 4278//4278
f 4275//4275 4403//4403 4277//4277
f 4192//4192 4278//4278 4279//4279
f 4278//4278 4411//4411 4279//4279
f 4280//4280 4279//4279 4411//4411
f 4411//4411 4278//4278 4403//4403
f 4411//4411 4424//4424 4280//4280
f 4281//4281 4280//4280 4282//4282
f 4282//4282 4283//4283 4281//4281
f 4424//4424 4282//4282 4280//4280
f 4429//4429 4282//4282 4424//4424
f 4428//4428 4276//4276 4208//4208
f 4286//4286 4198//4198 4283//4283
f 4441//4441 4286//4286 4282//4282
f 4286//4286 4283//4283 4282//4282
f 4198//4198 4286//4286 4284//4284
f 4286//4286 4285//4285 4284//4284
f 4286//4286 4450//4450 4288//4288
f 4286//4286 4288//4288 4285//4285
f 4288//4288 4287//4287 4285//4285
f 4455//4455 4288//4288 4450//4450
f 4287//4287 4288//4288 4454//4454
f 4207//4207 4206//4206 4290//4290
f 4287//4287 4454//4454 4461//4461
f 4206//4206 4466//4466 4290//4290
f 4206//4206 4461//4461 4466//4466
f 4206//4206 4287//4287 4461//4461
f 4466//4466 4291//4291 4290//4290
f 4466//4466 4467//4467 4291//4291
f 4452//4452 4208//4208 4295//4295
f 4207//4207 4290//4290 4289//4289
f 4293//4293 4289//4289 4290//4290
f 4293//4293 4290//4290 4291//4291
f 4289//4289 4293//4293 4292//4292
f 4289//4289 4292//4292 4296//4296
f 4292//4292 4293//4293 4305//4305
f 4291//4291 4305//4305 4293//4293
f 5427//5427 5439//5439 5425//5425
f 4295//4295 4294//4294 4468//4468
f 5425//5425 5606//5606 5427//5427
f 4289//4289 4296//4296 4214//4214
f 4214//4214 4296//4296 4307//4307
f 4296//4296 4292//4292 4297//4297
f 4297//4297 4298//4298 4296//4296
f 4307//4307 4296//4296 4298//4298
f 4298//4298 4308//4308 4307//4307
f 4301//4301 4300//4300 4219//4219
f 4305//4305 4302//4302 4292//4292
f 4292//4292 4302//4302 4297//4297
f 5428//5428 5433//5433 4304//4304
f 5430//5430 5429//5429 5437//5437
f 5438//5438 4219//4219 4300//4300
f 4300//4300 4299//4299 5438//5438
f 5437//5437 5431//5431 5430//5430
f 5438//5438 4294//4294 4219//4219
f 4299//4299 4300//4300 4301//4301
f 5431//5431 5432//5432 5430//5430
f 5443//5443 5430//5430 5432//5432
f 5440//5440 4306//4306 5434//5434
f 5442//5442 4294//4294 4303//4303
f 5436//5436 5434//5434 4306//4306
f 4303//4303 5438//5438 5435//5435
f 4294//4294 5438//5438 4303//4303
f 5442//5442 5441//5441 4294//4294
f 4315//4315 4312//4312 4214//4214
f 4214//4214 4307//4307 4315//4315
f 4308//4308 5452//5452 4307//4307
f 5452//5452 4308//4308 4309//4309
f 5443//5443 5432//5432 5444//5444
f 5445//5445 4301//4301 4219//4219
f 4310//4310 4218//4218 4312//4312
f 5445//5445 4219//4219 4311//4311
f 5451//5451 5448//5448 4317//4317
f 5451//5451 5447//5447 5448//5448
f 4313//4313 5454//5454 4311//4311
f 5450//5450 5454//5454 4313//4313
f 4311//4311 4316//4316 5445//5445
f 4312//4312 4315//4315 5455//5455
f 5456//5456 5452//5452 5453//5453
f 4316//4316 4311//4311 5454//5454
f 4309//4309 5453//5453 5452//5452
f 4329//4329 5457//5457 4326//4326
f 4332//4332 5457//5457 4329//4329
f 4345//4345 4323//4323 4256//4256
f 4320//4320 4319//4319 4257//4257
f 4323//4323 4345//4345 4349//4349
f 4319//4319 4325//4325 4258//4258
f 4258//4258 4325//4325 4318//4318
f 4319//4319 4320//4320 4325//4325
f 4325//4325 4320//4320 4326//4326
f 4322//4322 4320//4320 4323//4323
f 5458//5458 5459//5459 5461//5461
f 4321//4321 5459//5459 5460//5460
f 5461//5461 5459//5459 4321//4321
f 4321//4321 5460//5460 4324//4324
f 5460//5460 5472//5472 4324//4324
f 5457//5457 4325//4325 4326//4326
f 4318//4318 5463//5463 4327//4327
f 5461//5461 4321//4321 4328//4328
f 4336//4336 5462//5462 4328//4328
f 5462//5462 5461//5461 4330//4330
f 5461//5461 4328//4328 4330//4330
f 4330//4330 4328//4328 5462//5462
f 4327//4327 4331//4331 4337//4337
f 5463//5463 4333//4333 4327//4327
f 4327//4327 4333//4333 4331//4331
f 4333//4333 4339//4339 4331//4331
f 4331//4331 4339//4339 4337//4337
f 4332//4332 4335//4335 5464//5464
f 4335//4335 4334//4334 5464//5464
f 5464//5464 4334//4334 5467//5467
f 4335//4335 4332//4332 4329//4329
f 5462//5462 4336//4336 5466//5466
f 5466//5466 4336//4336 5465//5465
f 4336//4336 4342//4342 5465//5465
f 4339//4339 4338//4338 4337//4337
f 4340//4340 4338//4338 4339//4339
f 4340//4340 4341//4341 4338//4338
f 4343//4343 4338//4338 4341//4341
f 4336//4336 4328//4328 4342//4342
f 5468//5468 5467//5467 4334//4334
f 4334//4334 4342//4342 5468//5468
f 5469//5469 5468//5468 4342//4342
f 4344//4344 4261//4261 4343//4343
f 5470//5470 5469//5469 4350//4350
f 5469//5469 4342//4342 4350//4350
f 4344//4344 4343//4343 4351//4351
f 5470//5470 4350//4350 5474//5474
f 4345//4345 4259//4259 4348//4348
f 4348//4348 4259//4259 4263//4263
f 4348//4348 4263//4263 4368//4368
f 4345//4345 4348//4348 4349//4349
f 4347//4347 4346//4346 4324//4324
f 5473//5473 4347//4347 4324//4324
f 5471//5471 4368//4368 4347//4347
f 5473//5473 5471//5471 4347//4347
f 4324//4324 4346//4346 4321//4321
f 4266//4266 4328//4328 4321//4321
f 4350//4350 4342//4342 4370//4370
f 4350//4350 4370//4370 4357//4357
f 5474//5474 4350//4350 4357//4357
f 4353//4353 4352//4352 4344//4344
f 4352//4352 4271//4271 4182//4182
f 4353//4353 4354//4354 4352//4352
f 4355//4355 4352//4352 4354//4354
f 4361//4361 4352//4352 4355//4355
f 4361//4361 4271//4271 4352//4352
f 4344//4344 4351//4351 4353//4353
f 5483//5483 5476//5476 5475//5475
f 4358//4358 5477//5477 5484//5484
f 5478//5478 5485//5485 5479//5479
f 5486//5486 4356//4356 5480//5480
f 4354//4354 5481//5481 4355//4355
f 4361//4361 4355//4355 5481//5481
f 5481//5481 4360//4360 4361//4361
f 4363//4363 4361//4361 4360//4360
f 5487//5487 4357//4357 4359//4359
f 5487//5487 4359//4359 5482//5482
f 5488//5488 5482//5482 4359//4359
f 5491//5491 5488//5488 4359//4359
f 5491//5491 4359//4359 4371//4371
f 4271//4271 4362//4362 4365//4365
f 4361//4361 4362//4362 4271//4271
f 5492//5492 4364//4364 5489//5489
f 5489//5489 4364//4364 5490//5490
f 5494//5494 5490//5490 4364//4364
f 5493//5493 5491//5491 4371//4371
f 4372//4372 5493//5493 4371//4371
f 5495//5495 5493//5493 4372//4372
f 4376//4376 5495//5495 4372//4372
f 4368//4368 4263//4263 4366//4366
f 4368//4368 4366//4366 4367//4367
f 4347//4347 4367//4367 4369//4369
f 4368//4368 4367//4367 4347//4347
f 4347//4347 4369//4369 4346//4346
f 4357//4357 4370//4370 4359//4359
f 4359//4359 4370//4370 4371//4371
f 4373//4373 4371//4371 4370//4370
f 4272//4272 4271//4271 4378//4378
f 4365//4365 4378//4378 4271//4271
f 4373//4373 4370//4370 4375//4375
f 4374//4374 5498//5498 5495//5495
f 4370//4370 4382//4382 4375//4375
f 4371//4371 4373//4373 4372//4372
f 4372//4372 4373//4373 5497//5497
f 4373//4373 4375//4375 5497//5497
f 4374//4374 5495//5495 4376//4376
f 4375//4375 4382//4382 5497//5497
f 4378//4378 4377//4377 4272//4272
f 4377//4377 4379//4379 4272//4272
f 4379//4379 4391//4391 4272//4272
f 4378//4378 5496//5496 4380//4380
f 4384//4384 4377//4377 4378//4378
f 4384//4384 4378//4378 4380//4380
f 4379//4379 4377//4377 4384//4384
f 4384//4384 4386//4386 4379//4379
f 4386//4386 4391//4391 4379//4379
f 4376//4376 5499//5499 4374//4374
f 4388//4388 4381//4381 4389//4389
f 4376//4376 4383//4383 5499//5499
f 5497//5497 4382//4382 5501//5501
f 5503//5503 5499//5499 4383//4383
f 4385//4385 5504//5504 5502//5502
f 5501//5501 4382//4382 5505//5505
f 5504//5504 4385//4385 5506//5506
f 4385//4385 4387//4387 5506//5506
f 4391//4391 4386//4386 4390//4390
f 5512//5512 5507//5507 5508//5508
f 4382//4382 4370//4370 4392//4392
f 4382//4382 4392//4392 5505//5505
f 5505//5505 4392//4392 5509//5509
f 5509//5509 4392//4392 4394//4394
f 5509//5509 4394//4394 5513//5513
f 5500//5500 5510//5510 5511//5511
f 5515//5515 5514//5514 5519//5519
f 4342//4342 4276//4276 4370//4370
f 4370//4370 4276//4276 4428//4428
f 4392//4392 4370//4370 4428//4428
f 4392//4392 4428//4428 4394//4394
f 4268//4268 4396//4396 4274//4274
f 4269//4269 4393//4393 4268//4268
f 4391//4391 4269//4269 4272//4272
f 4393//4393 4396//4396 4268//4268
f 4391//4391 4393//4393 4269//4269
f 4394//4394 4395//4395 5516//5516
f 5518//5518 5517//5517 5520//5520
f 4398//4398 5518//5518 5520//5520
f 4395//4395 4394//4394 5523//5523
f 4404//4404 4274//4274 4396//4396
f 4404//4404 4275//4275 4274//4274
f 4403//4403 4275//4275 4404//4404
f 5521//5521 5518//5518 4398//4398
f 5523//5523 4394//4394 4401//4401
f 4398//4398 4397//4397 5521//5521
f 4402//4402 5521//5521 4397//4397
f 4400//4400 4397//4397 4398//4398
f 5526//5526 4397//4397 4400//4400
f 5527//5527 4399//4399 5522//5522
f 5523//5523 4401//4401 4400//4400
f 4406//4406 5524//5524 5528//5528
f 4396//4396 4405//4405 4404//4404
f 4396//4396 5525//5525 4405//4405
f 4394//4394 4428//4428 4401//4401
f 4428//4428 4421//4421 4401//4401
f 4401//4401 4421//4421 4409//4409
f 4401//4401 5526//5526 4400//4400
f 5526//5526 4401//4401 5529//5529
f 4404//4404 4412//4412 4403//4403
f 4412//4412 4404//4404 4405//4405
f 5525//5525 4407//4407 4405//4405
f 4407//4407 4408//4408 4405//4405
f 4405//4405 4408//4408 4410//4410
f 4412//4412 4405//4405 4410//4410
f 5529//5529 4401//4401 4409//4409
f 4407//4407 5524//5524 4406//4406
f 4407//4407 4406//4406 4408//4408
f 5531//5531 5530//5530 4409//4409
f 5531//5531 4409//4409 5532//5532
f 5532//5532 4409//4409 4413//4413
f 5532//5532 4413//4413 4414//4414
f 5533//5533 5536//5536 5534//5534
f 4413//4413 4409//4409 4421//4421
f 4412//4412 4411//4411 4403//4403
f 4411//4411 5535//5535 4415//4415
f 5534//5534 5536//5536 5537//5537
f 5537//5537 5536//5536 4416//4416
f 4417//4417 5538//5538 5540//5540
f 4413//4413 4421//4421 4414//4414
f 5540//5540 4414//4414 4421//4421
f 5540//5540 4421//4421 4417//4417
f 4417//4417 4421//4421 4423//4423
f 4419//4419 4418//4418 4420//4420
f 5541//5541 4422//4422 5539//5539
f 5542//5542 5549//5549 5546//5546
f 5543//5543 5544//5544 5545//5545
f 4411//4411 5547//5547 4424//4424
f 5547//5547 4411//4411 4415//4415
f 4421//4421 4428//4428 4423//4423
f 4427//4427 5546//5546 5549//5549
f 4428//4428 4430//4430 4423//4423
f 4426//4426 4424//4424 4425//4425
f 5548//5548 4425//4425 4424//4424
f 5552//5552 4425//4425 5548//5548
f 4437//4437 5550//5550 5555//5555
f 4423//4423 4430//4430 5553//5553
f 4425//4425 5552//5552 4426//4426
f 5551//5551 5554//5554 5556//5556
f 4430//4430 4428//4428 4438//4438
f 4438//4438 4428//4428 4208//4208
f 4426//4426 4429//4429 4424//4424
f 5555//5555 5569//5569 4437//4437
f 4429//4429 4426//4426 5566//5566
f 5567//5567 4282//4282 4429//4429
f 4431//4431 4441//4441 4282//4282
f 4441//4441 4431//4431 4433//4433
f 4431//4431 4282//4282 5567//5567
f 4432//4432 4431//4431 5567//5567
f 4433//4433 4431//4431 4432//4432
f 5557//5557 5568//5568 4434//4434
f 4434//4434 5558//5558 5557//5557
f 4436//4436 4438//4438 4208//4208
f 4437//4437 5569//5569 5561//5561
f 5569//5569 5565//5565 5561//5561
f 4435//4435 5558//5558 4434//4434
f 5562//5562 5561//5561 5565//5565
f 4439//4439 5559//5559 5563//5563
f 5564//5564 4436//4436 5570//5570
f 5571//5571 5574//5574 5560//5560
f 4443//4443 4440//4440 4444//4444
f 5572//5572 4442//4442 5575//5575
f 5570//5570 4436//4436 5576//5576
f 4449//4449 5575//5575 4442//4442
f 5573//5573 5577//5577 5578//5578
f 4436//4436 4208//4208 5576//5576
f 4286//4286 4447//4447 4450//4450
f 4447//4447 4286//4286 4441//4441
f 4208//4208 4448//4448 4445//4445
f 4451//4451 4450//4450 4447//4447
f 5575//5575 4449//4449 5580//5580
f 5576//5576 4445//4445 5583//5583
f 5576//5576 4208//4208 4445//4445
f 5580//5580 4449//4449 4446//4446
f 5583//5583 4445//4445 5579//5579
f 5580//5580 4446//4446 5581//5581
f 5582//5582 5579//5579 4445//4445
f 5580//5580 5581//5581 5584//5584
f 4457//4457 4450//4450 4451//4451
f 5581//5581 4453//4453 5584//5584
f 4208//4208 4452//4452 4448//4448
f 4457//4457 4455//4455 4450//4450
f 4455//4455 4454//4454 4288//4288
f 4448//4448 4452//4452 4453//4453
f 4453//4453 4452//4452 4460//4460
f 4458//4458 5584//5584 4453//4453
f 5588//5588 5585//5585 5589//5589
f 4453//4453 4460//4460 4458//4458
f 4454//4454 4455//4455 4459//4459
f 5590//5590 4456//4456 5586//5586
f 5586//5586 4456//4456 4462//4462
f 4455//4455 4457//4457 4459//4459
f 5587//5587 5591//5591 4464//4464
f 5592//5592 5588//5588 5589//5589
f 5591//5591 4458//4458 4460//4460
f 4461//4461 5586//5586 4462//4462
f 4464//4464 4463//4463 5587//5587
f 5593//5593 5587//5587 4463//4463
f 4460//4460 4452//4452 4295//4295
f 4460//4460 4295//4295 5597//5597
f 5597//5597 4295//4295 5595//5595
f 5596//5596 4465//4465 5594//5594
f 4462//4462 5598//5598 4461//4461
f 5595//5595 4295//4295 5599//5599
f 4464//4464 5591//5591 4460//4460
f 5598//5598 4466//4466 4461//4461
f 5603//5603 5602//5602 5600//5600
f 5604//5604 5601//5601 5607//5607
f 5605//5605 5608//5608 5426//5426
f 5599//5599 4295//4295 4468//4468
